Lead_ID,Client_Name,Client_Company,Industry,Region,Product_Interest,Lead_Source,Touchpoint_Sequence,Converted
L020001,Chen Khan,Infineon GmbH,,,PathWave Software,Webinar,"['Whitepaper_Download_5G_Test', 'Keysight_University_Course', 'MQL', 'AutoSens_Tech_Talk', 'DesignCon_Booth_Visit', 'Keysight_University_Course', 'Customer']",1
L020002,Kenji Anders,Broad_Tech,Telecom,,Oscilloscopes,Event,"['Website_Product_Page', 'Keysight_University_Course', 'Lab_Integration_Discussion', 'Keysight_Workshop_RF_Testing', 'Keysight_Workshop_RF_Testing', 'No_Conversion']",0
L020003,Hiroshi Lee,Raytheon,,Europe,5G Testbeds,LinkedIn,"['IMS_Badge_Scan', 'Keysight_Workshop_RF_Testing', 'Oscilloscope_Selector_Tool', 'IMS_Badge_Scan', 'Website_Product_Page', 'Whitepaper_Download_5G_Test', 'Keysight_University_Course', 'Customer']",1
L020004,Sarah Ito,Tesla Energy GmbH,,North America,,LinkedIn,['Customer'],1
L020005,Michael Williams,Samsung Electronics,Telecom,,Oscilloscopes,Webinar,"['Lab_Integration_Discussion', 'Lab_Integration_Discussion', 'PathWave_Trial_Request', 'Customer']",1
L020006,Maria Lee,,Automotive,LATAM,,Email Campaign,"['PathWave_Trial_Request', 'LinkedIn_Ad_Click', 'Customer']",1
L020007,,,Semiconductor,APAC,Oscilloscopes,,"['Technical_Demo', 'MQL', 'Lab_Integration_Discussion', 'Keysight_Workshop_RF_Testing', 'AutoSens_Tech_Talk', 'IMS_Badge_Scan', 'Oscilloscope_Selector_Tool', 'Whitepaper_Download_5G_Test', 'IMS_Badge_Scan', 'No_Conversion']",0
L020008,Kenji Garcia,Sony_Tech,Telecom,,5G Testbeds,Email Campaign,"['SQL', 'Website_Product_Page', 'Whitepaper_Download_5G_Test', 'PathWave_Trial_Request', 'Customer']",1
L020009,,Sony GmbH,,Europe,,,"['DesignCon_Booth_Visit', 'Customer']",1
L020010,Daniel Khan,Raytheon GmbH,,,,,"['Application_Engineer_Call', 'PathWave_Trial_Request', 'Opportunity', 'Customer']",1
L020011,Chen Tanaka,Tesla Energy GmbH,Telecom,Europe,5G Testbeds,Webinar,"['Keysight_University_Course', 'No_Conversion']",0
L020012,Sarah Johnson,Bosch_Tech,,APAC,Oscilloscopes,Email Campaign,"['Website_Product_Page', 'DesignCon_Booth_Visit', 'No_Conversion']",0
L020013,Maria Anders,Samsu_Tech,,Europe,,Event,"['Website_Product_Page', 'Keysight_Workshop_RF_Testing', 'Opportunity', 'Technical_Demo', 'Whitepaper_Download_5G_Test', 'Customer']",1
L020014,,Qualcomm GmbH,Electronics,APAC,,Sales Outreach,"['Oscilloscope_Selector_Tool', 'Website_Product_Page', 'No_Conversion']",0
L020015,Ravi Patel,Qualcomm GmbH,,North America,Oscilloscopes,LinkedIn,"['LinkedIn_Ad_Click', 'Website_Product_Page', 'Technical_Demo', 'Oscilloscope_Selector_Tool', 'Keysight_University_Course', 'No_Conversion']",0
L020016,Daniel Anders,Meta Connectivity Labs GmbH,Semiconductor,,,Email Campaign,"['AutoSens_Tech_Talk', 'IMS_Badge_Scan', 'Technical_Demo', 'Technical_Demo', 'Customer']",1
L020017,Michael Martinez,Rayth_Tech,,,Automotive Ethernet,Webinar,"['Website_Product_Page', 'Oscilloscope_Selector_Tool', 'Opportunity', 'MQL', 'Customer']",1
L020018,Maria Khan,Meta Connectivity Labs,Automotive,,5G Testbeds,Email Campaign,"['Lab_Integration_Discussion', 'Application_Engineer_Call', 'Whitepaper_Download_5G_Test', 'Loaner_Unit_Evaluation', 'Website_Product_Page', 'LinkedIn_Ad_Click', 'IMS_Badge_Scan', 'AutoSens_Tech_Talk', 'Customer']",1
L020019,,Samsung Electronics GmbH,Semiconductor,North America,PathWave Software,Website,"['PathWave_Trial_Request', 'Oscilloscope_Selector_Tool', 'Loaner_Unit_Evaluation', 'No_Conversion']",0
L020020,Sofia Lee,Infineon GmbH,,,,Webinar,"['Whitepaper_Download_5G_Test', 'Application_Engineer_Call', 'Oscilloscope_Selector_Tool', 'LinkedIn_Ad_Click', 'Customer']",1
L020021,,Raytheon GmbH,Telecom,,PathWave Software,Website,"['DesignCon_Booth_Visit', 'MQL', 'Loaner_Unit_Evaluation', 'Whitepaper_Download_5G_Test', 'Keysight_Workshop_RF_Testing', 'IMS_Badge_Scan', 'Keysight_Workshop_RF_Testing', 'AutoSens_Tech_Talk', 'DesignCon_Booth_Visit', 'Customer']",1
L020022,Sarah Chen,Rayth_Tech,,,5G Testbeds,Webinar,"['MQL', 'IMS_Badge_Scan', 'Whitepaper_Download_5G_Test', 'SQL', 'Technical_Demo', 'Application_Engineer_Call', 'Lab_Integration_Discussion', 'No_Conversion']",0
L020023,Sarah Johnson,Raytheon,Telecom,APAC,PathWave Software,Sales Outreach,"['LinkedIn_Ad_Click', 'PathWave_Trial_Request', 'No_Conversion']",0
L020024,Chen Khan,Qualcomm,,APAC,,,"['Oscilloscope_Selector_Tool', 'Whitepaper_Download_5G_Test', 'Loaner_Unit_Evaluation', 'Lab_Integration_Discussion', 'MQL', 'LinkedIn_Ad_Click', 'Customer']",1
L020025,Sofia Williams,,Automotive,APAC,5G Testbeds,LinkedIn,['Customer'],1
L020026,Daniel Singh,Meta Connectivity Labs GmbH,Automotive,LATAM,5G Testbeds,LinkedIn,"['Technical_Demo', 'SQL', 'MQL', 'Loaner_Unit_Evaluation', 'MQL', 'Website_Product_Page', 'IMS_Badge_Scan', 'No_Conversion']",0
L020027,Laura Singh,,,Europe,PathWave Software,Email Campaign,"['Website_Product_Page', 'Whitepaper_Download_5G_Test', 'IMS_Badge_Scan', 'Application_Engineer_Call', 'Oscilloscope_Selector_Tool', 'No_Conversion']",0
L020028,Chen Johnson,,Automotive,North America,PathWave Software,Event,"['Application_Engineer_Call', 'PathWave_Trial_Request', 'Opportunity', 'DesignCon_Booth_Visit', 'Keysight_Workshop_RF_Testing', 'Oscilloscope_Selector_Tool', 'PathWave_Trial_Request', 'SQL', 'Website_Product_Page', 'Loaner_Unit_Evaluation', 'Customer']",1
L020029,Maria Martinez,Broadcom,Semiconductor,,,Event,"['Lab_Integration_Discussion', 'Website_Product_Page', 'Lab_Integration_Discussion', 'IMS_Badge_Scan', 'Whitepaper_Download_5G_Test', 'AutoSens_Tech_Talk', 'No_Conversion']",0
L020030,Daniel Johnson,Samsu_Tech,Automotive,LATAM,,Email Campaign,"['Lab_Integration_Discussion', 'No_Conversion']",0
L020031,,Bosch GmbH,Automotive,North America,Automotive Ethernet,Email Campaign,"['Keysight_University_Course', 'Oscilloscope_Selector_Tool', 'Opportunity', 'Customer']",1
L020032,Sofia Johnson,,,Europe,,Email Campaign,"['MQL', 'AutoSens_Tech_Talk', 'DesignCon_Booth_Visit', 'IMS_Badge_Scan', 'IMS_Badge_Scan', 'Oscilloscope_Selector_Tool', 'PathWave_Trial_Request', 'Customer']",1
L020033,Ravi Ito,NXP Semiconductors,Electronics,,Automotive Ethernet,Sales Outreach,"['Whitepaper_Download_5G_Test', 'Lab_Integration_Discussion', 'Technical_Demo', 'MQL', 'Oscilloscope_Selector_Tool', 'Customer']",1
L020034,Daniel Chen,,Electronics,North America,Oscilloscopes,,"['Opportunity', 'Website_Product_Page', 'Loaner_Unit_Evaluation', 'IMS_Badge_Scan', 'Customer']",1
L020035,Sarah Lee,Meta Connectivity Labs,Automotive,LATAM,,Event,"['AutoSens_Tech_Talk', 'Technical_Demo', 'Technical_Demo', 'DesignCon_Booth_Visit', 'Loaner_Unit_Evaluation', 'Loaner_Unit_Evaluation', 'AutoSens_Tech_Talk', 'No_Conversion']",0
L020036,Daniel Singh,Infin_Tech,Aerospace,North America,,Event,['No_Conversion'],0
L020037,Chen Chen,,Automotive,Europe,,LinkedIn,"['IMS_Badge_Scan', 'Lab_Integration_Discussion', 'Opportunity', 'Keysight_Workshop_RF_Testing', 'Whitepaper_Download_5G_Test', 'Website_Product_Page', 'Customer']",1
L020038,,,,,Oscilloscopes,Event,"['Lab_Integration_Discussion', 'Loaner_Unit_Evaluation', 'DesignCon_Booth_Visit', 'Keysight_Workshop_RF_Testing', 'Keysight_University_Course', 'Keysight_Workshop_RF_Testing', 'Oscilloscope_Selector_Tool', 'SQL', 'Loaner_Unit_Evaluation', 'No_Conversion']",0
L020039,Kenji Martinez,Qualc_Tech,Aerospace,LATAM,,Sales Outreach,"['DesignCon_Booth_Visit', 'Customer']",1
L020040,Sofia Patel,Infineon,Automotive,,5G Testbeds,Email Campaign,"['Loaner_Unit_Evaluation', 'MQL', 'Lab_Integration_Discussion', 'DesignCon_Booth_Visit', 'No_Conversion']",0
L020041,Kenji Johnson,NXP Semiconductors GmbH,Automotive,,Oscilloscopes,,"['DesignCon_Booth_Visit', 'Whitepaper_Download_5G_Test', 'Oscilloscope_Selector_Tool', 'MQL', 'Keysight_Workshop_RF_Testing', 'LinkedIn_Ad_Click', 'No_Conversion']",0
L020042,,Infineon,,North America,Oscilloscopes,Email Campaign,"['MQL', 'Lab_Integration_Discussion', 'Opportunity', 'AutoSens_Tech_Talk', 'LinkedIn_Ad_Click', 'Keysight_University_Course', 'AutoSens_Tech_Talk', 'No_Conversion']",0
L020043,Sarah Khan,,,North America,,Event,['Customer'],1
L020044,Daniel Tanaka,Samsung Electronics GmbH,Electronics,North America,,Website,"['Whitepaper_Download_5G_Test', 'Whitepaper_Download_5G_Test', 'No_Conversion']",0
L020045,Michael Johnson,Broadcom GmbH,Telecom,,,,['Customer'],1
L020046,Ahmed Williams,Infineon GmbH,,North America,PathWave Software,Event,"['Website_Product_Page', 'PathWave_Trial_Request', 'Technical_Demo', 'IMS_Badge_Scan', 'Customer']",1
L020047,Maria Garcia,Rayth_Tech,Telecom,APAC,5G Testbeds,,"['Oscilloscope_Selector_Tool', 'MQL', 'Whitepaper_Download_5G_Test', 'AutoSens_Tech_Talk', 'AutoSens_Tech_Talk', 'No_Conversion']",0
L020048,Daniel Singh,Tesla_Tech,Automotive,APAC,Oscilloscopes,Event,"['IMS_Badge_Scan', 'Website_Product_Page', 'IMS_Badge_Scan', 'MQL', 'Customer']",1
L020049,Sarah Patel,NXPSe_Tech,Automotive,Europe,Automotive Ethernet,Email Campaign,"['Keysight_University_Course', 'Keysight_Workshop_RF_Testing', 'PathWave_Trial_Request', 'SQL', 'No_Conversion']",0
L020050,Ravi Tanaka,NXP Semiconductors GmbH,,,5G Testbeds,Sales Outreach,"['Lab_Integration_Discussion', 'Lab_Integration_Discussion', 'Loaner_Unit_Evaluation', 'AutoSens_Tech_Talk', 'PathWave_Trial_Request', 'Keysight_University_Course', 'Opportunity', 'IMS_Badge_Scan', 'MQL', 'No_Conversion']",0
L020051,Ravi Martinez,Sony_Tech,Telecom,APAC,Oscilloscopes,LinkedIn,"['AutoSens_Tech_Talk', 'PathWave_Trial_Request', 'Keysight_Workshop_RF_Testing', 'PathWave_Trial_Request', 'Customer']",1
L020052,Kenji Tanaka,,,North America,PathWave Software,Email Campaign,"['Opportunity', 'LinkedIn_Ad_Click', 'No_Conversion']",0
L020053,Kenji Chen,Broad_Tech,,,Automotive Ethernet,Email Campaign,"['AutoSens_Tech_Talk', 'Customer']",1
L020054,Sofia Singh,Broadcom GmbH,Automotive,,,Email Campaign,"['Lab_Integration_Discussion', 'Website_Product_Page', 'Opportunity', 'No_Conversion']",0
L020055,Hiroshi Garcia,,Semiconductor,,,Webinar,"['Keysight_Workshop_RF_Testing', 'Technical_Demo', 'MQL', 'Customer']",1
L020056,Ahmed Lee,,,,,Website,"['IMS_Badge_Scan', 'Lab_Integration_Discussion', 'Lab_Integration_Discussion', 'PathWave_Trial_Request', 'Lab_Integration_Discussion', 'Opportunity', 'Opportunity', 'No_Conversion']",0
L020057,Michael Martinez,Tesla Energy,,Europe,,Webinar,"['Loaner_Unit_Evaluation', 'SQL', 'SQL', 'PathWave_Trial_Request', 'Loaner_Unit_Evaluation', 'MQL', 'Customer']",1
L020058,Maria Garcia,NXP Semiconductors GmbH,Aerospace,APAC,Oscilloscopes,,"['Technical_Demo', 'Whitepaper_Download_5G_Test', 'AutoSens_Tech_Talk', 'Loaner_Unit_Evaluation', 'Oscilloscope_Selector_Tool', 'Keysight_University_Course', 'Whitepaper_Download_5G_Test', 'IMS_Badge_Scan', 'Customer']",1
L020059,Michael Ito,Rayth_Tech,,APAC,PathWave Software,Sales Outreach,"['PathWave_Trial_Request', 'Application_Engineer_Call', 'No_Conversion']",0
L020060,Sarah Khan,Sony,,LATAM,Automotive Ethernet,LinkedIn,"['LinkedIn_Ad_Click', 'PathWave_Trial_Request', 'MQL', 'Whitepaper_Download_5G_Test', 'Customer']",1
L020061,Ravi Chen,Sony_Tech,,,,LinkedIn,['No_Conversion'],0
L020062,Chen Chen,Raytheon GmbH,Semiconductor,,,Sales Outreach,"['Lab_Integration_Discussion', 'Technical_Demo', 'Website_Product_Page', 'Keysight_Workshop_RF_Testing', 'IMS_Badge_Scan', 'No_Conversion']",0
L020063,Kenji Williams,Samsung Electronics,Aerospace,North America,Automotive Ethernet,Email Campaign,['No_Conversion'],0
L020064,Hiroshi Singh,,Aerospace,,Automotive Ethernet,Email Campaign,"['Whitepaper_Download_5G_Test', 'Application_Engineer_Call', 'Application_Engineer_Call', 'LinkedIn_Ad_Click', 'Oscilloscope_Selector_Tool', 'Technical_Demo', 'SQL', 'Lab_Integration_Discussion', 'Customer']",1
L020065,Daniel Khan,,Electronics,North America,,Website,"['AutoSens_Tech_Talk', 'Opportunity', 'Application_Engineer_Call', 'Customer']",1
L020066,,Tesla_Tech,,APAC,PathWave Software,Sales Outreach,"['Technical_Demo', 'Technical_Demo', 'Website_Product_Page', 'Loaner_Unit_Evaluation', 'Opportunity', 'Customer']",1
L020067,Ravi Chen,Samsung Electronics GmbH,Semiconductor,Europe,Automotive Ethernet,LinkedIn,"['Website_Product_Page', 'Customer']",1
L020068,Ahmed Tanaka,,,,PathWave Software,,"['PathWave_Trial_Request', 'Opportunity', 'AutoSens_Tech_Talk', 'Customer']",1
L020069,Ravi Patel,Samsung Electronics GmbH,,LATAM,,Sales Outreach,"['LinkedIn_Ad_Click', 'Keysight_University_Course', 'Keysight_University_Course', 'No_Conversion']",0
L020070,Michael Garcia,Bosch_Tech,Aerospace,North America,Oscilloscopes,,"['DesignCon_Booth_Visit', 'Oscilloscope_Selector_Tool', 'MQL', 'Opportunity', 'Whitepaper_Download_5G_Test', 'Lab_Integration_Discussion', 'Whitepaper_Download_5G_Test', 'Website_Product_Page', 'No_Conversion']",0
L020071,,Infineon,Electronics,LATAM,,LinkedIn,"['DesignCon_Booth_Visit', 'Application_Engineer_Call', 'AutoSens_Tech_Talk', 'Website_Product_Page', 'Technical_Demo', 'No_Conversion']",0
L020072,Kenji Williams,NXPSe_Tech,,Europe,,LinkedIn,"['Whitepaper_Download_5G_Test', 'AutoSens_Tech_Talk', 'LinkedIn_Ad_Click', 'PathWave_Trial_Request', 'MQL', 'Application_Engineer_Call', 'PathWave_Trial_Request', 'Technical_Demo', 'LinkedIn_Ad_Click', 'No_Conversion']",0
L020073,Ravi Martinez,Bosch GmbH,Telecom,,,Email Campaign,"['LinkedIn_Ad_Click', 'LinkedIn_Ad_Click', 'Customer']",1
L020074,,Bosch_Tech,,North America,Oscilloscopes,,['No_Conversion'],0
L020075,Sarah Singh,Samsu_Tech,,LATAM,Oscilloscopes,Event,"['PathWave_Trial_Request', 'LinkedIn_Ad_Click', 'DesignCon_Booth_Visit', 'Application_Engineer_Call', 'Whitepaper_Download_5G_Test', 'Customer']",1
L020076,Maria Johnson,Bosch GmbH,,LATAM,,LinkedIn,"['Opportunity', 'Keysight_Workshop_RF_Testing', 'Loaner_Unit_Evaluation', 'SQL', 'Customer']",1
L020077,Kenji Singh,,Automotive,,,LinkedIn,"['Application_Engineer_Call', 'AutoSens_Tech_Talk', 'Keysight_Workshop_RF_Testing', 'Whitepaper_Download_5G_Test', 'No_Conversion']",0
L020078,Kenji Patel,,,Europe,,Website,"['Oscilloscope_Selector_Tool', 'LinkedIn_Ad_Click', 'No_Conversion']",0
L020079,Kenji Anders,Broadcom GmbH,,APAC,,Website,"['Application_Engineer_Call', 'Oscilloscope_Selector_Tool', 'Customer']",1
L020080,Sofia Ito,,,LATAM,,Event,"['IMS_Badge_Scan', 'DesignCon_Booth_Visit', 'AutoSens_Tech_Talk', 'Opportunity', 'DesignCon_Booth_Visit', 'Application_Engineer_Call', 'Keysight_University_Course', 'IMS_Badge_Scan', 'Keysight_University_Course', 'No_Conversion']",0
L020081,Kenji Garcia,Sony GmbH,Telecom,North America,5G Testbeds,Sales Outreach,"['Opportunity', 'Oscilloscope_Selector_Tool', 'Opportunity', 'Technical_Demo', 'Keysight_Workshop_RF_Testing', 'Keysight_Workshop_RF_Testing', 'Opportunity', 'No_Conversion']",0
L020082,Maria Patel,Bosch_Tech,Telecom,LATAM,Oscilloscopes,Website,"['Keysight_University_Course', 'Application_Engineer_Call', 'Keysight_Workshop_RF_Testing', 'Keysight_University_Course', 'Customer']",1
L020083,Laura Martinez,NXPSe_Tech,,,,Email Campaign,"['MQL', 'PathWave_Trial_Request', 'Application_Engineer_Call', 'Opportunity', 'DesignCon_Booth_Visit', 'No_Conversion']",0
L020084,Daniel Williams,,Telecom,,,Website,"['Keysight_Workshop_RF_Testing', 'Opportunity', 'Keysight_Workshop_RF_Testing', 'No_Conversion']",0
L020085,Chen Chen,Tesla Energy GmbH,,North America,,LinkedIn,"['Oscilloscope_Selector_Tool', 'LinkedIn_Ad_Click', 'Oscilloscope_Selector_Tool', 'Customer']",1
L020086,Sarah Singh,MetaC_Tech,Automotive,,PathWave Software,Sales Outreach,"['Website_Product_Page', 'Whitepaper_Download_5G_Test', 'MQL', 'Customer']",1
L020087,Kenji Johnson,NXPSe_Tech,Telecom,APAC,Oscilloscopes,Website,"['Whitepaper_Download_5G_Test', 'Keysight_Workshop_RF_Testing', 'Website_Product_Page', 'Keysight_Workshop_RF_Testing', 'No_Conversion']",0
L020088,Michael Chen,Raytheon,Electronics,APAC,5G Testbeds,Email Campaign,"['Technical_Demo', 'LinkedIn_Ad_Click', 'SQL', 'Customer']",1
L020089,Sarah Patel,Qualcomm GmbH,,LATAM,,Website,"['Technical_Demo', 'Opportunity', 'Oscilloscope_Selector_Tool', 'Whitepaper_Download_5G_Test', 'Website_Product_Page', 'SQL', 'Keysight_Workshop_RF_Testing', 'Application_Engineer_Call', 'Customer']",1
L020090,Priya Johnson,,Telecom,North America,Oscilloscopes,Event,"['MQL', 'No_Conversion']",0
L020091,,Bosch GmbH,Automotive,Europe,Oscilloscopes,Event,"['Whitepaper_Download_5G_Test', 'Whitepaper_Download_5G_Test', 'Whitepaper_Download_5G_Test', 'Website_Product_Page', 'MQL', 'Technical_Demo', 'Opportunity', 'Lab_Integration_Discussion', 'Website_Product_Page', 'No_Conversion']",0
L020092,Michael Tanaka,Samsung Electronics,,,PathWave Software,Sales Outreach,"['Website_Product_Page', 'SQL', 'Customer']",1
L020093,,NXP Semiconductors,Aerospace,APAC,,,"['Keysight_University_Course', 'Website_Product_Page', 'IMS_Badge_Scan', 'Keysight_University_Course', 'LinkedIn_Ad_Click', 'PathWave_Trial_Request', 'DesignCon_Booth_Visit', 'Customer']",1
L020094,Hiroshi Ito,,,LATAM,,,"['Website_Product_Page', 'Oscilloscope_Selector_Tool', 'PathWave_Trial_Request', 'Loaner_Unit_Evaluation', 'Website_Product_Page', 'Loaner_Unit_Evaluation', 'DesignCon_Booth_Visit', 'Customer']",1
L020095,Daniel Ito,,,,PathWave Software,Event,['No_Conversion'],0
L020096,,NXPSe_Tech,,Europe,PathWave Software,,"['AutoSens_Tech_Talk', 'Loaner_Unit_Evaluation', 'DesignCon_Booth_Visit', 'PathWave_Trial_Request', 'MQL', 'SQL', 'No_Conversion']",0
L020097,Ahmed Anders,Broad_Tech,Semiconductor,LATAM,5G Testbeds,Email Campaign,"['Oscilloscope_Selector_Tool', 'MQL', 'Application_Engineer_Call', 'No_Conversion']",0
L020098,Ravi Garcia,Tesla Energy,,,Oscilloscopes,Sales Outreach,"['Oscilloscope_Selector_Tool', 'AutoSens_Tech_Talk', 'PathWave_Trial_Request', 'LinkedIn_Ad_Click', 'Customer']",1
L020099,Laura Martinez,Bosch,,APAC,,LinkedIn,"['AutoSens_Tech_Talk', 'SQL', 'Application_Engineer_Call', 'Whitepaper_Download_5G_Test', 'Whitepaper_Download_5G_Test', 'Loaner_Unit_Evaluation', 'MQL', 'AutoSens_Tech_Talk', 'Opportunity', 'Loaner_Unit_Evaluation', 'No_Conversion']",0
L020100,Ravi Johnson,,,,5G Testbeds,Website,"['DesignCon_Booth_Visit', 'AutoSens_Tech_Talk', 'Oscilloscope_Selector_Tool', 'SQL', 'LinkedIn_Ad_Click', 'No_Conversion']",0
L020101,Daniel Garcia,Meta Connectivity Labs GmbH,,APAC,,LinkedIn,"['Lab_Integration_Discussion', 'PathWave_Trial_Request', 'LinkedIn_Ad_Click', 'Website_Product_Page', 'Whitepaper_Download_5G_Test', 'PathWave_Trial_Request', 'Technical_Demo', 'No_Conversion']",0
L020102,,Broadcom,,,Automotive Ethernet,Event,"['Oscilloscope_Selector_Tool', 'Keysight_University_Course', 'Keysight_University_Course', 'PathWave_Trial_Request', 'DesignCon_Booth_Visit', 'IMS_Badge_Scan', 'Technical_Demo', 'Application_Engineer_Call', 'No_Conversion']",0
L020103,Daniel Ito,Samsung Electronics GmbH,Automotive,LATAM,Automotive Ethernet,LinkedIn,"['Whitepaper_Download_5G_Test', 'MQL', 'Opportunity', 'IMS_Badge_Scan', 'Customer']",1
L020104,Laura Singh,,Telecom,Europe,Automotive Ethernet,LinkedIn,"['PathWave_Trial_Request', 'Website_Product_Page', 'Opportunity', 'IMS_Badge_Scan', 'No_Conversion']",0
L020105,Priya Williams,NXP Semiconductors GmbH,Electronics,Europe,,Website,"['Lab_Integration_Discussion', 'Application_Engineer_Call', 'Website_Product_Page', 'Oscilloscope_Selector_Tool', 'MQL', 'IMS_Badge_Scan', 'Customer']",1
L020106,Hiroshi Ito,,Electronics,Europe,5G Testbeds,,"['PathWave_Trial_Request', 'AutoSens_Tech_Talk', 'Technical_Demo', 'Customer']",1
L020107,,Meta Connectivity Labs GmbH,,Europe,PathWave Software,Webinar,['No_Conversion'],0
L020108,Hiroshi Williams,Broadcom,Semiconductor,North America,Automotive Ethernet,Webinar,"['Opportunity', 'SQL', 'AutoSens_Tech_Talk', 'Lab_Integration_Discussion', 'Application_Engineer_Call', 'Whitepaper_Download_5G_Test', 'Technical_Demo', 'LinkedIn_Ad_Click', 'Whitepaper_Download_5G_Test', 'Customer']",1
L020109,Sarah Tanaka,Meta Connectivity Labs GmbH,Aerospace,APAC,,Website,"['Technical_Demo', 'LinkedIn_Ad_Click', 'SQL', 'Lab_Integration_Discussion', 'Oscilloscope_Selector_Tool', 'Application_Engineer_Call', 'Opportunity', 'SQL', 'Opportunity', 'No_Conversion']",0
L020110,Daniel Patel,Qualcomm GmbH,,Europe,,Website,"['DesignCon_Booth_Visit', 'Opportunity', 'Oscilloscope_Selector_Tool', 'Customer']",1
L020111,,Infineon,Semiconductor,,,,"['Keysight_Workshop_RF_Testing', 'Keysight_Workshop_RF_Testing', 'IMS_Badge_Scan', 'LinkedIn_Ad_Click', 'Lab_Integration_Discussion', 'No_Conversion']",0
L020112,Priya Singh,Tesla_Tech,,Europe,,,"['Loaner_Unit_Evaluation', 'Application_Engineer_Call', 'Opportunity', 'SQL', 'No_Conversion']",0
L020113,Maria Johnson,Meta Connectivity Labs,Aerospace,LATAM,5G Testbeds,Event,"['IMS_Badge_Scan', 'Keysight_University_Course', 'No_Conversion']",0
L020114,Chen Tanaka,,Telecom,Europe,,Website,['Customer'],1
L020115,Priya Williams,,Electronics,North America,Automotive Ethernet,Email Campaign,"['Whitepaper_Download_5G_Test', 'Customer']",1
L020116,Laura Tanaka,Broadcom,Aerospace,,,Event,"['DesignCon_Booth_Visit', 'MQL', 'SQL', 'Lab_Integration_Discussion', 'Website_Product_Page', 'Website_Product_Page', 'Keysight_Workshop_RF_Testing', 'Oscilloscope_Selector_Tool', 'Customer']",1
L020117,Ravi Johnson,Qualcomm,Electronics,,,Website,"['DesignCon_Booth_Visit', 'PathWave_Trial_Request', 'DesignCon_Booth_Visit', 'No_Conversion']",0
L020118,,Meta Connectivity Labs,,,,Website,"['DesignCon_Booth_Visit', 'Oscilloscope_Selector_Tool', 'Website_Product_Page', 'Customer']",1
L020119,Maria Khan,Sony,Semiconductor,LATAM,Oscilloscopes,Sales Outreach,"['IMS_Badge_Scan', 'Website_Product_Page', 'DesignCon_Booth_Visit', 'Whitepaper_Download_5G_Test', 'No_Conversion']",0
L020120,Priya Johnson,Samsu_Tech,Telecom,LATAM,Automotive Ethernet,,"['Technical_Demo', 'Keysight_Workshop_RF_Testing', 'Keysight_University_Course', 'Whitepaper_Download_5G_Test', 'Application_Engineer_Call', 'No_Conversion']",0
L020121,Hiroshi Martinez,Samsung Electronics,,Europe,,Event,"['SQL', 'Whitepaper_Download_5G_Test', 'No_Conversion']",0
L020122,Kenji Williams,,Telecom,,,Website,"['Website_Product_Page', 'DesignCon_Booth_Visit', 'Loaner_Unit_Evaluation', 'IMS_Badge_Scan', 'SQL', 'Customer']",1
L020123,Hiroshi Garcia,Sony,Aerospace,North America,Oscilloscopes,Webinar,"['Opportunity', 'Application_Engineer_Call', 'Application_Engineer_Call', 'IMS_Badge_Scan', 'LinkedIn_Ad_Click', 'Customer']",1
L020124,Ahmed Garcia,Rayth_Tech,,LATAM,,Event,"['Website_Product_Page', 'Opportunity', 'DesignCon_Booth_Visit', 'Customer']",1
L020125,Ravi Tanaka,Sony_Tech,Electronics,North America,5G Testbeds,Event,"['PathWave_Trial_Request', 'Technical_Demo', 'MQL', 'Customer']",1
L020126,Ahmed Chen,Tesla Energy,Electronics,APAC,,Webinar,"['Lab_Integration_Discussion', 'Lab_Integration_Discussion', 'Lab_Integration_Discussion', 'SQL', 'No_Conversion']",0
L020127,Hiroshi Ito,Samsung Electronics,Automotive,APAC,,Event,"['DesignCon_Booth_Visit', 'MQL', 'Application_Engineer_Call', 'Whitepaper_Download_5G_Test', 'Customer']",1
L020128,Daniel Patel,Rayth_Tech,Aerospace,Europe,,Webinar,"['DesignCon_Booth_Visit', 'MQL', 'Application_Engineer_Call', 'Keysight_Workshop_RF_Testing', 'Lab_Integration_Discussion', 'Customer']",1
L020129,Laura Chen,Sony_Tech,,,,Website,"['Loaner_Unit_Evaluation', 'SQL', 'Opportunity', 'Customer']",1
L020130,Michael Tanaka,Qualcomm,,APAC,,Sales Outreach,"['LinkedIn_Ad_Click', 'Application_Engineer_Call', 'SQL', 'No_Conversion']",0
L020131,Maria Chen,Sony_Tech,,North America,,LinkedIn,"['PathWave_Trial_Request', 'Technical_Demo', 'Keysight_University_Course', 'IMS_Badge_Scan', 'No_Conversion']",0
L020132,Sarah Garcia,,,North America,PathWave Software,LinkedIn,"['DesignCon_Booth_Visit', 'Oscilloscope_Selector_Tool', 'LinkedIn_Ad_Click', 'Customer']",1
L020133,Ravi Williams,,,Europe,5G Testbeds,Event,"['Application_Engineer_Call', 'AutoSens_Tech_Talk', 'Website_Product_Page', 'Customer']",1
L020134,Ahmed Tanaka,Broadcom GmbH,Electronics,Europe,Oscilloscopes,Website,"['Lab_Integration_Discussion', 'LinkedIn_Ad_Click', 'Keysight_University_Course', 'Oscilloscope_Selector_Tool', 'MQL', 'LinkedIn_Ad_Click', 'No_Conversion']",0
L020135,Maria Johnson,Sony_Tech,Automotive,North America,,Website,"['PathWave_Trial_Request', 'MQL', 'AutoSens_Tech_Talk', 'Keysight_Workshop_RF_Testing', 'Loaner_Unit_Evaluation', 'AutoSens_Tech_Talk', 'No_Conversion']",0
L020136,Sarah Ito,,Automotive,Europe,Oscilloscopes,Event,"['IMS_Badge_Scan', 'Lab_Integration_Discussion', 'Loaner_Unit_Evaluation', 'Application_Engineer_Call', 'PathWave_Trial_Request', 'Website_Product_Page', 'Keysight_University_Course', 'No_Conversion']",0
L020137,Sarah Lee,,Semiconductor,,,Sales Outreach,"['AutoSens_Tech_Talk', 'LinkedIn_Ad_Click', 'Customer']",1
L020138,Maria Khan,Infineon,Automotive,APAC,PathWave Software,LinkedIn,"['MQL', 'Customer']",1
L020139,Chen Singh,Sony_Tech,Automotive,APAC,Oscilloscopes,Email Campaign,"['LinkedIn_Ad_Click', 'AutoSens_Tech_Talk', 'SQL', 'Opportunity', 'Technical_Demo', 'Opportunity', 'Keysight_Workshop_RF_Testing', 'Keysight_Workshop_RF_Testing', 'Customer']",1
L020140,Ahmed Williams,Raytheon,,APAC,,Email Campaign,"['MQL', 'Keysight_Workshop_RF_Testing', 'PathWave_Trial_Request', 'PathWave_Trial_Request', 'Keysight_Workshop_RF_Testing', 'Website_Product_Page', 'Customer']",1
L020141,Hiroshi Garcia,Broadcom GmbH,Automotive,APAC,Automotive Ethernet,LinkedIn,"['PathWave_Trial_Request', 'AutoSens_Tech_Talk', 'IMS_Badge_Scan', 'Keysight_Workshop_RF_Testing', 'Keysight_Workshop_RF_Testing', 'Loaner_Unit_Evaluation', 'No_Conversion']",0
L020142,Ravi Tanaka,Qualcomm,Aerospace,,Automotive Ethernet,Website,"['Keysight_University_Course', 'Oscilloscope_Selector_Tool', 'Oscilloscope_Selector_Tool', 'DesignCon_Booth_Visit', 'AutoSens_Tech_Talk', 'Lab_Integration_Discussion', 'No_Conversion']",0
L020143,Laura Garcia,Qualc_Tech,,North America,Automotive Ethernet,Webinar,"['Keysight_Workshop_RF_Testing', 'MQL', 'Whitepaper_Download_5G_Test', 'SQL', 'No_Conversion']",0
L020144,Chen Garcia,Infin_Tech,Aerospace,LATAM,Oscilloscopes,,"['Lab_Integration_Discussion', 'Customer']",1
L020145,Daniel Garcia,Meta Connectivity Labs,,LATAM,5G Testbeds,,"['Whitepaper_Download_5G_Test', 'Loaner_Unit_Evaluation', 'PathWave_Trial_Request', 'Customer']",1
L020146,Sarah Anders,Samsu_Tech,Electronics,,5G Testbeds,Webinar,"['IMS_Badge_Scan', 'MQL', 'AutoSens_Tech_Talk', 'AutoSens_Tech_Talk', 'Website_Product_Page', 'Customer']",1
L020147,,,Telecom,,Oscilloscopes,,"['Loaner_Unit_Evaluation', 'Keysight_Workshop_RF_Testing', 'Opportunity', 'IMS_Badge_Scan', 'Customer']",1
L020148,Maria Ito,Infineon,Automotive,APAC,Oscilloscopes,Webinar,"['Whitepaper_Download_5G_Test', 'AutoSens_Tech_Talk', 'Keysight_Workshop_RF_Testing', 'LinkedIn_Ad_Click', 'PathWave_Trial_Request', 'Customer']",1
L020149,Sofia Garcia,Broadcom GmbH,Semiconductor,Europe,Automotive Ethernet,Webinar,"['DesignCon_Booth_Visit', 'Application_Engineer_Call', 'Opportunity', 'No_Conversion']",0
L020150,Ravi Lee,Bosch GmbH,,North America,PathWave Software,Webinar,"['Keysight_Workshop_RF_Testing', 'LinkedIn_Ad_Click', 'SQL', 'Keysight_University_Course', 'MQL', 'AutoSens_Tech_Talk', 'Website_Product_Page', 'Customer']",1
L020151,Maria Martinez,NXPSe_Tech,Electronics,Europe,,Email Campaign,"['Whitepaper_Download_5G_Test', 'PathWave_Trial_Request', 'No_Conversion']",0
L020152,Kenji Anders,,Telecom,North America,,Sales Outreach,"['DesignCon_Booth_Visit', 'Oscilloscope_Selector_Tool', 'MQL', 'Technical_Demo', 'LinkedIn_Ad_Click', 'Customer']",1
L020153,Hiroshi Garcia,Sony,Semiconductor,APAC,5G Testbeds,Event,"['Keysight_University_Course', 'DesignCon_Booth_Visit', 'DesignCon_Booth_Visit', 'Keysight_Workshop_RF_Testing', 'Whitepaper_Download_5G_Test', 'Keysight_University_Course', 'Lab_Integration_Discussion', 'IMS_Badge_Scan', 'Lab_Integration_Discussion', 'Whitepaper_Download_5G_Test', 'Customer']",1
L020154,Maria Johnson,Qualc_Tech,Aerospace,North America,PathWave Software,LinkedIn,"['LinkedIn_Ad_Click', 'LinkedIn_Ad_Click', 'Whitepaper_Download_5G_Test', 'DesignCon_Booth_Visit', 'SQL', 'Whitepaper_Download_5G_Test', 'LinkedIn_Ad_Click', 'No_Conversion']",0
L020155,,,Aerospace,LATAM,,Website,"['Application_Engineer_Call', 'SQL', 'Technical_Demo', 'DesignCon_Booth_Visit', 'Whitepaper_Download_5G_Test', 'No_Conversion']",0
L020156,Ravi Ito,Qualcomm GmbH,Semiconductor,Europe,,LinkedIn,"['Opportunity', 'Whitepaper_Download_5G_Test', 'SQL', 'No_Conversion']",0
L020157,Daniel Lee,,,Europe,,LinkedIn,"['LinkedIn_Ad_Click', 'SQL', 'Whitepaper_Download_5G_Test', 'MQL', 'No_Conversion']",0
L020158,Ahmed Anders,,,North America,Automotive Ethernet,Email Campaign,"['Opportunity', 'Technical_Demo', 'No_Conversion']",0
L020159,Maria Singh,Tesla Energy GmbH,Telecom,LATAM,,Website,"['Technical_Demo', 'Lab_Integration_Discussion', 'Customer']",1
L020160,Ahmed Johnson,Sony GmbH,Semiconductor,,Automotive Ethernet,Event,['Customer'],1
L020161,Maria Patel,Qualc_Tech,Semiconductor,APAC,,,"['AutoSens_Tech_Talk', 'AutoSens_Tech_Talk', 'Opportunity', 'No_Conversion']",0
L020162,Priya Martinez,NXP Semiconductors GmbH,Electronics,LATAM,,Event,"['Application_Engineer_Call', 'Application_Engineer_Call', 'Loaner_Unit_Evaluation', 'Whitepaper_Download_5G_Test', 'Loaner_Unit_Evaluation', 'MQL', 'Opportunity', 'Customer']",1
L020163,Sofia Tanaka,Infin_Tech,,LATAM,,Website,"['Keysight_University_Course', 'AutoSens_Tech_Talk', 'Whitepaper_Download_5G_Test', 'Loaner_Unit_Evaluation', 'AutoSens_Tech_Talk', 'PathWave_Trial_Request', 'Loaner_Unit_Evaluation', 'Keysight_University_Course', 'No_Conversion']",0
L020164,Michael Ito,,,,,Webinar,['Customer'],1
L020165,Ahmed Singh,Sony_Tech,Electronics,LATAM,Oscilloscopes,Event,"['PathWave_Trial_Request', 'Application_Engineer_Call', 'Customer']",1
L020166,Ahmed Chen,,Semiconductor,North America,PathWave Software,,"['Opportunity', 'Application_Engineer_Call', 'Application_Engineer_Call', 'Keysight_Workshop_RF_Testing', 'Opportunity', 'Customer']",1
L020167,Maria Martinez,MetaC_Tech,Aerospace,LATAM,Oscilloscopes,Webinar,"['Keysight_University_Course', 'IMS_Badge_Scan', 'AutoSens_Tech_Talk', 'Customer']",1
L020168,,Rayth_Tech,,North America,,Event,"['Opportunity', 'DesignCon_Booth_Visit', 'SQL', 'Customer']",1
L020169,Ahmed Johnson,Meta Connectivity Labs GmbH,Electronics,Europe,,,"['MQL', 'LinkedIn_Ad_Click', 'Whitepaper_Download_5G_Test', 'PathWave_Trial_Request', 'Opportunity', 'Oscilloscope_Selector_Tool', 'No_Conversion']",0
L020170,Chen Tanaka,Samsung Electronics,Aerospace,APAC,Oscilloscopes,LinkedIn,"['Technical_Demo', 'MQL', 'SQL', 'Application_Engineer_Call', 'Keysight_University_Course', 'Customer']",1
L020171,Ahmed Chen,,Semiconductor,Europe,,Event,"['Oscilloscope_Selector_Tool', 'Keysight_Workshop_RF_Testing', 'Website_Product_Page', 'Customer']",1
L020172,Laura Williams,Tesla_Tech,Telecom,APAC,,Email Campaign,"['Oscilloscope_Selector_Tool', 'Application_Engineer_Call', 'Technical_Demo', 'Customer']",1
L020173,Ahmed Garcia,Broad_Tech,Aerospace,LATAM,,Website,"['IMS_Badge_Scan', 'Technical_Demo', 'Loaner_Unit_Evaluation', 'AutoSens_Tech_Talk', 'Application_Engineer_Call', 'Opportunity', 'No_Conversion']",0
L020174,Chen Lee,Sony GmbH,,LATAM,,Email Campaign,['No_Conversion'],0
L020175,Kenji Patel,Sony GmbH,Automotive,,5G Testbeds,Event,"['Keysight_University_Course', 'Website_Product_Page', 'Keysight_Workshop_RF_Testing', 'Keysight_Workshop_RF_Testing', 'Website_Product_Page', 'MQL', 'Customer']",1
L020176,Sofia Patel,Bosch_Tech,Electronics,Europe,,Website,"['Keysight_University_Course', 'Technical_Demo', 'No_Conversion']",0
L020177,Sarah Khan,Sony,Aerospace,North America,5G Testbeds,Email Campaign,['Customer'],1
L020178,Maria Tanaka,Qualc_Tech,Semiconductor,LATAM,,Sales Outreach,"['Technical_Demo', 'Oscilloscope_Selector_Tool', 'No_Conversion']",0
L020179,Chen Martinez,Qualcomm GmbH,,North America,,LinkedIn,"['AutoSens_Tech_Talk', 'Loaner_Unit_Evaluation', 'PathWave_Trial_Request', 'MQL', 'Oscilloscope_Selector_Tool', 'Opportunity', 'Lab_Integration_Discussion', 'No_Conversion']",0
L020180,Sofia Chen,,Electronics,North America,Oscilloscopes,LinkedIn,['Customer'],1
L020181,Maria Garcia,Bosch_Tech,Telecom,LATAM,5G Testbeds,Website,"['Application_Engineer_Call', 'Loaner_Unit_Evaluation', 'DesignCon_Booth_Visit', 'Keysight_Workshop_RF_Testing', 'No_Conversion']",0
L020182,Sofia Williams,,,APAC,,Event,"['IMS_Badge_Scan', 'Keysight_University_Course', 'IMS_Badge_Scan', 'Application_Engineer_Call', 'IMS_Badge_Scan', 'Loaner_Unit_Evaluation', 'AutoSens_Tech_Talk', 'Application_Engineer_Call', 'No_Conversion']",0
L020183,Michael Anders,Raytheon,Telecom,APAC,,LinkedIn,"['Opportunity', 'PathWave_Trial_Request', 'Oscilloscope_Selector_Tool', 'AutoSens_Tech_Talk', 'No_Conversion']",0
L020184,Hiroshi Anders,,Telecom,APAC,,Email Campaign,"['Application_Engineer_Call', 'PathWave_Trial_Request', 'AutoSens_Tech_Talk', 'No_Conversion']",0
L020185,Daniel Ito,Infineon GmbH,Telecom,APAC,Oscilloscopes,Sales Outreach,['Customer'],1
L020186,Chen Singh,,,,,Website,['No_Conversion'],0
L020187,Hiroshi Singh,Rayth_Tech,,Europe,,Event,"['SQL', 'Oscilloscope_Selector_Tool', 'Website_Product_Page', 'Whitepaper_Download_5G_Test', 'Customer']",1
L020188,Laura Patel,Bosch_Tech,Electronics,,PathWave Software,Email Campaign,"['Website_Product_Page', 'Opportunity', 'DesignCon_Booth_Visit', 'AutoSens_Tech_Talk', 'Customer']",1
L020189,Sarah Patel,Meta Connectivity Labs GmbH,Electronics,Europe,5G Testbeds,Website,"['PathWave_Trial_Request', 'Keysight_Workshop_RF_Testing', 'IMS_Badge_Scan', 'PathWave_Trial_Request', 'AutoSens_Tech_Talk', 'Whitepaper_Download_5G_Test', 'No_Conversion']",0
L020190,Chen Garcia,,Aerospace,North America,,Event,"['Technical_Demo', 'Lab_Integration_Discussion', 'Whitepaper_Download_5G_Test', 'No_Conversion']",0
L020191,Daniel Chen,Samsung Electronics,,APAC,,Event,"['Whitepaper_Download_5G_Test', 'LinkedIn_Ad_Click', 'Technical_Demo', 'Opportunity', 'Customer']",1
L020192,Laura Patel,Meta Connectivity Labs,Telecom,LATAM,,Sales Outreach,"['Application_Engineer_Call', 'SQL', 'IMS_Badge_Scan', 'Loaner_Unit_Evaluation', 'No_Conversion']",0
L020193,Sarah Martinez,MetaC_Tech,Aerospace,APAC,Automotive Ethernet,Email Campaign,"['SQL', 'Application_Engineer_Call', 'AutoSens_Tech_Talk', 'SQL', 'Customer']",1
L020194,Laura Martinez,Infin_Tech,Automotive,,Oscilloscopes,Email Campaign,"['PathWave_Trial_Request', 'Website_Product_Page', 'IMS_Badge_Scan', 'LinkedIn_Ad_Click', 'Lab_Integration_Discussion', 'Oscilloscope_Selector_Tool', 'No_Conversion']",0
L020195,Ahmed Patel,,Semiconductor,LATAM,5G Testbeds,Email Campaign,['No_Conversion'],0
L020196,Sofia Khan,Raytheon,Aerospace,,,Email Campaign,"['Keysight_Workshop_RF_Testing', 'Loaner_Unit_Evaluation', 'PathWave_Trial_Request', 'Customer']",1
L020197,Maria Johnson,Qualcomm,Automotive,LATAM,,Website,"['DesignCon_Booth_Visit', 'Whitepaper_Download_5G_Test', 'Customer']",1
L020198,Kenji Chen,Infineon GmbH,,,5G Testbeds,LinkedIn,"['Whitepaper_Download_5G_Test', 'Application_Engineer_Call', 'IMS_Badge_Scan', 'Website_Product_Page', 'Oscilloscope_Selector_Tool', 'MQL', 'MQL', 'No_Conversion']",0
L020199,Ahmed Johnson,Samsung Electronics GmbH,,LATAM,,Event,"['Lab_Integration_Discussion', 'SQL', 'MQL', 'IMS_Badge_Scan', 'LinkedIn_Ad_Click', 'Lab_Integration_Discussion', 'Technical_Demo', 'Application_Engineer_Call', 'SQL', 'Lab_Integration_Discussion', 'Customer']",1
L020200,Laura Khan,Infineon GmbH,,LATAM,Automotive Ethernet,Webinar,"['LinkedIn_Ad_Click', 'PathWave_Trial_Request', 'Keysight_University_Course', 'Lab_Integration_Discussion', 'Loaner_Unit_Evaluation', 'Customer']",1
L020201,Ahmed Garcia,Bosch_Tech,Semiconductor,APAC,PathWave Software,Webinar,"['DesignCon_Booth_Visit', 'LinkedIn_Ad_Click', 'AutoSens_Tech_Talk', 'MQL', 'No_Conversion']",0
L020202,Maria Khan,Raytheon GmbH,Semiconductor,North America,,Webinar,"['PathWave_Trial_Request', 'Keysight_Workshop_RF_Testing', 'SQL', 'Keysight_Workshop_RF_Testing', 'AutoSens_Tech_Talk', 'Customer']",1
L020203,Sarah Martinez,Bosch,Electronics,,,Webinar,"['Whitepaper_Download_5G_Test', 'MQL', 'Oscilloscope_Selector_Tool', 'Keysight_University_Course', 'Keysight_University_Course', 'SQL', 'No_Conversion']",0
L020204,Ravi Chen,Sony,Automotive,North America,5G Testbeds,Website,"['SQL', 'LinkedIn_Ad_Click', 'LinkedIn_Ad_Click', 'No_Conversion']",0
L020205,Sarah Garcia,Tesla Energy GmbH,Semiconductor,Europe,5G Testbeds,Website,"['LinkedIn_Ad_Click', 'Technical_Demo', 'Keysight_Workshop_RF_Testing', 'SQL', 'Customer']",1
L020206,Maria Williams,Tesla Energy,Aerospace,APAC,,Email Campaign,"['MQL', 'AutoSens_Tech_Talk', 'Website_Product_Page', 'No_Conversion']",0
L020207,Ravi Singh,Broad_Tech,,APAC,PathWave Software,Email Campaign,"['SQL', 'Technical_Demo', 'IMS_Badge_Scan', 'Whitepaper_Download_5G_Test', 'Lab_Integration_Discussion', 'Website_Product_Page', 'Keysight_Workshop_RF_Testing', 'Opportunity', 'No_Conversion']",0
L020208,Daniel Martinez,Samsung Electronics,Telecom,,,,"['Loaner_Unit_Evaluation', 'AutoSens_Tech_Talk', 'IMS_Badge_Scan', 'LinkedIn_Ad_Click', 'Lab_Integration_Discussion', 'Application_Engineer_Call', 'Keysight_University_Course', 'Lab_Integration_Discussion', 'No_Conversion']",0
L020209,Kenji Martinez,Infin_Tech,,,,Email Campaign,"['IMS_Badge_Scan', 'No_Conversion']",0
L020210,Ahmed Johnson,Qualcomm GmbH,Telecom,APAC,Automotive Ethernet,Email Campaign,"['PathWave_Trial_Request', 'Lab_Integration_Discussion', 'LinkedIn_Ad_Click', 'DesignCon_Booth_Visit', 'MQL', 'PathWave_Trial_Request', 'Oscilloscope_Selector_Tool', 'DesignCon_Booth_Visit', 'Customer']",1
L020211,,Qualcomm GmbH,Electronics,North America,Automotive Ethernet,,['No_Conversion'],0
L020212,Ahmed Johnson,Broadcom GmbH,,Europe,Automotive Ethernet,,"['AutoSens_Tech_Talk', 'Application_Engineer_Call', 'Lab_Integration_Discussion', 'LinkedIn_Ad_Click', 'Application_Engineer_Call', 'IMS_Badge_Scan', 'PathWave_Trial_Request', 'Loaner_Unit_Evaluation', 'Keysight_University_Course', 'DesignCon_Booth_Visit', 'No_Conversion']",0
L020213,Hiroshi Tanaka,,,,,Webinar,"['Lab_Integration_Discussion', 'Customer']",1
L020214,Laura Patel,Tesla_Tech,Telecom,APAC,PathWave Software,LinkedIn,"['SQL', 'Application_Engineer_Call', 'Customer']",1
L020215,Michael Chen,,Automotive,,Oscilloscopes,Website,"['IMS_Badge_Scan', 'No_Conversion']",0
L020216,Kenji Anders,Qualcomm,,North America,,Website,"['SQL', 'Whitepaper_Download_5G_Test', 'MQL', 'Opportunity', 'Customer']",1
L020217,,Broadcom,,,Oscilloscopes,Email Campaign,['No_Conversion'],0
L020218,Kenji Khan,,Automotive,North America,5G Testbeds,Sales Outreach,"['Lab_Integration_Discussion', 'Application_Engineer_Call', 'IMS_Badge_Scan', 'Technical_Demo', 'Whitepaper_Download_5G_Test', 'Keysight_University_Course', 'IMS_Badge_Scan', 'No_Conversion']",0
L020219,Chen Ito,Qualc_Tech,Electronics,North America,PathWave Software,Website,"['Technical_Demo', 'Technical_Demo', 'Customer']",1
L020220,,Broadcom GmbH,,APAC,Oscilloscopes,LinkedIn,"['Technical_Demo', 'Website_Product_Page', 'AutoSens_Tech_Talk', 'Keysight_Workshop_RF_Testing', 'Customer']",1
L020221,Ravi Anders,Samsu_Tech,,,,LinkedIn,"['LinkedIn_Ad_Click', 'No_Conversion']",0
L020222,Priya Lee,Broad_Tech,,APAC,Automotive Ethernet,Website,"['Keysight_University_Course', 'MQL', 'Keysight_University_Course', 'Oscilloscope_Selector_Tool', 'MQL', 'Keysight_Workshop_RF_Testing', 'No_Conversion']",0
L020223,Chen Williams,MetaC_Tech,Electronics,North America,Automotive Ethernet,Event,"['DesignCon_Booth_Visit', 'Website_Product_Page', 'Customer']",1
L020224,Sarah Khan,Samsung Electronics,Telecom,North America,,LinkedIn,['No_Conversion'],0
L020225,Laura Johnson,,Automotive,APAC,5G Testbeds,Website,"['Lab_Integration_Discussion', 'No_Conversion']",0
L020226,Ahmed Anders,Infineon,Semiconductor,Europe,,Event,"['Whitepaper_Download_5G_Test', 'Website_Product_Page', 'No_Conversion']",0
L020227,,Broad_Tech,Telecom,,5G Testbeds,,"['MQL', 'SQL', 'Oscilloscope_Selector_Tool', 'Customer']",1
L020228,Kenji Tanaka,Bosch_Tech,,North America,,Website,"['Website_Product_Page', 'Opportunity', 'AutoSens_Tech_Talk', 'Whitepaper_Download_5G_Test', 'PathWave_Trial_Request', 'No_Conversion']",0
L020229,Maria Williams,Samsung Electronics,Telecom,,,,"['Keysight_Workshop_RF_Testing', 'AutoSens_Tech_Talk', 'Application_Engineer_Call', 'No_Conversion']",0
L020230,Ahmed Garcia,MetaC_Tech,Automotive,North America,Oscilloscopes,Sales Outreach,"['Loaner_Unit_Evaluation', 'AutoSens_Tech_Talk', 'Lab_Integration_Discussion', 'MQL', 'No_Conversion']",0
L020231,Hiroshi Anders,,,Europe,,Event,"['Website_Product_Page', 'Website_Product_Page', 'IMS_Badge_Scan', 'MQL', 'No_Conversion']",0
L020232,Sofia Martinez,Samsu_Tech,Telecom,North America,,Sales Outreach,"['Opportunity', 'AutoSens_Tech_Talk', 'MQL', 'IMS_Badge_Scan', 'Technical_Demo', 'DesignCon_Booth_Visit', 'LinkedIn_Ad_Click', 'Customer']",1
L020233,Kenji Chen,Qualcomm GmbH,,LATAM,Oscilloscopes,Website,"['Loaner_Unit_Evaluation', 'MQL', 'DesignCon_Booth_Visit', 'DesignCon_Booth_Visit', 'Technical_Demo', 'No_Conversion']",0
L020234,Priya Lee,Raytheon,Semiconductor,,Automotive Ethernet,Sales Outreach,"['Technical_Demo', 'Opportunity', 'PathWave_Trial_Request', 'Technical_Demo', 'Opportunity', 'Customer']",1
L020235,Laura Johnson,Sony,,,,Website,"['LinkedIn_Ad_Click', 'No_Conversion']",0
L020236,Kenji Martinez,Samsung Electronics,Automotive,,Automotive Ethernet,Website,['No_Conversion'],0
L020237,Michael Patel,Broadcom GmbH,,North America,,Email Campaign,"['DesignCon_Booth_Visit', 'No_Conversion']",0
L020238,,Sony_Tech,,North America,Oscilloscopes,Event,"['PathWave_Trial_Request', 'MQL', 'DesignCon_Booth_Visit', 'Keysight_University_Course', 'SQL', 'Customer']",1
L020239,Hiroshi Tanaka,Sony,,APAC,Oscilloscopes,LinkedIn,"['LinkedIn_Ad_Click', 'PathWave_Trial_Request', 'Loaner_Unit_Evaluation', 'Website_Product_Page', 'Customer']",1
L020240,Ahmed Ito,Rayth_Tech,Electronics,,,Event,"['Oscilloscope_Selector_Tool', 'Opportunity', 'AutoSens_Tech_Talk', 'IMS_Badge_Scan', 'Lab_Integration_Discussion', 'MQL', 'Technical_Demo', 'Customer']",1
L020241,Sarah Anders,Meta Connectivity Labs,,North America,Automotive Ethernet,Event,"['Keysight_Workshop_RF_Testing', 'Opportunity', 'Oscilloscope_Selector_Tool', 'No_Conversion']",0
L020242,Priya Tanaka,NXP Semiconductors,,,,Sales Outreach,"['MQL', 'Application_Engineer_Call', 'No_Conversion']",0
L020243,Ahmed Johnson,,Aerospace,Europe,,,"['Whitepaper_Download_5G_Test', 'Technical_Demo', 'PathWave_Trial_Request', 'IMS_Badge_Scan', 'LinkedIn_Ad_Click', 'Keysight_Workshop_RF_Testing', 'No_Conversion']",0
L020244,Hiroshi Singh,Qualcomm,Semiconductor,North America,PathWave Software,Webinar,"['Lab_Integration_Discussion', 'Lab_Integration_Discussion', 'Lab_Integration_Discussion', 'Whitepaper_Download_5G_Test', 'LinkedIn_Ad_Click', 'Keysight_University_Course', 'Customer']",1
L020245,Sarah Garcia,Broadcom,,North America,,Sales Outreach,"['Technical_Demo', 'SQL', 'Keysight_University_Course', 'PathWave_Trial_Request', 'Whitepaper_Download_5G_Test', 'Whitepaper_Download_5G_Test', 'No_Conversion']",0
L020246,Sarah Martinez,Qualcomm,Telecom,Europe,,Event,"['Keysight_University_Course', 'Oscilloscope_Selector_Tool', 'SQL', 'SQL', 'LinkedIn_Ad_Click', 'Application_Engineer_Call', 'Customer']",1
L020247,Sofia Chen,Samsung Electronics GmbH,,,,Event,"['MQL', 'No_Conversion']",0
L020248,Priya Singh,NXP Semiconductors GmbH,Electronics,LATAM,Automotive Ethernet,,"['Website_Product_Page', 'IMS_Badge_Scan', 'MQL', 'Oscilloscope_Selector_Tool', 'SQL', 'Website_Product_Page', 'No_Conversion']",0
L020249,Laura Martinez,Broadcom,Aerospace,North America,,LinkedIn,"['SQL', 'Keysight_Workshop_RF_Testing', 'Opportunity', 'Opportunity', 'Technical_Demo', 'MQL', 'PathWave_Trial_Request', 'Customer']",1
L020250,,,,,Automotive Ethernet,Webinar,"['Technical_Demo', 'Whitepaper_Download_5G_Test', 'Loaner_Unit_Evaluation', 'Keysight_Workshop_RF_Testing', 'Customer']",1
L020251,Daniel Chen,Tesla_Tech,Telecom,APAC,5G Testbeds,Event,['No_Conversion'],0
L020252,Daniel Anders,Bosch,Telecom,LATAM,,,"['SQL', 'Keysight_Workshop_RF_Testing', 'Lab_Integration_Discussion', 'No_Conversion']",0
L020253,Sofia Anders,,Telecom,,Automotive Ethernet,Email Campaign,"['Technical_Demo', 'Application_Engineer_Call', 'Opportunity', 'Customer']",1
L020254,Laura Williams,Meta Connectivity Labs GmbH,,North America,Oscilloscopes,,"['Keysight_University_Course', 'Website_Product_Page', 'Customer']",1
L020255,Priya Anders,Qualc_Tech,Telecom,Europe,PathWave Software,LinkedIn,"['LinkedIn_Ad_Click', 'Opportunity', 'Technical_Demo', 'Application_Engineer_Call', 'No_Conversion']",0
L020256,Sofia Johnson,,Automotive,North America,,,"['AutoSens_Tech_Talk', 'Website_Product_Page', 'No_Conversion']",0
L020257,Priya Tanaka,Samsung Electronics,Automotive,APAC,PathWave Software,,"['Oscilloscope_Selector_Tool', 'Keysight_Workshop_RF_Testing', 'AutoSens_Tech_Talk', 'Customer']",1
L020258,Chen Singh,Qualc_Tech,Telecom,North America,PathWave Software,Webinar,"['Loaner_Unit_Evaluation', 'No_Conversion']",0
L020259,,Rayth_Tech,,APAC,,Event,"['MQL', 'No_Conversion']",0
L020260,Ravi Lee,,Electronics,APAC,Oscilloscopes,LinkedIn,"['IMS_Badge_Scan', 'Lab_Integration_Discussion', 'Keysight_Workshop_RF_Testing', 'No_Conversion']",0
L020261,Sofia Tanaka,Infineon,Telecom,,,Website,"['LinkedIn_Ad_Click', 'Keysight_University_Course', 'No_Conversion']",0
L020262,Sofia Chen,Infineon,Telecom,APAC,,,"['Lab_Integration_Discussion', 'DesignCon_Booth_Visit', 'LinkedIn_Ad_Click', 'Website_Product_Page', 'IMS_Badge_Scan', 'Application_Engineer_Call', 'Application_Engineer_Call', 'Customer']",1
L020263,Sofia Patel,Meta Connectivity Labs,,LATAM,Automotive Ethernet,Email Campaign,"['Application_Engineer_Call', 'AutoSens_Tech_Talk', 'Keysight_Workshop_RF_Testing', 'No_Conversion']",0
L020264,Sofia Williams,Samsu_Tech,Automotive,,,,"['Technical_Demo', 'Whitepaper_Download_5G_Test', 'Lab_Integration_Discussion', 'LinkedIn_Ad_Click', 'Keysight_Workshop_RF_Testing', 'IMS_Badge_Scan', 'Customer']",1
L020265,Kenji Ito,Infin_Tech,Automotive,APAC,Oscilloscopes,Event,"['IMS_Badge_Scan', 'Customer']",1
L020266,Michael Khan,Raytheon GmbH,Telecom,LATAM,,Website,"['LinkedIn_Ad_Click', 'Oscilloscope_Selector_Tool', 'Customer']",1
L020267,Sarah Patel,,Semiconductor,North America,Automotive Ethernet,Email Campaign,"['Opportunity', 'PathWave_Trial_Request', 'LinkedIn_Ad_Click', 'AutoSens_Tech_Talk', 'AutoSens_Tech_Talk', 'SQL', 'Oscilloscope_Selector_Tool', 'No_Conversion']",0
L020268,Daniel Lee,Infineon GmbH,Semiconductor,North America,Automotive Ethernet,Event,['Customer'],1
L020269,Maria Williams,MetaC_Tech,Electronics,,Automotive Ethernet,LinkedIn,"['Keysight_Workshop_RF_Testing', 'Opportunity', 'LinkedIn_Ad_Click', 'Whitepaper_Download_5G_Test', 'Application_Engineer_Call', 'Application_Engineer_Call', 'MQL', 'SQL', 'LinkedIn_Ad_Click', 'No_Conversion']",0
L020270,Sofia Williams,,Telecom,Europe,PathWave Software,Sales Outreach,"['Application_Engineer_Call', 'Customer']",1
L020271,Michael Tanaka,,,,Oscilloscopes,Email Campaign,"['AutoSens_Tech_Talk', 'No_Conversion']",0
L020272,Hiroshi Khan,MetaC_Tech,Semiconductor,APAC,Automotive Ethernet,Event,"['PathWave_Trial_Request', 'Website_Product_Page', 'Oscilloscope_Selector_Tool', 'No_Conversion']",0
L020273,Hiroshi Garcia,Meta Connectivity Labs GmbH,,Europe,Automotive Ethernet,,"['LinkedIn_Ad_Click', 'IMS_Badge_Scan', 'No_Conversion']",0
L020274,Hiroshi Singh,Raytheon,Semiconductor,North America,,,"['Keysight_Workshop_RF_Testing', 'Customer']",1
L020275,Sofia Ito,Tesla Energy,Aerospace,,Oscilloscopes,Email Campaign,"['AutoSens_Tech_Talk', 'Opportunity', 'PathWave_Trial_Request', 'Lab_Integration_Discussion', 'No_Conversion']",0
L020276,Daniel Garcia,Infin_Tech,Semiconductor,North America,,Event,['Customer'],1
L020277,Hiroshi Patel,,,North America,,Website,"['PathWave_Trial_Request', 'Whitepaper_Download_5G_Test', 'Whitepaper_Download_5G_Test', 'LinkedIn_Ad_Click', 'MQL', 'No_Conversion']",0
L020278,Chen Patel,Broadcom GmbH,Semiconductor,APAC,5G Testbeds,LinkedIn,"['AutoSens_Tech_Talk', 'Application_Engineer_Call', 'Website_Product_Page', 'No_Conversion']",0
L020279,Ahmed Williams,,Electronics,APAC,Automotive Ethernet,,"['Opportunity', 'MQL', 'SQL', 'AutoSens_Tech_Talk', 'SQL', 'Customer']",1
L020280,Hiroshi Singh,Samsung Electronics GmbH,,,PathWave Software,,"['Website_Product_Page', 'Keysight_University_Course', 'SQL', 'Loaner_Unit_Evaluation', 'Technical_Demo', 'Loaner_Unit_Evaluation', 'MQL', 'No_Conversion']",0
L020281,Hiroshi Ito,Samsu_Tech,Semiconductor,,Automotive Ethernet,Website,"['LinkedIn_Ad_Click', 'Customer']",1
L020282,Daniel Johnson,Raytheon GmbH,,,,LinkedIn,"['Loaner_Unit_Evaluation', 'PathWave_Trial_Request', 'Technical_Demo', 'No_Conversion']",0
L020283,Ahmed Ito,NXP Semiconductors,Telecom,,,Website,"['Keysight_University_Course', 'Keysight_University_Course', 'AutoSens_Tech_Talk', 'No_Conversion']",0
L020284,Sarah Garcia,Meta Connectivity Labs,,,5G Testbeds,LinkedIn,"['PathWave_Trial_Request', 'Opportunity', 'No_Conversion']",0
L020285,Sarah Martinez,Tesla_Tech,Electronics,North America,Automotive Ethernet,Sales Outreach,"['Opportunity', 'PathWave_Trial_Request', 'Loaner_Unit_Evaluation', 'Website_Product_Page', 'IMS_Badge_Scan', 'Customer']",1
L020286,Chen Singh,Meta Connectivity Labs,Telecom,Europe,Oscilloscopes,Webinar,"['Oscilloscope_Selector_Tool', 'Website_Product_Page', 'Opportunity', 'SQL', 'AutoSens_Tech_Talk', 'Opportunity', 'Oscilloscope_Selector_Tool', 'Oscilloscope_Selector_Tool', 'Technical_Demo', 'DesignCon_Booth_Visit', 'No_Conversion']",0
L020287,Hiroshi Ito,Broadcom,Telecom,LATAM,,Event,"['Technical_Demo', 'PathWave_Trial_Request', 'Keysight_University_Course', 'PathWave_Trial_Request', 'Technical_Demo', 'Customer']",1
L020288,Michael Martinez,,,North America,,Event,"['AutoSens_Tech_Talk', 'Loaner_Unit_Evaluation', 'SQL', 'No_Conversion']",0
L020289,Maria Singh,Rayth_Tech,,North America,,Website,"['Keysight_Workshop_RF_Testing', 'Loaner_Unit_Evaluation', 'AutoSens_Tech_Talk', 'Customer']",1
L020290,Maria Johnson,NXP Semiconductors GmbH,Semiconductor,North America,Oscilloscopes,LinkedIn,"['Keysight_Workshop_RF_Testing', 'Lab_Integration_Discussion', 'PathWave_Trial_Request', 'Loaner_Unit_Evaluation', 'No_Conversion']",0
L020291,Sarah Johnson,Tesla Energy,Telecom,Europe,,Event,"['MQL', 'Keysight_Workshop_RF_Testing', 'Loaner_Unit_Evaluation', 'MQL', 'IMS_Badge_Scan', 'No_Conversion']",0
L020292,,Rayth_Tech,Electronics,,,Webinar,['Customer'],1
L020293,Ahmed Tanaka,Broadcom,,,PathWave Software,Sales Outreach,"['Whitepaper_Download_5G_Test', 'Customer']",1
L020294,Priya Khan,Broad_Tech,Automotive,,PathWave Software,Webinar,"['LinkedIn_Ad_Click', 'AutoSens_Tech_Talk', 'Whitepaper_Download_5G_Test', 'MQL', 'PathWave_Trial_Request', 'PathWave_Trial_Request', 'AutoSens_Tech_Talk', 'Opportunity', 'Lab_Integration_Discussion', 'Customer']",1
L020295,Chen Tanaka,,Electronics,Europe,Automotive Ethernet,,"['Whitepaper_Download_5G_Test', 'PathWave_Trial_Request', 'Opportunity', 'Website_Product_Page', 'Technical_Demo', 'SQL', 'Application_Engineer_Call', 'No_Conversion']",0
L020296,,MetaC_Tech,,North America,Oscilloscopes,Sales Outreach,"['LinkedIn_Ad_Click', 'LinkedIn_Ad_Click', 'AutoSens_Tech_Talk', 'Keysight_University_Course', 'Opportunity', 'Loaner_Unit_Evaluation', 'No_Conversion']",0
L020297,Sofia Anders,,,,PathWave Software,Event,"['Keysight_University_Course', 'Website_Product_Page', 'Technical_Demo', 'DesignCon_Booth_Visit', 'PathWave_Trial_Request', 'PathWave_Trial_Request', 'Customer']",1
L020298,Ahmed Patel,Bosch,Semiconductor,APAC,,Website,"['MQL', 'Customer']",1
L020299,Michael Singh,,Telecom,LATAM,Oscilloscopes,,"['Technical_Demo', 'LinkedIn_Ad_Click', 'IMS_Badge_Scan', 'Lab_Integration_Discussion', 'Website_Product_Page', 'Technical_Demo', 'No_Conversion']",0
L020300,Priya Singh,NXP Semiconductors GmbH,,Europe,,,"['Opportunity', 'No_Conversion']",0
L020301,Chen Martinez,,Semiconductor,LATAM,5G Testbeds,Website,"['AutoSens_Tech_Talk', 'Opportunity', 'Technical_Demo', 'MQL', 'Keysight_University_Course', 'Application_Engineer_Call', 'Lab_Integration_Discussion', 'Opportunity', 'DesignCon_Booth_Visit', 'Application_Engineer_Call', 'No_Conversion']",0
L020302,Laura Johnson,NXP Semiconductors,,Europe,,Webinar,['Customer'],1
L020303,Priya Tanaka,Meta Connectivity Labs GmbH,,LATAM,Oscilloscopes,Event,['Customer'],1
L020304,Laura Patel,Samsung Electronics GmbH,,North America,5G Testbeds,Email Campaign,['No_Conversion'],0
L020305,Sofia Martinez,Samsung Electronics,Semiconductor,,Automotive Ethernet,LinkedIn,['No_Conversion'],0
L020306,Sarah Anders,Rayth_Tech,,LATAM,,Email Campaign,"['Oscilloscope_Selector_Tool', 'SQL', 'Opportunity', 'LinkedIn_Ad_Click', 'Whitepaper_Download_5G_Test', 'IMS_Badge_Scan', 'No_Conversion']",0
L020307,Sofia Tanaka,Rayth_Tech,Automotive,Europe,PathWave Software,Website,"['LinkedIn_Ad_Click', 'Application_Engineer_Call', 'Technical_Demo', 'Oscilloscope_Selector_Tool', 'LinkedIn_Ad_Click', 'IMS_Badge_Scan', 'LinkedIn_Ad_Click', 'Lab_Integration_Discussion', 'No_Conversion']",0
L020308,Sarah Anders,MetaC_Tech,Automotive,APAC,,Event,"['LinkedIn_Ad_Click', 'SQL', 'LinkedIn_Ad_Click', 'Opportunity', 'PathWave_Trial_Request', 'Keysight_Workshop_RF_Testing', 'Customer']",1
L020309,,Broadcom GmbH,Automotive,,Oscilloscopes,Webinar,"['Lab_Integration_Discussion', 'PathWave_Trial_Request', 'Technical_Demo', 'Whitepaper_Download_5G_Test', 'MQL', 'Technical_Demo', 'MQL', 'AutoSens_Tech_Talk', 'Application_Engineer_Call', 'No_Conversion']",0
L020310,Maria Khan,Sony GmbH,Electronics,Europe,,Webinar,"['LinkedIn_Ad_Click', 'Opportunity', 'Keysight_Workshop_RF_Testing', 'LinkedIn_Ad_Click', 'IMS_Badge_Scan', 'Customer']",1
L020311,Michael Ito,Tesla Energy,Electronics,Europe,PathWave Software,,['Customer'],1
L020312,Chen Patel,Infin_Tech,Electronics,,,,"['MQL', 'Technical_Demo', 'Lab_Integration_Discussion', 'PathWave_Trial_Request', 'Keysight_University_Course', 'MQL', 'SQL', 'Whitepaper_Download_5G_Test', 'SQL', 'Customer']",1
L020313,Ravi Garcia,Sony GmbH,Telecom,APAC,,,"['Keysight_Workshop_RF_Testing', 'SQL', 'Technical_Demo', 'Loaner_Unit_Evaluation', 'MQL', 'Customer']",1
L020314,Priya Singh,,,Europe,Automotive Ethernet,Event,"['Application_Engineer_Call', 'Oscilloscope_Selector_Tool', 'Oscilloscope_Selector_Tool', 'Keysight_Workshop_RF_Testing', 'Oscilloscope_Selector_Tool', 'MQL', 'Application_Engineer_Call', 'Loaner_Unit_Evaluation', 'Keysight_Workshop_RF_Testing', 'Customer']",1
L020315,Laura Tanaka,Tesla Energy GmbH,Telecom,LATAM,,,"['Keysight_Workshop_RF_Testing', 'Website_Product_Page', 'Technical_Demo', 'DesignCon_Booth_Visit', 'Loaner_Unit_Evaluation', 'IMS_Badge_Scan', 'Technical_Demo', 'SQL', 'Customer']",1
L020316,Laura Williams,,,LATAM,Automotive Ethernet,Sales Outreach,"['DesignCon_Booth_Visit', 'Oscilloscope_Selector_Tool', 'IMS_Badge_Scan', 'Keysight_University_Course', 'Technical_Demo', 'Opportunity', 'Opportunity', 'Website_Product_Page', 'SQL', 'Customer']",1
L020317,,Raytheon,,North America,Oscilloscopes,Email Campaign,"['SQL', 'Whitepaper_Download_5G_Test', 'AutoSens_Tech_Talk', 'No_Conversion']",0
L020318,Laura Chen,,,LATAM,Automotive Ethernet,Event,"['SQL', 'Keysight_Workshop_RF_Testing', 'Keysight_University_Course', 'Keysight_Workshop_RF_Testing', 'Website_Product_Page', 'Customer']",1
L020319,Daniel Chen,Tesla Energy,Electronics,APAC,5G Testbeds,Email Campaign,"['Technical_Demo', 'IMS_Badge_Scan', 'PathWave_Trial_Request', 'No_Conversion']",0
L020320,Kenji Patel,Qualc_Tech,,APAC,PathWave Software,Webinar,"['DesignCon_Booth_Visit', 'Keysight_University_Course', 'Application_Engineer_Call', 'AutoSens_Tech_Talk', 'Customer']",1
L020321,Maria Chen,Broadcom GmbH,,LATAM,Automotive Ethernet,LinkedIn,"['PathWave_Trial_Request', 'LinkedIn_Ad_Click', 'Loaner_Unit_Evaluation', 'Application_Engineer_Call', 'No_Conversion']",0
L020322,Priya Lee,Sony GmbH,Automotive,APAC,5G Testbeds,Email Campaign,"['Lab_Integration_Discussion', 'Customer']",1
L020323,Ravi Patel,Sony GmbH,Telecom,LATAM,Oscilloscopes,,"['Whitepaper_Download_5G_Test', 'Keysight_University_Course', 'Keysight_University_Course', 'No_Conversion']",0
L020324,Chen Ito,Sony,Electronics,APAC,PathWave Software,,"['Lab_Integration_Discussion', 'Website_Product_Page', 'Customer']",1
L020325,Sarah Garcia,Tesla_Tech,Electronics,APAC,Automotive Ethernet,Email Campaign,"['PathWave_Trial_Request', 'AutoSens_Tech_Talk', 'Customer']",1
L020326,Maria Martinez,Broad_Tech,,LATAM,Automotive Ethernet,Email Campaign,"['Loaner_Unit_Evaluation', 'PathWave_Trial_Request', 'Oscilloscope_Selector_Tool', 'Application_Engineer_Call', 'Application_Engineer_Call', 'LinkedIn_Ad_Click', 'Technical_Demo', 'No_Conversion']",0
L020327,Maria Khan,Qualcomm,,APAC,,Webinar,"['SQL', 'LinkedIn_Ad_Click', 'Loaner_Unit_Evaluation', 'AutoSens_Tech_Talk', 'LinkedIn_Ad_Click', 'Opportunity', 'PathWave_Trial_Request', 'IMS_Badge_Scan', 'LinkedIn_Ad_Click', 'Technical_Demo', 'No_Conversion']",0
L020328,Sofia Garcia,Qualcomm GmbH,,APAC,5G Testbeds,Email Campaign,"['AutoSens_Tech_Talk', 'SQL', 'Keysight_University_Course', 'Opportunity', 'Whitepaper_Download_5G_Test', 'Oscilloscope_Selector_Tool', 'No_Conversion']",0
L020329,Priya Patel,Qualc_Tech,,APAC,,,"['Lab_Integration_Discussion', 'Technical_Demo', 'AutoSens_Tech_Talk', 'Loaner_Unit_Evaluation', 'Lab_Integration_Discussion', 'Customer']",1
L020330,Maria Garcia,Raytheon,Telecom,North America,,Sales Outreach,"['PathWave_Trial_Request', 'Website_Product_Page', 'Technical_Demo', 'Whitepaper_Download_5G_Test', 'Lab_Integration_Discussion', 'Customer']",1
L020331,,,Telecom,Europe,PathWave Software,Sales Outreach,"['Technical_Demo', 'Customer']",1
L020332,Chen Singh,Meta Connectivity Labs GmbH,Electronics,,Oscilloscopes,Webinar,"['Application_Engineer_Call', 'Website_Product_Page', 'Keysight_University_Course', 'Keysight_University_Course', 'IMS_Badge_Scan', 'MQL', 'Loaner_Unit_Evaluation', 'Website_Product_Page', 'Oscilloscope_Selector_Tool', 'Opportunity', 'Customer']",1
L020333,Daniel Singh,,,LATAM,Automotive Ethernet,Sales Outreach,"['Keysight_University_Course', 'Whitepaper_Download_5G_Test', 'IMS_Badge_Scan', 'No_Conversion']",0
L020334,,Qualc_Tech,Telecom,North America,Oscilloscopes,Event,['Customer'],1
L020335,Sarah Tanaka,,,LATAM,Automotive Ethernet,Email Campaign,"['Whitepaper_Download_5G_Test', 'DesignCon_Booth_Visit', 'Website_Product_Page', 'IMS_Badge_Scan', 'Application_Engineer_Call', 'MQL', 'DesignCon_Booth_Visit', 'No_Conversion']",0
L020336,Sarah Anders,NXP Semiconductors GmbH,Semiconductor,,Automotive Ethernet,LinkedIn,"['SQL', 'IMS_Badge_Scan', 'Application_Engineer_Call', 'LinkedIn_Ad_Click', 'Customer']",1
L020337,Daniel Garcia,Raytheon GmbH,Electronics,,Automotive Ethernet,Sales Outreach,['No_Conversion'],0
L020338,Ahmed Chen,Samsung Electronics,Automotive,,Automotive Ethernet,LinkedIn,"['Keysight_Workshop_RF_Testing', 'MQL', 'Whitepaper_Download_5G_Test', 'Keysight_Workshop_RF_Testing', 'Website_Product_Page', 'Oscilloscope_Selector_Tool', 'No_Conversion']",0
L020339,Priya Garcia,,,LATAM,Oscilloscopes,LinkedIn,"['Website_Product_Page', 'Application_Engineer_Call', 'Whitepaper_Download_5G_Test', 'PathWave_Trial_Request', 'Application_Engineer_Call', 'Application_Engineer_Call', 'Application_Engineer_Call', 'IMS_Badge_Scan', 'No_Conversion']",0
L020340,Michael Williams,Raytheon,Automotive,LATAM,Oscilloscopes,Event,"['PathWave_Trial_Request', 'Keysight_University_Course', 'PathWave_Trial_Request', 'DesignCon_Booth_Visit', 'Whitepaper_Download_5G_Test', 'PathWave_Trial_Request', 'Oscilloscope_Selector_Tool', 'Whitepaper_Download_5G_Test', 'No_Conversion']",0
L020341,Kenji Lee,Tesla Energy GmbH,,North America,Oscilloscopes,Sales Outreach,"['DesignCon_Booth_Visit', 'Opportunity', 'Lab_Integration_Discussion', 'Whitepaper_Download_5G_Test', 'LinkedIn_Ad_Click', 'MQL', 'No_Conversion']",0
L020342,Daniel Garcia,Bosch_Tech,Aerospace,LATAM,,Sales Outreach,"['Keysight_University_Course', 'Technical_Demo', 'Technical_Demo', 'SQL', 'Keysight_University_Course', 'No_Conversion']",0
L020343,Priya Lee,Infineon,,Europe,,Event,"['LinkedIn_Ad_Click', 'Loaner_Unit_Evaluation', 'Keysight_Workshop_RF_Testing', 'Customer']",1
L020344,Kenji Anders,,Semiconductor,LATAM,,Sales Outreach,"['Technical_Demo', 'Keysight_University_Course', 'MQL', 'Keysight_Workshop_RF_Testing', 'IMS_Badge_Scan', 'MQL', 'No_Conversion']",0
L020345,Kenji Patel,Meta Connectivity Labs,Electronics,Europe,PathWave Software,Webinar,"['LinkedIn_Ad_Click', 'LinkedIn_Ad_Click', 'MQL', 'Keysight_Workshop_RF_Testing', 'IMS_Badge_Scan', 'No_Conversion']",0
L020346,Kenji Johnson,Samsung Electronics GmbH,Aerospace,LATAM,Oscilloscopes,Event,"['Oscilloscope_Selector_Tool', 'Whitepaper_Download_5G_Test', 'SQL', 'Oscilloscope_Selector_Tool', 'Website_Product_Page', 'MQL', 'Loaner_Unit_Evaluation', 'Website_Product_Page', 'No_Conversion']",0
L020347,Laura Khan,Qualc_Tech,Aerospace,,Oscilloscopes,Event,"['SQL', 'Keysight_University_Course', 'Keysight_University_Course', 'Application_Engineer_Call', 'Website_Product_Page', 'AutoSens_Tech_Talk', 'Loaner_Unit_Evaluation', 'No_Conversion']",0
L020348,Kenji Patel,Meta Connectivity Labs,Telecom,APAC,,Sales Outreach,"['Lab_Integration_Discussion', 'LinkedIn_Ad_Click', 'Loaner_Unit_Evaluation', 'Application_Engineer_Call', 'AutoSens_Tech_Talk', 'Oscilloscope_Selector_Tool', 'AutoSens_Tech_Talk', 'No_Conversion']",0
L020349,Maria Ito,Raytheon GmbH,Automotive,APAC,PathWave Software,,"['SQL', 'Oscilloscope_Selector_Tool', 'Loaner_Unit_Evaluation', 'Opportunity', 'Lab_Integration_Discussion', 'Technical_Demo', 'No_Conversion']",0
L020350,Sofia Ito,Meta Connectivity Labs GmbH,,North America,,LinkedIn,['No_Conversion'],0
L020351,Kenji Johnson,Tesla_Tech,Telecom,,PathWave Software,Event,"['Website_Product_Page', 'Opportunity', 'Website_Product_Page', 'IMS_Badge_Scan', 'Application_Engineer_Call', 'MQL', 'Keysight_University_Course', 'Whitepaper_Download_5G_Test', 'Opportunity', 'SQL', 'No_Conversion']",0
L020352,Michael Chen,Broadcom,Aerospace,LATAM,,Website,"['LinkedIn_Ad_Click', 'SQL', 'Customer']",1
L020353,Ahmed Patel,Bosch_Tech,,APAC,Automotive Ethernet,Email Campaign,"['PathWave_Trial_Request', 'Opportunity', 'Lab_Integration_Discussion', 'Opportunity', 'Application_Engineer_Call', 'No_Conversion']",0
L020354,Michael Tanaka,,,APAC,Automotive Ethernet,Webinar,"['Keysight_Workshop_RF_Testing', 'SQL', 'Technical_Demo', 'No_Conversion']",0
L020355,Daniel Lee,Bosch GmbH,,Europe,5G Testbeds,Event,"['DesignCon_Booth_Visit', 'Oscilloscope_Selector_Tool', 'Keysight_Workshop_RF_Testing', 'Customer']",1
L020356,,Bosch_Tech,Semiconductor,APAC,5G Testbeds,Event,"['LinkedIn_Ad_Click', 'Technical_Demo', 'DesignCon_Booth_Visit', 'No_Conversion']",0
L020357,Laura Lee,Tesla Energy,Automotive,North America,PathWave Software,LinkedIn,"['SQL', 'MQL', 'DesignCon_Booth_Visit', 'Website_Product_Page', 'Website_Product_Page', 'Oscilloscope_Selector_Tool', 'Application_Engineer_Call', 'Opportunity', 'Customer']",1
L020358,Ahmed Martinez,NXPSe_Tech,Automotive,APAC,,Website,"['IMS_Badge_Scan', 'Keysight_University_Course', 'Oscilloscope_Selector_Tool', 'Customer']",1
L020359,Ravi Tanaka,Broadcom GmbH,Aerospace,LATAM,,Event,"['IMS_Badge_Scan', 'No_Conversion']",0
L020360,Maria Tanaka,Qualc_Tech,Aerospace,LATAM,Oscilloscopes,Sales Outreach,"['Loaner_Unit_Evaluation', 'DesignCon_Booth_Visit', 'Customer']",1
L020361,Laura Chen,Qualcomm GmbH,Aerospace,LATAM,PathWave Software,LinkedIn,"['Application_Engineer_Call', 'Website_Product_Page', 'Opportunity', 'AutoSens_Tech_Talk', 'Keysight_University_Course', 'LinkedIn_Ad_Click', 'No_Conversion']",0
L020362,Kenji Williams,Broadcom GmbH,Aerospace,Europe,Automotive Ethernet,Sales Outreach,['No_Conversion'],0
L020363,Daniel Anders,,,,5G Testbeds,Sales Outreach,"['Keysight_Workshop_RF_Testing', 'SQL', 'DesignCon_Booth_Visit', 'Customer']",1
L020364,Maria Williams,Raytheon,,APAC,,LinkedIn,['No_Conversion'],0
L020365,Maria Garcia,Tesla_Tech,,,PathWave Software,,"['LinkedIn_Ad_Click', 'Lab_Integration_Discussion', 'No_Conversion']",0
L020366,Kenji Johnson,,Semiconductor,,,LinkedIn,"['Opportunity', 'Customer']",1
L020367,Maria Tanaka,NXP Semiconductors,,APAC,,Event,"['AutoSens_Tech_Talk', 'Application_Engineer_Call', 'PathWave_Trial_Request', 'Whitepaper_Download_5G_Test', 'No_Conversion']",0
L020368,Chen Chen,Raytheon,,LATAM,Automotive Ethernet,,"['AutoSens_Tech_Talk', 'No_Conversion']",0
L020369,Chen Tanaka,Samsung Electronics,Telecom,LATAM,,LinkedIn,"['PathWave_Trial_Request', 'Technical_Demo', 'Customer']",1
L020370,Chen Tanaka,Samsu_Tech,,Europe,PathWave Software,Webinar,"['IMS_Badge_Scan', 'Loaner_Unit_Evaluation', 'MQL', 'No_Conversion']",0
L020371,Maria Garcia,Infineon,,North America,,Event,"['Application_Engineer_Call', 'Whitepaper_Download_5G_Test', 'IMS_Badge_Scan', 'Technical_Demo', 'DesignCon_Booth_Visit', 'Customer']",1
L020372,Michael Anders,Broadcom GmbH,,LATAM,PathWave Software,,"['AutoSens_Tech_Talk', 'AutoSens_Tech_Talk', 'Oscilloscope_Selector_Tool', 'AutoSens_Tech_Talk', 'Keysight_Workshop_RF_Testing', 'Customer']",1
L020373,Sarah Martinez,Broadcom GmbH,Electronics,LATAM,Automotive Ethernet,Sales Outreach,"['Application_Engineer_Call', 'Whitepaper_Download_5G_Test', 'Whitepaper_Download_5G_Test', 'IMS_Badge_Scan', 'Lab_Integration_Discussion', 'Loaner_Unit_Evaluation', 'PathWave_Trial_Request', 'Keysight_University_Course', 'Keysight_Workshop_RF_Testing', 'SQL', 'No_Conversion']",0
L020374,Hiroshi Khan,Qualc_Tech,,LATAM,5G Testbeds,Email Campaign,"['Opportunity', 'Oscilloscope_Selector_Tool', 'Lab_Integration_Discussion', 'No_Conversion']",0
L020375,Michael Martinez,,Telecom,APAC,PathWave Software,LinkedIn,"['MQL', 'AutoSens_Tech_Talk', 'Oscilloscope_Selector_Tool', 'MQL', 'MQL', 'No_Conversion']",0
L020376,Sofia Williams,Qualcomm GmbH,,North America,Automotive Ethernet,LinkedIn,['Customer'],1
L020377,Laura Khan,,,,5G Testbeds,LinkedIn,"['Whitepaper_Download_5G_Test', 'AutoSens_Tech_Talk', 'Customer']",1
L020378,Laura Chen,Qualc_Tech,Automotive,LATAM,,Webinar,"['Application_Engineer_Call', 'No_Conversion']",0
L020379,Ahmed Singh,Tesla Energy,Telecom,,Automotive Ethernet,Sales Outreach,"['PathWave_Trial_Request', 'IMS_Badge_Scan', 'Keysight_Workshop_RF_Testing', 'Loaner_Unit_Evaluation', 'LinkedIn_Ad_Click', 'No_Conversion']",0
L020380,Ahmed Williams,NXPSe_Tech,Telecom,LATAM,,Webinar,"['Website_Product_Page', 'Keysight_Workshop_RF_Testing', 'LinkedIn_Ad_Click', 'AutoSens_Tech_Talk', 'AutoSens_Tech_Talk', 'Whitepaper_Download_5G_Test', 'Keysight_University_Course', 'Lab_Integration_Discussion', 'Lab_Integration_Discussion', 'AutoSens_Tech_Talk', 'No_Conversion']",0
L020381,Hiroshi Johnson,Qualcomm GmbH,Telecom,Europe,5G Testbeds,Website,"['Oscilloscope_Selector_Tool', 'Technical_Demo', 'Lab_Integration_Discussion', 'Keysight_University_Course', 'Opportunity', 'Customer']",1
L020382,Ahmed Tanaka,MetaC_Tech,Aerospace,Europe,Oscilloscopes,LinkedIn,"['Keysight_University_Course', 'Opportunity', 'Loaner_Unit_Evaluation', 'DesignCon_Booth_Visit', 'Technical_Demo', 'DesignCon_Booth_Visit', 'Website_Product_Page', 'No_Conversion']",0
L020383,Sofia Williams,Bosch,,APAC,Automotive Ethernet,,"['Website_Product_Page', 'LinkedIn_Ad_Click', 'Oscilloscope_Selector_Tool', 'SQL', 'Customer']",1
L020384,Ravi Williams,Bosch_Tech,,APAC,5G Testbeds,Webinar,"['IMS_Badge_Scan', 'PathWave_Trial_Request', 'No_Conversion']",0
L020385,Michael Anders,Tesla Energy GmbH,Telecom,APAC,PathWave Software,Website,['No_Conversion'],0
L020386,Ahmed Anders,Infineon GmbH,,LATAM,,Webinar,"['Opportunity', 'Keysight_University_Course', 'No_Conversion']",0
L020387,Sarah Williams,Samsu_Tech,Telecom,,Automotive Ethernet,Webinar,"['Opportunity', 'IMS_Badge_Scan', 'MQL', 'Customer']",1
L020388,Chen Chen,Qualcomm,Electronics,Europe,5G Testbeds,Sales Outreach,"['Website_Product_Page', 'No_Conversion']",0
L020389,Ahmed Anders,NXPSe_Tech,,Europe,Automotive Ethernet,Sales Outreach,"['Keysight_Workshop_RF_Testing', 'PathWave_Trial_Request', 'LinkedIn_Ad_Click', 'AutoSens_Tech_Talk', 'Lab_Integration_Discussion', 'Oscilloscope_Selector_Tool', 'LinkedIn_Ad_Click', 'No_Conversion']",0
L020390,Priya Lee,Bosch GmbH,,Europe,,Event,"['IMS_Badge_Scan', 'Customer']",1
L020391,Daniel Johnson,Infin_Tech,,LATAM,Oscilloscopes,Website,['Customer'],1
L020392,,Tesla Energy GmbH,,North America,Automotive Ethernet,Sales Outreach,['Customer'],1
L020393,Hiroshi Anders,Sony,,Europe,,LinkedIn,"['Keysight_Workshop_RF_Testing', 'MQL', 'LinkedIn_Ad_Click', 'Opportunity', 'Keysight_University_Course', 'Whitepaper_Download_5G_Test', 'Customer']",1
L020394,Priya Johnson,Bosch_Tech,Telecom,APAC,Oscilloscopes,Sales Outreach,"['Keysight_Workshop_RF_Testing', 'IMS_Badge_Scan', 'Website_Product_Page', 'LinkedIn_Ad_Click', 'Technical_Demo', 'No_Conversion']",0
L020395,Michael Tanaka,Samsu_Tech,,,Oscilloscopes,Email Campaign,"['Website_Product_Page', 'PathWave_Trial_Request', 'Loaner_Unit_Evaluation', 'Keysight_University_Course', 'No_Conversion']",0
L020396,Chen Chen,,,,,Webinar,"['Keysight_University_Course', 'Whitepaper_Download_5G_Test', 'MQL', 'Lab_Integration_Discussion', 'Keysight_Workshop_RF_Testing', 'No_Conversion']",0
L020397,Laura Chen,Broad_Tech,,APAC,,Webinar,"['Keysight_Workshop_RF_Testing', 'Opportunity', 'Lab_Integration_Discussion', 'Customer']",1
L020398,Sofia Martinez,MetaC_Tech,Automotive,Europe,PathWave Software,LinkedIn,"['Loaner_Unit_Evaluation', 'Lab_Integration_Discussion', 'Application_Engineer_Call', 'IMS_Badge_Scan', 'No_Conversion']",0
L020399,Daniel Chen,Meta Connectivity Labs,,APAC,,Email Campaign,"['Technical_Demo', 'Technical_Demo', 'SQL', 'MQL', 'MQL', 'LinkedIn_Ad_Click', 'DesignCon_Booth_Visit', 'Technical_Demo', 'Website_Product_Page', 'Customer']",1
L020400,Ahmed Martinez,NXPSe_Tech,Automotive,,Automotive Ethernet,Email Campaign,"['MQL', 'SQL', 'SQL', 'PathWave_Trial_Request', 'SQL', 'Lab_Integration_Discussion', 'MQL', 'Loaner_Unit_Evaluation', 'Whitepaper_Download_5G_Test', 'AutoSens_Tech_Talk', 'Customer']",1
L020401,Chen Martinez,,,APAC,PathWave Software,Webinar,"['SQL', 'IMS_Badge_Scan', 'No_Conversion']",0
L020402,Ahmed Garcia,Meta Connectivity Labs,,APAC,Oscilloscopes,Sales Outreach,"['IMS_Badge_Scan', 'LinkedIn_Ad_Click', 'Loaner_Unit_Evaluation', 'AutoSens_Tech_Talk', 'Keysight_Workshop_RF_Testing', 'LinkedIn_Ad_Click', 'Website_Product_Page', 'Opportunity', 'Loaner_Unit_Evaluation', 'No_Conversion']",0
L020403,Sarah Chen,Sony_Tech,Automotive,LATAM,5G Testbeds,Event,"['Website_Product_Page', 'Opportunity', 'SQL', 'Website_Product_Page', 'Keysight_University_Course', 'SQL', 'Website_Product_Page', 'Lab_Integration_Discussion', 'AutoSens_Tech_Talk', 'No_Conversion']",0
L020404,Sarah Singh,Samsung Electronics GmbH,,,Automotive Ethernet,Event,"['IMS_Badge_Scan', 'Application_Engineer_Call', 'Whitepaper_Download_5G_Test', 'Oscilloscope_Selector_Tool', 'DesignCon_Booth_Visit', 'No_Conversion']",0
L020405,,,Automotive,Europe,,,"['Oscilloscope_Selector_Tool', 'Lab_Integration_Discussion', 'Keysight_Workshop_RF_Testing', 'Loaner_Unit_Evaluation', 'Application_Engineer_Call', 'AutoSens_Tech_Talk', 'Customer']",1
L020406,Laura Chen,,Telecom,LATAM,,Email Campaign,"['Website_Product_Page', 'Website_Product_Page', 'Keysight_University_Course', 'Lab_Integration_Discussion', 'No_Conversion']",0
L020407,Sofia Patel,Qualcomm GmbH,Automotive,North America,5G Testbeds,,"['PathWave_Trial_Request', 'PathWave_Trial_Request', 'DesignCon_Booth_Visit', 'Technical_Demo', 'DesignCon_Booth_Visit', 'PathWave_Trial_Request', 'Customer']",1
L020408,Kenji Chen,,Semiconductor,North America,PathWave Software,Webinar,"['Keysight_Workshop_RF_Testing', 'LinkedIn_Ad_Click', 'Keysight_University_Course', 'Oscilloscope_Selector_Tool', 'PathWave_Trial_Request', 'No_Conversion']",0
L020409,Sarah Anders,Bosch_Tech,Electronics,APAC,,Event,"['Opportunity', 'Opportunity', 'SQL', 'Oscilloscope_Selector_Tool', 'Loaner_Unit_Evaluation', 'IMS_Badge_Scan', 'No_Conversion']",0
L020410,Laura Tanaka,Samsu_Tech,Electronics,APAC,,Email Campaign,"['DesignCon_Booth_Visit', 'AutoSens_Tech_Talk', 'Customer']",1
L020411,Ravi Johnson,Raytheon,Aerospace,Europe,Oscilloscopes,Sales Outreach,"['Loaner_Unit_Evaluation', 'IMS_Badge_Scan', 'Loaner_Unit_Evaluation', 'Keysight_Workshop_RF_Testing', 'IMS_Badge_Scan', 'Technical_Demo', 'Keysight_University_Course', 'No_Conversion']",0
L020412,Chen Khan,Qualc_Tech,Aerospace,North America,Oscilloscopes,LinkedIn,"['MQL', 'Whitepaper_Download_5G_Test', 'Customer']",1
L020413,Priya Johnson,Samsung Electronics GmbH,Telecom,APAC,Automotive Ethernet,Event,"['MQL', 'SQL', 'Loaner_Unit_Evaluation', 'Lab_Integration_Discussion', 'Application_Engineer_Call', 'No_Conversion']",0
L020414,Michael Khan,Bosch GmbH,Aerospace,North America,Oscilloscopes,Email Campaign,"['Loaner_Unit_Evaluation', 'AutoSens_Tech_Talk', 'MQL', 'Keysight_Workshop_RF_Testing', 'Website_Product_Page', 'Technical_Demo', 'AutoSens_Tech_Talk', 'No_Conversion']",0
L020415,Hiroshi Williams,Sony_Tech,Semiconductor,,Oscilloscopes,Webinar,"['PathWave_Trial_Request', 'Opportunity', 'Lab_Integration_Discussion', 'Customer']",1
L020416,Kenji Lee,Infineon,Aerospace,,Automotive Ethernet,,"['Whitepaper_Download_5G_Test', 'PathWave_Trial_Request', 'No_Conversion']",0
L020417,Chen Singh,Tesla Energy,Telecom,North America,Automotive Ethernet,,"['Keysight_University_Course', 'No_Conversion']",0
L020418,Daniel Martinez,NXP Semiconductors,Automotive,North America,PathWave Software,Sales Outreach,"['Loaner_Unit_Evaluation', 'DesignCon_Booth_Visit', 'IMS_Badge_Scan', 'Whitepaper_Download_5G_Test', 'SQL', 'Whitepaper_Download_5G_Test', 'DesignCon_Booth_Visit', 'No_Conversion']",0
L020419,Hiroshi Patel,,Aerospace,Europe,5G Testbeds,Sales Outreach,"['Keysight_Workshop_RF_Testing', 'Whitepaper_Download_5G_Test', 'Keysight_University_Course', 'Oscilloscope_Selector_Tool', 'No_Conversion']",0
L020420,Michael Martinez,,Automotive,APAC,,Event,['Customer'],1
L020421,Hiroshi Williams,Tesla_Tech,Telecom,North America,Automotive Ethernet,Sales Outreach,"['LinkedIn_Ad_Click', 'Customer']",1
L020422,Daniel Patel,Samsung Electronics GmbH,Semiconductor,,,Website,"['IMS_Badge_Scan', 'No_Conversion']",0
L020423,Chen Martinez,Tesla_Tech,Telecom,Europe,,Sales Outreach,"['Lab_Integration_Discussion', 'Customer']",1
L020424,Kenji Chen,Tesla_Tech,,APAC,PathWave Software,Website,"['Oscilloscope_Selector_Tool', 'IMS_Badge_Scan', 'Customer']",1
L020425,,Raytheon GmbH,Electronics,APAC,Oscilloscopes,Event,"['Website_Product_Page', 'PathWave_Trial_Request', 'SQL', 'Keysight_Workshop_RF_Testing', 'Lab_Integration_Discussion', 'Customer']",1
L020426,Daniel Tanaka,Samsung Electronics GmbH,Electronics,APAC,Oscilloscopes,Sales Outreach,"['LinkedIn_Ad_Click', 'Keysight_Workshop_RF_Testing', 'DesignCon_Booth_Visit', 'Customer']",1
L020427,Laura Tanaka,Qualcomm GmbH,,,,Sales Outreach,"['DesignCon_Booth_Visit', 'No_Conversion']",0
L020428,,Bosch_Tech,Automotive,,,Webinar,['Customer'],1
L020429,Priya Singh,Sony_Tech,,,Oscilloscopes,Webinar,"['PathWave_Trial_Request', 'AutoSens_Tech_Talk', 'Website_Product_Page', 'Loaner_Unit_Evaluation', 'Keysight_Workshop_RF_Testing', 'AutoSens_Tech_Talk', 'IMS_Badge_Scan', 'No_Conversion']",0
L020430,Laura Tanaka,Bosch,Automotive,,PathWave Software,,"['Application_Engineer_Call', 'Whitepaper_Download_5G_Test', 'Keysight_University_Course', 'Oscilloscope_Selector_Tool', 'Website_Product_Page', 'IMS_Badge_Scan', 'Keysight_University_Course', 'Customer']",1
L020431,Maria Ito,,Telecom,APAC,Oscilloscopes,Event,"['Keysight_Workshop_RF_Testing', 'Oscilloscope_Selector_Tool', 'Lab_Integration_Discussion', 'MQL', 'MQL', 'Application_Engineer_Call', 'LinkedIn_Ad_Click', 'Customer']",1
L020432,Maria Singh,,Semiconductor,Europe,,Sales Outreach,"['Website_Product_Page', 'SQL', 'Customer']",1
L020433,Sofia Williams,Bosch GmbH,Telecom,APAC,,Sales Outreach,"['Loaner_Unit_Evaluation', 'LinkedIn_Ad_Click', 'Loaner_Unit_Evaluation', 'Customer']",1
L020434,Ravi Tanaka,Samsung Electronics GmbH,,APAC,PathWave Software,Sales Outreach,"['Application_Engineer_Call', 'Loaner_Unit_Evaluation', 'PathWave_Trial_Request', 'MQL', 'Customer']",1
L020435,Hiroshi Williams,Meta Connectivity Labs GmbH,Electronics,LATAM,PathWave Software,Website,"['Technical_Demo', 'LinkedIn_Ad_Click', 'IMS_Badge_Scan', 'Website_Product_Page', 'Whitepaper_Download_5G_Test', 'Customer']",1
L020436,Daniel Garcia,Tesla_Tech,,Europe,PathWave Software,Email Campaign,"['Loaner_Unit_Evaluation', 'Loaner_Unit_Evaluation', 'Lab_Integration_Discussion', 'MQL', 'No_Conversion']",0
L020437,Daniel Anders,Broad_Tech,Aerospace,APAC,5G Testbeds,Webinar,"['LinkedIn_Ad_Click', 'No_Conversion']",0
L020438,Ravi Singh,Samsung Electronics,,North America,Automotive Ethernet,Event,"['Application_Engineer_Call', 'Whitepaper_Download_5G_Test', 'Customer']",1
L020439,Ahmed Anders,NXP Semiconductors,Telecom,LATAM,5G Testbeds,Sales Outreach,"['Keysight_University_Course', 'Keysight_University_Course', 'Oscilloscope_Selector_Tool', 'SQL', 'Customer']",1
L020440,Sarah Singh,Meta Connectivity Labs GmbH,Automotive,APAC,,Webinar,"['DesignCon_Booth_Visit', 'Whitepaper_Download_5G_Test', 'Whitepaper_Download_5G_Test', 'Loaner_Unit_Evaluation', 'IMS_Badge_Scan', 'Website_Product_Page', 'No_Conversion']",0
L020441,Sarah Tanaka,Sony,Telecom,,,,['Customer'],1
L020442,Chen Singh,NXP Semiconductors GmbH,Automotive,LATAM,Oscilloscopes,Sales Outreach,['No_Conversion'],0
L020443,Laura Patel,NXP Semiconductors GmbH,Telecom,APAC,Automotive Ethernet,,"['AutoSens_Tech_Talk', 'DesignCon_Booth_Visit', 'SQL', 'No_Conversion']",0
L020444,Hiroshi Anders,,Telecom,,Automotive Ethernet,Event,"['LinkedIn_Ad_Click', 'Customer']",1
L020445,Ahmed Anders,Infineon,,Europe,Oscilloscopes,Website,"['Oscilloscope_Selector_Tool', 'Oscilloscope_Selector_Tool', 'DesignCon_Booth_Visit', 'No_Conversion']",0
L020446,Hiroshi Singh,NXP Semiconductors,Telecom,,Automotive Ethernet,Email Campaign,"['MQL', 'LinkedIn_Ad_Click', 'LinkedIn_Ad_Click', 'Keysight_University_Course', 'Whitepaper_Download_5G_Test', 'LinkedIn_Ad_Click', 'Oscilloscope_Selector_Tool', 'Oscilloscope_Selector_Tool', 'Customer']",1
L020447,,,Aerospace,LATAM,,,['Customer'],1
L020448,Priya Tanaka,,Semiconductor,APAC,,Email Campaign,"['Loaner_Unit_Evaluation', 'Application_Engineer_Call', 'No_Conversion']",0
L020449,Hiroshi Lee,Bosch_Tech,Semiconductor,APAC,,LinkedIn,"['Website_Product_Page', 'MQL', 'MQL', 'AutoSens_Tech_Talk', 'Keysight_Workshop_RF_Testing', 'No_Conversion']",0
L020450,Chen Tanaka,Meta Connectivity Labs GmbH,Electronics,,5G Testbeds,LinkedIn,['No_Conversion'],0
L020451,Daniel Ito,,Electronics,North America,PathWave Software,Webinar,"['AutoSens_Tech_Talk', 'Loaner_Unit_Evaluation', 'PathWave_Trial_Request', 'No_Conversion']",0
L020452,Priya Johnson,Raytheon,Aerospace,,,,"['Oscilloscope_Selector_Tool', 'Keysight_University_Course', 'Lab_Integration_Discussion', 'Keysight_Workshop_RF_Testing', 'LinkedIn_Ad_Click', 'SQL', 'Website_Product_Page', 'Opportunity', 'Website_Product_Page', 'No_Conversion']",0
L020453,Ravi Chen,Bosch GmbH,Electronics,APAC,Automotive Ethernet,Email Campaign,"['MQL', 'Technical_Demo', 'PathWave_Trial_Request', 'Keysight_University_Course', 'Oscilloscope_Selector_Tool', 'Oscilloscope_Selector_Tool', 'No_Conversion']",0
L020454,,Qualc_Tech,,LATAM,5G Testbeds,LinkedIn,['No_Conversion'],0
L020455,Maria Ito,Samsu_Tech,Automotive,LATAM,Oscilloscopes,Webinar,"['Keysight_University_Course', 'Application_Engineer_Call', 'Keysight_Workshop_RF_Testing', 'AutoSens_Tech_Talk', 'IMS_Badge_Scan', 'AutoSens_Tech_Talk', 'Loaner_Unit_Evaluation', 'Lab_Integration_Discussion', 'Lab_Integration_Discussion', 'No_Conversion']",0
L020456,Sarah Johnson,Sony GmbH,Automotive,North America,,Sales Outreach,"['Keysight_Workshop_RF_Testing', 'Lab_Integration_Discussion', 'IMS_Badge_Scan', 'Customer']",1
L020457,Daniel Tanaka,,Electronics,North America,Oscilloscopes,Webinar,"['Opportunity', 'Oscilloscope_Selector_Tool', 'Website_Product_Page', 'DesignCon_Booth_Visit', 'SQL', 'Website_Product_Page', 'Customer']",1
L020458,Daniel Patel,NXPSe_Tech,Aerospace,,,,"['Loaner_Unit_Evaluation', 'Opportunity', 'Customer']",1
L020459,Hiroshi Tanaka,Samsung Electronics GmbH,Semiconductor,,5G Testbeds,LinkedIn,"['SQL', 'Lab_Integration_Discussion', 'Lab_Integration_Discussion', 'MQL', 'Application_Engineer_Call', 'Application_Engineer_Call', 'DesignCon_Booth_Visit', 'Oscilloscope_Selector_Tool', 'PathWave_Trial_Request', 'No_Conversion']",0
L020460,Laura Garcia,Sony,Aerospace,North America,,Sales Outreach,['No_Conversion'],0
L020461,Sofia Tanaka,NXPSe_Tech,Semiconductor,North America,PathWave Software,Sales Outreach,"['AutoSens_Tech_Talk', 'LinkedIn_Ad_Click', 'Website_Product_Page', 'Opportunity', 'No_Conversion']",0
L020462,,Raytheon,Telecom,APAC,5G Testbeds,LinkedIn,"['LinkedIn_Ad_Click', 'Keysight_Workshop_RF_Testing', 'MQL', 'Application_Engineer_Call', 'No_Conversion']",0
L020463,,Sony_Tech,Automotive,LATAM,Oscilloscopes,LinkedIn,"['Opportunity', 'Oscilloscope_Selector_Tool', 'No_Conversion']",0
L020464,Laura Anders,Sony GmbH,Telecom,,PathWave Software,LinkedIn,"['IMS_Badge_Scan', 'Customer']",1
L020465,Chen Patel,,Semiconductor,Europe,,Website,"['LinkedIn_Ad_Click', 'DesignCon_Booth_Visit', 'Customer']",1
L020466,Maria Ito,Samsu_Tech,,North America,,Webinar,"['Keysight_Workshop_RF_Testing', 'SQL', 'Loaner_Unit_Evaluation', 'SQL', 'No_Conversion']",0
L020467,Daniel Lee,Qualcomm GmbH,,,,Sales Outreach,"['Loaner_Unit_Evaluation', 'Website_Product_Page', 'Oscilloscope_Selector_Tool', 'Application_Engineer_Call', 'MQL', 'Keysight_University_Course', 'Keysight_Workshop_RF_Testing', 'Lab_Integration_Discussion', 'PathWave_Trial_Request', 'LinkedIn_Ad_Click', 'No_Conversion']",0
L020468,,NXPSe_Tech,Automotive,North America,Automotive Ethernet,,"['MQL', 'Website_Product_Page', 'AutoSens_Tech_Talk', 'Loaner_Unit_Evaluation', 'Loaner_Unit_Evaluation', 'Application_Engineer_Call', 'Opportunity', 'No_Conversion']",0
L020469,,Infin_Tech,,LATAM,Oscilloscopes,Email Campaign,"['Website_Product_Page', 'PathWave_Trial_Request', 'DesignCon_Booth_Visit', 'Keysight_University_Course', 'Customer']",1
L020470,Laura Tanaka,Sony,Electronics,North America,Automotive Ethernet,LinkedIn,['No_Conversion'],0
L020471,Ravi Ito,Rayth_Tech,Electronics,,,Email Campaign,"['Whitepaper_Download_5G_Test', 'Keysight_University_Course', 'Website_Product_Page', 'Customer']",1
L020472,Priya Chen,Qualc_Tech,Aerospace,LATAM,,Website,"['Whitepaper_Download_5G_Test', 'Keysight_University_Course', 'SQL', 'Whitepaper_Download_5G_Test', 'SQL', 'SQL', 'Customer']",1
L020473,Michael Williams,Qualcomm,,,,LinkedIn,"['Whitepaper_Download_5G_Test', 'Opportunity', 'Technical_Demo', 'Loaner_Unit_Evaluation', 'Customer']",1
L020474,Kenji Williams,Qualcomm GmbH,,North America,Oscilloscopes,Website,"['Whitepaper_Download_5G_Test', 'Application_Engineer_Call', 'SQL', 'LinkedIn_Ad_Click', 'MQL', 'Loaner_Unit_Evaluation', 'Customer']",1
L020475,Ahmed Lee,Rayth_Tech,Semiconductor,Europe,PathWave Software,Sales Outreach,"['Lab_Integration_Discussion', 'Whitepaper_Download_5G_Test', 'Application_Engineer_Call', 'Opportunity', 'Customer']",1
L020476,Hiroshi Anders,NXP Semiconductors GmbH,Automotive,LATAM,5G Testbeds,Sales Outreach,['Customer'],1
L020477,Maria Patel,Tesla_Tech,Semiconductor,Europe,Automotive Ethernet,,"['Lab_Integration_Discussion', 'Whitepaper_Download_5G_Test', 'DesignCon_Booth_Visit', 'IMS_Badge_Scan', 'LinkedIn_Ad_Click', 'AutoSens_Tech_Talk', 'MQL', 'Lab_Integration_Discussion', 'Customer']",1
L020478,,,Aerospace,,PathWave Software,Webinar,"['IMS_Badge_Scan', 'Keysight_Workshop_RF_Testing', 'IMS_Badge_Scan', 'Opportunity', 'MQL', 'Opportunity', 'Oscilloscope_Selector_Tool', 'Application_Engineer_Call', 'AutoSens_Tech_Talk', 'Website_Product_Page', 'Customer']",1
L020479,Laura Ito,Qualc_Tech,Electronics,LATAM,Automotive Ethernet,Email Campaign,['Customer'],1
L020480,Ahmed Martinez,MetaC_Tech,Automotive,,5G Testbeds,LinkedIn,"['Keysight_University_Course', 'SQL', 'AutoSens_Tech_Talk', 'LinkedIn_Ad_Click', 'Website_Product_Page', 'IMS_Badge_Scan', 'Oscilloscope_Selector_Tool', 'Customer']",1
L020481,Laura Anders,,Electronics,,PathWave Software,,"['Oscilloscope_Selector_Tool', 'Keysight_University_Course', 'AutoSens_Tech_Talk', 'Lab_Integration_Discussion', 'Technical_Demo', 'PathWave_Trial_Request', 'DesignCon_Booth_Visit', 'DesignCon_Booth_Visit', 'DesignCon_Booth_Visit', 'IMS_Badge_Scan', 'Customer']",1
L020482,Chen Singh,,Automotive,APAC,,,"['Keysight_University_Course', 'Opportunity', 'Whitepaper_Download_5G_Test', 'Customer']",1
L020483,Hiroshi Chen,Meta Connectivity Labs,,,Automotive Ethernet,LinkedIn,"['Application_Engineer_Call', 'Loaner_Unit_Evaluation', 'LinkedIn_Ad_Click', 'PathWave_Trial_Request', 'Website_Product_Page', 'Customer']",1
L020484,Priya Williams,Sony,Automotive,Europe,Oscilloscopes,Website,"['Website_Product_Page', 'Oscilloscope_Selector_Tool', 'Keysight_Workshop_RF_Testing', 'Customer']",1
L020485,Laura Chen,MetaC_Tech,Electronics,APAC,,Email Campaign,"['PathWave_Trial_Request', 'Application_Engineer_Call', 'Keysight_University_Course', 'MQL', 'SQL', 'MQL', 'IMS_Badge_Scan', 'Customer']",1
L020486,Hiroshi Patel,Infineon GmbH,,Europe,Oscilloscopes,Website,"['PathWave_Trial_Request', 'No_Conversion']",0
L020487,Chen Tanaka,Broadcom,,APAC,,Webinar,"['Opportunity', 'Website_Product_Page', 'Opportunity', 'SQL', 'No_Conversion']",0
L020488,Priya Johnson,Infineon GmbH,Semiconductor,,5G Testbeds,,['No_Conversion'],0
L020489,Laura Williams,Broadcom,,North America,Oscilloscopes,Event,"['MQL', 'Lab_Integration_Discussion', 'SQL', 'Customer']",1
L020490,Sarah Singh,NXP Semiconductors,Semiconductor,,,Website,"['Keysight_Workshop_RF_Testing', 'IMS_Badge_Scan', 'MQL', 'No_Conversion']",0
L020491,,Infineon GmbH,,Europe,Oscilloscopes,Webinar,"['Lab_Integration_Discussion', 'LinkedIn_Ad_Click', 'LinkedIn_Ad_Click', 'MQL', 'PathWave_Trial_Request', 'Technical_Demo', 'Application_Engineer_Call', 'Opportunity', 'MQL', 'No_Conversion']",0
L020492,Ravi Singh,Samsung Electronics GmbH,Telecom,North America,,LinkedIn,"['Lab_Integration_Discussion', 'Keysight_Workshop_RF_Testing', 'SQL', 'No_Conversion']",0
L020493,Sofia Chen,,Aerospace,LATAM,,Event,"['Loaner_Unit_Evaluation', 'Opportunity', 'PathWave_Trial_Request', 'Lab_Integration_Discussion', 'Keysight_University_Course', 'IMS_Badge_Scan', 'MQL', 'Customer']",1
L020494,Ahmed Garcia,Bosch,,,5G Testbeds,Webinar,"['Loaner_Unit_Evaluation', 'LinkedIn_Ad_Click', 'Technical_Demo', 'SQL', 'Application_Engineer_Call', 'LinkedIn_Ad_Click', 'Customer']",1
L020495,Ahmed Singh,Broadcom,Aerospace,LATAM,,LinkedIn,"['SQL', 'LinkedIn_Ad_Click', 'Loaner_Unit_Evaluation', 'LinkedIn_Ad_Click', 'Lab_Integration_Discussion', 'Keysight_University_Course', 'Website_Product_Page', 'Website_Product_Page', 'Loaner_Unit_Evaluation', 'Customer']",1
L020496,Sarah Chen,NXP Semiconductors,,,Automotive Ethernet,Website,"['MQL', 'Keysight_University_Course', 'Website_Product_Page', 'MQL', 'Website_Product_Page', 'PathWave_Trial_Request', 'Technical_Demo', 'Keysight_Workshop_RF_Testing', 'No_Conversion']",0
L020497,Michael Garcia,Broadcom,Semiconductor,APAC,PathWave Software,Sales Outreach,"['IMS_Badge_Scan', 'Website_Product_Page', 'Oscilloscope_Selector_Tool', 'Technical_Demo', 'Customer']",1
L020498,Sofia Anders,Bosch_Tech,,Europe,,Website,"['Lab_Integration_Discussion', 'Website_Product_Page', 'Whitepaper_Download_5G_Test', 'DesignCon_Booth_Visit', 'No_Conversion']",0
L020499,Maria Patel,Broadcom GmbH,,North America,5G Testbeds,Email Campaign,"['IMS_Badge_Scan', 'DesignCon_Booth_Visit', 'Loaner_Unit_Evaluation', 'Technical_Demo', 'Lab_Integration_Discussion', 'Technical_Demo', 'LinkedIn_Ad_Click', 'No_Conversion']",0
L020500,Daniel Singh,,,Europe,,Email Campaign,"['PathWave_Trial_Request', 'IMS_Badge_Scan', 'DesignCon_Booth_Visit', 'Oscilloscope_Selector_Tool', 'MQL', 'LinkedIn_Ad_Click', 'Application_Engineer_Call', 'Opportunity', 'Customer']",1
L020501,Laura Chen,Tesla Energy GmbH,,Europe,Oscilloscopes,Sales Outreach,"['PathWave_Trial_Request', 'SQL', 'IMS_Badge_Scan', 'No_Conversion']",0
L020502,Priya Garcia,,,,PathWave Software,,"['DesignCon_Booth_Visit', 'No_Conversion']",0
L020503,Ravi Chen,NXP Semiconductors GmbH,,North America,Oscilloscopes,Website,"['Loaner_Unit_Evaluation', 'Keysight_University_Course', 'DesignCon_Booth_Visit', 'No_Conversion']",0
L020504,Ahmed Williams,NXP Semiconductors GmbH,Aerospace,LATAM,,Email Campaign,"['Loaner_Unit_Evaluation', 'Customer']",1
L020505,Sofia Johnson,Tesla_Tech,Aerospace,LATAM,Automotive Ethernet,Sales Outreach,"['Keysight_Workshop_RF_Testing', 'Oscilloscope_Selector_Tool', 'Customer']",1
L020506,Maria Tanaka,NXP Semiconductors GmbH,Electronics,LATAM,,Webinar,"['SQL', 'Opportunity', 'Oscilloscope_Selector_Tool', 'Keysight_University_Course', 'Customer']",1
L020507,,,,,,,"['Oscilloscope_Selector_Tool', 'DesignCon_Booth_Visit', 'Loaner_Unit_Evaluation', 'MQL', 'No_Conversion']",0
L020508,Priya Martinez,Sony,Electronics,APAC,,Website,"['DesignCon_Booth_Visit', 'Lab_Integration_Discussion', 'No_Conversion']",0
L020509,Hiroshi Khan,,Electronics,Europe,5G Testbeds,Website,"['Whitepaper_Download_5G_Test', 'Application_Engineer_Call', 'Application_Engineer_Call', 'AutoSens_Tech_Talk', 'Technical_Demo', 'No_Conversion']",0
L020510,Laura Khan,,,North America,5G Testbeds,,"['Keysight_University_Course', 'LinkedIn_Ad_Click', 'Website_Product_Page', 'Keysight_University_Course', 'Opportunity', 'AutoSens_Tech_Talk', 'Keysight_Workshop_RF_Testing', 'SQL', 'Oscilloscope_Selector_Tool', 'No_Conversion']",0
L020511,Laura Singh,Raytheon GmbH,,North America,Oscilloscopes,LinkedIn,"['Keysight_Workshop_RF_Testing', 'Website_Product_Page', 'AutoSens_Tech_Talk', 'LinkedIn_Ad_Click', 'Website_Product_Page', 'No_Conversion']",0
L020512,Michael Khan,Samsung Electronics,,Europe,Oscilloscopes,LinkedIn,"['Website_Product_Page', 'SQL', 'AutoSens_Tech_Talk', 'Technical_Demo', 'MQL', 'Whitepaper_Download_5G_Test', 'AutoSens_Tech_Talk', 'Oscilloscope_Selector_Tool', 'SQL', 'Customer']",1
L020513,Hiroshi Khan,Bosch,Semiconductor,LATAM,,Email Campaign,"['Whitepaper_Download_5G_Test', 'Whitepaper_Download_5G_Test', 'Website_Product_Page', 'Customer']",1
L020514,Sofia Patel,MetaC_Tech,Electronics,Europe,Oscilloscopes,Website,"['Technical_Demo', 'Keysight_University_Course', 'PathWave_Trial_Request', 'PathWave_Trial_Request', 'Application_Engineer_Call', 'DesignCon_Booth_Visit', 'Website_Product_Page', 'No_Conversion']",0
L020515,Kenji Garcia,Bosch,,,Oscilloscopes,Event,"['Opportunity', 'Keysight_Workshop_RF_Testing', 'LinkedIn_Ad_Click', 'SQL', 'No_Conversion']",0
L020516,Maria Williams,Meta Connectivity Labs GmbH,Telecom,North America,,Sales Outreach,"['IMS_Badge_Scan', 'No_Conversion']",0
L020517,Kenji Williams,Sony,Electronics,APAC,,Event,"['SQL', 'AutoSens_Tech_Talk', 'Whitepaper_Download_5G_Test', 'IMS_Badge_Scan', 'Website_Product_Page', 'Loaner_Unit_Evaluation', 'Loaner_Unit_Evaluation', 'Loaner_Unit_Evaluation', 'Application_Engineer_Call', 'Application_Engineer_Call', 'Customer']",1
L020518,Hiroshi Singh,Raytheon,Aerospace,Europe,Automotive Ethernet,,"['PathWave_Trial_Request', 'PathWave_Trial_Request', 'Lab_Integration_Discussion', 'MQL', 'Keysight_Workshop_RF_Testing', 'Opportunity', 'Oscilloscope_Selector_Tool', 'PathWave_Trial_Request', 'Customer']",1
L020519,,Qualcomm,Electronics,LATAM,5G Testbeds,,"['AutoSens_Tech_Talk', 'PathWave_Trial_Request', 'SQL', 'MQL', 'IMS_Badge_Scan', 'Website_Product_Page', 'DesignCon_Booth_Visit', 'MQL', 'PathWave_Trial_Request', 'PathWave_Trial_Request', 'No_Conversion']",0
L020520,Ahmed Singh,Samsung Electronics GmbH,,North America,,Webinar,"['PathWave_Trial_Request', 'Lab_Integration_Discussion', 'Oscilloscope_Selector_Tool', 'Technical_Demo', 'Technical_Demo', 'No_Conversion']",0
L020521,Daniel Lee,,,LATAM,Oscilloscopes,,"['AutoSens_Tech_Talk', 'Opportunity', 'Keysight_Workshop_RF_Testing', 'Keysight_Workshop_RF_Testing', 'LinkedIn_Ad_Click', 'MQL', 'Whitepaper_Download_5G_Test', 'Customer']",1
L020522,Sarah Lee,,,North America,,Webinar,"['Keysight_University_Course', 'Website_Product_Page', 'DesignCon_Booth_Visit', 'PathWave_Trial_Request', 'MQL', 'Oscilloscope_Selector_Tool', 'SQL', 'Customer']",1
L020523,Hiroshi Khan,Broadcom,Telecom,APAC,,,"['DesignCon_Booth_Visit', 'Keysight_University_Course', 'Whitepaper_Download_5G_Test', 'No_Conversion']",0
L020524,Ahmed Singh,,Aerospace,APAC,PathWave Software,Website,"['Oscilloscope_Selector_Tool', 'SQL', 'AutoSens_Tech_Talk', 'MQL', 'DesignCon_Booth_Visit', 'DesignCon_Booth_Visit', 'Customer']",1
L020525,Sarah Anders,,Telecom,APAC,Oscilloscopes,Webinar,"['Application_Engineer_Call', 'PathWave_Trial_Request', 'Oscilloscope_Selector_Tool', 'No_Conversion']",0
L020526,,Tesla Energy,Electronics,LATAM,5G Testbeds,Sales Outreach,"['Website_Product_Page', 'Oscilloscope_Selector_Tool', 'Opportunity', 'Customer']",1
L020527,Kenji Williams,Sony GmbH,,LATAM,Automotive Ethernet,Email Campaign,"['MQL', 'Keysight_University_Course', 'Lab_Integration_Discussion', 'AutoSens_Tech_Talk', 'IMS_Badge_Scan', 'Keysight_University_Course', 'Technical_Demo', 'SQL', 'No_Conversion']",0
L020528,Hiroshi Johnson,NXPSe_Tech,Electronics,APAC,5G Testbeds,,"['SQL', 'Application_Engineer_Call', 'Keysight_University_Course', 'Application_Engineer_Call', 'MQL', 'Customer']",1
L020529,Maria Anders,,Semiconductor,North America,PathWave Software,Email Campaign,"['Website_Product_Page', 'Opportunity', 'Keysight_University_Course', 'DesignCon_Booth_Visit', 'DesignCon_Booth_Visit', 'Keysight_University_Course', 'Oscilloscope_Selector_Tool', 'Whitepaper_Download_5G_Test', 'IMS_Badge_Scan', 'No_Conversion']",0
L020530,Chen Chen,NXP Semiconductors GmbH,Aerospace,,Automotive Ethernet,Website,"['Opportunity', 'Keysight_University_Course', 'Application_Engineer_Call', 'MQL', 'Oscilloscope_Selector_Tool', 'Whitepaper_Download_5G_Test', 'No_Conversion']",0
L020531,,Infineon GmbH,Automotive,APAC,5G Testbeds,Event,"['Opportunity', 'AutoSens_Tech_Talk', 'Website_Product_Page', 'Customer']",1
L020532,Priya Williams,Meta Connectivity Labs GmbH,,APAC,,,"['DesignCon_Booth_Visit', 'DesignCon_Booth_Visit', 'Website_Product_Page', 'No_Conversion']",0
L020533,Sofia Khan,Sony_Tech,Electronics,LATAM,5G Testbeds,Website,"['Keysight_University_Course', 'IMS_Badge_Scan', 'Customer']",1
L020534,Michael Patel,Tesla Energy,Automotive,Europe,PathWave Software,Website,"['Oscilloscope_Selector_Tool', 'DesignCon_Booth_Visit', 'Lab_Integration_Discussion', 'Application_Engineer_Call', 'Opportunity', 'PathWave_Trial_Request', 'Application_Engineer_Call', 'Lab_Integration_Discussion', 'MQL', 'Keysight_University_Course', 'Customer']",1
L020535,Maria Garcia,Meta Connectivity Labs GmbH,,LATAM,PathWave Software,Website,"['MQL', 'No_Conversion']",0
L020536,Chen Patel,Raytheon,,LATAM,,Sales Outreach,"['Website_Product_Page', 'PathWave_Trial_Request', 'DesignCon_Booth_Visit', 'Lab_Integration_Discussion', 'Keysight_University_Course', 'SQL', 'No_Conversion']",0
L020537,,Infineon,Telecom,,Oscilloscopes,Webinar,"['AutoSens_Tech_Talk', 'Whitepaper_Download_5G_Test', 'Customer']",1
L020538,Laura Tanaka,Meta Connectivity Labs GmbH,Automotive,,,Email Campaign,"['Whitepaper_Download_5G_Test', 'Keysight_University_Course', 'IMS_Badge_Scan', 'Oscilloscope_Selector_Tool', 'Customer']",1
L020539,Ahmed Tanaka,Tesla_Tech,Automotive,,,Website,"['LinkedIn_Ad_Click', 'IMS_Badge_Scan', 'DesignCon_Booth_Visit', 'MQL', 'Website_Product_Page', 'Opportunity', 'Keysight_Workshop_RF_Testing', 'SQL', 'Customer']",1
L020540,Sofia Williams,,,North America,,Sales Outreach,"['Keysight_University_Course', 'Website_Product_Page', 'IMS_Badge_Scan', 'Technical_Demo', 'AutoSens_Tech_Talk', 'Keysight_Workshop_RF_Testing', 'Customer']",1
L020541,Sofia Anders,NXPSe_Tech,Semiconductor,North America,,Website,"['Keysight_Workshop_RF_Testing', 'Opportunity', 'Customer']",1
L020542,Laura Martinez,NXP Semiconductors,Electronics,APAC,Oscilloscopes,Event,"['Oscilloscope_Selector_Tool', 'Application_Engineer_Call', 'No_Conversion']",0
L020543,Daniel Tanaka,Infineon,,LATAM,PathWave Software,Sales Outreach,['Customer'],1
L020544,,,,LATAM,,LinkedIn,"['AutoSens_Tech_Talk', 'Customer']",1
L020545,Maria Ito,Broadcom GmbH,Telecom,,,Sales Outreach,"['Keysight_Workshop_RF_Testing', 'Lab_Integration_Discussion', 'Customer']",1
L020546,Sofia Anders,Bosch,Telecom,North America,Oscilloscopes,LinkedIn,"['Website_Product_Page', 'Loaner_Unit_Evaluation', 'DesignCon_Booth_Visit', 'Keysight_Workshop_RF_Testing', 'MQL', 'Keysight_Workshop_RF_Testing', 'Opportunity', 'Customer']",1
L020547,Laura Garcia,Qualc_Tech,Aerospace,North America,5G Testbeds,Webinar,"['Loaner_Unit_Evaluation', 'Customer']",1
L020548,Chen Chen,Bosch GmbH,Electronics,LATAM,,Webinar,"['Keysight_University_Course', 'Whitepaper_Download_5G_Test', 'SQL', 'Technical_Demo', 'Website_Product_Page', 'Keysight_Workshop_RF_Testing', 'Technical_Demo', 'Whitepaper_Download_5G_Test', 'Keysight_Workshop_RF_Testing', 'SQL', 'Customer']",1
L020549,Kenji Khan,,Telecom,,,Webinar,"['SQL', 'AutoSens_Tech_Talk', 'Oscilloscope_Selector_Tool', 'Keysight_Workshop_RF_Testing', 'No_Conversion']",0
L020550,Sofia Singh,,Telecom,APAC,Oscilloscopes,Email Campaign,"['Keysight_University_Course', 'Technical_Demo', 'Website_Product_Page', 'Keysight_University_Course', 'No_Conversion']",0
L020551,Sarah Khan,Samsung Electronics,,LATAM,PathWave Software,Website,"['Lab_Integration_Discussion', 'Keysight_University_Course', 'No_Conversion']",0
L020552,Sofia Martinez,Raytheon,Automotive,Europe,PathWave Software,Webinar,"['MQL', 'PathWave_Trial_Request', 'LinkedIn_Ad_Click', 'AutoSens_Tech_Talk', 'Loaner_Unit_Evaluation', 'Opportunity', 'DesignCon_Booth_Visit', 'LinkedIn_Ad_Click', 'No_Conversion']",0
L020553,,Tesla Energy,Aerospace,Europe,PathWave Software,Webinar,"['LinkedIn_Ad_Click', 'Opportunity', 'Keysight_University_Course', 'Keysight_University_Course', 'No_Conversion']",0
L020554,Laura Lee,Qualcomm,,APAC,PathWave Software,Website,"['Technical_Demo', 'Oscilloscope_Selector_Tool', 'SQL', 'DesignCon_Booth_Visit', 'Lab_Integration_Discussion', 'AutoSens_Tech_Talk', 'DesignCon_Booth_Visit', 'No_Conversion']",0
L020555,Sarah Khan,Infineon GmbH,Aerospace,Europe,,Webinar,"['Opportunity', 'Technical_Demo', 'PathWave_Trial_Request', 'Oscilloscope_Selector_Tool', 'No_Conversion']",0
L020556,Hiroshi Singh,,Telecom,,Oscilloscopes,Event,"['Keysight_University_Course', 'Loaner_Unit_Evaluation', 'Opportunity', 'Oscilloscope_Selector_Tool', 'Whitepaper_Download_5G_Test', 'Loaner_Unit_Evaluation', 'Lab_Integration_Discussion', 'Application_Engineer_Call', 'Application_Engineer_Call', 'Customer']",1
L020557,Kenji Garcia,,Semiconductor,Europe,Automotive Ethernet,Webinar,"['Technical_Demo', 'PathWave_Trial_Request', 'SQL', 'DesignCon_Booth_Visit', 'Lab_Integration_Discussion', 'Application_Engineer_Call', 'Website_Product_Page', 'No_Conversion']",0
L020558,Maria Tanaka,Broadcom,Aerospace,Europe,,Webinar,"['Lab_Integration_Discussion', 'LinkedIn_Ad_Click', 'SQL', 'Loaner_Unit_Evaluation', 'No_Conversion']",0
L020559,Michael Lee,Qualcomm,Aerospace,APAC,,Event,"['Loaner_Unit_Evaluation', 'Opportunity', 'Technical_Demo', 'Website_Product_Page', 'Loaner_Unit_Evaluation', 'DesignCon_Booth_Visit', 'Opportunity', 'No_Conversion']",0
L020560,Maria Chen,Sony_Tech,,,,Sales Outreach,"['Keysight_Workshop_RF_Testing', 'Technical_Demo', 'DesignCon_Booth_Visit', 'Keysight_Workshop_RF_Testing', 'Customer']",1
L020561,Daniel Garcia,,Telecom,Europe,PathWave Software,Email Campaign,['Customer'],1
L020562,Chen Garcia,Infineon,Telecom,LATAM,Automotive Ethernet,Email Campaign,"['Website_Product_Page', 'Whitepaper_Download_5G_Test', 'Customer']",1
L020563,Laura Johnson,Tesla_Tech,,APAC,PathWave Software,Event,"['Website_Product_Page', 'Customer']",1
L020564,Kenji Anders,,Semiconductor,APAC,,Webinar,"['Keysight_Workshop_RF_Testing', 'DesignCon_Booth_Visit', 'Customer']",1
L020565,Sofia Khan,Sony,Semiconductor,,Oscilloscopes,Webinar,"['Lab_Integration_Discussion', 'MQL', 'PathWave_Trial_Request', 'Application_Engineer_Call', 'Keysight_University_Course', 'PathWave_Trial_Request', 'AutoSens_Tech_Talk', 'Keysight_Workshop_RF_Testing', 'No_Conversion']",0
L020566,Priya Martinez,Raytheon GmbH,Telecom,LATAM,,,"['IMS_Badge_Scan', 'Loaner_Unit_Evaluation', 'Customer']",1
L020567,,Bosch_Tech,Telecom,Europe,Oscilloscopes,Event,"['SQL', 'Loaner_Unit_Evaluation', 'SQL', 'No_Conversion']",0
L020568,Priya Johnson,Samsung Electronics,Semiconductor,North America,,Event,"['Keysight_University_Course', 'MQL', 'Technical_Demo', 'Keysight_Workshop_RF_Testing', 'No_Conversion']",0
L020569,Priya Singh,Samsung Electronics,Semiconductor,North America,PathWave Software,LinkedIn,"['Keysight_Workshop_RF_Testing', 'Keysight_University_Course', 'Loaner_Unit_Evaluation', 'LinkedIn_Ad_Click', 'SQL', 'No_Conversion']",0
L020570,Chen Khan,Sony GmbH,Automotive,North America,,Webinar,"['Technical_Demo', 'Loaner_Unit_Evaluation', 'Loaner_Unit_Evaluation', 'Keysight_Workshop_RF_Testing', 'Keysight_University_Course', 'MQL', 'Website_Product_Page', 'SQL', 'Customer']",1
L020571,Ahmed Patel,Qualcomm,Automotive,,,Event,"['LinkedIn_Ad_Click', 'Keysight_University_Course', 'Oscilloscope_Selector_Tool', 'Lab_Integration_Discussion', 'LinkedIn_Ad_Click', 'Whitepaper_Download_5G_Test', 'No_Conversion']",0
L020572,Kenji Chen,Bosch,Semiconductor,APAC,,LinkedIn,"['MQL', 'MQL', 'Whitepaper_Download_5G_Test', 'Application_Engineer_Call', 'MQL', 'SQL', 'Customer']",1
L020573,Sofia Patel,NXP Semiconductors,Automotive,Europe,5G Testbeds,Sales Outreach,"['Oscilloscope_Selector_Tool', 'DesignCon_Booth_Visit', 'DesignCon_Booth_Visit', 'Loaner_Unit_Evaluation', 'DesignCon_Booth_Visit', 'SQL', 'Customer']",1
L020574,Laura Garcia,Sony,,Europe,Automotive Ethernet,LinkedIn,"['SQL', 'Oscilloscope_Selector_Tool', 'Opportunity', 'Customer']",1
L020575,Ravi Garcia,Tesla Energy GmbH,,Europe,PathWave Software,LinkedIn,"['DesignCon_Booth_Visit', 'Lab_Integration_Discussion', 'PathWave_Trial_Request', 'Keysight_Workshop_RF_Testing', 'Oscilloscope_Selector_Tool', 'PathWave_Trial_Request', 'SQL', 'Opportunity', 'LinkedIn_Ad_Click', 'No_Conversion']",0
L020576,Ravi Williams,MetaC_Tech,Telecom,North America,Oscilloscopes,Webinar,"['Application_Engineer_Call', 'IMS_Badge_Scan', 'Whitepaper_Download_5G_Test', 'Keysight_Workshop_RF_Testing', 'LinkedIn_Ad_Click', 'IMS_Badge_Scan', 'Keysight_University_Course', 'LinkedIn_Ad_Click', 'IMS_Badge_Scan', 'No_Conversion']",0
L020577,Kenji Williams,NXP Semiconductors,Automotive,,5G Testbeds,Webinar,"['Oscilloscope_Selector_Tool', 'Application_Engineer_Call', 'No_Conversion']",0
L020578,,Broadcom GmbH,Semiconductor,LATAM,,Event,"['Application_Engineer_Call', 'PathWave_Trial_Request', 'Website_Product_Page', 'Oscilloscope_Selector_Tool', 'Loaner_Unit_Evaluation', 'Loaner_Unit_Evaluation', 'PathWave_Trial_Request', 'Website_Product_Page', 'Website_Product_Page', 'AutoSens_Tech_Talk', 'Customer']",1
L020579,,Broadcom GmbH,,Europe,,LinkedIn,"['PathWave_Trial_Request', 'SQL', 'MQL', 'LinkedIn_Ad_Click', 'LinkedIn_Ad_Click', 'Application_Engineer_Call', 'Technical_Demo', 'Loaner_Unit_Evaluation', 'No_Conversion']",0
L020580,Michael Lee,,Automotive,North America,,Website,"['Application_Engineer_Call', 'Lab_Integration_Discussion', 'Customer']",1
L020581,Ahmed Garcia,,Aerospace,APAC,,Website,"['Application_Engineer_Call', 'Application_Engineer_Call', 'Loaner_Unit_Evaluation', 'LinkedIn_Ad_Click', 'MQL', 'Website_Product_Page', 'Application_Engineer_Call', 'MQL', 'No_Conversion']",0
L020582,Kenji Martinez,Sony,Semiconductor,Europe,Oscilloscopes,Webinar,"['Keysight_Workshop_RF_Testing', 'Opportunity', 'AutoSens_Tech_Talk', 'Website_Product_Page', 'LinkedIn_Ad_Click', 'Customer']",1
L020583,Priya Anders,Bosch_Tech,,,Oscilloscopes,Event,"['Oscilloscope_Selector_Tool', 'Application_Engineer_Call', 'SQL', 'Loaner_Unit_Evaluation', 'Technical_Demo', 'Keysight_University_Course', 'IMS_Badge_Scan', 'Keysight_Workshop_RF_Testing', 'Customer']",1
L020584,Ravi Garcia,Raytheon GmbH,Automotive,North America,Automotive Ethernet,LinkedIn,"['IMS_Badge_Scan', 'DesignCon_Booth_Visit', 'Customer']",1
L020585,Sofia Chen,NXP Semiconductors,Electronics,LATAM,PathWave Software,Webinar,"['Lab_Integration_Discussion', 'AutoSens_Tech_Talk', 'PathWave_Trial_Request', 'PathWave_Trial_Request', 'LinkedIn_Ad_Click', 'Oscilloscope_Selector_Tool', 'DesignCon_Booth_Visit', 'IMS_Badge_Scan', 'Website_Product_Page', 'Technical_Demo', 'No_Conversion']",0
L020586,Chen Garcia,Bosch,Electronics,LATAM,Oscilloscopes,Sales Outreach,['No_Conversion'],0
L020587,Michael Khan,NXP Semiconductors GmbH,,APAC,,Event,"['AutoSens_Tech_Talk', 'Keysight_University_Course', 'SQL', 'Keysight_University_Course', 'Application_Engineer_Call', 'Application_Engineer_Call', 'Customer']",1
L020588,Priya Ito,,Semiconductor,North America,,Website,"['Technical_Demo', 'Technical_Demo', 'AutoSens_Tech_Talk', 'LinkedIn_Ad_Click', 'Whitepaper_Download_5G_Test', 'Whitepaper_Download_5G_Test', 'IMS_Badge_Scan', 'Oscilloscope_Selector_Tool', 'Customer']",1
L020589,Hiroshi Tanaka,NXP Semiconductors GmbH,,LATAM,,LinkedIn,['Customer'],1
L020590,Laura Ito,,Electronics,LATAM,Automotive Ethernet,Website,"['Website_Product_Page', 'Lab_Integration_Discussion', 'No_Conversion']",0
L020591,Ravi Williams,Rayth_Tech,Aerospace,North America,,,"['LinkedIn_Ad_Click', 'Keysight_University_Course', 'Keysight_Workshop_RF_Testing', 'Keysight_University_Course', 'Application_Engineer_Call', 'Keysight_Workshop_RF_Testing', 'Customer']",1
L020592,Daniel Khan,,,North America,Automotive Ethernet,Sales Outreach,"['SQL', 'MQL', 'Oscilloscope_Selector_Tool', 'Customer']",1
L020593,Chen Garcia,Tesla_Tech,Electronics,LATAM,Automotive Ethernet,,"['Application_Engineer_Call', 'MQL', 'Technical_Demo', 'Loaner_Unit_Evaluation', 'Keysight_University_Course', 'Lab_Integration_Discussion', 'Opportunity', 'Customer']",1
L020594,Kenji Lee,Sony GmbH,Semiconductor,LATAM,5G Testbeds,Webinar,"['Loaner_Unit_Evaluation', 'Technical_Demo', 'IMS_Badge_Scan', 'Loaner_Unit_Evaluation', 'Opportunity', 'No_Conversion']",0
L020595,Sarah Martinez,Rayth_Tech,,North America,PathWave Software,Event,"['Application_Engineer_Call', 'DesignCon_Booth_Visit', 'Keysight_University_Course', 'Website_Product_Page', 'Technical_Demo', 'LinkedIn_Ad_Click', 'Opportunity', 'Oscilloscope_Selector_Tool', 'IMS_Badge_Scan', 'Website_Product_Page', 'Customer']",1
L020596,,NXP Semiconductors GmbH,Telecom,,,LinkedIn,"['Keysight_University_Course', 'LinkedIn_Ad_Click', 'Application_Engineer_Call', 'Technical_Demo', 'SQL', 'No_Conversion']",0
L020597,Chen Johnson,,Telecom,,Automotive Ethernet,Website,"['SQL', 'LinkedIn_Ad_Click', 'Application_Engineer_Call', 'PathWave_Trial_Request', 'No_Conversion']",0
L020598,Sarah Anders,Bosch_Tech,Semiconductor,APAC,,Website,"['Loaner_Unit_Evaluation', 'Application_Engineer_Call', 'Customer']",1
L020599,Priya Singh,,Semiconductor,APAC,PathWave Software,LinkedIn,"['Website_Product_Page', 'AutoSens_Tech_Talk', 'Loaner_Unit_Evaluation', 'Technical_Demo', 'Whitepaper_Download_5G_Test', 'DesignCon_Booth_Visit', 'Keysight_University_Course', 'Technical_Demo', 'Loaner_Unit_Evaluation', 'Lab_Integration_Discussion', 'Customer']",1
L020600,Ahmed Tanaka,Samsung Electronics,Semiconductor,Europe,,,"['Whitepaper_Download_5G_Test', 'Technical_Demo', 'Keysight_University_Course', 'No_Conversion']",0
L020601,Chen Garcia,Broadcom GmbH,Telecom,,,Webinar,"['MQL', 'Lab_Integration_Discussion', 'IMS_Badge_Scan', 'LinkedIn_Ad_Click', 'Oscilloscope_Selector_Tool', 'Keysight_Workshop_RF_Testing', 'MQL', 'Whitepaper_Download_5G_Test', 'PathWave_Trial_Request', 'No_Conversion']",0
L020602,Laura Martinez,,,North America,5G Testbeds,LinkedIn,['No_Conversion'],0
L020603,Kenji Ito,Broadcom,Aerospace,Europe,,Email Campaign,['No_Conversion'],0
L020604,Laura Singh,Qualcomm,,,,Event,"['SQL', 'Customer']",1
L020605,Hiroshi Martinez,Qualcomm GmbH,,,,LinkedIn,"['LinkedIn_Ad_Click', 'Customer']",1
L020606,,Rayth_Tech,,Europe,,,"['Keysight_Workshop_RF_Testing', 'SQL', 'SQL', 'Customer']",1
L020607,Sofia Chen,Raytheon,,North America,Automotive Ethernet,LinkedIn,"['Whitepaper_Download_5G_Test', 'LinkedIn_Ad_Click', 'No_Conversion']",0
L020608,Chen Khan,Sony_Tech,,APAC,5G Testbeds,Webinar,"['IMS_Badge_Scan', 'Application_Engineer_Call', 'IMS_Badge_Scan', 'PathWave_Trial_Request', 'Opportunity', 'Whitepaper_Download_5G_Test', 'Customer']",1
L020609,Maria Singh,Meta Connectivity Labs GmbH,,LATAM,PathWave Software,Event,['Customer'],1
L020610,Ahmed Ito,Qualcomm,Aerospace,APAC,Oscilloscopes,Email Campaign,"['Application_Engineer_Call', 'SQL', 'Customer']",1
L020611,Ravi Singh,Raytheon GmbH,,,Oscilloscopes,Sales Outreach,"['Application_Engineer_Call', 'Website_Product_Page', 'Whitepaper_Download_5G_Test', 'DesignCon_Booth_Visit', 'No_Conversion']",0
L020612,Chen Lee,NXP Semiconductors GmbH,Aerospace,APAC,,Email Campaign,"['Keysight_University_Course', 'LinkedIn_Ad_Click', 'DesignCon_Booth_Visit', 'Customer']",1
L020613,Hiroshi Williams,,,Europe,PathWave Software,Webinar,['No_Conversion'],0
L020614,Daniel Garcia,Bosch,Telecom,APAC,Automotive Ethernet,Email Campaign,"['PathWave_Trial_Request', 'No_Conversion']",0
L020615,Michael Lee,Sony,Electronics,North America,Oscilloscopes,Webinar,"['Whitepaper_Download_5G_Test', 'Whitepaper_Download_5G_Test', 'SQL', 'Opportunity', 'Lab_Integration_Discussion', 'MQL', 'No_Conversion']",0
L020616,,Sony GmbH,Electronics,Europe,Oscilloscopes,Website,"['PathWave_Trial_Request', 'AutoSens_Tech_Talk', 'Technical_Demo', 'SQL', 'Oscilloscope_Selector_Tool', 'Opportunity', 'Lab_Integration_Discussion', 'LinkedIn_Ad_Click', 'Lab_Integration_Discussion', 'Lab_Integration_Discussion', 'No_Conversion']",0
L020617,Maria Johnson,Tesla Energy,Automotive,APAC,PathWave Software,Website,"['Application_Engineer_Call', 'AutoSens_Tech_Talk', 'Customer']",1
L020618,Priya Williams,,Semiconductor,APAC,5G Testbeds,Website,"['Oscilloscope_Selector_Tool', 'Technical_Demo', 'SQL', 'MQL', 'No_Conversion']",0
L020619,Maria Tanaka,,,,,Website,"['Website_Product_Page', 'IMS_Badge_Scan', 'Keysight_Workshop_RF_Testing', 'Keysight_Workshop_RF_Testing', 'Application_Engineer_Call', 'Oscilloscope_Selector_Tool', 'SQL', 'Customer']",1
L020620,Maria Lee,MetaC_Tech,Electronics,APAC,PathWave Software,Event,"['Application_Engineer_Call', 'IMS_Badge_Scan', 'Website_Product_Page', 'LinkedIn_Ad_Click', 'Application_Engineer_Call', 'Customer']",1
L020621,Chen Tanaka,Sony GmbH,Semiconductor,,,Sales Outreach,"['Application_Engineer_Call', 'SQL', 'DesignCon_Booth_Visit', 'SQL', 'Oscilloscope_Selector_Tool', 'Whitepaper_Download_5G_Test', 'No_Conversion']",0
L020622,,Rayth_Tech,Aerospace,,Automotive Ethernet,Email Campaign,"['PathWave_Trial_Request', 'Application_Engineer_Call', 'IMS_Badge_Scan', 'Keysight_Workshop_RF_Testing', 'LinkedIn_Ad_Click', 'SQL', 'DesignCon_Booth_Visit', 'MQL', 'IMS_Badge_Scan', 'No_Conversion']",0
L020623,Ahmed Anders,,Semiconductor,LATAM,5G Testbeds,Sales Outreach,"['Application_Engineer_Call', 'Whitepaper_Download_5G_Test', 'Technical_Demo', 'PathWave_Trial_Request', 'Whitepaper_Download_5G_Test', 'IMS_Badge_Scan', 'Customer']",1
L020624,Hiroshi Patel,Bosch GmbH,,,PathWave Software,Sales Outreach,"['PathWave_Trial_Request', 'No_Conversion']",0
L020625,Michael Singh,Sony,Automotive,,,,"['Opportunity', 'PathWave_Trial_Request', 'PathWave_Trial_Request', 'Opportunity', 'No_Conversion']",0
L020626,Sarah Chen,,Semiconductor,,5G Testbeds,Email Campaign,"['SQL', 'Keysight_University_Course', 'Opportunity', 'No_Conversion']",0
L020627,Ravi Martinez,Qualcomm,,APAC,,Website,"['Keysight_University_Course', 'DesignCon_Booth_Visit', 'Whitepaper_Download_5G_Test', 'PathWave_Trial_Request', 'Loaner_Unit_Evaluation', 'Keysight_University_Course', 'Opportunity', 'IMS_Badge_Scan', 'Application_Engineer_Call', 'SQL', 'Customer']",1
L020628,Laura Singh,Sony GmbH,,APAC,,,"['LinkedIn_Ad_Click', 'MQL', 'AutoSens_Tech_Talk', 'PathWave_Trial_Request', 'Loaner_Unit_Evaluation', 'PathWave_Trial_Request', 'Customer']",1
L020629,Sarah Tanaka,Broadcom GmbH,Electronics,North America,Automotive Ethernet,Webinar,"['SQL', 'PathWave_Trial_Request', 'PathWave_Trial_Request', 'Customer']",1
L020630,Laura Lee,Rayth_Tech,Semiconductor,APAC,PathWave Software,Event,"['Technical_Demo', 'Keysight_Workshop_RF_Testing', 'Keysight_University_Course', 'SQL', 'Website_Product_Page', 'Customer']",1
L020631,Priya Singh,Infineon GmbH,,North America,PathWave Software,Webinar,"['Keysight_Workshop_RF_Testing', 'Loaner_Unit_Evaluation', 'No_Conversion']",0
L020632,,NXP Semiconductors,Electronics,Europe,Oscilloscopes,Email Campaign,"['AutoSens_Tech_Talk', 'Keysight_Workshop_RF_Testing', 'MQL', 'IMS_Badge_Scan', 'Whitepaper_Download_5G_Test', 'Lab_Integration_Discussion', 'Whitepaper_Download_5G_Test', 'Customer']",1
L020633,Hiroshi Patel,Raytheon GmbH,Telecom,North America,5G Testbeds,Website,['No_Conversion'],0
L020634,Maria Patel,Broadcom,,Europe,5G Testbeds,Webinar,"['PathWave_Trial_Request', 'Lab_Integration_Discussion', 'Oscilloscope_Selector_Tool', 'AutoSens_Tech_Talk', 'LinkedIn_Ad_Click', 'Whitepaper_Download_5G_Test', 'Opportunity', 'AutoSens_Tech_Talk', 'Loaner_Unit_Evaluation', 'Customer']",1
L020635,Michael Tanaka,Bosch_Tech,Automotive,LATAM,,Website,"['Application_Engineer_Call', 'Application_Engineer_Call', 'Technical_Demo', 'Keysight_University_Course', 'Opportunity', 'Customer']",1
L020636,,Bosch_Tech,Automotive,APAC,5G Testbeds,Event,"['Loaner_Unit_Evaluation', 'Oscilloscope_Selector_Tool', 'Lab_Integration_Discussion', 'MQL', 'LinkedIn_Ad_Click', 'Keysight_Workshop_RF_Testing', 'Keysight_Workshop_RF_Testing', 'IMS_Badge_Scan', 'LinkedIn_Ad_Click', 'AutoSens_Tech_Talk', 'No_Conversion']",0
L020637,Ravi Ito,Infineon GmbH,Telecom,APAC,Oscilloscopes,Webinar,"['Whitepaper_Download_5G_Test', 'Keysight_Workshop_RF_Testing', 'DesignCon_Booth_Visit', 'AutoSens_Tech_Talk', 'Lab_Integration_Discussion', 'Customer']",1
L020638,Daniel Ito,Bosch,,North America,PathWave Software,LinkedIn,"['Application_Engineer_Call', 'SQL', 'Loaner_Unit_Evaluation', 'Lab_Integration_Discussion', 'Website_Product_Page', 'Opportunity', 'Technical_Demo', 'Customer']",1
L020639,Daniel Tanaka,,,North America,Oscilloscopes,Website,"['SQL', 'Keysight_Workshop_RF_Testing', 'Keysight_University_Course', 'Website_Product_Page', 'Keysight_Workshop_RF_Testing', 'No_Conversion']",0
L020640,Hiroshi Martinez,Broadcom,Semiconductor,,5G Testbeds,Email Campaign,"['Whitepaper_Download_5G_Test', 'SQL', 'Loaner_Unit_Evaluation', 'Application_Engineer_Call', 'Technical_Demo', 'Application_Engineer_Call', 'DesignCon_Booth_Visit', 'Technical_Demo', 'Application_Engineer_Call', 'Customer']",1
L020641,Daniel Anders,Broad_Tech,Electronics,LATAM,,Sales Outreach,"['IMS_Badge_Scan', 'SQL', 'LinkedIn_Ad_Click', 'Technical_Demo', 'Website_Product_Page', 'Whitepaper_Download_5G_Test', 'Opportunity', 'Oscilloscope_Selector_Tool', 'Website_Product_Page', 'Opportunity', 'No_Conversion']",0
L020642,Michael Tanaka,Sony_Tech,,APAC,PathWave Software,Event,"['AutoSens_Tech_Talk', 'SQL', 'Website_Product_Page', 'Opportunity', 'DesignCon_Booth_Visit', 'MQL', 'AutoSens_Tech_Talk', 'No_Conversion']",0
L020643,Ravi Singh,Qualc_Tech,Automotive,LATAM,Automotive Ethernet,,"['Loaner_Unit_Evaluation', 'AutoSens_Tech_Talk', 'Oscilloscope_Selector_Tool', 'DesignCon_Booth_Visit', 'No_Conversion']",0
L020644,Chen Anders,Broadcom GmbH,Semiconductor,LATAM,Automotive Ethernet,Website,"['SQL', 'IMS_Badge_Scan', 'MQL', 'Keysight_Workshop_RF_Testing', 'PathWave_Trial_Request', 'Website_Product_Page', 'DesignCon_Booth_Visit', 'No_Conversion']",0
L020645,Ravi Patel,Samsu_Tech,Electronics,,Automotive Ethernet,Email Campaign,"['AutoSens_Tech_Talk', 'SQL', 'LinkedIn_Ad_Click', 'Application_Engineer_Call', 'Application_Engineer_Call', 'No_Conversion']",0
L020646,Sofia Singh,Samsung Electronics,Aerospace,LATAM,Oscilloscopes,Sales Outreach,['No_Conversion'],0
L020647,Ravi Williams,Tesla Energy GmbH,,APAC,,Sales Outreach,"['Opportunity', 'Opportunity', 'Lab_Integration_Discussion', 'SQL', 'Technical_Demo', 'AutoSens_Tech_Talk', 'MQL', 'Opportunity', 'IMS_Badge_Scan', 'Customer']",1
L020648,Ahmed Anders,,,APAC,Oscilloscopes,Email Campaign,"['Keysight_Workshop_RF_Testing', 'MQL', 'Keysight_Workshop_RF_Testing', 'Technical_Demo', 'AutoSens_Tech_Talk', 'Customer']",1
L020649,Sarah Garcia,Qualc_Tech,Aerospace,Europe,,,['No_Conversion'],0
L020650,Kenji Lee,,,North America,PathWave Software,Webinar,"['Website_Product_Page', 'Opportunity', 'Oscilloscope_Selector_Tool', 'MQL', 'Application_Engineer_Call', 'AutoSens_Tech_Talk', 'Customer']",1
L020651,Laura Williams,Samsung Electronics GmbH,,North America,Automotive Ethernet,,"['Lab_Integration_Discussion', 'LinkedIn_Ad_Click', 'AutoSens_Tech_Talk', 'MQL', 'Opportunity', 'Whitepaper_Download_5G_Test', 'LinkedIn_Ad_Click', 'Customer']",1
L020652,Chen Anders,Bosch,Aerospace,LATAM,Automotive Ethernet,Email Campaign,"['PathWave_Trial_Request', 'Whitepaper_Download_5G_Test', 'Opportunity', 'DesignCon_Booth_Visit', 'Opportunity', 'Keysight_Workshop_RF_Testing', 'IMS_Badge_Scan', 'Customer']",1
L020653,Maria Khan,,,LATAM,5G Testbeds,,"['Technical_Demo', 'Keysight_Workshop_RF_Testing', 'Application_Engineer_Call', 'Lab_Integration_Discussion', 'Whitepaper_Download_5G_Test', 'Keysight_Workshop_RF_Testing', 'Whitepaper_Download_5G_Test', 'No_Conversion']",0
L020654,Priya Patel,Meta Connectivity Labs,Aerospace,APAC,PathWave Software,Event,"['Oscilloscope_Selector_Tool', 'Oscilloscope_Selector_Tool', 'Customer']",1
L020655,,,Electronics,Europe,Oscilloscopes,Event,['Customer'],1
L020656,Laura Garcia,,Electronics,Europe,PathWave Software,,"['AutoSens_Tech_Talk', 'DesignCon_Booth_Visit', 'Loaner_Unit_Evaluation', 'Keysight_Workshop_RF_Testing', 'Loaner_Unit_Evaluation', 'Opportunity', 'Application_Engineer_Call', 'Keysight_Workshop_RF_Testing', 'Application_Engineer_Call', 'Customer']",1
L020657,Ahmed Tanaka,,,LATAM,5G Testbeds,Sales Outreach,"['Keysight_Workshop_RF_Testing', 'AutoSens_Tech_Talk', 'Keysight_Workshop_RF_Testing', 'Customer']",1
L020658,Sarah Anders,NXP Semiconductors,,,Oscilloscopes,Sales Outreach,"['DesignCon_Booth_Visit', 'Keysight_University_Course', 'Loaner_Unit_Evaluation', 'PathWave_Trial_Request', 'Keysight_University_Course', 'LinkedIn_Ad_Click', 'No_Conversion']",0
L020659,,Broadcom GmbH,Telecom,Europe,,Website,"['MQL', 'Website_Product_Page', 'MQL', 'Customer']",1
L020660,Sarah Garcia,Infin_Tech,Telecom,North America,Automotive Ethernet,Event,"['Lab_Integration_Discussion', 'MQL', 'Opportunity', 'Customer']",1
L020661,Laura Williams,,Automotive,,Oscilloscopes,Website,"['AutoSens_Tech_Talk', 'Keysight_Workshop_RF_Testing', 'LinkedIn_Ad_Click', 'Customer']",1
L020662,Kenji Chen,Broad_Tech,Electronics,Europe,,Event,['No_Conversion'],0
L020663,,,Semiconductor,LATAM,,Website,"['Technical_Demo', 'PathWave_Trial_Request', 'Website_Product_Page', 'Whitepaper_Download_5G_Test', 'Lab_Integration_Discussion', 'Opportunity', 'Customer']",1
L020664,Kenji Williams,Tesla Energy GmbH,,,Oscilloscopes,Sales Outreach,"['Keysight_Workshop_RF_Testing', 'MQL', 'Customer']",1
L020665,,Broad_Tech,Telecom,,,Event,"['Whitepaper_Download_5G_Test', 'AutoSens_Tech_Talk', 'MQL', 'Keysight_Workshop_RF_Testing', 'No_Conversion']",0
L020666,,Infineon GmbH,Telecom,LATAM,Oscilloscopes,LinkedIn,"['LinkedIn_Ad_Click', 'Keysight_Workshop_RF_Testing', 'Customer']",1
L020667,Ravi Lee,Bosch_Tech,,APAC,Automotive Ethernet,LinkedIn,"['Loaner_Unit_Evaluation', 'No_Conversion']",0
L020668,,NXP Semiconductors GmbH,Electronics,LATAM,,Email Campaign,"['Whitepaper_Download_5G_Test', 'SQL', 'Customer']",1
L020669,Chen Tanaka,,,LATAM,,Website,"['Keysight_University_Course', 'AutoSens_Tech_Talk', 'Customer']",1
L020670,Sarah Singh,Infineon,Automotive,,Oscilloscopes,Sales Outreach,"['LinkedIn_Ad_Click', 'Oscilloscope_Selector_Tool', 'SQL', 'Customer']",1
L020671,Chen Martinez,,Automotive,Europe,,LinkedIn,"['Technical_Demo', 'MQL', 'MQL', 'Keysight_Workshop_RF_Testing', 'DesignCon_Booth_Visit', 'Whitepaper_Download_5G_Test', 'Opportunity', 'Keysight_University_Course', 'Customer']",1
L020672,Kenji Garcia,Bosch GmbH,Telecom,North America,,,"['Opportunity', 'MQL', 'Application_Engineer_Call', 'MQL', 'Keysight_University_Course', 'Website_Product_Page', 'Customer']",1
L020673,Kenji Garcia,,Automotive,Europe,PathWave Software,LinkedIn,"['SQL', 'No_Conversion']",0
L020674,Laura Anders,,,APAC,PathWave Software,,"['IMS_Badge_Scan', 'Lab_Integration_Discussion', 'DesignCon_Booth_Visit', 'Opportunity', 'IMS_Badge_Scan', 'No_Conversion']",0
L020675,Laura Patel,Qualcomm GmbH,Automotive,LATAM,PathWave Software,LinkedIn,"['Application_Engineer_Call', 'Customer']",1
L020676,Kenji Williams,Bosch,Aerospace,,Oscilloscopes,Website,"['PathWave_Trial_Request', 'PathWave_Trial_Request', 'Loaner_Unit_Evaluation', 'Lab_Integration_Discussion', 'PathWave_Trial_Request', 'IMS_Badge_Scan', 'SQL', 'MQL', 'AutoSens_Tech_Talk', 'PathWave_Trial_Request', 'No_Conversion']",0
L020677,Maria Chen,Bosch,Automotive,North America,Oscilloscopes,Website,"['Whitepaper_Download_5G_Test', 'SQL', 'SQL', 'Opportunity', 'IMS_Badge_Scan', 'Customer']",1
L020678,Ahmed Williams,,,,Automotive Ethernet,Sales Outreach,"['Oscilloscope_Selector_Tool', 'Whitepaper_Download_5G_Test', 'Customer']",1
L020679,Sarah Anders,Samsung Electronics GmbH,,APAC,,Sales Outreach,"['Application_Engineer_Call', 'Application_Engineer_Call', 'Technical_Demo', 'Oscilloscope_Selector_Tool', 'Application_Engineer_Call', 'LinkedIn_Ad_Click', 'No_Conversion']",0
L020680,Hiroshi Garcia,NXP Semiconductors,Automotive,North America,,Website,"['Keysight_University_Course', 'Loaner_Unit_Evaluation', 'MQL', 'Customer']",1
L020681,Kenji Anders,Meta Connectivity Labs GmbH,Electronics,LATAM,PathWave Software,,"['AutoSens_Tech_Talk', 'SQL', 'Technical_Demo', 'Customer']",1
L020682,Hiroshi Lee,,Automotive,,,Sales Outreach,"['AutoSens_Tech_Talk', 'IMS_Badge_Scan', 'Lab_Integration_Discussion', 'DesignCon_Booth_Visit', 'DesignCon_Booth_Visit', 'MQL', 'Customer']",1
L020683,Ahmed Khan,Bosch_Tech,,Europe,5G Testbeds,,"['MQL', 'Website_Product_Page', 'Opportunity', 'Customer']",1
L020684,Chen Ito,Qualcomm,Telecom,Europe,,Website,"['IMS_Badge_Scan', 'Oscilloscope_Selector_Tool', 'Application_Engineer_Call', 'Customer']",1
L020685,Laura Patel,Broad_Tech,,Europe,,Email Campaign,"['Keysight_University_Course', 'Whitepaper_Download_5G_Test', 'Application_Engineer_Call', 'Keysight_University_Course', 'Whitepaper_Download_5G_Test', 'DesignCon_Booth_Visit', 'Keysight_Workshop_RF_Testing', 'Technical_Demo', 'AutoSens_Tech_Talk', 'IMS_Badge_Scan', 'Customer']",1
L020686,Chen Johnson,NXPSe_Tech,,Europe,,Sales Outreach,"['Whitepaper_Download_5G_Test', 'Application_Engineer_Call', 'MQL', 'DesignCon_Booth_Visit', 'LinkedIn_Ad_Click', 'Loaner_Unit_Evaluation', 'IMS_Badge_Scan', 'Customer']",1
L020687,Maria Williams,Qualcomm,Aerospace,Europe,5G Testbeds,Sales Outreach,"['IMS_Badge_Scan', 'MQL', 'Opportunity', 'Application_Engineer_Call', 'Customer']",1
L020688,,Samsung Electronics,Semiconductor,Europe,Automotive Ethernet,Event,"['PathWave_Trial_Request', 'AutoSens_Tech_Talk', 'MQL', 'MQL', 'Customer']",1
L020689,,Rayth_Tech,Semiconductor,APAC,,,"['Technical_Demo', 'Website_Product_Page', 'Oscilloscope_Selector_Tool', 'No_Conversion']",0
L020690,Sofia Chen,Samsung Electronics GmbH,Aerospace,LATAM,,Webinar,"['LinkedIn_Ad_Click', 'LinkedIn_Ad_Click', 'Technical_Demo', 'Keysight_Workshop_RF_Testing', 'LinkedIn_Ad_Click', 'Customer']",1
L020691,Ahmed Ito,,Automotive,Europe,Automotive Ethernet,Email Campaign,"['Keysight_Workshop_RF_Testing', 'IMS_Badge_Scan', 'IMS_Badge_Scan', 'MQL', 'AutoSens_Tech_Talk', 'Loaner_Unit_Evaluation', 'Application_Engineer_Call', 'Oscilloscope_Selector_Tool', 'No_Conversion']",0
L020692,Hiroshi Johnson,Sony GmbH,Telecom,Europe,5G Testbeds,Website,"['IMS_Badge_Scan', 'Oscilloscope_Selector_Tool', 'IMS_Badge_Scan', 'MQL', 'Lab_Integration_Discussion', 'SQL', 'Loaner_Unit_Evaluation', 'AutoSens_Tech_Talk', 'Customer']",1
L020693,Hiroshi Khan,Broad_Tech,Electronics,LATAM,Oscilloscopes,Email Campaign,"['AutoSens_Tech_Talk', 'Oscilloscope_Selector_Tool', 'SQL', 'Customer']",1
L020694,Daniel Ito,,Electronics,,PathWave Software,Website,"['Whitepaper_Download_5G_Test', 'Customer']",1
L020695,Daniel Johnson,Raytheon,,Europe,,Webinar,"['Loaner_Unit_Evaluation', 'PathWave_Trial_Request', 'No_Conversion']",0
L020696,Ravi Williams,Raytheon,Automotive,Europe,Oscilloscopes,LinkedIn,"['Opportunity', 'Loaner_Unit_Evaluation', 'Whitepaper_Download_5G_Test', 'AutoSens_Tech_Talk', 'Customer']",1
L020697,,NXP Semiconductors,Semiconductor,,Automotive Ethernet,Website,"['MQL', 'Loaner_Unit_Evaluation', 'No_Conversion']",0
L020698,Sofia Anders,NXP Semiconductors,Semiconductor,Europe,PathWave Software,,"['Application_Engineer_Call', 'IMS_Badge_Scan', 'SQL', 'Website_Product_Page', 'Whitepaper_Download_5G_Test', 'Opportunity', 'No_Conversion']",0
L020699,Laura Khan,Broadcom GmbH,,LATAM,Automotive Ethernet,Sales Outreach,"['Oscilloscope_Selector_Tool', 'Opportunity', 'Website_Product_Page', 'No_Conversion']",0
L020700,Ahmed Anders,Rayth_Tech,Automotive,,PathWave Software,LinkedIn,"['MQL', 'DesignCon_Booth_Visit', 'Website_Product_Page', 'Whitepaper_Download_5G_Test', 'Customer']",1
L020701,Sofia Tanaka,Samsung Electronics GmbH,Telecom,Europe,Automotive Ethernet,Webinar,"['Application_Engineer_Call', 'PathWave_Trial_Request', 'MQL', 'AutoSens_Tech_Talk', 'No_Conversion']",0
L020702,Daniel Johnson,Broadcom GmbH,Electronics,North America,PathWave Software,,"['Website_Product_Page', 'Oscilloscope_Selector_Tool', 'Technical_Demo', 'Oscilloscope_Selector_Tool', 'IMS_Badge_Scan', 'No_Conversion']",0
L020703,Chen Patel,Broad_Tech,Aerospace,,Oscilloscopes,LinkedIn,['Customer'],1
L020704,Ravi Singh,Infin_Tech,,APAC,,Webinar,"['DesignCon_Booth_Visit', 'Keysight_Workshop_RF_Testing', 'Customer']",1
L020705,Laura Khan,Bosch_Tech,Semiconductor,Europe,Oscilloscopes,Sales Outreach,"['SQL', 'Opportunity', 'Technical_Demo', 'LinkedIn_Ad_Click', 'Oscilloscope_Selector_Tool', 'Loaner_Unit_Evaluation', 'Technical_Demo', 'PathWave_Trial_Request', 'DesignCon_Booth_Visit', 'Website_Product_Page', 'No_Conversion']",0
L020706,,Tesla Energy,,LATAM,,Webinar,"['PathWave_Trial_Request', 'Application_Engineer_Call', 'No_Conversion']",0
L020707,Ahmed Khan,Bosch GmbH,,,,Sales Outreach,"['PathWave_Trial_Request', 'Customer']",1
L020708,Priya Williams,MetaC_Tech,,LATAM,PathWave Software,Sales Outreach,"['Loaner_Unit_Evaluation', 'Customer']",1
L020709,Sarah Anders,,Automotive,,,Sales Outreach,['Customer'],1
L020710,Chen Martinez,Qualcomm,Aerospace,North America,Automotive Ethernet,Sales Outreach,"['MQL', 'AutoSens_Tech_Talk', 'PathWave_Trial_Request', 'Oscilloscope_Selector_Tool', 'AutoSens_Tech_Talk', 'Keysight_Workshop_RF_Testing', 'SQL', 'MQL', 'Oscilloscope_Selector_Tool', 'Keysight_Workshop_RF_Testing', 'Customer']",1
L020711,Ahmed Singh,,Telecom,LATAM,,Event,"['DesignCon_Booth_Visit', 'LinkedIn_Ad_Click', 'Application_Engineer_Call', 'Loaner_Unit_Evaluation', 'Whitepaper_Download_5G_Test', 'Customer']",1
L020712,Sarah Chen,,,APAC,Oscilloscopes,Email Campaign,"['DesignCon_Booth_Visit', 'MQL', 'Opportunity', 'IMS_Badge_Scan', 'Customer']",1
L020713,Michael Martinez,Samsu_Tech,,APAC,,Email Campaign,"['Opportunity', 'AutoSens_Tech_Talk', 'Keysight_Workshop_RF_Testing', 'IMS_Badge_Scan', 'AutoSens_Tech_Talk', 'DesignCon_Booth_Visit', 'Opportunity', 'IMS_Badge_Scan', 'Customer']",1
L020714,Maria Martinez,Qualcomm GmbH,Telecom,APAC,5G Testbeds,Sales Outreach,"['Keysight_Workshop_RF_Testing', 'Loaner_Unit_Evaluation', 'Lab_Integration_Discussion', 'Customer']",1
L020715,Priya Lee,Meta Connectivity Labs,,,5G Testbeds,Email Campaign,['No_Conversion'],0
L020716,Michael Singh,Raytheon GmbH,Electronics,North America,5G Testbeds,Website,"['PathWave_Trial_Request', 'Whitepaper_Download_5G_Test', 'Keysight_University_Course', 'LinkedIn_Ad_Click', 'Loaner_Unit_Evaluation', 'Website_Product_Page', 'No_Conversion']",0
L020717,Michael Khan,Sony,,Europe,5G Testbeds,,"['Keysight_Workshop_RF_Testing', 'SQL', 'LinkedIn_Ad_Click', 'Oscilloscope_Selector_Tool', 'LinkedIn_Ad_Click', 'No_Conversion']",0
L020718,Sofia Anders,,,North America,Oscilloscopes,Email Campaign,"['Oscilloscope_Selector_Tool', 'Opportunity', 'Application_Engineer_Call', 'No_Conversion']",0
L020719,Maria Khan,Sony_Tech,Automotive,,,Email Campaign,"['Whitepaper_Download_5G_Test', 'AutoSens_Tech_Talk', 'SQL', 'Website_Product_Page', 'Lab_Integration_Discussion', 'PathWave_Trial_Request', 'MQL', 'DesignCon_Booth_Visit', 'AutoSens_Tech_Talk', 'Customer']",1
L020720,,,Semiconductor,LATAM,5G Testbeds,Email Campaign,"['Keysight_Workshop_RF_Testing', 'PathWave_Trial_Request', 'Oscilloscope_Selector_Tool', 'MQL', 'Keysight_Workshop_RF_Testing', 'Oscilloscope_Selector_Tool', 'Opportunity', 'Lab_Integration_Discussion', 'Loaner_Unit_Evaluation', 'Application_Engineer_Call', 'No_Conversion']",0
L020721,Ahmed Singh,Samsung Electronics GmbH,,APAC,5G Testbeds,Webinar,['No_Conversion'],0
L020722,Sofia Lee,,Automotive,LATAM,5G Testbeds,Webinar,"['SQL', 'IMS_Badge_Scan', 'No_Conversion']",0
L020723,Sarah Khan,Qualcomm GmbH,Electronics,Europe,,,"['MQL', 'MQL', 'Opportunity', 'No_Conversion']",0
L020724,,,Electronics,North America,Automotive Ethernet,LinkedIn,"['Application_Engineer_Call', 'DesignCon_Booth_Visit', 'AutoSens_Tech_Talk', 'Loaner_Unit_Evaluation', 'Customer']",1
L020725,Daniel Singh,Sony,,,PathWave Software,Email Campaign,"['IMS_Badge_Scan', 'Opportunity', 'Keysight_Workshop_RF_Testing', 'AutoSens_Tech_Talk', 'Keysight_University_Course', 'LinkedIn_Ad_Click', 'Whitepaper_Download_5G_Test', 'Website_Product_Page', 'No_Conversion']",0
L020726,,Rayth_Tech,Telecom,LATAM,Oscilloscopes,Event,['Customer'],1
L020727,Daniel Lee,Meta Connectivity Labs GmbH,Aerospace,Europe,,Event,"['AutoSens_Tech_Talk', 'AutoSens_Tech_Talk', 'MQL', 'No_Conversion']",0
L020728,Daniel Garcia,Raytheon GmbH,,North America,Automotive Ethernet,LinkedIn,"['Keysight_University_Course', 'Keysight_Workshop_RF_Testing', 'No_Conversion']",0
L020729,Priya Williams,,Automotive,Europe,5G Testbeds,Event,"['Loaner_Unit_Evaluation', 'SQL', 'LinkedIn_Ad_Click', 'LinkedIn_Ad_Click', 'Customer']",1
L020730,Michael Singh,Broadcom,Aerospace,LATAM,Automotive Ethernet,Event,"['Opportunity', 'DesignCon_Booth_Visit', 'Oscilloscope_Selector_Tool', 'Keysight_University_Course', 'Keysight_University_Course', 'Technical_Demo', 'Website_Product_Page', 'Keysight_Workshop_RF_Testing', 'Customer']",1
L020731,,Qualc_Tech,,,,Website,"['Keysight_Workshop_RF_Testing', 'Whitepaper_Download_5G_Test', 'Website_Product_Page', 'Technical_Demo', 'Lab_Integration_Discussion', 'LinkedIn_Ad_Click', 'No_Conversion']",0
L020732,Laura Chen,NXP Semiconductors GmbH,Automotive,,,,"['Keysight_University_Course', 'Opportunity', 'Application_Engineer_Call', 'Customer']",1
L020733,Ravi Patel,Meta Connectivity Labs GmbH,,,Automotive Ethernet,LinkedIn,['No_Conversion'],0
L020734,Laura Patel,Tesla Energy GmbH,Automotive,Europe,,LinkedIn,"['Whitepaper_Download_5G_Test', 'Loaner_Unit_Evaluation', 'DesignCon_Booth_Visit', 'Lab_Integration_Discussion', 'IMS_Badge_Scan', 'SQL', 'Technical_Demo', 'AutoSens_Tech_Talk', 'Keysight_Workshop_RF_Testing', 'MQL', 'No_Conversion']",0
L020735,Sarah Khan,Tesla_Tech,,LATAM,PathWave Software,Email Campaign,"['LinkedIn_Ad_Click', 'Website_Product_Page', 'PathWave_Trial_Request', 'Customer']",1
L020736,Priya Patel,,Semiconductor,,,LinkedIn,"['Application_Engineer_Call', 'IMS_Badge_Scan', 'Website_Product_Page', 'No_Conversion']",0
L020737,,Broadcom GmbH,Aerospace,Europe,,Sales Outreach,"['Keysight_Workshop_RF_Testing', 'Application_Engineer_Call', 'Keysight_Workshop_RF_Testing', 'Loaner_Unit_Evaluation', 'Keysight_University_Course', 'Customer']",1
L020738,Ahmed Patel,,Telecom,,Oscilloscopes,Sales Outreach,"['Keysight_University_Course', 'Keysight_University_Course', 'PathWave_Trial_Request', 'Oscilloscope_Selector_Tool', 'Customer']",1
L020739,Michael Williams,Broad_Tech,Electronics,,,Email Campaign,"['DesignCon_Booth_Visit', 'Keysight_University_Course', 'Oscilloscope_Selector_Tool', 'Application_Engineer_Call', 'IMS_Badge_Scan', 'Lab_Integration_Discussion', 'Customer']",1
L020740,Priya Tanaka,Bosch GmbH,,LATAM,,Sales Outreach,"['Technical_Demo', 'DesignCon_Booth_Visit', 'LinkedIn_Ad_Click', 'Customer']",1
L020741,Sofia Ito,NXP Semiconductors,Electronics,Europe,,LinkedIn,"['SQL', 'DesignCon_Booth_Visit', 'Whitepaper_Download_5G_Test', 'Loaner_Unit_Evaluation', 'Lab_Integration_Discussion', 'AutoSens_Tech_Talk', 'Technical_Demo', 'Website_Product_Page', 'MQL', 'No_Conversion']",0
L020742,Sofia Garcia,,,Europe,Automotive Ethernet,Webinar,"['Opportunity', 'PathWave_Trial_Request', 'IMS_Badge_Scan', 'No_Conversion']",0
L020743,Priya Ito,,,,Oscilloscopes,Sales Outreach,"['Keysight_Workshop_RF_Testing', 'Whitepaper_Download_5G_Test', 'AutoSens_Tech_Talk', 'Keysight_University_Course', 'No_Conversion']",0
L020744,Ahmed Chen,Sony GmbH,Semiconductor,APAC,,LinkedIn,"['Whitepaper_Download_5G_Test', 'LinkedIn_Ad_Click', 'Opportunity', 'Keysight_Workshop_RF_Testing', 'DesignCon_Booth_Visit', 'Website_Product_Page', 'Customer']",1
L020745,,Qualcomm GmbH,Aerospace,North America,Oscilloscopes,Sales Outreach,"['IMS_Badge_Scan', 'SQL', 'Loaner_Unit_Evaluation', 'Customer']",1
L020746,Kenji Lee,Qualcomm GmbH,Telecom,North America,PathWave Software,Sales Outreach,"['AutoSens_Tech_Talk', 'Keysight_University_Course', 'LinkedIn_Ad_Click', 'Whitepaper_Download_5G_Test', 'No_Conversion']",0
L020747,Hiroshi Khan,Tesla Energy GmbH,Electronics,,,,"['Technical_Demo', 'Keysight_Workshop_RF_Testing', 'Lab_Integration_Discussion', 'No_Conversion']",0
L020748,Maria Williams,Tesla Energy GmbH,,,,,"['SQL', 'Lab_Integration_Discussion', 'MQL', 'DesignCon_Booth_Visit', 'MQL', 'Customer']",1
L020749,,Sony_Tech,Electronics,Europe,Oscilloscopes,,"['Whitepaper_Download_5G_Test', 'MQL', 'Application_Engineer_Call', 'DesignCon_Booth_Visit', 'Customer']",1
L020750,Priya Patel,Broad_Tech,,LATAM,Automotive Ethernet,Website,"['Lab_Integration_Discussion', 'Application_Engineer_Call', 'Keysight_Workshop_RF_Testing', 'SQL', 'AutoSens_Tech_Talk', 'No_Conversion']",0
L020751,,Broadcom,Semiconductor,APAC,5G Testbeds,LinkedIn,"['AutoSens_Tech_Talk', 'Oscilloscope_Selector_Tool', 'Keysight_University_Course', 'MQL', 'Keysight_University_Course', 'LinkedIn_Ad_Click', 'Keysight_University_Course', 'PathWave_Trial_Request', 'Keysight_Workshop_RF_Testing', 'Customer']",1
L020752,Kenji Patel,,Semiconductor,,5G Testbeds,Webinar,['Customer'],1
L020753,Priya Lee,Sony GmbH,Telecom,APAC,Oscilloscopes,Website,"['MQL', 'AutoSens_Tech_Talk', 'MQL', 'LinkedIn_Ad_Click', 'PathWave_Trial_Request', 'Customer']",1
L020754,Ahmed Khan,Bosch GmbH,Semiconductor,Europe,PathWave Software,Sales Outreach,"['Application_Engineer_Call', 'MQL', 'IMS_Badge_Scan', 'IMS_Badge_Scan', 'Application_Engineer_Call', 'Keysight_Workshop_RF_Testing', 'Website_Product_Page', 'Customer']",1
L020755,Sarah Patel,NXP Semiconductors GmbH,Automotive,Europe,5G Testbeds,Website,"['AutoSens_Tech_Talk', 'MQL', 'MQL', 'PathWave_Trial_Request', 'MQL', 'MQL', 'Oscilloscope_Selector_Tool', 'Application_Engineer_Call', 'Keysight_Workshop_RF_Testing', 'DesignCon_Booth_Visit', 'No_Conversion']",0
L020756,Sofia Chen,Samsung Electronics GmbH,Semiconductor,LATAM,,Email Campaign,"['Technical_Demo', 'Application_Engineer_Call', 'AutoSens_Tech_Talk', 'MQL', 'Lab_Integration_Discussion', 'Lab_Integration_Discussion', 'Opportunity', 'Keysight_Workshop_RF_Testing', 'DesignCon_Booth_Visit', 'SQL', 'No_Conversion']",0
L020757,Sofia Patel,NXPSe_Tech,Automotive,North America,Oscilloscopes,Webinar,['Customer'],1
L020758,Ravi Patel,Bosch,Telecom,APAC,Automotive Ethernet,Sales Outreach,"['AutoSens_Tech_Talk', 'Keysight_University_Course', 'Oscilloscope_Selector_Tool', 'Loaner_Unit_Evaluation', 'Opportunity', 'No_Conversion']",0
L020759,Laura Singh,Meta Connectivity Labs GmbH,Telecom,LATAM,,Email Campaign,"['Lab_Integration_Discussion', 'PathWave_Trial_Request', 'AutoSens_Tech_Talk', 'Technical_Demo', 'Lab_Integration_Discussion', 'Customer']",1
L020760,Daniel Anders,,,LATAM,,Webinar,"['IMS_Badge_Scan', 'Loaner_Unit_Evaluation', 'MQL', 'Whitepaper_Download_5G_Test', 'DesignCon_Booth_Visit', 'Keysight_Workshop_RF_Testing', 'IMS_Badge_Scan', 'Loaner_Unit_Evaluation', 'Keysight_University_Course', 'Opportunity', 'Customer']",1
L020761,Chen Johnson,,Automotive,APAC,PathWave Software,Sales Outreach,"['Keysight_University_Course', 'Technical_Demo', 'Technical_Demo', 'No_Conversion']",0
L020762,Sarah Johnson,NXPSe_Tech,,LATAM,,,"['MQL', 'AutoSens_Tech_Talk', 'Keysight_University_Course', 'Keysight_Workshop_RF_Testing', 'PathWave_Trial_Request', 'Loaner_Unit_Evaluation', 'Application_Engineer_Call', 'Keysight_Workshop_RF_Testing', 'Customer']",1
L020763,Sofia Tanaka,Sony GmbH,,North America,,Website,"['MQL', 'MQL', 'AutoSens_Tech_Talk', 'Keysight_Workshop_RF_Testing', 'Loaner_Unit_Evaluation', 'Opportunity', 'MQL', 'Keysight_Workshop_RF_Testing', 'No_Conversion']",0
L020764,Kenji Anders,Rayth_Tech,,Europe,PathWave Software,Sales Outreach,"['Whitepaper_Download_5G_Test', 'Technical_Demo', 'PathWave_Trial_Request', 'PathWave_Trial_Request', 'AutoSens_Tech_Talk', 'PathWave_Trial_Request', 'Opportunity', 'Customer']",1
L020765,Laura Johnson,Tesla Energy,Aerospace,,PathWave Software,Sales Outreach,"['AutoSens_Tech_Talk', 'Opportunity', 'Whitepaper_Download_5G_Test', 'Keysight_Workshop_RF_Testing', 'Whitepaper_Download_5G_Test', 'Customer']",1
L020766,Kenji Anders,Broad_Tech,Automotive,LATAM,Oscilloscopes,Webinar,"['Lab_Integration_Discussion', 'Technical_Demo', 'Keysight_University_Course', 'MQL', 'Technical_Demo', 'Lab_Integration_Discussion', 'No_Conversion']",0
L020767,Laura Chen,Infin_Tech,Aerospace,North America,,,"['DesignCon_Booth_Visit', 'Opportunity', 'LinkedIn_Ad_Click', 'SQL', 'Whitepaper_Download_5G_Test', 'Customer']",1
L020768,Kenji Tanaka,Bosch,,LATAM,Oscilloscopes,Event,"['Keysight_Workshop_RF_Testing', 'LinkedIn_Ad_Click', 'Oscilloscope_Selector_Tool', 'Application_Engineer_Call', 'PathWave_Trial_Request', 'No_Conversion']",0
L020769,,,Aerospace,APAC,5G Testbeds,LinkedIn,"['PathWave_Trial_Request', 'Lab_Integration_Discussion', 'Oscilloscope_Selector_Tool', 'AutoSens_Tech_Talk', 'DesignCon_Booth_Visit', 'Customer']",1
L020770,Michael Lee,Broad_Tech,,LATAM,PathWave Software,Email Campaign,"['MQL', 'Loaner_Unit_Evaluation', 'No_Conversion']",0
L020771,Maria Tanaka,,,Europe,Oscilloscopes,Sales Outreach,"['Keysight_Workshop_RF_Testing', 'Opportunity', 'Keysight_University_Course', 'Loaner_Unit_Evaluation', 'Keysight_University_Course', 'DesignCon_Booth_Visit', 'LinkedIn_Ad_Click', 'Application_Engineer_Call', 'IMS_Badge_Scan', 'Lab_Integration_Discussion', 'No_Conversion']",0
L020772,Sofia Lee,,Aerospace,LATAM,Oscilloscopes,Email Campaign,"['Keysight_Workshop_RF_Testing', 'IMS_Badge_Scan', 'Application_Engineer_Call', 'Website_Product_Page', 'Opportunity', 'No_Conversion']",0
L020773,Laura Williams,Bosch,,Europe,,LinkedIn,['No_Conversion'],0
L020774,Chen Patel,,Aerospace,LATAM,Automotive Ethernet,Event,"['LinkedIn_Ad_Click', 'Whitepaper_Download_5G_Test', 'Website_Product_Page', 'PathWave_Trial_Request', 'Application_Engineer_Call', 'Technical_Demo', 'PathWave_Trial_Request', 'No_Conversion']",0
L020775,Laura Johnson,NXP Semiconductors GmbH,,APAC,PathWave Software,Website,"['LinkedIn_Ad_Click', 'Website_Product_Page', 'MQL', 'LinkedIn_Ad_Click', 'Customer']",1
L020776,Chen Patel,Meta Connectivity Labs GmbH,Electronics,LATAM,,Email Campaign,"['Technical_Demo', 'Application_Engineer_Call', 'AutoSens_Tech_Talk', 'Lab_Integration_Discussion', 'DesignCon_Booth_Visit', 'SQL', 'No_Conversion']",0
L020777,,Bosch_Tech,Semiconductor,Europe,Automotive Ethernet,Email Campaign,"['Whitepaper_Download_5G_Test', 'No_Conversion']",0
L020778,Michael Martinez,Qualcomm GmbH,Telecom,,5G Testbeds,,"['Keysight_University_Course', 'Website_Product_Page', 'IMS_Badge_Scan', 'Website_Product_Page', 'No_Conversion']",0
L020779,Ravi Martinez,Tesla Energy GmbH,Automotive,,Automotive Ethernet,Webinar,"['Keysight_University_Course', 'SQL', 'SQL', 'Opportunity', 'Lab_Integration_Discussion', 'Website_Product_Page', 'Application_Engineer_Call', 'LinkedIn_Ad_Click', 'Whitepaper_Download_5G_Test', 'No_Conversion']",0
L020780,Hiroshi Khan,Qualcomm GmbH,Electronics,LATAM,Automotive Ethernet,Webinar,['No_Conversion'],0
L020781,Maria Chen,Bosch GmbH,Telecom,LATAM,,Email Campaign,"['AutoSens_Tech_Talk', 'Keysight_University_Course', 'Oscilloscope_Selector_Tool', 'Keysight_University_Course', 'Loaner_Unit_Evaluation', 'SQL', 'Website_Product_Page', 'Loaner_Unit_Evaluation', 'Customer']",1
L020782,Sofia Lee,Infineon GmbH,Aerospace,North America,PathWave Software,Event,"['IMS_Badge_Scan', 'SQL', 'MQL', 'Oscilloscope_Selector_Tool', 'IMS_Badge_Scan', 'Application_Engineer_Call', 'PathWave_Trial_Request', 'Customer']",1
L020783,Chen Lee,Infin_Tech,Electronics,LATAM,Automotive Ethernet,Website,"['PathWave_Trial_Request', 'Customer']",1
L020784,Chen Khan,Meta Connectivity Labs GmbH,Aerospace,,,,"['Opportunity', 'SQL', 'AutoSens_Tech_Talk', 'Opportunity', 'Customer']",1
L020785,Michael Patel,NXPSe_Tech,,Europe,PathWave Software,,"['MQL', 'IMS_Badge_Scan', 'Oscilloscope_Selector_Tool', 'Oscilloscope_Selector_Tool', 'Lab_Integration_Discussion', 'Keysight_Workshop_RF_Testing', 'AutoSens_Tech_Talk', 'No_Conversion']",0
L020786,Chen Johnson,,,LATAM,PathWave Software,LinkedIn,"['SQL', 'Customer']",1
L020787,Hiroshi Khan,,Telecom,Europe,Oscilloscopes,Event,['Customer'],1
L020788,Sofia Johnson,Qualcomm,Electronics,North America,,Event,"['DesignCon_Booth_Visit', 'No_Conversion']",0
L020789,Priya Johnson,Infineon,Automotive,North America,Automotive Ethernet,LinkedIn,"['Whitepaper_Download_5G_Test', 'Oscilloscope_Selector_Tool', 'Customer']",1
L020790,Ravi Khan,Tesla Energy GmbH,,,,Website,"['AutoSens_Tech_Talk', 'PathWave_Trial_Request', 'DesignCon_Booth_Visit', 'PathWave_Trial_Request', 'No_Conversion']",0
L020791,Sofia Singh,,Aerospace,,Oscilloscopes,LinkedIn,"['Keysight_Workshop_RF_Testing', 'Keysight_Workshop_RF_Testing', 'PathWave_Trial_Request', 'Keysight_Workshop_RF_Testing', 'Loaner_Unit_Evaluation', 'MQL', 'No_Conversion']",0
L020792,Priya Khan,Raytheon,,LATAM,Oscilloscopes,Website,"['Keysight_University_Course', 'AutoSens_Tech_Talk', 'Keysight_Workshop_RF_Testing', 'Oscilloscope_Selector_Tool', 'Customer']",1
L020793,Ravi Chen,Infineon,Telecom,APAC,,Email Campaign,"['Opportunity', 'Application_Engineer_Call', 'Lab_Integration_Discussion', 'Keysight_Workshop_RF_Testing', 'PathWave_Trial_Request', 'Loaner_Unit_Evaluation', 'LinkedIn_Ad_Click', 'AutoSens_Tech_Talk', 'No_Conversion']",0
L020794,Priya Lee,NXP Semiconductors,Aerospace,LATAM,,Webinar,"['Technical_Demo', 'Keysight_University_Course', 'Technical_Demo', 'AutoSens_Tech_Talk', 'Customer']",1
L020795,Daniel Johnson,Bosch,Automotive,North America,5G Testbeds,Webinar,"['Keysight_University_Course', 'Loaner_Unit_Evaluation', 'Lab_Integration_Discussion', 'SQL', 'Application_Engineer_Call', 'No_Conversion']",0
L020796,Hiroshi Singh,NXP Semiconductors,Aerospace,,Oscilloscopes,Webinar,['Customer'],1
L020797,Chen Garcia,NXP Semiconductors,,Europe,,LinkedIn,"['AutoSens_Tech_Talk', 'SQL', 'Technical_Demo', 'AutoSens_Tech_Talk', 'Keysight_Workshop_RF_Testing', 'LinkedIn_Ad_Click', 'Technical_Demo', 'Lab_Integration_Discussion', 'Keysight_University_Course', 'No_Conversion']",0
L020798,Kenji Chen,,Automotive,,Oscilloscopes,Email Campaign,"['Whitepaper_Download_5G_Test', 'MQL', 'Application_Engineer_Call', 'Keysight_Workshop_RF_Testing', 'Opportunity', 'LinkedIn_Ad_Click', 'LinkedIn_Ad_Click', 'MQL', 'Customer']",1
L020799,Chen Johnson,Bosch_Tech,,LATAM,Oscilloscopes,Webinar,"['MQL', 'AutoSens_Tech_Talk', 'Whitepaper_Download_5G_Test', 'Website_Product_Page', 'Opportunity', 'Lab_Integration_Discussion', 'Lab_Integration_Discussion', 'No_Conversion']",0
L020800,Michael Williams,Samsung Electronics,Automotive,,PathWave Software,Webinar,"['Oscilloscope_Selector_Tool', 'Customer']",1
L020801,Daniel Garcia,NXPSe_Tech,Semiconductor,APAC,5G Testbeds,Website,"['Keysight_University_Course', 'Technical_Demo', 'AutoSens_Tech_Talk', 'Loaner_Unit_Evaluation', 'Keysight_Workshop_RF_Testing', 'Whitepaper_Download_5G_Test', 'PathWave_Trial_Request', 'Customer']",1
L020802,,Tesla Energy GmbH,Aerospace,LATAM,,LinkedIn,"['SQL', 'Lab_Integration_Discussion', 'Customer']",1
L020803,Chen Tanaka,Infineon GmbH,,Europe,,,"['Whitepaper_Download_5G_Test', 'Customer']",1
L020804,Sofia Tanaka,Raytheon GmbH,Electronics,,,Webinar,"['PathWave_Trial_Request', 'Whitepaper_Download_5G_Test', 'Application_Engineer_Call', 'Keysight_Workshop_RF_Testing', 'No_Conversion']",0
L020805,Daniel Garcia,,,,,Sales Outreach,"['IMS_Badge_Scan', 'Loaner_Unit_Evaluation', 'Customer']",1
L020806,Sarah Singh,Broad_Tech,,North America,PathWave Software,Website,"['IMS_Badge_Scan', 'Technical_Demo', 'Technical_Demo', 'Customer']",1
L020807,Kenji Tanaka,Qualc_Tech,Aerospace,LATAM,,Webinar,['No_Conversion'],0
L020808,Daniel Anders,Sony,,APAC,,,['Customer'],1
L020809,Priya Singh,,,,,Event,"['Opportunity', 'PathWave_Trial_Request', 'Website_Product_Page', 'No_Conversion']",0
L020810,Chen Chen,NXP Semiconductors GmbH,,Europe,,Email Campaign,"['PathWave_Trial_Request', 'Lab_Integration_Discussion', 'No_Conversion']",0
L020811,Maria Khan,Broadcom GmbH,,Europe,,Website,"['Loaner_Unit_Evaluation', 'Keysight_Workshop_RF_Testing', 'Keysight_Workshop_RF_Testing', 'Oscilloscope_Selector_Tool', 'SQL', 'PathWave_Trial_Request', 'No_Conversion']",0
L020812,Priya Patel,Samsung Electronics GmbH,Semiconductor,LATAM,,Event,['No_Conversion'],0
L020813,Ahmed Singh,,,Europe,Oscilloscopes,Webinar,"['PathWave_Trial_Request', 'Website_Product_Page', 'No_Conversion']",0
L020814,,Sony_Tech,Electronics,APAC,5G Testbeds,Email Campaign,"['IMS_Badge_Scan', 'Technical_Demo', 'IMS_Badge_Scan', 'No_Conversion']",0
L020815,Hiroshi Ito,Broad_Tech,,North America,Oscilloscopes,Event,"['SQL', 'LinkedIn_Ad_Click', 'Technical_Demo', 'Whitepaper_Download_5G_Test', 'Customer']",1
L020816,Sarah Khan,Bosch GmbH,,North America,Oscilloscopes,LinkedIn,"['Whitepaper_Download_5G_Test', 'Website_Product_Page', 'SQL', 'Customer']",1
L020817,Daniel Garcia,Tesla Energy,,Europe,PathWave Software,Sales Outreach,"['DesignCon_Booth_Visit', 'AutoSens_Tech_Talk', 'No_Conversion']",0
L020818,Laura Johnson,Qualcomm,Aerospace,LATAM,Oscilloscopes,Event,"['Opportunity', 'Whitepaper_Download_5G_Test', 'Application_Engineer_Call', 'Website_Product_Page', 'MQL', 'Opportunity', 'Whitepaper_Download_5G_Test', 'LinkedIn_Ad_Click', 'Website_Product_Page', 'Loaner_Unit_Evaluation', 'No_Conversion']",0
L020819,Priya Williams,Broad_Tech,Semiconductor,,,Event,"['PathWave_Trial_Request', 'MQL', 'Keysight_University_Course', 'AutoSens_Tech_Talk', 'LinkedIn_Ad_Click', 'Loaner_Unit_Evaluation', 'SQL', 'No_Conversion']",0
L020820,Daniel Chen,Qualcomm,,APAC,,Email Campaign,"['Keysight_Workshop_RF_Testing', 'LinkedIn_Ad_Click', 'No_Conversion']",0
L020821,Michael Martinez,Bosch GmbH,Aerospace,Europe,5G Testbeds,,"['Website_Product_Page', 'Keysight_University_Course', 'Loaner_Unit_Evaluation', 'Keysight_University_Course', 'PathWave_Trial_Request', 'Website_Product_Page', 'No_Conversion']",0
L020822,Laura Garcia,Broadcom,,APAC,,Email Campaign,['Customer'],1
L020823,Laura Chen,Sony,Electronics,LATAM,,,['No_Conversion'],0
L020824,Priya Anders,,Automotive,Europe,,LinkedIn,"['SQL', 'PathWave_Trial_Request', 'Technical_Demo', 'Customer']",1
L020825,Sofia Garcia,Raytheon,Telecom,,,Website,"['Keysight_Workshop_RF_Testing', 'Keysight_Workshop_RF_Testing', 'Customer']",1
L020826,Kenji Singh,Qualcomm GmbH,Electronics,APAC,Automotive Ethernet,Webinar,"['Lab_Integration_Discussion', 'Customer']",1
L020827,Ahmed Martinez,Qualcomm GmbH,Automotive,Europe,Oscilloscopes,Event,"['Lab_Integration_Discussion', 'DesignCon_Booth_Visit', 'Technical_Demo', 'No_Conversion']",0
L020828,Daniel Johnson,Samsu_Tech,,North America,,Website,"['Whitepaper_Download_5G_Test', 'Technical_Demo', 'MQL', 'Keysight_University_Course', 'Loaner_Unit_Evaluation', 'PathWave_Trial_Request', 'Oscilloscope_Selector_Tool', 'DesignCon_Booth_Visit', 'Opportunity', 'No_Conversion']",0
L020829,Hiroshi Patel,Raytheon,Telecom,LATAM,,Event,"['Loaner_Unit_Evaluation', 'LinkedIn_Ad_Click', 'Lab_Integration_Discussion', 'Lab_Integration_Discussion', 'MQL', 'Lab_Integration_Discussion', 'Application_Engineer_Call', 'Website_Product_Page', 'AutoSens_Tech_Talk', 'DesignCon_Booth_Visit', 'Customer']",1
L020830,Daniel Khan,Sony_Tech,Semiconductor,LATAM,,,"['Lab_Integration_Discussion', 'Oscilloscope_Selector_Tool', 'Oscilloscope_Selector_Tool', 'No_Conversion']",0
L020831,,Infin_Tech,Automotive,Europe,Automotive Ethernet,Website,['No_Conversion'],0
L020832,Laura Patel,Qualc_Tech,,APAC,,LinkedIn,"['Loaner_Unit_Evaluation', 'SQL', 'Keysight_University_Course', 'PathWave_Trial_Request', 'Technical_Demo', 'Keysight_Workshop_RF_Testing', 'Customer']",1
L020833,Chen Williams,NXP Semiconductors,,LATAM,5G Testbeds,Website,"['MQL', 'Technical_Demo', 'LinkedIn_Ad_Click', 'No_Conversion']",0
L020834,Kenji Garcia,Bosch GmbH,,North America,Oscilloscopes,,"['Keysight_University_Course', 'AutoSens_Tech_Talk', 'AutoSens_Tech_Talk', 'Loaner_Unit_Evaluation', 'Website_Product_Page', 'No_Conversion']",0
L020835,Sofia Anders,Raytheon GmbH,,LATAM,,Email Campaign,"['Whitepaper_Download_5G_Test', 'LinkedIn_Ad_Click', 'IMS_Badge_Scan', 'IMS_Badge_Scan', 'AutoSens_Tech_Talk', 'Loaner_Unit_Evaluation', 'Customer']",1
L020836,Hiroshi Anders,Raytheon GmbH,Telecom,,,Email Campaign,"['Whitepaper_Download_5G_Test', 'Oscilloscope_Selector_Tool', 'Keysight_Workshop_RF_Testing', 'IMS_Badge_Scan', 'PathWave_Trial_Request', 'Customer']",1
L020837,Ahmed Patel,Infineon,Telecom,LATAM,Oscilloscopes,Webinar,"['DesignCon_Booth_Visit', 'Keysight_University_Course', 'Oscilloscope_Selector_Tool', 'PathWave_Trial_Request', 'Technical_Demo', 'AutoSens_Tech_Talk', 'No_Conversion']",0
L020838,Ahmed Anders,Qualcomm,,APAC,,Event,"['Technical_Demo', 'MQL', 'MQL', 'Keysight_University_Course', 'Customer']",1
L020839,Chen Lee,Bosch GmbH,,,Automotive Ethernet,Event,"['Oscilloscope_Selector_Tool', 'Technical_Demo', 'MQL', 'DesignCon_Booth_Visit', 'LinkedIn_Ad_Click', 'No_Conversion']",0
L020840,Daniel Chen,Qualcomm GmbH,,APAC,,,"['SQL', 'Lab_Integration_Discussion', 'Oscilloscope_Selector_Tool', 'Opportunity', 'SQL', 'No_Conversion']",0
L020841,Maria Khan,Sony GmbH,,LATAM,,Sales Outreach,"['Keysight_Workshop_RF_Testing', 'Oscilloscope_Selector_Tool', 'PathWave_Trial_Request', 'Whitepaper_Download_5G_Test', 'Application_Engineer_Call', 'IMS_Badge_Scan', 'IMS_Badge_Scan', 'Whitepaper_Download_5G_Test', 'Application_Engineer_Call', 'Customer']",1
L020842,Sofia Lee,Bosch,Telecom,,Oscilloscopes,Website,"['Technical_Demo', 'Oscilloscope_Selector_Tool', 'Keysight_Workshop_RF_Testing', 'Loaner_Unit_Evaluation', 'PathWave_Trial_Request', 'MQL', 'Loaner_Unit_Evaluation', 'Opportunity', 'AutoSens_Tech_Talk', 'Customer']",1
L020843,Chen Martinez,Tesla_Tech,,APAC,Oscilloscopes,Sales Outreach,"['Oscilloscope_Selector_Tool', 'SQL', 'Customer']",1
L020844,Sarah Johnson,NXP Semiconductors GmbH,Electronics,,,Sales Outreach,"['IMS_Badge_Scan', 'Whitepaper_Download_5G_Test', 'Oscilloscope_Selector_Tool', 'Website_Product_Page', 'Opportunity', 'Keysight_Workshop_RF_Testing', 'PathWave_Trial_Request', 'No_Conversion']",0
L020845,Sarah Johnson,Bosch,Automotive,North America,,Email Campaign,"['IMS_Badge_Scan', 'Keysight_Workshop_RF_Testing', 'Customer']",1
L020846,Sarah Ito,,Electronics,APAC,5G Testbeds,Event,"['Opportunity', 'Lab_Integration_Discussion', 'IMS_Badge_Scan', 'No_Conversion']",0
L020847,Kenji Johnson,Infin_Tech,,,,Email Campaign,"['Whitepaper_Download_5G_Test', 'Application_Engineer_Call', 'Keysight_Workshop_RF_Testing', 'Customer']",1
L020848,Laura Martinez,Infin_Tech,Telecom,,5G Testbeds,Email Campaign,"['Website_Product_Page', 'Technical_Demo', 'PathWave_Trial_Request', 'MQL', 'Opportunity', 'Customer']",1
L020849,Ravi Anders,,Aerospace,APAC,Automotive Ethernet,Event,"['Loaner_Unit_Evaluation', 'AutoSens_Tech_Talk', 'Keysight_University_Course', 'Technical_Demo', 'Keysight_University_Course', 'Customer']",1
L020850,Priya Chen,Sony GmbH,Semiconductor,Europe,PathWave Software,Event,"['Application_Engineer_Call', 'Keysight_University_Course', 'MQL', 'No_Conversion']",0
L020851,Chen Chen,Infineon,Automotive,North America,,Webinar,"['Technical_Demo', 'PathWave_Trial_Request', 'Lab_Integration_Discussion', 'DesignCon_Booth_Visit', 'No_Conversion']",0
L020852,Priya Ito,Infin_Tech,Electronics,LATAM,,LinkedIn,"['DesignCon_Booth_Visit', 'Oscilloscope_Selector_Tool', 'SQL', 'Technical_Demo', 'Keysight_University_Course', 'SQL', 'SQL', 'Whitepaper_Download_5G_Test', 'No_Conversion']",0
L020853,Ahmed Patel,Qualc_Tech,,Europe,,,"['Oscilloscope_Selector_Tool', 'SQL', 'Lab_Integration_Discussion', 'Customer']",1
L020854,Ravi Chen,,Electronics,APAC,Automotive Ethernet,Website,"['Loaner_Unit_Evaluation', 'Opportunity', 'LinkedIn_Ad_Click', 'LinkedIn_Ad_Click', 'PathWave_Trial_Request', 'Customer']",1
L020855,Maria Patel,,Aerospace,LATAM,,,"['Loaner_Unit_Evaluation', 'AutoSens_Tech_Talk', 'Lab_Integration_Discussion', 'SQL', 'LinkedIn_Ad_Click', 'Website_Product_Page', 'No_Conversion']",0
L020856,Laura Singh,,Semiconductor,APAC,PathWave Software,,"['DesignCon_Booth_Visit', 'SQL', 'Keysight_University_Course', 'Keysight_Workshop_RF_Testing', 'SQL', 'Keysight_University_Course', 'Customer']",1
L020857,Sarah Garcia,Bosch GmbH,Electronics,APAC,,Email Campaign,"['Keysight_University_Course', 'No_Conversion']",0
L020858,,Infin_Tech,,Europe,,Website,"['MQL', 'Keysight_University_Course', 'Whitepaper_Download_5G_Test', 'LinkedIn_Ad_Click', 'Website_Product_Page', 'Technical_Demo', 'Customer']",1
L020859,Michael Williams,NXPSe_Tech,,Europe,5G Testbeds,Website,"['PathWave_Trial_Request', 'Technical_Demo', 'Loaner_Unit_Evaluation', 'Application_Engineer_Call', 'MQL', 'Oscilloscope_Selector_Tool', 'Keysight_University_Course', 'LinkedIn_Ad_Click', 'Opportunity', 'PathWave_Trial_Request', 'Customer']",1
L020860,Daniel Khan,Samsung Electronics GmbH,Semiconductor,Europe,,Event,"['Technical_Demo', 'Application_Engineer_Call', 'DesignCon_Booth_Visit', 'SQL', 'PathWave_Trial_Request', 'PathWave_Trial_Request', 'Lab_Integration_Discussion', 'Keysight_University_Course', 'Keysight_University_Course', 'Customer']",1
L020861,,Infin_Tech,Telecom,LATAM,,Email Campaign,"['MQL', 'Website_Product_Page', 'Lab_Integration_Discussion', 'Opportunity', 'SQL', 'Loaner_Unit_Evaluation', 'No_Conversion']",0
L020862,Sarah Khan,Sony,Electronics,APAC,,,"['Keysight_Workshop_RF_Testing', 'Keysight_University_Course', 'Opportunity', 'No_Conversion']",0
L020863,Chen Garcia,Broadcom,Telecom,LATAM,Oscilloscopes,Webinar,"['Application_Engineer_Call', 'Customer']",1
L020864,Daniel Anders,Qualc_Tech,Electronics,,,LinkedIn,"['SQL', 'Application_Engineer_Call', 'Keysight_Workshop_RF_Testing', 'AutoSens_Tech_Talk', 'MQL', 'Whitepaper_Download_5G_Test', 'Website_Product_Page', 'Opportunity', 'Keysight_Workshop_RF_Testing', 'No_Conversion']",0
L020865,Sarah Ito,Sony GmbH,Aerospace,Europe,,Event,"['Oscilloscope_Selector_Tool', 'Keysight_Workshop_RF_Testing', 'Keysight_Workshop_RF_Testing', 'No_Conversion']",0
L020866,Daniel Anders,Tesla Energy GmbH,Automotive,North America,,Website,['Customer'],1
L020867,Priya Williams,,,North America,,Sales Outreach,"['Keysight_Workshop_RF_Testing', 'Technical_Demo', 'Website_Product_Page', 'Website_Product_Page', 'No_Conversion']",0
L020868,Ravi Martinez,,,North America,PathWave Software,,"['Website_Product_Page', 'Opportunity', 'IMS_Badge_Scan', 'AutoSens_Tech_Talk', 'Customer']",1
L020869,Sofia Williams,Infin_Tech,Telecom,Europe,,Event,"['SQL', 'MQL', 'Keysight_University_Course', 'Application_Engineer_Call', 'Whitepaper_Download_5G_Test', 'Whitepaper_Download_5G_Test', 'MQL', 'Oscilloscope_Selector_Tool', 'Customer']",1
L020870,Sarah Garcia,Infineon,Electronics,LATAM,,Event,"['Keysight_University_Course', 'AutoSens_Tech_Talk', 'DesignCon_Booth_Visit', 'PathWave_Trial_Request', 'SQL', 'Customer']",1
L020871,Chen Johnson,Infineon GmbH,Semiconductor,APAC,,Website,"['LinkedIn_Ad_Click', 'IMS_Badge_Scan', 'Keysight_Workshop_RF_Testing', 'IMS_Badge_Scan', 'Opportunity', 'IMS_Badge_Scan', 'No_Conversion']",0
L020872,Chen Tanaka,Sony GmbH,Electronics,,Oscilloscopes,Event,"['MQL', 'Lab_Integration_Discussion', 'Whitepaper_Download_5G_Test', 'IMS_Badge_Scan', 'Lab_Integration_Discussion', 'Website_Product_Page', 'Customer']",1
L020873,,Broadcom,Telecom,North America,,Email Campaign,"['Website_Product_Page', 'Website_Product_Page', 'AutoSens_Tech_Talk', 'LinkedIn_Ad_Click', 'Whitepaper_Download_5G_Test', 'No_Conversion']",0
L020874,Chen Chen,Broadcom GmbH,,APAC,5G Testbeds,Webinar,"['Opportunity', 'IMS_Badge_Scan', 'Keysight_Workshop_RF_Testing', 'Opportunity', 'IMS_Badge_Scan', 'Lab_Integration_Discussion', 'DesignCon_Booth_Visit', 'MQL', 'AutoSens_Tech_Talk', 'Customer']",1
L020875,,Bosch GmbH,,,Automotive Ethernet,LinkedIn,"['Lab_Integration_Discussion', 'Customer']",1
L020876,Ahmed Martinez,Qualcomm,Telecom,Europe,5G Testbeds,Sales Outreach,"['Whitepaper_Download_5G_Test', 'AutoSens_Tech_Talk', 'SQL', 'IMS_Badge_Scan', 'Website_Product_Page', 'No_Conversion']",0
L020877,Chen Singh,,,APAC,,,"['Lab_Integration_Discussion', 'Customer']",1
L020878,Laura Tanaka,Sony_Tech,Telecom,,Automotive Ethernet,Website,"['AutoSens_Tech_Talk', 'Keysight_Workshop_RF_Testing', 'No_Conversion']",0
L020879,Priya Garcia,Broad_Tech,Semiconductor,APAC,,,"['Opportunity', 'Oscilloscope_Selector_Tool', 'Loaner_Unit_Evaluation', 'Customer']",1
L020880,Ahmed Anders,NXPSe_Tech,Telecom,,Automotive Ethernet,Website,"['Whitepaper_Download_5G_Test', 'IMS_Badge_Scan', 'IMS_Badge_Scan', 'Opportunity', 'Keysight_University_Course', 'Application_Engineer_Call', 'Keysight_University_Course', 'DesignCon_Booth_Visit', 'Keysight_Workshop_RF_Testing', 'DesignCon_Booth_Visit', 'Customer']",1
L020881,Ahmed Williams,Qualcomm GmbH,Electronics,North America,Automotive Ethernet,Webinar,"['Technical_Demo', 'Opportunity', 'Lab_Integration_Discussion', 'No_Conversion']",0
L020882,Laura Garcia,MetaC_Tech,,Europe,5G Testbeds,,"['Application_Engineer_Call', 'PathWave_Trial_Request', 'Loaner_Unit_Evaluation', 'SQL', 'Customer']",1
L020883,Daniel Ito,Qualcomm,Electronics,,,Sales Outreach,"['IMS_Badge_Scan', 'Technical_Demo', 'Whitepaper_Download_5G_Test', 'Customer']",1
L020884,Sofia Williams,,Automotive,,Automotive Ethernet,Website,['Customer'],1
L020885,Kenji Chen,Sony_Tech,Electronics,,,Email Campaign,"['Opportunity', 'No_Conversion']",0
L020886,Sarah Garcia,Samsung Electronics,Semiconductor,LATAM,5G Testbeds,,"['Website_Product_Page', 'No_Conversion']",0
L020887,Hiroshi Singh,Meta Connectivity Labs GmbH,Telecom,Europe,5G Testbeds,Website,"['LinkedIn_Ad_Click', 'Technical_Demo', 'AutoSens_Tech_Talk', 'Oscilloscope_Selector_Tool', 'SQL', 'SQL', 'Customer']",1
L020888,,Bosch GmbH,Semiconductor,,Automotive Ethernet,Email Campaign,['No_Conversion'],0
L020889,Chen Tanaka,Meta Connectivity Labs GmbH,Aerospace,APAC,,Website,['No_Conversion'],0
L020890,Laura Anders,NXPSe_Tech,,APAC,Automotive Ethernet,Email Campaign,"['SQL', 'Keysight_Workshop_RF_Testing', 'DesignCon_Booth_Visit', 'LinkedIn_Ad_Click', 'Technical_Demo', 'Whitepaper_Download_5G_Test', 'PathWave_Trial_Request', 'Technical_Demo', 'AutoSens_Tech_Talk', 'No_Conversion']",0
L020891,Kenji Khan,,Aerospace,,5G Testbeds,Webinar,"['Technical_Demo', 'Website_Product_Page', 'Whitepaper_Download_5G_Test', 'PathWave_Trial_Request', 'Whitepaper_Download_5G_Test', 'IMS_Badge_Scan', 'SQL', 'Customer']",1
L020892,Ahmed Johnson,Sony_Tech,Telecom,Europe,Oscilloscopes,LinkedIn,['No_Conversion'],0
L020893,Michael Johnson,Sony,,,Oscilloscopes,Event,"['Website_Product_Page', 'No_Conversion']",0
L020894,Ravi Tanaka,,Electronics,,Oscilloscopes,LinkedIn,['No_Conversion'],0
L020895,Sofia Williams,Meta Connectivity Labs,,APAC,,,"['Keysight_Workshop_RF_Testing', 'Oscilloscope_Selector_Tool', 'Loaner_Unit_Evaluation', 'Customer']",1
L020896,Ravi Martinez,NXPSe_Tech,Telecom,LATAM,5G Testbeds,Event,"['AutoSens_Tech_Talk', 'AutoSens_Tech_Talk', 'LinkedIn_Ad_Click', 'Whitepaper_Download_5G_Test', 'Keysight_Workshop_RF_Testing', 'No_Conversion']",0
L020897,Ravi Patel,Raytheon GmbH,Aerospace,North America,PathWave Software,,"['Application_Engineer_Call', 'Loaner_Unit_Evaluation', 'No_Conversion']",0
L020898,Laura Chen,Qualc_Tech,,Europe,,Sales Outreach,"['Application_Engineer_Call', 'Technical_Demo', 'Application_Engineer_Call', 'No_Conversion']",0
L020899,Chen Patel,Bosch_Tech,Aerospace,LATAM,,Sales Outreach,"['Application_Engineer_Call', 'Customer']",1
L020900,Ahmed Singh,MetaC_Tech,Telecom,,,LinkedIn,"['Keysight_Workshop_RF_Testing', 'AutoSens_Tech_Talk', 'LinkedIn_Ad_Click', 'LinkedIn_Ad_Click', 'Loaner_Unit_Evaluation', 'PathWave_Trial_Request', 'Keysight_University_Course', 'Application_Engineer_Call', 'No_Conversion']",0
L020901,,Qualc_Tech,Telecom,Europe,Oscilloscopes,Webinar,"['PathWave_Trial_Request', 'Website_Product_Page', 'Keysight_Workshop_RF_Testing', 'MQL', 'Oscilloscope_Selector_Tool', 'SQL', 'SQL', 'Customer']",1
L020902,Maria Martinez,Bosch GmbH,,,Automotive Ethernet,Sales Outreach,"['Application_Engineer_Call', 'Opportunity', 'DesignCon_Booth_Visit', 'Loaner_Unit_Evaluation', 'Technical_Demo', 'SQL', 'Application_Engineer_Call', 'Keysight_University_Course', 'Customer']",1
L020903,Sofia Tanaka,Infin_Tech,,Europe,,,"['SQL', 'Opportunity', 'AutoSens_Tech_Talk', 'Customer']",1
L020904,Michael Chen,,Automotive,APAC,Automotive Ethernet,Email Campaign,['Customer'],1
L020905,Ahmed Ito,,,LATAM,Automotive Ethernet,Sales Outreach,"['Whitepaper_Download_5G_Test', 'Application_Engineer_Call', 'PathWave_Trial_Request', 'AutoSens_Tech_Talk', 'Keysight_University_Course', 'Website_Product_Page', 'SQL', 'Customer']",1
L020906,Laura Martinez,Sony_Tech,,Europe,,LinkedIn,['No_Conversion'],0
L020907,Sarah Singh,Broad_Tech,,,,Event,"['Website_Product_Page', 'PathWave_Trial_Request', 'Customer']",1
L020908,Ravi Johnson,Tesla Energy GmbH,,,Oscilloscopes,,"['Application_Engineer_Call', 'Website_Product_Page', 'PathWave_Trial_Request', 'Customer']",1
L020909,Ravi Williams,,,North America,5G Testbeds,Website,"['PathWave_Trial_Request', 'Opportunity', 'LinkedIn_Ad_Click', 'No_Conversion']",0
L020910,Laura Patel,Qualcomm,,APAC,,Email Campaign,"['PathWave_Trial_Request', 'Oscilloscope_Selector_Tool', 'Keysight_University_Course', 'No_Conversion']",0
L020911,Sofia Williams,Tesla Energy,,,5G Testbeds,Webinar,"['Website_Product_Page', 'Keysight_University_Course', 'IMS_Badge_Scan', 'No_Conversion']",0
L020912,Ahmed Anders,Infin_Tech,Telecom,APAC,,,"['Application_Engineer_Call', 'IMS_Badge_Scan', 'Lab_Integration_Discussion', 'SQL', 'No_Conversion']",0
L020913,Hiroshi Martinez,Qualcomm,,LATAM,5G Testbeds,Webinar,"['Website_Product_Page', 'No_Conversion']",0
L020914,Sarah Ito,Samsu_Tech,,LATAM,PathWave Software,Website,"['SQL', 'Keysight_Workshop_RF_Testing', 'Opportunity', 'PathWave_Trial_Request', 'AutoSens_Tech_Talk', 'Application_Engineer_Call', 'Customer']",1
L020915,Michael Anders,Samsung Electronics,Semiconductor,LATAM,,Event,['Customer'],1
L020916,,Bosch_Tech,Aerospace,North America,,Webinar,['No_Conversion'],0
L020917,Maria Singh,Meta Connectivity Labs GmbH,Electronics,APAC,5G Testbeds,Webinar,"['Opportunity', 'IMS_Badge_Scan', 'No_Conversion']",0
L020918,Kenji Patel,Infin_Tech,,APAC,Automotive Ethernet,Webinar,"['Whitepaper_Download_5G_Test', 'Website_Product_Page', 'PathWave_Trial_Request', 'Opportunity', 'Customer']",1
L020919,Sarah Garcia,,Automotive,LATAM,,Event,"['Opportunity', 'Opportunity', 'LinkedIn_Ad_Click', 'Keysight_University_Course', 'Customer']",1
L020920,Michael Williams,Meta Connectivity Labs GmbH,Semiconductor,North America,PathWave Software,Webinar,"['Keysight_University_Course', 'Application_Engineer_Call', 'LinkedIn_Ad_Click', 'MQL', 'Lab_Integration_Discussion', 'Loaner_Unit_Evaluation', 'No_Conversion']",0
L020921,Maria Johnson,Samsung Electronics GmbH,Telecom,APAC,,,"['Whitepaper_Download_5G_Test', 'Loaner_Unit_Evaluation', 'No_Conversion']",0
L020922,Laura Williams,Infineon GmbH,Aerospace,Europe,,Email Campaign,['No_Conversion'],0
L020923,Laura Patel,,,APAC,,Sales Outreach,"['LinkedIn_Ad_Click', 'AutoSens_Tech_Talk', 'SQL', 'Oscilloscope_Selector_Tool', 'Customer']",1
L020924,Chen Chen,,Aerospace,North America,PathWave Software,,"['AutoSens_Tech_Talk', 'Keysight_Workshop_RF_Testing', 'SQL', 'SQL', 'Customer']",1
L020925,Priya Patel,Sony GmbH,Telecom,Europe,,Sales Outreach,"['IMS_Badge_Scan', 'Oscilloscope_Selector_Tool', 'Application_Engineer_Call', 'Loaner_Unit_Evaluation', 'Technical_Demo', 'MQL', 'MQL', 'Customer']",1
L020926,Daniel Ito,Raytheon,Aerospace,APAC,Oscilloscopes,Webinar,"['Technical_Demo', 'SQL', 'Technical_Demo', 'DesignCon_Booth_Visit', 'Loaner_Unit_Evaluation', 'Technical_Demo', 'Oscilloscope_Selector_Tool', 'SQL', 'Technical_Demo', 'IMS_Badge_Scan', 'Customer']",1
L020927,Maria Ito,Sony,,,,Website,"['PathWave_Trial_Request', 'Technical_Demo', 'DesignCon_Booth_Visit', 'No_Conversion']",0
L020928,Kenji Ito,Infin_Tech,,APAC,,Email Campaign,"['Whitepaper_Download_5G_Test', 'PathWave_Trial_Request', 'IMS_Badge_Scan', 'PathWave_Trial_Request', 'IMS_Badge_Scan', 'Keysight_University_Course', 'Customer']",1
L020929,Ahmed Lee,Qualcomm,Aerospace,Europe,Automotive Ethernet,,"['Whitepaper_Download_5G_Test', 'Customer']",1
L020930,Priya Tanaka,Samsu_Tech,Automotive,,PathWave Software,Event,"['Keysight_Workshop_RF_Testing', 'Loaner_Unit_Evaluation', 'PathWave_Trial_Request', 'Loaner_Unit_Evaluation', 'Customer']",1
L020931,Michael Tanaka,Broadcom GmbH,,,,Sales Outreach,"['Application_Engineer_Call', 'Technical_Demo', 'Lab_Integration_Discussion', 'Keysight_University_Course', 'No_Conversion']",0
L020932,Priya Ito,Infineon GmbH,,Europe,,Webinar,"['Whitepaper_Download_5G_Test', 'Opportunity', 'Whitepaper_Download_5G_Test', 'IMS_Badge_Scan', 'LinkedIn_Ad_Click', 'DesignCon_Booth_Visit', 'Whitepaper_Download_5G_Test', 'SQL', 'Customer']",1
L020933,Sofia Garcia,Broad_Tech,Electronics,APAC,PathWave Software,,['Customer'],1
L020934,Sarah Ito,Samsung Electronics,Semiconductor,APAC,Automotive Ethernet,LinkedIn,"['Website_Product_Page', 'SQL', 'Technical_Demo', 'Opportunity', 'Lab_Integration_Discussion', 'Customer']",1
L020935,Sofia Anders,Qualcomm GmbH,Semiconductor,,,LinkedIn,"['Website_Product_Page', 'Technical_Demo', 'SQL', 'Website_Product_Page', 'Technical_Demo', 'Customer']",1
L020936,Ravi Patel,Bosch,Semiconductor,LATAM,,Webinar,"['Oscilloscope_Selector_Tool', 'DesignCon_Booth_Visit', 'IMS_Badge_Scan', 'IMS_Badge_Scan', 'Opportunity', 'PathWave_Trial_Request', 'Opportunity', 'Application_Engineer_Call', 'No_Conversion']",0
L020937,Laura Martinez,,Telecom,LATAM,,Webinar,"['Whitepaper_Download_5G_Test', 'Opportunity', 'Technical_Demo', 'No_Conversion']",0
L020938,Laura Chen,Rayth_Tech,Electronics,North America,Oscilloscopes,Email Campaign,"['Opportunity', 'Customer']",1
L020939,Daniel Williams,Infineon,Telecom,APAC,,LinkedIn,"['Keysight_Workshop_RF_Testing', 'PathWave_Trial_Request', 'MQL', 'MQL', 'Oscilloscope_Selector_Tool', 'Website_Product_Page', 'Opportunity', 'DesignCon_Booth_Visit', 'Customer']",1
L020940,Michael Chen,Samsu_Tech,Electronics,,,Webinar,"['Keysight_Workshop_RF_Testing', 'LinkedIn_Ad_Click', 'AutoSens_Tech_Talk', 'Technical_Demo', 'No_Conversion']",0
L020941,Chen Ito,Bosch,Electronics,APAC,Automotive Ethernet,Sales Outreach,"['Whitepaper_Download_5G_Test', 'AutoSens_Tech_Talk', 'Lab_Integration_Discussion', 'Application_Engineer_Call', 'Lab_Integration_Discussion', 'Oscilloscope_Selector_Tool', 'Customer']",1
L020942,Laura Chen,Qualcomm GmbH,Aerospace,APAC,Automotive Ethernet,Event,"['SQL', 'Customer']",1
L020943,Daniel Garcia,Broadcom,Telecom,APAC,Automotive Ethernet,Email Campaign,['Customer'],1
L020944,Sofia Garcia,Qualc_Tech,Aerospace,,,Website,"['IMS_Badge_Scan', 'Application_Engineer_Call', 'DesignCon_Booth_Visit', 'Lab_Integration_Discussion', 'Technical_Demo', 'Lab_Integration_Discussion', 'Application_Engineer_Call', 'AutoSens_Tech_Talk', 'Customer']",1
L020945,Maria Patel,Broadcom,Semiconductor,APAC,,Sales Outreach,"['DesignCon_Booth_Visit', 'Oscilloscope_Selector_Tool', 'Technical_Demo', 'Loaner_Unit_Evaluation', 'Technical_Demo', 'No_Conversion']",0
L020946,Sarah Garcia,Bosch,Electronics,APAC,Automotive Ethernet,Event,"['IMS_Badge_Scan', 'Opportunity', 'Lab_Integration_Discussion', 'No_Conversion']",0
L020947,Chen Khan,,,North America,,Event,"['Website_Product_Page', 'Opportunity', 'MQL', 'DesignCon_Booth_Visit', 'Technical_Demo', 'No_Conversion']",0
L020948,Priya Anders,Samsu_Tech,Aerospace,North America,Automotive Ethernet,Webinar,"['LinkedIn_Ad_Click', 'Opportunity', 'Lab_Integration_Discussion', 'Keysight_Workshop_RF_Testing', 'No_Conversion']",0
L020949,Michael Khan,Tesla Energy GmbH,,Europe,,Sales Outreach,"['IMS_Badge_Scan', 'Application_Engineer_Call', 'Website_Product_Page', 'Opportunity', 'SQL', 'No_Conversion']",0
L020950,Michael Johnson,Samsung Electronics,Semiconductor,,Automotive Ethernet,LinkedIn,"['DesignCon_Booth_Visit', 'Technical_Demo', 'Lab_Integration_Discussion', 'Opportunity', 'Customer']",1
L020951,Laura Lee,Qualcomm GmbH,Semiconductor,,Automotive Ethernet,,['Customer'],1
L020952,Kenji Williams,Infineon,Telecom,APAC,5G Testbeds,LinkedIn,"['DesignCon_Booth_Visit', 'Website_Product_Page', 'Customer']",1
L020953,Daniel Martinez,Qualcomm GmbH,Aerospace,APAC,5G Testbeds,Event,"['MQL', 'Loaner_Unit_Evaluation', 'PathWave_Trial_Request', 'Oscilloscope_Selector_Tool', 'Customer']",1
L020954,,NXP Semiconductors GmbH,Automotive,APAC,,Event,"['Keysight_University_Course', 'Technical_Demo', 'Technical_Demo', 'Loaner_Unit_Evaluation', 'MQL', 'Application_Engineer_Call', 'Website_Product_Page', 'Keysight_Workshop_RF_Testing', 'Lab_Integration_Discussion', 'MQL', 'No_Conversion']",0
L020955,Laura Singh,MetaC_Tech,Automotive,LATAM,,Sales Outreach,"['DesignCon_Booth_Visit', 'Lab_Integration_Discussion', 'Technical_Demo', 'PathWave_Trial_Request', 'Keysight_Workshop_RF_Testing', 'Oscilloscope_Selector_Tool', 'PathWave_Trial_Request', 'PathWave_Trial_Request', 'Website_Product_Page', 'Customer']",1
L020956,Michael Lee,Raytheon GmbH,Automotive,Europe,,Sales Outreach,"['DesignCon_Booth_Visit', 'MQL', 'AutoSens_Tech_Talk', 'IMS_Badge_Scan', 'Customer']",1
L020957,Priya Williams,Broad_Tech,Semiconductor,North America,PathWave Software,Website,['Customer'],1
L020958,Ahmed Lee,Infin_Tech,,,,LinkedIn,['Customer'],1
L020959,Kenji Tanaka,Samsung Electronics GmbH,,APAC,5G Testbeds,Website,"['Technical_Demo', 'Lab_Integration_Discussion', 'Loaner_Unit_Evaluation', 'No_Conversion']",0
L020960,Michael Ito,Infineon GmbH,,Europe,,LinkedIn,"['PathWave_Trial_Request', 'AutoSens_Tech_Talk', 'AutoSens_Tech_Talk', 'SQL', 'No_Conversion']",0
L020961,Michael Lee,MetaC_Tech,Automotive,,PathWave Software,Webinar,"['Application_Engineer_Call', 'Whitepaper_Download_5G_Test', 'Whitepaper_Download_5G_Test', 'Application_Engineer_Call', 'Keysight_Workshop_RF_Testing', 'MQL', 'Application_Engineer_Call', 'No_Conversion']",0
L020962,Priya Anders,Tesla_Tech,Aerospace,North America,,Email Campaign,"['MQL', 'Keysight_Workshop_RF_Testing', 'Lab_Integration_Discussion', 'Whitepaper_Download_5G_Test', 'Keysight_University_Course', 'Customer']",1
L020963,Kenji Chen,Tesla Energy GmbH,Electronics,Europe,PathWave Software,,"['AutoSens_Tech_Talk', 'Keysight_Workshop_RF_Testing', 'Opportunity', 'Technical_Demo', 'Customer']",1
L020964,Michael Ito,Raytheon GmbH,Aerospace,APAC,5G Testbeds,LinkedIn,"['PathWave_Trial_Request', 'Lab_Integration_Discussion', 'AutoSens_Tech_Talk', 'IMS_Badge_Scan', 'No_Conversion']",0
L020965,Priya Patel,,Automotive,Europe,,Webinar,"['IMS_Badge_Scan', 'AutoSens_Tech_Talk', 'Opportunity', 'Technical_Demo', 'Technical_Demo', 'AutoSens_Tech_Talk', 'Lab_Integration_Discussion', 'Technical_Demo', 'Application_Engineer_Call', 'Website_Product_Page', 'Customer']",1
L020966,Ravi Ito,,Automotive,Europe,Oscilloscopes,,"['Technical_Demo', 'Application_Engineer_Call', 'Application_Engineer_Call', 'Technical_Demo', 'LinkedIn_Ad_Click', 'Opportunity', 'IMS_Badge_Scan', 'AutoSens_Tech_Talk', 'Oscilloscope_Selector_Tool', 'No_Conversion']",0
L020967,Laura Martinez,NXPSe_Tech,,North America,Automotive Ethernet,LinkedIn,"['Opportunity', 'Whitepaper_Download_5G_Test', 'Customer']",1
L020968,Maria Khan,Sony_Tech,Semiconductor,North America,Oscilloscopes,Event,"['Whitepaper_Download_5G_Test', 'Customer']",1
L020969,Hiroshi Tanaka,,Electronics,Europe,,Website,['Customer'],1
L020970,,Qualcomm GmbH,Semiconductor,,Oscilloscopes,,['No_Conversion'],0
L020971,Maria Patel,Bosch,Semiconductor,North America,Automotive Ethernet,LinkedIn,"['Application_Engineer_Call', 'Lab_Integration_Discussion', 'DesignCon_Booth_Visit', 'PathWave_Trial_Request', 'Whitepaper_Download_5G_Test', 'Customer']",1
L020972,Michael Ito,,,Europe,5G Testbeds,LinkedIn,"['Application_Engineer_Call', 'Customer']",1
L020973,Ravi Williams,Qualc_Tech,,North America,,Event,"['MQL', 'AutoSens_Tech_Talk', 'IMS_Badge_Scan', 'No_Conversion']",0
L020974,Daniel Anders,Bosch_Tech,Aerospace,APAC,,,"['Oscilloscope_Selector_Tool', 'Website_Product_Page', 'Keysight_Workshop_RF_Testing', 'Keysight_Workshop_RF_Testing', 'No_Conversion']",0
L020975,Daniel Williams,Samsung Electronics GmbH,Aerospace,North America,,Website,"['MQL', 'Whitepaper_Download_5G_Test', 'PathWave_Trial_Request', 'Customer']",1
L020976,,,Electronics,,Oscilloscopes,Event,"['Technical_Demo', 'AutoSens_Tech_Talk', 'SQL', 'PathWave_Trial_Request', 'Technical_Demo', 'AutoSens_Tech_Talk', 'Opportunity', 'LinkedIn_Ad_Click', 'No_Conversion']",0
L020977,Ravi Lee,Samsung Electronics GmbH,Automotive,APAC,,Event,"['SQL', 'Keysight_University_Course', 'AutoSens_Tech_Talk', 'DesignCon_Booth_Visit', 'Customer']",1
L020978,Ahmed Chen,Rayth_Tech,Aerospace,,5G Testbeds,Webinar,"['Application_Engineer_Call', 'LinkedIn_Ad_Click', 'No_Conversion']",0
L020979,Michael Tanaka,Qualcomm GmbH,,APAC,,Sales Outreach,"['Website_Product_Page', 'AutoSens_Tech_Talk', 'Website_Product_Page', 'No_Conversion']",0
L020980,Sofia Chen,,Electronics,Europe,,,"['Oscilloscope_Selector_Tool', 'Keysight_University_Course', 'LinkedIn_Ad_Click', 'Customer']",1
L020981,,Sony GmbH,Semiconductor,North America,Automotive Ethernet,Event,"['LinkedIn_Ad_Click', 'Keysight_Workshop_RF_Testing', 'Technical_Demo', 'Whitepaper_Download_5G_Test', 'Opportunity', 'Technical_Demo', 'AutoSens_Tech_Talk', 'DesignCon_Booth_Visit', 'Website_Product_Page', 'Customer']",1
L020982,Sarah Khan,,,North America,,Webinar,"['Website_Product_Page', 'Opportunity', 'IMS_Badge_Scan', 'MQL', 'SQL', 'Customer']",1
L020983,Chen Johnson,Sony GmbH,,LATAM,PathWave Software,Email Campaign,"['SQL', 'Loaner_Unit_Evaluation', 'Whitepaper_Download_5G_Test', 'No_Conversion']",0
L020984,Kenji Patel,Bosch_Tech,Automotive,,,LinkedIn,['Customer'],1
L020985,,Infineon GmbH,Semiconductor,Europe,Oscilloscopes,Website,"['Loaner_Unit_Evaluation', 'Application_Engineer_Call', 'Application_Engineer_Call', 'Technical_Demo', 'Keysight_University_Course', 'LinkedIn_Ad_Click', 'Lab_Integration_Discussion', 'Technical_Demo', 'No_Conversion']",0
L020986,Priya Martinez,,Automotive,,,LinkedIn,['Customer'],1
L020987,,,,Europe,PathWave Software,Event,"['Application_Engineer_Call', 'MQL', 'Website_Product_Page', 'Whitepaper_Download_5G_Test', 'Oscilloscope_Selector_Tool', 'Whitepaper_Download_5G_Test', 'Application_Engineer_Call', 'DesignCon_Booth_Visit', 'Whitepaper_Download_5G_Test', 'Keysight_University_Course', 'Customer']",1
L020988,Maria Martinez,Qualcomm GmbH,,Europe,Automotive Ethernet,Email Campaign,"['AutoSens_Tech_Talk', 'SQL', 'Opportunity', 'Website_Product_Page', 'Customer']",1
L020989,Sarah Lee,,Automotive,,Automotive Ethernet,Website,"['SQL', 'Technical_Demo', 'IMS_Badge_Scan', 'Application_Engineer_Call', 'Application_Engineer_Call', 'Keysight_University_Course', 'Application_Engineer_Call', 'Application_Engineer_Call', 'DesignCon_Booth_Visit', 'Oscilloscope_Selector_Tool', 'Customer']",1
L020990,Sofia Patel,Infineon,,LATAM,,LinkedIn,"['PathWave_Trial_Request', 'DesignCon_Booth_Visit', 'Oscilloscope_Selector_Tool', 'MQL', 'DesignCon_Booth_Visit', 'No_Conversion']",0
L020991,Hiroshi Singh,Bosch_Tech,Semiconductor,APAC,PathWave Software,Event,"['SQL', 'Application_Engineer_Call', 'Technical_Demo', 'Application_Engineer_Call', 'Lab_Integration_Discussion', 'No_Conversion']",0
L020992,Hiroshi Garcia,Sony_Tech,Semiconductor,,5G Testbeds,Email Campaign,"['Whitepaper_Download_5G_Test', 'No_Conversion']",0
L020993,Michael Martinez,Tesla Energy GmbH,Semiconductor,North America,5G Testbeds,Email Campaign,"['IMS_Badge_Scan', 'Keysight_University_Course', 'PathWave_Trial_Request', 'Application_Engineer_Call', 'Customer']",1
L020994,Michael Ito,Sony,Telecom,LATAM,PathWave Software,LinkedIn,"['Lab_Integration_Discussion', 'Loaner_Unit_Evaluation', 'Application_Engineer_Call', 'Loaner_Unit_Evaluation', 'Opportunity', 'Loaner_Unit_Evaluation', 'Lab_Integration_Discussion', 'DesignCon_Booth_Visit', 'Customer']",1
L020995,Kenji Tanaka,Infin_Tech,Electronics,,Automotive Ethernet,Email Campaign,"['Keysight_Workshop_RF_Testing', 'Loaner_Unit_Evaluation', 'DesignCon_Booth_Visit', 'Technical_Demo', 'Customer']",1
L020996,Kenji Johnson,,Electronics,LATAM,,Event,"['IMS_Badge_Scan', 'AutoSens_Tech_Talk', 'Customer']",1
L020997,Kenji Khan,Infineon,Aerospace,North America,Automotive Ethernet,Sales Outreach,"['LinkedIn_Ad_Click', 'Lab_Integration_Discussion', 'LinkedIn_Ad_Click', 'PathWave_Trial_Request', 'Customer']",1
L020998,Maria Ito,Sony GmbH,,APAC,Oscilloscopes,Email Campaign,"['PathWave_Trial_Request', 'LinkedIn_Ad_Click', 'Oscilloscope_Selector_Tool', 'SQL', 'Oscilloscope_Selector_Tool', 'Technical_Demo', 'SQL', 'MQL', 'Keysight_Workshop_RF_Testing', 'IMS_Badge_Scan', 'No_Conversion']",0
L020999,Kenji Tanaka,Sony_Tech,,Europe,Automotive Ethernet,,"['Technical_Demo', 'Oscilloscope_Selector_Tool', 'Oscilloscope_Selector_Tool', 'PathWave_Trial_Request', 'No_Conversion']",0
L021000,Chen Patel,NXPSe_Tech,Automotive,LATAM,,Event,"['Website_Product_Page', 'PathWave_Trial_Request', 'MQL', 'IMS_Badge_Scan', 'Customer']",1
L021001,,Meta Connectivity Labs,Electronics,LATAM,PathWave Software,Website,"['SQL', 'PathWave_Trial_Request', 'IMS_Badge_Scan', 'Lab_Integration_Discussion', 'Technical_Demo', 'Customer']",1
L021002,Sarah Ito,,Automotive,APAC,5G Testbeds,Event,"['DesignCon_Booth_Visit', 'Customer']",1
L021003,,Qualcomm,,Europe,Oscilloscopes,Website,"['Whitepaper_Download_5G_Test', 'SQL', 'Website_Product_Page', 'Customer']",1
L021004,Michael Williams,Sony GmbH,Electronics,,Oscilloscopes,Webinar,"['LinkedIn_Ad_Click', 'Application_Engineer_Call', 'Oscilloscope_Selector_Tool', 'Keysight_Workshop_RF_Testing', 'Website_Product_Page', 'No_Conversion']",0
L021005,Kenji Lee,Tesla Energy,Semiconductor,North America,Oscilloscopes,Webinar,"['Application_Engineer_Call', 'AutoSens_Tech_Talk', 'MQL', 'Customer']",1
L021006,Hiroshi Ito,NXPSe_Tech,Aerospace,,,LinkedIn,"['DesignCon_Booth_Visit', 'SQL', 'MQL', 'Whitepaper_Download_5G_Test', 'Lab_Integration_Discussion', 'IMS_Badge_Scan', 'Website_Product_Page', 'No_Conversion']",0
L021007,Ahmed Khan,,,,5G Testbeds,,"['Keysight_University_Course', 'Opportunity', 'Technical_Demo', 'MQL', 'Keysight_University_Course', 'AutoSens_Tech_Talk', 'Customer']",1
L021008,Daniel Lee,Sony GmbH,Automotive,LATAM,,Email Campaign,"['Keysight_Workshop_RF_Testing', 'Oscilloscope_Selector_Tool', 'SQL', 'Loaner_Unit_Evaluation', 'No_Conversion']",0
L021009,Kenji Chen,Raytheon,,,5G Testbeds,Webinar,"['LinkedIn_Ad_Click', 'MQL', 'MQL', 'Keysight_University_Course', 'Whitepaper_Download_5G_Test', 'Opportunity', 'AutoSens_Tech_Talk', 'AutoSens_Tech_Talk', 'Oscilloscope_Selector_Tool', 'No_Conversion']",0
L021010,Ahmed Singh,MetaC_Tech,Semiconductor,APAC,PathWave Software,Website,"['LinkedIn_Ad_Click', 'Opportunity', 'IMS_Badge_Scan', 'LinkedIn_Ad_Click', 'Keysight_Workshop_RF_Testing', 'Loaner_Unit_Evaluation', 'AutoSens_Tech_Talk', 'Customer']",1
L021011,Laura Patel,Broad_Tech,,Europe,PathWave Software,Email Campaign,"['Application_Engineer_Call', 'Loaner_Unit_Evaluation', 'IMS_Badge_Scan', 'Whitepaper_Download_5G_Test', 'Customer']",1
L021012,Ravi Singh,NXPSe_Tech,Automotive,LATAM,,,"['Lab_Integration_Discussion', 'Customer']",1
L021013,Sofia Tanaka,,,,Automotive Ethernet,,"['Oscilloscope_Selector_Tool', 'No_Conversion']",0
L021014,Priya Chen,Meta Connectivity Labs GmbH,,Europe,,,"['Website_Product_Page', 'Opportunity', 'Technical_Demo', 'DesignCon_Booth_Visit', 'Loaner_Unit_Evaluation', 'AutoSens_Tech_Talk', 'Customer']",1
L021015,Sarah Singh,Meta Connectivity Labs GmbH,Electronics,APAC,PathWave Software,Sales Outreach,"['Keysight_University_Course', 'Technical_Demo', 'Opportunity', 'Whitepaper_Download_5G_Test', 'Application_Engineer_Call', 'Keysight_Workshop_RF_Testing', 'IMS_Badge_Scan', 'Customer']",1
L021016,Michael Chen,,,APAC,,Website,"['Whitepaper_Download_5G_Test', 'SQL', 'No_Conversion']",0
L021017,Michael Tanaka,,Automotive,North America,5G Testbeds,,"['SQL', 'IMS_Badge_Scan', 'Technical_Demo', 'Whitepaper_Download_5G_Test', 'PathWave_Trial_Request', 'AutoSens_Tech_Talk', 'Customer']",1
L021018,Maria Martinez,Infin_Tech,Electronics,APAC,5G Testbeds,Sales Outreach,"['Oscilloscope_Selector_Tool', 'SQL', 'AutoSens_Tech_Talk', 'Website_Product_Page', 'Technical_Demo', 'Keysight_Workshop_RF_Testing', 'MQL', 'SQL', 'AutoSens_Tech_Talk', 'Customer']",1
L021019,Ahmed Ito,Qualc_Tech,,APAC,Automotive Ethernet,Email Campaign,['Customer'],1
L021020,Sofia Garcia,Bosch,,North America,5G Testbeds,Website,"['AutoSens_Tech_Talk', 'Loaner_Unit_Evaluation', 'Whitepaper_Download_5G_Test', 'Opportunity', 'SQL', 'Customer']",1
L021021,Maria Anders,Raytheon GmbH,Aerospace,LATAM,,Event,"['Application_Engineer_Call', 'No_Conversion']",0
L021022,Hiroshi Williams,Infin_Tech,,LATAM,,LinkedIn,"['IMS_Badge_Scan', 'Loaner_Unit_Evaluation', 'SQL', 'Technical_Demo', 'LinkedIn_Ad_Click', 'MQL', 'Oscilloscope_Selector_Tool', 'Lab_Integration_Discussion', 'MQL', 'No_Conversion']",0
L021023,Sarah Patel,Infineon,Aerospace,,,Sales Outreach,"['LinkedIn_Ad_Click', 'Lab_Integration_Discussion', 'Technical_Demo', 'No_Conversion']",0
L021024,Sofia Williams,Infineon,Electronics,,,Webinar,['Customer'],1
L021025,Michael Patel,,,Europe,5G Testbeds,Sales Outreach,"['Loaner_Unit_Evaluation', 'SQL', 'AutoSens_Tech_Talk', 'MQL', 'AutoSens_Tech_Talk', 'Keysight_University_Course', 'LinkedIn_Ad_Click', 'Technical_Demo', 'Technical_Demo', 'Customer']",1
L021026,Hiroshi Tanaka,Infin_Tech,Semiconductor,LATAM,PathWave Software,Website,"['Application_Engineer_Call', 'AutoSens_Tech_Talk', 'SQL', 'DesignCon_Booth_Visit', 'Application_Engineer_Call', 'No_Conversion']",0
L021027,Chen Singh,Sony,Aerospace,,,Email Campaign,"['SQL', 'Lab_Integration_Discussion', 'Website_Product_Page', 'Oscilloscope_Selector_Tool', 'SQL', 'AutoSens_Tech_Talk', 'DesignCon_Booth_Visit', 'Application_Engineer_Call', 'SQL', 'Customer']",1
L021028,,,Aerospace,APAC,,Email Campaign,"['Application_Engineer_Call', 'Keysight_University_Course', 'DesignCon_Booth_Visit', 'IMS_Badge_Scan', 'Customer']",1
L021029,Chen Chen,Sony,Automotive,APAC,Automotive Ethernet,LinkedIn,"['Loaner_Unit_Evaluation', 'Technical_Demo', 'Oscilloscope_Selector_Tool', 'Technical_Demo', 'IMS_Badge_Scan', 'Lab_Integration_Discussion', 'No_Conversion']",0
L021030,,Broad_Tech,Electronics,,PathWave Software,,"['SQL', 'Loaner_Unit_Evaluation', 'Website_Product_Page', 'SQL', 'IMS_Badge_Scan', 'LinkedIn_Ad_Click', 'No_Conversion']",0
L021031,Sarah Ito,Qualcomm GmbH,,LATAM,PathWave Software,Email Campaign,"['AutoSens_Tech_Talk', 'Technical_Demo', 'MQL', 'Opportunity', 'Keysight_Workshop_RF_Testing', 'LinkedIn_Ad_Click', 'Opportunity', 'Customer']",1
L021032,Maria Johnson,Infineon,,,,Webinar,"['IMS_Badge_Scan', 'AutoSens_Tech_Talk', 'Lab_Integration_Discussion', 'Customer']",1
L021033,Kenji Ito,Rayth_Tech,Aerospace,,,Event,"['Website_Product_Page', 'MQL', 'Keysight_Workshop_RF_Testing', 'Oscilloscope_Selector_Tool', 'DesignCon_Booth_Visit', 'Keysight_University_Course', 'Customer']",1
L021034,Kenji Williams,Tesla Energy GmbH,Telecom,APAC,Oscilloscopes,LinkedIn,"['LinkedIn_Ad_Click', 'LinkedIn_Ad_Click', 'IMS_Badge_Scan', 'DesignCon_Booth_Visit', 'PathWave_Trial_Request', 'MQL', 'PathWave_Trial_Request', 'SQL', 'Customer']",1
L021035,Laura Khan,,Semiconductor,Europe,Oscilloscopes,Event,"['LinkedIn_Ad_Click', 'AutoSens_Tech_Talk', 'Customer']",1
L021036,Michael Williams,,Telecom,,,Email Campaign,"['Technical_Demo', 'Oscilloscope_Selector_Tool', 'Application_Engineer_Call', 'Customer']",1
L021037,Priya Johnson,Tesla_Tech,Telecom,APAC,PathWave Software,Email Campaign,"['Website_Product_Page', 'LinkedIn_Ad_Click', 'Technical_Demo', 'SQL', 'Lab_Integration_Discussion', 'No_Conversion']",0
L021038,Sofia Martinez,Samsu_Tech,,LATAM,Automotive Ethernet,,"['Whitepaper_Download_5G_Test', 'Keysight_Workshop_RF_Testing', 'Lab_Integration_Discussion', 'Customer']",1
L021039,Ravi Tanaka,Sony GmbH,,Europe,Oscilloscopes,LinkedIn,"['IMS_Badge_Scan', 'Opportunity', 'IMS_Badge_Scan', 'Whitepaper_Download_5G_Test', 'MQL', 'Customer']",1
L021040,Kenji Martinez,,Aerospace,Europe,5G Testbeds,Webinar,"['SQL', 'AutoSens_Tech_Talk', 'Application_Engineer_Call', 'Oscilloscope_Selector_Tool', 'Customer']",1
L021041,Kenji Singh,Qualcomm GmbH,Semiconductor,,,Webinar,"['Opportunity', 'IMS_Badge_Scan', 'Keysight_Workshop_RF_Testing', 'Application_Engineer_Call', 'Website_Product_Page', 'Whitepaper_Download_5G_Test', 'No_Conversion']",0
L021042,Maria Garcia,NXP Semiconductors,,APAC,,Email Campaign,"['Lab_Integration_Discussion', 'DesignCon_Booth_Visit', 'Keysight_University_Course', 'IMS_Badge_Scan', 'LinkedIn_Ad_Click', 'Website_Product_Page', 'Lab_Integration_Discussion', 'Customer']",1
L021043,Laura Singh,Broadcom GmbH,Telecom,APAC,5G Testbeds,Website,"['Loaner_Unit_Evaluation', 'Customer']",1
L021044,Chen Lee,,Aerospace,Europe,5G Testbeds,,"['Technical_Demo', 'Whitepaper_Download_5G_Test', 'Application_Engineer_Call', 'Website_Product_Page', 'Keysight_University_Course', 'IMS_Badge_Scan', 'DesignCon_Booth_Visit', 'Loaner_Unit_Evaluation', 'No_Conversion']",0
L021045,,Sony GmbH,Telecom,North America,,Email Campaign,"['Keysight_University_Course', 'PathWave_Trial_Request', 'AutoSens_Tech_Talk', 'Application_Engineer_Call', 'MQL', 'Whitepaper_Download_5G_Test', 'Opportunity', 'Opportunity', 'MQL', 'Keysight_Workshop_RF_Testing', 'Customer']",1
L021046,Ravi Anders,,Aerospace,Europe,,Sales Outreach,"['Keysight_Workshop_RF_Testing', 'Website_Product_Page', 'Whitepaper_Download_5G_Test', 'IMS_Badge_Scan', 'MQL', 'PathWave_Trial_Request', 'Whitepaper_Download_5G_Test', 'PathWave_Trial_Request', 'Customer']",1
L021047,Chen Garcia,Infin_Tech,,APAC,Oscilloscopes,Sales Outreach,['No_Conversion'],0
L021048,Hiroshi Khan,Infin_Tech,Aerospace,APAC,,Email Campaign,"['Oscilloscope_Selector_Tool', 'Whitepaper_Download_5G_Test', 'Keysight_Workshop_RF_Testing', 'Oscilloscope_Selector_Tool', 'IMS_Badge_Scan', 'MQL', 'AutoSens_Tech_Talk', 'No_Conversion']",0
L021049,Ahmed Singh,Tesla Energy,Telecom,Europe,,Sales Outreach,"['SQL', 'AutoSens_Tech_Talk', 'Customer']",1
L021050,Priya Lee,Bosch,Automotive,APAC,Oscilloscopes,Event,['Customer'],1
L021051,Sofia Garcia,NXP Semiconductors GmbH,Aerospace,Europe,Automotive Ethernet,,"['LinkedIn_Ad_Click', 'SQL', 'DesignCon_Booth_Visit', 'No_Conversion']",0
L021052,Maria Ito,Sony GmbH,Aerospace,APAC,,Email Campaign,"['Whitepaper_Download_5G_Test', 'Lab_Integration_Discussion', 'Opportunity', 'Lab_Integration_Discussion', 'Opportunity', 'LinkedIn_Ad_Click', 'Opportunity', 'Application_Engineer_Call', 'PathWave_Trial_Request', 'Customer']",1
L021053,Ravi Martinez,Bosch_Tech,Aerospace,,Oscilloscopes,Email Campaign,"['Loaner_Unit_Evaluation', 'No_Conversion']",0
L021054,Michael Singh,Sony_Tech,Automotive,North America,Oscilloscopes,Event,"['MQL', 'No_Conversion']",0
L021055,Maria Anders,Samsung Electronics,Aerospace,APAC,5G Testbeds,Sales Outreach,"['AutoSens_Tech_Talk', 'Whitepaper_Download_5G_Test', 'SQL', 'Application_Engineer_Call', 'Oscilloscope_Selector_Tool', 'Oscilloscope_Selector_Tool', 'Keysight_University_Course', 'IMS_Badge_Scan', 'SQL', 'Lab_Integration_Discussion', 'No_Conversion']",0
L021056,Hiroshi Chen,Meta Connectivity Labs GmbH,Telecom,,Automotive Ethernet,Webinar,"['Lab_Integration_Discussion', 'LinkedIn_Ad_Click', 'No_Conversion']",0
L021057,Kenji Garcia,Tesla_Tech,Aerospace,LATAM,,,"['Lab_Integration_Discussion', 'No_Conversion']",0
L021058,Priya Lee,Bosch,,North America,PathWave Software,Website,"['Application_Engineer_Call', 'AutoSens_Tech_Talk', 'Website_Product_Page', 'Loaner_Unit_Evaluation', 'LinkedIn_Ad_Click', 'DesignCon_Booth_Visit', 'Website_Product_Page', 'Lab_Integration_Discussion', 'Website_Product_Page', 'No_Conversion']",0
L021059,Ahmed Anders,Qualcomm GmbH,Semiconductor,APAC,Automotive Ethernet,Email Campaign,"['Application_Engineer_Call', 'PathWave_Trial_Request', 'Keysight_Workshop_RF_Testing', 'Opportunity', 'No_Conversion']",0
L021060,,Bosch,Telecom,North America,PathWave Software,,"['Keysight_University_Course', 'LinkedIn_Ad_Click', 'DesignCon_Booth_Visit', 'Opportunity', 'Loaner_Unit_Evaluation', 'No_Conversion']",0
L021061,Daniel Singh,Samsung Electronics GmbH,Semiconductor,,,Webinar,"['Loaner_Unit_Evaluation', 'Whitepaper_Download_5G_Test', 'Application_Engineer_Call', 'Technical_Demo', 'MQL', 'No_Conversion']",0
L021062,Chen Garcia,,Semiconductor,LATAM,Automotive Ethernet,LinkedIn,"['Website_Product_Page', 'No_Conversion']",0
L021063,Daniel Martinez,Tesla Energy,Telecom,Europe,,Email Campaign,"['Oscilloscope_Selector_Tool', 'MQL', 'Oscilloscope_Selector_Tool', 'Website_Product_Page', 'DesignCon_Booth_Visit', 'Opportunity', 'Technical_Demo', 'Oscilloscope_Selector_Tool', 'IMS_Badge_Scan', 'Customer']",1
L021064,Hiroshi Patel,,Electronics,LATAM,,Email Campaign,['Customer'],1
L021065,Maria Ito,NXPSe_Tech,,LATAM,Automotive Ethernet,Webinar,"['PathWave_Trial_Request', 'Technical_Demo', 'IMS_Badge_Scan', 'PathWave_Trial_Request', 'IMS_Badge_Scan', 'Customer']",1
L021066,,Qualc_Tech,Aerospace,Europe,,Sales Outreach,"['Technical_Demo', 'LinkedIn_Ad_Click', 'MQL', 'AutoSens_Tech_Talk', 'Lab_Integration_Discussion', 'Customer']",1
L021067,Laura Ito,Qualc_Tech,Telecom,North America,,Event,"['AutoSens_Tech_Talk', 'Loaner_Unit_Evaluation', 'AutoSens_Tech_Talk', 'Application_Engineer_Call', 'LinkedIn_Ad_Click', 'Customer']",1
L021068,Daniel Patel,,Electronics,North America,5G Testbeds,,"['Keysight_University_Course', 'Keysight_University_Course', 'Technical_Demo', 'No_Conversion']",0
L021069,Ahmed Johnson,,Aerospace,,,Website,['No_Conversion'],0
L021070,Kenji Lee,Infin_Tech,Automotive,North America,,Webinar,"['Opportunity', 'SQL', 'No_Conversion']",0
L021071,Hiroshi Anders,Broadcom GmbH,Telecom,APAC,PathWave Software,Webinar,"['LinkedIn_Ad_Click', 'AutoSens_Tech_Talk', 'MQL', 'Whitepaper_Download_5G_Test', 'Keysight_University_Course', 'Opportunity', 'AutoSens_Tech_Talk', 'Customer']",1
L021072,Sofia Singh,Broad_Tech,,APAC,Automotive Ethernet,Webinar,"['Lab_Integration_Discussion', 'Oscilloscope_Selector_Tool', 'Website_Product_Page', 'Application_Engineer_Call', 'PathWave_Trial_Request', 'No_Conversion']",0
L021073,Kenji Ito,Broad_Tech,,APAC,,Email Campaign,"['Technical_Demo', 'Loaner_Unit_Evaluation', 'IMS_Badge_Scan', 'Whitepaper_Download_5G_Test', 'DesignCon_Booth_Visit', 'Keysight_University_Course', 'DesignCon_Booth_Visit', 'Customer']",1
L021074,Hiroshi Lee,Tesla Energy,,Europe,,Event,"['Keysight_Workshop_RF_Testing', 'PathWave_Trial_Request', 'DesignCon_Booth_Visit', 'Whitepaper_Download_5G_Test', 'No_Conversion']",0
L021075,Maria Singh,Samsung Electronics,,LATAM,Oscilloscopes,Email Campaign,"['Lab_Integration_Discussion', 'Whitepaper_Download_5G_Test', 'Application_Engineer_Call', 'Loaner_Unit_Evaluation', 'IMS_Badge_Scan', 'Customer']",1
L021076,Laura Johnson,,,Europe,Oscilloscopes,Webinar,"['Technical_Demo', 'AutoSens_Tech_Talk', 'Opportunity', 'Website_Product_Page', 'No_Conversion']",0
L021077,,Sony,Semiconductor,North America,5G Testbeds,Webinar,"['Keysight_Workshop_RF_Testing', 'Keysight_University_Course', 'Website_Product_Page', 'LinkedIn_Ad_Click', 'Loaner_Unit_Evaluation', 'Loaner_Unit_Evaluation', 'Website_Product_Page', 'Customer']",1
L021078,Ahmed Lee,Bosch GmbH,,North America,5G Testbeds,Event,"['MQL', 'Customer']",1
L021079,Chen Chen,Qualcomm GmbH,,APAC,Automotive Ethernet,,"['DesignCon_Booth_Visit', 'Keysight_University_Course', 'Customer']",1
L021080,Laura Singh,Meta Connectivity Labs,Automotive,LATAM,,Event,"['AutoSens_Tech_Talk', 'Keysight_University_Course', 'Keysight_Workshop_RF_Testing', 'AutoSens_Tech_Talk', 'Customer']",1
L021081,Kenji Williams,Tesla Energy,,APAC,,Website,"['LinkedIn_Ad_Click', 'Lab_Integration_Discussion', 'Lab_Integration_Discussion', 'Keysight_University_Course', 'Application_Engineer_Call', 'No_Conversion']",0
L021082,Hiroshi Singh,Tesla Energy,Semiconductor,APAC,,Sales Outreach,"['Technical_Demo', 'IMS_Badge_Scan', 'SQL', 'SQL', 'Application_Engineer_Call', 'PathWave_Trial_Request', 'MQL', 'LinkedIn_Ad_Click', 'Technical_Demo', 'MQL', 'No_Conversion']",0
L021083,Maria Khan,Sony_Tech,Automotive,LATAM,Oscilloscopes,Sales Outreach,"['Website_Product_Page', 'PathWave_Trial_Request', 'Technical_Demo', 'Keysight_University_Course', 'LinkedIn_Ad_Click', 'MQL', 'No_Conversion']",0
L021084,Ahmed Martinez,Sony,,North America,Oscilloscopes,LinkedIn,"['AutoSens_Tech_Talk', 'Loaner_Unit_Evaluation', 'Keysight_Workshop_RF_Testing', 'MQL', 'Application_Engineer_Call', 'No_Conversion']",0
L021085,Sofia Ito,MetaC_Tech,,LATAM,5G Testbeds,,"['PathWave_Trial_Request', 'Lab_Integration_Discussion', 'Customer']",1
L021086,Chen Martinez,Infineon,Telecom,Europe,PathWave Software,Website,"['AutoSens_Tech_Talk', 'Opportunity', 'LinkedIn_Ad_Click', 'No_Conversion']",0
L021087,,,,,PathWave Software,Website,"['Oscilloscope_Selector_Tool', 'Loaner_Unit_Evaluation', 'AutoSens_Tech_Talk', 'Lab_Integration_Discussion', 'Loaner_Unit_Evaluation', 'Oscilloscope_Selector_Tool', 'Customer']",1
L021088,Maria Anders,Infin_Tech,Electronics,Europe,,LinkedIn,"['LinkedIn_Ad_Click', 'Opportunity', 'Loaner_Unit_Evaluation', 'Lab_Integration_Discussion', 'AutoSens_Tech_Talk', 'Oscilloscope_Selector_Tool', 'AutoSens_Tech_Talk', 'PathWave_Trial_Request', 'No_Conversion']",0
L021089,,Tesla Energy GmbH,,,,Email Campaign,"['IMS_Badge_Scan', 'Keysight_Workshop_RF_Testing', 'Keysight_University_Course', 'Application_Engineer_Call', 'Keysight_University_Course', 'LinkedIn_Ad_Click', 'No_Conversion']",0
L021090,Kenji Williams,Qualcomm,,North America,5G Testbeds,Sales Outreach,"['Lab_Integration_Discussion', 'Customer']",1
L021091,Chen Johnson,Infineon GmbH,Telecom,Europe,PathWave Software,LinkedIn,"['Technical_Demo', 'DesignCon_Booth_Visit', 'IMS_Badge_Scan', 'Application_Engineer_Call', 'Customer']",1
L021092,Sofia Ito,Tesla Energy,,Europe,,LinkedIn,"['DesignCon_Booth_Visit', 'Website_Product_Page', 'AutoSens_Tech_Talk', 'SQL', 'Whitepaper_Download_5G_Test', 'No_Conversion']",0
L021093,Priya Anders,,,North America,,Event,"['Keysight_University_Course', 'Application_Engineer_Call', 'Keysight_University_Course', 'SQL', 'AutoSens_Tech_Talk', 'LinkedIn_Ad_Click', 'LinkedIn_Ad_Click', 'No_Conversion']",0
L021094,Priya Chen,,,APAC,,Sales Outreach,"['Application_Engineer_Call', 'PathWave_Trial_Request', 'Loaner_Unit_Evaluation', 'No_Conversion']",0
L021095,Ravi Johnson,Tesla Energy,Automotive,North America,Oscilloscopes,Event,"['Keysight_Workshop_RF_Testing', 'Opportunity', 'Customer']",1
L021096,,Bosch GmbH,Telecom,North America,5G Testbeds,LinkedIn,"['Lab_Integration_Discussion', 'Keysight_Workshop_RF_Testing', 'Customer']",1
L021097,Ahmed Johnson,,,,5G Testbeds,,"['Technical_Demo', 'Technical_Demo', 'Loaner_Unit_Evaluation', 'No_Conversion']",0
L021098,Chen Johnson,,Semiconductor,APAC,,Email Campaign,"['Keysight_Workshop_RF_Testing', 'No_Conversion']",0
L021099,Michael Anders,NXPSe_Tech,,APAC,PathWave Software,Event,['Customer'],1
L021100,Maria Martinez,,,,Automotive Ethernet,Email Campaign,"['Keysight_Workshop_RF_Testing', 'IMS_Badge_Scan', 'MQL', 'PathWave_Trial_Request', 'Opportunity', 'Keysight_Workshop_RF_Testing', 'Customer']",1
L021101,Michael Williams,Qualcomm,Telecom,,,LinkedIn,"['PathWave_Trial_Request', 'Customer']",1
L021102,Kenji Chen,Infineon,,Europe,,,"['Loaner_Unit_Evaluation', 'Technical_Demo', 'DesignCon_Booth_Visit', 'Loaner_Unit_Evaluation', 'Lab_Integration_Discussion', 'Oscilloscope_Selector_Tool', 'Application_Engineer_Call', 'Keysight_Workshop_RF_Testing', 'No_Conversion']",0
L021103,Michael Chen,Broadcom,Telecom,North America,,Website,['No_Conversion'],0
L021104,Michael Ito,Infineon,,North America,,Email Campaign,"['IMS_Badge_Scan', 'Website_Product_Page', 'Technical_Demo', 'No_Conversion']",0
L021105,Sarah Garcia,Sony,Telecom,,,Webinar,"['LinkedIn_Ad_Click', 'Keysight_Workshop_RF_Testing', 'Customer']",1
L021106,Ahmed Johnson,,Aerospace,LATAM,,Webinar,"['MQL', 'MQL', 'PathWave_Trial_Request', 'IMS_Badge_Scan', 'AutoSens_Tech_Talk', 'MQL', 'Customer']",1
L021107,Laura Williams,Infin_Tech,Electronics,,,LinkedIn,"['PathWave_Trial_Request', 'Customer']",1
L021108,Chen Chen,Sony_Tech,Semiconductor,North America,,Event,"['Lab_Integration_Discussion', 'LinkedIn_Ad_Click', 'LinkedIn_Ad_Click', 'No_Conversion']",0
L021109,Chen Johnson,,Aerospace,North America,,Website,"['Whitepaper_Download_5G_Test', 'PathWave_Trial_Request', 'Lab_Integration_Discussion', 'Oscilloscope_Selector_Tool', 'Technical_Demo', 'Whitepaper_Download_5G_Test', 'Customer']",1
L021110,Chen Lee,Sony_Tech,Automotive,LATAM,,Email Campaign,"['Oscilloscope_Selector_Tool', 'No_Conversion']",0
L021111,Kenji Martinez,Infineon,,,Automotive Ethernet,LinkedIn,"['MQL', 'AutoSens_Tech_Talk', 'PathWave_Trial_Request', 'Loaner_Unit_Evaluation', 'IMS_Badge_Scan', 'Website_Product_Page', 'DesignCon_Booth_Visit', 'Website_Product_Page', 'MQL', 'MQL', 'No_Conversion']",0
L021112,Hiroshi Anders,Bosch,Electronics,Europe,PathWave Software,Webinar,"['SQL', 'Customer']",1
L021113,Laura Ito,Bosch GmbH,Automotive,North America,,Website,"['LinkedIn_Ad_Click', 'Website_Product_Page', 'Technical_Demo', 'Website_Product_Page', 'PathWave_Trial_Request', 'AutoSens_Tech_Talk', 'IMS_Badge_Scan', 'Loaner_Unit_Evaluation', 'Loaner_Unit_Evaluation', 'Keysight_University_Course', 'No_Conversion']",0
L021114,Sarah Johnson,,Electronics,LATAM,,Event,"['DesignCon_Booth_Visit', 'Lab_Integration_Discussion', 'Whitepaper_Download_5G_Test', 'Opportunity', 'IMS_Badge_Scan', 'Application_Engineer_Call', 'Lab_Integration_Discussion', 'IMS_Badge_Scan', 'Customer']",1
L021115,Maria Ito,Raytheon,Electronics,North America,,Website,"['Opportunity', 'PathWave_Trial_Request', 'Oscilloscope_Selector_Tool', 'DesignCon_Booth_Visit', 'SQL', 'Keysight_Workshop_RF_Testing', 'No_Conversion']",0
L021116,Laura Chen,Sony,Automotive,,,,"['Keysight_Workshop_RF_Testing', 'AutoSens_Tech_Talk', 'Customer']",1
L021117,Michael Tanaka,MetaC_Tech,,,,Email Campaign,"['MQL', 'Lab_Integration_Discussion', 'Whitepaper_Download_5G_Test', 'AutoSens_Tech_Talk', 'Loaner_Unit_Evaluation', 'Oscilloscope_Selector_Tool', 'Whitepaper_Download_5G_Test', 'Keysight_Workshop_RF_Testing', 'DesignCon_Booth_Visit', 'No_Conversion']",0
L021118,Maria Martinez,NXP Semiconductors,,,,Event,"['Lab_Integration_Discussion', 'Website_Product_Page', 'No_Conversion']",0
L021119,Michael Lee,,Aerospace,,PathWave Software,LinkedIn,['Customer'],1
L021120,Kenji Anders,Broadcom,Aerospace,LATAM,,Webinar,"['Application_Engineer_Call', 'Lab_Integration_Discussion', 'PathWave_Trial_Request', 'PathWave_Trial_Request', 'No_Conversion']",0
L021121,Daniel Johnson,Meta Connectivity Labs GmbH,Electronics,APAC,,Webinar,"['Loaner_Unit_Evaluation', 'SQL', 'Opportunity', 'Customer']",1
L021122,Laura Garcia,Bosch GmbH,,,,,"['Website_Product_Page', 'Website_Product_Page', 'Customer']",1
L021123,Sofia Garcia,MetaC_Tech,Electronics,LATAM,,Sales Outreach,"['Website_Product_Page', 'Technical_Demo', 'Oscilloscope_Selector_Tool', 'No_Conversion']",0
L021124,Kenji Williams,,Telecom,APAC,PathWave Software,Webinar,"['Lab_Integration_Discussion', 'Lab_Integration_Discussion', 'MQL', 'Lab_Integration_Discussion', 'DesignCon_Booth_Visit', 'Opportunity', 'Keysight_University_Course', 'LinkedIn_Ad_Click', 'Whitepaper_Download_5G_Test', 'Website_Product_Page', 'No_Conversion']",0
L021125,Daniel Singh,,Automotive,APAC,,Email Campaign,"['Keysight_University_Course', 'Loaner_Unit_Evaluation', 'DesignCon_Booth_Visit', 'Application_Engineer_Call', 'SQL', 'No_Conversion']",0
L021126,Daniel Chen,Qualcomm GmbH,Electronics,North America,PathWave Software,Website,"['IMS_Badge_Scan', 'Customer']",1
L021127,Maria Khan,Sony,Semiconductor,North America,Automotive Ethernet,Website,"['Opportunity', 'MQL', 'IMS_Badge_Scan', 'Lab_Integration_Discussion', 'No_Conversion']",0
L021128,Sofia Anders,Rayth_Tech,Semiconductor,,Automotive Ethernet,Webinar,['No_Conversion'],0
L021129,Ravi Chen,Sony,,North America,,LinkedIn,"['Whitepaper_Download_5G_Test', 'Oscilloscope_Selector_Tool', 'Keysight_University_Course', 'Website_Product_Page', 'Lab_Integration_Discussion', 'SQL', 'SQL', 'AutoSens_Tech_Talk', 'Lab_Integration_Discussion', 'AutoSens_Tech_Talk', 'Customer']",1
L021130,,Qualc_Tech,,North America,,Email Campaign,"['SQL', 'AutoSens_Tech_Talk', 'Customer']",1
L021131,Daniel Williams,NXP Semiconductors GmbH,Telecom,Europe,5G Testbeds,,"['Oscilloscope_Selector_Tool', 'AutoSens_Tech_Talk', 'IMS_Badge_Scan', 'Customer']",1
L021132,Michael Chen,Rayth_Tech,,APAC,5G Testbeds,Webinar,"['SQL', 'AutoSens_Tech_Talk', 'Loaner_Unit_Evaluation', 'Application_Engineer_Call', 'No_Conversion']",0
L021133,Sarah Anders,Raytheon GmbH,Aerospace,Europe,,Website,"['Keysight_University_Course', 'MQL', 'DesignCon_Booth_Visit', 'No_Conversion']",0
L021134,Ahmed Khan,Samsu_Tech,,North America,5G Testbeds,Sales Outreach,"['Technical_Demo', 'DesignCon_Booth_Visit', 'No_Conversion']",0
L021135,Hiroshi Martinez,Raytheon,Aerospace,LATAM,5G Testbeds,Webinar,"['Oscilloscope_Selector_Tool', 'AutoSens_Tech_Talk', 'MQL', 'Keysight_Workshop_RF_Testing', 'Oscilloscope_Selector_Tool', 'MQL', 'Lab_Integration_Discussion', 'PathWave_Trial_Request', 'No_Conversion']",0
L021136,Hiroshi Lee,,Semiconductor,Europe,Automotive Ethernet,LinkedIn,"['IMS_Badge_Scan', 'Keysight_Workshop_RF_Testing', 'DesignCon_Booth_Visit', 'Customer']",1
L021137,Chen Anders,,,LATAM,PathWave Software,Webinar,"['LinkedIn_Ad_Click', 'Loaner_Unit_Evaluation', 'MQL', 'AutoSens_Tech_Talk', 'Customer']",1
L021138,Priya Ito,Samsung Electronics GmbH,,Europe,5G Testbeds,Website,"['MQL', 'LinkedIn_Ad_Click', 'Lab_Integration_Discussion', 'Lab_Integration_Discussion', 'Lab_Integration_Discussion', 'Oscilloscope_Selector_Tool', 'No_Conversion']",0
L021139,Ahmed Garcia,Bosch_Tech,Telecom,APAC,,Email Campaign,"['MQL', 'IMS_Badge_Scan', 'No_Conversion']",0
L021140,Kenji Anders,Infineon GmbH,Electronics,,Automotive Ethernet,Sales Outreach,"['LinkedIn_Ad_Click', 'Oscilloscope_Selector_Tool', 'Lab_Integration_Discussion', 'DesignCon_Booth_Visit', 'Opportunity', 'Keysight_Workshop_RF_Testing', 'Technical_Demo', 'No_Conversion']",0
L021141,Priya Tanaka,,,LATAM,5G Testbeds,,"['Whitepaper_Download_5G_Test', 'Website_Product_Page', 'SQL', 'Whitepaper_Download_5G_Test', 'PathWave_Trial_Request', 'No_Conversion']",0
L021142,,Tesla_Tech,,Europe,Oscilloscopes,Website,"['MQL', 'AutoSens_Tech_Talk', 'Keysight_Workshop_RF_Testing', 'Oscilloscope_Selector_Tool', 'Keysight_University_Course', 'Keysight_Workshop_RF_Testing', 'No_Conversion']",0
L021143,Michael Anders,Bosch,,APAC,,LinkedIn,"['MQL', 'AutoSens_Tech_Talk', 'MQL', 'Customer']",1
L021144,Priya Khan,,Automotive,,,Event,"['Whitepaper_Download_5G_Test', 'SQL', 'No_Conversion']",0
L021145,Kenji Martinez,Qualcomm GmbH,Semiconductor,APAC,,Event,"['Opportunity', 'LinkedIn_Ad_Click', 'Opportunity', 'Keysight_University_Course', 'Oscilloscope_Selector_Tool', 'Website_Product_Page', 'No_Conversion']",0
L021146,Sofia Lee,,Automotive,LATAM,Oscilloscopes,Website,"['Opportunity', 'Oscilloscope_Selector_Tool', 'SQL', 'Whitepaper_Download_5G_Test', 'No_Conversion']",0
L021147,Hiroshi Ito,Sony,Aerospace,LATAM,,Website,"['Keysight_University_Course', 'AutoSens_Tech_Talk', 'SQL', 'PathWave_Trial_Request', 'DesignCon_Booth_Visit', 'MQL', 'Loaner_Unit_Evaluation', 'AutoSens_Tech_Talk', 'Customer']",1
L021148,Daniel Chen,Infin_Tech,Electronics,Europe,Oscilloscopes,Webinar,"['Website_Product_Page', 'PathWave_Trial_Request', 'Application_Engineer_Call', 'Loaner_Unit_Evaluation', 'Loaner_Unit_Evaluation', 'DesignCon_Booth_Visit', 'No_Conversion']",0
L021149,Maria Patel,Bosch_Tech,Aerospace,LATAM,PathWave Software,Website,"['Technical_Demo', 'PathWave_Trial_Request', 'Customer']",1
L021150,,NXP Semiconductors,,,PathWave Software,Website,"['PathWave_Trial_Request', 'Whitepaper_Download_5G_Test', 'SQL', 'No_Conversion']",0
L021151,Hiroshi Lee,Sony,Electronics,APAC,,Webinar,"['Technical_Demo', 'Keysight_Workshop_RF_Testing', 'MQL', 'Customer']",1
L021152,Michael Ito,Bosch,Semiconductor,,Oscilloscopes,Webinar,"['Application_Engineer_Call', 'Oscilloscope_Selector_Tool', 'AutoSens_Tech_Talk', 'DesignCon_Booth_Visit', 'Customer']",1
L021153,Laura Johnson,Raytheon,Aerospace,LATAM,PathWave Software,Sales Outreach,"['Opportunity', 'Loaner_Unit_Evaluation', 'Whitepaper_Download_5G_Test', 'Application_Engineer_Call', 'LinkedIn_Ad_Click', 'PathWave_Trial_Request', 'Lab_Integration_Discussion', 'Website_Product_Page', 'PathWave_Trial_Request', 'No_Conversion']",0
L021154,Daniel Chen,Samsung Electronics,Automotive,APAC,Oscilloscopes,Event,"['IMS_Badge_Scan', 'DesignCon_Booth_Visit', 'No_Conversion']",0
L021155,Sofia Lee,Sony GmbH,Aerospace,,PathWave Software,Event,"['SQL', 'SQL', 'IMS_Badge_Scan', 'No_Conversion']",0
L021156,Ahmed Lee,,,APAC,Oscilloscopes,Sales Outreach,['Customer'],1
L021157,Kenji Martinez,Tesla_Tech,,APAC,Automotive Ethernet,,['Customer'],1
L021158,Daniel Lee,Tesla Energy GmbH,Electronics,North America,,Website,['No_Conversion'],0
L021159,Sofia Khan,,Aerospace,APAC,Oscilloscopes,Webinar,"['MQL', 'IMS_Badge_Scan', 'Opportunity', 'PathWave_Trial_Request', 'AutoSens_Tech_Talk', 'SQL', 'Customer']",1
L021160,Michael Patel,,Semiconductor,Europe,5G Testbeds,LinkedIn,"['Oscilloscope_Selector_Tool', 'LinkedIn_Ad_Click', 'Website_Product_Page', 'Lab_Integration_Discussion', 'Website_Product_Page', 'Whitepaper_Download_5G_Test', 'SQL', 'Technical_Demo', 'Opportunity', 'No_Conversion']",0
L021161,Maria Anders,Sony_Tech,Telecom,,Automotive Ethernet,,"['Loaner_Unit_Evaluation', 'AutoSens_Tech_Talk', 'MQL', 'No_Conversion']",0
L021162,Sarah Tanaka,Bosch_Tech,Aerospace,,,Webinar,"['SQL', 'MQL', 'Keysight_Workshop_RF_Testing', 'Customer']",1
L021163,,Sony GmbH,Electronics,North America,,Email Campaign,"['AutoSens_Tech_Talk', 'Whitepaper_Download_5G_Test', 'Loaner_Unit_Evaluation', 'Customer']",1
L021164,,,Automotive,North America,,Sales Outreach,"['IMS_Badge_Scan', 'PathWave_Trial_Request', 'Keysight_University_Course', 'Whitepaper_Download_5G_Test', 'MQL', 'Loaner_Unit_Evaluation', 'MQL', 'No_Conversion']",0
L021165,Priya Tanaka,Infineon,,Europe,Oscilloscopes,Webinar,['Customer'],1
L021166,Maria Martinez,Infineon,Telecom,North America,Automotive Ethernet,LinkedIn,"['Technical_Demo', 'No_Conversion']",0
L021167,Priya Anders,,Electronics,North America,PathWave Software,Event,"['AutoSens_Tech_Talk', 'Oscilloscope_Selector_Tool', 'Lab_Integration_Discussion', 'LinkedIn_Ad_Click', 'SQL', 'Whitepaper_Download_5G_Test', 'Application_Engineer_Call', 'Keysight_University_Course', 'LinkedIn_Ad_Click', 'DesignCon_Booth_Visit', 'Customer']",1
L021168,Ravi Garcia,NXP Semiconductors GmbH,Electronics,Europe,,Website,"['AutoSens_Tech_Talk', 'Oscilloscope_Selector_Tool', 'Keysight_University_Course', 'AutoSens_Tech_Talk', 'Technical_Demo', 'Customer']",1
L021169,Chen Tanaka,,,North America,,Webinar,"['Application_Engineer_Call', 'Oscilloscope_Selector_Tool', 'LinkedIn_Ad_Click', 'Customer']",1
L021170,Hiroshi Singh,Samsu_Tech,,APAC,Automotive Ethernet,Webinar,"['Keysight_Workshop_RF_Testing', 'Oscilloscope_Selector_Tool', 'Application_Engineer_Call', 'Customer']",1
L021171,,NXP Semiconductors,Aerospace,North America,Oscilloscopes,Webinar,"['Whitepaper_Download_5G_Test', 'No_Conversion']",0
L021172,,Qualc_Tech,,North America,PathWave Software,LinkedIn,"['SQL', 'MQL', 'Oscilloscope_Selector_Tool', 'SQL', 'Customer']",1
L021173,Hiroshi Patel,Sony_Tech,Automotive,LATAM,,LinkedIn,"['MQL', 'Loaner_Unit_Evaluation', 'Keysight_University_Course', 'LinkedIn_Ad_Click', 'PathWave_Trial_Request', 'No_Conversion']",0
L021174,,Sony,Automotive,LATAM,PathWave Software,Event,"['Opportunity', 'Oscilloscope_Selector_Tool', 'Keysight_University_Course', 'Lab_Integration_Discussion', 'Whitepaper_Download_5G_Test', 'Opportunity', 'DesignCon_Booth_Visit', 'Customer']",1
L021175,Sarah Anders,Qualcomm,Telecom,Europe,,Sales Outreach,"['AutoSens_Tech_Talk', 'Customer']",1
L021176,Priya Garcia,Broadcom GmbH,Aerospace,,5G Testbeds,Webinar,"['Lab_Integration_Discussion', 'No_Conversion']",0
L021177,,NXPSe_Tech,Aerospace,,,Email Campaign,"['Opportunity', 'SQL', 'LinkedIn_Ad_Click', 'IMS_Badge_Scan', 'Customer']",1
L021178,,MetaC_Tech,Telecom,LATAM,5G Testbeds,Website,"['Loaner_Unit_Evaluation', 'LinkedIn_Ad_Click', 'IMS_Badge_Scan', 'Opportunity', 'Customer']",1
L021179,Sofia Tanaka,,Automotive,,,,"['IMS_Badge_Scan', 'LinkedIn_Ad_Click', 'No_Conversion']",0
L021180,Ravi Lee,Qualcomm GmbH,,North America,Oscilloscopes,LinkedIn,['Customer'],1
L021181,Hiroshi Singh,Samsung Electronics GmbH,,LATAM,Oscilloscopes,,"['SQL', 'Keysight_University_Course', 'LinkedIn_Ad_Click', 'Whitepaper_Download_5G_Test', 'No_Conversion']",0
L021182,Michael Khan,Samsung Electronics,Semiconductor,Europe,,Email Campaign,"['Lab_Integration_Discussion', 'Oscilloscope_Selector_Tool', 'PathWave_Trial_Request', 'No_Conversion']",0
L021183,Maria Garcia,NXP Semiconductors GmbH,,APAC,Automotive Ethernet,Webinar,"['Lab_Integration_Discussion', 'Application_Engineer_Call', 'Website_Product_Page', 'DesignCon_Booth_Visit', 'MQL', 'Application_Engineer_Call', 'Opportunity', 'Lab_Integration_Discussion', 'No_Conversion']",0
L021184,,NXPSe_Tech,Telecom,,Automotive Ethernet,Email Campaign,"['Keysight_Workshop_RF_Testing', 'Application_Engineer_Call', 'Oscilloscope_Selector_Tool', 'Loaner_Unit_Evaluation', 'SQL', 'SQL', 'Application_Engineer_Call', 'Oscilloscope_Selector_Tool', 'MQL', 'MQL', 'No_Conversion']",0
L021185,Laura Chen,,,APAC,,,['Customer'],1
L021186,Sofia Lee,Bosch_Tech,,,Automotive Ethernet,Sales Outreach,"['PathWave_Trial_Request', 'Application_Engineer_Call', 'Keysight_University_Course', 'Opportunity', 'Customer']",1
L021187,Sofia Khan,,Telecom,APAC,PathWave Software,Webinar,"['Keysight_University_Course', 'MQL', 'Opportunity', 'Customer']",1
L021188,Laura Williams,Bosch GmbH,,LATAM,Oscilloscopes,Event,"['Whitepaper_Download_5G_Test', 'Keysight_Workshop_RF_Testing', 'No_Conversion']",0
L021189,Kenji Lee,NXPSe_Tech,Aerospace,APAC,,Event,"['Lab_Integration_Discussion', 'Keysight_Workshop_RF_Testing', 'Keysight_Workshop_RF_Testing', 'Loaner_Unit_Evaluation', 'Customer']",1
L021190,Chen Khan,,Electronics,Europe,,Sales Outreach,"['Keysight_University_Course', 'SQL', 'Technical_Demo', 'Whitepaper_Download_5G_Test', 'Whitepaper_Download_5G_Test', 'SQL', 'No_Conversion']",0
L021191,Ahmed Khan,Bosch_Tech,Telecom,North America,5G Testbeds,Sales Outreach,['Customer'],1
L021192,Sofia Chen,,Telecom,LATAM,Oscilloscopes,Sales Outreach,"['Loaner_Unit_Evaluation', 'DesignCon_Booth_Visit', 'LinkedIn_Ad_Click', 'No_Conversion']",0
L021193,Daniel Williams,Samsung Electronics,Semiconductor,North America,5G Testbeds,Email Campaign,"['IMS_Badge_Scan', 'Lab_Integration_Discussion', 'MQL', 'SQL', 'MQL', 'Technical_Demo', 'SQL', 'PathWave_Trial_Request', 'Keysight_Workshop_RF_Testing', 'Customer']",1
L021194,Priya Khan,Rayth_Tech,,APAC,Oscilloscopes,Website,"['Opportunity', 'Lab_Integration_Discussion', 'Technical_Demo', 'DesignCon_Booth_Visit', 'DesignCon_Booth_Visit', 'No_Conversion']",0
L021195,Maria Lee,Infineon GmbH,Electronics,APAC,,Event,"['Loaner_Unit_Evaluation', 'Website_Product_Page', 'IMS_Badge_Scan', 'Keysight_University_Course', 'Customer']",1
L021196,Maria Johnson,NXP Semiconductors,Electronics,APAC,PathWave Software,Event,['Customer'],1
L021197,Hiroshi Singh,Broadcom,Automotive,North America,Automotive Ethernet,Event,"['Oscilloscope_Selector_Tool', 'No_Conversion']",0
L021198,Priya Martinez,,,APAC,Oscilloscopes,Email Campaign,"['Application_Engineer_Call', 'Technical_Demo', 'IMS_Badge_Scan', 'Lab_Integration_Discussion', 'Oscilloscope_Selector_Tool', 'LinkedIn_Ad_Click', 'No_Conversion']",0
L021199,Ravi Khan,Tesla Energy GmbH,,APAC,,Event,"['Website_Product_Page', 'MQL', 'Customer']",1
L021200,Ravi Chen,Bosch,,North America,,LinkedIn,"['MQL', 'SQL', 'Keysight_University_Course', 'IMS_Badge_Scan', 'Keysight_University_Course', 'Customer']",1
L021201,Maria Khan,Infineon,,LATAM,Oscilloscopes,Sales Outreach,"['Website_Product_Page', 'Oscilloscope_Selector_Tool', 'PathWave_Trial_Request', 'AutoSens_Tech_Talk', 'Keysight_University_Course', 'Customer']",1
L021202,Sarah Tanaka,Samsung Electronics GmbH,Aerospace,APAC,,Event,"['LinkedIn_Ad_Click', 'PathWave_Trial_Request', 'AutoSens_Tech_Talk', 'Application_Engineer_Call', 'PathWave_Trial_Request', 'Whitepaper_Download_5G_Test', 'No_Conversion']",0
L021203,,Tesla Energy,,Europe,Automotive Ethernet,Webinar,"['Keysight_Workshop_RF_Testing', 'IMS_Badge_Scan', 'Keysight_Workshop_RF_Testing', 'PathWave_Trial_Request', 'No_Conversion']",0
L021204,Daniel Tanaka,NXP Semiconductors,Automotive,LATAM,PathWave Software,Website,['No_Conversion'],0
L021205,Chen Chen,,Telecom,North America,5G Testbeds,Webinar,"['LinkedIn_Ad_Click', 'Keysight_Workshop_RF_Testing', 'Lab_Integration_Discussion', 'SQL', 'Website_Product_Page', 'Whitepaper_Download_5G_Test', 'PathWave_Trial_Request', 'Oscilloscope_Selector_Tool', 'Customer']",1
L021206,,Bosch,,Europe,,LinkedIn,"['MQL', 'Application_Engineer_Call', 'Website_Product_Page', 'Customer']",1
L021207,Priya Johnson,Infineon GmbH,Electronics,,,,"['DesignCon_Booth_Visit', 'Whitepaper_Download_5G_Test', 'MQL', 'Whitepaper_Download_5G_Test', 'LinkedIn_Ad_Click', 'DesignCon_Booth_Visit', 'IMS_Badge_Scan', 'Lab_Integration_Discussion', 'Opportunity', 'Customer']",1
L021208,Kenji Patel,Broad_Tech,Aerospace,North America,,LinkedIn,"['Opportunity', 'IMS_Badge_Scan', 'IMS_Badge_Scan', 'IMS_Badge_Scan', 'AutoSens_Tech_Talk', 'No_Conversion']",0
L021209,Kenji Singh,,,,Automotive Ethernet,Webinar,['Customer'],1
L021210,Chen Garcia,Meta Connectivity Labs,,,5G Testbeds,LinkedIn,"['Technical_Demo', 'No_Conversion']",0
L021211,,Bosch_Tech,Electronics,,Automotive Ethernet,Email Campaign,"['SQL', 'AutoSens_Tech_Talk', 'Oscilloscope_Selector_Tool', 'Customer']",1
L021212,Michael Singh,Bosch,Electronics,North America,5G Testbeds,,"['SQL', 'DesignCon_Booth_Visit', 'No_Conversion']",0
L021213,,Broadcom,Automotive,,PathWave Software,Event,"['Technical_Demo', 'Loaner_Unit_Evaluation', 'Keysight_Workshop_RF_Testing', 'Whitepaper_Download_5G_Test', 'No_Conversion']",0
L021214,Sarah Khan,Tesla Energy GmbH,,North America,,Sales Outreach,"['Technical_Demo', 'LinkedIn_Ad_Click', 'LinkedIn_Ad_Click', 'AutoSens_Tech_Talk', 'AutoSens_Tech_Talk', 'Customer']",1
L021215,Kenji Patel,Bosch_Tech,Aerospace,Europe,5G Testbeds,Email Campaign,['No_Conversion'],0
L021216,Laura Johnson,Qualc_Tech,,,Oscilloscopes,LinkedIn,"['IMS_Badge_Scan', 'Keysight_University_Course', 'Application_Engineer_Call', 'Website_Product_Page', 'Loaner_Unit_Evaluation', 'Whitepaper_Download_5G_Test', 'Customer']",1
L021217,Sarah Johnson,Raytheon GmbH,Aerospace,APAC,5G Testbeds,,"['Opportunity', 'Application_Engineer_Call', 'Keysight_University_Course', 'Whitepaper_Download_5G_Test', 'Technical_Demo', 'LinkedIn_Ad_Click', 'Customer']",1
L021218,Maria Ito,MetaC_Tech,,APAC,,Event,"['Keysight_University_Course', 'Opportunity', 'Customer']",1
L021219,Sofia Tanaka,Qualcomm GmbH,Aerospace,LATAM,Automotive Ethernet,Email Campaign,"['Technical_Demo', 'Keysight_University_Course', 'DesignCon_Booth_Visit', 'No_Conversion']",0
L021220,Sofia Khan,MetaC_Tech,Automotive,Europe,PathWave Software,Email Campaign,"['AutoSens_Tech_Talk', 'Website_Product_Page', 'PathWave_Trial_Request', 'Keysight_University_Course', 'LinkedIn_Ad_Click', 'Whitepaper_Download_5G_Test', 'Customer']",1
L021221,Daniel Patel,,,,Oscilloscopes,Webinar,"['Opportunity', 'Application_Engineer_Call', 'LinkedIn_Ad_Click', 'IMS_Badge_Scan', 'Loaner_Unit_Evaluation', 'PathWave_Trial_Request', 'Loaner_Unit_Evaluation', 'SQL', 'PathWave_Trial_Request', 'Customer']",1
L021222,Chen Singh,Infineon GmbH,Semiconductor,Europe,,Webinar,"['PathWave_Trial_Request', 'Whitepaper_Download_5G_Test', 'Application_Engineer_Call', 'DesignCon_Booth_Visit', 'PathWave_Trial_Request', 'Keysight_University_Course', 'No_Conversion']",0
L021223,,Raytheon GmbH,Electronics,LATAM,Automotive Ethernet,Sales Outreach,"['Whitepaper_Download_5G_Test', 'LinkedIn_Ad_Click', 'Whitepaper_Download_5G_Test', 'Lab_Integration_Discussion', 'SQL', 'IMS_Badge_Scan', 'LinkedIn_Ad_Click', 'No_Conversion']",0
L021224,Maria Patel,Broadcom GmbH,Aerospace,Europe,5G Testbeds,Event,"['Oscilloscope_Selector_Tool', 'No_Conversion']",0
L021225,,Sony GmbH,,North America,,Event,['Customer'],1
L021226,Sarah Chen,Tesla Energy GmbH,,LATAM,,Event,"['PathWave_Trial_Request', 'Oscilloscope_Selector_Tool', 'Opportunity', 'No_Conversion']",0
L021227,,Raytheon GmbH,,,5G Testbeds,Website,"['AutoSens_Tech_Talk', 'IMS_Badge_Scan', 'SQL', 'Lab_Integration_Discussion', 'Lab_Integration_Discussion', 'No_Conversion']",0
L021228,Kenji Martinez,MetaC_Tech,,LATAM,,Event,"['Keysight_Workshop_RF_Testing', 'Lab_Integration_Discussion', 'PathWave_Trial_Request', 'Customer']",1
L021229,Sarah Chen,,,Europe,,,"['MQL', 'No_Conversion']",0
L021230,Ahmed Garcia,,Aerospace,LATAM,,Email Campaign,"['LinkedIn_Ad_Click', 'SQL', 'Website_Product_Page', 'Customer']",1
L021231,Maria Martinez,Samsung Electronics GmbH,Automotive,LATAM,5G Testbeds,Event,['No_Conversion'],0
L021232,Maria Khan,,,,,,"['Technical_Demo', 'Whitepaper_Download_5G_Test', 'MQL', 'Keysight_Workshop_RF_Testing', 'No_Conversion']",0
L021233,Laura Singh,Infineon,,North America,Oscilloscopes,Email Campaign,"['Oscilloscope_Selector_Tool', 'Website_Product_Page', 'AutoSens_Tech_Talk', 'Keysight_University_Course', 'SQL', 'Oscilloscope_Selector_Tool', 'No_Conversion']",0
L021234,Sarah Ito,,Electronics,Europe,Oscilloscopes,Event,['No_Conversion'],0
L021235,Kenji Johnson,Qualc_Tech,Electronics,,PathWave Software,Sales Outreach,"['DesignCon_Booth_Visit', 'Website_Product_Page', 'DesignCon_Booth_Visit', 'Keysight_Workshop_RF_Testing', 'DesignCon_Booth_Visit', 'Keysight_Workshop_RF_Testing', 'Technical_Demo', 'Customer']",1
L021236,,NXP Semiconductors GmbH,,North America,,Website,"['DesignCon_Booth_Visit', 'Lab_Integration_Discussion', 'Loaner_Unit_Evaluation', 'Technical_Demo', 'No_Conversion']",0
L021237,Sofia Tanaka,Bosch,,,PathWave Software,,"['MQL', 'Customer']",1
L021238,Laura Lee,,Aerospace,North America,5G Testbeds,Email Campaign,"['Website_Product_Page', 'LinkedIn_Ad_Click', 'PathWave_Trial_Request', 'IMS_Badge_Scan', 'AutoSens_Tech_Talk', 'SQL', 'IMS_Badge_Scan', 'DesignCon_Booth_Visit', 'Lab_Integration_Discussion', 'No_Conversion']",0
L021239,Ravi Williams,,Aerospace,North America,PathWave Software,,"['Keysight_University_Course', 'DesignCon_Booth_Visit', 'No_Conversion']",0
L021240,Sarah Singh,Raytheon,Automotive,,,Webinar,"['DesignCon_Booth_Visit', 'DesignCon_Booth_Visit', 'PathWave_Trial_Request', 'MQL', 'Whitepaper_Download_5G_Test', 'AutoSens_Tech_Talk', 'SQL', 'No_Conversion']",0
L021241,Michael Garcia,Raytheon GmbH,Electronics,North America,Automotive Ethernet,Event,"['IMS_Badge_Scan', 'Keysight_Workshop_RF_Testing', 'MQL', 'Whitepaper_Download_5G_Test', 'LinkedIn_Ad_Click', 'Whitepaper_Download_5G_Test', 'Opportunity', 'Technical_Demo', 'No_Conversion']",0
L021242,Laura Khan,Tesla Energy,Semiconductor,,PathWave Software,LinkedIn,"['Application_Engineer_Call', 'No_Conversion']",0
L021243,,NXP Semiconductors GmbH,Automotive,LATAM,Automotive Ethernet,LinkedIn,"['Application_Engineer_Call', 'Website_Product_Page', 'LinkedIn_Ad_Click', 'Opportunity', 'Keysight_University_Course', 'Keysight_University_Course', 'SQL', 'Technical_Demo', 'DesignCon_Booth_Visit', 'No_Conversion']",0
L021244,Michael Ito,Tesla_Tech,Electronics,Europe,,Sales Outreach,"['LinkedIn_Ad_Click', 'Customer']",1
L021245,Kenji Tanaka,Qualcomm,,,,LinkedIn,"['Website_Product_Page', 'Technical_Demo', 'LinkedIn_Ad_Click', 'Customer']",1
L021246,Michael Ito,Qualcomm GmbH,Electronics,,PathWave Software,Webinar,"['Application_Engineer_Call', 'Oscilloscope_Selector_Tool', 'Keysight_Workshop_RF_Testing', 'IMS_Badge_Scan', 'No_Conversion']",0
L021247,Ravi Martinez,Infineon GmbH,Telecom,North America,Oscilloscopes,Sales Outreach,['No_Conversion'],0
L021248,Priya Tanaka,Infineon GmbH,Semiconductor,Europe,,Website,"['DesignCon_Booth_Visit', 'Lab_Integration_Discussion', 'Loaner_Unit_Evaluation', 'Opportunity', 'No_Conversion']",0
L021249,,MetaC_Tech,Telecom,LATAM,Oscilloscopes,,"['PathWave_Trial_Request', 'MQL', 'No_Conversion']",0
L021250,Maria Tanaka,Meta Connectivity Labs GmbH,Aerospace,Europe,,,"['Website_Product_Page', 'Loaner_Unit_Evaluation', 'Lab_Integration_Discussion', 'Keysight_University_Course', 'Website_Product_Page', 'No_Conversion']",0
L021251,Ahmed Martinez,Rayth_Tech,Electronics,Europe,5G Testbeds,Sales Outreach,"['IMS_Badge_Scan', 'PathWave_Trial_Request', 'SQL', 'LinkedIn_Ad_Click', 'Keysight_Workshop_RF_Testing', 'Application_Engineer_Call', 'PathWave_Trial_Request', 'Lab_Integration_Discussion', 'Customer']",1
L021252,Maria Ito,Infin_Tech,,LATAM,,Webinar,"['MQL', 'Keysight_Workshop_RF_Testing', 'Oscilloscope_Selector_Tool', 'Whitepaper_Download_5G_Test', 'Website_Product_Page', 'PathWave_Trial_Request', 'No_Conversion']",0
L021253,Michael Johnson,,Aerospace,,,Email Campaign,"['Whitepaper_Download_5G_Test', 'Oscilloscope_Selector_Tool', 'Website_Product_Page', 'Keysight_Workshop_RF_Testing', 'No_Conversion']",0
L021254,Kenji Anders,,,Europe,Oscilloscopes,Sales Outreach,"['IMS_Badge_Scan', 'Keysight_Workshop_RF_Testing', 'Loaner_Unit_Evaluation', 'Keysight_Workshop_RF_Testing', 'Whitepaper_Download_5G_Test', 'PathWave_Trial_Request', 'Customer']",1
L021255,Priya Williams,,Aerospace,Europe,PathWave Software,LinkedIn,"['Technical_Demo', 'Keysight_Workshop_RF_Testing', 'Keysight_University_Course', 'No_Conversion']",0
L021256,Sarah Williams,Broad_Tech,Electronics,North America,Oscilloscopes,Event,"['Application_Engineer_Call', 'Keysight_University_Course', 'DesignCon_Booth_Visit', 'Oscilloscope_Selector_Tool', 'Customer']",1
L021257,Ravi Patel,Qualc_Tech,Aerospace,APAC,,,"['LinkedIn_Ad_Click', 'Loaner_Unit_Evaluation', 'Oscilloscope_Selector_Tool', 'PathWave_Trial_Request', 'LinkedIn_Ad_Click', 'No_Conversion']",0
L021258,Laura Tanaka,Infineon GmbH,Aerospace,North America,Oscilloscopes,Email Campaign,"['MQL', 'DesignCon_Booth_Visit', 'Keysight_University_Course', 'DesignCon_Booth_Visit', 'No_Conversion']",0
L021259,Michael Chen,Raytheon,Telecom,Europe,Oscilloscopes,Webinar,"['PathWave_Trial_Request', 'AutoSens_Tech_Talk', 'Technical_Demo', 'Lab_Integration_Discussion', 'Customer']",1
L021260,Priya Ito,Tesla_Tech,,,5G Testbeds,Sales Outreach,['Customer'],1
L021261,Chen Patel,Bosch_Tech,Automotive,Europe,PathWave Software,Website,"['Whitepaper_Download_5G_Test', 'Keysight_University_Course', 'Opportunity', 'Opportunity', 'Keysight_University_Course', 'IMS_Badge_Scan', 'Whitepaper_Download_5G_Test', 'IMS_Badge_Scan', 'PathWave_Trial_Request', 'No_Conversion']",0
L021262,Laura Chen,Raytheon GmbH,,LATAM,,Webinar,"['Technical_Demo', 'Keysight_Workshop_RF_Testing', 'AutoSens_Tech_Talk', 'SQL', 'Whitepaper_Download_5G_Test', 'Website_Product_Page', 'PathWave_Trial_Request', 'MQL', 'No_Conversion']",0
L021263,Sofia Garcia,,Electronics,APAC,Oscilloscopes,Event,"['SQL', 'PathWave_Trial_Request', 'Whitepaper_Download_5G_Test', 'AutoSens_Tech_Talk', 'LinkedIn_Ad_Click', 'SQL', 'Customer']",1
L021264,Sofia Williams,Infineon GmbH,,,5G Testbeds,LinkedIn,['Customer'],1
L021265,Ahmed Chen,,,LATAM,,Event,['Customer'],1
L021266,Ahmed Chen,,Semiconductor,,5G Testbeds,LinkedIn,"['PathWave_Trial_Request', 'Keysight_Workshop_RF_Testing', 'Technical_Demo', 'Whitepaper_Download_5G_Test', 'Whitepaper_Download_5G_Test', 'Customer']",1
L021267,Maria Tanaka,Tesla Energy GmbH,,LATAM,,,"['MQL', 'Oscilloscope_Selector_Tool', 'LinkedIn_Ad_Click', 'Lab_Integration_Discussion', 'Whitepaper_Download_5G_Test', 'No_Conversion']",0
L021268,Laura Lee,Qualc_Tech,Aerospace,,,LinkedIn,"['Whitepaper_Download_5G_Test', 'No_Conversion']",0
L021269,Chen Patel,Sony_Tech,Semiconductor,North America,Automotive Ethernet,Email Campaign,"['Website_Product_Page', 'AutoSens_Tech_Talk', 'Website_Product_Page', 'Opportunity', 'IMS_Badge_Scan', 'MQL', 'IMS_Badge_Scan', 'Opportunity', 'Customer']",1
L021270,Daniel Ito,,Automotive,LATAM,,,"['Website_Product_Page', 'Website_Product_Page', 'AutoSens_Tech_Talk', 'Loaner_Unit_Evaluation', 'Loaner_Unit_Evaluation', 'MQL', 'No_Conversion']",0
L021271,Michael Johnson,Bosch_Tech,Semiconductor,North America,5G Testbeds,Email Campaign,"['Application_Engineer_Call', 'IMS_Badge_Scan', 'MQL', 'SQL', 'No_Conversion']",0
L021272,Daniel Johnson,Tesla_Tech,,,,Email Campaign,"['SQL', 'LinkedIn_Ad_Click', 'Customer']",1
L021273,Chen Martinez,Sony GmbH,Aerospace,Europe,,Email Campaign,"['Keysight_Workshop_RF_Testing', 'Oscilloscope_Selector_Tool', 'IMS_Badge_Scan', 'Technical_Demo', 'Keysight_Workshop_RF_Testing', 'Technical_Demo', 'MQL', 'Lab_Integration_Discussion', 'Customer']",1
L021274,,Samsung Electronics GmbH,Aerospace,Europe,,Sales Outreach,"['DesignCon_Booth_Visit', 'IMS_Badge_Scan', 'Website_Product_Page', 'IMS_Badge_Scan', 'Technical_Demo', 'LinkedIn_Ad_Click', 'Oscilloscope_Selector_Tool', 'Oscilloscope_Selector_Tool', 'LinkedIn_Ad_Click', 'No_Conversion']",0
L021275,Hiroshi Lee,Meta Connectivity Labs GmbH,,APAC,,Sales Outreach,"['LinkedIn_Ad_Click', 'Lab_Integration_Discussion', 'Oscilloscope_Selector_Tool', 'PathWave_Trial_Request', 'IMS_Badge_Scan', 'Customer']",1
L021276,Laura Martinez,Tesla Energy GmbH,Semiconductor,North America,,,['Customer'],1
L021277,Michael Tanaka,Infin_Tech,Aerospace,Europe,,Webinar,"['MQL', 'Keysight_Workshop_RF_Testing', 'Application_Engineer_Call', 'PathWave_Trial_Request', 'MQL', 'Customer']",1
L021278,Priya Lee,Bosch_Tech,,APAC,,Sales Outreach,"['DesignCon_Booth_Visit', 'Loaner_Unit_Evaluation', 'SQL', 'Technical_Demo', 'PathWave_Trial_Request', 'Customer']",1
L021279,Laura Singh,Qualcomm,,APAC,,Website,"['Loaner_Unit_Evaluation', 'Whitepaper_Download_5G_Test', 'LinkedIn_Ad_Click', 'No_Conversion']",0
L021280,Michael Ito,Broadcom,Telecom,LATAM,,Webinar,"['MQL', 'Customer']",1
L021281,Maria Lee,Qualc_Tech,Automotive,North America,Oscilloscopes,Website,"['Loaner_Unit_Evaluation', 'AutoSens_Tech_Talk', 'PathWave_Trial_Request', 'Customer']",1
L021282,Hiroshi Tanaka,,Automotive,Europe,5G Testbeds,Website,"['DesignCon_Booth_Visit', 'Lab_Integration_Discussion', 'Keysight_University_Course', 'Keysight_Workshop_RF_Testing', 'No_Conversion']",0
L021283,Ravi Lee,Sony_Tech,Automotive,Europe,,Email Campaign,"['Technical_Demo', 'Keysight_Workshop_RF_Testing', 'IMS_Badge_Scan', 'LinkedIn_Ad_Click', 'LinkedIn_Ad_Click', 'No_Conversion']",0
L021284,Sarah Lee,Qualcomm,Aerospace,Europe,Automotive Ethernet,Webinar,['No_Conversion'],0
L021285,Sarah Patel,Rayth_Tech,,LATAM,Oscilloscopes,Event,"['DesignCon_Booth_Visit', 'Website_Product_Page', 'Application_Engineer_Call', 'SQL', 'Technical_Demo', 'Customer']",1
L021286,Hiroshi Singh,,,North America,,Event,"['AutoSens_Tech_Talk', 'MQL', 'Opportunity', 'Opportunity', 'Keysight_University_Course', 'SQL', 'Keysight_University_Course', 'Whitepaper_Download_5G_Test', 'No_Conversion']",0
L021287,Hiroshi Johnson,,Semiconductor,LATAM,,Sales Outreach,"['Loaner_Unit_Evaluation', 'Keysight_Workshop_RF_Testing', 'DesignCon_Booth_Visit', 'Website_Product_Page', 'LinkedIn_Ad_Click', 'Technical_Demo', 'DesignCon_Booth_Visit', 'IMS_Badge_Scan', 'SQL', 'Technical_Demo', 'Customer']",1
L021288,Daniel Lee,Raytheon GmbH,Telecom,APAC,Automotive Ethernet,,['Customer'],1
L021289,Kenji Garcia,Infineon GmbH,,Europe,,,"['Loaner_Unit_Evaluation', 'Keysight_Workshop_RF_Testing', 'IMS_Badge_Scan', 'Loaner_Unit_Evaluation', 'Application_Engineer_Call', 'Technical_Demo', 'Customer']",1
L021290,Chen Williams,Infin_Tech,Telecom,North America,,LinkedIn,"['LinkedIn_Ad_Click', 'Whitepaper_Download_5G_Test', 'Loaner_Unit_Evaluation', 'Keysight_Workshop_RF_Testing', 'Technical_Demo', 'Keysight_University_Course', 'MQL', 'Website_Product_Page', 'No_Conversion']",0
L021291,Priya Williams,Meta Connectivity Labs,Semiconductor,Europe,PathWave Software,Webinar,"['Oscilloscope_Selector_Tool', 'MQL', 'Keysight_Workshop_RF_Testing', 'PathWave_Trial_Request', 'Application_Engineer_Call', 'Application_Engineer_Call', 'DesignCon_Booth_Visit', 'Oscilloscope_Selector_Tool', 'Keysight_Workshop_RF_Testing', 'Keysight_Workshop_RF_Testing', 'Customer']",1
L021292,Michael Martinez,Samsung Electronics,Semiconductor,,,Sales Outreach,"['SQL', 'Oscilloscope_Selector_Tool', 'No_Conversion']",0
L021293,,Tesla Energy,Telecom,,,Webinar,"['DesignCon_Booth_Visit', 'Technical_Demo', 'Website_Product_Page', 'LinkedIn_Ad_Click', 'PathWave_Trial_Request', 'SQL', 'Keysight_University_Course', 'Customer']",1
L021294,Laura Garcia,,Semiconductor,LATAM,,Webinar,"['SQL', 'Website_Product_Page', 'MQL', 'Opportunity', 'Website_Product_Page', 'Customer']",1
L021295,Priya Johnson,Tesla Energy,Electronics,,,LinkedIn,"['Opportunity', 'Whitepaper_Download_5G_Test', 'Application_Engineer_Call', 'DesignCon_Booth_Visit', 'MQL', 'LinkedIn_Ad_Click', 'No_Conversion']",0
L021296,Laura Patel,Tesla_Tech,,APAC,PathWave Software,,"['MQL', 'Website_Product_Page', 'No_Conversion']",0
L021297,Ravi Singh,Infineon GmbH,,LATAM,5G Testbeds,Website,['No_Conversion'],0
L021298,Daniel Patel,NXPSe_Tech,Electronics,,PathWave Software,Sales Outreach,"['DesignCon_Booth_Visit', 'AutoSens_Tech_Talk', 'Website_Product_Page', 'No_Conversion']",0
L021299,Sarah Singh,Sony,,,Automotive Ethernet,Website,['No_Conversion'],0
L021300,Ravi Garcia,Sony GmbH,Aerospace,LATAM,,Email Campaign,"['Oscilloscope_Selector_Tool', 'Lab_Integration_Discussion', 'Keysight_Workshop_RF_Testing', 'SQL', 'No_Conversion']",0
L021301,Daniel Williams,,Semiconductor,LATAM,,Website,"['Lab_Integration_Discussion', 'LinkedIn_Ad_Click', 'Opportunity', 'Lab_Integration_Discussion', 'Website_Product_Page', 'Customer']",1
L021302,Michael Lee,Infineon GmbH,,LATAM,,Website,"['Keysight_Workshop_RF_Testing', 'Loaner_Unit_Evaluation', 'MQL', 'SQL', 'No_Conversion']",0
L021303,Daniel Patel,Samsung Electronics GmbH,,,Automotive Ethernet,,"['Whitepaper_Download_5G_Test', 'LinkedIn_Ad_Click', 'SQL', 'Loaner_Unit_Evaluation', 'Keysight_Workshop_RF_Testing', 'Oscilloscope_Selector_Tool', 'IMS_Badge_Scan', 'Customer']",1
L021304,Hiroshi Patel,Meta Connectivity Labs GmbH,,North America,Automotive Ethernet,Email Campaign,"['Technical_Demo', 'Whitepaper_Download_5G_Test', 'Lab_Integration_Discussion', 'Whitepaper_Download_5G_Test', 'AutoSens_Tech_Talk', 'PathWave_Trial_Request', 'LinkedIn_Ad_Click', 'Customer']",1
L021305,Sofia Tanaka,Bosch_Tech,Automotive,,,Webinar,"['Oscilloscope_Selector_Tool', 'Loaner_Unit_Evaluation', 'SQL', 'No_Conversion']",0
L021306,Chen Garcia,Broad_Tech,,North America,Automotive Ethernet,Sales Outreach,"['Technical_Demo', 'Oscilloscope_Selector_Tool', 'Keysight_University_Course', 'IMS_Badge_Scan', 'Keysight_University_Course', 'LinkedIn_Ad_Click', 'AutoSens_Tech_Talk', 'Website_Product_Page', 'Oscilloscope_Selector_Tool', 'No_Conversion']",0
L021307,,Meta Connectivity Labs GmbH,Aerospace,Europe,5G Testbeds,Sales Outreach,"['Application_Engineer_Call', 'Oscilloscope_Selector_Tool', 'Application_Engineer_Call', 'Opportunity', 'Technical_Demo', 'Keysight_Workshop_RF_Testing', 'Keysight_University_Course', 'Whitepaper_Download_5G_Test', 'LinkedIn_Ad_Click', 'Keysight_University_Course', 'Customer']",1
L021308,Michael Garcia,Raytheon,,LATAM,PathWave Software,,"['Keysight_University_Course', 'IMS_Badge_Scan', 'No_Conversion']",0
L021309,Kenji Martinez,Infin_Tech,Automotive,LATAM,,Sales Outreach,"['Technical_Demo', 'Customer']",1
L021310,Hiroshi Williams,Bosch,Telecom,LATAM,PathWave Software,Webinar,"['Oscilloscope_Selector_Tool', 'Technical_Demo', 'PathWave_Trial_Request', 'IMS_Badge_Scan', 'Technical_Demo', 'Application_Engineer_Call', 'Loaner_Unit_Evaluation', 'MQL', 'SQL', 'Customer']",1
L021311,,NXP Semiconductors GmbH,Electronics,LATAM,5G Testbeds,Email Campaign,['Customer'],1
L021312,Michael Ito,,Telecom,North America,,Event,"['IMS_Badge_Scan', 'Application_Engineer_Call', 'Technical_Demo', 'IMS_Badge_Scan', 'MQL', 'PathWave_Trial_Request', 'Keysight_University_Course', 'Keysight_Workshop_RF_Testing', 'No_Conversion']",0
L021313,Sofia Martinez,Samsung Electronics GmbH,Automotive,APAC,Automotive Ethernet,,"['AutoSens_Tech_Talk', 'MQL', 'Customer']",1
L021314,Priya Williams,Broadcom,Telecom,North America,PathWave Software,Email Campaign,"['AutoSens_Tech_Talk', 'Application_Engineer_Call', 'Whitepaper_Download_5G_Test', 'AutoSens_Tech_Talk', 'Customer']",1
L021315,Michael Anders,Infineon GmbH,,APAC,,Event,"['IMS_Badge_Scan', 'AutoSens_Tech_Talk', 'LinkedIn_Ad_Click', 'MQL', 'Loaner_Unit_Evaluation', 'Lab_Integration_Discussion', 'IMS_Badge_Scan', 'Loaner_Unit_Evaluation', 'No_Conversion']",0
L021316,,Sony_Tech,Aerospace,North America,,LinkedIn,"['Lab_Integration_Discussion', 'MQL', 'LinkedIn_Ad_Click', 'PathWave_Trial_Request', 'Loaner_Unit_Evaluation', 'No_Conversion']",0
L021317,Sofia Ito,Raytheon GmbH,,,,,"['DesignCon_Booth_Visit', 'Technical_Demo', 'MQL', 'No_Conversion']",0
L021318,Sarah Tanaka,,Electronics,,PathWave Software,Webinar,"['Opportunity', 'LinkedIn_Ad_Click', 'Opportunity', 'Keysight_University_Course', 'No_Conversion']",0
L021319,Daniel Ito,Bosch,,LATAM,5G Testbeds,Sales Outreach,"['MQL', 'DesignCon_Booth_Visit', 'Oscilloscope_Selector_Tool', 'LinkedIn_Ad_Click', 'IMS_Badge_Scan', 'Opportunity', 'LinkedIn_Ad_Click', 'No_Conversion']",0
L021320,,Qualcomm GmbH,Aerospace,APAC,,,['No_Conversion'],0
L021321,Kenji Chen,NXP Semiconductors,,APAC,,Webinar,"['LinkedIn_Ad_Click', 'Lab_Integration_Discussion', 'Loaner_Unit_Evaluation', 'No_Conversion']",0
L021322,Hiroshi Ito,Samsu_Tech,Telecom,,,LinkedIn,"['Lab_Integration_Discussion', 'No_Conversion']",0
L021323,Maria Anders,,Semiconductor,,,Webinar,"['SQL', 'No_Conversion']",0
L021324,Kenji Singh,Infineon GmbH,Telecom,LATAM,,Website,"['Technical_Demo', 'AutoSens_Tech_Talk', 'Opportunity', 'IMS_Badge_Scan', 'Lab_Integration_Discussion', 'Application_Engineer_Call', 'PathWave_Trial_Request', 'LinkedIn_Ad_Click', 'AutoSens_Tech_Talk', 'Customer']",1
L021325,Chen Lee,Infin_Tech,,North America,Oscilloscopes,Sales Outreach,['No_Conversion'],0
L021326,Hiroshi Patel,Bosch,Aerospace,APAC,PathWave Software,LinkedIn,"['Website_Product_Page', 'Loaner_Unit_Evaluation', 'Keysight_Workshop_RF_Testing', 'Technical_Demo', 'Customer']",1
L021327,Daniel Anders,,,LATAM,,LinkedIn,"['MQL', 'AutoSens_Tech_Talk', 'No_Conversion']",0
L021328,Daniel Lee,Bosch_Tech,Telecom,,,Event,"['Keysight_Workshop_RF_Testing', 'LinkedIn_Ad_Click', 'SQL', 'No_Conversion']",0
L021329,Priya Martinez,Qualcomm GmbH,,,PathWave Software,Email Campaign,"['LinkedIn_Ad_Click', 'LinkedIn_Ad_Click', 'Keysight_Workshop_RF_Testing', 'Keysight_Workshop_RF_Testing', 'PathWave_Trial_Request', 'LinkedIn_Ad_Click', 'Opportunity', 'Website_Product_Page', 'Keysight_Workshop_RF_Testing', 'Keysight_University_Course', 'Customer']",1
L021330,Priya Singh,Tesla Energy GmbH,Aerospace,North America,PathWave Software,Website,"['Keysight_University_Course', 'SQL', 'Whitepaper_Download_5G_Test', 'DesignCon_Booth_Visit', 'No_Conversion']",0
L021331,Hiroshi Anders,Samsu_Tech,,,,Webinar,"['Website_Product_Page', 'No_Conversion']",0
L021332,Kenji Garcia,Raytheon,,LATAM,,Website,"['IMS_Badge_Scan', 'Whitepaper_Download_5G_Test', 'Opportunity', 'Website_Product_Page', 'Customer']",1
L021333,Sofia Singh,Sony GmbH,,North America,Oscilloscopes,LinkedIn,"['Keysight_University_Course', 'Technical_Demo', 'SQL', 'Application_Engineer_Call', 'No_Conversion']",0
L021334,Sofia Martinez,Bosch GmbH,,LATAM,PathWave Software,Event,"['Keysight_University_Course', 'No_Conversion']",0
L021335,Laura Anders,MetaC_Tech,Aerospace,Europe,,,"['MQL', 'No_Conversion']",0
L021336,Ahmed Ito,NXPSe_Tech,Electronics,Europe,Oscilloscopes,Sales Outreach,"['Keysight_Workshop_RF_Testing', 'Customer']",1
L021337,Chen Anders,NXP Semiconductors GmbH,Automotive,LATAM,Automotive Ethernet,Email Campaign,"['MQL', 'AutoSens_Tech_Talk', 'IMS_Badge_Scan', 'Keysight_University_Course', 'Lab_Integration_Discussion', 'Loaner_Unit_Evaluation', 'No_Conversion']",0
L021338,Hiroshi Patel,Meta Connectivity Labs GmbH,,LATAM,,Webinar,"['Website_Product_Page', 'Technical_Demo', 'Loaner_Unit_Evaluation', 'Opportunity', 'LinkedIn_Ad_Click', 'Opportunity', 'Keysight_Workshop_RF_Testing', 'Customer']",1
L021339,Michael Anders,Broadcom,Semiconductor,,5G Testbeds,Event,"['DesignCon_Booth_Visit', 'No_Conversion']",0
L021340,Michael Johnson,,Semiconductor,North America,Oscilloscopes,,"['DesignCon_Booth_Visit', 'No_Conversion']",0
L021341,Chen Lee,,Aerospace,APAC,,Email Campaign,"['MQL', 'Whitepaper_Download_5G_Test', 'Keysight_Workshop_RF_Testing', 'AutoSens_Tech_Talk', 'No_Conversion']",0
L021342,Kenji Martinez,Bosch GmbH,,North America,,Email Campaign,"['IMS_Badge_Scan', 'AutoSens_Tech_Talk', 'Oscilloscope_Selector_Tool', 'No_Conversion']",0
L021343,Maria Anders,Infineon,,,5G Testbeds,LinkedIn,"['Loaner_Unit_Evaluation', 'Loaner_Unit_Evaluation', 'Website_Product_Page', 'Keysight_Workshop_RF_Testing', 'Customer']",1
L021344,Michael Lee,Infin_Tech,Electronics,Europe,Oscilloscopes,Webinar,"['Oscilloscope_Selector_Tool', 'Keysight_Workshop_RF_Testing', 'Application_Engineer_Call', 'Loaner_Unit_Evaluation', 'Lab_Integration_Discussion', 'Keysight_Workshop_RF_Testing', 'MQL', 'Website_Product_Page', 'Customer']",1
L021345,Chen Patel,Raytheon GmbH,Electronics,Europe,,Webinar,"['Website_Product_Page', 'Opportunity', 'Oscilloscope_Selector_Tool', 'MQL', 'Customer']",1
L021346,Ahmed Chen,Bosch GmbH,Telecom,Europe,,Sales Outreach,"['AutoSens_Tech_Talk', 'MQL', 'Technical_Demo', 'Oscilloscope_Selector_Tool', 'Lab_Integration_Discussion', 'Website_Product_Page', 'Lab_Integration_Discussion', 'LinkedIn_Ad_Click', 'No_Conversion']",0
L021347,Daniel Anders,,,North America,5G Testbeds,Webinar,"['IMS_Badge_Scan', 'PathWave_Trial_Request', 'Application_Engineer_Call', 'Technical_Demo', 'No_Conversion']",0
L021348,Ahmed Williams,Infineon GmbH,,LATAM,5G Testbeds,LinkedIn,"['Application_Engineer_Call', 'Website_Product_Page', 'LinkedIn_Ad_Click', 'Application_Engineer_Call', 'Lab_Integration_Discussion', 'AutoSens_Tech_Talk', 'Keysight_Workshop_RF_Testing', 'Lab_Integration_Discussion', 'Lab_Integration_Discussion', 'Technical_Demo', 'No_Conversion']",0
L021349,Ravi Singh,Tesla Energy GmbH,,,Automotive Ethernet,Email Campaign,"['LinkedIn_Ad_Click', 'IMS_Badge_Scan', 'Customer']",1
L021350,Ravi Tanaka,Meta Connectivity Labs GmbH,,LATAM,Automotive Ethernet,Website,"['IMS_Badge_Scan', 'Customer']",1
L021351,Laura Tanaka,NXP Semiconductors,,North America,Automotive Ethernet,,"['Technical_Demo', 'Website_Product_Page', 'PathWave_Trial_Request', 'No_Conversion']",0
L021352,Laura Anders,Samsu_Tech,Telecom,,,Webinar,"['Opportunity', 'LinkedIn_Ad_Click', 'Customer']",1
L021353,Ahmed Khan,NXP Semiconductors,Automotive,APAC,5G Testbeds,,"['IMS_Badge_Scan', 'Opportunity', 'PathWave_Trial_Request', 'Whitepaper_Download_5G_Test', 'Technical_Demo', 'Loaner_Unit_Evaluation', 'PathWave_Trial_Request', 'AutoSens_Tech_Talk', 'Loaner_Unit_Evaluation', 'Customer']",1
L021354,Maria Lee,Meta Connectivity Labs,Electronics,,,Event,"['Application_Engineer_Call', 'Customer']",1
L021355,Ravi Singh,,,LATAM,PathWave Software,Website,"['AutoSens_Tech_Talk', 'Oscilloscope_Selector_Tool', 'IMS_Badge_Scan', 'No_Conversion']",0
L021356,Michael Tanaka,Samsung Electronics,Electronics,LATAM,Automotive Ethernet,Event,['Customer'],1
L021357,Michael Anders,,,LATAM,PathWave Software,,"['IMS_Badge_Scan', 'DesignCon_Booth_Visit', 'Website_Product_Page', 'Technical_Demo', 'Whitepaper_Download_5G_Test', 'Keysight_University_Course', 'Keysight_University_Course', 'PathWave_Trial_Request', 'Whitepaper_Download_5G_Test', 'Keysight_University_Course', 'Customer']",1
L021358,Priya Singh,,,North America,Automotive Ethernet,Email Campaign,"['Technical_Demo', 'MQL', 'MQL', 'LinkedIn_Ad_Click', 'Technical_Demo', 'Loaner_Unit_Evaluation', 'Whitepaper_Download_5G_Test', 'No_Conversion']",0
L021359,Ahmed Garcia,Broadcom,Telecom,APAC,Oscilloscopes,Event,"['SQL', 'PathWave_Trial_Request', 'MQL', 'No_Conversion']",0
L021360,Ravi Martinez,Broadcom GmbH,Semiconductor,APAC,5G Testbeds,Event,['No_Conversion'],0
L021361,,Broadcom GmbH,,,,Event,"['Oscilloscope_Selector_Tool', 'No_Conversion']",0
L021362,Priya Williams,Raytheon,Aerospace,LATAM,5G Testbeds,Webinar,"['Technical_Demo', 'Technical_Demo', 'LinkedIn_Ad_Click', 'Keysight_University_Course', 'IMS_Badge_Scan', 'Keysight_University_Course', 'Lab_Integration_Discussion', 'Customer']",1
L021363,Ravi Patel,Sony,,LATAM,Automotive Ethernet,Email Campaign,['Customer'],1
L021364,Laura Singh,NXP Semiconductors GmbH,Automotive,Europe,PathWave Software,LinkedIn,['No_Conversion'],0
L021365,Chen Khan,Broadcom GmbH,Automotive,LATAM,5G Testbeds,LinkedIn,"['Website_Product_Page', 'Whitepaper_Download_5G_Test', 'Lab_Integration_Discussion', 'Keysight_Workshop_RF_Testing', 'Customer']",1
L021366,Priya Anders,Infineon GmbH,Automotive,Europe,,Webinar,"['IMS_Badge_Scan', 'Application_Engineer_Call', 'SQL', 'Technical_Demo', 'Application_Engineer_Call', 'LinkedIn_Ad_Click', 'Customer']",1
L021367,Michael Johnson,Broadcom GmbH,Aerospace,LATAM,,Email Campaign,"['Lab_Integration_Discussion', 'Application_Engineer_Call', 'PathWave_Trial_Request', 'AutoSens_Tech_Talk', 'DesignCon_Booth_Visit', 'No_Conversion']",0
L021368,Chen Garcia,Infin_Tech,Automotive,,,Sales Outreach,"['Technical_Demo', 'Website_Product_Page', 'Website_Product_Page', 'MQL', 'DesignCon_Booth_Visit', 'IMS_Badge_Scan', 'IMS_Badge_Scan', 'No_Conversion']",0
L021369,Michael Khan,Bosch,,North America,5G Testbeds,LinkedIn,"['PathWave_Trial_Request', 'Application_Engineer_Call', 'Loaner_Unit_Evaluation', 'Lab_Integration_Discussion', 'LinkedIn_Ad_Click', 'Oscilloscope_Selector_Tool', 'Customer']",1
L021370,Sarah Tanaka,NXPSe_Tech,Automotive,APAC,PathWave Software,,"['SQL', 'Website_Product_Page', 'Opportunity', 'Opportunity', 'Opportunity', 'PathWave_Trial_Request', 'Loaner_Unit_Evaluation', 'No_Conversion']",0
L021371,Chen Ito,,Electronics,APAC,PathWave Software,Email Campaign,"['SQL', 'Whitepaper_Download_5G_Test', 'IMS_Badge_Scan', 'PathWave_Trial_Request', 'Whitepaper_Download_5G_Test', 'Customer']",1
L021372,Ahmed Tanaka,,,,Automotive Ethernet,LinkedIn,['Customer'],1
L021373,Daniel Martinez,Sony,,North America,PathWave Software,Event,"['Loaner_Unit_Evaluation', 'LinkedIn_Ad_Click', 'PathWave_Trial_Request', 'AutoSens_Tech_Talk', 'Website_Product_Page', 'Opportunity', 'No_Conversion']",0
L021374,Sofia Garcia,MetaC_Tech,Telecom,Europe,Automotive Ethernet,LinkedIn,"['SQL', 'IMS_Badge_Scan', 'SQL', 'Customer']",1
L021375,,Bosch GmbH,,North America,Oscilloscopes,Website,"['Whitepaper_Download_5G_Test', 'DesignCon_Booth_Visit', 'Website_Product_Page', 'Application_Engineer_Call', 'DesignCon_Booth_Visit', 'Customer']",1
L021376,Sofia Khan,Infineon GmbH,,,PathWave Software,LinkedIn,"['Keysight_University_Course', 'PathWave_Trial_Request', 'Website_Product_Page', 'No_Conversion']",0
L021377,Chen Lee,,Semiconductor,Europe,,,"['Keysight_Workshop_RF_Testing', 'Loaner_Unit_Evaluation', 'Customer']",1
L021378,Hiroshi Lee,Qualc_Tech,,North America,,LinkedIn,"['AutoSens_Tech_Talk', 'No_Conversion']",0
L021379,Maria Chen,Samsung Electronics GmbH,Telecom,North America,PathWave Software,Email Campaign,"['Application_Engineer_Call', 'Keysight_Workshop_RF_Testing', 'Loaner_Unit_Evaluation', 'Lab_Integration_Discussion', 'Application_Engineer_Call', 'AutoSens_Tech_Talk', 'Application_Engineer_Call', 'No_Conversion']",0
L021380,Michael Tanaka,,,Europe,,Website,"['LinkedIn_Ad_Click', 'Website_Product_Page', 'IMS_Badge_Scan', 'AutoSens_Tech_Talk', 'Loaner_Unit_Evaluation', 'Customer']",1
L021381,Ravi Patel,Broadcom,,LATAM,PathWave Software,Sales Outreach,"['AutoSens_Tech_Talk', 'LinkedIn_Ad_Click', 'Opportunity', 'Application_Engineer_Call', 'Customer']",1
L021382,Kenji Khan,MetaC_Tech,Semiconductor,LATAM,Automotive Ethernet,LinkedIn,['No_Conversion'],0
L021383,Michael Ito,NXP Semiconductors GmbH,Aerospace,,,Webinar,"['Website_Product_Page', 'LinkedIn_Ad_Click', 'Opportunity', 'Website_Product_Page', 'Website_Product_Page', 'Customer']",1
L021384,Ahmed Anders,Bosch GmbH,Electronics,North America,,Webinar,"['Lab_Integration_Discussion', 'Whitepaper_Download_5G_Test', 'No_Conversion']",0
L021385,Michael Johnson,Meta Connectivity Labs GmbH,,North America,,LinkedIn,"['IMS_Badge_Scan', 'Keysight_University_Course', 'IMS_Badge_Scan', 'Oscilloscope_Selector_Tool', 'No_Conversion']",0
L021386,Daniel Patel,Qualc_Tech,Automotive,APAC,,Webinar,"['LinkedIn_Ad_Click', 'AutoSens_Tech_Talk', 'Website_Product_Page', 'Loaner_Unit_Evaluation', 'LinkedIn_Ad_Click', 'Loaner_Unit_Evaluation', 'LinkedIn_Ad_Click', 'Website_Product_Page', 'LinkedIn_Ad_Click', 'No_Conversion']",0
L021387,Laura Patel,Infin_Tech,,,5G Testbeds,LinkedIn,"['Website_Product_Page', 'Loaner_Unit_Evaluation', 'Website_Product_Page', 'Customer']",1
L021388,Sofia Ito,Qualcomm,,,,Sales Outreach,"['AutoSens_Tech_Talk', 'PathWave_Trial_Request', 'DesignCon_Booth_Visit', 'Loaner_Unit_Evaluation', 'MQL', 'Technical_Demo', 'Whitepaper_Download_5G_Test', 'Website_Product_Page', 'DesignCon_Booth_Visit', 'Customer']",1
L021389,Daniel Lee,Bosch_Tech,,APAC,5G Testbeds,Email Campaign,"['Website_Product_Page', 'MQL', 'Keysight_Workshop_RF_Testing', 'LinkedIn_Ad_Click', 'Oscilloscope_Selector_Tool', 'No_Conversion']",0
L021390,Kenji Khan,Broadcom,Electronics,North America,Automotive Ethernet,Webinar,"['Loaner_Unit_Evaluation', 'Opportunity', 'SQL', 'AutoSens_Tech_Talk', 'LinkedIn_Ad_Click', 'Lab_Integration_Discussion', 'SQL', 'MQL', 'SQL', 'Customer']",1
L021391,Ravi Chen,Sony,Telecom,APAC,PathWave Software,Webinar,"['AutoSens_Tech_Talk', 'Keysight_University_Course', 'LinkedIn_Ad_Click', 'IMS_Badge_Scan', 'Application_Engineer_Call', 'Keysight_Workshop_RF_Testing', 'No_Conversion']",0
L021392,Ahmed Khan,Sony,Aerospace,LATAM,5G Testbeds,Website,"['Whitepaper_Download_5G_Test', 'Keysight_University_Course', 'Website_Product_Page', 'LinkedIn_Ad_Click', 'No_Conversion']",0
L021393,Priya Tanaka,Infineon GmbH,Semiconductor,,,LinkedIn,"['Keysight_Workshop_RF_Testing', 'Keysight_Workshop_RF_Testing', 'Keysight_Workshop_RF_Testing', 'No_Conversion']",0
L021394,Daniel Singh,Samsung Electronics,,Europe,Automotive Ethernet,LinkedIn,"['Technical_Demo', 'Opportunity', 'No_Conversion']",0
L021395,Daniel Garcia,Qualc_Tech,,North America,,Webinar,"['Website_Product_Page', 'LinkedIn_Ad_Click', 'Lab_Integration_Discussion', 'Oscilloscope_Selector_Tool', 'Loaner_Unit_Evaluation', 'No_Conversion']",0
L021396,,Qualcomm GmbH,,LATAM,,Webinar,"['MQL', 'LinkedIn_Ad_Click', 'Lab_Integration_Discussion', 'Application_Engineer_Call', 'PathWave_Trial_Request', 'No_Conversion']",0
L021397,Ravi Williams,Sony GmbH,Automotive,North America,Automotive Ethernet,Email Campaign,"['Loaner_Unit_Evaluation', 'Keysight_Workshop_RF_Testing', 'PathWave_Trial_Request', 'PathWave_Trial_Request', 'Website_Product_Page', 'Keysight_University_Course', 'Keysight_Workshop_RF_Testing', 'Technical_Demo', 'DesignCon_Booth_Visit', 'Lab_Integration_Discussion', 'No_Conversion']",0
L021398,Sofia Martinez,Sony,Electronics,,,Website,"['Oscilloscope_Selector_Tool', 'Loaner_Unit_Evaluation', 'LinkedIn_Ad_Click', 'Application_Engineer_Call', 'Customer']",1
L021399,Ravi Tanaka,Raytheon GmbH,Semiconductor,,Automotive Ethernet,Sales Outreach,"['Lab_Integration_Discussion', 'Lab_Integration_Discussion', 'Application_Engineer_Call', 'LinkedIn_Ad_Click', 'PathWave_Trial_Request', 'Application_Engineer_Call', 'No_Conversion']",0
L021400,Ravi Tanaka,Sony,Electronics,,5G Testbeds,Webinar,"['Loaner_Unit_Evaluation', 'Loaner_Unit_Evaluation', 'AutoSens_Tech_Talk', 'Lab_Integration_Discussion', 'IMS_Badge_Scan', 'Keysight_University_Course', 'LinkedIn_Ad_Click', 'Keysight_University_Course', 'Keysight_Workshop_RF_Testing', 'Keysight_Workshop_RF_Testing', 'No_Conversion']",0
L021401,Sofia Khan,Bosch,,North America,Oscilloscopes,Email Campaign,"['Application_Engineer_Call', 'Oscilloscope_Selector_Tool', 'IMS_Badge_Scan', 'Loaner_Unit_Evaluation', 'Customer']",1
L021402,Ravi Tanaka,Qualcomm GmbH,,,5G Testbeds,Email Campaign,"['MQL', 'Whitepaper_Download_5G_Test', 'Customer']",1
L021403,Maria Singh,Meta Connectivity Labs GmbH,Automotive,Europe,,LinkedIn,"['AutoSens_Tech_Talk', 'Opportunity', 'Application_Engineer_Call', 'AutoSens_Tech_Talk', 'No_Conversion']",0
L021404,Hiroshi Johnson,Meta Connectivity Labs GmbH,Telecom,LATAM,5G Testbeds,,"['Application_Engineer_Call', 'AutoSens_Tech_Talk', 'LinkedIn_Ad_Click', 'DesignCon_Booth_Visit', 'Opportunity', 'Whitepaper_Download_5G_Test', 'Lab_Integration_Discussion', 'Keysight_Workshop_RF_Testing', 'Customer']",1
L021405,,,Telecom,Europe,,LinkedIn,"['Technical_Demo', 'PathWave_Trial_Request', 'Whitepaper_Download_5G_Test', 'Lab_Integration_Discussion', 'SQL', 'Keysight_University_Course', 'Website_Product_Page', 'Website_Product_Page', 'No_Conversion']",0
L021406,Ahmed Singh,Samsung Electronics,Automotive,,Oscilloscopes,Email Campaign,"['Keysight_University_Course', 'SQL', 'Technical_Demo', 'Customer']",1
L021407,Hiroshi Martinez,NXPSe_Tech,Automotive,APAC,,LinkedIn,"['Keysight_University_Course', 'Website_Product_Page', 'Technical_Demo', 'Whitepaper_Download_5G_Test', 'DesignCon_Booth_Visit', 'Website_Product_Page', 'Keysight_University_Course', 'Lab_Integration_Discussion', 'Application_Engineer_Call', 'Opportunity', 'No_Conversion']",0
L021408,Ravi Martinez,,Semiconductor,LATAM,5G Testbeds,Sales Outreach,"['MQL', 'No_Conversion']",0
L021409,Ravi Lee,Sony GmbH,Semiconductor,Europe,5G Testbeds,LinkedIn,"['Opportunity', 'Website_Product_Page', 'LinkedIn_Ad_Click', 'Customer']",1
L021410,Daniel Lee,Bosch_Tech,,North America,PathWave Software,Webinar,"['MQL', 'Technical_Demo', 'Technical_Demo', 'Opportunity', 'AutoSens_Tech_Talk', 'SQL', 'MQL', 'Customer']",1
L021411,Ahmed Singh,Raytheon GmbH,Automotive,,,LinkedIn,"['SQL', 'IMS_Badge_Scan', 'PathWave_Trial_Request', 'PathWave_Trial_Request', 'MQL', 'Opportunity', 'Loaner_Unit_Evaluation', 'AutoSens_Tech_Talk', 'Whitepaper_Download_5G_Test', 'No_Conversion']",0
L021412,Sofia Tanaka,Samsung Electronics GmbH,Telecom,APAC,,Sales Outreach,"['PathWave_Trial_Request', 'Whitepaper_Download_5G_Test', 'IMS_Badge_Scan', 'Website_Product_Page', 'IMS_Badge_Scan', 'Application_Engineer_Call', 'SQL', 'No_Conversion']",0
L021413,Priya Tanaka,Broadcom,Aerospace,APAC,,Event,"['Lab_Integration_Discussion', 'Keysight_University_Course', 'IMS_Badge_Scan', 'Lab_Integration_Discussion', 'Website_Product_Page', 'Customer']",1
L021414,Priya Singh,Bosch,Automotive,,PathWave Software,Website,"['SQL', 'Technical_Demo', 'Lab_Integration_Discussion', 'SQL', 'Opportunity', 'No_Conversion']",0
L021415,Sarah Martinez,Infineon,Automotive,APAC,,Website,['No_Conversion'],0
L021416,Ravi Tanaka,NXP Semiconductors,,LATAM,Oscilloscopes,Sales Outreach,['No_Conversion'],0
L021417,Priya Anders,Infin_Tech,Automotive,Europe,PathWave Software,Webinar,"['Whitepaper_Download_5G_Test', 'Keysight_Workshop_RF_Testing', 'No_Conversion']",0
L021418,,Qualc_Tech,Electronics,Europe,,Webinar,['No_Conversion'],0
L021419,Sofia Khan,MetaC_Tech,Telecom,,PathWave Software,Website,"['Keysight_Workshop_RF_Testing', 'Lab_Integration_Discussion', 'Loaner_Unit_Evaluation', 'Opportunity', 'Website_Product_Page', 'Opportunity', 'Opportunity', 'PathWave_Trial_Request', 'LinkedIn_Ad_Click', 'Technical_Demo', 'Customer']",1
L021420,Laura Tanaka,Bosch,Semiconductor,,Oscilloscopes,LinkedIn,"['LinkedIn_Ad_Click', 'Website_Product_Page', 'Customer']",1
L021421,Priya Khan,Infin_Tech,Aerospace,North America,PathWave Software,Email Campaign,"['Website_Product_Page', 'MQL', 'Opportunity', 'Application_Engineer_Call', 'Customer']",1
L021422,Kenji Johnson,Sony GmbH,Aerospace,,,Website,"['SQL', 'Lab_Integration_Discussion', 'Application_Engineer_Call', 'No_Conversion']",0
L021423,Priya Lee,Tesla Energy GmbH,Electronics,Europe,Oscilloscopes,Email Campaign,"['AutoSens_Tech_Talk', 'Keysight_Workshop_RF_Testing', 'LinkedIn_Ad_Click', 'Customer']",1
L021424,Ravi Patel,Qualcomm GmbH,Telecom,LATAM,5G Testbeds,Website,"['Whitepaper_Download_5G_Test', 'DesignCon_Booth_Visit', 'Opportunity', 'MQL', 'SQL', 'No_Conversion']",0
L021425,Kenji Tanaka,Sony GmbH,,APAC,Automotive Ethernet,Webinar,"['Opportunity', 'Website_Product_Page', 'Keysight_University_Course', 'No_Conversion']",0
L021426,Laura Martinez,Bosch_Tech,Aerospace,North America,,LinkedIn,"['SQL', 'Whitepaper_Download_5G_Test', 'Loaner_Unit_Evaluation', 'Customer']",1
L021427,Sofia Lee,Infineon GmbH,Electronics,Europe,,Event,"['Application_Engineer_Call', 'No_Conversion']",0
L021428,,Samsung Electronics GmbH,,,5G Testbeds,Sales Outreach,"['IMS_Badge_Scan', 'DesignCon_Booth_Visit', 'Keysight_University_Course', 'DesignCon_Booth_Visit', 'Application_Engineer_Call', 'Keysight_University_Course', 'MQL', 'IMS_Badge_Scan', 'Opportunity', 'Lab_Integration_Discussion', 'Customer']",1
L021429,Sofia Patel,,Electronics,,,Webinar,"['Keysight_University_Course', 'Lab_Integration_Discussion', 'PathWave_Trial_Request', 'DesignCon_Booth_Visit', 'DesignCon_Booth_Visit', 'Application_Engineer_Call', 'Website_Product_Page', 'LinkedIn_Ad_Click', 'Customer']",1
L021430,Hiroshi Lee,Tesla Energy GmbH,,,,Email Campaign,"['Lab_Integration_Discussion', 'No_Conversion']",0
L021431,,Qualcomm,Automotive,APAC,Automotive Ethernet,Event,"['Loaner_Unit_Evaluation', 'Customer']",1
L021432,Sarah Chen,Samsu_Tech,Automotive,APAC,,Webinar,"['Loaner_Unit_Evaluation', 'Customer']",1
L021433,,Infin_Tech,,North America,PathWave Software,Event,"['Opportunity', 'Loaner_Unit_Evaluation', 'Whitepaper_Download_5G_Test', 'Technical_Demo', 'Customer']",1
L021434,Daniel Anders,Rayth_Tech,Automotive,,,,"['AutoSens_Tech_Talk', 'Website_Product_Page', 'Website_Product_Page', 'DesignCon_Booth_Visit', 'Customer']",1
L021435,Sarah Anders,Tesla Energy GmbH,Electronics,LATAM,PathWave Software,Website,"['Whitepaper_Download_5G_Test', 'Application_Engineer_Call', 'AutoSens_Tech_Talk', 'Keysight_University_Course', 'Lab_Integration_Discussion', 'No_Conversion']",0
L021436,Priya Anders,Tesla Energy GmbH,Automotive,LATAM,,Webinar,"['Keysight_Workshop_RF_Testing', 'Website_Product_Page', 'MQL', 'No_Conversion']",0
L021437,Chen Tanaka,,Electronics,,Automotive Ethernet,Webinar,"['Lab_Integration_Discussion', 'No_Conversion']",0
L021438,Priya Anders,MetaC_Tech,Aerospace,APAC,,LinkedIn,"['Keysight_University_Course', 'Keysight_Workshop_RF_Testing', 'Technical_Demo', 'SQL', 'MQL', 'Keysight_Workshop_RF_Testing', 'AutoSens_Tech_Talk', 'No_Conversion']",0
L021439,Maria Garcia,Tesla_Tech,Semiconductor,North America,,Sales Outreach,"['Opportunity', 'Lab_Integration_Discussion', 'SQL', 'Website_Product_Page', 'LinkedIn_Ad_Click', 'IMS_Badge_Scan', 'DesignCon_Booth_Visit', 'Application_Engineer_Call', 'No_Conversion']",0
L021440,Kenji Patel,Bosch,Electronics,LATAM,Oscilloscopes,,"['MQL', 'Lab_Integration_Discussion', 'No_Conversion']",0
L021441,Hiroshi Anders,,Telecom,LATAM,Automotive Ethernet,Webinar,"['Application_Engineer_Call', 'Whitepaper_Download_5G_Test', 'Loaner_Unit_Evaluation', 'Website_Product_Page', 'Application_Engineer_Call', 'Opportunity', 'No_Conversion']",0
L021442,Ahmed Singh,Infin_Tech,Semiconductor,North America,,Sales Outreach,"['Lab_Integration_Discussion', 'PathWave_Trial_Request', 'Loaner_Unit_Evaluation', 'Website_Product_Page', 'Lab_Integration_Discussion', 'PathWave_Trial_Request', 'Opportunity', 'No_Conversion']",0
L021443,Laura Garcia,Tesla Energy,,,5G Testbeds,Sales Outreach,"['Technical_Demo', 'IMS_Badge_Scan', 'Keysight_Workshop_RF_Testing', 'No_Conversion']",0
L021444,Daniel Johnson,,Electronics,APAC,Oscilloscopes,Sales Outreach,"['Keysight_Workshop_RF_Testing', 'DesignCon_Booth_Visit', 'AutoSens_Tech_Talk', 'Application_Engineer_Call', 'Application_Engineer_Call', 'Opportunity', 'SQL', 'Keysight_University_Course', 'No_Conversion']",0
L021445,,Broadcom,,LATAM,,,"['Website_Product_Page', 'MQL', 'DesignCon_Booth_Visit', 'SQL', 'Whitepaper_Download_5G_Test', 'PathWave_Trial_Request', 'Oscilloscope_Selector_Tool', 'Keysight_Workshop_RF_Testing', 'Customer']",1
L021446,Sarah Patel,Bosch_Tech,Telecom,,Oscilloscopes,Event,"['Website_Product_Page', 'Loaner_Unit_Evaluation', 'DesignCon_Booth_Visit', 'Customer']",1
L021447,Ravi Lee,,Automotive,,5G Testbeds,Sales Outreach,"['Website_Product_Page', 'Customer']",1
L021448,Kenji Lee,Qualcomm,Aerospace,North America,Automotive Ethernet,Email Campaign,"['AutoSens_Tech_Talk', 'Opportunity', 'Customer']",1
L021449,Daniel Ito,Tesla_Tech,Aerospace,LATAM,,Webinar,"['PathWave_Trial_Request', 'Application_Engineer_Call', 'No_Conversion']",0
L021450,,,Electronics,LATAM,,Webinar,"['Whitepaper_Download_5G_Test', 'Lab_Integration_Discussion', 'DesignCon_Booth_Visit', 'Application_Engineer_Call', 'Application_Engineer_Call', 'LinkedIn_Ad_Click', 'No_Conversion']",0
L021451,Chen Patel,Qualcomm GmbH,Automotive,Europe,Oscilloscopes,LinkedIn,['Customer'],1
L021452,Ahmed Johnson,,Electronics,APAC,Automotive Ethernet,,"['Loaner_Unit_Evaluation', 'IMS_Badge_Scan', 'Application_Engineer_Call', 'PathWave_Trial_Request', 'Customer']",1
L021453,Sofia Garcia,,Electronics,LATAM,,Sales Outreach,['No_Conversion'],0
L021454,,NXP Semiconductors,,LATAM,5G Testbeds,LinkedIn,"['Loaner_Unit_Evaluation', 'Website_Product_Page', 'No_Conversion']",0
L021455,Sofia Lee,Broad_Tech,,APAC,,Event,"['Website_Product_Page', 'Whitepaper_Download_5G_Test', 'Opportunity', 'Loaner_Unit_Evaluation', 'SQL', 'Keysight_Workshop_RF_Testing', 'Application_Engineer_Call', 'Technical_Demo', 'Customer']",1
L021456,Priya Patel,,Semiconductor,APAC,Automotive Ethernet,Email Campaign,"['LinkedIn_Ad_Click', 'No_Conversion']",0
L021457,Sofia Martinez,Sony GmbH,,Europe,Oscilloscopes,Email Campaign,"['AutoSens_Tech_Talk', 'DesignCon_Booth_Visit', 'DesignCon_Booth_Visit', 'Customer']",1
L021458,Ravi Johnson,Bosch_Tech,,APAC,,,"['Whitepaper_Download_5G_Test', 'Lab_Integration_Discussion', 'Application_Engineer_Call', 'Technical_Demo', 'Customer']",1
L021459,Sarah Patel,Samsung Electronics GmbH,Aerospace,Europe,5G Testbeds,,"['Opportunity', 'Customer']",1
L021460,Priya Martinez,Sony GmbH,Electronics,,PathWave Software,Event,"['SQL', 'Lab_Integration_Discussion', 'DesignCon_Booth_Visit', 'DesignCon_Booth_Visit', 'IMS_Badge_Scan', 'SQL', 'AutoSens_Tech_Talk', 'Customer']",1
L021461,Sarah Martinez,Infineon GmbH,Semiconductor,North America,PathWave Software,Event,"['Keysight_Workshop_RF_Testing', 'Opportunity', 'Loaner_Unit_Evaluation', 'Application_Engineer_Call', 'Keysight_University_Course', 'DesignCon_Booth_Visit', 'AutoSens_Tech_Talk', 'DesignCon_Booth_Visit', 'Customer']",1
L021462,Kenji Tanaka,Raytheon GmbH,Telecom,,Automotive Ethernet,LinkedIn,"['Lab_Integration_Discussion', 'PathWave_Trial_Request', 'No_Conversion']",0
L021463,Laura Tanaka,Bosch,Semiconductor,Europe,Automotive Ethernet,,"['AutoSens_Tech_Talk', 'Oscilloscope_Selector_Tool', 'No_Conversion']",0
L021464,Kenji Chen,Qualc_Tech,Semiconductor,,5G Testbeds,,"['PathWave_Trial_Request', 'Lab_Integration_Discussion', 'PathWave_Trial_Request', 'Lab_Integration_Discussion', 'No_Conversion']",0
L021465,Sarah Patel,,Semiconductor,APAC,PathWave Software,Email Campaign,"['Technical_Demo', 'Keysight_University_Course', 'DesignCon_Booth_Visit', 'PathWave_Trial_Request', 'Technical_Demo', 'Oscilloscope_Selector_Tool', 'No_Conversion']",0
L021466,Sarah Tanaka,,Automotive,,PathWave Software,Website,"['Keysight_University_Course', 'MQL', 'Application_Engineer_Call', 'Technical_Demo', 'Oscilloscope_Selector_Tool', 'Keysight_Workshop_RF_Testing', 'LinkedIn_Ad_Click', 'Loaner_Unit_Evaluation', 'Lab_Integration_Discussion', 'Customer']",1
L021467,Sofia Williams,NXP Semiconductors,Semiconductor,Europe,PathWave Software,Sales Outreach,"['Website_Product_Page', 'Whitepaper_Download_5G_Test', 'AutoSens_Tech_Talk', 'Customer']",1
L021468,Maria Chen,,Electronics,Europe,,Webinar,"['Technical_Demo', 'AutoSens_Tech_Talk', 'Technical_Demo', 'Whitepaper_Download_5G_Test', 'Customer']",1
L021469,Kenji Garcia,Broad_Tech,Electronics,,Oscilloscopes,Website,"['IMS_Badge_Scan', 'DesignCon_Booth_Visit', 'Opportunity', 'SQL', 'Customer']",1
L021470,Sarah Khan,Sony,Telecom,,,LinkedIn,['No_Conversion'],0
L021471,Daniel Williams,Infineon GmbH,Automotive,APAC,,LinkedIn,"['AutoSens_Tech_Talk', 'Website_Product_Page', 'DesignCon_Booth_Visit', 'Keysight_Workshop_RF_Testing', 'Keysight_University_Course', 'Technical_Demo', 'SQL', 'No_Conversion']",0
L021472,Daniel Chen,Sony_Tech,Electronics,LATAM,PathWave Software,Webinar,"['Technical_Demo', 'Keysight_Workshop_RF_Testing', 'Opportunity', 'Loaner_Unit_Evaluation', 'Oscilloscope_Selector_Tool', 'Keysight_Workshop_RF_Testing', 'MQL', 'Keysight_University_Course', 'Customer']",1
L021473,Laura Martinez,Samsung Electronics,Semiconductor,North America,,,"['DesignCon_Booth_Visit', 'DesignCon_Booth_Visit', 'IMS_Badge_Scan', 'IMS_Badge_Scan', 'AutoSens_Tech_Talk', 'MQL', 'Customer']",1
L021474,Michael Garcia,MetaC_Tech,Telecom,Europe,,Webinar,"['LinkedIn_Ad_Click', 'Keysight_Workshop_RF_Testing', 'No_Conversion']",0
L021475,Sofia Khan,Broadcom GmbH,Semiconductor,LATAM,,Webinar,['No_Conversion'],0
L021476,Chen Johnson,Sony_Tech,Semiconductor,APAC,5G Testbeds,Sales Outreach,"['Loaner_Unit_Evaluation', 'Oscilloscope_Selector_Tool', 'Customer']",1
L021477,Ravi Anders,,Telecom,,,,"['DesignCon_Booth_Visit', 'MQL', 'Application_Engineer_Call', 'SQL', 'Keysight_University_Course', 'Technical_Demo', 'IMS_Badge_Scan', 'No_Conversion']",0
L021478,Ravi Williams,,Telecom,Europe,,Website,"['LinkedIn_Ad_Click', 'Loaner_Unit_Evaluation', 'MQL', 'Website_Product_Page', 'No_Conversion']",0
L021479,Kenji Khan,Rayth_Tech,Aerospace,LATAM,,,['No_Conversion'],0
L021480,Chen Martinez,,,LATAM,,Email Campaign,"['DesignCon_Booth_Visit', 'Application_Engineer_Call', 'PathWave_Trial_Request', 'MQL', 'Application_Engineer_Call', 'LinkedIn_Ad_Click', 'No_Conversion']",0
L021481,Ahmed Khan,,,North America,Automotive Ethernet,LinkedIn,"['LinkedIn_Ad_Click', 'Loaner_Unit_Evaluation', 'Oscilloscope_Selector_Tool', 'Customer']",1
L021482,Priya Garcia,Raytheon GmbH,,North America,5G Testbeds,Sales Outreach,['Customer'],1
L021483,Hiroshi Ito,Bosch_Tech,,,5G Testbeds,Website,"['Oscilloscope_Selector_Tool', 'Oscilloscope_Selector_Tool', 'Technical_Demo', 'Keysight_University_Course', 'Oscilloscope_Selector_Tool', 'No_Conversion']",0
L021484,,Broadcom GmbH,Electronics,,5G Testbeds,,"['DesignCon_Booth_Visit', 'No_Conversion']",0
L021485,Ravi Lee,Samsung Electronics GmbH,,North America,Oscilloscopes,LinkedIn,"['PathWave_Trial_Request', 'Keysight_University_Course', 'Keysight_University_Course', 'Application_Engineer_Call', 'Application_Engineer_Call', 'PathWave_Trial_Request', 'Opportunity', 'Application_Engineer_Call', 'Customer']",1
L021486,Michael Williams,Meta Connectivity Labs GmbH,Electronics,LATAM,Automotive Ethernet,LinkedIn,"['Oscilloscope_Selector_Tool', 'PathWave_Trial_Request', 'MQL', 'Keysight_Workshop_RF_Testing', 'AutoSens_Tech_Talk', 'No_Conversion']",0
L021487,Maria Garcia,NXPSe_Tech,Aerospace,North America,Oscilloscopes,,"['Keysight_University_Course', 'SQL', 'Technical_Demo', 'Lab_Integration_Discussion', 'Keysight_University_Course', 'LinkedIn_Ad_Click', 'Customer']",1
L021488,Kenji Lee,Samsung Electronics GmbH,,LATAM,Automotive Ethernet,Webinar,"['SQL', 'MQL', 'LinkedIn_Ad_Click', 'Customer']",1
L021489,Kenji Khan,Infineon GmbH,Semiconductor,APAC,,Sales Outreach,"['Whitepaper_Download_5G_Test', 'Keysight_Workshop_RF_Testing', 'Lab_Integration_Discussion', 'No_Conversion']",0
L021490,,Meta Connectivity Labs,,,Automotive Ethernet,LinkedIn,"['Application_Engineer_Call', 'No_Conversion']",0
L021491,,,,LATAM,5G Testbeds,Sales Outreach,"['Application_Engineer_Call', 'DesignCon_Booth_Visit', 'PathWave_Trial_Request', 'Keysight_Workshop_RF_Testing', 'No_Conversion']",0
L021492,Sarah Singh,,Semiconductor,APAC,Oscilloscopes,Sales Outreach,"['Lab_Integration_Discussion', 'AutoSens_Tech_Talk', 'Loaner_Unit_Evaluation', 'Whitepaper_Download_5G_Test', 'Oscilloscope_Selector_Tool', 'Application_Engineer_Call', 'No_Conversion']",0
L021493,Kenji Ito,Qualcomm,Electronics,Europe,PathWave Software,Website,"['Keysight_University_Course', 'PathWave_Trial_Request', 'Opportunity', 'Customer']",1
L021494,Priya Williams,Meta Connectivity Labs GmbH,Telecom,Europe,,Email Campaign,"['Technical_Demo', 'No_Conversion']",0
L021495,Chen Patel,Infineon,Semiconductor,,5G Testbeds,Website,['Customer'],1
L021496,Sofia Singh,Infineon,Electronics,APAC,,Email Campaign,"['AutoSens_Tech_Talk', 'Customer']",1
L021497,Sarah Tanaka,Samsung Electronics,Electronics,,,Event,"['Opportunity', 'LinkedIn_Ad_Click', 'Whitepaper_Download_5G_Test', 'Keysight_Workshop_RF_Testing', 'Customer']",1
L021498,Chen Ito,,Aerospace,North America,,Email Campaign,"['Website_Product_Page', 'Whitepaper_Download_5G_Test', 'Website_Product_Page', 'Keysight_Workshop_RF_Testing', 'No_Conversion']",0
L021499,Michael Ito,NXP Semiconductors,Electronics,LATAM,PathWave Software,Email Campaign,"['Technical_Demo', 'PathWave_Trial_Request', 'Customer']",1
L021500,Chen Johnson,Meta Connectivity Labs,Semiconductor,LATAM,,Sales Outreach,"['IMS_Badge_Scan', 'PathWave_Trial_Request', 'Oscilloscope_Selector_Tool', 'Whitepaper_Download_5G_Test', 'Opportunity', 'Customer']",1
L021501,Chen Martinez,,,LATAM,PathWave Software,Event,"['Whitepaper_Download_5G_Test', 'DesignCon_Booth_Visit', 'Application_Engineer_Call', 'Customer']",1
L021502,Chen Singh,Samsu_Tech,Semiconductor,,Automotive Ethernet,Sales Outreach,"['DesignCon_Booth_Visit', 'Keysight_Workshop_RF_Testing', 'IMS_Badge_Scan', 'Oscilloscope_Selector_Tool', 'Keysight_Workshop_RF_Testing', 'Whitepaper_Download_5G_Test', 'Technical_Demo', 'Keysight_Workshop_RF_Testing', 'Customer']",1
L021503,Sofia Tanaka,Sony,Automotive,APAC,5G Testbeds,Event,"['Lab_Integration_Discussion', 'Application_Engineer_Call', 'MQL', 'Opportunity', 'DesignCon_Booth_Visit', 'Keysight_University_Course', 'AutoSens_Tech_Talk', 'No_Conversion']",0
L021504,Ravi Singh,Meta Connectivity Labs GmbH,Telecom,North America,PathWave Software,Sales Outreach,"['Opportunity', 'DesignCon_Booth_Visit', 'Customer']",1
L021505,Sarah Tanaka,,Semiconductor,APAC,PathWave Software,Webinar,"['AutoSens_Tech_Talk', 'SQL', 'Oscilloscope_Selector_Tool', 'Website_Product_Page', 'PathWave_Trial_Request', 'Whitepaper_Download_5G_Test', 'DesignCon_Booth_Visit', 'LinkedIn_Ad_Click', 'IMS_Badge_Scan', 'Whitepaper_Download_5G_Test', 'No_Conversion']",0
L021506,Ahmed Khan,Qualc_Tech,Telecom,APAC,Oscilloscopes,Sales Outreach,"['Application_Engineer_Call', 'Application_Engineer_Call', 'Keysight_Workshop_RF_Testing', 'Whitepaper_Download_5G_Test', 'Technical_Demo', 'Lab_Integration_Discussion', 'No_Conversion']",0
L021507,Maria Chen,,Electronics,,PathWave Software,LinkedIn,"['AutoSens_Tech_Talk', 'Customer']",1
L021508,Chen Williams,,Aerospace,Europe,,Email Campaign,"['IMS_Badge_Scan', 'SQL', 'Loaner_Unit_Evaluation', 'No_Conversion']",0
L021509,Michael Khan,,Electronics,North America,,Email Campaign,"['Opportunity', 'LinkedIn_Ad_Click', 'Whitepaper_Download_5G_Test', 'IMS_Badge_Scan', 'No_Conversion']",0
L021510,,Raytheon,Telecom,North America,5G Testbeds,Website,"['Application_Engineer_Call', 'AutoSens_Tech_Talk', 'Whitepaper_Download_5G_Test', 'Opportunity', 'Opportunity', 'No_Conversion']",0
L021511,Sarah Martinez,Broadcom,Telecom,LATAM,,Event,"['MQL', 'Opportunity', 'SQL', 'Oscilloscope_Selector_Tool', 'Customer']",1
L021512,Sarah Tanaka,Qualc_Tech,Aerospace,Europe,Oscilloscopes,LinkedIn,"['LinkedIn_Ad_Click', 'IMS_Badge_Scan', 'Website_Product_Page', 'Application_Engineer_Call', 'IMS_Badge_Scan', 'Lab_Integration_Discussion', 'AutoSens_Tech_Talk', 'Technical_Demo', 'MQL', 'No_Conversion']",0
L021513,,Raytheon GmbH,Telecom,Europe,5G Testbeds,Webinar,"['PathWave_Trial_Request', 'Opportunity', 'Oscilloscope_Selector_Tool', 'Customer']",1
L021514,Ahmed Martinez,Sony GmbH,,Europe,Automotive Ethernet,,"['Loaner_Unit_Evaluation', 'DesignCon_Booth_Visit', 'IMS_Badge_Scan', 'Keysight_Workshop_RF_Testing', 'Whitepaper_Download_5G_Test', 'Technical_Demo', 'IMS_Badge_Scan', 'No_Conversion']",0
L021515,Chen Williams,,,Europe,,Website,['No_Conversion'],0
L021516,Priya Tanaka,Bosch GmbH,,,5G Testbeds,Email Campaign,"['Opportunity', 'Oscilloscope_Selector_Tool', 'IMS_Badge_Scan', 'Lab_Integration_Discussion', 'Technical_Demo', 'Customer']",1
L021517,Michael Martinez,Sony GmbH,,LATAM,PathWave Software,LinkedIn,"['Whitepaper_Download_5G_Test', 'LinkedIn_Ad_Click', 'MQL', 'Keysight_Workshop_RF_Testing', 'No_Conversion']",0
L021518,Ahmed Anders,Rayth_Tech,Automotive,APAC,PathWave Software,Email Campaign,"['Application_Engineer_Call', 'Keysight_University_Course', 'Whitepaper_Download_5G_Test', 'DesignCon_Booth_Visit', 'SQL', 'Keysight_Workshop_RF_Testing', 'PathWave_Trial_Request', 'Whitepaper_Download_5G_Test', 'Customer']",1
L021519,Sofia Patel,NXPSe_Tech,,LATAM,,Webinar,"['Loaner_Unit_Evaluation', 'PathWave_Trial_Request', 'IMS_Badge_Scan', 'Customer']",1
L021520,Maria Johnson,Sony GmbH,,APAC,5G Testbeds,Webinar,"['Keysight_Workshop_RF_Testing', 'DesignCon_Booth_Visit', 'Whitepaper_Download_5G_Test', 'Website_Product_Page', 'Customer']",1
L021521,Priya Tanaka,Meta Connectivity Labs GmbH,Aerospace,LATAM,5G Testbeds,Sales Outreach,"['Application_Engineer_Call', 'Application_Engineer_Call', 'Website_Product_Page', 'LinkedIn_Ad_Click', 'LinkedIn_Ad_Click', 'Customer']",1
L021522,Laura Khan,Infin_Tech,Aerospace,North America,Oscilloscopes,LinkedIn,"['AutoSens_Tech_Talk', 'LinkedIn_Ad_Click', 'No_Conversion']",0
L021523,Maria Chen,,Automotive,Europe,,Website,"['MQL', 'Website_Product_Page', 'DesignCon_Booth_Visit', 'Oscilloscope_Selector_Tool', 'Keysight_Workshop_RF_Testing', 'Website_Product_Page', 'Website_Product_Page', 'No_Conversion']",0
L021524,Kenji Khan,Broadcom,,,Oscilloscopes,Email Campaign,"['IMS_Badge_Scan', 'Customer']",1
L021525,,Samsung Electronics,Electronics,North America,5G Testbeds,LinkedIn,['No_Conversion'],0
L021526,Laura Ito,Bosch GmbH,Semiconductor,,Automotive Ethernet,LinkedIn,"['Application_Engineer_Call', 'Loaner_Unit_Evaluation', 'PathWave_Trial_Request', 'SQL', 'LinkedIn_Ad_Click', 'Website_Product_Page', 'No_Conversion']",0
L021527,Ravi Tanaka,Rayth_Tech,,APAC,Oscilloscopes,Webinar,"['DesignCon_Booth_Visit', 'DesignCon_Booth_Visit', 'PathWave_Trial_Request', 'AutoSens_Tech_Talk', 'Customer']",1
L021528,Sarah Khan,Tesla Energy,Automotive,APAC,Oscilloscopes,Webinar,"['Application_Engineer_Call', 'AutoSens_Tech_Talk', 'PathWave_Trial_Request', 'SQL', 'No_Conversion']",0
L021529,Sarah Chen,Qualcomm GmbH,Telecom,Europe,5G Testbeds,Email Campaign,"['AutoSens_Tech_Talk', 'Loaner_Unit_Evaluation', 'Whitepaper_Download_5G_Test', 'No_Conversion']",0
L021530,Michael Johnson,,Automotive,North America,,Webinar,['No_Conversion'],0
L021531,Sofia Tanaka,Broad_Tech,Aerospace,,,Sales Outreach,"['Application_Engineer_Call', 'Website_Product_Page', 'AutoSens_Tech_Talk', 'Application_Engineer_Call', 'Keysight_Workshop_RF_Testing', 'Keysight_University_Course', 'Customer']",1
L021532,Ravi Ito,Bosch,,Europe,PathWave Software,Event,"['Whitepaper_Download_5G_Test', 'Customer']",1
L021533,Kenji Khan,,Telecom,APAC,PathWave Software,,"['DesignCon_Booth_Visit', 'MQL', 'PathWave_Trial_Request', 'LinkedIn_Ad_Click', 'Keysight_University_Course', 'Technical_Demo', 'Website_Product_Page', 'Customer']",1
L021534,Priya Lee,,Aerospace,North America,,Website,"['MQL', 'Customer']",1
L021535,Maria Johnson,Bosch,,North America,PathWave Software,Email Campaign,"['AutoSens_Tech_Talk', 'LinkedIn_Ad_Click', 'PathWave_Trial_Request', 'Oscilloscope_Selector_Tool', 'No_Conversion']",0
L021536,Ahmed Johnson,Bosch GmbH,,LATAM,PathWave Software,Sales Outreach,"['Loaner_Unit_Evaluation', 'No_Conversion']",0
L021537,Hiroshi Garcia,Sony GmbH,,North America,PathWave Software,Event,"['Lab_Integration_Discussion', 'Application_Engineer_Call', 'Application_Engineer_Call', 'No_Conversion']",0
L021538,Laura Anders,Samsu_Tech,,Europe,,Email Campaign,"['Opportunity', 'Customer']",1
L021539,Michael Khan,,,,PathWave Software,Event,"['MQL', 'Application_Engineer_Call', 'Loaner_Unit_Evaluation', 'Website_Product_Page', 'No_Conversion']",0
L021540,Ahmed Khan,Tesla Energy GmbH,Semiconductor,North America,,Webinar,"['Keysight_University_Course', 'Lab_Integration_Discussion', 'Loaner_Unit_Evaluation', 'Keysight_Workshop_RF_Testing', 'Opportunity', 'DesignCon_Booth_Visit', 'Loaner_Unit_Evaluation', 'LinkedIn_Ad_Click', 'Keysight_University_Course', 'Customer']",1
L021541,Sarah Williams,Raytheon GmbH,,LATAM,,Event,"['MQL', 'DesignCon_Booth_Visit', 'MQL', 'AutoSens_Tech_Talk', 'Opportunity', 'No_Conversion']",0
L021542,Daniel Williams,Sony GmbH,Semiconductor,,,Email Campaign,"['Keysight_Workshop_RF_Testing', 'Lab_Integration_Discussion', 'Website_Product_Page', 'Keysight_Workshop_RF_Testing', 'SQL', 'Application_Engineer_Call', 'Whitepaper_Download_5G_Test', 'LinkedIn_Ad_Click', 'Customer']",1
L021543,Priya Singh,,,,Oscilloscopes,Email Campaign,"['MQL', 'Lab_Integration_Discussion', 'AutoSens_Tech_Talk', 'LinkedIn_Ad_Click', 'No_Conversion']",0
L021544,,Meta Connectivity Labs GmbH,Telecom,LATAM,5G Testbeds,Sales Outreach,"['Whitepaper_Download_5G_Test', 'Technical_Demo', 'PathWave_Trial_Request', 'Loaner_Unit_Evaluation', 'No_Conversion']",0
L021545,Ravi Singh,Tesla Energy,Electronics,North America,,Webinar,"['Keysight_University_Course', 'Whitepaper_Download_5G_Test', 'LinkedIn_Ad_Click', 'Keysight_University_Course', 'LinkedIn_Ad_Click', 'MQL', 'IMS_Badge_Scan', 'No_Conversion']",0
L021546,Chen Williams,,Telecom,APAC,Oscilloscopes,Website,"['Loaner_Unit_Evaluation', 'AutoSens_Tech_Talk', 'AutoSens_Tech_Talk', 'Technical_Demo', 'Oscilloscope_Selector_Tool', 'Oscilloscope_Selector_Tool', 'Opportunity', 'Whitepaper_Download_5G_Test', 'LinkedIn_Ad_Click', 'Lab_Integration_Discussion', 'Customer']",1
L021547,,Bosch,,North America,Automotive Ethernet,Sales Outreach,"['Keysight_University_Course', 'Oscilloscope_Selector_Tool', 'Application_Engineer_Call', 'Customer']",1
L021548,Sarah Garcia,Raytheon GmbH,Electronics,North America,Oscilloscopes,Event,['Customer'],1
L021549,Chen Ito,Meta Connectivity Labs,,North America,Automotive Ethernet,Email Campaign,"['AutoSens_Tech_Talk', 'LinkedIn_Ad_Click', 'Lab_Integration_Discussion', 'SQL', 'DesignCon_Booth_Visit', 'SQL', 'Technical_Demo', 'Application_Engineer_Call', 'No_Conversion']",0
L021550,Daniel Ito,Tesla Energy GmbH,Aerospace,,,Sales Outreach,"['Website_Product_Page', 'LinkedIn_Ad_Click', 'No_Conversion']",0
L021551,Maria Johnson,Bosch GmbH,Aerospace,APAC,5G Testbeds,LinkedIn,"['Application_Engineer_Call', 'Technical_Demo', 'SQL', 'Keysight_University_Course', 'Whitepaper_Download_5G_Test', 'No_Conversion']",0
L021552,Chen Tanaka,Broadcom,,Europe,Oscilloscopes,Website,"['Website_Product_Page', 'Whitepaper_Download_5G_Test', 'Keysight_Workshop_RF_Testing', 'LinkedIn_Ad_Click', 'AutoSens_Tech_Talk', 'AutoSens_Tech_Talk', 'Opportunity', 'Opportunity', 'Customer']",1
L021553,Laura Singh,Rayth_Tech,Automotive,,Automotive Ethernet,Website,"['Oscilloscope_Selector_Tool', 'DesignCon_Booth_Visit', 'Oscilloscope_Selector_Tool', 'Loaner_Unit_Evaluation', 'Opportunity', 'No_Conversion']",0
L021554,Ravi Patel,Bosch,,Europe,Oscilloscopes,Webinar,"['LinkedIn_Ad_Click', 'Website_Product_Page', 'Oscilloscope_Selector_Tool', 'No_Conversion']",0
L021555,Priya Tanaka,Tesla Energy GmbH,Aerospace,Europe,Automotive Ethernet,Email Campaign,"['AutoSens_Tech_Talk', 'Application_Engineer_Call', 'Whitepaper_Download_5G_Test', 'LinkedIn_Ad_Click', 'LinkedIn_Ad_Click', 'Customer']",1
L021556,Sarah Johnson,,Telecom,Europe,Automotive Ethernet,,['Customer'],1
L021557,Michael Johnson,Infineon GmbH,,LATAM,Oscilloscopes,Website,"['Opportunity', 'Technical_Demo', 'IMS_Badge_Scan', 'DesignCon_Booth_Visit', 'IMS_Badge_Scan', 'Website_Product_Page', 'IMS_Badge_Scan', 'Loaner_Unit_Evaluation', 'Customer']",1
L021558,Michael Khan,Qualcomm GmbH,Semiconductor,North America,PathWave Software,,"['Oscilloscope_Selector_Tool', 'AutoSens_Tech_Talk', 'Application_Engineer_Call', 'DesignCon_Booth_Visit', 'SQL', 'Oscilloscope_Selector_Tool', 'Opportunity', 'Keysight_Workshop_RF_Testing', 'Technical_Demo', 'Customer']",1
L021559,Sofia Lee,Tesla Energy,Electronics,LATAM,5G Testbeds,Sales Outreach,"['PathWave_Trial_Request', 'LinkedIn_Ad_Click', 'SQL', 'PathWave_Trial_Request', 'AutoSens_Tech_Talk', 'No_Conversion']",0
L021560,Priya Singh,Rayth_Tech,,Europe,Automotive Ethernet,Event,['No_Conversion'],0
L021561,,Tesla_Tech,,,,,"['Whitepaper_Download_5G_Test', 'SQL', 'Oscilloscope_Selector_Tool', 'SQL', 'Technical_Demo', 'Oscilloscope_Selector_Tool', 'Website_Product_Page', 'Technical_Demo', 'LinkedIn_Ad_Click', 'Whitepaper_Download_5G_Test', 'Customer']",1
L021562,Ravi Chen,Rayth_Tech,Semiconductor,APAC,PathWave Software,Webinar,"['Keysight_Workshop_RF_Testing', 'Technical_Demo', 'DesignCon_Booth_Visit', 'SQL', 'No_Conversion']",0
L021563,Chen Garcia,Infineon,,Europe,Oscilloscopes,Sales Outreach,"['Keysight_Workshop_RF_Testing', 'AutoSens_Tech_Talk', 'Oscilloscope_Selector_Tool', 'No_Conversion']",0
L021564,Michael Johnson,,Telecom,Europe,,Email Campaign,"['AutoSens_Tech_Talk', 'AutoSens_Tech_Talk', 'Customer']",1
L021565,Kenji Anders,Bosch GmbH,Electronics,LATAM,,LinkedIn,"['Whitepaper_Download_5G_Test', 'No_Conversion']",0
L021566,Ravi Anders,Tesla Energy GmbH,Automotive,North America,5G Testbeds,Webinar,"['PathWave_Trial_Request', 'Keysight_Workshop_RF_Testing', 'Keysight_Workshop_RF_Testing', 'Whitepaper_Download_5G_Test', 'No_Conversion']",0
L021567,,Meta Connectivity Labs GmbH,,,5G Testbeds,,"['LinkedIn_Ad_Click', 'Opportunity', 'SQL', 'Keysight_Workshop_RF_Testing', 'Website_Product_Page', 'Application_Engineer_Call', 'PathWave_Trial_Request', 'Opportunity', 'Opportunity', 'MQL', 'Customer']",1
L021568,Kenji Ito,,,APAC,,LinkedIn,"['Technical_Demo', 'MQL', 'DesignCon_Booth_Visit', 'MQL', 'AutoSens_Tech_Talk', 'No_Conversion']",0
L021569,Chen Martinez,Samsung Electronics GmbH,Semiconductor,Europe,5G Testbeds,LinkedIn,"['PathWave_Trial_Request', 'SQL', 'SQL', 'AutoSens_Tech_Talk', 'Website_Product_Page', 'LinkedIn_Ad_Click', 'Keysight_University_Course', 'No_Conversion']",0
L021570,Michael Singh,Tesla Energy,,Europe,PathWave Software,Event,"['SQL', 'Opportunity', 'AutoSens_Tech_Talk', 'DesignCon_Booth_Visit', 'Loaner_Unit_Evaluation', 'MQL', 'DesignCon_Booth_Visit', 'Application_Engineer_Call', 'PathWave_Trial_Request', 'No_Conversion']",0
L021571,Hiroshi Singh,Samsung Electronics,Electronics,LATAM,,Webinar,"['Application_Engineer_Call', 'Loaner_Unit_Evaluation', 'MQL', 'Loaner_Unit_Evaluation', 'No_Conversion']",0
L021572,Maria Tanaka,Qualcomm GmbH,,LATAM,PathWave Software,LinkedIn,"['Technical_Demo', 'Keysight_University_Course', 'Keysight_Workshop_RF_Testing', 'Website_Product_Page', 'Whitepaper_Download_5G_Test', 'Website_Product_Page', 'MQL', 'Whitepaper_Download_5G_Test', 'Keysight_Workshop_RF_Testing', 'Application_Engineer_Call', 'No_Conversion']",0
L021573,Priya Anders,Sony GmbH,Semiconductor,APAC,5G Testbeds,LinkedIn,"['DesignCon_Booth_Visit', 'Technical_Demo', 'IMS_Badge_Scan', 'No_Conversion']",0
L021574,Sofia Martinez,Broad_Tech,Semiconductor,APAC,Oscilloscopes,Webinar,"['LinkedIn_Ad_Click', 'No_Conversion']",0
L021575,Hiroshi Williams,Infineon GmbH,,APAC,5G Testbeds,Email Campaign,"['PathWave_Trial_Request', 'Keysight_University_Course', 'DesignCon_Booth_Visit', 'SQL', 'Oscilloscope_Selector_Tool', 'MQL', 'Website_Product_Page', 'Application_Engineer_Call', 'Application_Engineer_Call', 'Lab_Integration_Discussion', 'No_Conversion']",0
L021576,Maria Tanaka,,Electronics,,PathWave Software,Webinar,"['Oscilloscope_Selector_Tool', 'Keysight_Workshop_RF_Testing', 'Lab_Integration_Discussion', 'Keysight_University_Course', 'Technical_Demo', 'Whitepaper_Download_5G_Test', 'Oscilloscope_Selector_Tool', 'SQL', 'Customer']",1
L021577,Ravi Williams,,Telecom,APAC,PathWave Software,Event,"['Loaner_Unit_Evaluation', 'Lab_Integration_Discussion', 'Opportunity', 'Keysight_University_Course', 'Keysight_University_Course', 'Technical_Demo', 'SQL', 'Customer']",1
L021578,Sarah Patel,NXP Semiconductors,Aerospace,Europe,,,"['IMS_Badge_Scan', 'PathWave_Trial_Request', 'Website_Product_Page', 'SQL', 'PathWave_Trial_Request', 'Lab_Integration_Discussion', 'No_Conversion']",0
L021579,Sofia Khan,Raytheon,Semiconductor,North America,,Email Campaign,"['Opportunity', 'Website_Product_Page', 'Oscilloscope_Selector_Tool', 'Customer']",1
L021580,,,Semiconductor,,,Webinar,"['PathWave_Trial_Request', 'Loaner_Unit_Evaluation', 'PathWave_Trial_Request', 'AutoSens_Tech_Talk', 'Keysight_University_Course', 'AutoSens_Tech_Talk', 'Whitepaper_Download_5G_Test', 'Application_Engineer_Call', 'Opportunity', 'DesignCon_Booth_Visit', 'No_Conversion']",0
L021581,Ravi Khan,,Automotive,LATAM,5G Testbeds,Webinar,"['Loaner_Unit_Evaluation', 'Application_Engineer_Call', 'Whitepaper_Download_5G_Test', 'Oscilloscope_Selector_Tool', 'Application_Engineer_Call', 'No_Conversion']",0
L021582,Maria Garcia,Samsung Electronics GmbH,,Europe,Automotive Ethernet,LinkedIn,"['Website_Product_Page', 'Application_Engineer_Call', 'Keysight_Workshop_RF_Testing', 'DesignCon_Booth_Visit', 'MQL', 'No_Conversion']",0
L021583,Kenji Garcia,Rayth_Tech,Telecom,APAC,,Website,"['Oscilloscope_Selector_Tool', 'SQL', 'Whitepaper_Download_5G_Test', 'No_Conversion']",0
L021584,Ravi Anders,Qualcomm GmbH,Automotive,APAC,Oscilloscopes,Email Campaign,"['Website_Product_Page', 'Application_Engineer_Call', 'Technical_Demo', 'Keysight_University_Course', 'Website_Product_Page', 'Whitepaper_Download_5G_Test', 'LinkedIn_Ad_Click', 'Customer']",1
L021585,Chen Singh,Meta Connectivity Labs GmbH,,APAC,,Event,"['Keysight_University_Course', 'LinkedIn_Ad_Click', 'Keysight_Workshop_RF_Testing', 'Loaner_Unit_Evaluation', 'MQL', 'DesignCon_Booth_Visit', 'SQL', 'Whitepaper_Download_5G_Test', 'No_Conversion']",0
L021586,Priya Garcia,Qualcomm GmbH,,LATAM,Oscilloscopes,Email Campaign,"['DesignCon_Booth_Visit', 'Keysight_Workshop_RF_Testing', 'Technical_Demo', 'Customer']",1
L021587,Chen Khan,Rayth_Tech,,North America,,Event,['No_Conversion'],0
L021588,Sarah Lee,,,LATAM,Automotive Ethernet,Event,"['AutoSens_Tech_Talk', 'SQL', 'Customer']",1
L021589,Ahmed Johnson,,Automotive,APAC,,LinkedIn,['Customer'],1
L021590,Laura Patel,Tesla_Tech,,,PathWave Software,Event,"['AutoSens_Tech_Talk', 'Customer']",1
L021591,Michael Anders,Samsu_Tech,Electronics,APAC,,LinkedIn,"['AutoSens_Tech_Talk', 'Loaner_Unit_Evaluation', 'Keysight_University_Course', 'Oscilloscope_Selector_Tool', 'No_Conversion']",0
L021592,,Samsung Electronics,Automotive,Europe,Oscilloscopes,Event,"['Oscilloscope_Selector_Tool', 'Keysight_University_Course', 'No_Conversion']",0
L021593,Sofia Khan,NXPSe_Tech,Automotive,LATAM,Oscilloscopes,Sales Outreach,"['Lab_Integration_Discussion', 'Customer']",1
L021594,Hiroshi Khan,Infineon,Electronics,APAC,Automotive Ethernet,Webinar,"['SQL', 'MQL', 'Keysight_Workshop_RF_Testing', 'Keysight_University_Course', 'No_Conversion']",0
L021595,Chen Patel,NXP Semiconductors GmbH,Aerospace,,Oscilloscopes,Website,"['IMS_Badge_Scan', 'Application_Engineer_Call', 'Oscilloscope_Selector_Tool', 'Technical_Demo', 'DesignCon_Booth_Visit', 'Keysight_Workshop_RF_Testing', 'SQL', 'No_Conversion']",0
L021596,Sofia Singh,,Automotive,,PathWave Software,Website,"['Keysight_Workshop_RF_Testing', 'Whitepaper_Download_5G_Test', 'Application_Engineer_Call', 'Customer']",1
L021597,Sofia Garcia,Qualc_Tech,,,,LinkedIn,"['Keysight_Workshop_RF_Testing', 'SQL', 'SQL', 'DesignCon_Booth_Visit', 'SQL', 'MQL', 'DesignCon_Booth_Visit', 'No_Conversion']",0
L021598,Ahmed Martinez,,,LATAM,,LinkedIn,"['Lab_Integration_Discussion', 'SQL', 'Customer']",1
L021599,,Tesla_Tech,Semiconductor,,,Event,"['PathWave_Trial_Request', 'SQL', 'SQL', 'Lab_Integration_Discussion', 'IMS_Badge_Scan', 'Keysight_Workshop_RF_Testing', 'Application_Engineer_Call', 'DesignCon_Booth_Visit', 'MQL', 'No_Conversion']",0
L021600,Hiroshi Williams,,Automotive,Europe,,Event,"['AutoSens_Tech_Talk', 'AutoSens_Tech_Talk', 'Website_Product_Page', 'MQL', 'Application_Engineer_Call', 'Keysight_Workshop_RF_Testing', 'No_Conversion']",0
L021601,Michael Tanaka,,Electronics,LATAM,,Webinar,"['IMS_Badge_Scan', 'Customer']",1
L021602,Sarah Tanaka,Broadcom GmbH,Aerospace,,,Sales Outreach,"['DesignCon_Booth_Visit', 'Loaner_Unit_Evaluation', 'PathWave_Trial_Request', 'Opportunity', 'DesignCon_Booth_Visit', 'IMS_Badge_Scan', 'SQL', 'Customer']",1
L021603,Chen Lee,,,Europe,Automotive Ethernet,Event,"['IMS_Badge_Scan', 'Keysight_University_Course', 'Opportunity', 'Application_Engineer_Call', 'LinkedIn_Ad_Click', 'Keysight_University_Course', 'Website_Product_Page', 'Website_Product_Page', 'No_Conversion']",0
L021604,Ahmed Anders,,,North America,Oscilloscopes,LinkedIn,"['Whitepaper_Download_5G_Test', 'Application_Engineer_Call', 'Lab_Integration_Discussion', 'AutoSens_Tech_Talk', 'LinkedIn_Ad_Click', 'No_Conversion']",0
L021605,Priya Ito,Meta Connectivity Labs GmbH,Semiconductor,North America,PathWave Software,Website,"['Lab_Integration_Discussion', 'Keysight_Workshop_RF_Testing', 'PathWave_Trial_Request', 'Keysight_University_Course', 'DesignCon_Booth_Visit', 'Keysight_Workshop_RF_Testing', 'Lab_Integration_Discussion', 'Website_Product_Page', 'LinkedIn_Ad_Click', 'Customer']",1
L021606,Ravi Anders,Meta Connectivity Labs,Aerospace,Europe,5G Testbeds,Sales Outreach,"['MQL', 'SQL', 'No_Conversion']",0
L021607,Michael Chen,Infineon GmbH,Aerospace,LATAM,PathWave Software,Webinar,"['LinkedIn_Ad_Click', 'LinkedIn_Ad_Click', 'Lab_Integration_Discussion', 'Application_Engineer_Call', 'No_Conversion']",0
L021608,Ravi Lee,Sony,Aerospace,APAC,,Webinar,"['PathWave_Trial_Request', 'Website_Product_Page', 'DesignCon_Booth_Visit', 'Technical_Demo', 'No_Conversion']",0
L021609,Sarah Johnson,Samsu_Tech,,,5G Testbeds,Website,"['Opportunity', 'MQL', 'MQL', 'DesignCon_Booth_Visit', 'Customer']",1
L021610,Ravi Chen,Tesla Energy,Automotive,,Oscilloscopes,,"['MQL', 'Whitepaper_Download_5G_Test', 'Keysight_University_Course', 'Whitepaper_Download_5G_Test', 'LinkedIn_Ad_Click', 'Oscilloscope_Selector_Tool', 'MQL', 'Whitepaper_Download_5G_Test', 'Keysight_Workshop_RF_Testing', 'Customer']",1
L021611,Hiroshi Singh,Tesla Energy,,,,Webinar,"['SQL', 'LinkedIn_Ad_Click', 'Website_Product_Page', 'Customer']",1
L021612,Sofia Khan,,Automotive,Europe,,Email Campaign,"['Keysight_University_Course', 'Opportunity', 'Customer']",1
L021613,Sarah Lee,Infin_Tech,Automotive,APAC,Automotive Ethernet,Sales Outreach,"['Application_Engineer_Call', 'Oscilloscope_Selector_Tool', 'MQL', 'IMS_Badge_Scan', 'Loaner_Unit_Evaluation', 'No_Conversion']",0
L021614,Sarah Singh,Meta Connectivity Labs,Telecom,APAC,Automotive Ethernet,,"['Keysight_Workshop_RF_Testing', 'Application_Engineer_Call', 'Opportunity', 'AutoSens_Tech_Talk', 'IMS_Badge_Scan', 'Application_Engineer_Call', 'No_Conversion']",0
L021615,Michael Martinez,,Telecom,North America,Oscilloscopes,Webinar,['No_Conversion'],0
L021616,Sofia Khan,Qualcomm GmbH,Automotive,,PathWave Software,Event,['Customer'],1
L021617,Michael Garcia,Samsu_Tech,,North America,5G Testbeds,Email Campaign,['No_Conversion'],0
L021618,Chen Lee,Meta Connectivity Labs,Telecom,North America,Oscilloscopes,Sales Outreach,"['Oscilloscope_Selector_Tool', 'MQL', 'Technical_Demo', 'Loaner_Unit_Evaluation', 'AutoSens_Tech_Talk', 'Website_Product_Page', 'LinkedIn_Ad_Click', 'Website_Product_Page', 'LinkedIn_Ad_Click', 'No_Conversion']",0
L021619,Maria Lee,Samsung Electronics,,LATAM,5G Testbeds,Event,"['Keysight_Workshop_RF_Testing', 'Website_Product_Page', 'Whitepaper_Download_5G_Test', 'Technical_Demo', 'Customer']",1
L021620,Hiroshi Khan,Bosch,,Europe,Automotive Ethernet,LinkedIn,"['SQL', 'Website_Product_Page', 'LinkedIn_Ad_Click', 'No_Conversion']",0
L021621,Chen Lee,Infin_Tech,Automotive,,5G Testbeds,Website,['Customer'],1
L021622,Laura Tanaka,Samsung Electronics,Semiconductor,APAC,Automotive Ethernet,Email Campaign,"['Oscilloscope_Selector_Tool', 'Whitepaper_Download_5G_Test', 'No_Conversion']",0
L021623,Hiroshi Patel,Infineon GmbH,,APAC,,LinkedIn,"['IMS_Badge_Scan', 'IMS_Badge_Scan', 'Whitepaper_Download_5G_Test', 'Customer']",1
L021624,Laura Williams,,Electronics,North America,,Webinar,['No_Conversion'],0
L021625,Hiroshi Singh,MetaC_Tech,Electronics,Europe,Automotive Ethernet,,"['Application_Engineer_Call', 'MQL', 'Application_Engineer_Call', 'Loaner_Unit_Evaluation', 'PathWave_Trial_Request', 'Keysight_University_Course', 'Customer']",1
L021626,Hiroshi Ito,Qualc_Tech,Automotive,North America,Automotive Ethernet,Website,"['Opportunity', 'Oscilloscope_Selector_Tool', 'DesignCon_Booth_Visit', 'LinkedIn_Ad_Click', 'PathWave_Trial_Request', 'Keysight_University_Course', 'Keysight_Workshop_RF_Testing', 'Keysight_University_Course', 'No_Conversion']",0
L021627,Sofia Khan,Sony GmbH,Semiconductor,North America,Automotive Ethernet,Website,"['IMS_Badge_Scan', 'Customer']",1
L021628,Daniel Chen,Qualc_Tech,Automotive,Europe,PathWave Software,,"['Loaner_Unit_Evaluation', 'LinkedIn_Ad_Click', 'Oscilloscope_Selector_Tool', 'Keysight_University_Course', 'Application_Engineer_Call', 'Keysight_Workshop_RF_Testing', 'Customer']",1
L021629,Maria Anders,Samsu_Tech,Telecom,Europe,Automotive Ethernet,Email Campaign,"['Opportunity', 'AutoSens_Tech_Talk', 'Opportunity', 'Technical_Demo', 'Lab_Integration_Discussion', 'No_Conversion']",0
L021630,Daniel Tanaka,Sony GmbH,Semiconductor,North America,Oscilloscopes,LinkedIn,"['Keysight_University_Course', 'No_Conversion']",0
L021631,Priya Patel,Broadcom,Electronics,,,Webinar,['No_Conversion'],0
L021632,Ravi Patel,Infin_Tech,Electronics,Europe,,LinkedIn,"['LinkedIn_Ad_Click', 'Lab_Integration_Discussion', 'Keysight_University_Course', 'No_Conversion']",0
L021633,Maria Singh,Broadcom GmbH,Telecom,,,,"['SQL', 'Customer']",1
L021634,Chen Martinez,NXPSe_Tech,,,Oscilloscopes,LinkedIn,"['PathWave_Trial_Request', 'SQL', 'SQL', 'No_Conversion']",0
L021635,Sarah Garcia,Tesla_Tech,Automotive,APAC,PathWave Software,LinkedIn,"['LinkedIn_Ad_Click', 'PathWave_Trial_Request', 'Oscilloscope_Selector_Tool', 'Technical_Demo', 'Keysight_University_Course', 'Website_Product_Page', 'MQL', 'Customer']",1
L021636,Michael Martinez,Infineon GmbH,Automotive,North America,,LinkedIn,"['AutoSens_Tech_Talk', 'AutoSens_Tech_Talk', 'Customer']",1
L021637,Priya Lee,Bosch GmbH,Automotive,,,Email Campaign,"['Website_Product_Page', 'No_Conversion']",0
L021638,Sofia Williams,Qualcomm,,Europe,PathWave Software,,"['Whitepaper_Download_5G_Test', 'Lab_Integration_Discussion', 'Oscilloscope_Selector_Tool', 'MQL', 'Customer']",1
L021639,Hiroshi Lee,,Automotive,,,Event,"['DesignCon_Booth_Visit', 'Technical_Demo', 'AutoSens_Tech_Talk', 'PathWave_Trial_Request', 'Opportunity', 'Customer']",1
L021640,Sarah Martinez,,Telecom,,Automotive Ethernet,Sales Outreach,"['Website_Product_Page', 'Keysight_Workshop_RF_Testing', 'LinkedIn_Ad_Click', 'IMS_Badge_Scan', 'Website_Product_Page', 'PathWave_Trial_Request', 'Customer']",1
L021641,Maria Garcia,Qualcomm GmbH,Aerospace,Europe,,Website,['Customer'],1
L021642,Daniel Tanaka,Bosch,Telecom,Europe,Oscilloscopes,,"['Oscilloscope_Selector_Tool', 'Website_Product_Page', 'Opportunity', 'Customer']",1
L021643,Ahmed Johnson,Samsung Electronics,Semiconductor,,Automotive Ethernet,Event,"['Application_Engineer_Call', 'No_Conversion']",0
L021644,Sofia Patel,Broadcom,,,5G Testbeds,Website,['Customer'],1
L021645,Sarah Khan,,Electronics,Europe,,Email Campaign,"['LinkedIn_Ad_Click', 'Keysight_University_Course', 'Oscilloscope_Selector_Tool', 'Loaner_Unit_Evaluation', 'No_Conversion']",0
L021646,Daniel Ito,Meta Connectivity Labs,Aerospace,APAC,,,"['PathWave_Trial_Request', 'Lab_Integration_Discussion', 'Keysight_University_Course', 'No_Conversion']",0
L021647,Kenji Singh,,Electronics,,PathWave Software,,"['Keysight_Workshop_RF_Testing', 'Keysight_Workshop_RF_Testing', 'SQL', 'SQL', 'No_Conversion']",0
L021648,Maria Tanaka,Rayth_Tech,Electronics,LATAM,,,"['Technical_Demo', 'AutoSens_Tech_Talk', 'MQL', 'Whitepaper_Download_5G_Test', 'Loaner_Unit_Evaluation', 'IMS_Badge_Scan', 'No_Conversion']",0
L021649,Chen Tanaka,Broadcom,Automotive,,PathWave Software,LinkedIn,"['Whitepaper_Download_5G_Test', 'Oscilloscope_Selector_Tool', 'Keysight_University_Course', 'Customer']",1
L021650,Maria Tanaka,Tesla Energy,Automotive,North America,5G Testbeds,Webinar,"['MQL', 'Application_Engineer_Call', 'No_Conversion']",0
L021651,Priya Tanaka,Raytheon,Aerospace,,,Website,"['Lab_Integration_Discussion', 'DesignCon_Booth_Visit', 'Application_Engineer_Call', 'Customer']",1
L021652,Priya Anders,,,North America,,Website,['Customer'],1
L021653,Sofia Johnson,,Aerospace,Europe,Automotive Ethernet,Webinar,"['Lab_Integration_Discussion', 'Whitepaper_Download_5G_Test', 'IMS_Badge_Scan', 'Website_Product_Page', 'Lab_Integration_Discussion', 'Oscilloscope_Selector_Tool', 'PathWave_Trial_Request', 'Website_Product_Page', 'Keysight_University_Course', 'No_Conversion']",0
L021654,,Samsung Electronics GmbH,Automotive,North America,Oscilloscopes,Email Campaign,"['Keysight_University_Course', 'Keysight_Workshop_RF_Testing', 'Keysight_University_Course', 'SQL', 'No_Conversion']",0
L021655,Chen Tanaka,Bosch_Tech,,APAC,,Event,"['Lab_Integration_Discussion', 'Keysight_University_Course', 'Website_Product_Page', 'Whitepaper_Download_5G_Test', 'LinkedIn_Ad_Click', 'Oscilloscope_Selector_Tool', 'Loaner_Unit_Evaluation', 'Keysight_University_Course', 'Keysight_Workshop_RF_Testing', 'Application_Engineer_Call', 'No_Conversion']",0
L021656,Chen Patel,Broadcom,Aerospace,Europe,Oscilloscopes,Event,"['Application_Engineer_Call', 'Lab_Integration_Discussion', 'Technical_Demo', 'SQL', 'Whitepaper_Download_5G_Test', 'Customer']",1
L021657,Maria Lee,,Aerospace,LATAM,,Email Campaign,"['Technical_Demo', 'Oscilloscope_Selector_Tool', 'Application_Engineer_Call', 'Application_Engineer_Call', 'LinkedIn_Ad_Click', 'Oscilloscope_Selector_Tool', 'No_Conversion']",0
L021658,Priya Martinez,Rayth_Tech,,LATAM,,Email Campaign,"['Website_Product_Page', 'SQL', 'Customer']",1
L021659,,Meta Connectivity Labs,Aerospace,North America,Oscilloscopes,Website,['Customer'],1
L021660,,Infineon,,,PathWave Software,Email Campaign,"['PathWave_Trial_Request', 'Keysight_Workshop_RF_Testing', 'PathWave_Trial_Request', 'Opportunity', 'Website_Product_Page', 'AutoSens_Tech_Talk', 'SQL', 'Customer']",1
L021661,Sofia Garcia,Broadcom GmbH,,LATAM,PathWave Software,Email Campaign,"['AutoSens_Tech_Talk', 'DesignCon_Booth_Visit', 'AutoSens_Tech_Talk', 'MQL', 'DesignCon_Booth_Visit', 'Opportunity', 'Customer']",1
L021662,Hiroshi Martinez,Broad_Tech,Electronics,North America,,,"['PathWave_Trial_Request', 'IMS_Badge_Scan', 'MQL', 'Keysight_University_Course', 'No_Conversion']",0
L021663,,NXPSe_Tech,Semiconductor,North America,Automotive Ethernet,LinkedIn,"['Oscilloscope_Selector_Tool', 'SQL', 'Oscilloscope_Selector_Tool', 'No_Conversion']",0
L021664,Chen Anders,,Telecom,APAC,,Event,"['Keysight_University_Course', 'LinkedIn_Ad_Click', 'Technical_Demo', 'Opportunity', 'No_Conversion']",0
L021665,Hiroshi Khan,Sony,Aerospace,,,Website,"['Whitepaper_Download_5G_Test', 'MQL', 'Loaner_Unit_Evaluation', 'PathWave_Trial_Request', 'DesignCon_Booth_Visit', 'Application_Engineer_Call', 'No_Conversion']",0
L021666,Sofia Johnson,Samsu_Tech,,LATAM,Automotive Ethernet,Website,"['SQL', 'LinkedIn_Ad_Click', 'Loaner_Unit_Evaluation', 'MQL', 'Keysight_University_Course', 'Website_Product_Page', 'DesignCon_Booth_Visit', 'MQL', 'Customer']",1
L021667,Michael Martinez,Bosch_Tech,Aerospace,,Oscilloscopes,Email Campaign,"['DesignCon_Booth_Visit', 'Technical_Demo', 'Application_Engineer_Call', 'Application_Engineer_Call', 'No_Conversion']",0
L021668,Sofia Patel,Infineon,Electronics,Europe,5G Testbeds,,"['PathWave_Trial_Request', 'PathWave_Trial_Request', 'Technical_Demo', 'PathWave_Trial_Request', 'PathWave_Trial_Request', 'AutoSens_Tech_Talk', 'DesignCon_Booth_Visit', 'IMS_Badge_Scan', 'Customer']",1
L021669,Hiroshi Martinez,Rayth_Tech,Semiconductor,North America,5G Testbeds,Website,"['AutoSens_Tech_Talk', 'Oscilloscope_Selector_Tool', 'PathWave_Trial_Request', 'Customer']",1
L021670,Ravi Williams,Sony,Electronics,Europe,Automotive Ethernet,Sales Outreach,"['Loaner_Unit_Evaluation', 'Oscilloscope_Selector_Tool', 'No_Conversion']",0
L021671,Ravi Singh,Sony_Tech,Aerospace,North America,Oscilloscopes,Sales Outreach,"['LinkedIn_Ad_Click', 'No_Conversion']",0
L021672,Michael Chen,Sony,Automotive,,Oscilloscopes,Event,"['Keysight_University_Course', 'No_Conversion']",0
L021673,Maria Martinez,Broad_Tech,Electronics,APAC,5G Testbeds,Event,"['Oscilloscope_Selector_Tool', 'Loaner_Unit_Evaluation', 'PathWave_Trial_Request', 'SQL', 'SQL', 'Customer']",1
L021674,Sofia Singh,,,,PathWave Software,Webinar,"['Keysight_University_Course', 'Opportunity', 'DesignCon_Booth_Visit', 'Customer']",1
L021675,Ahmed Patel,Bosch_Tech,Electronics,LATAM,Oscilloscopes,LinkedIn,"['LinkedIn_Ad_Click', 'Technical_Demo', 'Whitepaper_Download_5G_Test', 'No_Conversion']",0
L021676,Hiroshi Khan,,Automotive,LATAM,5G Testbeds,Webinar,"['SQL', 'PathWave_Trial_Request', 'Opportunity', 'Whitepaper_Download_5G_Test', 'Customer']",1
L021677,Maria Garcia,Tesla Energy GmbH,,North America,5G Testbeds,,"['Technical_Demo', 'Application_Engineer_Call', 'SQL', 'PathWave_Trial_Request', 'Technical_Demo', 'LinkedIn_Ad_Click', 'IMS_Badge_Scan', 'DesignCon_Booth_Visit', 'Oscilloscope_Selector_Tool', 'Whitepaper_Download_5G_Test', 'Customer']",1
L021678,Laura Garcia,,Aerospace,North America,Oscilloscopes,LinkedIn,"['SQL', 'MQL', 'AutoSens_Tech_Talk', 'Oscilloscope_Selector_Tool', 'Website_Product_Page', 'AutoSens_Tech_Talk', 'MQL', 'Website_Product_Page', 'LinkedIn_Ad_Click', 'Customer']",1
L021679,Ravi Patel,,,,Automotive Ethernet,Sales Outreach,"['Loaner_Unit_Evaluation', 'MQL', 'DesignCon_Booth_Visit', 'Customer']",1
L021680,Ahmed Tanaka,,Aerospace,Europe,Automotive Ethernet,Email Campaign,"['Lab_Integration_Discussion', 'Loaner_Unit_Evaluation', 'Whitepaper_Download_5G_Test', 'Lab_Integration_Discussion', 'Customer']",1
L021681,Sarah Tanaka,Sony,Electronics,APAC,PathWave Software,Website,['Customer'],1
L021682,Maria Khan,Tesla Energy,Aerospace,Europe,,Event,"['AutoSens_Tech_Talk', 'Website_Product_Page', 'No_Conversion']",0
L021683,Maria Tanaka,Qualcomm GmbH,Aerospace,Europe,PathWave Software,,"['Technical_Demo', 'PathWave_Trial_Request', 'Opportunity', 'MQL', 'IMS_Badge_Scan', 'Whitepaper_Download_5G_Test', 'Oscilloscope_Selector_Tool', 'Opportunity', 'Oscilloscope_Selector_Tool', 'AutoSens_Tech_Talk', 'No_Conversion']",0
L021684,Ahmed Garcia,Qualcomm GmbH,Automotive,Europe,Oscilloscopes,Email Campaign,"['Keysight_University_Course', 'Keysight_Workshop_RF_Testing', 'PathWave_Trial_Request', 'PathWave_Trial_Request', 'Keysight_University_Course', 'Website_Product_Page', 'Customer']",1
L021685,Kenji Williams,Infineon GmbH,Electronics,Europe,,Website,"['Keysight_University_Course', 'Technical_Demo', 'Website_Product_Page', 'No_Conversion']",0
L021686,Maria Tanaka,,Electronics,Europe,PathWave Software,Website,"['Whitepaper_Download_5G_Test', 'Technical_Demo', 'Lab_Integration_Discussion', 'IMS_Badge_Scan', 'AutoSens_Tech_Talk', 'LinkedIn_Ad_Click', 'Lab_Integration_Discussion', 'IMS_Badge_Scan', 'No_Conversion']",0
L021687,Priya Anders,Qualc_Tech,,North America,,Website,"['MQL', 'SQL', 'Lab_Integration_Discussion', 'Whitepaper_Download_5G_Test', 'No_Conversion']",0
L021688,Ahmed Johnson,Meta Connectivity Labs GmbH,Automotive,,PathWave Software,Email Campaign,"['Technical_Demo', 'Keysight_University_Course', 'Whitepaper_Download_5G_Test', 'No_Conversion']",0
L021689,Chen Ito,,Aerospace,APAC,PathWave Software,LinkedIn,['Customer'],1
L021690,Ahmed Martinez,Tesla Energy GmbH,Electronics,North America,PathWave Software,,"['Opportunity', 'Lab_Integration_Discussion', 'IMS_Badge_Scan', 'Customer']",1
L021691,Ravi Lee,Sony,Electronics,LATAM,PathWave Software,Email Campaign,"['Keysight_University_Course', 'AutoSens_Tech_Talk', 'Customer']",1
L021692,Sofia Garcia,Qualc_Tech,,APAC,PathWave Software,Website,"['Application_Engineer_Call', 'AutoSens_Tech_Talk', 'SQL', 'Application_Engineer_Call', 'Keysight_Workshop_RF_Testing', 'Whitepaper_Download_5G_Test', 'SQL', 'Application_Engineer_Call', 'No_Conversion']",0
L021693,,,,,,Event,"['PathWave_Trial_Request', 'Loaner_Unit_Evaluation', 'DesignCon_Booth_Visit', 'Loaner_Unit_Evaluation', 'IMS_Badge_Scan', 'Lab_Integration_Discussion', 'MQL', 'Website_Product_Page', 'Customer']",1
L021694,Kenji Tanaka,,Semiconductor,North America,,,"['DesignCon_Booth_Visit', 'Customer']",1
L021695,Ravi Williams,Bosch,Aerospace,,,Email Campaign,['No_Conversion'],0
L021696,Maria Tanaka,,Telecom,,5G Testbeds,Webinar,"['Oscilloscope_Selector_Tool', 'Application_Engineer_Call', 'Opportunity', 'AutoSens_Tech_Talk', 'Customer']",1
L021697,Ravi Anders,Raytheon GmbH,,APAC,,,"['Loaner_Unit_Evaluation', 'Website_Product_Page', 'Customer']",1
L021698,Sarah Anders,Bosch,,,Automotive Ethernet,Website,"['SQL', 'IMS_Badge_Scan', 'Loaner_Unit_Evaluation', 'Application_Engineer_Call', 'Opportunity', 'Loaner_Unit_Evaluation', 'MQL', 'PathWave_Trial_Request', 'Customer']",1
L021699,Hiroshi Williams,,Aerospace,North America,PathWave Software,Event,['No_Conversion'],0
L021700,Sofia Lee,,Semiconductor,North America,,LinkedIn,"['SQL', 'Opportunity', 'Opportunity', 'Lab_Integration_Discussion', 'No_Conversion']",0
L021701,Laura Lee,,Semiconductor,Europe,PathWave Software,Website,"['Loaner_Unit_Evaluation', 'DesignCon_Booth_Visit', 'Loaner_Unit_Evaluation', 'Keysight_Workshop_RF_Testing', 'No_Conversion']",0
L021702,Daniel Tanaka,Bosch_Tech,,,5G Testbeds,LinkedIn,"['Keysight_University_Course', 'Keysight_Workshop_RF_Testing', 'PathWave_Trial_Request', 'SQL', 'Opportunity', 'Application_Engineer_Call', 'DesignCon_Booth_Visit', 'Technical_Demo', 'Oscilloscope_Selector_Tool', 'Customer']",1
L021703,Hiroshi Williams,Infin_Tech,,APAC,Oscilloscopes,Sales Outreach,['Customer'],1
L021704,Ahmed Tanaka,Qualc_Tech,,APAC,5G Testbeds,Webinar,"['Website_Product_Page', 'Loaner_Unit_Evaluation', 'Application_Engineer_Call', 'Customer']",1
L021705,Maria Williams,Infin_Tech,,LATAM,5G Testbeds,Sales Outreach,"['Opportunity', 'Loaner_Unit_Evaluation', 'IMS_Badge_Scan', 'AutoSens_Tech_Talk', 'Customer']",1
L021706,Maria Johnson,Broad_Tech,Automotive,North America,,Webinar,"['Whitepaper_Download_5G_Test', 'Lab_Integration_Discussion', 'Keysight_University_Course', 'Whitepaper_Download_5G_Test', 'No_Conversion']",0
L021707,Ravi Singh,Infineon,Automotive,,5G Testbeds,Event,"['IMS_Badge_Scan', 'IMS_Badge_Scan', 'Website_Product_Page', 'DesignCon_Booth_Visit', 'DesignCon_Booth_Visit', 'AutoSens_Tech_Talk', 'Website_Product_Page', 'IMS_Badge_Scan', 'AutoSens_Tech_Talk', 'No_Conversion']",0
L021708,Kenji Ito,Broad_Tech,Electronics,APAC,5G Testbeds,Email Campaign,"['Website_Product_Page', 'Oscilloscope_Selector_Tool', 'Technical_Demo', 'Oscilloscope_Selector_Tool', 'Customer']",1
L021709,Kenji Singh,,,North America,,Email Campaign,"['SQL', 'Keysight_Workshop_RF_Testing', 'Lab_Integration_Discussion', 'AutoSens_Tech_Talk', 'MQL', 'Customer']",1
L021710,Chen Singh,,Electronics,North America,,Webinar,"['Technical_Demo', 'Technical_Demo', 'PathWave_Trial_Request', 'IMS_Badge_Scan', 'Lab_Integration_Discussion', 'Whitepaper_Download_5G_Test', 'Customer']",1
L021711,,,Automotive,Europe,,Webinar,"['Opportunity', 'Whitepaper_Download_5G_Test', 'MQL', 'Website_Product_Page', 'DesignCon_Booth_Visit', 'Customer']",1
L021712,Michael Singh,,Telecom,LATAM,,Event,"['Keysight_Workshop_RF_Testing', 'Keysight_Workshop_RF_Testing', 'MQL', 'No_Conversion']",0
L021713,Kenji Anders,Samsu_Tech,Semiconductor,APAC,5G Testbeds,Email Campaign,"['Keysight_Workshop_RF_Testing', 'Customer']",1
L021714,Laura Johnson,Samsu_Tech,,APAC,Automotive Ethernet,Webinar,"['PathWave_Trial_Request', 'Technical_Demo', 'AutoSens_Tech_Talk', 'No_Conversion']",0
L021715,Kenji Ito,Broad_Tech,Aerospace,LATAM,,Website,"['DesignCon_Booth_Visit', 'IMS_Badge_Scan', 'AutoSens_Tech_Talk', 'Lab_Integration_Discussion', 'Keysight_Workshop_RF_Testing', 'No_Conversion']",0
L021716,Laura Anders,NXP Semiconductors GmbH,,LATAM,Oscilloscopes,Website,"['MQL', 'Lab_Integration_Discussion', 'Loaner_Unit_Evaluation', 'Customer']",1
L021717,Maria Johnson,,Semiconductor,North America,Automotive Ethernet,Sales Outreach,['No_Conversion'],0
L021718,Michael Ito,,Semiconductor,Europe,,Website,"['Keysight_University_Course', 'Lab_Integration_Discussion', 'IMS_Badge_Scan', 'Oscilloscope_Selector_Tool', 'Loaner_Unit_Evaluation', 'Keysight_Workshop_RF_Testing', 'MQL', 'Customer']",1
L021719,Laura Johnson,Bosch GmbH,Semiconductor,LATAM,Automotive Ethernet,Email Campaign,"['IMS_Badge_Scan', 'AutoSens_Tech_Talk', 'Customer']",1
L021720,Sofia Martinez,Infineon GmbH,,,5G Testbeds,Webinar,"['Keysight_Workshop_RF_Testing', 'Technical_Demo', 'Whitepaper_Download_5G_Test', 'Application_Engineer_Call', 'PathWave_Trial_Request', 'No_Conversion']",0
L021721,Chen Patel,,Telecom,APAC,Automotive Ethernet,Webinar,['Customer'],1
L021722,Daniel Khan,,,,Oscilloscopes,Sales Outreach,"['Website_Product_Page', 'Opportunity', 'Customer']",1
L021723,Ahmed Ito,Infineon,,North America,,,"['Whitepaper_Download_5G_Test', 'MQL', 'AutoSens_Tech_Talk', 'Whitepaper_Download_5G_Test', 'MQL', 'Oscilloscope_Selector_Tool', 'No_Conversion']",0
L021724,Ravi Ito,Infineon GmbH,Electronics,LATAM,Oscilloscopes,Event,"['Lab_Integration_Discussion', 'IMS_Badge_Scan', 'Oscilloscope_Selector_Tool', 'MQL', 'Customer']",1
L021725,,Sony GmbH,Telecom,,,Webinar,"['Lab_Integration_Discussion', 'MQL', 'Website_Product_Page', 'Opportunity', 'Customer']",1
L021726,Michael Khan,Bosch,,APAC,Automotive Ethernet,Website,"['LinkedIn_Ad_Click', 'PathWave_Trial_Request', 'DesignCon_Booth_Visit', 'Opportunity', 'Website_Product_Page', 'Whitepaper_Download_5G_Test', 'Opportunity', 'Loaner_Unit_Evaluation', 'DesignCon_Booth_Visit', 'Keysight_Workshop_RF_Testing', 'No_Conversion']",0
L021727,Ahmed Chen,MetaC_Tech,Semiconductor,Europe,,,"['Whitepaper_Download_5G_Test', 'Technical_Demo', 'Application_Engineer_Call', 'Oscilloscope_Selector_Tool', 'Application_Engineer_Call', 'No_Conversion']",0
L021728,Ravi Williams,Bosch GmbH,Aerospace,,,,"['SQL', 'MQL', 'Oscilloscope_Selector_Tool', 'Customer']",1
L021729,,,Automotive,Europe,Automotive Ethernet,LinkedIn,['Customer'],1
L021730,Daniel Chen,NXPSe_Tech,,APAC,Automotive Ethernet,Website,"['PathWave_Trial_Request', 'Application_Engineer_Call', 'PathWave_Trial_Request', 'IMS_Badge_Scan', 'PathWave_Trial_Request', 'Technical_Demo', 'Keysight_University_Course', 'Customer']",1
L021731,Sofia Khan,Samsu_Tech,Aerospace,,Oscilloscopes,Email Campaign,"['Lab_Integration_Discussion', 'Customer']",1
L021732,Laura Martinez,,Telecom,North America,Automotive Ethernet,Event,['Customer'],1
L021733,Sarah Lee,Broadcom,Electronics,Europe,,,"['IMS_Badge_Scan', 'AutoSens_Tech_Talk', 'Customer']",1
L021734,Hiroshi Lee,Infin_Tech,Electronics,APAC,PathWave Software,LinkedIn,"['MQL', 'AutoSens_Tech_Talk', 'Website_Product_Page', 'AutoSens_Tech_Talk', 'No_Conversion']",0
L021735,Maria Williams,,,Europe,,Sales Outreach,"['SQL', 'IMS_Badge_Scan', 'Keysight_University_Course', 'PathWave_Trial_Request', 'MQL', 'Customer']",1
L021736,Kenji Anders,,Electronics,North America,Automotive Ethernet,Website,"['Application_Engineer_Call', 'PathWave_Trial_Request', 'Application_Engineer_Call', 'Keysight_Workshop_RF_Testing', 'Keysight_University_Course', 'DesignCon_Booth_Visit', 'SQL', 'SQL', 'Customer']",1
L021737,,Bosch_Tech,Telecom,APAC,Automotive Ethernet,Website,"['SQL', 'Opportunity', 'Technical_Demo', 'Lab_Integration_Discussion', 'Application_Engineer_Call', 'SQL', 'No_Conversion']",0
L021738,Daniel Lee,Bosch GmbH,Telecom,,Oscilloscopes,Website,"['Technical_Demo', 'SQL', 'No_Conversion']",0
L021739,Ahmed Ito,,Electronics,LATAM,,Email Campaign,"['Keysight_University_Course', 'Technical_Demo', 'AutoSens_Tech_Talk', 'Opportunity', 'Customer']",1
L021740,Sofia Ito,Samsung Electronics GmbH,Electronics,,Oscilloscopes,Webinar,"['DesignCon_Booth_Visit', 'Technical_Demo', 'IMS_Badge_Scan', 'PathWave_Trial_Request', 'DesignCon_Booth_Visit', 'Loaner_Unit_Evaluation', 'SQL', 'Opportunity', 'Website_Product_Page', 'No_Conversion']",0
L021741,Ravi Singh,Infineon,Semiconductor,Europe,Automotive Ethernet,Webinar,"['Loaner_Unit_Evaluation', 'Lab_Integration_Discussion', 'SQL', 'AutoSens_Tech_Talk', 'Customer']",1
L021742,Chen Chen,Qualcomm,Electronics,,Automotive Ethernet,Email Campaign,"['Technical_Demo', 'MQL', 'SQL', 'No_Conversion']",0
L021743,Maria Patel,Samsung Electronics,Aerospace,North America,,LinkedIn,"['Keysight_University_Course', 'Application_Engineer_Call', 'PathWave_Trial_Request', 'IMS_Badge_Scan', 'Customer']",1
L021744,Daniel Martinez,Infin_Tech,Automotive,APAC,5G Testbeds,Event,"['Loaner_Unit_Evaluation', 'Customer']",1
L021745,Ravi Martinez,Infineon GmbH,,Europe,Oscilloscopes,Webinar,"['SQL', 'Website_Product_Page', 'AutoSens_Tech_Talk', 'Customer']",1
L021746,Ahmed Johnson,Qualcomm GmbH,Telecom,APAC,Automotive Ethernet,,"['LinkedIn_Ad_Click', 'Customer']",1
L021747,Hiroshi Patel,Sony_Tech,Automotive,Europe,PathWave Software,Webinar,"['AutoSens_Tech_Talk', 'Customer']",1
L021748,Michael Garcia,,,,,Sales Outreach,"['Website_Product_Page', 'LinkedIn_Ad_Click', 'SQL', 'Customer']",1
L021749,Daniel Anders,,Automotive,Europe,5G Testbeds,Email Campaign,"['Technical_Demo', 'Keysight_University_Course', 'Loaner_Unit_Evaluation', 'LinkedIn_Ad_Click', 'No_Conversion']",0
L021750,Priya Martinez,Broad_Tech,,North America,5G Testbeds,Website,"['Technical_Demo', 'Oscilloscope_Selector_Tool', 'Keysight_Workshop_RF_Testing', 'PathWave_Trial_Request', 'Lab_Integration_Discussion', 'Customer']",1
L021751,Sarah Martinez,Infin_Tech,Electronics,North America,PathWave Software,Email Campaign,"['MQL', 'PathWave_Trial_Request', 'Keysight_University_Course', 'MQL', 'Website_Product_Page', 'Application_Engineer_Call', 'Keysight_University_Course', 'Website_Product_Page', 'Whitepaper_Download_5G_Test', 'PathWave_Trial_Request', 'No_Conversion']",0
L021752,Michael Ito,Samsung Electronics GmbH,,,Automotive Ethernet,Webinar,"['Oscilloscope_Selector_Tool', 'Technical_Demo', 'PathWave_Trial_Request', 'Customer']",1
L021753,,Sony,Electronics,North America,PathWave Software,Website,"['AutoSens_Tech_Talk', 'Lab_Integration_Discussion', 'PathWave_Trial_Request', 'Oscilloscope_Selector_Tool', 'SQL', 'DesignCon_Booth_Visit', 'No_Conversion']",0
L021754,Laura Johnson,,,North America,,LinkedIn,"['PathWave_Trial_Request', 'Customer']",1
L021755,Ravi Williams,Bosch_Tech,Telecom,LATAM,Oscilloscopes,Webinar,['Customer'],1
L021756,Sofia Williams,Raytheon,Telecom,,,Email Campaign,"['Whitepaper_Download_5G_Test', 'Technical_Demo', 'Lab_Integration_Discussion', 'Opportunity', 'No_Conversion']",0
L021757,Michael Chen,Samsung Electronics,Aerospace,,PathWave Software,Sales Outreach,"['IMS_Badge_Scan', 'Customer']",1
L021758,Laura Chen,Tesla_Tech,,LATAM,5G Testbeds,Event,"['SQL', 'Keysight_Workshop_RF_Testing', 'LinkedIn_Ad_Click', 'No_Conversion']",0
L021759,Michael Ito,MetaC_Tech,Electronics,APAC,,Website,"['PathWave_Trial_Request', 'Keysight_Workshop_RF_Testing', 'DesignCon_Booth_Visit', 'Application_Engineer_Call', 'Technical_Demo', 'Lab_Integration_Discussion', 'Customer']",1
L021760,Chen Martinez,Rayth_Tech,Automotive,Europe,5G Testbeds,,"['Opportunity', 'AutoSens_Tech_Talk', 'PathWave_Trial_Request', 'Application_Engineer_Call', 'No_Conversion']",0
L021761,Michael Patel,Bosch,,Europe,Oscilloscopes,LinkedIn,"['Whitepaper_Download_5G_Test', 'AutoSens_Tech_Talk', 'Keysight_University_Course', 'No_Conversion']",0
L021762,Sofia Martinez,,,,5G Testbeds,Event,"['Whitepaper_Download_5G_Test', 'Technical_Demo', 'PathWave_Trial_Request', 'Opportunity', 'Customer']",1
L021763,Ahmed Chen,Qualc_Tech,Electronics,,,,"['AutoSens_Tech_Talk', 'Website_Product_Page', 'Loaner_Unit_Evaluation', 'DesignCon_Booth_Visit', 'PathWave_Trial_Request', 'LinkedIn_Ad_Click', 'LinkedIn_Ad_Click', 'IMS_Badge_Scan', 'Customer']",1
L021764,Michael Singh,Tesla_Tech,,APAC,PathWave Software,LinkedIn,"['Opportunity', 'IMS_Badge_Scan', 'Oscilloscope_Selector_Tool', 'MQL', 'Lab_Integration_Discussion', 'Loaner_Unit_Evaluation', 'No_Conversion']",0
L021765,Michael Khan,Infin_Tech,Automotive,,,Event,"['PathWave_Trial_Request', 'Lab_Integration_Discussion', 'Lab_Integration_Discussion', 'Loaner_Unit_Evaluation', 'PathWave_Trial_Request', 'Oscilloscope_Selector_Tool', 'No_Conversion']",0
L021766,Sarah Ito,,Telecom,North America,,,"['DesignCon_Booth_Visit', 'Website_Product_Page', 'Whitepaper_Download_5G_Test', 'Whitepaper_Download_5G_Test', 'PathWave_Trial_Request', 'PathWave_Trial_Request', 'No_Conversion']",0
L021767,Daniel Ito,Tesla Energy,Electronics,North America,,LinkedIn,['Customer'],1
L021768,Sofia Williams,,Electronics,APAC,Automotive Ethernet,Event,['No_Conversion'],0
L021769,Michael Singh,Tesla_Tech,Telecom,LATAM,5G Testbeds,Email Campaign,"['Keysight_Workshop_RF_Testing', 'Keysight_University_Course', 'IMS_Badge_Scan', 'Customer']",1
L021770,Maria Williams,Samsu_Tech,Semiconductor,,5G Testbeds,LinkedIn,"['MQL', 'Oscilloscope_Selector_Tool', 'Keysight_University_Course', 'IMS_Badge_Scan', 'MQL', 'DesignCon_Booth_Visit', 'Application_Engineer_Call', 'Customer']",1
L021771,Sarah Johnson,,,North America,,Email Campaign,"['Keysight_University_Course', 'Whitepaper_Download_5G_Test', 'Keysight_University_Course', 'No_Conversion']",0
L021772,Ahmed Khan,Infineon GmbH,Automotive,LATAM,Oscilloscopes,Website,"['AutoSens_Tech_Talk', 'Whitepaper_Download_5G_Test', 'Technical_Demo', 'Technical_Demo', 'No_Conversion']",0
L021773,Ravi Ito,Meta Connectivity Labs GmbH,Semiconductor,APAC,,,"['Oscilloscope_Selector_Tool', 'Loaner_Unit_Evaluation', 'MQL', 'Keysight_Workshop_RF_Testing', 'Lab_Integration_Discussion', 'Keysight_Workshop_RF_Testing', 'IMS_Badge_Scan', 'Customer']",1
L021774,Sarah Singh,MetaC_Tech,,North America,,Webinar,"['Opportunity', 'Oscilloscope_Selector_Tool', 'Oscilloscope_Selector_Tool', 'No_Conversion']",0
L021775,Michael Singh,Rayth_Tech,Automotive,LATAM,,Webinar,"['Website_Product_Page', 'Website_Product_Page', 'DesignCon_Booth_Visit', 'Keysight_University_Course', 'DesignCon_Booth_Visit', 'Customer']",1
L021776,Michael Patel,Rayth_Tech,Aerospace,LATAM,5G Testbeds,Email Campaign,"['AutoSens_Tech_Talk', 'Technical_Demo', 'Technical_Demo', 'AutoSens_Tech_Talk', 'Lab_Integration_Discussion', 'Keysight_Workshop_RF_Testing', 'PathWave_Trial_Request', 'Opportunity', 'Oscilloscope_Selector_Tool', 'Customer']",1
L021777,Kenji Tanaka,Broadcom GmbH,Electronics,APAC,,Event,"['SQL', 'IMS_Badge_Scan', 'SQL', 'PathWave_Trial_Request', 'MQL', 'Customer']",1
L021778,Ahmed Williams,,Electronics,LATAM,PathWave Software,Email Campaign,"['SQL', 'Keysight_Workshop_RF_Testing', 'Lab_Integration_Discussion', 'Keysight_Workshop_RF_Testing', 'Keysight_Workshop_RF_Testing', 'Technical_Demo', 'Customer']",1
L021779,Sarah Anders,Bosch GmbH,,,Automotive Ethernet,LinkedIn,"['Keysight_University_Course', 'Application_Engineer_Call', 'PathWave_Trial_Request', 'Whitepaper_Download_5G_Test', 'Application_Engineer_Call', 'Customer']",1
L021780,Sarah Ito,Meta Connectivity Labs GmbH,Telecom,LATAM,Oscilloscopes,Sales Outreach,"['LinkedIn_Ad_Click', 'Loaner_Unit_Evaluation', 'Technical_Demo', 'No_Conversion']",0
L021781,Daniel Singh,MetaC_Tech,Semiconductor,LATAM,,Event,"['Oscilloscope_Selector_Tool', 'Oscilloscope_Selector_Tool', 'Keysight_University_Course', 'Oscilloscope_Selector_Tool', 'Application_Engineer_Call', 'Application_Engineer_Call', 'AutoSens_Tech_Talk', 'Customer']",1
L021782,Kenji Patel,NXPSe_Tech,Aerospace,LATAM,Automotive Ethernet,Email Campaign,"['Oscilloscope_Selector_Tool', 'Loaner_Unit_Evaluation', 'MQL', 'Customer']",1
L021783,Chen Martinez,MetaC_Tech,,APAC,Oscilloscopes,Website,"['Opportunity', 'IMS_Badge_Scan', 'MQL', 'No_Conversion']",0
L021784,,,Automotive,APAC,Oscilloscopes,Website,"['MQL', 'Loaner_Unit_Evaluation', 'IMS_Badge_Scan', 'Website_Product_Page', 'Whitepaper_Download_5G_Test', 'Customer']",1
L021785,Chen Patel,Samsung Electronics,Aerospace,,,LinkedIn,"['Application_Engineer_Call', 'Keysight_University_Course', 'IMS_Badge_Scan', 'Application_Engineer_Call', 'Website_Product_Page', 'No_Conversion']",0
L021786,,Infineon,,LATAM,Oscilloscopes,LinkedIn,"['SQL', 'Lab_Integration_Discussion', 'Oscilloscope_Selector_Tool', 'No_Conversion']",0
L021787,Sarah Ito,Tesla_Tech,,LATAM,5G Testbeds,,['Customer'],1
L021788,Hiroshi Lee,Qualc_Tech,Automotive,,Automotive Ethernet,Event,['No_Conversion'],0
L021789,Michael Lee,Sony GmbH,Aerospace,,,Sales Outreach,"['Oscilloscope_Selector_Tool', 'Whitepaper_Download_5G_Test', 'IMS_Badge_Scan', 'No_Conversion']",0
L021790,Maria Chen,,Automotive,North America,PathWave Software,LinkedIn,"['Loaner_Unit_Evaluation', 'Whitepaper_Download_5G_Test', 'Website_Product_Page', 'No_Conversion']",0
L021791,Daniel Johnson,,Automotive,LATAM,Oscilloscopes,,"['Technical_Demo', 'Keysight_University_Course', 'DesignCon_Booth_Visit', 'DesignCon_Booth_Visit', 'Technical_Demo', 'Keysight_Workshop_RF_Testing', 'Whitepaper_Download_5G_Test', 'No_Conversion']",0
L021792,Daniel Patel,,,APAC,Oscilloscopes,Webinar,"['Whitepaper_Download_5G_Test', 'DesignCon_Booth_Visit', 'Opportunity', 'IMS_Badge_Scan', 'Customer']",1
L021793,,Tesla Energy GmbH,,,,Event,"['LinkedIn_Ad_Click', 'Customer']",1
L021794,Hiroshi Tanaka,Sony_Tech,,APAC,Oscilloscopes,Webinar,"['Opportunity', 'AutoSens_Tech_Talk', 'Whitepaper_Download_5G_Test', 'Website_Product_Page', 'SQL', 'Application_Engineer_Call', 'Customer']",1
L021795,Sofia Chen,Bosch,Semiconductor,,,,"['LinkedIn_Ad_Click', 'Loaner_Unit_Evaluation', 'Technical_Demo', 'LinkedIn_Ad_Click', 'Application_Engineer_Call', 'Lab_Integration_Discussion', 'Customer']",1
L021796,Daniel Tanaka,Tesla Energy,Electronics,Europe,Automotive Ethernet,Website,"['Application_Engineer_Call', 'Keysight_Workshop_RF_Testing', 'Keysight_University_Course', 'PathWave_Trial_Request', 'Application_Engineer_Call', 'LinkedIn_Ad_Click', 'LinkedIn_Ad_Click', 'Customer']",1
L021797,Kenji Chen,Bosch_Tech,,LATAM,PathWave Software,Sales Outreach,"['Technical_Demo', 'IMS_Badge_Scan', 'Oscilloscope_Selector_Tool', 'Customer']",1
L021798,,NXP Semiconductors,Electronics,,,Event,"['Technical_Demo', 'LinkedIn_Ad_Click', 'LinkedIn_Ad_Click', 'SQL', 'Keysight_Workshop_RF_Testing', 'Website_Product_Page', 'Technical_Demo', 'AutoSens_Tech_Talk', 'Keysight_Workshop_RF_Testing', 'AutoSens_Tech_Talk', 'Customer']",1
L021799,,Tesla Energy GmbH,Telecom,North America,Automotive Ethernet,Event,"['Keysight_Workshop_RF_Testing', 'MQL', 'Whitepaper_Download_5G_Test', 'Lab_Integration_Discussion', 'Application_Engineer_Call', 'No_Conversion']",0
L021800,,MetaC_Tech,Semiconductor,Europe,Automotive Ethernet,Webinar,"['PathWave_Trial_Request', 'No_Conversion']",0
L021801,,Samsung Electronics GmbH,Electronics,,,Sales Outreach,"['DesignCon_Booth_Visit', 'Oscilloscope_Selector_Tool', 'Website_Product_Page', 'LinkedIn_Ad_Click', 'No_Conversion']",0
L021802,Chen Anders,Qualc_Tech,Telecom,APAC,5G Testbeds,Website,"['Whitepaper_Download_5G_Test', 'Keysight_Workshop_RF_Testing', 'Loaner_Unit_Evaluation', 'Keysight_Workshop_RF_Testing', 'Website_Product_Page', 'Loaner_Unit_Evaluation', 'MQL', 'PathWave_Trial_Request', 'No_Conversion']",0
L021803,Kenji Lee,,,APAC,,Email Campaign,"['Loaner_Unit_Evaluation', 'IMS_Badge_Scan', 'DesignCon_Booth_Visit', 'MQL', 'Lab_Integration_Discussion', 'Opportunity', 'Lab_Integration_Discussion', 'Website_Product_Page', 'Customer']",1
L021804,Sofia Singh,Bosch_Tech,Semiconductor,LATAM,Oscilloscopes,Webinar,"['Loaner_Unit_Evaluation', 'Keysight_Workshop_RF_Testing', 'DesignCon_Booth_Visit', 'Keysight_University_Course', 'Oscilloscope_Selector_Tool', 'Technical_Demo', 'Keysight_University_Course', 'Opportunity', 'Oscilloscope_Selector_Tool', 'DesignCon_Booth_Visit', 'No_Conversion']",0
L021805,Laura Lee,Raytheon GmbH,Telecom,LATAM,Oscilloscopes,Event,"['Application_Engineer_Call', 'PathWave_Trial_Request', 'Oscilloscope_Selector_Tool', 'PathWave_Trial_Request', 'MQL', 'LinkedIn_Ad_Click', 'Website_Product_Page', 'Customer']",1
L021806,Hiroshi Khan,Raytheon GmbH,,APAC,PathWave Software,,"['SQL', 'DesignCon_Booth_Visit', 'IMS_Badge_Scan', 'Customer']",1
L021807,,Sony_Tech,Semiconductor,LATAM,,LinkedIn,"['Whitepaper_Download_5G_Test', 'Whitepaper_Download_5G_Test', 'DesignCon_Booth_Visit', 'Loaner_Unit_Evaluation', 'No_Conversion']",0
L021808,Hiroshi Johnson,Meta Connectivity Labs GmbH,Telecom,LATAM,PathWave Software,,"['Loaner_Unit_Evaluation', 'Whitepaper_Download_5G_Test', 'Whitepaper_Download_5G_Test', 'No_Conversion']",0
L021809,,Qualcomm GmbH,,,,LinkedIn,"['Opportunity', 'IMS_Badge_Scan', 'SQL', 'AutoSens_Tech_Talk', 'PathWave_Trial_Request', 'No_Conversion']",0
L021810,Ravi Singh,Samsung Electronics,Semiconductor,Europe,5G Testbeds,Website,"['Application_Engineer_Call', 'Technical_Demo', 'MQL', 'Keysight_University_Course', 'Keysight_Workshop_RF_Testing', 'AutoSens_Tech_Talk', 'Website_Product_Page', 'Technical_Demo', 'DesignCon_Booth_Visit', 'Customer']",1
L021811,Kenji Ito,Meta Connectivity Labs GmbH,Automotive,North America,Oscilloscopes,Event,"['DesignCon_Booth_Visit', 'Website_Product_Page', 'No_Conversion']",0
L021812,Laura Khan,Raytheon,Automotive,APAC,Oscilloscopes,Website,"['Application_Engineer_Call', 'Customer']",1
L021813,Maria Garcia,Sony,Telecom,,,Event,"['Opportunity', 'LinkedIn_Ad_Click', 'SQL', 'No_Conversion']",0
L021814,Sarah Ito,,,Europe,,Email Campaign,"['Keysight_University_Course', 'DesignCon_Booth_Visit', 'MQL', 'MQL', 'Lab_Integration_Discussion', 'Lab_Integration_Discussion', 'No_Conversion']",0
L021815,Priya Lee,Qualcomm,Electronics,North America,Oscilloscopes,Email Campaign,"['MQL', 'Website_Product_Page', 'Keysight_University_Course', 'Keysight_Workshop_RF_Testing', 'Technical_Demo', 'Keysight_University_Course', 'Loaner_Unit_Evaluation', 'Website_Product_Page', 'Loaner_Unit_Evaluation', 'No_Conversion']",0
L021816,Priya Singh,Meta Connectivity Labs,Automotive,North America,5G Testbeds,,"['MQL', 'Opportunity', 'IMS_Badge_Scan', 'Lab_Integration_Discussion', 'Whitepaper_Download_5G_Test', 'Technical_Demo', 'Keysight_Workshop_RF_Testing', 'No_Conversion']",0
L021817,Priya Williams,Infineon GmbH,Aerospace,,Oscilloscopes,Website,"['PathWave_Trial_Request', 'SQL', 'AutoSens_Tech_Talk', 'LinkedIn_Ad_Click', 'SQL', 'Oscilloscope_Selector_Tool', 'Technical_Demo', 'No_Conversion']",0
L021818,Michael Martinez,Infineon GmbH,,Europe,5G Testbeds,Website,"['Opportunity', 'Oscilloscope_Selector_Tool', 'Opportunity', 'Lab_Integration_Discussion', 'Technical_Demo', 'Lab_Integration_Discussion', 'MQL', 'PathWave_Trial_Request', 'Customer']",1
L021819,Kenji Williams,Samsu_Tech,Aerospace,APAC,,,['No_Conversion'],0
L021820,Sofia Khan,Tesla Energy,,,5G Testbeds,Webinar,"['MQL', 'Lab_Integration_Discussion', 'Whitepaper_Download_5G_Test', 'Opportunity', 'Keysight_Workshop_RF_Testing', 'Opportunity', 'No_Conversion']",0
L021821,Maria Singh,Sony GmbH,Telecom,APAC,PathWave Software,Website,"['MQL', 'MQL', 'Keysight_University_Course', 'AutoSens_Tech_Talk', 'SQL', 'No_Conversion']",0
L021822,Sofia Martinez,Qualc_Tech,Telecom,North America,,,"['Oscilloscope_Selector_Tool', 'SQL', 'Loaner_Unit_Evaluation', 'No_Conversion']",0
L021823,Daniel Patel,Broadcom,Telecom,,Oscilloscopes,Webinar,['Customer'],1
L021824,Priya Chen,Samsung Electronics GmbH,Automotive,LATAM,Oscilloscopes,Website,"['SQL', 'LinkedIn_Ad_Click', 'PathWave_Trial_Request', 'Customer']",1
L021825,Kenji Khan,Qualcomm,Telecom,APAC,,Event,"['Opportunity', 'LinkedIn_Ad_Click', 'PathWave_Trial_Request', 'Website_Product_Page', 'Oscilloscope_Selector_Tool', 'Customer']",1
L021826,Michael Johnson,Bosch_Tech,Aerospace,APAC,5G Testbeds,Webinar,"['SQL', 'Whitepaper_Download_5G_Test', 'Application_Engineer_Call', 'MQL', 'Lab_Integration_Discussion', 'LinkedIn_Ad_Click', 'Customer']",1
L021827,Sofia Martinez,Qualcomm GmbH,Telecom,,,Webinar,"['Website_Product_Page', 'No_Conversion']",0
L021828,Laura Ito,,Electronics,APAC,PathWave Software,Event,"['IMS_Badge_Scan', 'DesignCon_Booth_Visit', 'LinkedIn_Ad_Click', 'DesignCon_Booth_Visit', 'AutoSens_Tech_Talk', 'No_Conversion']",0
L021829,Maria Singh,Sony GmbH,Aerospace,Europe,,,"['Keysight_University_Course', 'Opportunity', 'Oscilloscope_Selector_Tool', 'Loaner_Unit_Evaluation', 'MQL', 'Website_Product_Page', 'No_Conversion']",0
L021830,Priya Chen,NXP Semiconductors GmbH,Electronics,Europe,Automotive Ethernet,Webinar,"['PathWave_Trial_Request', 'Lab_Integration_Discussion', 'IMS_Badge_Scan', 'Opportunity', 'SQL', 'Technical_Demo', 'Oscilloscope_Selector_Tool', 'Loaner_Unit_Evaluation', 'Application_Engineer_Call', 'No_Conversion']",0
L021831,Maria Patel,Samsung Electronics GmbH,Automotive,North America,Automotive Ethernet,Webinar,"['Keysight_University_Course', 'AutoSens_Tech_Talk', 'DesignCon_Booth_Visit', 'Whitepaper_Download_5G_Test', 'IMS_Badge_Scan', 'SQL', 'Application_Engineer_Call', 'No_Conversion']",0
L021832,Ahmed Anders,Qualc_Tech,,Europe,Oscilloscopes,Webinar,"['SQL', 'Whitepaper_Download_5G_Test', 'AutoSens_Tech_Talk', 'No_Conversion']",0
L021833,Kenji Williams,Samsung Electronics,Telecom,LATAM,,Email Campaign,"['Loaner_Unit_Evaluation', 'Keysight_Workshop_RF_Testing', 'Customer']",1
L021834,Sarah Tanaka,Tesla Energy GmbH,,,Automotive Ethernet,,"['LinkedIn_Ad_Click', 'No_Conversion']",0
L021835,Michael Patel,NXPSe_Tech,Aerospace,Europe,Oscilloscopes,Webinar,"['Website_Product_Page', 'Keysight_Workshop_RF_Testing', 'Keysight_University_Course', 'Technical_Demo', 'Keysight_Workshop_RF_Testing', 'Whitepaper_Download_5G_Test', 'No_Conversion']",0
L021836,Priya Khan,Qualcomm,Semiconductor,,PathWave Software,LinkedIn,"['Keysight_Workshop_RF_Testing', 'Keysight_University_Course', 'Keysight_University_Course', 'LinkedIn_Ad_Click', 'Keysight_University_Course', 'MQL', 'Whitepaper_Download_5G_Test', 'Opportunity', 'Keysight_University_Course', 'MQL', 'No_Conversion']",0
L021837,,,Aerospace,North America,PathWave Software,Event,"['Loaner_Unit_Evaluation', 'Whitepaper_Download_5G_Test', 'Whitepaper_Download_5G_Test', 'Opportunity', 'Oscilloscope_Selector_Tool', 'LinkedIn_Ad_Click', 'No_Conversion']",0
L021838,Michael Ito,Tesla_Tech,Aerospace,,5G Testbeds,LinkedIn,"['LinkedIn_Ad_Click', 'Oscilloscope_Selector_Tool', 'Oscilloscope_Selector_Tool', 'No_Conversion']",0
L021839,Priya Williams,,Automotive,LATAM,PathWave Software,Email Campaign,"['LinkedIn_Ad_Click', 'Technical_Demo', 'IMS_Badge_Scan', 'Loaner_Unit_Evaluation', 'Lab_Integration_Discussion', 'Oscilloscope_Selector_Tool', 'AutoSens_Tech_Talk', 'No_Conversion']",0
L021840,Sofia Johnson,Raytheon GmbH,,APAC,,Webinar,"['Keysight_Workshop_RF_Testing', 'Customer']",1
L021841,Michael Williams,Tesla_Tech,Semiconductor,,Automotive Ethernet,Webinar,"['Opportunity', 'SQL', 'Keysight_University_Course', 'Opportunity', 'PathWave_Trial_Request', 'MQL', 'Loaner_Unit_Evaluation', 'Website_Product_Page', 'Customer']",1
L021842,Chen Williams,Tesla Energy GmbH,Aerospace,Europe,,,"['Keysight_University_Course', 'Whitepaper_Download_5G_Test', 'PathWave_Trial_Request', 'Keysight_Workshop_RF_Testing', 'Website_Product_Page', 'Loaner_Unit_Evaluation', 'MQL', 'DesignCon_Booth_Visit', 'Customer']",1
L021843,Sofia Khan,,,APAC,5G Testbeds,Event,"['SQL', 'SQL', 'IMS_Badge_Scan', 'IMS_Badge_Scan', 'Application_Engineer_Call', 'Customer']",1
L021844,Michael Patel,Sony GmbH,,LATAM,,Website,"['Lab_Integration_Discussion', 'Whitepaper_Download_5G_Test', 'LinkedIn_Ad_Click', 'Technical_Demo', 'Opportunity', 'SQL', 'MQL', 'Customer']",1
L021845,Hiroshi Martinez,,Automotive,North America,Automotive Ethernet,Email Campaign,"['Keysight_Workshop_RF_Testing', 'IMS_Badge_Scan', 'AutoSens_Tech_Talk', 'Whitepaper_Download_5G_Test', 'Opportunity', 'Technical_Demo', 'Technical_Demo', 'PathWave_Trial_Request', 'Customer']",1
L021846,Priya Johnson,Sony_Tech,Automotive,LATAM,5G Testbeds,Website,"['DesignCon_Booth_Visit', 'Opportunity', 'Lab_Integration_Discussion', 'Website_Product_Page', 'Website_Product_Page', 'Oscilloscope_Selector_Tool', 'PathWave_Trial_Request', 'DesignCon_Booth_Visit', 'Oscilloscope_Selector_Tool', 'DesignCon_Booth_Visit', 'Customer']",1
L021847,Kenji Garcia,Samsung Electronics,Semiconductor,,5G Testbeds,Sales Outreach,['Customer'],1
L021848,Kenji Anders,Sony,Telecom,North America,,,"['AutoSens_Tech_Talk', 'IMS_Badge_Scan', 'Application_Engineer_Call', 'No_Conversion']",0
L021849,Hiroshi Tanaka,NXP Semiconductors GmbH,Aerospace,,5G Testbeds,Webinar,"['Application_Engineer_Call', 'Customer']",1
L021850,Priya Johnson,Broad_Tech,,Europe,PathWave Software,Website,"['DesignCon_Booth_Visit', 'PathWave_Trial_Request', 'Website_Product_Page', 'Technical_Demo', 'Application_Engineer_Call', 'No_Conversion']",0
L021851,Daniel Khan,Bosch,Aerospace,APAC,,,"['Loaner_Unit_Evaluation', 'Opportunity', 'Lab_Integration_Discussion', 'Technical_Demo', 'PathWave_Trial_Request', 'IMS_Badge_Scan', 'Technical_Demo', 'SQL', 'Opportunity', 'No_Conversion']",0
L021852,Ahmed Chen,Sony GmbH,Aerospace,LATAM,PathWave Software,Email Campaign,['No_Conversion'],0
L021853,Daniel Williams,NXP Semiconductors GmbH,Telecom,APAC,,Webinar,['Customer'],1
L021854,Kenji Khan,Samsung Electronics,Semiconductor,LATAM,,Email Campaign,"['Oscilloscope_Selector_Tool', 'Opportunity', 'Loaner_Unit_Evaluation', 'Keysight_Workshop_RF_Testing', 'Customer']",1
L021855,Ahmed Garcia,,,North America,5G Testbeds,LinkedIn,['No_Conversion'],0
L021856,Sofia Johnson,Raytheon GmbH,Electronics,APAC,,Email Campaign,"['MQL', 'No_Conversion']",0
L021857,Sofia Anders,Bosch,,North America,,Sales Outreach,"['Application_Engineer_Call', 'Customer']",1
L021858,Michael Singh,,,,Automotive Ethernet,LinkedIn,"['PathWave_Trial_Request', 'IMS_Badge_Scan', 'LinkedIn_Ad_Click', 'SQL', 'No_Conversion']",0
L021859,Sofia Khan,Qualc_Tech,,North America,Oscilloscopes,Sales Outreach,"['AutoSens_Tech_Talk', 'AutoSens_Tech_Talk', 'Whitepaper_Download_5G_Test', 'Customer']",1
L021860,Laura Chen,Raytheon GmbH,Aerospace,LATAM,PathWave Software,Email Campaign,"['Website_Product_Page', 'No_Conversion']",0
L021861,,Tesla Energy GmbH,,North America,,Webinar,"['IMS_Badge_Scan', 'Keysight_University_Course', 'Whitepaper_Download_5G_Test', 'IMS_Badge_Scan', 'SQL', 'Lab_Integration_Discussion', 'No_Conversion']",0
L021862,Chen Ito,Meta Connectivity Labs GmbH,Automotive,,Automotive Ethernet,Webinar,"['Technical_Demo', 'DesignCon_Booth_Visit', 'Lab_Integration_Discussion', 'DesignCon_Booth_Visit', 'No_Conversion']",0
L021863,Sofia Lee,Rayth_Tech,Aerospace,,5G Testbeds,LinkedIn,"['IMS_Badge_Scan', 'Customer']",1
L021864,Hiroshi Tanaka,Tesla Energy GmbH,Electronics,LATAM,Oscilloscopes,Event,"['Website_Product_Page', 'PathWave_Trial_Request', 'AutoSens_Tech_Talk', 'Keysight_Workshop_RF_Testing', 'Opportunity', 'Customer']",1
L021865,Priya Martinez,Meta Connectivity Labs,Semiconductor,North America,Automotive Ethernet,Email Campaign,"['Oscilloscope_Selector_Tool', 'MQL', 'IMS_Badge_Scan', 'Lab_Integration_Discussion', 'Technical_Demo', 'Keysight_University_Course', 'MQL', 'Website_Product_Page', 'IMS_Badge_Scan', 'Whitepaper_Download_5G_Test', 'No_Conversion']",0
L021866,Sofia Johnson,NXP Semiconductors,Automotive,APAC,Automotive Ethernet,Event,['No_Conversion'],0
L021867,Laura Martinez,Sony_Tech,,LATAM,Automotive Ethernet,Email Campaign,"['Keysight_University_Course', 'Keysight_University_Course', 'Application_Engineer_Call', 'Oscilloscope_Selector_Tool', 'LinkedIn_Ad_Click', 'IMS_Badge_Scan', 'SQL', 'Oscilloscope_Selector_Tool', 'Website_Product_Page', 'No_Conversion']",0
L021868,Priya Khan,Samsung Electronics GmbH,Aerospace,North America,PathWave Software,LinkedIn,"['Technical_Demo', 'Whitepaper_Download_5G_Test', 'Opportunity', 'Website_Product_Page', 'Whitepaper_Download_5G_Test', 'Oscilloscope_Selector_Tool', 'Customer']",1
L021869,Sofia Khan,Broad_Tech,Semiconductor,North America,,Email Campaign,"['Application_Engineer_Call', 'AutoSens_Tech_Talk', 'Application_Engineer_Call', 'SQL', 'No_Conversion']",0
L021870,Priya Khan,Infin_Tech,Semiconductor,North America,,Event,['Customer'],1
L021871,Michael Williams,Tesla_Tech,Electronics,Europe,,Sales Outreach,"['IMS_Badge_Scan', 'Oscilloscope_Selector_Tool', 'Website_Product_Page', 'IMS_Badge_Scan', 'LinkedIn_Ad_Click', 'PathWave_Trial_Request', 'Customer']",1
L021872,Kenji Williams,Samsung Electronics GmbH,Electronics,,PathWave Software,Webinar,"['Website_Product_Page', 'Customer']",1
L021873,Daniel Johnson,Samsung Electronics,,LATAM,Oscilloscopes,Sales Outreach,"['LinkedIn_Ad_Click', 'PathWave_Trial_Request', 'Lab_Integration_Discussion', 'Customer']",1
L021874,Ahmed Garcia,Broadcom GmbH,,LATAM,Automotive Ethernet,Email Campaign,"['Whitepaper_Download_5G_Test', 'Oscilloscope_Selector_Tool', 'No_Conversion']",0
L021875,Kenji Tanaka,,,Europe,Oscilloscopes,Sales Outreach,"['Keysight_Workshop_RF_Testing', 'AutoSens_Tech_Talk', 'SQL', 'Opportunity', 'Opportunity', 'Keysight_University_Course', 'Whitepaper_Download_5G_Test', 'Customer']",1
L021876,Ahmed Khan,,Telecom,Europe,,LinkedIn,"['PathWave_Trial_Request', 'Opportunity', 'Technical_Demo', 'Whitepaper_Download_5G_Test', 'Customer']",1
L021877,Chen Anders,Tesla Energy,,APAC,Automotive Ethernet,Webinar,"['Technical_Demo', 'IMS_Badge_Scan', 'Keysight_University_Course', 'Oscilloscope_Selector_Tool', 'Lab_Integration_Discussion', 'No_Conversion']",0
L021878,Chen Singh,Qualcomm,Automotive,,5G Testbeds,Website,"['MQL', 'Website_Product_Page', 'SQL', 'Loaner_Unit_Evaluation', 'Customer']",1
L021879,Ravi Patel,NXPSe_Tech,Telecom,LATAM,Oscilloscopes,Website,"['Keysight_Workshop_RF_Testing', 'Keysight_Workshop_RF_Testing', 'Keysight_University_Course', 'PathWave_Trial_Request', 'No_Conversion']",0
L021880,Kenji Singh,Rayth_Tech,Electronics,,Oscilloscopes,LinkedIn,"['Opportunity', 'Lab_Integration_Discussion', 'SQL', 'No_Conversion']",0
L021881,,NXPSe_Tech,Electronics,Europe,5G Testbeds,Webinar,"['Keysight_University_Course', 'DesignCon_Booth_Visit', 'Technical_Demo', 'Keysight_University_Course', 'Website_Product_Page', 'DesignCon_Booth_Visit', 'No_Conversion']",0
L021882,Sofia Williams,Broadcom GmbH,Telecom,LATAM,5G Testbeds,Email Campaign,"['Lab_Integration_Discussion', 'IMS_Badge_Scan', 'Lab_Integration_Discussion', 'Lab_Integration_Discussion', 'Customer']",1
L021883,Sofia Johnson,Infineon GmbH,Electronics,North America,,LinkedIn,"['Lab_Integration_Discussion', 'MQL', 'Lab_Integration_Discussion', 'LinkedIn_Ad_Click', 'Whitepaper_Download_5G_Test', 'No_Conversion']",0
L021884,Kenji Johnson,Rayth_Tech,Aerospace,North America,Automotive Ethernet,LinkedIn,"['AutoSens_Tech_Talk', 'LinkedIn_Ad_Click', 'AutoSens_Tech_Talk', 'Website_Product_Page', 'Lab_Integration_Discussion', 'Application_Engineer_Call', 'PathWave_Trial_Request', 'Customer']",1
L021885,Daniel Garcia,,Semiconductor,Europe,PathWave Software,Website,"['Keysight_Workshop_RF_Testing', 'Lab_Integration_Discussion', 'Website_Product_Page', 'Lab_Integration_Discussion', 'Website_Product_Page', 'Technical_Demo', 'Keysight_University_Course', 'LinkedIn_Ad_Click', 'Customer']",1
L021886,,Infin_Tech,,,5G Testbeds,LinkedIn,"['Lab_Integration_Discussion', 'Keysight_Workshop_RF_Testing', 'Website_Product_Page', 'Lab_Integration_Discussion', 'MQL', 'Application_Engineer_Call', 'No_Conversion']",0
L021887,,Sony_Tech,,APAC,,Email Campaign,['No_Conversion'],0
L021888,Ahmed Ito,,Semiconductor,North America,,Website,"['Opportunity', 'Oscilloscope_Selector_Tool', 'Opportunity', 'Lab_Integration_Discussion', 'No_Conversion']",0
L021889,Sofia Patel,Tesla Energy GmbH,Electronics,North America,,Email Campaign,['No_Conversion'],0
L021890,Priya Johnson,NXP Semiconductors,Aerospace,Europe,,Website,"['IMS_Badge_Scan', 'AutoSens_Tech_Talk', 'Keysight_Workshop_RF_Testing', 'Application_Engineer_Call', 'No_Conversion']",0
L021891,Hiroshi Ito,Broadcom,,,PathWave Software,Website,"['IMS_Badge_Scan', 'No_Conversion']",0
L021892,,Broad_Tech,Telecom,North America,Automotive Ethernet,Sales Outreach,"['DesignCon_Booth_Visit', 'Whitepaper_Download_5G_Test', 'Application_Engineer_Call', 'Whitepaper_Download_5G_Test', 'No_Conversion']",0
L021893,Sofia Ito,Qualcomm GmbH,Automotive,,PathWave Software,Sales Outreach,"['Lab_Integration_Discussion', 'Website_Product_Page', 'IMS_Badge_Scan', 'Opportunity', 'Loaner_Unit_Evaluation', 'Website_Product_Page', 'Oscilloscope_Selector_Tool', 'AutoSens_Tech_Talk', 'SQL', 'Oscilloscope_Selector_Tool', 'No_Conversion']",0
L021894,,Samsu_Tech,,APAC,,Webinar,"['DesignCon_Booth_Visit', 'PathWave_Trial_Request', 'Lab_Integration_Discussion', 'Customer']",1
L021895,Hiroshi Ito,Sony,,,Automotive Ethernet,Sales Outreach,"['DesignCon_Booth_Visit', 'DesignCon_Booth_Visit', 'No_Conversion']",0
L021896,Ravi Singh,,Aerospace,North America,5G Testbeds,LinkedIn,"['IMS_Badge_Scan', 'PathWave_Trial_Request', 'Application_Engineer_Call', 'Application_Engineer_Call', 'Customer']",1
L021897,,,Semiconductor,Europe,Automotive Ethernet,Website,"['IMS_Badge_Scan', 'Lab_Integration_Discussion', 'Keysight_University_Course', 'DesignCon_Booth_Visit', 'LinkedIn_Ad_Click', 'No_Conversion']",0
L021898,Daniel Martinez,Bosch,Telecom,LATAM,PathWave Software,LinkedIn,"['Loaner_Unit_Evaluation', 'Application_Engineer_Call', 'Website_Product_Page', 'SQL', 'AutoSens_Tech_Talk', 'No_Conversion']",0
L021899,Chen Ito,,Aerospace,LATAM,5G Testbeds,LinkedIn,"['Oscilloscope_Selector_Tool', 'SQL', 'Application_Engineer_Call', 'IMS_Badge_Scan', 'SQL', 'No_Conversion']",0
L021900,Sarah Martinez,Tesla_Tech,Electronics,LATAM,,LinkedIn,"['AutoSens_Tech_Talk', 'Application_Engineer_Call', 'Keysight_Workshop_RF_Testing', 'No_Conversion']",0
L021901,Kenji Chen,Sony,Automotive,LATAM,PathWave Software,Website,"['Whitepaper_Download_5G_Test', 'Loaner_Unit_Evaluation', 'Opportunity', 'SQL', 'LinkedIn_Ad_Click', 'Website_Product_Page', 'Website_Product_Page', 'Keysight_University_Course', 'Opportunity', 'Customer']",1
L021902,Sofia Ito,,,Europe,,LinkedIn,['No_Conversion'],0
L021903,Maria Anders,Bosch GmbH,Aerospace,Europe,PathWave Software,Event,"['SQL', 'Website_Product_Page', 'Loaner_Unit_Evaluation', 'SQL', 'Technical_Demo', 'SQL', 'No_Conversion']",0
L021904,Ahmed Martinez,Meta Connectivity Labs GmbH,,Europe,,Webinar,"['AutoSens_Tech_Talk', 'DesignCon_Booth_Visit', 'Application_Engineer_Call', 'LinkedIn_Ad_Click', 'Customer']",1
L021905,Ahmed Anders,Sony GmbH,,Europe,,Event,"['Oscilloscope_Selector_Tool', 'DesignCon_Booth_Visit', 'DesignCon_Booth_Visit', 'AutoSens_Tech_Talk', 'MQL', 'No_Conversion']",0
L021906,Maria Williams,NXPSe_Tech,Aerospace,North America,PathWave Software,Sales Outreach,"['Loaner_Unit_Evaluation', 'Keysight_Workshop_RF_Testing', 'Customer']",1
L021907,Laura Khan,,Telecom,APAC,Oscilloscopes,Website,"['SQL', 'Website_Product_Page', 'PathWave_Trial_Request', 'SQL', 'Oscilloscope_Selector_Tool', 'Technical_Demo', 'No_Conversion']",0
L021908,Kenji Johnson,,Semiconductor,APAC,Oscilloscopes,,"['Lab_Integration_Discussion', 'Application_Engineer_Call', 'SQL', 'DesignCon_Booth_Visit', 'MQL', 'SQL', 'DesignCon_Booth_Visit', 'AutoSens_Tech_Talk', 'Technical_Demo', 'Whitepaper_Download_5G_Test', 'No_Conversion']",0
L021909,Hiroshi Garcia,Broadcom,Telecom,,Oscilloscopes,LinkedIn,"['Lab_Integration_Discussion', 'PathWave_Trial_Request', 'Keysight_Workshop_RF_Testing', 'Customer']",1
L021910,Michael Garcia,Raytheon,Semiconductor,North America,,Event,"['Loaner_Unit_Evaluation', 'SQL', 'LinkedIn_Ad_Click', 'Customer']",1
L021911,Kenji Anders,Bosch,Aerospace,North America,Automotive Ethernet,LinkedIn,"['Website_Product_Page', 'AutoSens_Tech_Talk', 'Technical_Demo', 'Customer']",1
L021912,Michael Khan,NXP Semiconductors,Aerospace,APAC,,Webinar,"['Keysight_Workshop_RF_Testing', 'Whitepaper_Download_5G_Test', 'MQL', 'Application_Engineer_Call', 'Customer']",1
L021913,Maria Williams,Qualcomm GmbH,Electronics,,Automotive Ethernet,Sales Outreach,"['Whitepaper_Download_5G_Test', 'No_Conversion']",0
L021914,Michael Chen,Samsung Electronics GmbH,,Europe,Oscilloscopes,Email Campaign,"['PathWave_Trial_Request', 'Website_Product_Page', 'Lab_Integration_Discussion', 'Keysight_University_Course', 'LinkedIn_Ad_Click', 'Customer']",1
L021915,Kenji Tanaka,Raytheon,Automotive,,,LinkedIn,"['PathWave_Trial_Request', 'Technical_Demo', 'Keysight_Workshop_RF_Testing', 'Technical_Demo', 'Customer']",1
L021916,Michael Garcia,,Semiconductor,Europe,,,['No_Conversion'],0
L021917,Ravi Lee,NXP Semiconductors,Telecom,North America,5G Testbeds,Webinar,"['Loaner_Unit_Evaluation', 'Opportunity', 'MQL', 'Keysight_Workshop_RF_Testing', 'IMS_Badge_Scan', 'Customer']",1
L021918,Kenji Ito,Samsung Electronics,,,PathWave Software,Email Campaign,"['Oscilloscope_Selector_Tool', 'AutoSens_Tech_Talk', 'Loaner_Unit_Evaluation', 'Whitepaper_Download_5G_Test', 'No_Conversion']",0
L021919,Chen Patel,Qualcomm GmbH,Semiconductor,,,LinkedIn,"['PathWave_Trial_Request', 'Whitepaper_Download_5G_Test', 'DesignCon_Booth_Visit', 'No_Conversion']",0
L021920,Laura Garcia,,Electronics,Europe,,Website,"['Opportunity', 'Application_Engineer_Call', 'Technical_Demo', 'Customer']",1
L021921,,,Aerospace,Europe,,Event,"['AutoSens_Tech_Talk', 'Website_Product_Page', 'MQL', 'Loaner_Unit_Evaluation', 'Application_Engineer_Call', 'Keysight_University_Course', 'IMS_Badge_Scan', 'LinkedIn_Ad_Click', 'Customer']",1
L021922,Laura Anders,Raytheon,Electronics,Europe,Automotive Ethernet,Sales Outreach,['Customer'],1
L021923,Ahmed Lee,Sony,Automotive,LATAM,Oscilloscopes,Event,"['Oscilloscope_Selector_Tool', 'Whitepaper_Download_5G_Test', 'Oscilloscope_Selector_Tool', 'AutoSens_Tech_Talk', 'Customer']",1
L021924,Priya Patel,Samsu_Tech,Aerospace,,,Email Campaign,"['DesignCon_Booth_Visit', 'Lab_Integration_Discussion', 'SQL', 'IMS_Badge_Scan', 'Customer']",1
L021925,Sofia Khan,Infineon GmbH,,APAC,PathWave Software,LinkedIn,"['Opportunity', 'Website_Product_Page', 'Whitepaper_Download_5G_Test', 'IMS_Badge_Scan', 'Keysight_University_Course', 'MQL', 'Whitepaper_Download_5G_Test', 'Keysight_University_Course', 'Customer']",1
L021926,Ahmed Singh,Broad_Tech,Aerospace,Europe,PathWave Software,Sales Outreach,"['Technical_Demo', 'Customer']",1
L021927,Ahmed Chen,Infin_Tech,,North America,,Website,"['AutoSens_Tech_Talk', 'No_Conversion']",0
L021928,Priya Garcia,NXPSe_Tech,,LATAM,Oscilloscopes,Website,"['Keysight_Workshop_RF_Testing', 'SQL', 'Lab_Integration_Discussion', 'IMS_Badge_Scan', 'Loaner_Unit_Evaluation', 'Keysight_University_Course', 'Application_Engineer_Call', 'No_Conversion']",0
L021929,Sarah Tanaka,Rayth_Tech,,,,Email Campaign,"['IMS_Badge_Scan', 'AutoSens_Tech_Talk', 'Oscilloscope_Selector_Tool', 'Customer']",1
L021930,Kenji Singh,Tesla Energy GmbH,Aerospace,,Oscilloscopes,,"['Whitepaper_Download_5G_Test', 'PathWave_Trial_Request', 'Oscilloscope_Selector_Tool', 'Keysight_University_Course', 'Oscilloscope_Selector_Tool', 'Application_Engineer_Call', 'Loaner_Unit_Evaluation', 'Customer']",1
L021931,Kenji Anders,Samsu_Tech,,,PathWave Software,Website,"['Keysight_University_Course', 'Loaner_Unit_Evaluation', 'Oscilloscope_Selector_Tool', 'Keysight_Workshop_RF_Testing', 'MQL', 'Lab_Integration_Discussion', 'LinkedIn_Ad_Click', 'Keysight_University_Course', 'Customer']",1
L021932,Kenji Lee,Raytheon,Semiconductor,North America,Automotive Ethernet,Email Campaign,"['PathWave_Trial_Request', 'Keysight_University_Course', 'Loaner_Unit_Evaluation', 'PathWave_Trial_Request', 'No_Conversion']",0
L021933,,,Electronics,LATAM,,Webinar,"['Technical_Demo', 'MQL', 'Opportunity', 'MQL', 'Customer']",1
L021934,Chen Anders,Sony,Semiconductor,Europe,,,"['AutoSens_Tech_Talk', 'Oscilloscope_Selector_Tool', 'Lab_Integration_Discussion', 'SQL', 'SQL', 'IMS_Badge_Scan', 'Customer']",1
L021935,Chen Williams,Qualcomm GmbH,,APAC,,LinkedIn,"['PathWave_Trial_Request', 'Technical_Demo', 'LinkedIn_Ad_Click', 'Website_Product_Page', 'Website_Product_Page', 'SQL', 'PathWave_Trial_Request', 'Keysight_Workshop_RF_Testing', 'SQL', 'Keysight_Workshop_RF_Testing', 'No_Conversion']",0
L021936,Ahmed Ito,Samsung Electronics,Automotive,APAC,,Sales Outreach,"['Website_Product_Page', 'Technical_Demo', 'Technical_Demo', 'Loaner_Unit_Evaluation', 'IMS_Badge_Scan', 'Customer']",1
L021937,Priya Chen,NXPSe_Tech,Electronics,Europe,,Website,"['PathWave_Trial_Request', 'SQL', 'LinkedIn_Ad_Click', 'Customer']",1
L021938,Kenji Tanaka,Broadcom GmbH,Electronics,North America,Automotive Ethernet,Webinar,"['Keysight_University_Course', 'LinkedIn_Ad_Click', 'Application_Engineer_Call', 'Keysight_Workshop_RF_Testing', 'Whitepaper_Download_5G_Test', 'Website_Product_Page', 'Loaner_Unit_Evaluation', 'Technical_Demo', 'Website_Product_Page', 'No_Conversion']",0
L021939,Priya Williams,Broad_Tech,Automotive,LATAM,Oscilloscopes,,"['Technical_Demo', 'Technical_Demo', 'Application_Engineer_Call', 'Technical_Demo', 'Oscilloscope_Selector_Tool', 'DesignCon_Booth_Visit', 'Keysight_Workshop_RF_Testing', 'Opportunity', 'Loaner_Unit_Evaluation', 'Customer']",1
L021940,,Samsung Electronics,,,,Email Campaign,"['Oscilloscope_Selector_Tool', 'Opportunity', 'Customer']",1
L021941,Ahmed Anders,,Semiconductor,APAC,,,"['IMS_Badge_Scan', 'MQL', 'Oscilloscope_Selector_Tool', 'Keysight_Workshop_RF_Testing', 'LinkedIn_Ad_Click', 'Opportunity', 'No_Conversion']",0
L021942,Daniel Martinez,Tesla Energy,Aerospace,LATAM,Oscilloscopes,Email Campaign,"['AutoSens_Tech_Talk', 'Oscilloscope_Selector_Tool', 'Keysight_Workshop_RF_Testing', 'SQL', 'Whitepaper_Download_5G_Test', 'PathWave_Trial_Request', 'No_Conversion']",0
L021943,Priya Patel,Raytheon GmbH,,APAC,Oscilloscopes,,"['PathWave_Trial_Request', 'DesignCon_Booth_Visit', 'No_Conversion']",0
L021944,,Tesla Energy GmbH,Semiconductor,Europe,,Event,"['IMS_Badge_Scan', 'PathWave_Trial_Request', 'Loaner_Unit_Evaluation', 'Customer']",1
L021945,Ahmed Singh,Tesla Energy,Aerospace,LATAM,Automotive Ethernet,Email Campaign,"['PathWave_Trial_Request', 'Loaner_Unit_Evaluation', 'MQL', 'Technical_Demo', 'LinkedIn_Ad_Click', 'Lab_Integration_Discussion', 'No_Conversion']",0
L021946,Chen Anders,Qualc_Tech,Aerospace,North America,,,"['Whitepaper_Download_5G_Test', 'Keysight_Workshop_RF_Testing', 'SQL', 'Loaner_Unit_Evaluation', 'No_Conversion']",0
L021947,Laura Garcia,Sony GmbH,,North America,5G Testbeds,Webinar,"['Whitepaper_Download_5G_Test', 'IMS_Badge_Scan', 'Lab_Integration_Discussion', 'DesignCon_Booth_Visit', 'Keysight_Workshop_RF_Testing', 'Website_Product_Page', 'Oscilloscope_Selector_Tool', 'Loaner_Unit_Evaluation', 'LinkedIn_Ad_Click', 'Lab_Integration_Discussion', 'No_Conversion']",0
L021948,Chen Garcia,Bosch GmbH,Telecom,Europe,Automotive Ethernet,Website,"['PathWave_Trial_Request', 'PathWave_Trial_Request', 'MQL', 'Customer']",1
L021949,Priya Johnson,Infineon GmbH,Semiconductor,North America,PathWave Software,Event,"['AutoSens_Tech_Talk', 'PathWave_Trial_Request', 'SQL', 'Opportunity', 'No_Conversion']",0
L021950,Laura Lee,NXPSe_Tech,,Europe,PathWave Software,Webinar,"['Lab_Integration_Discussion', 'AutoSens_Tech_Talk', 'Opportunity', 'Customer']",1
L021951,Kenji Singh,Sony GmbH,Semiconductor,LATAM,Oscilloscopes,Email Campaign,"['PathWave_Trial_Request', 'Keysight_University_Course', 'Lab_Integration_Discussion', 'Application_Engineer_Call', 'Keysight_Workshop_RF_Testing', 'PathWave_Trial_Request', 'DesignCon_Booth_Visit', 'MQL', 'Technical_Demo', 'Customer']",1
L021952,Ravi Tanaka,,,North America,Automotive Ethernet,Email Campaign,"['Keysight_University_Course', 'Keysight_Workshop_RF_Testing', 'AutoSens_Tech_Talk', 'Opportunity', 'Customer']",1
L021953,Sarah Lee,Sony_Tech,Semiconductor,LATAM,,Website,"['Keysight_University_Course', 'Website_Product_Page', 'LinkedIn_Ad_Click', 'Loaner_Unit_Evaluation', 'No_Conversion']",0
L021954,Ravi Singh,Qualc_Tech,Automotive,,,Website,['Customer'],1
L021955,Sofia Ito,Qualcomm GmbH,Telecom,Europe,,,"['Website_Product_Page', 'No_Conversion']",0
L021956,Sofia Patel,Qualc_Tech,Semiconductor,LATAM,,Sales Outreach,"['DesignCon_Booth_Visit', 'Oscilloscope_Selector_Tool', 'Loaner_Unit_Evaluation', 'Website_Product_Page', 'SQL', 'Application_Engineer_Call', 'Customer']",1
L021957,Michael Johnson,,Semiconductor,LATAM,,Email Campaign,"['SQL', 'Keysight_University_Course', 'Loaner_Unit_Evaluation', 'AutoSens_Tech_Talk', 'LinkedIn_Ad_Click', 'Technical_Demo', 'Application_Engineer_Call', 'Customer']",1
L021958,Michael Chen,Broadcom,Aerospace,Europe,,Event,"['Loaner_Unit_Evaluation', 'DesignCon_Booth_Visit', 'Lab_Integration_Discussion', 'Loaner_Unit_Evaluation', 'DesignCon_Booth_Visit', 'PathWave_Trial_Request', 'No_Conversion']",0
L021959,Ravi Ito,Bosch_Tech,Electronics,,,,"['IMS_Badge_Scan', 'MQL', 'DesignCon_Booth_Visit', 'Loaner_Unit_Evaluation', 'Opportunity', 'Application_Engineer_Call', 'No_Conversion']",0
L021960,,Tesla Energy GmbH,Automotive,,,Email Campaign,"['Loaner_Unit_Evaluation', 'Opportunity', 'PathWave_Trial_Request', 'Customer']",1
L021961,Ahmed Khan,Rayth_Tech,Automotive,Europe,5G Testbeds,LinkedIn,['No_Conversion'],0
L021962,Ravi Anders,,,,,Event,"['MQL', 'Opportunity', 'SQL', 'AutoSens_Tech_Talk', 'Customer']",1
L021963,Daniel Singh,NXPSe_Tech,Semiconductor,Europe,Automotive Ethernet,Website,"['Keysight_Workshop_RF_Testing', 'No_Conversion']",0
L021964,Sarah Garcia,NXPSe_Tech,Semiconductor,APAC,,Email Campaign,"['PathWave_Trial_Request', 'Opportunity', 'Lab_Integration_Discussion', 'Customer']",1
L021965,Maria Lee,Raytheon GmbH,,APAC,Automotive Ethernet,Event,"['IMS_Badge_Scan', 'SQL', 'Oscilloscope_Selector_Tool', 'Oscilloscope_Selector_Tool', 'No_Conversion']",0
L021966,Ahmed Lee,,Semiconductor,,PathWave Software,Webinar,"['DesignCon_Booth_Visit', 'Application_Engineer_Call', 'Keysight_University_Course', 'IMS_Badge_Scan', 'PathWave_Trial_Request', 'IMS_Badge_Scan', 'Lab_Integration_Discussion', 'No_Conversion']",0
L021967,Sofia Ito,Infin_Tech,Semiconductor,Europe,PathWave Software,Website,['No_Conversion'],0
L021968,Kenji Khan,Bosch GmbH,Automotive,North America,,Sales Outreach,"['IMS_Badge_Scan', 'PathWave_Trial_Request', 'Keysight_University_Course', 'Oscilloscope_Selector_Tool', 'Opportunity', 'PathWave_Trial_Request', 'Lab_Integration_Discussion', 'AutoSens_Tech_Talk', 'SQL', 'Customer']",1
L021969,Sofia Tanaka,Broad_Tech,,North America,,Sales Outreach,"['Oscilloscope_Selector_Tool', 'SQL', 'SQL', 'Loaner_Unit_Evaluation', 'Technical_Demo', 'Whitepaper_Download_5G_Test', 'Opportunity', 'No_Conversion']",0
L021970,,,Telecom,LATAM,PathWave Software,Sales Outreach,"['MQL', 'Technical_Demo', 'LinkedIn_Ad_Click', 'Loaner_Unit_Evaluation', 'Oscilloscope_Selector_Tool', 'MQL', 'DesignCon_Booth_Visit', 'AutoSens_Tech_Talk', 'PathWave_Trial_Request', 'Website_Product_Page', 'Customer']",1
L021971,Hiroshi Ito,,,North America,PathWave Software,Event,"['Keysight_Workshop_RF_Testing', 'Oscilloscope_Selector_Tool', 'LinkedIn_Ad_Click', 'Loaner_Unit_Evaluation', 'No_Conversion']",0
L021972,,Infineon GmbH,Aerospace,APAC,Oscilloscopes,LinkedIn,['Customer'],1
L021973,Sofia Chen,,,APAC,5G Testbeds,Website,"['Loaner_Unit_Evaluation', 'Opportunity', 'Keysight_Workshop_RF_Testing', 'IMS_Badge_Scan', 'Keysight_Workshop_RF_Testing', 'Customer']",1
L021974,Sofia Chen,,,,,Sales Outreach,"['Lab_Integration_Discussion', 'Customer']",1
L021975,Daniel Ito,Meta Connectivity Labs GmbH,,Europe,,Sales Outreach,"['Keysight_Workshop_RF_Testing', 'Keysight_Workshop_RF_Testing', 'Opportunity', 'No_Conversion']",0
L021976,Sofia Tanaka,Infin_Tech,Semiconductor,,,,"['Opportunity', 'Keysight_Workshop_RF_Testing', 'MQL', 'No_Conversion']",0
L021977,Sofia Ito,Broadcom GmbH,Semiconductor,APAC,5G Testbeds,Sales Outreach,"['IMS_Badge_Scan', 'SQL', 'Oscilloscope_Selector_Tool', 'Customer']",1
L021978,,,Electronics,,Oscilloscopes,LinkedIn,"['MQL', 'Loaner_Unit_Evaluation', 'Keysight_Workshop_RF_Testing', 'MQL', 'Whitepaper_Download_5G_Test', 'No_Conversion']",0
L021979,Sofia Johnson,NXPSe_Tech,Telecom,LATAM,,Event,"['Loaner_Unit_Evaluation', 'Oscilloscope_Selector_Tool', 'Technical_Demo', 'PathWave_Trial_Request', 'Opportunity', 'Opportunity', 'SQL', 'No_Conversion']",0
L021980,Kenji Williams,NXP Semiconductors GmbH,Electronics,Europe,Automotive Ethernet,Event,"['Technical_Demo', 'Keysight_Workshop_RF_Testing', 'Application_Engineer_Call', 'Keysight_University_Course', 'Application_Engineer_Call', 'PathWave_Trial_Request', 'AutoSens_Tech_Talk', 'No_Conversion']",0
L021981,Priya Garcia,Sony GmbH,,APAC,,Event,"['Application_Engineer_Call', 'Lab_Integration_Discussion', 'Lab_Integration_Discussion', 'Whitepaper_Download_5G_Test', 'No_Conversion']",0
L021982,Michael Garcia,Bosch,Semiconductor,Europe,Automotive Ethernet,,"['PathWave_Trial_Request', 'Lab_Integration_Discussion', 'PathWave_Trial_Request', 'Lab_Integration_Discussion', 'Customer']",1
L021983,Maria Patel,Rayth_Tech,Semiconductor,Europe,PathWave Software,,"['Lab_Integration_Discussion', 'AutoSens_Tech_Talk', 'No_Conversion']",0
L021984,Daniel Williams,Rayth_Tech,Telecom,APAC,,Sales Outreach,"['MQL', 'Oscilloscope_Selector_Tool', 'Loaner_Unit_Evaluation', 'Technical_Demo', 'Loaner_Unit_Evaluation', 'No_Conversion']",0
L021985,Michael Tanaka,Bosch,,APAC,Oscilloscopes,,"['Keysight_Workshop_RF_Testing', 'No_Conversion']",0
L021986,Daniel Singh,,,APAC,,Event,"['DesignCon_Booth_Visit', 'IMS_Badge_Scan', 'Keysight_Workshop_RF_Testing', 'Opportunity', 'Customer']",1
L021987,Hiroshi Tanaka,Raytheon,,LATAM,,Sales Outreach,"['PathWave_Trial_Request', 'Technical_Demo', 'Application_Engineer_Call', 'Opportunity', 'MQL', 'LinkedIn_Ad_Click', 'PathWave_Trial_Request', 'Technical_Demo', 'No_Conversion']",0
L021988,,,Aerospace,APAC,,Webinar,"['Whitepaper_Download_5G_Test', 'No_Conversion']",0
L021989,Maria Williams,,Aerospace,,Oscilloscopes,Email Campaign,"['Oscilloscope_Selector_Tool', 'Website_Product_Page', 'IMS_Badge_Scan', 'Keysight_University_Course', 'No_Conversion']",0
L021990,Daniel Garcia,Infineon GmbH,,APAC,Oscilloscopes,Website,['Customer'],1
L021991,Ahmed Martinez,,Semiconductor,APAC,,Event,"['SQL', 'Technical_Demo', 'Technical_Demo', 'LinkedIn_Ad_Click', 'No_Conversion']",0
L021992,Sofia Chen,Raytheon,,APAC,Automotive Ethernet,,"['SQL', 'Loaner_Unit_Evaluation', 'Whitepaper_Download_5G_Test', 'Whitepaper_Download_5G_Test', 'Customer']",1
L021993,Chen Patel,Infineon GmbH,Electronics,LATAM,,LinkedIn,"['Website_Product_Page', 'Lab_Integration_Discussion', 'Whitepaper_Download_5G_Test', 'Application_Engineer_Call', 'Customer']",1
L021994,Michael Anders,NXPSe_Tech,Automotive,North America,Automotive Ethernet,Email Campaign,"['AutoSens_Tech_Talk', 'AutoSens_Tech_Talk', 'DesignCon_Booth_Visit', 'Website_Product_Page', 'Website_Product_Page', 'AutoSens_Tech_Talk', 'LinkedIn_Ad_Click', 'No_Conversion']",0
L021995,Kenji Anders,,Automotive,LATAM,PathWave Software,Event,"['LinkedIn_Ad_Click', 'Oscilloscope_Selector_Tool', 'LinkedIn_Ad_Click', 'Whitepaper_Download_5G_Test', 'Technical_Demo', 'No_Conversion']",0
L021996,Ahmed Johnson,Samsung Electronics,,,Automotive Ethernet,Sales Outreach,"['SQL', 'No_Conversion']",0
L021997,Maria Patel,Sony,Semiconductor,Europe,PathWave Software,,"['Keysight_University_Course', 'Website_Product_Page', 'PathWave_Trial_Request', 'Customer']",1
L021998,Daniel Lee,Tesla Energy GmbH,,LATAM,,LinkedIn,"['AutoSens_Tech_Talk', 'Application_Engineer_Call', 'Loaner_Unit_Evaluation', 'PathWave_Trial_Request', 'Opportunity', 'Keysight_University_Course', 'Lab_Integration_Discussion', 'Application_Engineer_Call', 'Oscilloscope_Selector_Tool', 'Keysight_University_Course', 'No_Conversion']",0
L021999,Michael Johnson,Sony GmbH,Telecom,Europe,,Website,['Customer'],1
L022000,Chen Johnson,Qualcomm,Aerospace,APAC,Oscilloscopes,,"['Loaner_Unit_Evaluation', 'Keysight_Workshop_RF_Testing', 'Keysight_University_Course', 'Technical_Demo', 'SQL', 'SQL', 'Oscilloscope_Selector_Tool', 'DesignCon_Booth_Visit', 'LinkedIn_Ad_Click', 'Customer']",1
L022001,,Bosch GmbH,,North America,Automotive Ethernet,Website,"['AutoSens_Tech_Talk', 'AutoSens_Tech_Talk', 'Lab_Integration_Discussion', 'Customer']",1
L022002,Chen Anders,Sony_Tech,Electronics,North America,,Email Campaign,"['Opportunity', 'AutoSens_Tech_Talk', 'Keysight_Workshop_RF_Testing', 'Technical_Demo', 'PathWave_Trial_Request', 'Application_Engineer_Call', 'Lab_Integration_Discussion', 'MQL', 'Customer']",1
L022003,Chen Singh,NXPSe_Tech,,Europe,,Email Campaign,"['LinkedIn_Ad_Click', 'Application_Engineer_Call', 'Technical_Demo', 'Customer']",1
L022004,Sarah Tanaka,NXPSe_Tech,,LATAM,,,['Customer'],1
L022005,Michael Singh,MetaC_Tech,Telecom,LATAM,,Website,['No_Conversion'],0
L022006,Maria Lee,,Aerospace,APAC,,Website,"['SQL', 'LinkedIn_Ad_Click', 'DesignCon_Booth_Visit', 'Lab_Integration_Discussion', 'PathWave_Trial_Request', 'Website_Product_Page', 'Lab_Integration_Discussion', 'Keysight_University_Course', 'Application_Engineer_Call', 'Customer']",1
L022007,Ahmed Martinez,,Electronics,Europe,,,"['Opportunity', 'Keysight_University_Course', 'MQL', 'Application_Engineer_Call', 'AutoSens_Tech_Talk', 'Technical_Demo', 'Opportunity', 'Website_Product_Page', 'Customer']",1
L022008,Maria Garcia,NXP Semiconductors GmbH,Semiconductor,,PathWave Software,Webinar,['No_Conversion'],0
L022009,Chen Garcia,,Telecom,Europe,Automotive Ethernet,LinkedIn,"['AutoSens_Tech_Talk', 'DesignCon_Booth_Visit', 'Lab_Integration_Discussion', 'DesignCon_Booth_Visit', 'Lab_Integration_Discussion', 'PathWave_Trial_Request', 'AutoSens_Tech_Talk', 'Technical_Demo', 'Opportunity', 'Customer']",1
L022010,Daniel Singh,Sony,Automotive,North America,,,"['DesignCon_Booth_Visit', 'Application_Engineer_Call', 'Whitepaper_Download_5G_Test', 'Application_Engineer_Call', 'Website_Product_Page', 'Customer']",1
L022011,Sofia Tanaka,Raytheon GmbH,Electronics,,Automotive Ethernet,Email Campaign,"['Keysight_University_Course', 'Oscilloscope_Selector_Tool', 'No_Conversion']",0
L022012,Sarah Singh,Infineon,,North America,PathWave Software,Webinar,"['Application_Engineer_Call', 'Customer']",1
L022013,Maria Tanaka,Raytheon GmbH,,LATAM,5G Testbeds,Webinar,"['Loaner_Unit_Evaluation', 'DesignCon_Booth_Visit', 'Website_Product_Page', 'No_Conversion']",0
L022014,Ahmed Tanaka,,Automotive,,Oscilloscopes,,"['LinkedIn_Ad_Click', 'Keysight_University_Course', 'Application_Engineer_Call', 'No_Conversion']",0
L022015,,,,LATAM,PathWave Software,Website,"['Whitepaper_Download_5G_Test', 'Lab_Integration_Discussion', 'LinkedIn_Ad_Click', 'Loaner_Unit_Evaluation', 'No_Conversion']",0
L022016,Laura Patel,Tesla Energy GmbH,Semiconductor,,Oscilloscopes,Email Campaign,"['Whitepaper_Download_5G_Test', 'Whitepaper_Download_5G_Test', 'Customer']",1
L022017,Hiroshi Johnson,,Semiconductor,North America,,Sales Outreach,"['Website_Product_Page', 'No_Conversion']",0
L022018,Michael Garcia,Infineon,Telecom,North America,Oscilloscopes,,"['Lab_Integration_Discussion', 'Application_Engineer_Call', 'PathWave_Trial_Request', 'Customer']",1
L022019,Laura Ito,NXP Semiconductors,Semiconductor,APAC,PathWave Software,Sales Outreach,"['LinkedIn_Ad_Click', 'Keysight_University_Course', 'Keysight_University_Course', 'AutoSens_Tech_Talk', 'SQL', 'Keysight_University_Course', 'Whitepaper_Download_5G_Test', 'Opportunity', 'Customer']",1
L022020,Sofia Chen,Bosch,,North America,Oscilloscopes,Website,"['SQL', 'LinkedIn_Ad_Click', 'No_Conversion']",0
L022021,Ravi Johnson,Sony_Tech,,,PathWave Software,Email Campaign,"['Oscilloscope_Selector_Tool', 'Website_Product_Page', 'Application_Engineer_Call', 'Customer']",1
L022022,Michael Garcia,,Electronics,,Oscilloscopes,Website,"['SQL', 'Oscilloscope_Selector_Tool', 'AutoSens_Tech_Talk', 'Website_Product_Page', 'Oscilloscope_Selector_Tool', 'IMS_Badge_Scan', 'No_Conversion']",0
L022023,Daniel Chen,Qualcomm GmbH,,LATAM,5G Testbeds,Website,"['DesignCon_Booth_Visit', 'No_Conversion']",0
L022024,Sofia Chen,Infineon,Semiconductor,Europe,Automotive Ethernet,Email Campaign,"['SQL', 'Lab_Integration_Discussion', 'IMS_Badge_Scan', 'Technical_Demo', 'IMS_Badge_Scan', 'Opportunity', 'No_Conversion']",0
L022025,Sofia Patel,Meta Connectivity Labs,Semiconductor,North America,Oscilloscopes,,"['Loaner_Unit_Evaluation', 'AutoSens_Tech_Talk', 'MQL', 'No_Conversion']",0
L022026,Ahmed Chen,NXP Semiconductors GmbH,Electronics,APAC,5G Testbeds,,"['Whitepaper_Download_5G_Test', 'Customer']",1
L022027,Chen Tanaka,Meta Connectivity Labs GmbH,Automotive,APAC,,Website,"['PathWave_Trial_Request', 'Opportunity', 'Application_Engineer_Call', 'Keysight_Workshop_RF_Testing', 'Keysight_University_Course', 'Opportunity', 'Customer']",1
L022028,,Raytheon GmbH,Electronics,Europe,Oscilloscopes,Email Campaign,"['SQL', 'Keysight_University_Course', 'LinkedIn_Ad_Click', 'Keysight_University_Course', 'PathWave_Trial_Request', 'Opportunity', 'Whitepaper_Download_5G_Test', 'No_Conversion']",0
L022029,Priya Lee,Qualc_Tech,Aerospace,North America,Oscilloscopes,Sales Outreach,"['AutoSens_Tech_Talk', 'LinkedIn_Ad_Click', 'Loaner_Unit_Evaluation', 'Customer']",1
L022030,Ravi Khan,,Semiconductor,APAC,,LinkedIn,"['DesignCon_Booth_Visit', 'Loaner_Unit_Evaluation', 'Whitepaper_Download_5G_Test', 'Lab_Integration_Discussion', 'No_Conversion']",0
L022031,Maria Ito,,Semiconductor,APAC,5G Testbeds,,"['Application_Engineer_Call', 'No_Conversion']",0
L022032,Maria Khan,Meta Connectivity Labs GmbH,,APAC,Automotive Ethernet,Sales Outreach,"['AutoSens_Tech_Talk', 'Loaner_Unit_Evaluation', 'Loaner_Unit_Evaluation', 'Application_Engineer_Call', 'Lab_Integration_Discussion', 'IMS_Badge_Scan', 'Application_Engineer_Call', 'SQL', 'No_Conversion']",0
L022033,Kenji Garcia,Tesla Energy,,APAC,,LinkedIn,"['SQL', 'SQL', 'Opportunity', 'Technical_Demo', 'Customer']",1
L022034,Chen Singh,,,North America,PathWave Software,Sales Outreach,"['IMS_Badge_Scan', 'Keysight_Workshop_RF_Testing', 'Loaner_Unit_Evaluation', 'Customer']",1
L022035,Ravi Garcia,,Automotive,,,Event,"['Whitepaper_Download_5G_Test', 'AutoSens_Tech_Talk', 'MQL', 'Customer']",1
L022036,Priya Singh,NXP Semiconductors GmbH,,LATAM,,Sales Outreach,"['SQL', 'IMS_Badge_Scan', 'Keysight_University_Course', 'Loaner_Unit_Evaluation', 'Opportunity', 'Oscilloscope_Selector_Tool', 'Application_Engineer_Call', 'Whitepaper_Download_5G_Test', 'DesignCon_Booth_Visit', 'IMS_Badge_Scan', 'No_Conversion']",0
L022037,Maria Garcia,Broadcom,Semiconductor,North America,,,"['Opportunity', 'Keysight_University_Course', 'IMS_Badge_Scan', 'Application_Engineer_Call', 'DesignCon_Booth_Visit', 'Customer']",1
L022038,Daniel Garcia,,Telecom,APAC,Automotive Ethernet,,"['DesignCon_Booth_Visit', 'Loaner_Unit_Evaluation', 'IMS_Badge_Scan', 'No_Conversion']",0
L022039,Laura Johnson,,,Europe,Automotive Ethernet,Event,"['Opportunity', 'Keysight_University_Course', 'SQL', 'Customer']",1
L022040,,Samsung Electronics GmbH,,Europe,Oscilloscopes,Email Campaign,['No_Conversion'],0
L022041,Kenji Martinez,,Telecom,APAC,,Sales Outreach,"['Keysight_University_Course', 'DesignCon_Booth_Visit', 'MQL', 'Website_Product_Page', 'Customer']",1
L022042,Sofia Williams,Bosch,Electronics,Europe,,Event,"['SQL', 'Lab_Integration_Discussion', 'Whitepaper_Download_5G_Test', 'PathWave_Trial_Request', 'Lab_Integration_Discussion', 'SQL', 'Opportunity', 'Oscilloscope_Selector_Tool', 'IMS_Badge_Scan', 'No_Conversion']",0
L022043,,Meta Connectivity Labs GmbH,Automotive,LATAM,PathWave Software,LinkedIn,['No_Conversion'],0
L022044,Sarah Lee,Infin_Tech,,Europe,Oscilloscopes,Website,"['IMS_Badge_Scan', 'Technical_Demo', 'Keysight_Workshop_RF_Testing', 'Customer']",1
L022045,Laura Singh,,Telecom,LATAM,5G Testbeds,Webinar,"['Lab_Integration_Discussion', 'Application_Engineer_Call', 'Keysight_Workshop_RF_Testing', 'Website_Product_Page', 'SQL', 'Lab_Integration_Discussion', 'Loaner_Unit_Evaluation', 'IMS_Badge_Scan', 'No_Conversion']",0
L022046,Michael Anders,Infineon GmbH,Automotive,LATAM,,Event,"['Whitepaper_Download_5G_Test', 'Keysight_University_Course', 'Lab_Integration_Discussion', 'DesignCon_Booth_Visit', 'DesignCon_Booth_Visit', 'Website_Product_Page', 'Customer']",1
L022047,,Rayth_Tech,,APAC,,Sales Outreach,"['Keysight_Workshop_RF_Testing', 'LinkedIn_Ad_Click', 'PathWave_Trial_Request', 'Keysight_University_Course', 'Lab_Integration_Discussion', 'Loaner_Unit_Evaluation', 'Loaner_Unit_Evaluation', 'Oscilloscope_Selector_Tool', 'No_Conversion']",0
L022048,Maria Garcia,,,APAC,Oscilloscopes,Event,"['IMS_Badge_Scan', 'Whitepaper_Download_5G_Test', 'Keysight_University_Course', 'No_Conversion']",0
L022049,Maria Khan,,Semiconductor,APAC,PathWave Software,,"['SQL', 'SQL', 'Opportunity', 'No_Conversion']",0
L022050,Sarah Khan,,,,5G Testbeds,Event,"['Opportunity', 'Customer']",1
L022051,Michael Johnson,Samsung Electronics GmbH,Electronics,,5G Testbeds,Event,"['DesignCon_Booth_Visit', 'Oscilloscope_Selector_Tool', 'PathWave_Trial_Request', 'Keysight_University_Course', 'Oscilloscope_Selector_Tool', 'Customer']",1
L022052,Sofia Khan,Tesla_Tech,,North America,Oscilloscopes,LinkedIn,"['SQL', 'Keysight_Workshop_RF_Testing', 'Application_Engineer_Call', 'Whitepaper_Download_5G_Test', 'IMS_Badge_Scan', 'AutoSens_Tech_Talk', 'No_Conversion']",0
L022053,Hiroshi Anders,Rayth_Tech,,Europe,PathWave Software,Event,"['Keysight_University_Course', 'Customer']",1
L022054,Maria Patel,,Electronics,,Automotive Ethernet,Webinar,"['Whitepaper_Download_5G_Test', 'Lab_Integration_Discussion', 'IMS_Badge_Scan', 'AutoSens_Tech_Talk', 'Technical_Demo', 'IMS_Badge_Scan', 'Customer']",1
L022055,Laura Martinez,MetaC_Tech,Aerospace,North America,5G Testbeds,Email Campaign,"['DesignCon_Booth_Visit', 'Oscilloscope_Selector_Tool', 'Whitepaper_Download_5G_Test', 'DesignCon_Booth_Visit', 'No_Conversion']",0
L022056,Kenji Martinez,Bosch GmbH,Automotive,APAC,,Website,"['Loaner_Unit_Evaluation', 'PathWave_Trial_Request', 'Keysight_Workshop_RF_Testing', 'PathWave_Trial_Request', 'Technical_Demo', 'Lab_Integration_Discussion', 'Customer']",1
L022057,Ahmed Singh,Meta Connectivity Labs GmbH,Automotive,LATAM,Oscilloscopes,,"['Loaner_Unit_Evaluation', 'IMS_Badge_Scan', 'No_Conversion']",0
L022058,,Samsung Electronics GmbH,Semiconductor,LATAM,PathWave Software,LinkedIn,"['Technical_Demo', 'MQL', 'MQL', 'No_Conversion']",0
L022059,Sofia Martinez,,Aerospace,North America,Automotive Ethernet,Event,"['DesignCon_Booth_Visit', 'Opportunity', 'Application_Engineer_Call', 'Customer']",1
L022060,Hiroshi Singh,,Telecom,Europe,PathWave Software,Email Campaign,"['Lab_Integration_Discussion', 'LinkedIn_Ad_Click', 'No_Conversion']",0
L022061,,MetaC_Tech,Aerospace,,5G Testbeds,Webinar,"['Website_Product_Page', 'IMS_Badge_Scan', 'Loaner_Unit_Evaluation', 'AutoSens_Tech_Talk', 'DesignCon_Booth_Visit', 'No_Conversion']",0
L022062,Laura Lee,Qualcomm GmbH,Semiconductor,APAC,Oscilloscopes,Email Campaign,['No_Conversion'],0
L022063,Hiroshi Tanaka,NXP Semiconductors,Aerospace,,Automotive Ethernet,LinkedIn,"['Keysight_Workshop_RF_Testing', 'DesignCon_Booth_Visit', 'No_Conversion']",0
L022064,,,Electronics,Europe,,LinkedIn,"['DesignCon_Booth_Visit', 'Customer']",1
L022065,Laura Patel,NXP Semiconductors,,North America,Automotive Ethernet,Webinar,"['Lab_Integration_Discussion', 'Customer']",1
L022066,Sofia Patel,Tesla Energy,Semiconductor,North America,,LinkedIn,"['PathWave_Trial_Request', 'Website_Product_Page', 'IMS_Badge_Scan', 'Keysight_Workshop_RF_Testing', 'LinkedIn_Ad_Click', 'No_Conversion']",0
L022067,Priya Tanaka,NXP Semiconductors GmbH,Aerospace,Europe,Oscilloscopes,Email Campaign,"['SQL', 'Oscilloscope_Selector_Tool', 'LinkedIn_Ad_Click', 'No_Conversion']",0
L022068,Sarah Singh,,Telecom,APAC,5G Testbeds,LinkedIn,"['Opportunity', 'Lab_Integration_Discussion', 'Keysight_University_Course', 'DesignCon_Booth_Visit', 'Customer']",1
L022069,Chen Chen,Samsung Electronics GmbH,,,Oscilloscopes,Event,"['IMS_Badge_Scan', 'Website_Product_Page', 'SQL', 'Opportunity', 'Keysight_University_Course', 'AutoSens_Tech_Talk', 'PathWave_Trial_Request', 'No_Conversion']",0
L022070,Sarah Patel,Tesla_Tech,Electronics,,Oscilloscopes,Email Campaign,"['Keysight_University_Course', 'Technical_Demo', 'Application_Engineer_Call', 'AutoSens_Tech_Talk', 'Application_Engineer_Call', 'No_Conversion']",0
L022071,Sofia Anders,Bosch_Tech,,Europe,,Website,"['MQL', 'Website_Product_Page', 'Keysight_Workshop_RF_Testing', 'Website_Product_Page', 'LinkedIn_Ad_Click', 'SQL', 'Loaner_Unit_Evaluation', 'Keysight_University_Course', 'Website_Product_Page', 'No_Conversion']",0
L022072,Ravi Chen,Samsu_Tech,,APAC,,Webinar,"['LinkedIn_Ad_Click', 'Loaner_Unit_Evaluation', 'Technical_Demo', 'Application_Engineer_Call', 'No_Conversion']",0
L022073,Maria Anders,Sony_Tech,Telecom,,Oscilloscopes,Website,"['Lab_Integration_Discussion', 'MQL', 'IMS_Badge_Scan', 'LinkedIn_Ad_Click', 'Keysight_Workshop_RF_Testing', 'Customer']",1
L022074,Ravi Anders,,,LATAM,,Webinar,"['Technical_Demo', 'Keysight_Workshop_RF_Testing', 'Opportunity', 'MQL', 'Opportunity', 'Loaner_Unit_Evaluation', 'No_Conversion']",0
L022075,Priya Johnson,Samsu_Tech,,,PathWave Software,Website,['No_Conversion'],0
L022076,Daniel Singh,Tesla_Tech,Electronics,North America,PathWave Software,Sales Outreach,"['Whitepaper_Download_5G_Test', 'Technical_Demo', 'SQL', 'Keysight_Workshop_RF_Testing', 'Application_Engineer_Call', 'SQL', 'No_Conversion']",0
L022077,Priya Williams,Sony,Telecom,,Oscilloscopes,LinkedIn,"['Oscilloscope_Selector_Tool', 'Oscilloscope_Selector_Tool', 'Keysight_University_Course', 'Customer']",1
L022078,Sofia Williams,Sony GmbH,,LATAM,Automotive Ethernet,LinkedIn,"['IMS_Badge_Scan', 'Loaner_Unit_Evaluation', 'No_Conversion']",0
L022079,Ahmed Johnson,NXPSe_Tech,Semiconductor,LATAM,5G Testbeds,Website,"['AutoSens_Tech_Talk', 'Customer']",1
L022080,Michael Ito,,,APAC,Automotive Ethernet,LinkedIn,"['MQL', 'IMS_Badge_Scan', 'Loaner_Unit_Evaluation', 'Lab_Integration_Discussion', 'LinkedIn_Ad_Click', 'IMS_Badge_Scan', 'Customer']",1
L022081,Kenji Lee,Broad_Tech,Electronics,North America,Automotive Ethernet,Website,['No_Conversion'],0
L022082,Ahmed Khan,,Electronics,APAC,PathWave Software,Event,"['Keysight_University_Course', 'Keysight_University_Course', 'Customer']",1
L022083,Maria Khan,Infineon,,LATAM,,Sales Outreach,"['Lab_Integration_Discussion', 'AutoSens_Tech_Talk', 'Lab_Integration_Discussion', 'Customer']",1
L022084,Ahmed Chen,Tesla Energy,Aerospace,,,Email Campaign,"['Lab_Integration_Discussion', 'Opportunity', 'Whitepaper_Download_5G_Test', 'DesignCon_Booth_Visit', 'Loaner_Unit_Evaluation', 'Keysight_Workshop_RF_Testing', 'IMS_Badge_Scan', 'LinkedIn_Ad_Click', 'Keysight_University_Course', 'Customer']",1
L022085,Priya Williams,NXPSe_Tech,Semiconductor,APAC,5G Testbeds,Website,"['Website_Product_Page', 'MQL', 'Loaner_Unit_Evaluation', 'Customer']",1
L022086,Laura Singh,Qualcomm GmbH,Automotive,,5G Testbeds,Email Campaign,"['Application_Engineer_Call', 'Oscilloscope_Selector_Tool', 'SQL', 'Lab_Integration_Discussion', 'Lab_Integration_Discussion', 'Application_Engineer_Call', 'Customer']",1
L022087,Ravi Khan,Tesla Energy,,LATAM,PathWave Software,Email Campaign,"['IMS_Badge_Scan', 'Technical_Demo', 'Loaner_Unit_Evaluation', 'Oscilloscope_Selector_Tool', 'Website_Product_Page', 'LinkedIn_Ad_Click', 'Application_Engineer_Call', 'DesignCon_Booth_Visit', 'Whitepaper_Download_5G_Test', 'No_Conversion']",0
L022088,Hiroshi Khan,NXP Semiconductors,Automotive,Europe,,,"['IMS_Badge_Scan', 'No_Conversion']",0
L022089,Hiroshi Lee,Qualcomm,Automotive,Europe,Oscilloscopes,Email Campaign,"['Application_Engineer_Call', 'DesignCon_Booth_Visit', 'Keysight_Workshop_RF_Testing', 'Keysight_University_Course', 'Application_Engineer_Call', 'Loaner_Unit_Evaluation', 'Application_Engineer_Call', 'PathWave_Trial_Request', 'Oscilloscope_Selector_Tool', 'No_Conversion']",0
L022090,Sarah Johnson,Sony_Tech,Telecom,,,Webinar,"['DesignCon_Booth_Visit', 'Opportunity', 'Whitepaper_Download_5G_Test', 'Oscilloscope_Selector_Tool', 'Lab_Integration_Discussion', 'Whitepaper_Download_5G_Test', 'SQL', 'Technical_Demo', 'No_Conversion']",0
L022091,Michael Chen,Infin_Tech,,APAC,,LinkedIn,['Customer'],1
L022092,Ahmed Ito,Raytheon,Telecom,,Automotive Ethernet,Sales Outreach,"['Oscilloscope_Selector_Tool', 'No_Conversion']",0
L022093,Ravi Khan,,Electronics,Europe,5G Testbeds,Sales Outreach,"['SQL', 'Customer']",1
L022094,Kenji Williams,Bosch_Tech,,APAC,PathWave Software,Email Campaign,"['Keysight_University_Course', 'Oscilloscope_Selector_Tool', 'Keysight_University_Course', 'Loaner_Unit_Evaluation', 'Loaner_Unit_Evaluation', 'Website_Product_Page', 'SQL', 'Customer']",1
L022095,Michael Williams,Bosch_Tech,,,,Website,"['AutoSens_Tech_Talk', 'No_Conversion']",0
L022096,Laura Patel,Samsung Electronics,,North America,Oscilloscopes,Website,['Customer'],1
L022097,,NXP Semiconductors GmbH,Aerospace,,,Webinar,"['IMS_Badge_Scan', 'No_Conversion']",0
L022098,Ravi Lee,MetaC_Tech,Automotive,APAC,,Webinar,['No_Conversion'],0
L022099,Daniel Lee,,,,Automotive Ethernet,Event,"['Application_Engineer_Call', 'Website_Product_Page', 'Keysight_Workshop_RF_Testing', 'Loaner_Unit_Evaluation', 'DesignCon_Booth_Visit', 'Technical_Demo', 'Keysight_University_Course', 'Keysight_Workshop_RF_Testing', 'Customer']",1
L022100,Michael Chen,Samsung Electronics,Automotive,LATAM,,,"['Whitepaper_Download_5G_Test', 'SQL', 'LinkedIn_Ad_Click', 'DesignCon_Booth_Visit', 'Customer']",1
L022101,Kenji Williams,Infineon GmbH,,LATAM,Automotive Ethernet,LinkedIn,"['Whitepaper_Download_5G_Test', 'Application_Engineer_Call', 'Whitepaper_Download_5G_Test', 'No_Conversion']",0
L022102,Ravi Martinez,Tesla Energy,Automotive,,Oscilloscopes,,"['Lab_Integration_Discussion', 'Keysight_University_Course', 'Customer']",1
L022103,Kenji Singh,,Telecom,Europe,Oscilloscopes,Email Campaign,"['Oscilloscope_Selector_Tool', 'No_Conversion']",0
L022104,Michael Johnson,Infin_Tech,,Europe,,Website,['Customer'],1
L022105,Priya Martinez,Qualcomm GmbH,Telecom,,5G Testbeds,Event,"['Website_Product_Page', 'Whitepaper_Download_5G_Test', 'Application_Engineer_Call', 'LinkedIn_Ad_Click', 'Keysight_University_Course', 'SQL', 'LinkedIn_Ad_Click', 'Website_Product_Page', 'Customer']",1
L022106,Maria Lee,Sony_Tech,Automotive,Europe,Automotive Ethernet,Website,"['IMS_Badge_Scan', 'Customer']",1
L022107,Chen Khan,Broad_Tech,Aerospace,LATAM,PathWave Software,Website,"['Website_Product_Page', 'Keysight_Workshop_RF_Testing', 'Application_Engineer_Call', 'MQL', 'MQL', 'MQL', 'No_Conversion']",0
L022108,Kenji Johnson,Samsu_Tech,,LATAM,,,['Customer'],1
L022109,Ahmed Lee,Meta Connectivity Labs GmbH,Telecom,North America,PathWave Software,Webinar,"['AutoSens_Tech_Talk', 'Opportunity', 'PathWave_Trial_Request', 'DesignCon_Booth_Visit', 'Whitepaper_Download_5G_Test', 'Keysight_Workshop_RF_Testing', 'Application_Engineer_Call', 'AutoSens_Tech_Talk', 'Opportunity', 'Opportunity', 'No_Conversion']",0
L022110,Priya Patel,Raytheon GmbH,Electronics,APAC,,Webinar,"['MQL', 'MQL', 'Keysight_University_Course', 'DesignCon_Booth_Visit', 'Application_Engineer_Call', 'Loaner_Unit_Evaluation', 'Customer']",1
L022111,Laura Ito,Bosch,Semiconductor,LATAM,,Webinar,"['LinkedIn_Ad_Click', 'Loaner_Unit_Evaluation', 'Technical_Demo', 'Application_Engineer_Call', 'No_Conversion']",0
L022112,Maria Lee,Tesla_Tech,Electronics,,Automotive Ethernet,,"['AutoSens_Tech_Talk', 'PathWave_Trial_Request', 'Whitepaper_Download_5G_Test', 'LinkedIn_Ad_Click', 'Customer']",1
L022113,Priya Patel,Qualc_Tech,,North America,,LinkedIn,"['IMS_Badge_Scan', 'Keysight_Workshop_RF_Testing', 'Loaner_Unit_Evaluation', 'Keysight_Workshop_RF_Testing', 'Customer']",1
L022114,Ravi Ito,Qualcomm GmbH,Automotive,LATAM,Oscilloscopes,Event,['Customer'],1
L022115,Daniel Garcia,Broadcom GmbH,,LATAM,5G Testbeds,Website,['No_Conversion'],0
L022116,Priya Lee,Meta Connectivity Labs GmbH,Automotive,APAC,Oscilloscopes,Website,"['Technical_Demo', 'MQL', 'PathWave_Trial_Request', 'SQL', 'Oscilloscope_Selector_Tool', 'LinkedIn_Ad_Click', 'Customer']",1
L022117,Kenji Martinez,Samsung Electronics,Telecom,North America,,Event,"['Application_Engineer_Call', 'Technical_Demo', 'Opportunity', 'DesignCon_Booth_Visit', 'Customer']",1
L022118,Priya Chen,,,North America,Oscilloscopes,LinkedIn,"['Opportunity', 'AutoSens_Tech_Talk', 'MQL', 'Whitepaper_Download_5G_Test', 'Keysight_Workshop_RF_Testing', 'Application_Engineer_Call', 'No_Conversion']",0
L022119,,Bosch,Semiconductor,Europe,Oscilloscopes,,['No_Conversion'],0
L022120,Chen Anders,,Semiconductor,LATAM,PathWave Software,Email Campaign,['Customer'],1
L022121,Ahmed Anders,Bosch_Tech,,Europe,5G Testbeds,Sales Outreach,"['Keysight_University_Course', 'Opportunity', 'Oscilloscope_Selector_Tool', 'No_Conversion']",0
L022122,Priya Martinez,,Electronics,,Automotive Ethernet,Event,"['PathWave_Trial_Request', 'Keysight_Workshop_RF_Testing', 'Loaner_Unit_Evaluation', 'Customer']",1
L022123,Sarah Tanaka,Broadcom GmbH,Semiconductor,,,Webinar,"['PathWave_Trial_Request', 'Keysight_University_Course', 'Application_Engineer_Call', 'Application_Engineer_Call', 'IMS_Badge_Scan', 'Website_Product_Page', 'Keysight_University_Course', 'Keysight_Workshop_RF_Testing', 'No_Conversion']",0
L022124,Michael Johnson,Sony_Tech,Automotive,North America,,Event,"['Opportunity', 'Keysight_University_Course', 'LinkedIn_Ad_Click', 'Opportunity', 'No_Conversion']",0
L022125,Ahmed Chen,NXP Semiconductors,,APAC,,Sales Outreach,"['PathWave_Trial_Request', 'Website_Product_Page', 'Website_Product_Page', 'Oscilloscope_Selector_Tool', 'Customer']",1
L022126,Michael Tanaka,Samsung Electronics GmbH,Semiconductor,Europe,,Sales Outreach,"['MQL', 'Technical_Demo', 'Lab_Integration_Discussion', 'Whitepaper_Download_5G_Test', 'Application_Engineer_Call', 'No_Conversion']",0
L022127,Daniel Chen,Rayth_Tech,Electronics,LATAM,,,"['MQL', 'DesignCon_Booth_Visit', 'Customer']",1
L022128,Michael Chen,Meta Connectivity Labs,Telecom,LATAM,,LinkedIn,"['SQL', 'Whitepaper_Download_5G_Test', 'Website_Product_Page', 'Opportunity', 'AutoSens_Tech_Talk', 'Oscilloscope_Selector_Tool', 'Lab_Integration_Discussion', 'AutoSens_Tech_Talk', 'DesignCon_Booth_Visit', 'Application_Engineer_Call', 'Customer']",1
L022129,Hiroshi Ito,Broadcom GmbH,Semiconductor,APAC,5G Testbeds,Webinar,"['DesignCon_Booth_Visit', 'Website_Product_Page', 'Loaner_Unit_Evaluation', 'Technical_Demo', 'No_Conversion']",0
L022130,Laura Garcia,,,Europe,Oscilloscopes,LinkedIn,"['AutoSens_Tech_Talk', 'Whitepaper_Download_5G_Test', 'AutoSens_Tech_Talk', 'Website_Product_Page', 'Customer']",1
L022131,Sofia Tanaka,MetaC_Tech,Automotive,North America,Oscilloscopes,Event,"['Whitepaper_Download_5G_Test', 'Application_Engineer_Call', 'Whitepaper_Download_5G_Test', 'No_Conversion']",0
L022132,,Broad_Tech,Electronics,APAC,,LinkedIn,['No_Conversion'],0
L022133,Maria Tanaka,Tesla Energy GmbH,Electronics,North America,,Sales Outreach,"['AutoSens_Tech_Talk', 'MQL', 'LinkedIn_Ad_Click', 'Keysight_University_Course', 'DesignCon_Booth_Visit', 'Keysight_Workshop_RF_Testing', 'Keysight_Workshop_RF_Testing', 'Loaner_Unit_Evaluation', 'Whitepaper_Download_5G_Test', 'Website_Product_Page', 'No_Conversion']",0
L022134,,Tesla_Tech,Semiconductor,North America,Oscilloscopes,Website,"['Lab_Integration_Discussion', 'Customer']",1
L022135,Chen Chen,Broadcom GmbH,Aerospace,Europe,,Website,"['DesignCon_Booth_Visit', 'Customer']",1
L022136,Laura Ito,Bosch_Tech,Electronics,LATAM,,Sales Outreach,"['Loaner_Unit_Evaluation', 'Keysight_University_Course', 'Opportunity', 'IMS_Badge_Scan', 'Application_Engineer_Call', 'Application_Engineer_Call', 'AutoSens_Tech_Talk', 'AutoSens_Tech_Talk', 'IMS_Badge_Scan', 'Customer']",1
L022137,Hiroshi Patel,Meta Connectivity Labs,,LATAM,PathWave Software,Website,"['PathWave_Trial_Request', 'Application_Engineer_Call', 'Loaner_Unit_Evaluation', 'Keysight_Workshop_RF_Testing', 'Customer']",1
L022138,Priya Garcia,Tesla Energy GmbH,Semiconductor,,Automotive Ethernet,,"['MQL', 'PathWave_Trial_Request', 'Opportunity', 'Website_Product_Page', 'Keysight_Workshop_RF_Testing', 'Customer']",1
L022139,Ahmed Garcia,MetaC_Tech,Semiconductor,Europe,,Email Campaign,"['Website_Product_Page', 'Opportunity', 'Technical_Demo', 'Application_Engineer_Call', 'Oscilloscope_Selector_Tool', 'Keysight_University_Course', 'Keysight_Workshop_RF_Testing', 'PathWave_Trial_Request', 'MQL', 'AutoSens_Tech_Talk', 'Customer']",1
L022140,Maria Williams,Qualc_Tech,,,,,"['Keysight_University_Course', 'Oscilloscope_Selector_Tool', 'Technical_Demo', 'No_Conversion']",0
L022141,Laura Chen,Bosch_Tech,,Europe,PathWave Software,Email Campaign,"['Loaner_Unit_Evaluation', 'Website_Product_Page', 'Opportunity', 'AutoSens_Tech_Talk', 'SQL', 'PathWave_Trial_Request', 'Keysight_University_Course', 'Customer']",1
L022142,Sarah Ito,Sony_Tech,Electronics,North America,Oscilloscopes,Event,"['LinkedIn_Ad_Click', 'DesignCon_Booth_Visit', 'PathWave_Trial_Request', 'SQL', 'Loaner_Unit_Evaluation', 'DesignCon_Booth_Visit', 'Loaner_Unit_Evaluation', 'Application_Engineer_Call', 'No_Conversion']",0
L022143,Maria Martinez,Infineon GmbH,Telecom,APAC,PathWave Software,Website,"['SQL', 'Application_Engineer_Call', 'Customer']",1
L022144,Priya Ito,MetaC_Tech,Aerospace,North America,5G Testbeds,LinkedIn,"['LinkedIn_Ad_Click', 'Keysight_Workshop_RF_Testing', 'AutoSens_Tech_Talk', 'Customer']",1
L022145,Ahmed Martinez,Bosch,Aerospace,APAC,5G Testbeds,Event,"['Opportunity', 'Technical_Demo', 'Website_Product_Page', 'Keysight_University_Course', 'SQL', 'Customer']",1
L022146,Maria Martinez,Samsu_Tech,Telecom,,PathWave Software,Email Campaign,"['DesignCon_Booth_Visit', 'IMS_Badge_Scan', 'LinkedIn_Ad_Click', 'Website_Product_Page', 'SQL', 'IMS_Badge_Scan', 'No_Conversion']",0
L022147,Chen Chen,,Aerospace,,PathWave Software,,"['Lab_Integration_Discussion', 'Keysight_University_Course', 'Technical_Demo', 'LinkedIn_Ad_Click', 'Technical_Demo', 'PathWave_Trial_Request', 'SQL', 'DesignCon_Booth_Visit', 'Customer']",1
L022148,Kenji Ito,Samsu_Tech,Automotive,,Automotive Ethernet,Email Campaign,"['Keysight_Workshop_RF_Testing', 'Customer']",1
L022149,Chen Martinez,Meta Connectivity Labs,,North America,,Website,"['Lab_Integration_Discussion', 'Keysight_University_Course', 'IMS_Badge_Scan', 'Keysight_Workshop_RF_Testing', 'Keysight_University_Course', 'Loaner_Unit_Evaluation', 'AutoSens_Tech_Talk', 'LinkedIn_Ad_Click', 'Customer']",1
L022150,Ahmed Williams,,Electronics,LATAM,,Sales Outreach,"['MQL', 'Whitepaper_Download_5G_Test', 'Website_Product_Page', 'Technical_Demo', 'Technical_Demo', 'Website_Product_Page', 'SQL', 'SQL', 'Application_Engineer_Call', 'No_Conversion']",0
L022151,Sofia Tanaka,Qualcomm,Semiconductor,Europe,PathWave Software,Event,"['Whitepaper_Download_5G_Test', 'Keysight_Workshop_RF_Testing', 'SQL', 'PathWave_Trial_Request', 'LinkedIn_Ad_Click', 'Keysight_Workshop_RF_Testing', 'Lab_Integration_Discussion', 'Customer']",1
L022152,,,Aerospace,Europe,Oscilloscopes,Webinar,"['DesignCon_Booth_Visit', 'Keysight_University_Course', 'DesignCon_Booth_Visit', 'Technical_Demo', 'LinkedIn_Ad_Click', 'Customer']",1
L022153,,Rayth_Tech,Automotive,,,Event,"['Loaner_Unit_Evaluation', 'DesignCon_Booth_Visit', 'LinkedIn_Ad_Click', 'Customer']",1
L022154,Michael Johnson,Qualc_Tech,,,Oscilloscopes,LinkedIn,"['LinkedIn_Ad_Click', 'Keysight_Workshop_RF_Testing', 'Whitepaper_Download_5G_Test', 'Opportunity', 'Whitepaper_Download_5G_Test', 'SQL', 'Keysight_Workshop_RF_Testing', 'DesignCon_Booth_Visit', 'Keysight_University_Course', 'Technical_Demo', 'Customer']",1
L022155,Maria Patel,,Aerospace,LATAM,,Email Campaign,"['LinkedIn_Ad_Click', 'PathWave_Trial_Request', 'DesignCon_Booth_Visit', 'PathWave_Trial_Request', 'No_Conversion']",0
L022156,Laura Singh,Qualcomm,Automotive,Europe,,Webinar,"['Technical_Demo', 'AutoSens_Tech_Talk', 'Technical_Demo', 'Keysight_University_Course', 'Oscilloscope_Selector_Tool', 'MQL', 'Website_Product_Page', 'DesignCon_Booth_Visit', 'IMS_Badge_Scan', 'No_Conversion']",0
L022157,Maria Lee,Qualcomm,,North America,5G Testbeds,Website,"['DesignCon_Booth_Visit', 'Loaner_Unit_Evaluation', 'Application_Engineer_Call', 'Opportunity', 'IMS_Badge_Scan', 'MQL', 'Customer']",1
L022158,Ravi Martinez,Bosch,,LATAM,PathWave Software,Event,"['MQL', 'Application_Engineer_Call', 'Whitepaper_Download_5G_Test', 'Loaner_Unit_Evaluation', 'No_Conversion']",0
L022159,Ravi Martinez,,,North America,,Webinar,"['SQL', 'DesignCon_Booth_Visit', 'Application_Engineer_Call', 'Technical_Demo', 'Loaner_Unit_Evaluation', 'No_Conversion']",0
L022160,Chen Khan,,,,5G Testbeds,,"['Lab_Integration_Discussion', 'No_Conversion']",0
L022161,Maria Martinez,Tesla_Tech,Electronics,,Automotive Ethernet,,"['Keysight_Workshop_RF_Testing', 'Website_Product_Page', 'Keysight_University_Course', 'PathWave_Trial_Request', 'AutoSens_Tech_Talk', 'Technical_Demo', 'No_Conversion']",0
L022162,Chen Anders,Qualc_Tech,Electronics,LATAM,,Sales Outreach,"['IMS_Badge_Scan', 'IMS_Badge_Scan', 'Customer']",1
L022163,Priya Williams,,,APAC,Oscilloscopes,LinkedIn,"['Application_Engineer_Call', 'LinkedIn_Ad_Click', 'IMS_Badge_Scan', 'LinkedIn_Ad_Click', 'Loaner_Unit_Evaluation', 'Keysight_Workshop_RF_Testing', 'Keysight_University_Course', 'No_Conversion']",0
L022164,Sofia Garcia,Bosch,Electronics,,,Event,"['Whitepaper_Download_5G_Test', 'Keysight_Workshop_RF_Testing', 'No_Conversion']",0
L022165,,Bosch GmbH,,,Automotive Ethernet,Event,"['SQL', 'SQL', 'MQL', 'Website_Product_Page', 'Customer']",1
L022166,Daniel Anders,Tesla_Tech,Semiconductor,,Automotive Ethernet,Email Campaign,"['LinkedIn_Ad_Click', 'Application_Engineer_Call', 'IMS_Badge_Scan', 'Oscilloscope_Selector_Tool', 'Whitepaper_Download_5G_Test', 'AutoSens_Tech_Talk', 'Keysight_University_Course', 'Website_Product_Page', 'Customer']",1
L022167,Ravi Khan,Tesla Energy,,North America,PathWave Software,,"['SQL', 'AutoSens_Tech_Talk', 'Technical_Demo', 'Oscilloscope_Selector_Tool', 'Opportunity', 'Customer']",1
L022168,Sarah Williams,Infineon,Semiconductor,,5G Testbeds,Website,"['LinkedIn_Ad_Click', 'Technical_Demo', 'Website_Product_Page', 'Opportunity', 'Application_Engineer_Call', 'Customer']",1
L022169,Chen Martinez,Bosch GmbH,Semiconductor,APAC,Automotive Ethernet,Website,"['IMS_Badge_Scan', 'Opportunity', 'LinkedIn_Ad_Click', 'Loaner_Unit_Evaluation', 'Website_Product_Page', 'PathWave_Trial_Request', 'Keysight_Workshop_RF_Testing', 'Keysight_University_Course', 'Application_Engineer_Call', 'AutoSens_Tech_Talk', 'Customer']",1
L022170,Sarah Garcia,Broadcom,Telecom,LATAM,Automotive Ethernet,LinkedIn,"['Technical_Demo', 'PathWave_Trial_Request', 'Oscilloscope_Selector_Tool', 'No_Conversion']",0
L022171,Hiroshi Chen,Bosch,Electronics,APAC,PathWave Software,Webinar,"['Website_Product_Page', 'Keysight_University_Course', 'No_Conversion']",0
L022172,Ahmed Khan,,Automotive,Europe,,Webinar,"['Opportunity', 'Oscilloscope_Selector_Tool', 'IMS_Badge_Scan', 'Customer']",1
L022173,Ravi Ito,Broad_Tech,Telecom,LATAM,,Sales Outreach,['No_Conversion'],0
L022174,Sofia Singh,Samsung Electronics GmbH,Telecom,North America,,LinkedIn,['No_Conversion'],0
L022175,Maria Lee,Qualc_Tech,,LATAM,Automotive Ethernet,Webinar,"['PathWave_Trial_Request', 'Opportunity', 'MQL', 'Keysight_Workshop_RF_Testing', 'Customer']",1
L022176,Sofia Ito,Infineon GmbH,Semiconductor,North America,Oscilloscopes,LinkedIn,"['PathWave_Trial_Request', 'Opportunity', 'Opportunity', 'Application_Engineer_Call', 'Customer']",1
L022177,Laura Khan,Samsu_Tech,Telecom,LATAM,5G Testbeds,Email Campaign,"['PathWave_Trial_Request', 'Lab_Integration_Discussion', 'Application_Engineer_Call', 'Lab_Integration_Discussion', 'Keysight_University_Course', 'Application_Engineer_Call', 'Customer']",1
L022178,,Sony GmbH,,North America,,,"['Keysight_Workshop_RF_Testing', 'Application_Engineer_Call', 'Technical_Demo', 'Keysight_University_Course', 'AutoSens_Tech_Talk', 'Keysight_Workshop_RF_Testing', 'Customer']",1
L022179,Maria Johnson,Qualcomm,Aerospace,LATAM,,Sales Outreach,"['MQL', 'LinkedIn_Ad_Click', 'Lab_Integration_Discussion', 'MQL', 'Keysight_Workshop_RF_Testing', 'DesignCon_Booth_Visit', 'Application_Engineer_Call', 'PathWave_Trial_Request', 'No_Conversion']",0
L022180,Priya Tanaka,NXP Semiconductors,Electronics,North America,5G Testbeds,Sales Outreach,"['Keysight_Workshop_RF_Testing', 'SQL', 'AutoSens_Tech_Talk', 'Website_Product_Page', 'PathWave_Trial_Request', 'Technical_Demo', 'Technical_Demo', 'Loaner_Unit_Evaluation', 'Customer']",1
L022181,Chen Anders,Broadcom,Semiconductor,APAC,,Sales Outreach,"['Lab_Integration_Discussion', 'PathWave_Trial_Request', 'AutoSens_Tech_Talk', 'Opportunity', 'PathWave_Trial_Request', 'Technical_Demo', 'Lab_Integration_Discussion', 'Technical_Demo', 'SQL', 'Keysight_University_Course', 'Customer']",1
L022182,Ravi Williams,Sony_Tech,Semiconductor,,PathWave Software,,"['AutoSens_Tech_Talk', 'Website_Product_Page', 'Whitepaper_Download_5G_Test', 'LinkedIn_Ad_Click', 'Whitepaper_Download_5G_Test', 'No_Conversion']",0
L022183,Priya Martinez,Qualcomm,Telecom,Europe,,Email Campaign,"['Loaner_Unit_Evaluation', 'LinkedIn_Ad_Click', 'SQL', 'Lab_Integration_Discussion', 'Technical_Demo', 'No_Conversion']",0
L022184,Laura Khan,Broad_Tech,,,5G Testbeds,Webinar,"['Keysight_Workshop_RF_Testing', 'Technical_Demo', 'IMS_Badge_Scan', 'AutoSens_Tech_Talk', 'IMS_Badge_Scan', 'Application_Engineer_Call', 'No_Conversion']",0
L022185,,,,,5G Testbeds,Sales Outreach,"['Loaner_Unit_Evaluation', 'IMS_Badge_Scan', 'AutoSens_Tech_Talk', 'Website_Product_Page', 'Whitepaper_Download_5G_Test', 'Customer']",1
L022186,Michael Patel,Broadcom,Telecom,Europe,PathWave Software,Event,"['Website_Product_Page', 'Website_Product_Page', 'SQL', 'DesignCon_Booth_Visit', 'Application_Engineer_Call', 'Technical_Demo', 'Customer']",1
L022187,Sarah Patel,Broad_Tech,Telecom,Europe,PathWave Software,Website,"['Whitepaper_Download_5G_Test', 'Whitepaper_Download_5G_Test', 'LinkedIn_Ad_Click', 'Lab_Integration_Discussion', 'Technical_Demo', 'Customer']",1
L022188,Sarah Patel,,Telecom,North America,Oscilloscopes,LinkedIn,"['Application_Engineer_Call', 'Application_Engineer_Call', 'Keysight_University_Course', 'Customer']",1
L022189,Sofia Martinez,Tesla Energy,Electronics,APAC,,,"['DesignCon_Booth_Visit', 'Opportunity', 'Keysight_Workshop_RF_Testing', 'MQL', 'No_Conversion']",0
L022190,Sarah Anders,NXP Semiconductors,Telecom,North America,Oscilloscopes,Webinar,"['SQL', 'DesignCon_Booth_Visit', 'Technical_Demo', 'DesignCon_Booth_Visit', 'No_Conversion']",0
L022191,Daniel Lee,Sony,Automotive,North America,,Website,['No_Conversion'],0
L022192,Maria Singh,Broadcom GmbH,Electronics,,,Webinar,"['LinkedIn_Ad_Click', 'Oscilloscope_Selector_Tool', 'Technical_Demo', 'No_Conversion']",0
L022193,Ravi Lee,Sony,,,PathWave Software,Sales Outreach,"['Website_Product_Page', 'Lab_Integration_Discussion', 'Application_Engineer_Call', 'MQL', 'Lab_Integration_Discussion', 'Whitepaper_Download_5G_Test', 'No_Conversion']",0
L022194,Daniel Williams,,Electronics,,5G Testbeds,Event,"['IMS_Badge_Scan', 'Keysight_Workshop_RF_Testing', 'Technical_Demo', 'AutoSens_Tech_Talk', 'Website_Product_Page', 'Oscilloscope_Selector_Tool', 'Website_Product_Page', 'Lab_Integration_Discussion', 'No_Conversion']",0
L022195,Kenji Tanaka,,Electronics,North America,5G Testbeds,,"['MQL', 'MQL', 'SQL', 'Oscilloscope_Selector_Tool', 'No_Conversion']",0
L022196,Sofia Tanaka,Qualcomm GmbH,Telecom,LATAM,,LinkedIn,"['Keysight_University_Course', 'No_Conversion']",0
L022197,Ravi Singh,Qualcomm GmbH,Semiconductor,North America,Automotive Ethernet,Email Campaign,"['DesignCon_Booth_Visit', 'Whitepaper_Download_5G_Test', 'AutoSens_Tech_Talk', 'No_Conversion']",0
L022198,Kenji Chen,NXPSe_Tech,,,,LinkedIn,"['Keysight_University_Course', 'No_Conversion']",0
L022199,Maria Williams,Raytheon GmbH,Aerospace,North America,5G Testbeds,Website,"['IMS_Badge_Scan', 'SQL', 'Loaner_Unit_Evaluation', 'SQL', 'IMS_Badge_Scan', 'Opportunity', 'Keysight_Workshop_RF_Testing', 'PathWave_Trial_Request', 'Customer']",1
L022200,Sofia Ito,NXP Semiconductors,,LATAM,PathWave Software,,"['Lab_Integration_Discussion', 'IMS_Badge_Scan', 'LinkedIn_Ad_Click', 'Technical_Demo', 'MQL', 'Technical_Demo', 'Website_Product_Page', 'Technical_Demo', 'Customer']",1
L022201,Laura Ito,,Electronics,,Automotive Ethernet,Email Campaign,"['DesignCon_Booth_Visit', 'Keysight_Workshop_RF_Testing', 'IMS_Badge_Scan', 'Oscilloscope_Selector_Tool', 'No_Conversion']",0
L022202,Sarah Chen,Raytheon GmbH,Automotive,,PathWave Software,Webinar,"['Lab_Integration_Discussion', 'Technical_Demo', 'MQL', 'Customer']",1
L022203,Kenji Ito,Qualcomm GmbH,Aerospace,Europe,5G Testbeds,LinkedIn,"['Keysight_University_Course', 'AutoSens_Tech_Talk', 'Loaner_Unit_Evaluation', 'No_Conversion']",0
L022204,Maria Singh,Infineon GmbH,Electronics,LATAM,Automotive Ethernet,Sales Outreach,"['IMS_Badge_Scan', 'Lab_Integration_Discussion', 'AutoSens_Tech_Talk', 'Lab_Integration_Discussion', 'Technical_Demo', 'Customer']",1
L022205,Priya Ito,Infineon GmbH,Aerospace,,Automotive Ethernet,Webinar,['Customer'],1
L022206,Kenji Garcia,Tesla Energy GmbH,Electronics,LATAM,PathWave Software,Webinar,"['Loaner_Unit_Evaluation', 'Technical_Demo', 'Customer']",1
L022207,Sarah Williams,Bosch,Telecom,Europe,,Event,"['AutoSens_Tech_Talk', 'PathWave_Trial_Request', 'MQL', 'MQL', 'Whitepaper_Download_5G_Test', 'Keysight_University_Course', 'Keysight_University_Course', 'Keysight_University_Course', 'SQL', 'Application_Engineer_Call', 'No_Conversion']",0
L022208,Priya Williams,Qualc_Tech,Telecom,,,Website,"['Loaner_Unit_Evaluation', 'Oscilloscope_Selector_Tool', 'MQL', 'IMS_Badge_Scan', 'MQL', 'Opportunity', 'Opportunity', 'Whitepaper_Download_5G_Test', 'Keysight_Workshop_RF_Testing', 'Customer']",1
L022209,,Samsung Electronics GmbH,Automotive,LATAM,5G Testbeds,Webinar,"['Loaner_Unit_Evaluation', 'IMS_Badge_Scan', 'MQL', 'Technical_Demo', 'No_Conversion']",0
L022210,Chen Williams,Infineon,,APAC,Oscilloscopes,Sales Outreach,"['DesignCon_Booth_Visit', 'Keysight_University_Course', 'PathWave_Trial_Request', 'AutoSens_Tech_Talk', 'Opportunity', 'LinkedIn_Ad_Click', 'No_Conversion']",0
L022211,Priya Johnson,Meta Connectivity Labs,,Europe,PathWave Software,Sales Outreach,"['Lab_Integration_Discussion', 'Customer']",1
L022212,Daniel Chen,Broad_Tech,Electronics,North America,,Email Campaign,"['Keysight_Workshop_RF_Testing', 'No_Conversion']",0
L022213,Michael Patel,Samsu_Tech,,Europe,5G Testbeds,,"['Technical_Demo', 'Lab_Integration_Discussion', 'Opportunity', 'Application_Engineer_Call', 'Keysight_Workshop_RF_Testing', 'Lab_Integration_Discussion', 'No_Conversion']",0
L022214,Daniel Garcia,NXPSe_Tech,Telecom,APAC,,,"['Lab_Integration_Discussion', 'Keysight_Workshop_RF_Testing', 'Opportunity', 'Customer']",1
L022215,Ahmed Ito,Infineon,Electronics,North America,,Webinar,"['Loaner_Unit_Evaluation', 'Oscilloscope_Selector_Tool', 'Keysight_University_Course', 'Keysight_Workshop_RF_Testing', 'Opportunity', 'Customer']",1
L022216,Kenji Patel,Broad_Tech,Aerospace,,Automotive Ethernet,Sales Outreach,"['IMS_Badge_Scan', 'Oscilloscope_Selector_Tool', 'Keysight_Workshop_RF_Testing', 'Whitepaper_Download_5G_Test', 'Application_Engineer_Call', 'Customer']",1
L022217,Hiroshi Lee,NXPSe_Tech,,Europe,PathWave Software,,"['Lab_Integration_Discussion', 'Whitepaper_Download_5G_Test', 'SQL', 'Website_Product_Page', 'LinkedIn_Ad_Click', 'Keysight_University_Course', 'Website_Product_Page', 'Website_Product_Page', 'No_Conversion']",0
L022218,Michael Martinez,NXP Semiconductors GmbH,Automotive,Europe,Automotive Ethernet,Sales Outreach,['No_Conversion'],0
L022219,Sofia Garcia,,,,,Sales Outreach,['No_Conversion'],0
L022220,Chen Garcia,Infineon,,Europe,,Webinar,"['MQL', 'DesignCon_Booth_Visit', 'Application_Engineer_Call', 'Oscilloscope_Selector_Tool', 'Keysight_Workshop_RF_Testing', 'DesignCon_Booth_Visit', 'Technical_Demo', 'Customer']",1
L022221,Michael Ito,Sony GmbH,Semiconductor,,,Event,"['Website_Product_Page', 'Whitepaper_Download_5G_Test', 'AutoSens_Tech_Talk', 'No_Conversion']",0
L022222,Sofia Singh,Samsung Electronics GmbH,Aerospace,Europe,PathWave Software,,['No_Conversion'],0
L022223,Kenji Johnson,Tesla_Tech,,APAC,Automotive Ethernet,Website,['Customer'],1
L022224,Priya Ito,NXPSe_Tech,,Europe,5G Testbeds,LinkedIn,"['AutoSens_Tech_Talk', 'Whitepaper_Download_5G_Test', 'Website_Product_Page', 'Opportunity', 'Opportunity', 'No_Conversion']",0
L022225,Hiroshi Tanaka,Sony,Semiconductor,Europe,PathWave Software,Sales Outreach,['No_Conversion'],0
L022226,Daniel Martinez,,Automotive,North America,,Sales Outreach,"['Whitepaper_Download_5G_Test', 'LinkedIn_Ad_Click', 'PathWave_Trial_Request', 'AutoSens_Tech_Talk', 'Opportunity', 'No_Conversion']",0
L022227,Priya Martinez,Samsung Electronics GmbH,Aerospace,APAC,PathWave Software,LinkedIn,"['LinkedIn_Ad_Click', 'Keysight_Workshop_RF_Testing', 'Opportunity', 'Oscilloscope_Selector_Tool', 'Customer']",1
L022228,Michael Anders,NXP Semiconductors,Electronics,APAC,Automotive Ethernet,Event,"['Oscilloscope_Selector_Tool', 'Opportunity', 'Opportunity', 'Customer']",1
L022229,Laura Ito,Tesla Energy GmbH,Automotive,LATAM,Automotive Ethernet,,"['Oscilloscope_Selector_Tool', 'No_Conversion']",0
L022230,Ravi Anders,Rayth_Tech,,North America,,Event,"['Oscilloscope_Selector_Tool', 'Customer']",1
L022231,Chen Martinez,,,,Oscilloscopes,Webinar,"['PathWave_Trial_Request', 'MQL', 'Oscilloscope_Selector_Tool', 'DesignCon_Booth_Visit', 'Customer']",1
L022232,,Meta Connectivity Labs,,APAC,,,"['DesignCon_Booth_Visit', 'Opportunity', 'LinkedIn_Ad_Click', 'Customer']",1
L022233,Sofia Ito,,,,Oscilloscopes,Event,"['Oscilloscope_Selector_Tool', 'Technical_Demo', 'Whitepaper_Download_5G_Test', 'DesignCon_Booth_Visit', 'Application_Engineer_Call', 'Customer']",1
L022234,Ravi Martinez,,,North America,PathWave Software,LinkedIn,"['Lab_Integration_Discussion', 'Loaner_Unit_Evaluation', 'Keysight_Workshop_RF_Testing', 'Customer']",1
L022235,Daniel Chen,Tesla_Tech,Telecom,Europe,Automotive Ethernet,LinkedIn,"['Website_Product_Page', 'Opportunity', 'Keysight_Workshop_RF_Testing', 'SQL', 'Technical_Demo', 'No_Conversion']",0
L022236,Daniel Anders,Raytheon GmbH,Telecom,APAC,PathWave Software,Webinar,"['Keysight_University_Course', 'Loaner_Unit_Evaluation', 'Website_Product_Page', 'Website_Product_Page', 'AutoSens_Tech_Talk', 'Website_Product_Page', 'Oscilloscope_Selector_Tool', 'PathWave_Trial_Request', 'No_Conversion']",0
L022237,,Raytheon,,LATAM,,Website,"['Whitepaper_Download_5G_Test', 'Technical_Demo', 'Website_Product_Page', 'Whitepaper_Download_5G_Test', 'AutoSens_Tech_Talk', 'Keysight_University_Course', 'Lab_Integration_Discussion', 'Technical_Demo', 'Website_Product_Page', 'DesignCon_Booth_Visit', 'No_Conversion']",0
L022238,Hiroshi Martinez,,,Europe,,Email Campaign,"['AutoSens_Tech_Talk', 'Opportunity', 'No_Conversion']",0
L022239,Ahmed Tanaka,Infineon,Telecom,LATAM,Oscilloscopes,,"['Whitepaper_Download_5G_Test', 'Application_Engineer_Call', 'Oscilloscope_Selector_Tool', 'AutoSens_Tech_Talk', 'Customer']",1
L022240,Michael Khan,Tesla Energy GmbH,Automotive,Europe,5G Testbeds,LinkedIn,"['LinkedIn_Ad_Click', 'Oscilloscope_Selector_Tool', 'Lab_Integration_Discussion', 'Application_Engineer_Call', 'Lab_Integration_Discussion', 'Technical_Demo', 'SQL', 'SQL', 'IMS_Badge_Scan', 'Customer']",1
L022241,Hiroshi Chen,NXPSe_Tech,Electronics,LATAM,Automotive Ethernet,LinkedIn,"['Keysight_Workshop_RF_Testing', 'SQL', 'Lab_Integration_Discussion', 'AutoSens_Tech_Talk', 'Website_Product_Page', 'LinkedIn_Ad_Click', 'LinkedIn_Ad_Click', 'No_Conversion']",0
L022242,,Meta Connectivity Labs GmbH,Semiconductor,North America,5G Testbeds,LinkedIn,"['Application_Engineer_Call', 'Oscilloscope_Selector_Tool', 'SQL', 'AutoSens_Tech_Talk', 'Oscilloscope_Selector_Tool', 'MQL', 'Opportunity', 'Customer']",1
L022243,Laura Khan,Raytheon GmbH,Aerospace,APAC,Oscilloscopes,Email Campaign,"['Technical_Demo', 'Loaner_Unit_Evaluation', 'Oscilloscope_Selector_Tool', 'Loaner_Unit_Evaluation', 'Loaner_Unit_Evaluation', 'AutoSens_Tech_Talk', 'Application_Engineer_Call', 'Customer']",1
L022244,,Bosch_Tech,Semiconductor,Europe,Oscilloscopes,LinkedIn,"['SQL', 'LinkedIn_Ad_Click', 'Keysight_University_Course', 'No_Conversion']",0
L022245,Sofia Williams,MetaC_Tech,Electronics,APAC,5G Testbeds,Email Campaign,"['Keysight_University_Course', 'Keysight_University_Course', 'Whitepaper_Download_5G_Test', 'Keysight_University_Course', 'Oscilloscope_Selector_Tool', 'Oscilloscope_Selector_Tool', 'AutoSens_Tech_Talk', 'Keysight_Workshop_RF_Testing', 'PathWave_Trial_Request', 'PathWave_Trial_Request', 'Customer']",1
L022246,Chen Tanaka,,Aerospace,Europe,,LinkedIn,"['Oscilloscope_Selector_Tool', 'No_Conversion']",0
L022247,Sarah Lee,Broadcom GmbH,Semiconductor,North America,,,"['IMS_Badge_Scan', 'SQL', 'SQL', 'MQL', 'Website_Product_Page', 'SQL', 'Lab_Integration_Discussion', 'Keysight_University_Course', 'Customer']",1
L022248,Daniel Patel,Broadcom GmbH,,North America,Automotive Ethernet,LinkedIn,['No_Conversion'],0
L022249,Daniel Anders,Sony,,APAC,PathWave Software,Sales Outreach,"['Loaner_Unit_Evaluation', 'Lab_Integration_Discussion', 'DesignCon_Booth_Visit', 'No_Conversion']",0
L022250,Sofia Ito,Meta Connectivity Labs GmbH,Aerospace,LATAM,Oscilloscopes,LinkedIn,"['Technical_Demo', 'No_Conversion']",0
L022251,Maria Williams,Broadcom GmbH,,LATAM,Automotive Ethernet,Website,"['Lab_Integration_Discussion', 'No_Conversion']",0
L022252,Priya Anders,MetaC_Tech,Electronics,,,Webinar,"['Website_Product_Page', 'Keysight_University_Course', 'SQL', 'No_Conversion']",0
L022253,Maria Chen,Meta Connectivity Labs GmbH,Electronics,,,Event,"['PathWave_Trial_Request', 'Technical_Demo', 'Lab_Integration_Discussion', 'No_Conversion']",0
L022254,Michael Ito,Samsung Electronics GmbH,Aerospace,LATAM,,Sales Outreach,"['Whitepaper_Download_5G_Test', 'Lab_Integration_Discussion', 'PathWave_Trial_Request', 'No_Conversion']",0
L022255,Sarah Anders,,,APAC,,Sales Outreach,"['LinkedIn_Ad_Click', 'Oscilloscope_Selector_Tool', 'MQL', 'Lab_Integration_Discussion', 'Lab_Integration_Discussion', 'IMS_Badge_Scan', 'IMS_Badge_Scan', 'Application_Engineer_Call', 'Loaner_Unit_Evaluation', 'Customer']",1
L022256,Hiroshi Williams,,Automotive,North America,5G Testbeds,Webinar,"['IMS_Badge_Scan', 'DesignCon_Booth_Visit', 'PathWave_Trial_Request', 'Customer']",1
L022257,Chen Garcia,NXP Semiconductors,Automotive,North America,Automotive Ethernet,Website,['Customer'],1
L022258,Hiroshi Johnson,Broad_Tech,Automotive,LATAM,Automotive Ethernet,Event,"['Website_Product_Page', 'Keysight_University_Course', 'Whitepaper_Download_5G_Test', 'No_Conversion']",0
L022259,,Infin_Tech,Semiconductor,APAC,,Website,"['Whitepaper_Download_5G_Test', 'Customer']",1
L022260,Ahmed Anders,Sony,Automotive,Europe,PathWave Software,Email Campaign,"['MQL', 'Loaner_Unit_Evaluation', 'Oscilloscope_Selector_Tool', 'No_Conversion']",0
L022261,Maria Ito,NXPSe_Tech,Automotive,North America,5G Testbeds,,"['Keysight_Workshop_RF_Testing', 'AutoSens_Tech_Talk', 'Website_Product_Page', 'No_Conversion']",0
L022262,Priya Johnson,NXP Semiconductors GmbH,Aerospace,Europe,5G Testbeds,Email Campaign,['Customer'],1
L022263,Ahmed Tanaka,Tesla Energy GmbH,Telecom,APAC,,,"['PathWave_Trial_Request', 'Loaner_Unit_Evaluation', 'Whitepaper_Download_5G_Test', 'Technical_Demo', 'MQL', 'No_Conversion']",0
L022264,Kenji Patel,NXP Semiconductors,,,PathWave Software,Sales Outreach,['Customer'],1
L022265,Ahmed Singh,Raytheon,,North America,Oscilloscopes,LinkedIn,"['AutoSens_Tech_Talk', 'Loaner_Unit_Evaluation', 'Keysight_Workshop_RF_Testing', 'No_Conversion']",0
L022266,Kenji Singh,Bosch GmbH,Telecom,Europe,5G Testbeds,Email Campaign,"['Oscilloscope_Selector_Tool', 'PathWave_Trial_Request', 'SQL', 'Customer']",1
L022267,Laura Williams,Samsung Electronics GmbH,Semiconductor,,5G Testbeds,Sales Outreach,"['Website_Product_Page', 'DesignCon_Booth_Visit', 'SQL', 'Keysight_University_Course', 'Website_Product_Page', 'Website_Product_Page', 'No_Conversion']",0
L022268,Priya Khan,Infineon,,APAC,PathWave Software,Website,"['Keysight_Workshop_RF_Testing', 'Keysight_Workshop_RF_Testing', 'Keysight_University_Course', 'IMS_Badge_Scan', 'Customer']",1
L022269,Maria Tanaka,Tesla Energy GmbH,,Europe,,Event,['Customer'],1
L022270,Daniel Garcia,Meta Connectivity Labs,,,,Webinar,"['MQL', 'Loaner_Unit_Evaluation', 'AutoSens_Tech_Talk', 'Loaner_Unit_Evaluation', 'Lab_Integration_Discussion', 'PathWave_Trial_Request', 'MQL', 'Customer']",1
L022271,Hiroshi Singh,,Telecom,,,Webinar,"['Technical_Demo', 'AutoSens_Tech_Talk', 'Oscilloscope_Selector_Tool', 'SQL', 'AutoSens_Tech_Talk', 'IMS_Badge_Scan', 'Customer']",1
L022272,Ahmed Khan,Tesla Energy GmbH,,North America,Oscilloscopes,Email Campaign,"['Website_Product_Page', 'Lab_Integration_Discussion', 'Keysight_University_Course', 'Lab_Integration_Discussion', 'AutoSens_Tech_Talk', 'Oscilloscope_Selector_Tool', 'Lab_Integration_Discussion', 'Technical_Demo', 'Lab_Integration_Discussion', 'No_Conversion']",0
L022273,Ravi Patel,Raytheon,,LATAM,,Sales Outreach,"['SQL', 'Keysight_University_Course', 'Lab_Integration_Discussion', 'Whitepaper_Download_5G_Test', 'DesignCon_Booth_Visit', 'No_Conversion']",0
L022274,,,Semiconductor,LATAM,5G Testbeds,Website,"['Technical_Demo', 'SQL', 'Application_Engineer_Call', 'Whitepaper_Download_5G_Test', 'Customer']",1
L022275,,,Automotive,Europe,,Email Campaign,"['Keysight_University_Course', 'Application_Engineer_Call', 'No_Conversion']",0
L022276,Laura Singh,,Telecom,North America,Automotive Ethernet,LinkedIn,"['Loaner_Unit_Evaluation', 'IMS_Badge_Scan', 'No_Conversion']",0
L022277,Sofia Singh,Infin_Tech,Telecom,APAC,5G Testbeds,Event,"['Keysight_Workshop_RF_Testing', 'Technical_Demo', 'AutoSens_Tech_Talk', 'Technical_Demo', 'Oscilloscope_Selector_Tool', 'Technical_Demo', 'Oscilloscope_Selector_Tool', 'No_Conversion']",0
L022278,,Sony GmbH,Electronics,North America,5G Testbeds,Sales Outreach,"['AutoSens_Tech_Talk', 'SQL', 'LinkedIn_Ad_Click', 'Application_Engineer_Call', 'SQL', 'Website_Product_Page', 'Technical_Demo', 'Website_Product_Page', 'No_Conversion']",0
L022279,Michael Patel,Rayth_Tech,,Europe,,Event,"['SQL', 'MQL', 'Technical_Demo', 'Opportunity', 'AutoSens_Tech_Talk', 'SQL', 'MQL', 'Whitepaper_Download_5G_Test', 'PathWave_Trial_Request', 'Opportunity', 'No_Conversion']",0
L022280,Maria Ito,Broad_Tech,Aerospace,,5G Testbeds,,['No_Conversion'],0
L022281,Ahmed Lee,,Telecom,LATAM,Automotive Ethernet,Website,"['SQL', 'Whitepaper_Download_5G_Test', 'Keysight_Workshop_RF_Testing', 'MQL', 'No_Conversion']",0
L022282,Ravi Singh,Sony_Tech,,Europe,5G Testbeds,,"['Website_Product_Page', 'Customer']",1
L022283,Priya Garcia,Bosch_Tech,,Europe,Oscilloscopes,,"['SQL', 'Whitepaper_Download_5G_Test', 'Keysight_Workshop_RF_Testing', 'SQL', 'Opportunity', 'Whitepaper_Download_5G_Test', 'Website_Product_Page', 'Technical_Demo', 'Opportunity', 'Customer']",1
L022284,Daniel Garcia,,Semiconductor,LATAM,PathWave Software,Event,"['SQL', 'MQL', 'PathWave_Trial_Request', 'MQL', 'No_Conversion']",0
L022285,Sarah Patel,NXPSe_Tech,Semiconductor,North America,5G Testbeds,LinkedIn,"['SQL', 'No_Conversion']",0
L022286,Chen Chen,Samsu_Tech,,North America,Automotive Ethernet,Webinar,"['Website_Product_Page', 'Keysight_Workshop_RF_Testing', 'SQL', 'IMS_Badge_Scan', 'No_Conversion']",0
L022287,Sarah Martinez,,Electronics,Europe,Oscilloscopes,Webinar,"['Keysight_Workshop_RF_Testing', 'IMS_Badge_Scan', 'Website_Product_Page', 'Keysight_Workshop_RF_Testing', 'Customer']",1
L022288,Ravi Martinez,,,APAC,5G Testbeds,Website,"['LinkedIn_Ad_Click', 'No_Conversion']",0
L022289,Sarah Lee,Broadcom GmbH,Aerospace,APAC,,Email Campaign,['No_Conversion'],0
L022290,Michael Johnson,Raytheon,Automotive,,,LinkedIn,"['Keysight_University_Course', 'No_Conversion']",0
L022291,Maria Lee,Broadcom GmbH,Semiconductor,LATAM,,Sales Outreach,"['Keysight_University_Course', 'DesignCon_Booth_Visit', 'PathWave_Trial_Request', 'Customer']",1
L022292,Hiroshi Khan,MetaC_Tech,Automotive,,,Sales Outreach,"['SQL', 'Customer']",1
L022293,Ravi Patel,Meta Connectivity Labs,,North America,Oscilloscopes,Email Campaign,"['Opportunity', 'MQL', 'AutoSens_Tech_Talk', 'Customer']",1
L022294,Michael Johnson,,,Europe,5G Testbeds,Website,"['DesignCon_Booth_Visit', 'PathWave_Trial_Request', 'Customer']",1
L022295,Chen Patel,Infineon,Telecom,APAC,Oscilloscopes,Event,['Customer'],1
L022296,Ravi Patel,Raytheon GmbH,Electronics,Europe,,Sales Outreach,"['PathWave_Trial_Request', 'Whitepaper_Download_5G_Test', 'DesignCon_Booth_Visit', 'LinkedIn_Ad_Click', 'Oscilloscope_Selector_Tool', 'Keysight_Workshop_RF_Testing', 'Technical_Demo', 'Customer']",1
L022297,Maria Johnson,Raytheon,Telecom,North America,,Event,['No_Conversion'],0
L022298,Michael Chen,Raytheon GmbH,Electronics,APAC,Automotive Ethernet,LinkedIn,"['DesignCon_Booth_Visit', 'LinkedIn_Ad_Click', 'PathWave_Trial_Request', 'Opportunity', 'Keysight_Workshop_RF_Testing', 'Loaner_Unit_Evaluation', 'Customer']",1
L022299,Sofia Patel,,Semiconductor,,,Email Campaign,['Customer'],1
L022300,Chen Garcia,,Semiconductor,,,Email Campaign,"['Website_Product_Page', 'Keysight_University_Course', 'LinkedIn_Ad_Click', 'Customer']",1
L022301,Ahmed Martinez,Samsung Electronics GmbH,,,PathWave Software,LinkedIn,['Customer'],1
L022302,Kenji Garcia,,Semiconductor,,,Webinar,['No_Conversion'],0
L022303,,,Aerospace,APAC,,,['Customer'],1
L022304,Hiroshi Johnson,,Electronics,Europe,,,"['Loaner_Unit_Evaluation', 'DesignCon_Booth_Visit', 'Keysight_Workshop_RF_Testing', 'Customer']",1
L022305,Ahmed Chen,Bosch GmbH,Automotive,,Automotive Ethernet,Event,"['DesignCon_Booth_Visit', 'No_Conversion']",0
L022306,Michael Garcia,Broadcom,Electronics,,5G Testbeds,Webinar,"['Loaner_Unit_Evaluation', 'IMS_Badge_Scan', 'Keysight_University_Course', 'Whitepaper_Download_5G_Test', 'Keysight_Workshop_RF_Testing', 'Application_Engineer_Call', 'Application_Engineer_Call', 'Loaner_Unit_Evaluation', 'Technical_Demo', 'Customer']",1
L022307,Ravi Anders,,,,Oscilloscopes,LinkedIn,"['Whitepaper_Download_5G_Test', 'SQL', 'Oscilloscope_Selector_Tool', 'No_Conversion']",0
L022308,Kenji Johnson,,Semiconductor,APAC,Oscilloscopes,Email Campaign,"['Application_Engineer_Call', 'No_Conversion']",0
L022309,,Sony,Semiconductor,APAC,,Website,"['AutoSens_Tech_Talk', 'Application_Engineer_Call', 'SQL', 'Application_Engineer_Call', 'AutoSens_Tech_Talk', 'Website_Product_Page', 'Loaner_Unit_Evaluation', 'Oscilloscope_Selector_Tool', 'No_Conversion']",0
L022310,Chen Singh,Samsung Electronics GmbH,,,5G Testbeds,Website,"['Loaner_Unit_Evaluation', 'Customer']",1
L022311,Sofia Khan,Samsung Electronics GmbH,Telecom,LATAM,Oscilloscopes,,"['Keysight_University_Course', 'Customer']",1
L022312,Maria Chen,,,LATAM,,Webinar,"['Technical_Demo', 'DesignCon_Booth_Visit', 'AutoSens_Tech_Talk', 'No_Conversion']",0
L022313,Laura Chen,MetaC_Tech,Electronics,,,Sales Outreach,['No_Conversion'],0
L022314,,Infin_Tech,,,PathWave Software,Website,"['SQL', 'Technical_Demo', 'Application_Engineer_Call', 'Opportunity', 'Technical_Demo', 'Opportunity', 'Customer']",1
L022315,,Bosch_Tech,Semiconductor,LATAM,PathWave Software,Webinar,"['MQL', 'Oscilloscope_Selector_Tool', 'Customer']",1
L022316,Ravi Chen,Bosch_Tech,Aerospace,APAC,Oscilloscopes,LinkedIn,"['SQL', 'PathWave_Trial_Request', 'DesignCon_Booth_Visit', 'Oscilloscope_Selector_Tool', 'No_Conversion']",0
L022317,Ahmed Williams,Infineon GmbH,Semiconductor,,PathWave Software,,"['Keysight_University_Course', 'Website_Product_Page', 'Keysight_Workshop_RF_Testing', 'Application_Engineer_Call', 'Keysight_University_Course', 'No_Conversion']",0
L022318,,Infin_Tech,,,Oscilloscopes,,"['DesignCon_Booth_Visit', 'IMS_Badge_Scan', 'Customer']",1
L022319,Chen Tanaka,,Semiconductor,LATAM,,LinkedIn,"['Whitepaper_Download_5G_Test', 'Lab_Integration_Discussion', 'Oscilloscope_Selector_Tool', 'DesignCon_Booth_Visit', 'Loaner_Unit_Evaluation', 'DesignCon_Booth_Visit', 'Customer']",1
L022320,Hiroshi Tanaka,Bosch_Tech,Telecom,LATAM,,Sales Outreach,"['PathWave_Trial_Request', 'DesignCon_Booth_Visit', 'MQL', 'Loaner_Unit_Evaluation', 'IMS_Badge_Scan', 'PathWave_Trial_Request', 'Customer']",1
L022321,Michael Williams,Tesla Energy,,,Automotive Ethernet,Email Campaign,"['PathWave_Trial_Request', 'Keysight_Workshop_RF_Testing', 'SQL', 'Customer']",1
L022322,Daniel Williams,Tesla_Tech,,LATAM,,LinkedIn,"['SQL', 'Keysight_University_Course', 'Keysight_Workshop_RF_Testing', 'Keysight_Workshop_RF_Testing', 'Customer']",1
L022323,Laura Khan,,Electronics,APAC,5G Testbeds,Website,"['Loaner_Unit_Evaluation', 'Website_Product_Page', 'Website_Product_Page', 'MQL', 'SQL', 'IMS_Badge_Scan', 'Keysight_Workshop_RF_Testing', 'Customer']",1
L022324,Priya Lee,,Semiconductor,,5G Testbeds,,"['IMS_Badge_Scan', 'PathWave_Trial_Request', 'Technical_Demo', 'Keysight_Workshop_RF_Testing', 'Customer']",1
L022325,Sarah Singh,,,LATAM,Automotive Ethernet,Sales Outreach,['Customer'],1
L022326,Laura Anders,Broadcom GmbH,Semiconductor,North America,,Webinar,"['SQL', 'LinkedIn_Ad_Click', 'LinkedIn_Ad_Click', 'Keysight_Workshop_RF_Testing', 'Loaner_Unit_Evaluation', 'Lab_Integration_Discussion', 'No_Conversion']",0
L022327,,,,LATAM,5G Testbeds,LinkedIn,"['DesignCon_Booth_Visit', 'No_Conversion']",0
L022328,Hiroshi Singh,Qualcomm,Aerospace,Europe,5G Testbeds,Sales Outreach,"['Keysight_University_Course', 'Opportunity', 'PathWave_Trial_Request', 'IMS_Badge_Scan', 'Application_Engineer_Call', 'Website_Product_Page', 'Loaner_Unit_Evaluation', 'Keysight_Workshop_RF_Testing', 'No_Conversion']",0
L022329,Maria Williams,Meta Connectivity Labs GmbH,Automotive,North America,,Sales Outreach,"['Whitepaper_Download_5G_Test', 'No_Conversion']",0
L022330,Hiroshi Anders,Meta Connectivity Labs,Electronics,Europe,PathWave Software,LinkedIn,"['Technical_Demo', 'Whitepaper_Download_5G_Test', 'Opportunity', 'IMS_Badge_Scan', 'No_Conversion']",0
L022331,Sarah Chen,Samsung Electronics GmbH,,APAC,,,"['Lab_Integration_Discussion', 'Loaner_Unit_Evaluation', 'MQL', 'Opportunity', 'IMS_Badge_Scan', 'Oscilloscope_Selector_Tool', 'Application_Engineer_Call', 'Customer']",1
L022332,Laura Anders,Meta Connectivity Labs,,LATAM,,LinkedIn,"['LinkedIn_Ad_Click', 'Loaner_Unit_Evaluation', 'PathWave_Trial_Request', 'Opportunity', 'AutoSens_Tech_Talk', 'Keysight_Workshop_RF_Testing', 'Customer']",1
L022333,Kenji Garcia,NXPSe_Tech,Electronics,North America,5G Testbeds,,"['MQL', 'DesignCon_Booth_Visit', 'DesignCon_Booth_Visit', 'No_Conversion']",0
L022334,Laura Patel,Broad_Tech,Telecom,LATAM,Oscilloscopes,Website,"['PathWave_Trial_Request', 'PathWave_Trial_Request', 'Customer']",1
L022335,Priya Khan,Bosch GmbH,,Europe,Oscilloscopes,Webinar,"['Oscilloscope_Selector_Tool', 'DesignCon_Booth_Visit', 'MQL', 'Website_Product_Page', 'No_Conversion']",0
L022336,,Samsung Electronics GmbH,Semiconductor,LATAM,PathWave Software,Webinar,"['SQL', 'LinkedIn_Ad_Click', 'Loaner_Unit_Evaluation', 'Technical_Demo', 'Application_Engineer_Call', 'Customer']",1
L022337,Michael Martinez,,Telecom,LATAM,5G Testbeds,,"['Technical_Demo', 'Keysight_Workshop_RF_Testing', 'AutoSens_Tech_Talk', 'Whitepaper_Download_5G_Test', 'Oscilloscope_Selector_Tool', 'No_Conversion']",0
L022338,,Meta Connectivity Labs,Telecom,LATAM,Automotive Ethernet,Webinar,"['MQL', 'Lab_Integration_Discussion', 'Whitepaper_Download_5G_Test', 'LinkedIn_Ad_Click', 'LinkedIn_Ad_Click', 'Application_Engineer_Call', 'DesignCon_Booth_Visit', 'Technical_Demo', 'Opportunity', 'No_Conversion']",0
L022339,Sarah Chen,Infin_Tech,Electronics,,5G Testbeds,Website,"['Keysight_Workshop_RF_Testing', 'Lab_Integration_Discussion', 'Loaner_Unit_Evaluation', 'Lab_Integration_Discussion', 'Customer']",1
L022340,Ravi Martinez,Sony,,Europe,,Website,"['Whitepaper_Download_5G_Test', 'PathWave_Trial_Request', 'LinkedIn_Ad_Click', 'Oscilloscope_Selector_Tool', 'SQL', 'Keysight_Workshop_RF_Testing', 'Technical_Demo', 'Customer']",1
L022341,,NXP Semiconductors,Automotive,Europe,,LinkedIn,"['Opportunity', 'Customer']",1
L022342,Laura Patel,NXP Semiconductors,,Europe,,Sales Outreach,"['LinkedIn_Ad_Click', 'Technical_Demo', 'Loaner_Unit_Evaluation', 'LinkedIn_Ad_Click', 'Whitepaper_Download_5G_Test', 'LinkedIn_Ad_Click', 'No_Conversion']",0
L022343,Ahmed Martinez,Infineon,Electronics,LATAM,Automotive Ethernet,Event,"['IMS_Badge_Scan', 'Keysight_Workshop_RF_Testing', 'Whitepaper_Download_5G_Test', 'Oscilloscope_Selector_Tool', 'Lab_Integration_Discussion', 'Whitepaper_Download_5G_Test', 'No_Conversion']",0
L022344,Sarah Chen,Broad_Tech,,LATAM,PathWave Software,Email Campaign,"['LinkedIn_Ad_Click', 'AutoSens_Tech_Talk', 'PathWave_Trial_Request', 'LinkedIn_Ad_Click', 'Opportunity', 'Technical_Demo', 'Keysight_University_Course', 'IMS_Badge_Scan', 'Customer']",1
L022345,Ravi Khan,Bosch GmbH,Telecom,,Automotive Ethernet,Event,"['PathWave_Trial_Request', 'Keysight_Workshop_RF_Testing', 'PathWave_Trial_Request', 'IMS_Badge_Scan', 'Lab_Integration_Discussion', 'No_Conversion']",0
L022346,Priya Anders,Tesla_Tech,Automotive,APAC,,Email Campaign,"['AutoSens_Tech_Talk', 'PathWave_Trial_Request', 'DesignCon_Booth_Visit', 'Opportunity', 'MQL', 'Application_Engineer_Call', 'Customer']",1
L022347,Maria Martinez,Bosch GmbH,,,Automotive Ethernet,,"['Oscilloscope_Selector_Tool', 'IMS_Badge_Scan', 'PathWave_Trial_Request', 'PathWave_Trial_Request', 'Keysight_Workshop_RF_Testing', 'Application_Engineer_Call', 'Technical_Demo', 'MQL', 'Customer']",1
L022348,Sarah Martinez,Tesla_Tech,Aerospace,,Oscilloscopes,Sales Outreach,"['LinkedIn_Ad_Click', 'Technical_Demo', 'Website_Product_Page', 'SQL', 'DesignCon_Booth_Visit', 'Customer']",1
L022349,Ahmed Williams,Samsu_Tech,Electronics,,Automotive Ethernet,,"['Website_Product_Page', 'AutoSens_Tech_Talk', 'No_Conversion']",0
L022350,Kenji Martinez,Qualc_Tech,,APAC,5G Testbeds,Email Campaign,"['LinkedIn_Ad_Click', 'DesignCon_Booth_Visit', 'IMS_Badge_Scan', 'Customer']",1
L022351,Ahmed Chen,Samsu_Tech,,LATAM,5G Testbeds,Website,"['IMS_Badge_Scan', 'Keysight_University_Course', 'Website_Product_Page', 'Keysight_University_Course', 'Whitepaper_Download_5G_Test', 'Website_Product_Page', 'Keysight_Workshop_RF_Testing', 'Loaner_Unit_Evaluation', 'LinkedIn_Ad_Click', 'DesignCon_Booth_Visit', 'No_Conversion']",0
L022352,Chen Martinez,Broadcom GmbH,Aerospace,LATAM,5G Testbeds,Email Campaign,"['LinkedIn_Ad_Click', 'LinkedIn_Ad_Click', 'Keysight_University_Course', 'No_Conversion']",0
L022353,Ahmed Singh,Bosch,,,,Webinar,"['Keysight_University_Course', 'SQL', 'MQL', 'SQL', 'No_Conversion']",0
L022354,,,Semiconductor,North America,PathWave Software,Website,"['DesignCon_Booth_Visit', 'Lab_Integration_Discussion', 'AutoSens_Tech_Talk', 'DesignCon_Booth_Visit', 'SQL', 'Website_Product_Page', 'Whitepaper_Download_5G_Test', 'Website_Product_Page', 'Keysight_Workshop_RF_Testing', 'No_Conversion']",0
L022355,Chen Lee,Sony GmbH,Aerospace,Europe,,Sales Outreach,"['PathWave_Trial_Request', 'Opportunity', 'Opportunity', 'DesignCon_Booth_Visit', 'Keysight_University_Course', 'Customer']",1
L022356,Michael Tanaka,Bosch GmbH,Electronics,Europe,5G Testbeds,Email Campaign,"['Keysight_University_Course', 'No_Conversion']",0
L022357,,Sony_Tech,Automotive,LATAM,Automotive Ethernet,LinkedIn,"['Opportunity', 'PathWave_Trial_Request', 'SQL', 'Keysight_Workshop_RF_Testing', 'Keysight_Workshop_RF_Testing', 'IMS_Badge_Scan', 'No_Conversion']",0
L022358,Chen Chen,Qualc_Tech,Semiconductor,Europe,,LinkedIn,"['Whitepaper_Download_5G_Test', 'Application_Engineer_Call', 'Opportunity', 'PathWave_Trial_Request', 'Website_Product_Page', 'MQL', 'DesignCon_Booth_Visit', 'Lab_Integration_Discussion', 'LinkedIn_Ad_Click', 'Customer']",1
L022359,Kenji Chen,Raytheon GmbH,,North America,PathWave Software,Sales Outreach,['Customer'],1
L022360,Sarah Johnson,Qualcomm,,,,,"['MQL', 'SQL', 'AutoSens_Tech_Talk', 'AutoSens_Tech_Talk', 'No_Conversion']",0
L022361,Michael Tanaka,,,North America,5G Testbeds,Email Campaign,"['AutoSens_Tech_Talk', 'Customer']",1
L022362,Kenji Lee,,,,PathWave Software,Email Campaign,"['LinkedIn_Ad_Click', 'Whitepaper_Download_5G_Test', 'Lab_Integration_Discussion', 'IMS_Badge_Scan', 'Whitepaper_Download_5G_Test', 'No_Conversion']",0
L022363,,Broadcom,,LATAM,Automotive Ethernet,Webinar,"['Keysight_Workshop_RF_Testing', 'No_Conversion']",0
L022364,Michael Anders,Sony,,APAC,Oscilloscopes,Email Campaign,"['LinkedIn_Ad_Click', 'AutoSens_Tech_Talk', 'IMS_Badge_Scan', 'Application_Engineer_Call', 'Customer']",1
L022365,,,Semiconductor,LATAM,Oscilloscopes,Sales Outreach,"['Lab_Integration_Discussion', 'SQL', 'No_Conversion']",0
L022366,Michael Khan,Tesla Energy,Aerospace,,,LinkedIn,"['Oscilloscope_Selector_Tool', 'Opportunity', 'Opportunity', 'Customer']",1
L022367,Chen Williams,Meta Connectivity Labs GmbH,Electronics,,,Email Campaign,"['Lab_Integration_Discussion', 'DesignCon_Booth_Visit', 'No_Conversion']",0
L022368,Ravi Lee,Infin_Tech,Aerospace,,PathWave Software,Email Campaign,"['SQL', 'Application_Engineer_Call', 'Keysight_Workshop_RF_Testing', 'MQL', 'No_Conversion']",0
L022369,Ahmed Patel,,Electronics,Europe,,,"['Technical_Demo', 'MQL', 'Oscilloscope_Selector_Tool', 'DesignCon_Booth_Visit', 'AutoSens_Tech_Talk', 'PathWave_Trial_Request', 'Keysight_Workshop_RF_Testing', 'Loaner_Unit_Evaluation', 'Oscilloscope_Selector_Tool', 'Website_Product_Page', 'Customer']",1
L022370,Maria Anders,Sony_Tech,,APAC,,Website,"['Application_Engineer_Call', 'Website_Product_Page', 'MQL', 'Website_Product_Page', 'LinkedIn_Ad_Click', 'Loaner_Unit_Evaluation', 'SQL', 'No_Conversion']",0
L022371,Daniel Williams,Sony,Automotive,North America,,Website,"['AutoSens_Tech_Talk', 'Lab_Integration_Discussion', 'AutoSens_Tech_Talk', 'Technical_Demo', 'SQL', 'Whitepaper_Download_5G_Test', 'Customer']",1
L022372,Laura Tanaka,NXPSe_Tech,,LATAM,5G Testbeds,LinkedIn,"['PathWave_Trial_Request', 'Technical_Demo', 'Lab_Integration_Discussion', 'Application_Engineer_Call', 'PathWave_Trial_Request', 'Lab_Integration_Discussion', 'Application_Engineer_Call', 'Opportunity', 'Customer']",1
L022373,Ahmed Anders,Tesla Energy GmbH,Aerospace,,PathWave Software,Sales Outreach,"['Website_Product_Page', 'Technical_Demo', 'DesignCon_Booth_Visit', 'Keysight_Workshop_RF_Testing', 'SQL', 'MQL', 'SQL', 'No_Conversion']",0
L022374,Hiroshi Khan,NXP Semiconductors GmbH,,LATAM,Automotive Ethernet,Webinar,"['Keysight_University_Course', 'Customer']",1
L022375,Maria Johnson,NXP Semiconductors GmbH,,North America,Automotive Ethernet,LinkedIn,"['Lab_Integration_Discussion', 'Oscilloscope_Selector_Tool', 'Keysight_Workshop_RF_Testing', 'Website_Product_Page', 'PathWave_Trial_Request', 'DesignCon_Booth_Visit', 'AutoSens_Tech_Talk', 'No_Conversion']",0
L022376,,Meta Connectivity Labs GmbH,,,Oscilloscopes,Event,"['IMS_Badge_Scan', 'LinkedIn_Ad_Click', 'Website_Product_Page', 'PathWave_Trial_Request', 'AutoSens_Tech_Talk', 'Customer']",1
L022377,Kenji Tanaka,Meta Connectivity Labs GmbH,Semiconductor,APAC,,LinkedIn,"['Application_Engineer_Call', 'Loaner_Unit_Evaluation', 'Customer']",1
L022378,Hiroshi Ito,Samsung Electronics GmbH,Automotive,LATAM,5G Testbeds,Webinar,"['IMS_Badge_Scan', 'LinkedIn_Ad_Click', 'Website_Product_Page', 'DesignCon_Booth_Visit', 'IMS_Badge_Scan', 'Customer']",1
L022379,Michael Khan,Infin_Tech,,Europe,,Website,"['Keysight_Workshop_RF_Testing', 'DesignCon_Booth_Visit', 'IMS_Badge_Scan', 'Keysight_Workshop_RF_Testing', 'No_Conversion']",0
L022380,Michael Chen,Meta Connectivity Labs,,LATAM,5G Testbeds,Webinar,"['Oscilloscope_Selector_Tool', 'DesignCon_Booth_Visit', 'IMS_Badge_Scan', 'PathWave_Trial_Request', 'Loaner_Unit_Evaluation', 'No_Conversion']",0
L022381,,Bosch,Aerospace,LATAM,PathWave Software,,"['IMS_Badge_Scan', 'SQL', 'SQL', 'Lab_Integration_Discussion', 'No_Conversion']",0
L022382,Daniel Tanaka,Sony GmbH,,North America,Automotive Ethernet,Website,"['Oscilloscope_Selector_Tool', 'AutoSens_Tech_Talk', 'Technical_Demo', 'SQL', 'AutoSens_Tech_Talk', 'Opportunity', 'No_Conversion']",0
L022383,,,Automotive,APAC,,,"['Application_Engineer_Call', 'Application_Engineer_Call', 'Keysight_Workshop_RF_Testing', 'Technical_Demo', 'Technical_Demo', 'Keysight_Workshop_RF_Testing', 'Website_Product_Page', 'No_Conversion']",0
L022384,Ravi Khan,Qualc_Tech,Aerospace,LATAM,5G Testbeds,Sales Outreach,"['Application_Engineer_Call', 'AutoSens_Tech_Talk', 'Loaner_Unit_Evaluation', 'Lab_Integration_Discussion', 'No_Conversion']",0
L022385,Chen Khan,,,Europe,,LinkedIn,"['Whitepaper_Download_5G_Test', 'DesignCon_Booth_Visit', 'Application_Engineer_Call', 'Keysight_Workshop_RF_Testing', 'SQL', 'Oscilloscope_Selector_Tool', 'Customer']",1
L022386,Ahmed Tanaka,Samsu_Tech,Electronics,,,Email Campaign,"['SQL', 'Application_Engineer_Call', 'Application_Engineer_Call', 'Customer']",1
L022387,,NXP Semiconductors GmbH,,Europe,Oscilloscopes,,"['SQL', 'No_Conversion']",0
L022388,Chen Khan,Samsu_Tech,Automotive,LATAM,5G Testbeds,Webinar,"['IMS_Badge_Scan', 'IMS_Badge_Scan', 'IMS_Badge_Scan', 'Website_Product_Page', 'Technical_Demo', 'DesignCon_Booth_Visit', 'Whitepaper_Download_5G_Test', 'Customer']",1
L022389,Michael Garcia,Samsung Electronics GmbH,Aerospace,APAC,Oscilloscopes,Email Campaign,"['Lab_Integration_Discussion', 'No_Conversion']",0
L022390,Sofia Lee,NXP Semiconductors,Automotive,Europe,PathWave Software,Webinar,"['Keysight_University_Course', 'Keysight_University_Course', 'IMS_Badge_Scan', 'Application_Engineer_Call', 'Oscilloscope_Selector_Tool', 'IMS_Badge_Scan', 'SQL', 'Loaner_Unit_Evaluation', 'No_Conversion']",0
L022391,Sarah Lee,Qualc_Tech,,LATAM,,,"['PathWave_Trial_Request', 'Keysight_Workshop_RF_Testing', 'Keysight_University_Course', 'Application_Engineer_Call', 'IMS_Badge_Scan', 'Keysight_Workshop_RF_Testing', 'LinkedIn_Ad_Click', 'Lab_Integration_Discussion', 'Opportunity', 'No_Conversion']",0
L022392,Sarah Tanaka,,,,,Email Campaign,"['Whitepaper_Download_5G_Test', 'IMS_Badge_Scan', 'Keysight_Workshop_RF_Testing', 'Keysight_Workshop_RF_Testing', 'Keysight_Workshop_RF_Testing', 'No_Conversion']",0
L022393,,Broad_Tech,Automotive,Europe,,,"['AutoSens_Tech_Talk', 'Website_Product_Page', 'DesignCon_Booth_Visit', 'Loaner_Unit_Evaluation', 'Application_Engineer_Call', 'Oscilloscope_Selector_Tool', 'Loaner_Unit_Evaluation', 'Application_Engineer_Call', 'SQL', 'LinkedIn_Ad_Click', 'No_Conversion']",0
L022394,Laura Khan,Infin_Tech,Aerospace,North America,Oscilloscopes,Event,"['DesignCon_Booth_Visit', 'Opportunity', 'Application_Engineer_Call', 'MQL', 'Opportunity', 'Loaner_Unit_Evaluation', 'AutoSens_Tech_Talk', 'Application_Engineer_Call', 'SQL', 'No_Conversion']",0
L022395,Chen Singh,Samsung Electronics GmbH,Semiconductor,,Oscilloscopes,Event,"['Whitepaper_Download_5G_Test', 'Keysight_University_Course', 'DesignCon_Booth_Visit', 'Customer']",1
L022396,Hiroshi Williams,,,LATAM,,Website,"['Lab_Integration_Discussion', 'Oscilloscope_Selector_Tool', 'No_Conversion']",0
L022397,Daniel Singh,,Aerospace,,Automotive Ethernet,Website,"['MQL', 'DesignCon_Booth_Visit', 'IMS_Badge_Scan', 'Website_Product_Page', 'No_Conversion']",0
L022398,Chen Tanaka,Broad_Tech,Semiconductor,LATAM,Automotive Ethernet,,"['IMS_Badge_Scan', 'IMS_Badge_Scan', 'Lab_Integration_Discussion', 'MQL', 'Customer']",1
L022399,,,Telecom,LATAM,5G Testbeds,LinkedIn,['Customer'],1
L022400,,Sony GmbH,Electronics,North America,Automotive Ethernet,,"['AutoSens_Tech_Talk', 'LinkedIn_Ad_Click', 'SQL', 'SQL', 'Customer']",1
L022401,Michael Martinez,Infin_Tech,,APAC,PathWave Software,Sales Outreach,"['Lab_Integration_Discussion', 'No_Conversion']",0
L022402,Ravi Patel,NXPSe_Tech,Telecom,Europe,,Event,"['Technical_Demo', 'Customer']",1
L022403,Sarah Patel,,Aerospace,APAC,PathWave Software,Event,"['Keysight_Workshop_RF_Testing', 'Technical_Demo', 'Application_Engineer_Call', 'Technical_Demo', 'No_Conversion']",0
L022404,,,Electronics,Europe,,,"['Keysight_University_Course', 'Oscilloscope_Selector_Tool', 'Technical_Demo', 'Oscilloscope_Selector_Tool', 'Customer']",1
L022405,Sarah Martinez,Meta Connectivity Labs,Semiconductor,APAC,PathWave Software,Event,"['Technical_Demo', 'Keysight_University_Course', 'LinkedIn_Ad_Click', 'Oscilloscope_Selector_Tool', 'Whitepaper_Download_5G_Test', 'Customer']",1
L022406,Laura Lee,MetaC_Tech,Electronics,North America,,Event,"['AutoSens_Tech_Talk', 'No_Conversion']",0
L022407,Maria Williams,Meta Connectivity Labs GmbH,Semiconductor,LATAM,Oscilloscopes,Webinar,['No_Conversion'],0
L022408,,NXP Semiconductors,Telecom,North America,,Event,"['Loaner_Unit_Evaluation', 'PathWave_Trial_Request', 'DesignCon_Booth_Visit', 'No_Conversion']",0
L022409,Michael Chen,Sony,Automotive,APAC,5G Testbeds,Sales Outreach,"['Keysight_University_Course', 'Keysight_Workshop_RF_Testing', 'SQL', 'Customer']",1
L022410,Chen Singh,Broadcom,Telecom,North America,PathWave Software,Webinar,"['AutoSens_Tech_Talk', 'Oscilloscope_Selector_Tool', 'No_Conversion']",0
L022411,Sofia Chen,NXP Semiconductors,Electronics,,,Event,"['Whitepaper_Download_5G_Test', 'PathWave_Trial_Request', 'SQL', 'Lab_Integration_Discussion', 'Customer']",1
L022412,Priya Khan,Raytheon,Automotive,APAC,5G Testbeds,,"['IMS_Badge_Scan', 'IMS_Badge_Scan', 'Lab_Integration_Discussion', 'Opportunity', 'No_Conversion']",0
L022413,,,Telecom,LATAM,,Event,"['Loaner_Unit_Evaluation', 'DesignCon_Booth_Visit', 'Loaner_Unit_Evaluation', 'SQL', 'IMS_Badge_Scan', 'Loaner_Unit_Evaluation', 'IMS_Badge_Scan', 'Whitepaper_Download_5G_Test', 'No_Conversion']",0
L022414,Maria Patel,Qualcomm GmbH,Automotive,,PathWave Software,,"['Lab_Integration_Discussion', 'SQL', 'Customer']",1
L022415,Hiroshi Patel,Qualc_Tech,,,Automotive Ethernet,,"['Whitepaper_Download_5G_Test', 'Keysight_Workshop_RF_Testing', 'SQL', 'No_Conversion']",0
L022416,Ahmed Martinez,Tesla_Tech,Aerospace,APAC,Automotive Ethernet,Email Campaign,"['Keysight_University_Course', 'Technical_Demo', 'Whitepaper_Download_5G_Test', 'Keysight_Workshop_RF_Testing', 'Loaner_Unit_Evaluation', 'Website_Product_Page', 'LinkedIn_Ad_Click', 'Customer']",1
L022417,Kenji Khan,Qualc_Tech,Semiconductor,LATAM,Oscilloscopes,Email Campaign,['No_Conversion'],0
L022418,Priya Khan,Qualcomm GmbH,,Europe,,Webinar,"['Whitepaper_Download_5G_Test', 'Application_Engineer_Call', 'IMS_Badge_Scan', 'No_Conversion']",0
L022419,Priya Anders,Samsung Electronics GmbH,Aerospace,APAC,,,"['Opportunity', 'Whitepaper_Download_5G_Test', 'Website_Product_Page', 'No_Conversion']",0
L022420,Ravi Garcia,Sony_Tech,Electronics,,,Webinar,"['Application_Engineer_Call', 'Oscilloscope_Selector_Tool', 'SQL', 'Lab_Integration_Discussion', 'Customer']",1
L022421,Kenji Chen,Sony,,North America,,Email Campaign,['Customer'],1
L022422,Priya Garcia,MetaC_Tech,Electronics,LATAM,,Sales Outreach,"['Whitepaper_Download_5G_Test', 'SQL', 'DesignCon_Booth_Visit', 'No_Conversion']",0
L022423,Hiroshi Williams,Samsu_Tech,Automotive,,,Event,"['IMS_Badge_Scan', 'PathWave_Trial_Request', 'Whitepaper_Download_5G_Test', 'Keysight_University_Course', 'No_Conversion']",0
L022424,Michael Williams,Samsu_Tech,,LATAM,,Event,['No_Conversion'],0
L022425,Ravi Ito,Bosch_Tech,Semiconductor,APAC,,Event,"['LinkedIn_Ad_Click', 'IMS_Badge_Scan', 'Application_Engineer_Call', 'Lab_Integration_Discussion', 'Technical_Demo', 'LinkedIn_Ad_Click', 'Keysight_University_Course', 'AutoSens_Tech_Talk', 'Customer']",1
L022426,Daniel Tanaka,Bosch,Semiconductor,APAC,PathWave Software,Email Campaign,"['Technical_Demo', 'IMS_Badge_Scan', 'LinkedIn_Ad_Click', 'No_Conversion']",0
L022427,Maria Patel,NXP Semiconductors GmbH,Aerospace,APAC,Automotive Ethernet,Event,"['Whitepaper_Download_5G_Test', 'AutoSens_Tech_Talk', 'Customer']",1
L022428,Ahmed Garcia,Samsung Electronics GmbH,Automotive,APAC,Oscilloscopes,Website,['Customer'],1
L022429,Laura Singh,Tesla_Tech,Aerospace,,PathWave Software,Event,"['DesignCon_Booth_Visit', 'Oscilloscope_Selector_Tool', 'Keysight_Workshop_RF_Testing', 'Oscilloscope_Selector_Tool', 'Lab_Integration_Discussion', 'Keysight_Workshop_RF_Testing', 'No_Conversion']",0
L022430,Ahmed Williams,Infin_Tech,,,5G Testbeds,Email Campaign,"['Oscilloscope_Selector_Tool', 'AutoSens_Tech_Talk', 'DesignCon_Booth_Visit', 'AutoSens_Tech_Talk', 'AutoSens_Tech_Talk', 'Application_Engineer_Call', 'Oscilloscope_Selector_Tool', 'Customer']",1
L022431,Kenji Williams,Broadcom GmbH,,APAC,,Email Campaign,"['Lab_Integration_Discussion', 'DesignCon_Booth_Visit', 'Application_Engineer_Call', 'Lab_Integration_Discussion', 'DesignCon_Booth_Visit', 'Loaner_Unit_Evaluation', 'No_Conversion']",0
L022432,Sarah Williams,Infineon GmbH,Telecom,,,Email Campaign,"['Keysight_Workshop_RF_Testing', 'Technical_Demo', 'Loaner_Unit_Evaluation', 'LinkedIn_Ad_Click', 'Customer']",1
L022433,Maria Lee,,,Europe,Automotive Ethernet,,"['SQL', 'DesignCon_Booth_Visit', 'PathWave_Trial_Request', 'Whitepaper_Download_5G_Test', 'Whitepaper_Download_5G_Test', 'AutoSens_Tech_Talk', 'Keysight_University_Course', 'IMS_Badge_Scan', 'SQL', 'DesignCon_Booth_Visit', 'Customer']",1
L022434,Sarah Garcia,,,Europe,,Email Campaign,"['Keysight_University_Course', 'Opportunity', 'Website_Product_Page', 'No_Conversion']",0
L022435,,NXP Semiconductors,,North America,,Webinar,"['LinkedIn_Ad_Click', 'Lab_Integration_Discussion', 'Customer']",1
L022436,Daniel Tanaka,Bosch GmbH,Telecom,,,Webinar,"['PathWave_Trial_Request', 'IMS_Badge_Scan', 'Keysight_University_Course', 'IMS_Badge_Scan', 'No_Conversion']",0
L022437,Chen Singh,,Electronics,LATAM,,Website,['No_Conversion'],0
L022438,Michael Williams,Sony,,Europe,Automotive Ethernet,Email Campaign,"['Oscilloscope_Selector_Tool', 'No_Conversion']",0
L022439,Michael Tanaka,,,LATAM,Oscilloscopes,,['No_Conversion'],0
L022440,Ravi Lee,Qualc_Tech,Automotive,APAC,,Website,"['IMS_Badge_Scan', 'Oscilloscope_Selector_Tool', 'Technical_Demo', 'Loaner_Unit_Evaluation', 'No_Conversion']",0
L022441,Hiroshi Patel,Tesla Energy GmbH,Automotive,Europe,,Email Campaign,['No_Conversion'],0
L022442,,Tesla_Tech,,Europe,Oscilloscopes,Sales Outreach,"['MQL', 'Technical_Demo', 'Application_Engineer_Call', 'No_Conversion']",0
L022443,Maria Williams,Tesla Energy GmbH,Telecom,North America,Oscilloscopes,Event,"['Website_Product_Page', 'Website_Product_Page', 'Keysight_Workshop_RF_Testing', 'Keysight_Workshop_RF_Testing', 'Keysight_University_Course', 'Lab_Integration_Discussion', 'Application_Engineer_Call', 'Keysight_Workshop_RF_Testing', 'Customer']",1
L022444,Sarah Anders,Qualc_Tech,Automotive,APAC,,Email Campaign,"['Loaner_Unit_Evaluation', 'LinkedIn_Ad_Click', 'Customer']",1
L022445,Kenji Anders,MetaC_Tech,Telecom,LATAM,Oscilloscopes,Email Campaign,"['LinkedIn_Ad_Click', 'IMS_Badge_Scan', 'No_Conversion']",0
L022446,,Bosch_Tech,Aerospace,North America,,LinkedIn,"['Lab_Integration_Discussion', 'SQL', 'MQL', 'No_Conversion']",0
L022447,Ravi Tanaka,,Telecom,Europe,Automotive Ethernet,Website,"['Lab_Integration_Discussion', 'Website_Product_Page', 'Website_Product_Page', 'Website_Product_Page', 'LinkedIn_Ad_Click', 'Whitepaper_Download_5G_Test', 'No_Conversion']",0
L022448,Ravi Johnson,Sony,,APAC,Oscilloscopes,LinkedIn,"['Technical_Demo', 'AutoSens_Tech_Talk', 'Whitepaper_Download_5G_Test', 'Customer']",1
L022449,Ravi Patel,Samsung Electronics GmbH,,LATAM,Automotive Ethernet,Sales Outreach,['Customer'],1
L022450,Maria Ito,Infineon GmbH,Semiconductor,North America,,Sales Outreach,"['DesignCon_Booth_Visit', 'DesignCon_Booth_Visit', 'SQL', 'SQL', 'No_Conversion']",0
L022451,Maria Johnson,NXP Semiconductors GmbH,Electronics,LATAM,Oscilloscopes,Email Campaign,"['MQL', 'SQL', 'Keysight_Workshop_RF_Testing', 'SQL', 'PathWave_Trial_Request', 'No_Conversion']",0
L022452,Michael Lee,Tesla Energy,,,PathWave Software,Sales Outreach,"['Lab_Integration_Discussion', 'Technical_Demo', 'Keysight_University_Course', 'SQL', 'Keysight_University_Course', 'No_Conversion']",0
L022453,,Tesla Energy,Automotive,LATAM,PathWave Software,Website,"['AutoSens_Tech_Talk', 'Technical_Demo', 'DesignCon_Booth_Visit', 'No_Conversion']",0
L022454,Kenji Patel,Broad_Tech,,Europe,,Sales Outreach,"['IMS_Badge_Scan', 'LinkedIn_Ad_Click', 'Keysight_University_Course', 'Lab_Integration_Discussion', 'Customer']",1
L022455,Kenji Singh,Tesla_Tech,Aerospace,,,Email Campaign,"['Technical_Demo', 'Website_Product_Page', 'SQL', 'LinkedIn_Ad_Click', 'Lab_Integration_Discussion', 'Customer']",1
L022456,Michael Ito,Sony_Tech,,North America,PathWave Software,Sales Outreach,"['SQL', 'Technical_Demo', 'AutoSens_Tech_Talk', 'No_Conversion']",0
L022457,Sarah Lee,,,,,LinkedIn,"['LinkedIn_Ad_Click', 'Customer']",1
L022458,Sarah Williams,Qualcomm,Aerospace,Europe,PathWave Software,Website,"['Lab_Integration_Discussion', 'DesignCon_Booth_Visit', 'Oscilloscope_Selector_Tool', 'Opportunity', 'Keysight_University_Course', 'No_Conversion']",0
L022459,Michael Martinez,,,Europe,PathWave Software,Email Campaign,"['Opportunity', 'DesignCon_Booth_Visit', 'No_Conversion']",0
L022460,Daniel Ito,Tesla_Tech,,APAC,,Event,"['Oscilloscope_Selector_Tool', 'IMS_Badge_Scan', 'Customer']",1
L022461,Laura Ito,NXPSe_Tech,Telecom,,,Event,"['MQL', 'Opportunity', 'Opportunity', 'Technical_Demo', 'Oscilloscope_Selector_Tool', 'No_Conversion']",0
L022462,Sarah Anders,Infineon GmbH,Telecom,Europe,5G Testbeds,Website,"['Opportunity', 'Lab_Integration_Discussion', 'Technical_Demo', 'Loaner_Unit_Evaluation', 'LinkedIn_Ad_Click', 'Customer']",1
L022463,Maria Chen,Samsung Electronics GmbH,Aerospace,North America,PathWave Software,Sales Outreach,"['Oscilloscope_Selector_Tool', 'Opportunity', 'Lab_Integration_Discussion', 'LinkedIn_Ad_Click', 'IMS_Badge_Scan', 'Application_Engineer_Call', 'No_Conversion']",0
L022464,Ravi Singh,Qualcomm,Telecom,,5G Testbeds,Website,"['Loaner_Unit_Evaluation', 'No_Conversion']",0
L022465,Kenji Singh,,Semiconductor,LATAM,5G Testbeds,Sales Outreach,['Customer'],1
L022466,Ahmed Singh,Sony_Tech,Telecom,North America,,Event,"['Technical_Demo', 'Technical_Demo', 'Whitepaper_Download_5G_Test', 'Keysight_University_Course', 'No_Conversion']",0
L022467,Ravi Singh,NXP Semiconductors,Automotive,APAC,,,"['Keysight_Workshop_RF_Testing', 'Keysight_Workshop_RF_Testing', 'No_Conversion']",0
L022468,Daniel Tanaka,,Automotive,Europe,,Sales Outreach,"['PathWave_Trial_Request', 'Opportunity', 'DesignCon_Booth_Visit', 'LinkedIn_Ad_Click', 'SQL', 'SQL', 'Keysight_University_Course', 'DesignCon_Booth_Visit', 'Oscilloscope_Selector_Tool', 'Technical_Demo', 'Customer']",1
L022469,Maria Johnson,,Electronics,Europe,Oscilloscopes,Webinar,"['Keysight_Workshop_RF_Testing', 'IMS_Badge_Scan', 'MQL', 'No_Conversion']",0
L022470,Ahmed Anders,MetaC_Tech,Aerospace,LATAM,,Email Campaign,"['Website_Product_Page', 'Application_Engineer_Call', 'SQL', 'Keysight_University_Course', 'PathWave_Trial_Request', 'SQL', 'MQL', 'Whitepaper_Download_5G_Test', 'Whitepaper_Download_5G_Test', 'SQL', 'No_Conversion']",0
L022471,Ravi Tanaka,,Aerospace,APAC,5G Testbeds,Webinar,['No_Conversion'],0
L022472,Ravi Williams,Bosch GmbH,,North America,5G Testbeds,LinkedIn,"['Whitepaper_Download_5G_Test', 'Website_Product_Page', 'Loaner_Unit_Evaluation', 'Oscilloscope_Selector_Tool', 'PathWave_Trial_Request', 'Customer']",1
L022473,,Broadcom,Automotive,Europe,,Event,"['Oscilloscope_Selector_Tool', 'Website_Product_Page', 'Loaner_Unit_Evaluation', 'Customer']",1
L022474,Priya Patel,Bosch,Electronics,LATAM,Automotive Ethernet,Sales Outreach,"['Application_Engineer_Call', 'AutoSens_Tech_Talk', 'Technical_Demo', 'Lab_Integration_Discussion', 'DesignCon_Booth_Visit', 'Customer']",1
L022475,Priya Ito,Meta Connectivity Labs GmbH,Aerospace,North America,,,"['Website_Product_Page', 'IMS_Badge_Scan', 'Customer']",1
L022476,Sofia Lee,,Electronics,LATAM,PathWave Software,LinkedIn,"['PathWave_Trial_Request', 'Application_Engineer_Call', 'Opportunity', 'LinkedIn_Ad_Click', 'Keysight_Workshop_RF_Testing', 'SQL', 'No_Conversion']",0
L022477,Hiroshi Chen,,Telecom,APAC,PathWave Software,Sales Outreach,"['PathWave_Trial_Request', 'Customer']",1
L022478,Michael Williams,Tesla Energy,,North America,,Sales Outreach,"['AutoSens_Tech_Talk', 'IMS_Badge_Scan', 'Keysight_Workshop_RF_Testing', 'DesignCon_Booth_Visit', 'Technical_Demo', 'Lab_Integration_Discussion', 'Loaner_Unit_Evaluation', 'SQL', 'Website_Product_Page', 'Website_Product_Page', 'Customer']",1
L022479,Priya Martinez,Tesla_Tech,,APAC,Oscilloscopes,Sales Outreach,"['Application_Engineer_Call', 'No_Conversion']",0
L022480,Sofia Garcia,NXP Semiconductors GmbH,,APAC,PathWave Software,Event,"['AutoSens_Tech_Talk', 'MQL', 'Keysight_University_Course', 'PathWave_Trial_Request', 'No_Conversion']",0
L022481,Sarah Khan,Raytheon,Telecom,,,Webinar,"['Keysight_University_Course', 'Opportunity', 'Loaner_Unit_Evaluation', 'Oscilloscope_Selector_Tool', 'Keysight_Workshop_RF_Testing', 'No_Conversion']",0
L022482,Laura Johnson,,Telecom,,,Sales Outreach,"['PathWave_Trial_Request', 'Application_Engineer_Call', 'No_Conversion']",0
L022483,Michael Lee,Broad_Tech,Automotive,North America,,Website,['No_Conversion'],0
L022484,Sofia Ito,Infineon,Aerospace,North America,PathWave Software,LinkedIn,"['DesignCon_Booth_Visit', 'Keysight_University_Course', 'Technical_Demo', 'Customer']",1
L022485,Chen Patel,Meta Connectivity Labs,Telecom,Europe,,Sales Outreach,"['Technical_Demo', 'DesignCon_Booth_Visit', 'SQL', 'Customer']",1
L022486,Hiroshi Johnson,MetaC_Tech,Semiconductor,LATAM,,Event,"['Lab_Integration_Discussion', 'Whitepaper_Download_5G_Test', 'Keysight_Workshop_RF_Testing', 'IMS_Badge_Scan', 'Customer']",1
L022487,Ravi Ito,NXP Semiconductors GmbH,Semiconductor,LATAM,5G Testbeds,,"['Application_Engineer_Call', 'SQL', 'Customer']",1
L022488,Priya Anders,NXP Semiconductors GmbH,Aerospace,LATAM,Automotive Ethernet,Event,"['Whitepaper_Download_5G_Test', 'Keysight_Workshop_RF_Testing', 'DesignCon_Booth_Visit', 'Application_Engineer_Call', 'Keysight_University_Course', 'IMS_Badge_Scan', 'Keysight_University_Course', 'Customer']",1
L022489,Kenji Lee,Qualcomm,Aerospace,APAC,PathWave Software,Webinar,"['Whitepaper_Download_5G_Test', 'Keysight_Workshop_RF_Testing', 'Website_Product_Page', 'LinkedIn_Ad_Click', 'Customer']",1
L022490,Sofia Ito,,Semiconductor,LATAM,,,['Customer'],1
L022491,Kenji Johnson,Bosch GmbH,Automotive,,PathWave Software,Webinar,"['DesignCon_Booth_Visit', 'Website_Product_Page', 'IMS_Badge_Scan', 'LinkedIn_Ad_Click', 'Customer']",1
L022492,Sarah Garcia,Qualc_Tech,,,PathWave Software,Sales Outreach,"['SQL', 'No_Conversion']",0
L022493,,Infin_Tech,Telecom,APAC,Oscilloscopes,Website,"['Website_Product_Page', 'AutoSens_Tech_Talk', 'Loaner_Unit_Evaluation', 'AutoSens_Tech_Talk', 'Customer']",1
L022494,Laura Chen,Rayth_Tech,Semiconductor,Europe,Automotive Ethernet,Email Campaign,"['IMS_Badge_Scan', 'Loaner_Unit_Evaluation', 'DesignCon_Booth_Visit', 'Oscilloscope_Selector_Tool', 'Customer']",1
L022495,Sarah Singh,Rayth_Tech,Automotive,APAC,Oscilloscopes,Sales Outreach,"['Application_Engineer_Call', 'DesignCon_Booth_Visit', 'Opportunity', 'Keysight_University_Course', 'Opportunity', 'Customer']",1
L022496,Sofia Patel,Rayth_Tech,Semiconductor,APAC,,Email Campaign,"['AutoSens_Tech_Talk', 'Technical_Demo', 'IMS_Badge_Scan', 'MQL', 'LinkedIn_Ad_Click', 'Opportunity', 'Customer']",1
L022497,Priya Ito,,Electronics,APAC,,Sales Outreach,"['Lab_Integration_Discussion', 'Website_Product_Page', 'Keysight_University_Course', 'PathWave_Trial_Request', 'Customer']",1
L022498,Michael Martinez,Tesla_Tech,Aerospace,,PathWave Software,LinkedIn,"['SQL', 'Keysight_University_Course', 'Keysight_University_Course', 'Customer']",1
L022499,Hiroshi Johnson,Raytheon GmbH,Automotive,Europe,,,"['Keysight_University_Course', 'No_Conversion']",0
L022500,Hiroshi Tanaka,Tesla Energy GmbH,Telecom,Europe,Automotive Ethernet,Event,"['Lab_Integration_Discussion', 'No_Conversion']",0
L022501,Ravi Johnson,,Semiconductor,Europe,PathWave Software,LinkedIn,"['LinkedIn_Ad_Click', 'Oscilloscope_Selector_Tool', 'Oscilloscope_Selector_Tool', 'MQL', 'IMS_Badge_Scan', 'Website_Product_Page', 'Keysight_University_Course', 'Website_Product_Page', 'Customer']",1
L022502,Sarah Garcia,,Electronics,Europe,PathWave Software,Webinar,"['DesignCon_Booth_Visit', 'Whitepaper_Download_5G_Test', 'Keysight_Workshop_RF_Testing', 'Oscilloscope_Selector_Tool', 'IMS_Badge_Scan', 'No_Conversion']",0
L022503,Hiroshi Garcia,Qualcomm GmbH,Aerospace,,Automotive Ethernet,LinkedIn,"['Application_Engineer_Call', 'Whitepaper_Download_5G_Test', 'Oscilloscope_Selector_Tool', 'Whitepaper_Download_5G_Test', 'PathWave_Trial_Request', 'Keysight_University_Course', 'AutoSens_Tech_Talk', 'Application_Engineer_Call', 'Technical_Demo', 'No_Conversion']",0
L022504,Daniel Chen,Samsung Electronics,Electronics,,Oscilloscopes,Event,"['Opportunity', 'Keysight_Workshop_RF_Testing', 'Oscilloscope_Selector_Tool', 'Opportunity', 'DesignCon_Booth_Visit', 'PathWave_Trial_Request', 'DesignCon_Booth_Visit', 'IMS_Badge_Scan', 'Website_Product_Page', 'Customer']",1
L022505,Chen Garcia,Raytheon,,,PathWave Software,Website,"['PathWave_Trial_Request', 'Lab_Integration_Discussion', 'LinkedIn_Ad_Click', 'LinkedIn_Ad_Click', 'Loaner_Unit_Evaluation', 'PathWave_Trial_Request', 'Opportunity', 'IMS_Badge_Scan', 'Keysight_University_Course', 'No_Conversion']",0
L022506,Maria Garcia,,Electronics,Europe,,,['Customer'],1
L022507,Sarah Singh,Qualcomm GmbH,Aerospace,LATAM,Oscilloscopes,Webinar,['No_Conversion'],0
L022508,Laura Chen,Raytheon GmbH,Semiconductor,North America,Automotive Ethernet,Webinar,"['AutoSens_Tech_Talk', 'DesignCon_Booth_Visit', 'Lab_Integration_Discussion', 'Website_Product_Page', 'SQL', 'Application_Engineer_Call', 'Technical_Demo', 'Keysight_University_Course', 'Customer']",1
L022509,Chen Khan,Broadcom,Semiconductor,LATAM,Automotive Ethernet,,"['SQL', 'IMS_Badge_Scan', 'Keysight_Workshop_RF_Testing', 'Opportunity', 'Opportunity', 'DesignCon_Booth_Visit', 'Lab_Integration_Discussion', 'Customer']",1
L022510,Hiroshi Chen,Bosch_Tech,Electronics,LATAM,,LinkedIn,"['Application_Engineer_Call', 'Keysight_University_Course', 'Lab_Integration_Discussion', 'Lab_Integration_Discussion', 'No_Conversion']",0
L022511,Laura Patel,Tesla Energy,Telecom,Europe,,Webinar,"['Loaner_Unit_Evaluation', 'MQL', 'Loaner_Unit_Evaluation', 'LinkedIn_Ad_Click', 'Oscilloscope_Selector_Tool', 'Opportunity', 'Lab_Integration_Discussion', 'Customer']",1
L022512,Priya Williams,Qualc_Tech,,LATAM,PathWave Software,LinkedIn,"['Oscilloscope_Selector_Tool', 'Oscilloscope_Selector_Tool', 'SQL', 'MQL', 'Customer']",1
L022513,,,,,Automotive Ethernet,LinkedIn,"['MQL', 'PathWave_Trial_Request', 'Oscilloscope_Selector_Tool', 'Customer']",1
L022514,,Broadcom GmbH,,,Oscilloscopes,Website,"['Loaner_Unit_Evaluation', 'AutoSens_Tech_Talk', 'SQL', 'Keysight_Workshop_RF_Testing', 'Loaner_Unit_Evaluation', 'LinkedIn_Ad_Click', 'Customer']",1
L022515,Sofia Garcia,Samsung Electronics GmbH,,North America,Automotive Ethernet,Website,"['AutoSens_Tech_Talk', 'Customer']",1
L022516,Michael Tanaka,Bosch GmbH,,LATAM,,Event,"['Opportunity', 'SQL', 'Keysight_Workshop_RF_Testing', 'SQL', 'LinkedIn_Ad_Click', 'PathWave_Trial_Request', 'MQL', 'No_Conversion']",0
L022517,Ahmed Johnson,NXP Semiconductors,Telecom,North America,Automotive Ethernet,LinkedIn,"['Technical_Demo', 'IMS_Badge_Scan', 'Customer']",1
L022518,,Sony GmbH,Automotive,LATAM,,Event,"['Keysight_University_Course', 'Keysight_Workshop_RF_Testing', 'Application_Engineer_Call', 'SQL', 'No_Conversion']",0
L022519,Sofia Garcia,NXPSe_Tech,Aerospace,LATAM,,Event,"['Application_Engineer_Call', 'DesignCon_Booth_Visit', 'LinkedIn_Ad_Click', 'Opportunity', 'No_Conversion']",0
L022520,Ahmed Martinez,Infin_Tech,Aerospace,APAC,,Webinar,['Customer'],1
L022521,Hiroshi Johnson,Samsu_Tech,Aerospace,,PathWave Software,Sales Outreach,"['PathWave_Trial_Request', 'Lab_Integration_Discussion', 'Application_Engineer_Call', 'LinkedIn_Ad_Click', 'Keysight_University_Course', 'No_Conversion']",0
L022522,,Bosch GmbH,,,Oscilloscopes,Email Campaign,"['Website_Product_Page', 'Lab_Integration_Discussion', 'DesignCon_Booth_Visit', 'No_Conversion']",0
L022523,Priya Ito,Broad_Tech,,APAC,Automotive Ethernet,LinkedIn,['Customer'],1
L022524,Laura Martinez,Qualcomm GmbH,Telecom,LATAM,,Event,"['Technical_Demo', 'MQL', 'Whitepaper_Download_5G_Test', 'MQL', 'Whitepaper_Download_5G_Test', 'DesignCon_Booth_Visit', 'No_Conversion']",0
L022525,Laura Garcia,Qualcomm GmbH,Aerospace,APAC,,LinkedIn,"['PathWave_Trial_Request', 'Loaner_Unit_Evaluation', 'No_Conversion']",0
L022526,,MetaC_Tech,Automotive,APAC,Automotive Ethernet,Email Campaign,"['Application_Engineer_Call', 'DesignCon_Booth_Visit', 'AutoSens_Tech_Talk', 'Website_Product_Page', 'Whitepaper_Download_5G_Test', 'Whitepaper_Download_5G_Test', 'Technical_Demo', 'DesignCon_Booth_Visit', 'Customer']",1
L022527,Priya Tanaka,MetaC_Tech,Electronics,Europe,,Webinar,"['Loaner_Unit_Evaluation', 'Opportunity', 'Website_Product_Page', 'SQL', 'SQL', 'PathWave_Trial_Request', 'Keysight_Workshop_RF_Testing', 'Oscilloscope_Selector_Tool', 'AutoSens_Tech_Talk', 'PathWave_Trial_Request', 'No_Conversion']",0
L022528,Sofia Johnson,Samsu_Tech,Automotive,North America,5G Testbeds,Webinar,"['Loaner_Unit_Evaluation', 'No_Conversion']",0
L022529,Laura Johnson,,Electronics,,,LinkedIn,"['Opportunity', 'PathWave_Trial_Request', 'IMS_Badge_Scan', 'AutoSens_Tech_Talk', 'No_Conversion']",0
L022530,Sofia Patel,Infin_Tech,,,,LinkedIn,"['MQL', 'Loaner_Unit_Evaluation', 'Keysight_University_Course', 'DesignCon_Booth_Visit', 'No_Conversion']",0
L022531,Maria Chen,Qualc_Tech,,,,Webinar,"['Lab_Integration_Discussion', 'LinkedIn_Ad_Click', 'Website_Product_Page', 'SQL', 'Customer']",1
L022532,Daniel Ito,,,LATAM,5G Testbeds,,"['Website_Product_Page', 'AutoSens_Tech_Talk', 'IMS_Badge_Scan', 'Lab_Integration_Discussion', 'Customer']",1
L022533,,NXP Semiconductors,Electronics,,,Sales Outreach,"['Technical_Demo', 'Loaner_Unit_Evaluation', 'Customer']",1
L022534,Chen Singh,,,Europe,5G Testbeds,Event,"['Oscilloscope_Selector_Tool', 'Opportunity', 'Loaner_Unit_Evaluation', 'AutoSens_Tech_Talk', 'AutoSens_Tech_Talk', 'Application_Engineer_Call', 'Customer']",1
L022535,Laura Ito,Qualc_Tech,Telecom,,,Event,"['Opportunity', 'Lab_Integration_Discussion', 'Whitepaper_Download_5G_Test', 'No_Conversion']",0
L022536,Laura Lee,Samsu_Tech,Automotive,APAC,,Webinar,"['Oscilloscope_Selector_Tool', 'Whitepaper_Download_5G_Test', 'PathWave_Trial_Request', 'Customer']",1
L022537,Priya Martinez,NXP Semiconductors GmbH,Electronics,APAC,,,"['Opportunity', 'Keysight_University_Course', 'Opportunity', 'Keysight_University_Course', 'DesignCon_Booth_Visit', 'Lab_Integration_Discussion', 'Loaner_Unit_Evaluation', 'Customer']",1
L022538,Sofia Lee,Meta Connectivity Labs GmbH,Automotive,APAC,,Sales Outreach,"['Website_Product_Page', 'Customer']",1
L022539,Sarah Khan,Qualcomm,Aerospace,APAC,,LinkedIn,"['SQL', 'Application_Engineer_Call', 'Opportunity', 'Loaner_Unit_Evaluation', 'Opportunity', 'Whitepaper_Download_5G_Test', 'No_Conversion']",0
L022540,,Infineon GmbH,Electronics,APAC,,Email Campaign,['No_Conversion'],0
L022541,Ahmed Patel,,,North America,Automotive Ethernet,LinkedIn,"['Lab_Integration_Discussion', 'Application_Engineer_Call', 'LinkedIn_Ad_Click', 'MQL', 'SQL', 'Lab_Integration_Discussion', 'Keysight_Workshop_RF_Testing', 'Opportunity', 'No_Conversion']",0
L022542,Ahmed Anders,,Semiconductor,APAC,Automotive Ethernet,Event,"['Application_Engineer_Call', 'DesignCon_Booth_Visit', 'Oscilloscope_Selector_Tool', 'Keysight_University_Course', 'LinkedIn_Ad_Click', 'IMS_Badge_Scan', 'Whitepaper_Download_5G_Test', 'No_Conversion']",0
L022543,Maria Singh,,Automotive,APAC,Automotive Ethernet,Sales Outreach,"['MQL', 'Customer']",1
L022544,Priya Johnson,Bosch,,APAC,,Email Campaign,"['SQL', 'Keysight_Workshop_RF_Testing', 'SQL', 'No_Conversion']",0
L022545,Ravi Garcia,Bosch GmbH,Electronics,APAC,PathWave Software,Webinar,['No_Conversion'],0
L022546,Sofia Johnson,Qualcomm,Semiconductor,North America,Oscilloscopes,Website,"['Technical_Demo', 'IMS_Badge_Scan', 'AutoSens_Tech_Talk', 'DesignCon_Booth_Visit', 'Loaner_Unit_Evaluation', 'MQL', 'IMS_Badge_Scan', 'Oscilloscope_Selector_Tool', 'AutoSens_Tech_Talk', 'Customer']",1
L022547,Michael Ito,Infineon GmbH,Aerospace,APAC,Automotive Ethernet,Website,"['Website_Product_Page', 'Keysight_University_Course', 'IMS_Badge_Scan', 'DesignCon_Booth_Visit', 'IMS_Badge_Scan', 'PathWave_Trial_Request', 'Customer']",1
L022548,Ravi Johnson,,Aerospace,APAC,Automotive Ethernet,Webinar,"['DesignCon_Booth_Visit', 'Whitepaper_Download_5G_Test', 'AutoSens_Tech_Talk', 'Customer']",1
L022549,,,,,5G Testbeds,Website,"['MQL', 'Customer']",1
L022550,Michael Chen,Qualc_Tech,,,,LinkedIn,"['Keysight_Workshop_RF_Testing', 'AutoSens_Tech_Talk', 'AutoSens_Tech_Talk', 'PathWave_Trial_Request', 'Customer']",1
L022551,Maria Patel,NXP Semiconductors,Semiconductor,North America,Automotive Ethernet,LinkedIn,"['Keysight_Workshop_RF_Testing', 'Lab_Integration_Discussion', 'Keysight_University_Course', 'No_Conversion']",0
L022552,Ahmed Martinez,,,Europe,,Website,"['Opportunity', 'Opportunity', 'LinkedIn_Ad_Click', 'No_Conversion']",0
L022553,Maria Patel,Broadcom GmbH,Aerospace,North America,,Webinar,"['Loaner_Unit_Evaluation', 'LinkedIn_Ad_Click', 'PathWave_Trial_Request', 'Lab_Integration_Discussion', 'Technical_Demo', 'No_Conversion']",0
L022554,Sofia Ito,Broad_Tech,Telecom,LATAM,Automotive Ethernet,Website,"['AutoSens_Tech_Talk', 'Opportunity', 'MQL', 'Technical_Demo', 'Technical_Demo', 'MQL', 'Loaner_Unit_Evaluation', 'LinkedIn_Ad_Click', 'Website_Product_Page', 'MQL', 'Customer']",1
L022555,Sofia Anders,,,,,Website,"['DesignCon_Booth_Visit', 'AutoSens_Tech_Talk', 'Keysight_University_Course', 'MQL', 'Website_Product_Page', 'SQL', 'Customer']",1
L022556,Kenji Johnson,,Electronics,,5G Testbeds,Website,"['IMS_Badge_Scan', 'Technical_Demo', 'DesignCon_Booth_Visit', 'Lab_Integration_Discussion', 'Application_Engineer_Call', 'Customer']",1
L022557,Sarah Ito,Broadcom,Semiconductor,Europe,Automotive Ethernet,Event,"['Application_Engineer_Call', 'IMS_Badge_Scan', 'Opportunity', 'Keysight_University_Course', 'No_Conversion']",0
L022558,Kenji Ito,,Semiconductor,North America,5G Testbeds,Webinar,"['DesignCon_Booth_Visit', 'Loaner_Unit_Evaluation', 'No_Conversion']",0
L022559,Sofia Singh,Samsung Electronics,,,,Sales Outreach,"['MQL', 'AutoSens_Tech_Talk', 'Application_Engineer_Call', 'Lab_Integration_Discussion', 'Keysight_Workshop_RF_Testing', 'Lab_Integration_Discussion', 'AutoSens_Tech_Talk', 'AutoSens_Tech_Talk', 'Technical_Demo', 'LinkedIn_Ad_Click', 'Customer']",1
L022560,Sarah Garcia,NXP Semiconductors GmbH,Electronics,North America,,Webinar,"['Keysight_Workshop_RF_Testing', 'No_Conversion']",0
L022561,Maria Khan,Bosch GmbH,Electronics,APAC,,,"['Oscilloscope_Selector_Tool', 'PathWave_Trial_Request', 'Lab_Integration_Discussion', 'No_Conversion']",0
L022562,Priya Garcia,MetaC_Tech,Automotive,,,Webinar,"['LinkedIn_Ad_Click', 'Opportunity', 'SQL', 'Loaner_Unit_Evaluation', 'Website_Product_Page', 'DesignCon_Booth_Visit', 'Opportunity', 'Customer']",1
L022563,,Infineon GmbH,,Europe,,Website,"['DesignCon_Booth_Visit', 'Keysight_University_Course', 'Technical_Demo', 'Whitepaper_Download_5G_Test', 'No_Conversion']",0
L022564,Ravi Lee,MetaC_Tech,,Europe,PathWave Software,LinkedIn,"['Website_Product_Page', 'Keysight_Workshop_RF_Testing', 'Lab_Integration_Discussion', 'Whitepaper_Download_5G_Test', 'No_Conversion']",0
L022565,Chen Williams,Broadcom,Aerospace,APAC,Oscilloscopes,Sales Outreach,"['Oscilloscope_Selector_Tool', 'Loaner_Unit_Evaluation', 'SQL', 'Technical_Demo', 'Application_Engineer_Call', 'No_Conversion']",0
L022566,Hiroshi Singh,Tesla Energy,Electronics,North America,,Webinar,"['Website_Product_Page', 'Technical_Demo', 'No_Conversion']",0
L022567,Sarah Khan,Tesla Energy GmbH,Telecom,,,Webinar,"['Application_Engineer_Call', 'SQL', 'Whitepaper_Download_5G_Test', 'Keysight_University_Course', 'Opportunity', 'DesignCon_Booth_Visit', 'Customer']",1
L022568,Kenji Lee,Bosch GmbH,Aerospace,North America,,LinkedIn,"['SQL', 'Website_Product_Page', 'Customer']",1
L022569,Laura Johnson,Sony,,Europe,Oscilloscopes,Event,"['Oscilloscope_Selector_Tool', 'Keysight_University_Course', 'Whitepaper_Download_5G_Test', 'Oscilloscope_Selector_Tool', 'Website_Product_Page', 'Website_Product_Page', 'IMS_Badge_Scan', 'Loaner_Unit_Evaluation', 'No_Conversion']",0
L022570,Priya Martinez,,Aerospace,,Oscilloscopes,Webinar,"['Application_Engineer_Call', 'MQL', 'No_Conversion']",0
L022571,Chen Chen,,Electronics,,PathWave Software,Website,"['Loaner_Unit_Evaluation', 'LinkedIn_Ad_Click', 'Opportunity', 'Opportunity', 'Opportunity', 'Oscilloscope_Selector_Tool', 'IMS_Badge_Scan', 'Application_Engineer_Call', 'Keysight_Workshop_RF_Testing', 'IMS_Badge_Scan', 'No_Conversion']",0
L022572,Hiroshi Martinez,,,Europe,,LinkedIn,"['Loaner_Unit_Evaluation', 'DesignCon_Booth_Visit', 'Loaner_Unit_Evaluation', 'Website_Product_Page', 'PathWave_Trial_Request', 'Loaner_Unit_Evaluation', 'Application_Engineer_Call', 'Opportunity', 'No_Conversion']",0
L022573,Daniel Williams,Qualc_Tech,Electronics,Europe,,Email Campaign,"['Loaner_Unit_Evaluation', 'No_Conversion']",0
L022574,Michael Anders,Samsung Electronics GmbH,Electronics,North America,Automotive Ethernet,,"['Lab_Integration_Discussion', 'Opportunity', 'LinkedIn_Ad_Click', 'Keysight_University_Course', 'No_Conversion']",0
L022575,Sarah Patel,,Semiconductor,APAC,PathWave Software,Email Campaign,"['Application_Engineer_Call', 'Technical_Demo', 'Opportunity', 'Keysight_Workshop_RF_Testing', 'Opportunity', 'Customer']",1
L022576,Michael Chen,Raytheon,Aerospace,LATAM,PathWave Software,Email Campaign,"['PathWave_Trial_Request', 'Keysight_Workshop_RF_Testing', 'No_Conversion']",0
L022577,Kenji Khan,,Aerospace,,,Website,"['Keysight_Workshop_RF_Testing', 'Loaner_Unit_Evaluation', 'SQL', 'Opportunity', 'LinkedIn_Ad_Click', 'AutoSens_Tech_Talk', 'Customer']",1
L022578,,Samsung Electronics GmbH,Telecom,North America,,Sales Outreach,"['Website_Product_Page', 'Keysight_University_Course', 'Keysight_Workshop_RF_Testing', 'No_Conversion']",0
L022579,Chen Johnson,,Aerospace,,,Webinar,"['AutoSens_Tech_Talk', 'DesignCon_Booth_Visit', 'Opportunity', 'Whitepaper_Download_5G_Test', 'Technical_Demo', 'No_Conversion']",0
L022580,Maria Martinez,Broadcom,Semiconductor,,,Webinar,"['DesignCon_Booth_Visit', 'DesignCon_Booth_Visit', 'Technical_Demo', 'DesignCon_Booth_Visit', 'PathWave_Trial_Request', 'Customer']",1
L022581,Chen Ito,Raytheon GmbH,,North America,5G Testbeds,Website,"['Technical_Demo', 'IMS_Badge_Scan', 'Keysight_University_Course', 'SQL', 'Website_Product_Page', 'AutoSens_Tech_Talk', 'MQL', 'Customer']",1
L022582,Maria Johnson,Samsung Electronics GmbH,Electronics,LATAM,,LinkedIn,"['Oscilloscope_Selector_Tool', 'Website_Product_Page', 'SQL', 'Whitepaper_Download_5G_Test', 'Loaner_Unit_Evaluation', 'Oscilloscope_Selector_Tool', 'Loaner_Unit_Evaluation', 'Lab_Integration_Discussion', 'No_Conversion']",0
L022583,Sarah Martinez,Sony,,LATAM,,Webinar,"['Whitepaper_Download_5G_Test', 'Lab_Integration_Discussion', 'Application_Engineer_Call', 'Keysight_Workshop_RF_Testing', 'Keysight_University_Course', 'Customer']",1
L022584,,MetaC_Tech,Aerospace,Europe,,,"['Keysight_University_Course', 'Oscilloscope_Selector_Tool', 'AutoSens_Tech_Talk', 'Technical_Demo', 'Keysight_University_Course', 'Website_Product_Page', 'No_Conversion']",0
L022585,Hiroshi Chen,Rayth_Tech,Telecom,,Oscilloscopes,Email Campaign,"['MQL', 'DesignCon_Booth_Visit', 'Website_Product_Page', 'SQL', 'PathWave_Trial_Request', 'IMS_Badge_Scan', 'LinkedIn_Ad_Click', 'MQL', 'Keysight_Workshop_RF_Testing', 'LinkedIn_Ad_Click', 'No_Conversion']",0
L022586,Michael Garcia,Samsu_Tech,,LATAM,,Webinar,"['DesignCon_Booth_Visit', 'Whitepaper_Download_5G_Test', 'Opportunity', 'Customer']",1
L022587,Priya Garcia,Infin_Tech,Automotive,APAC,,Sales Outreach,"['MQL', 'Lab_Integration_Discussion', 'Keysight_University_Course', 'Lab_Integration_Discussion', 'Application_Engineer_Call', 'Technical_Demo', 'Application_Engineer_Call', 'No_Conversion']",0
L022588,Michael Anders,,Automotive,,,,"['Keysight_Workshop_RF_Testing', 'Lab_Integration_Discussion', 'LinkedIn_Ad_Click', 'Loaner_Unit_Evaluation', 'Opportunity', 'Customer']",1
L022589,Hiroshi Johnson,Infin_Tech,Aerospace,LATAM,Automotive Ethernet,Event,"['MQL', 'Oscilloscope_Selector_Tool', 'AutoSens_Tech_Talk', 'Keysight_University_Course', 'No_Conversion']",0
L022590,Ravi Williams,Bosch_Tech,Electronics,,,,"['DesignCon_Booth_Visit', 'Customer']",1
L022591,,Qualcomm,Aerospace,,,Website,['Customer'],1
L022592,Chen Martinez,Qualcomm GmbH,,APAC,Automotive Ethernet,Sales Outreach,"['DesignCon_Booth_Visit', 'Application_Engineer_Call', 'PathWave_Trial_Request', 'Customer']",1
L022593,Chen Garcia,,Aerospace,,PathWave Software,Event,"['Keysight_University_Course', 'Opportunity', 'IMS_Badge_Scan', 'Customer']",1
L022594,Kenji Khan,,Automotive,North America,Automotive Ethernet,Sales Outreach,"['IMS_Badge_Scan', 'Customer']",1
L022595,Chen Patel,,,North America,5G Testbeds,,"['Oscilloscope_Selector_Tool', 'Technical_Demo', 'IMS_Badge_Scan', 'DesignCon_Booth_Visit', 'Whitepaper_Download_5G_Test', 'PathWave_Trial_Request', 'No_Conversion']",0
L022596,,Qualcomm GmbH,Aerospace,APAC,5G Testbeds,,"['Technical_Demo', 'MQL', 'DesignCon_Booth_Visit', 'Keysight_University_Course', 'Keysight_University_Course', 'Customer']",1
L022597,Priya Tanaka,Qualcomm,Automotive,APAC,,Website,"['MQL', 'Keysight_University_Course', 'PathWave_Trial_Request', 'Keysight_University_Course', 'DesignCon_Booth_Visit', 'LinkedIn_Ad_Click', 'No_Conversion']",0
L022598,Chen Williams,NXP Semiconductors,,APAC,Automotive Ethernet,Website,"['Opportunity', 'MQL', 'Oscilloscope_Selector_Tool', 'LinkedIn_Ad_Click', 'No_Conversion']",0
L022599,Daniel Ito,Tesla Energy,Electronics,LATAM,Oscilloscopes,Sales Outreach,"['Website_Product_Page', 'LinkedIn_Ad_Click', 'Lab_Integration_Discussion', 'Technical_Demo', 'Customer']",1
L022600,Sarah Singh,,,LATAM,,,"['SQL', 'Keysight_Workshop_RF_Testing', 'Application_Engineer_Call', 'No_Conversion']",0
L022601,Maria Anders,Sony_Tech,Electronics,,,Website,"['PathWave_Trial_Request', 'MQL', 'Opportunity', 'PathWave_Trial_Request', 'Application_Engineer_Call', 'Lab_Integration_Discussion', 'Loaner_Unit_Evaluation', 'Technical_Demo', 'Opportunity', 'No_Conversion']",0
L022602,Ahmed Singh,Samsu_Tech,Semiconductor,LATAM,PathWave Software,Email Campaign,"['IMS_Badge_Scan', 'PathWave_Trial_Request', 'PathWave_Trial_Request', 'SQL', 'AutoSens_Tech_Talk', 'DesignCon_Booth_Visit', 'Oscilloscope_Selector_Tool', 'DesignCon_Booth_Visit', 'LinkedIn_Ad_Click', 'No_Conversion']",0
L022603,Priya Johnson,,,LATAM,PathWave Software,Sales Outreach,"['Opportunity', 'IMS_Badge_Scan', 'Website_Product_Page', 'IMS_Badge_Scan', 'PathWave_Trial_Request', 'Keysight_Workshop_RF_Testing', 'No_Conversion']",0
L022604,Michael Johnson,NXPSe_Tech,Telecom,Europe,,Website,"['Oscilloscope_Selector_Tool', 'Whitepaper_Download_5G_Test', 'Keysight_University_Course', 'Technical_Demo', 'Customer']",1
L022605,Sarah Chen,Infineon,Automotive,North America,PathWave Software,Event,"['Technical_Demo', 'No_Conversion']",0
L022606,Chen Khan,Samsung Electronics GmbH,,Europe,,Website,"['Opportunity', 'No_Conversion']",0
L022607,Daniel Tanaka,Samsu_Tech,Electronics,,PathWave Software,Sales Outreach,"['AutoSens_Tech_Talk', 'Keysight_University_Course', 'Whitepaper_Download_5G_Test', 'Keysight_Workshop_RF_Testing', 'SQL', 'No_Conversion']",0
L022608,Maria Khan,Rayth_Tech,Semiconductor,North America,,Webinar,"['Website_Product_Page', 'AutoSens_Tech_Talk', 'Customer']",1
L022609,Laura Williams,Infineon GmbH,,North America,5G Testbeds,Email Campaign,"['IMS_Badge_Scan', 'Application_Engineer_Call', 'Opportunity', 'AutoSens_Tech_Talk', 'No_Conversion']",0
L022610,Maria Martinez,Tesla_Tech,Telecom,LATAM,PathWave Software,LinkedIn,"['Lab_Integration_Discussion', 'AutoSens_Tech_Talk', 'SQL', 'Application_Engineer_Call', 'Customer']",1
L022611,Maria Ito,NXPSe_Tech,Automotive,North America,5G Testbeds,Event,"['Loaner_Unit_Evaluation', 'MQL', 'AutoSens_Tech_Talk', 'PathWave_Trial_Request', 'Oscilloscope_Selector_Tool', 'Loaner_Unit_Evaluation', 'AutoSens_Tech_Talk', 'No_Conversion']",0
L022612,Hiroshi Patel,,,,5G Testbeds,Webinar,"['DesignCon_Booth_Visit', 'Website_Product_Page', 'Lab_Integration_Discussion', 'Whitepaper_Download_5G_Test', 'Oscilloscope_Selector_Tool', 'Technical_Demo', 'LinkedIn_Ad_Click', 'No_Conversion']",0
L022613,Michael Tanaka,Bosch,Semiconductor,LATAM,Oscilloscopes,Sales Outreach,"['Keysight_Workshop_RF_Testing', 'Whitepaper_Download_5G_Test', 'Keysight_University_Course', 'PathWave_Trial_Request', 'No_Conversion']",0
L022614,Maria Patel,,Telecom,North America,Oscilloscopes,Website,['No_Conversion'],0
L022615,,Raytheon GmbH,Semiconductor,LATAM,Automotive Ethernet,LinkedIn,"['DesignCon_Booth_Visit', 'Application_Engineer_Call', 'Application_Engineer_Call', 'LinkedIn_Ad_Click', 'LinkedIn_Ad_Click', 'Customer']",1
L022616,Laura Martinez,Tesla Energy GmbH,Automotive,Europe,,Email Campaign,['Customer'],1
L022617,,,Automotive,,5G Testbeds,,"['MQL', 'Application_Engineer_Call', 'Keysight_Workshop_RF_Testing', 'PathWave_Trial_Request', 'PathWave_Trial_Request', 'Whitepaper_Download_5G_Test', 'No_Conversion']",0
L022618,Maria Williams,MetaC_Tech,Telecom,North America,5G Testbeds,Email Campaign,"['Loaner_Unit_Evaluation', 'Keysight_University_Course', 'Whitepaper_Download_5G_Test', 'AutoSens_Tech_Talk', 'Website_Product_Page', 'MQL', 'DesignCon_Booth_Visit', 'Oscilloscope_Selector_Tool', 'Customer']",1
L022619,Kenji Martinez,,Electronics,,PathWave Software,Webinar,"['Website_Product_Page', 'Application_Engineer_Call', 'Lab_Integration_Discussion', 'Customer']",1
L022620,Chen Ito,Sony,Aerospace,,,Event,['Customer'],1
L022621,Sarah Garcia,,Aerospace,LATAM,,Email Campaign,"['MQL', 'Keysight_Workshop_RF_Testing', 'SQL', 'IMS_Badge_Scan', 'Customer']",1
L022622,Daniel Chen,MetaC_Tech,Semiconductor,Europe,,LinkedIn,"['Whitepaper_Download_5G_Test', 'Lab_Integration_Discussion', 'Customer']",1
L022623,Laura Ito,Samsu_Tech,Aerospace,APAC,Oscilloscopes,,"['Technical_Demo', 'Technical_Demo', 'IMS_Badge_Scan', 'Customer']",1
L022624,,,Semiconductor,,PathWave Software,Website,"['Website_Product_Page', 'Whitepaper_Download_5G_Test', 'IMS_Badge_Scan', 'PathWave_Trial_Request', 'No_Conversion']",0
L022625,Maria Williams,Samsu_Tech,Semiconductor,Europe,Automotive Ethernet,Email Campaign,"['DesignCon_Booth_Visit', 'DesignCon_Booth_Visit', 'LinkedIn_Ad_Click', 'MQL', 'Customer']",1
L022626,Sarah Anders,Broadcom GmbH,Aerospace,APAC,,,"['Application_Engineer_Call', 'DesignCon_Booth_Visit', 'MQL', 'DesignCon_Booth_Visit', 'Customer']",1
L022627,Kenji Lee,Qualc_Tech,,Europe,Oscilloscopes,Sales Outreach,"['Website_Product_Page', 'Application_Engineer_Call', 'LinkedIn_Ad_Click', 'Lab_Integration_Discussion', 'Keysight_Workshop_RF_Testing', 'Application_Engineer_Call', 'Keysight_University_Course', 'SQL', 'Customer']",1
L022628,Daniel Tanaka,,,Europe,,Sales Outreach,"['DesignCon_Booth_Visit', 'AutoSens_Tech_Talk', 'Application_Engineer_Call', 'Keysight_Workshop_RF_Testing', 'Opportunity', 'PathWave_Trial_Request', 'Customer']",1
L022629,Sarah Anders,,Electronics,Europe,,Sales Outreach,"['Keysight_University_Course', 'Technical_Demo', 'Loaner_Unit_Evaluation', 'Application_Engineer_Call', 'DesignCon_Booth_Visit', 'Technical_Demo', 'SQL', 'Lab_Integration_Discussion', 'Customer']",1
L022630,Priya Anders,Infineon,Semiconductor,,5G Testbeds,LinkedIn,"['Loaner_Unit_Evaluation', 'AutoSens_Tech_Talk', 'Customer']",1
L022631,Maria Johnson,Qualcomm,Automotive,APAC,,LinkedIn,"['Website_Product_Page', 'Application_Engineer_Call', 'Keysight_Workshop_RF_Testing', 'Loaner_Unit_Evaluation', 'Whitepaper_Download_5G_Test', 'IMS_Badge_Scan', 'No_Conversion']",0
L022632,Ravi Singh,Sony_Tech,Aerospace,LATAM,Automotive Ethernet,Sales Outreach,"['Lab_Integration_Discussion', 'Application_Engineer_Call', 'Keysight_University_Course', 'AutoSens_Tech_Talk', 'IMS_Badge_Scan', 'Opportunity', 'Customer']",1
L022633,Sofia Martinez,Sony GmbH,Telecom,LATAM,,Event,"['MQL', 'Technical_Demo', 'IMS_Badge_Scan', 'DesignCon_Booth_Visit', 'Oscilloscope_Selector_Tool', 'Customer']",1
L022634,Laura Martinez,Samsu_Tech,,,,Webinar,"['Application_Engineer_Call', 'SQL', 'Customer']",1
L022635,Daniel Patel,Qualcomm GmbH,,LATAM,PathWave Software,Sales Outreach,"['Keysight_University_Course', 'Opportunity', 'AutoSens_Tech_Talk', 'Opportunity', 'IMS_Badge_Scan', 'Keysight_Workshop_RF_Testing', 'Application_Engineer_Call', 'PathWave_Trial_Request', 'Customer']",1
L022636,Ravi Chen,Qualcomm GmbH,Automotive,North America,PathWave Software,Webinar,"['MQL', 'Lab_Integration_Discussion', 'AutoSens_Tech_Talk', 'Website_Product_Page', 'Website_Product_Page', 'IMS_Badge_Scan', 'Customer']",1
L022637,Ahmed Martinez,Broadcom,Automotive,North America,PathWave Software,Email Campaign,"['LinkedIn_Ad_Click', 'Oscilloscope_Selector_Tool', 'Loaner_Unit_Evaluation', 'No_Conversion']",0
L022638,Sarah Johnson,,Automotive,Europe,5G Testbeds,Website,"['Website_Product_Page', 'Customer']",1
L022639,Chen Martinez,Raytheon GmbH,Automotive,North America,5G Testbeds,Website,"['SQL', 'Oscilloscope_Selector_Tool', 'Website_Product_Page', 'Whitepaper_Download_5G_Test', 'AutoSens_Tech_Talk', 'Oscilloscope_Selector_Tool', 'No_Conversion']",0
L022640,Laura Garcia,Samsung Electronics,,LATAM,Oscilloscopes,Email Campaign,"['PathWave_Trial_Request', 'Application_Engineer_Call', 'Whitepaper_Download_5G_Test', 'Keysight_University_Course', 'No_Conversion']",0
L022641,Michael Ito,Sony,Electronics,APAC,5G Testbeds,LinkedIn,"['DesignCon_Booth_Visit', 'LinkedIn_Ad_Click', 'MQL', 'LinkedIn_Ad_Click', 'AutoSens_Tech_Talk', 'LinkedIn_Ad_Click', 'LinkedIn_Ad_Click', 'Customer']",1
L022642,Chen Khan,Infineon,,North America,5G Testbeds,,"['Keysight_Workshop_RF_Testing', 'SQL', 'Loaner_Unit_Evaluation', 'Keysight_Workshop_RF_Testing', 'Application_Engineer_Call', 'Application_Engineer_Call', 'Keysight_Workshop_RF_Testing', 'Opportunity', 'Opportunity', 'No_Conversion']",0
L022643,Sofia Singh,Rayth_Tech,Telecom,North America,,Email Campaign,"['Oscilloscope_Selector_Tool', 'AutoSens_Tech_Talk', 'SQL', 'Loaner_Unit_Evaluation', 'Customer']",1
L022644,Kenji Martinez,Qualcomm GmbH,,LATAM,Automotive Ethernet,Webinar,"['AutoSens_Tech_Talk', 'No_Conversion']",0
L022645,Maria Tanaka,Broad_Tech,,LATAM,Automotive Ethernet,,"['Lab_Integration_Discussion', 'Application_Engineer_Call', 'Keysight_University_Course', 'Loaner_Unit_Evaluation', 'Keysight_University_Course', 'Application_Engineer_Call', 'Customer']",1
L022646,Kenji Singh,NXP Semiconductors GmbH,Automotive,LATAM,,LinkedIn,['Customer'],1
L022647,Ravi Chen,Sony GmbH,Telecom,,Oscilloscopes,LinkedIn,"['SQL', 'Keysight_Workshop_RF_Testing', 'Loaner_Unit_Evaluation', 'LinkedIn_Ad_Click', 'IMS_Badge_Scan', 'Technical_Demo', 'AutoSens_Tech_Talk', 'No_Conversion']",0
L022648,Laura Anders,,Semiconductor,,5G Testbeds,,['Customer'],1
L022649,Michael Singh,Rayth_Tech,Electronics,APAC,Automotive Ethernet,Email Campaign,"['Opportunity', 'SQL', 'Oscilloscope_Selector_Tool', 'LinkedIn_Ad_Click', 'MQL', 'AutoSens_Tech_Talk', 'Oscilloscope_Selector_Tool', 'Technical_Demo', 'Lab_Integration_Discussion', 'Lab_Integration_Discussion', 'Customer']",1
L022650,Ravi Singh,Raytheon,,North America,,Webinar,"['Opportunity', 'Opportunity', 'SQL', 'Lab_Integration_Discussion', 'Lab_Integration_Discussion', 'Customer']",1
L022651,Daniel Khan,Infineon,Electronics,APAC,,Webinar,['No_Conversion'],0
L022652,,Qualcomm GmbH,Automotive,LATAM,,,"['MQL', 'Whitepaper_Download_5G_Test', 'Application_Engineer_Call', 'Opportunity', 'AutoSens_Tech_Talk', 'No_Conversion']",0
L022653,Maria Johnson,,Electronics,,5G Testbeds,Sales Outreach,"['Technical_Demo', 'Loaner_Unit_Evaluation', 'Application_Engineer_Call', 'Customer']",1
L022654,Hiroshi Johnson,Tesla Energy GmbH,,North America,PathWave Software,Website,"['DesignCon_Booth_Visit', 'LinkedIn_Ad_Click', 'Lab_Integration_Discussion', 'Whitepaper_Download_5G_Test', 'Customer']",1
L022655,Laura Khan,Tesla Energy,,APAC,Oscilloscopes,Sales Outreach,"['AutoSens_Tech_Talk', 'MQL', 'Website_Product_Page', 'Keysight_University_Course', 'Lab_Integration_Discussion', 'Lab_Integration_Discussion', 'Application_Engineer_Call', 'Technical_Demo', 'Customer']",1
L022656,Maria Anders,NXP Semiconductors,,North America,,Webinar,"['Application_Engineer_Call', 'PathWave_Trial_Request', 'DesignCon_Booth_Visit', 'Keysight_University_Course', 'SQL', 'No_Conversion']",0
L022657,Hiroshi Anders,Raytheon GmbH,Automotive,APAC,PathWave Software,Event,"['MQL', 'SQL', 'IMS_Badge_Scan', 'AutoSens_Tech_Talk', 'Whitepaper_Download_5G_Test', 'Loaner_Unit_Evaluation', 'No_Conversion']",0
L022658,Chen Williams,Samsu_Tech,,Europe,Automotive Ethernet,LinkedIn,"['Opportunity', 'AutoSens_Tech_Talk', 'No_Conversion']",0
L022659,Hiroshi Garcia,Raytheon,,North America,,Sales Outreach,"['IMS_Badge_Scan', 'Oscilloscope_Selector_Tool', 'Lab_Integration_Discussion', 'Keysight_University_Course', 'Lab_Integration_Discussion', 'Technical_Demo', 'Technical_Demo', 'Opportunity', 'Oscilloscope_Selector_Tool', 'LinkedIn_Ad_Click', 'Customer']",1
L022660,Ravi Anders,Qualcomm,Automotive,,PathWave Software,Event,"['Oscilloscope_Selector_Tool', 'SQL', 'Oscilloscope_Selector_Tool', 'Customer']",1
L022661,Daniel Garcia,MetaC_Tech,Automotive,,Oscilloscopes,Email Campaign,"['Opportunity', 'DesignCon_Booth_Visit', 'AutoSens_Tech_Talk', 'Whitepaper_Download_5G_Test', 'DesignCon_Booth_Visit', 'Oscilloscope_Selector_Tool', 'Website_Product_Page', 'Customer']",1
L022662,Ahmed Singh,Rayth_Tech,Telecom,,5G Testbeds,Webinar,"['IMS_Badge_Scan', 'DesignCon_Booth_Visit', 'Opportunity', 'DesignCon_Booth_Visit', 'Whitepaper_Download_5G_Test', 'No_Conversion']",0
L022663,Chen Johnson,NXPSe_Tech,Automotive,Europe,,,"['Technical_Demo', 'Keysight_Workshop_RF_Testing', 'LinkedIn_Ad_Click', 'No_Conversion']",0
L022664,Chen Khan,Samsung Electronics GmbH,Semiconductor,,Oscilloscopes,Event,"['LinkedIn_Ad_Click', 'No_Conversion']",0
L022665,Laura Tanaka,Qualcomm GmbH,,APAC,,Webinar,"['MQL', 'Technical_Demo', 'No_Conversion']",0
L022666,Kenji Chen,Tesla Energy,Automotive,LATAM,5G Testbeds,Sales Outreach,"['Keysight_University_Course', 'Oscilloscope_Selector_Tool', 'Technical_Demo', 'PathWave_Trial_Request', 'Customer']",1
L022667,Chen Garcia,Bosch,Telecom,Europe,Automotive Ethernet,LinkedIn,"['Lab_Integration_Discussion', 'Loaner_Unit_Evaluation', 'SQL', 'Application_Engineer_Call', 'LinkedIn_Ad_Click', 'Oscilloscope_Selector_Tool', 'PathWave_Trial_Request', 'No_Conversion']",0
L022668,Ahmed Patel,NXP Semiconductors,,APAC,PathWave Software,,['Customer'],1
L022669,Ravi Singh,,Telecom,North America,Oscilloscopes,,"['LinkedIn_Ad_Click', 'Opportunity', 'LinkedIn_Ad_Click', 'MQL', 'No_Conversion']",0
L022670,Laura Singh,Sony GmbH,Telecom,Europe,Automotive Ethernet,,"['Application_Engineer_Call', 'SQL', 'Keysight_Workshop_RF_Testing', 'Customer']",1
L022671,Sofia Khan,Raytheon,Electronics,APAC,,Sales Outreach,['No_Conversion'],0
L022672,Sarah Patel,NXP Semiconductors,Automotive,LATAM,,Email Campaign,"['Oscilloscope_Selector_Tool', 'Keysight_Workshop_RF_Testing', 'Keysight_Workshop_RF_Testing', 'Customer']",1
L022673,Sofia Ito,MetaC_Tech,Electronics,,,Event,"['Oscilloscope_Selector_Tool', 'Keysight_Workshop_RF_Testing', 'DesignCon_Booth_Visit', 'Customer']",1
L022674,Kenji Patel,,Semiconductor,APAC,5G Testbeds,Email Campaign,"['LinkedIn_Ad_Click', 'Customer']",1
L022675,Sarah Chen,,,APAC,,Email Campaign,"['Technical_Demo', 'PathWave_Trial_Request', 'Technical_Demo', 'No_Conversion']",0
L022676,,NXP Semiconductors GmbH,Telecom,Europe,5G Testbeds,Website,"['Opportunity', 'Lab_Integration_Discussion', 'Keysight_University_Course', 'Loaner_Unit_Evaluation', 'Technical_Demo', 'SQL', 'Customer']",1
L022677,Chen Johnson,,Semiconductor,,Automotive Ethernet,Sales Outreach,"['AutoSens_Tech_Talk', 'Customer']",1
L022678,Daniel Garcia,Bosch,Aerospace,APAC,Automotive Ethernet,LinkedIn,"['Keysight_University_Course', 'IMS_Badge_Scan', 'Keysight_University_Course', 'Technical_Demo', 'Website_Product_Page', 'PathWave_Trial_Request', 'Technical_Demo', 'AutoSens_Tech_Talk', 'Keysight_Workshop_RF_Testing', 'Oscilloscope_Selector_Tool', 'No_Conversion']",0
L022679,Ravi Williams,Broadcom GmbH,,APAC,,LinkedIn,"['DesignCon_Booth_Visit', 'MQL', 'Loaner_Unit_Evaluation', 'Customer']",1
L022680,,,,North America,PathWave Software,Sales Outreach,"['SQL', 'Customer']",1
L022681,Chen Singh,,Semiconductor,LATAM,Automotive Ethernet,Sales Outreach,"['Lab_Integration_Discussion', 'Lab_Integration_Discussion', 'SQL', 'MQL', 'DesignCon_Booth_Visit', 'Keysight_University_Course', 'Oscilloscope_Selector_Tool', 'Whitepaper_Download_5G_Test', 'IMS_Badge_Scan', 'No_Conversion']",0
L022682,Michael Singh,,Aerospace,LATAM,PathWave Software,LinkedIn,"['Loaner_Unit_Evaluation', 'MQL', 'Lab_Integration_Discussion', 'Opportunity', 'Keysight_University_Course', 'No_Conversion']",0
L022683,Ravi Chen,NXP Semiconductors,Semiconductor,,,LinkedIn,"['Keysight_Workshop_RF_Testing', 'Application_Engineer_Call', 'Keysight_Workshop_RF_Testing', 'No_Conversion']",0
L022684,Chen Chen,Broadcom,,North America,5G Testbeds,Website,"['AutoSens_Tech_Talk', 'IMS_Badge_Scan', 'DesignCon_Booth_Visit', 'Keysight_Workshop_RF_Testing', 'Opportunity', 'Application_Engineer_Call', 'Oscilloscope_Selector_Tool', 'No_Conversion']",0
L022685,Michael Martinez,Raytheon GmbH,Electronics,North America,5G Testbeds,Sales Outreach,"['Lab_Integration_Discussion', 'Technical_Demo', 'PathWave_Trial_Request', 'Technical_Demo', 'Whitepaper_Download_5G_Test', 'DesignCon_Booth_Visit', 'SQL', 'Opportunity', 'No_Conversion']",0
L022686,Ahmed Khan,Bosch GmbH,,APAC,Automotive Ethernet,LinkedIn,"['AutoSens_Tech_Talk', 'DesignCon_Booth_Visit', 'LinkedIn_Ad_Click', 'IMS_Badge_Scan', 'No_Conversion']",0
L022687,,,Telecom,Europe,5G Testbeds,Sales Outreach,"['Loaner_Unit_Evaluation', 'Oscilloscope_Selector_Tool', 'MQL', 'Keysight_Workshop_RF_Testing', 'Oscilloscope_Selector_Tool', 'Oscilloscope_Selector_Tool', 'No_Conversion']",0
L022688,Michael Williams,Tesla_Tech,,,Oscilloscopes,LinkedIn,"['Application_Engineer_Call', 'Technical_Demo', 'Customer']",1
L022689,Laura Patel,Meta Connectivity Labs GmbH,Electronics,,Oscilloscopes,Webinar,"['Loaner_Unit_Evaluation', 'Opportunity', 'Website_Product_Page', 'No_Conversion']",0
L022690,Maria Lee,,Aerospace,APAC,5G Testbeds,LinkedIn,"['Lab_Integration_Discussion', 'Opportunity', 'Application_Engineer_Call', 'No_Conversion']",0
L022691,Hiroshi Johnson,Meta Connectivity Labs,,LATAM,,Webinar,"['Application_Engineer_Call', 'Customer']",1
L022692,Ahmed Johnson,MetaC_Tech,Semiconductor,,,Website,"['PathWave_Trial_Request', 'PathWave_Trial_Request', 'SQL', 'Opportunity', 'Customer']",1
L022693,,Tesla Energy GmbH,,APAC,Oscilloscopes,,"['AutoSens_Tech_Talk', 'No_Conversion']",0
L022694,Laura Johnson,Tesla Energy GmbH,,APAC,Oscilloscopes,Website,"['Whitepaper_Download_5G_Test', 'No_Conversion']",0
L022695,Ravi Patel,Tesla Energy GmbH,Telecom,APAC,,Website,"['IMS_Badge_Scan', 'No_Conversion']",0
L022696,Sarah Lee,Samsung Electronics,Aerospace,APAC,Automotive Ethernet,Event,"['Loaner_Unit_Evaluation', 'PathWave_Trial_Request', 'Oscilloscope_Selector_Tool', 'No_Conversion']",0
L022697,Michael Williams,,,North America,Oscilloscopes,Website,"['IMS_Badge_Scan', 'Keysight_Workshop_RF_Testing', 'Keysight_Workshop_RF_Testing', 'Opportunity', 'No_Conversion']",0
L022698,Ahmed Garcia,Tesla_Tech,Automotive,Europe,Automotive Ethernet,Webinar,"['DesignCon_Booth_Visit', 'MQL', 'Keysight_University_Course', 'Keysight_Workshop_RF_Testing', 'Technical_Demo', 'Keysight_University_Course', 'Whitepaper_Download_5G_Test', 'Customer']",1
L022699,Kenji Patel,Broadcom GmbH,Electronics,,,Event,"['DesignCon_Booth_Visit', 'Keysight_Workshop_RF_Testing', 'Opportunity', 'Keysight_Workshop_RF_Testing', 'No_Conversion']",0
L022700,Hiroshi Anders,Broadcom,Electronics,LATAM,,,"['Website_Product_Page', 'Opportunity', 'Keysight_Workshop_RF_Testing', 'LinkedIn_Ad_Click', 'No_Conversion']",0
L022701,Chen Ito,Qualcomm GmbH,Telecom,Europe,Oscilloscopes,Event,"['DesignCon_Booth_Visit', 'PathWave_Trial_Request', 'Lab_Integration_Discussion', 'IMS_Badge_Scan', 'Application_Engineer_Call', 'PathWave_Trial_Request', 'Opportunity', 'Oscilloscope_Selector_Tool', 'Customer']",1
L022702,Ravi Tanaka,Infineon,Telecom,APAC,5G Testbeds,Sales Outreach,"['AutoSens_Tech_Talk', 'AutoSens_Tech_Talk', 'Opportunity', 'Application_Engineer_Call', 'Customer']",1
L022703,Maria Patel,,Electronics,LATAM,Automotive Ethernet,LinkedIn,"['IMS_Badge_Scan', 'PathWave_Trial_Request', 'LinkedIn_Ad_Click', 'IMS_Badge_Scan', 'No_Conversion']",0
L022704,Kenji Ito,Bosch,Telecom,,,LinkedIn,"['DesignCon_Booth_Visit', 'No_Conversion']",0
L022705,Sarah Williams,Tesla Energy,Automotive,LATAM,PathWave Software,Email Campaign,"['Keysight_Workshop_RF_Testing', 'Loaner_Unit_Evaluation', 'Lab_Integration_Discussion', 'Website_Product_Page', 'Whitepaper_Download_5G_Test', 'Loaner_Unit_Evaluation', 'No_Conversion']",0
L022706,Laura Lee,Broadcom GmbH,Automotive,North America,PathWave Software,Sales Outreach,"['Website_Product_Page', 'Application_Engineer_Call', 'AutoSens_Tech_Talk', 'PathWave_Trial_Request', 'Oscilloscope_Selector_Tool', 'DesignCon_Booth_Visit', 'No_Conversion']",0
L022707,Chen Garcia,Samsung Electronics,Automotive,APAC,Oscilloscopes,Email Campaign,"['Keysight_Workshop_RF_Testing', 'IMS_Badge_Scan', 'MQL', 'SQL', 'Opportunity', 'Technical_Demo', 'AutoSens_Tech_Talk', 'PathWave_Trial_Request', 'Website_Product_Page', 'Oscilloscope_Selector_Tool', 'No_Conversion']",0
L022708,Sarah Anders,,Aerospace,,PathWave Software,Email Campaign,"['AutoSens_Tech_Talk', 'Whitepaper_Download_5G_Test', 'Keysight_University_Course', 'Keysight_Workshop_RF_Testing', 'PathWave_Trial_Request', 'SQL', 'Technical_Demo', 'Whitepaper_Download_5G_Test', 'IMS_Badge_Scan', 'Customer']",1
L022709,,,Automotive,,5G Testbeds,Webinar,['Customer'],1
L022710,Ahmed Johnson,Infineon GmbH,Telecom,Europe,Automotive Ethernet,Website,"['Keysight_University_Course', 'Whitepaper_Download_5G_Test', 'PathWave_Trial_Request', 'LinkedIn_Ad_Click', 'Keysight_Workshop_RF_Testing', 'SQL', 'Whitepaper_Download_5G_Test', 'Lab_Integration_Discussion', 'Oscilloscope_Selector_Tool', 'No_Conversion']",0
L022711,Sofia Patel,,Telecom,,PathWave Software,Website,"['Keysight_Workshop_RF_Testing', 'Oscilloscope_Selector_Tool', 'MQL', 'Keysight_Workshop_RF_Testing', 'IMS_Badge_Scan', 'AutoSens_Tech_Talk', 'LinkedIn_Ad_Click', 'Keysight_Workshop_RF_Testing', 'No_Conversion']",0
L022712,Sofia Martinez,,Electronics,Europe,5G Testbeds,Event,"['LinkedIn_Ad_Click', 'No_Conversion']",0
L022713,Chen Patel,Sony_Tech,Automotive,Europe,5G Testbeds,LinkedIn,"['Loaner_Unit_Evaluation', 'DesignCon_Booth_Visit', 'Whitepaper_Download_5G_Test', 'Keysight_Workshop_RF_Testing', 'Whitepaper_Download_5G_Test', 'PathWave_Trial_Request', 'LinkedIn_Ad_Click', 'Loaner_Unit_Evaluation', 'PathWave_Trial_Request', 'Customer']",1
L022714,Sofia Khan,Qualcomm,,Europe,5G Testbeds,Sales Outreach,"['IMS_Badge_Scan', 'MQL', 'Website_Product_Page', 'No_Conversion']",0
L022715,Chen Lee,,,Europe,,Sales Outreach,"['LinkedIn_Ad_Click', 'Lab_Integration_Discussion', 'Lab_Integration_Discussion', 'Opportunity', 'Technical_Demo', 'Keysight_Workshop_RF_Testing', 'Whitepaper_Download_5G_Test', 'Whitepaper_Download_5G_Test', 'Keysight_University_Course', 'SQL', 'No_Conversion']",0
L022716,Sarah Anders,Rayth_Tech,Aerospace,APAC,,Event,"['MQL', 'SQL', 'PathWave_Trial_Request', 'MQL', 'Website_Product_Page', 'LinkedIn_Ad_Click', 'Customer']",1
L022717,,,,APAC,Oscilloscopes,Email Campaign,"['DesignCon_Booth_Visit', 'Lab_Integration_Discussion', 'SQL', 'DesignCon_Booth_Visit', 'No_Conversion']",0
L022718,Maria Garcia,Broadcom,,LATAM,,Email Campaign,"['Opportunity', 'Loaner_Unit_Evaluation', 'DesignCon_Booth_Visit', 'Customer']",1
L022719,Laura Singh,NXPSe_Tech,Automotive,Europe,Oscilloscopes,Sales Outreach,"['Keysight_Workshop_RF_Testing', 'Whitepaper_Download_5G_Test', 'Whitepaper_Download_5G_Test', 'IMS_Badge_Scan', 'Keysight_University_Course', 'Customer']",1
L022720,Chen Martinez,,,,,Webinar,"['Technical_Demo', 'MQL', 'Application_Engineer_Call', 'Whitepaper_Download_5G_Test', 'Website_Product_Page', 'AutoSens_Tech_Talk', 'Customer']",1
L022721,Ahmed Williams,Infin_Tech,,North America,,Webinar,"['DesignCon_Booth_Visit', 'Whitepaper_Download_5G_Test', 'PathWave_Trial_Request', 'Website_Product_Page', 'IMS_Badge_Scan', 'DesignCon_Booth_Visit', 'Keysight_Workshop_RF_Testing', 'Whitepaper_Download_5G_Test', 'No_Conversion']",0
L022722,Kenji Johnson,,,North America,Oscilloscopes,,"['Opportunity', 'Website_Product_Page', 'DesignCon_Booth_Visit', 'Lab_Integration_Discussion', 'Oscilloscope_Selector_Tool', 'Customer']",1
L022723,Priya Singh,Raytheon GmbH,Semiconductor,LATAM,Oscilloscopes,Webinar,"['Lab_Integration_Discussion', 'DesignCon_Booth_Visit', 'MQL', 'Technical_Demo', 'Technical_Demo', 'Loaner_Unit_Evaluation', 'No_Conversion']",0
L022724,Laura Garcia,Infin_Tech,Telecom,APAC,,Event,"['Application_Engineer_Call', 'PathWave_Trial_Request', 'Customer']",1
L022725,,Qualcomm GmbH,,Europe,PathWave Software,LinkedIn,"['IMS_Badge_Scan', 'Technical_Demo', 'Lab_Integration_Discussion', 'PathWave_Trial_Request', 'Technical_Demo', 'No_Conversion']",0
L022726,Sofia Chen,Raytheon,Telecom,,Oscilloscopes,Website,"['Oscilloscope_Selector_Tool', 'Oscilloscope_Selector_Tool', 'SQL', 'Customer']",1
L022727,Chen Tanaka,Infineon GmbH,,,,Email Campaign,"['Keysight_Workshop_RF_Testing', 'No_Conversion']",0
L022728,Priya Singh,Tesla Energy,Semiconductor,APAC,5G Testbeds,Event,['Customer'],1
L022729,,,,LATAM,Oscilloscopes,Event,['Customer'],1
L022730,Michael Martinez,Samsung Electronics GmbH,Aerospace,,,LinkedIn,"['Application_Engineer_Call', 'Keysight_University_Course', 'Customer']",1
L022731,Daniel Lee,Broad_Tech,,,PathWave Software,Email Campaign,"['MQL', 'Whitepaper_Download_5G_Test', 'PathWave_Trial_Request', 'No_Conversion']",0
L022732,Michael Martinez,Samsung Electronics,Electronics,Europe,,Webinar,"['Whitepaper_Download_5G_Test', 'PathWave_Trial_Request', 'Technical_Demo', 'Whitepaper_Download_5G_Test', 'Website_Product_Page', 'Customer']",1
L022733,Kenji Singh,,Electronics,North America,,Event,"['Application_Engineer_Call', 'Loaner_Unit_Evaluation', 'Loaner_Unit_Evaluation', 'Technical_Demo', 'Whitepaper_Download_5G_Test', 'Keysight_Workshop_RF_Testing', 'Keysight_Workshop_RF_Testing', 'PathWave_Trial_Request', 'Whitepaper_Download_5G_Test', 'Customer']",1
L022734,Hiroshi Garcia,Meta Connectivity Labs GmbH,,APAC,Automotive Ethernet,,"['Oscilloscope_Selector_Tool', 'Technical_Demo', 'Oscilloscope_Selector_Tool', 'No_Conversion']",0
L022735,Kenji Patel,Samsung Electronics,Automotive,APAC,PathWave Software,Webinar,"['Whitepaper_Download_5G_Test', 'Keysight_University_Course', 'Keysight_University_Course', 'No_Conversion']",0
L022736,Laura Singh,Broad_Tech,Semiconductor,North America,5G Testbeds,Email Campaign,"['Oscilloscope_Selector_Tool', 'Oscilloscope_Selector_Tool', 'MQL', 'MQL', 'Website_Product_Page', 'LinkedIn_Ad_Click', 'Technical_Demo', 'PathWave_Trial_Request', 'LinkedIn_Ad_Click', 'No_Conversion']",0
L022737,Chen Anders,MetaC_Tech,,LATAM,,,"['Oscilloscope_Selector_Tool', 'PathWave_Trial_Request', 'PathWave_Trial_Request', 'MQL', 'Customer']",1
L022738,Maria Garcia,,Telecom,,,Website,"['Loaner_Unit_Evaluation', 'Opportunity', 'LinkedIn_Ad_Click', 'Website_Product_Page', 'Loaner_Unit_Evaluation', 'LinkedIn_Ad_Click', 'Customer']",1
L022739,Sarah Johnson,,,APAC,5G Testbeds,Webinar,"['Keysight_University_Course', 'IMS_Badge_Scan', 'LinkedIn_Ad_Click', 'SQL', 'AutoSens_Tech_Talk', 'Customer']",1
L022740,Priya Patel,Samsung Electronics GmbH,,LATAM,,Website,"['Oscilloscope_Selector_Tool', 'Keysight_Workshop_RF_Testing', 'Loaner_Unit_Evaluation', 'Whitepaper_Download_5G_Test', 'SQL', 'Loaner_Unit_Evaluation', 'Keysight_Workshop_RF_Testing', 'AutoSens_Tech_Talk', 'No_Conversion']",0
L022741,Priya Khan,,Aerospace,APAC,,LinkedIn,"['Lab_Integration_Discussion', 'Keysight_University_Course', 'Loaner_Unit_Evaluation', 'Customer']",1
L022742,Daniel Singh,Samsung Electronics,,,5G Testbeds,Email Campaign,"['Technical_Demo', 'Lab_Integration_Discussion', 'MQL', 'No_Conversion']",0
L022743,Priya Ito,Tesla Energy,Automotive,,5G Testbeds,Sales Outreach,"['Keysight_University_Course', 'Oscilloscope_Selector_Tool', 'Website_Product_Page', 'No_Conversion']",0
L022744,Ahmed Ito,Bosch GmbH,Electronics,,Automotive Ethernet,,"['SQL', 'No_Conversion']",0
L022745,Kenji Chen,,Telecom,LATAM,Oscilloscopes,Email Campaign,"['MQL', 'AutoSens_Tech_Talk', 'SQL', 'IMS_Badge_Scan', 'Customer']",1
L022746,Hiroshi Chen,,Aerospace,,5G Testbeds,,"['MQL', 'SQL', 'Website_Product_Page', 'SQL', 'Customer']",1
L022747,Hiroshi Garcia,,,North America,,Sales Outreach,"['Application_Engineer_Call', 'LinkedIn_Ad_Click', 'Keysight_Workshop_RF_Testing', 'Loaner_Unit_Evaluation', 'Loaner_Unit_Evaluation', 'Whitepaper_Download_5G_Test', 'Customer']",1
L022748,Kenji Tanaka,Qualc_Tech,,LATAM,Automotive Ethernet,,"['Keysight_Workshop_RF_Testing', 'Whitepaper_Download_5G_Test', 'Keysight_University_Course', 'SQL', 'Opportunity', 'AutoSens_Tech_Talk', 'PathWave_Trial_Request', 'Customer']",1
L022749,Ahmed Singh,Broad_Tech,,LATAM,5G Testbeds,Website,"['Oscilloscope_Selector_Tool', 'Application_Engineer_Call', 'Application_Engineer_Call', 'Loaner_Unit_Evaluation', 'Customer']",1
L022750,Hiroshi Ito,,Aerospace,APAC,,Event,"['LinkedIn_Ad_Click', 'AutoSens_Tech_Talk', 'DesignCon_Booth_Visit', 'Customer']",1
L022751,,,Electronics,LATAM,5G Testbeds,Event,"['Application_Engineer_Call', 'Application_Engineer_Call', 'Keysight_Workshop_RF_Testing', 'Customer']",1
L022752,Hiroshi Tanaka,Qualcomm GmbH,Automotive,,,Event,"['MQL', 'IMS_Badge_Scan', 'AutoSens_Tech_Talk', 'Application_Engineer_Call', 'AutoSens_Tech_Talk', 'MQL', 'Whitepaper_Download_5G_Test', 'Customer']",1
L022753,,Tesla_Tech,Electronics,LATAM,Oscilloscopes,Sales Outreach,"['Application_Engineer_Call', 'DesignCon_Booth_Visit', 'Oscilloscope_Selector_Tool', 'PathWave_Trial_Request', 'Customer']",1
L022754,Ravi Chen,NXPSe_Tech,,Europe,Oscilloscopes,Website,"['Technical_Demo', 'SQL', 'IMS_Badge_Scan', 'MQL', 'Keysight_University_Course', 'SQL', 'MQL', 'Customer']",1
L022755,Chen Johnson,Meta Connectivity Labs GmbH,,,5G Testbeds,Sales Outreach,"['Lab_Integration_Discussion', 'Application_Engineer_Call', 'DesignCon_Booth_Visit', 'Technical_Demo', 'Website_Product_Page', 'SQL', 'No_Conversion']",0
L022756,Laura Chen,Tesla Energy GmbH,Semiconductor,LATAM,,Sales Outreach,"['PathWave_Trial_Request', 'Lab_Integration_Discussion', 'Technical_Demo', 'No_Conversion']",0
L022757,Maria Martinez,Bosch GmbH,Aerospace,Europe,,Sales Outreach,"['MQL', 'Keysight_Workshop_RF_Testing', 'SQL', 'LinkedIn_Ad_Click', 'Oscilloscope_Selector_Tool', 'LinkedIn_Ad_Click', 'Keysight_University_Course', 'Opportunity', 'MQL', 'Customer']",1
L022758,Maria Chen,,,North America,,Sales Outreach,"['SQL', 'PathWave_Trial_Request', 'LinkedIn_Ad_Click', 'LinkedIn_Ad_Click', 'Opportunity', 'Customer']",1
L022759,Michael Johnson,Qualcomm,,,PathWave Software,Sales Outreach,"['Application_Engineer_Call', 'Lab_Integration_Discussion', 'No_Conversion']",0
L022760,,Tesla Energy GmbH,,LATAM,PathWave Software,Event,"['Technical_Demo', 'Keysight_Workshop_RF_Testing', 'Website_Product_Page', 'LinkedIn_Ad_Click', 'LinkedIn_Ad_Click', 'Opportunity', 'Technical_Demo', 'Customer']",1
L022761,Sarah Khan,Qualcomm,Electronics,North America,,,"['IMS_Badge_Scan', 'Application_Engineer_Call', 'PathWave_Trial_Request', 'DesignCon_Booth_Visit', 'Keysight_Workshop_RF_Testing', 'Keysight_Workshop_RF_Testing', 'Customer']",1
L022762,Chen Tanaka,Broadcom GmbH,Semiconductor,LATAM,Oscilloscopes,Email Campaign,['No_Conversion'],0
L022763,Sarah Martinez,Qualcomm,Electronics,North America,,Webinar,"['Whitepaper_Download_5G_Test', 'Lab_Integration_Discussion', 'AutoSens_Tech_Talk', 'Website_Product_Page', 'Keysight_Workshop_RF_Testing', 'No_Conversion']",0
L022764,Hiroshi Patel,Rayth_Tech,Automotive,,,,"['IMS_Badge_Scan', 'Oscilloscope_Selector_Tool', 'IMS_Badge_Scan', 'Customer']",1
L022765,Ahmed Patel,Raytheon,Semiconductor,LATAM,,Event,"['Lab_Integration_Discussion', 'Loaner_Unit_Evaluation', 'MQL', 'PathWave_Trial_Request', 'PathWave_Trial_Request', 'MQL', 'PathWave_Trial_Request', 'Customer']",1
L022766,Priya Williams,Infineon,Telecom,Europe,,Website,"['Website_Product_Page', 'Website_Product_Page', 'SQL', 'Whitepaper_Download_5G_Test', 'No_Conversion']",0
L022767,Laura Patel,Infin_Tech,Automotive,Europe,,Sales Outreach,"['PathWave_Trial_Request', 'AutoSens_Tech_Talk', 'Keysight_University_Course', 'Oscilloscope_Selector_Tool', 'No_Conversion']",0
L022768,Laura Williams,Infineon GmbH,,North America,5G Testbeds,Email Campaign,"['Technical_Demo', 'IMS_Badge_Scan', 'LinkedIn_Ad_Click', 'Keysight_Workshop_RF_Testing', 'No_Conversion']",0
L022769,Hiroshi Patel,Bosch,Telecom,Europe,PathWave Software,,"['Keysight_Workshop_RF_Testing', 'AutoSens_Tech_Talk', 'Loaner_Unit_Evaluation', 'Keysight_Workshop_RF_Testing', 'PathWave_Trial_Request', 'Customer']",1
L022770,Daniel Tanaka,Raytheon GmbH,Telecom,North America,,Event,"['LinkedIn_Ad_Click', 'Loaner_Unit_Evaluation', 'Keysight_University_Course', 'Keysight_Workshop_RF_Testing', 'No_Conversion']",0
L022771,,Bosch GmbH,,Europe,,Webinar,['No_Conversion'],0
L022772,Chen Garcia,Samsung Electronics GmbH,Semiconductor,,Automotive Ethernet,Webinar,"['Whitepaper_Download_5G_Test', 'Oscilloscope_Selector_Tool', 'Loaner_Unit_Evaluation', 'PathWave_Trial_Request', 'AutoSens_Tech_Talk', 'Oscilloscope_Selector_Tool', 'Keysight_University_Course', 'Customer']",1
L022773,Sofia Lee,,,,5G Testbeds,Sales Outreach,['Customer'],1
L022774,Ravi Anders,Samsung Electronics,Aerospace,North America,PathWave Software,Email Campaign,"['Lab_Integration_Discussion', 'Customer']",1
L022775,Michael Khan,Samsung Electronics GmbH,Electronics,North America,,Event,"['PathWave_Trial_Request', 'Keysight_Workshop_RF_Testing', 'Technical_Demo', 'Website_Product_Page', 'AutoSens_Tech_Talk', 'No_Conversion']",0
L022776,,,Automotive,Europe,PathWave Software,Sales Outreach,"['Technical_Demo', 'MQL', 'PathWave_Trial_Request', 'Customer']",1
L022777,,Qualc_Tech,Semiconductor,,Oscilloscopes,Webinar,"['DesignCon_Booth_Visit', 'Lab_Integration_Discussion', 'Loaner_Unit_Evaluation', 'SQL', 'PathWave_Trial_Request', 'Website_Product_Page', 'MQL', 'Loaner_Unit_Evaluation', 'No_Conversion']",0
L022778,Hiroshi Anders,,Aerospace,LATAM,Oscilloscopes,Event,"['Lab_Integration_Discussion', 'Keysight_University_Course', 'Keysight_Workshop_RF_Testing', 'Opportunity', 'Customer']",1
L022779,Kenji Singh,,,,,LinkedIn,"['AutoSens_Tech_Talk', 'IMS_Badge_Scan', 'Oscilloscope_Selector_Tool', 'Keysight_University_Course', 'SQL', 'SQL', 'Oscilloscope_Selector_Tool', 'Keysight_University_Course', 'Technical_Demo', 'PathWave_Trial_Request', 'No_Conversion']",0
L022780,Sarah Tanaka,NXP Semiconductors,,North America,5G Testbeds,Webinar,"['AutoSens_Tech_Talk', 'AutoSens_Tech_Talk', 'SQL', 'MQL', 'Website_Product_Page', 'Keysight_Workshop_RF_Testing', 'LinkedIn_Ad_Click', 'Application_Engineer_Call', 'Customer']",1
L022781,Michael Chen,,Automotive,,Oscilloscopes,LinkedIn,"['AutoSens_Tech_Talk', 'AutoSens_Tech_Talk', 'Oscilloscope_Selector_Tool', 'Keysight_University_Course', 'Website_Product_Page', 'No_Conversion']",0
L022782,Maria Anders,,Automotive,,,Email Campaign,"['IMS_Badge_Scan', 'Oscilloscope_Selector_Tool', 'PathWave_Trial_Request', 'Website_Product_Page', 'Application_Engineer_Call', 'Loaner_Unit_Evaluation', 'Whitepaper_Download_5G_Test', 'Oscilloscope_Selector_Tool', 'Whitepaper_Download_5G_Test', 'Oscilloscope_Selector_Tool', 'No_Conversion']",0
L022783,Chen Chen,Infineon,,APAC,PathWave Software,Sales Outreach,"['Keysight_University_Course', 'Application_Engineer_Call', 'Customer']",1
L022784,,,Telecom,North America,5G Testbeds,LinkedIn,"['DesignCon_Booth_Visit', 'PathWave_Trial_Request', 'Website_Product_Page', 'Loaner_Unit_Evaluation', 'AutoSens_Tech_Talk', 'Lab_Integration_Discussion', 'IMS_Badge_Scan', 'IMS_Badge_Scan', 'No_Conversion']",0
L022785,Sarah Patel,Broad_Tech,Semiconductor,LATAM,,LinkedIn,"['Opportunity', 'Whitepaper_Download_5G_Test', 'Website_Product_Page', 'No_Conversion']",0
L022786,Michael Garcia,Infin_Tech,Electronics,North America,,Sales Outreach,"['PathWave_Trial_Request', 'Whitepaper_Download_5G_Test', 'Website_Product_Page', 'Loaner_Unit_Evaluation', 'Keysight_Workshop_RF_Testing', 'Customer']",1
L022787,Sofia Khan,,Automotive,LATAM,,Event,"['Website_Product_Page', 'Keysight_Workshop_RF_Testing', 'Keysight_University_Course', 'DesignCon_Booth_Visit', 'Whitepaper_Download_5G_Test', 'Whitepaper_Download_5G_Test', 'SQL', 'SQL', 'No_Conversion']",0
L022788,Daniel Patel,Samsung Electronics,Telecom,North America,,Event,['No_Conversion'],0
L022789,Laura Martinez,,Electronics,LATAM,5G Testbeds,Event,"['AutoSens_Tech_Talk', 'PathWave_Trial_Request', 'SQL', 'No_Conversion']",0
L022790,Daniel Khan,Infineon,,APAC,,Webinar,"['Lab_Integration_Discussion', 'Whitepaper_Download_5G_Test', 'AutoSens_Tech_Talk', 'MQL', 'Opportunity', 'Keysight_Workshop_RF_Testing', 'Customer']",1
L022791,Kenji Singh,Raytheon,Semiconductor,North America,,Sales Outreach,"['Website_Product_Page', 'Keysight_Workshop_RF_Testing', 'Keysight_University_Course', 'MQL', 'MQL', 'IMS_Badge_Scan', 'Keysight_Workshop_RF_Testing', 'PathWave_Trial_Request', 'Whitepaper_Download_5G_Test', 'Keysight_Workshop_RF_Testing', 'Customer']",1
L022792,Chen Ito,NXP Semiconductors,,,Automotive Ethernet,Website,['Customer'],1
L022793,Kenji Johnson,Bosch,Telecom,APAC,Automotive Ethernet,Sales Outreach,"['DesignCon_Booth_Visit', 'Keysight_Workshop_RF_Testing', 'LinkedIn_Ad_Click', 'Website_Product_Page', 'Opportunity', 'No_Conversion']",0
L022794,,Meta Connectivity Labs,Semiconductor,Europe,Oscilloscopes,,"['Keysight_University_Course', 'IMS_Badge_Scan', 'IMS_Badge_Scan', 'Customer']",1
L022795,Ravi Williams,NXPSe_Tech,,LATAM,5G Testbeds,Event,"['Keysight_Workshop_RF_Testing', 'Website_Product_Page', 'Lab_Integration_Discussion', 'DesignCon_Booth_Visit', 'Customer']",1
L022796,Sarah Williams,Tesla Energy,Aerospace,North America,Automotive Ethernet,Website,"['SQL', 'Oscilloscope_Selector_Tool', 'AutoSens_Tech_Talk', 'No_Conversion']",0
L022797,,Qualcomm GmbH,Telecom,,5G Testbeds,Event,['Customer'],1
L022798,Maria Martinez,Samsung Electronics GmbH,,,5G Testbeds,,"['Oscilloscope_Selector_Tool', 'Whitepaper_Download_5G_Test', 'Oscilloscope_Selector_Tool', 'Oscilloscope_Selector_Tool', 'Whitepaper_Download_5G_Test', 'Keysight_Workshop_RF_Testing', 'Keysight_University_Course', 'Customer']",1
L022799,Sarah Johnson,Meta Connectivity Labs,,APAC,,LinkedIn,"['Whitepaper_Download_5G_Test', 'DesignCon_Booth_Visit', 'Opportunity', 'Keysight_Workshop_RF_Testing', 'Customer']",1
L022800,Laura Johnson,Broadcom GmbH,Telecom,LATAM,Oscilloscopes,Sales Outreach,"['Website_Product_Page', 'SQL', 'No_Conversion']",0
L022801,Ravi Patel,Broadcom,,,Oscilloscopes,,"['Application_Engineer_Call', 'Application_Engineer_Call', 'Customer']",1
L022802,Maria Williams,Infineon,Telecom,Europe,,Webinar,"['Application_Engineer_Call', 'DesignCon_Booth_Visit', 'IMS_Badge_Scan', 'No_Conversion']",0
L022803,Laura Tanaka,Samsu_Tech,,,5G Testbeds,,"['MQL', 'LinkedIn_Ad_Click', 'PathWave_Trial_Request', 'Technical_Demo', 'Opportunity', 'No_Conversion']",0
L022804,Ravi Anders,,Aerospace,LATAM,5G Testbeds,Event,"['SQL', 'No_Conversion']",0
L022805,Laura Martinez,Raytheon,Telecom,LATAM,5G Testbeds,LinkedIn,"['Loaner_Unit_Evaluation', 'Whitepaper_Download_5G_Test', 'Application_Engineer_Call', 'IMS_Badge_Scan', 'Website_Product_Page', 'Technical_Demo', 'No_Conversion']",0
L022806,Hiroshi Patel,NXPSe_Tech,,,,Event,"['AutoSens_Tech_Talk', 'Whitepaper_Download_5G_Test', 'Application_Engineer_Call', 'PathWave_Trial_Request', 'Whitepaper_Download_5G_Test', 'MQL', 'Application_Engineer_Call', 'AutoSens_Tech_Talk', 'SQL', 'Customer']",1
L022807,Sarah Ito,,,Europe,5G Testbeds,Email Campaign,"['Application_Engineer_Call', 'No_Conversion']",0
L022808,Ravi Johnson,,,,Automotive Ethernet,,"['MQL', 'PathWave_Trial_Request', 'PathWave_Trial_Request', 'Loaner_Unit_Evaluation', 'Oscilloscope_Selector_Tool', 'AutoSens_Tech_Talk', 'Keysight_Workshop_RF_Testing', 'Keysight_Workshop_RF_Testing', 'Website_Product_Page', 'No_Conversion']",0
L022809,Laura Ito,,,LATAM,,Webinar,"['IMS_Badge_Scan', 'Website_Product_Page', 'Technical_Demo', 'MQL', 'Website_Product_Page', 'Keysight_Workshop_RF_Testing', 'Technical_Demo', 'Opportunity', 'Oscilloscope_Selector_Tool', 'No_Conversion']",0
L022810,Kenji Garcia,Infineon,Automotive,LATAM,,Webinar,"['IMS_Badge_Scan', 'Oscilloscope_Selector_Tool', 'Oscilloscope_Selector_Tool', 'SQL', 'SQL', 'No_Conversion']",0
L022811,Chen Chen,NXPSe_Tech,,,Automotive Ethernet,Website,"['Keysight_University_Course', 'Application_Engineer_Call', 'Opportunity', 'No_Conversion']",0
L022812,Michael Johnson,,Automotive,,Oscilloscopes,Event,"['Lab_Integration_Discussion', 'SQL', 'Keysight_University_Course', 'MQL', 'Application_Engineer_Call', 'SQL', 'Application_Engineer_Call', 'Lab_Integration_Discussion', 'Customer']",1
L022813,,Sony_Tech,,North America,,LinkedIn,"['LinkedIn_Ad_Click', 'MQL', 'Technical_Demo', 'LinkedIn_Ad_Click', 'Customer']",1
L022814,Sarah Johnson,Meta Connectivity Labs GmbH,Automotive,APAC,Automotive Ethernet,Website,"['AutoSens_Tech_Talk', 'No_Conversion']",0
L022815,Ahmed Khan,Tesla_Tech,Electronics,North America,5G Testbeds,Website,['Customer'],1
L022816,Daniel Johnson,Sony GmbH,Semiconductor,,,,"['Keysight_Workshop_RF_Testing', 'Customer']",1
L022817,Sofia Williams,Raytheon,,LATAM,5G Testbeds,Email Campaign,"['AutoSens_Tech_Talk', 'Technical_Demo', 'DesignCon_Booth_Visit', 'Keysight_University_Course', 'Application_Engineer_Call', 'Opportunity', 'No_Conversion']",0
L022818,Ahmed Chen,Raytheon GmbH,,North America,PathWave Software,Event,"['Opportunity', 'No_Conversion']",0
L022819,Kenji Lee,Tesla Energy GmbH,,LATAM,,LinkedIn,"['PathWave_Trial_Request', 'Lab_Integration_Discussion', 'SQL', 'MQL', 'IMS_Badge_Scan', 'Oscilloscope_Selector_Tool', 'MQL', 'Customer']",1
L022820,Chen Khan,Tesla_Tech,Aerospace,APAC,Automotive Ethernet,Sales Outreach,"['Oscilloscope_Selector_Tool', 'SQL', 'Keysight_Workshop_RF_Testing', 'Whitepaper_Download_5G_Test', 'Customer']",1
L022821,Ravi Singh,Raytheon GmbH,Aerospace,APAC,5G Testbeds,,['Customer'],1
L022822,Michael Ito,,Aerospace,APAC,PathWave Software,Sales Outreach,"['LinkedIn_Ad_Click', 'MQL', 'Website_Product_Page', 'Lab_Integration_Discussion', 'Lab_Integration_Discussion', 'LinkedIn_Ad_Click', 'Keysight_Workshop_RF_Testing', 'Customer']",1
L022823,Ravi Anders,,Aerospace,APAC,,Event,"['AutoSens_Tech_Talk', 'AutoSens_Tech_Talk', 'MQL', 'IMS_Badge_Scan', 'PathWave_Trial_Request', 'Whitepaper_Download_5G_Test', 'Oscilloscope_Selector_Tool', 'No_Conversion']",0
L022824,Maria Garcia,Broadcom GmbH,Semiconductor,,Automotive Ethernet,Event,"['IMS_Badge_Scan', 'Oscilloscope_Selector_Tool', 'Loaner_Unit_Evaluation', 'Application_Engineer_Call', 'Application_Engineer_Call', 'No_Conversion']",0
L022825,Chen Tanaka,Infineon GmbH,Electronics,,,Webinar,"['MQL', 'Keysight_Workshop_RF_Testing', 'Whitepaper_Download_5G_Test', 'No_Conversion']",0
L022826,Ravi Garcia,,,APAC,,,"['Technical_Demo', 'Keysight_University_Course', 'IMS_Badge_Scan', 'No_Conversion']",0
L022827,Kenji Patel,Infin_Tech,,Europe,,LinkedIn,"['Keysight_University_Course', 'Lab_Integration_Discussion', 'Loaner_Unit_Evaluation', 'Oscilloscope_Selector_Tool', 'Opportunity', 'No_Conversion']",0
L022828,Laura Lee,,,North America,,Webinar,"['Technical_Demo', 'DesignCon_Booth_Visit', 'Website_Product_Page', 'Customer']",1
L022829,Sofia Johnson,,Telecom,Europe,,Sales Outreach,"['IMS_Badge_Scan', 'Customer']",1
L022830,Michael Patel,Tesla Energy,Aerospace,Europe,,Website,"['Lab_Integration_Discussion', 'Oscilloscope_Selector_Tool', 'Customer']",1
L022831,,Raytheon,,Europe,Oscilloscopes,Email Campaign,"['Opportunity', 'LinkedIn_Ad_Click', 'DesignCon_Booth_Visit', 'IMS_Badge_Scan', 'No_Conversion']",0
L022832,,Qualcomm GmbH,Automotive,Europe,,Event,"['SQL', 'Lab_Integration_Discussion', 'Oscilloscope_Selector_Tool', 'LinkedIn_Ad_Click', 'Keysight_Workshop_RF_Testing', 'Loaner_Unit_Evaluation', 'SQL', 'DesignCon_Booth_Visit', 'Customer']",1
L022833,Ahmed Anders,,Automotive,APAC,,LinkedIn,"['Loaner_Unit_Evaluation', 'No_Conversion']",0
L022834,Priya Johnson,Bosch GmbH,Telecom,,,,"['Loaner_Unit_Evaluation', 'No_Conversion']",0
L022835,Sarah Tanaka,NXP Semiconductors GmbH,Semiconductor,Europe,,Website,"['Application_Engineer_Call', 'Keysight_Workshop_RF_Testing', 'No_Conversion']",0
L022836,,Tesla_Tech,Semiconductor,Europe,,Webinar,"['IMS_Badge_Scan', 'Oscilloscope_Selector_Tool', 'SQL', 'Keysight_Workshop_RF_Testing', 'Customer']",1
L022837,Sarah Chen,,Semiconductor,APAC,,LinkedIn,"['Application_Engineer_Call', 'DesignCon_Booth_Visit', 'Website_Product_Page', 'Opportunity', 'No_Conversion']",0
L022838,Maria Patel,,,,Automotive Ethernet,Webinar,"['Website_Product_Page', 'Whitepaper_Download_5G_Test', 'Keysight_University_Course', 'Loaner_Unit_Evaluation', 'Keysight_University_Course', 'Whitepaper_Download_5G_Test', 'No_Conversion']",0
L022839,Michael Patel,,Electronics,,,Event,"['Loaner_Unit_Evaluation', 'LinkedIn_Ad_Click', 'Keysight_University_Course', 'LinkedIn_Ad_Click', 'SQL', 'LinkedIn_Ad_Click', 'Website_Product_Page', 'Website_Product_Page', 'Customer']",1
L022840,Priya Tanaka,Sony,,,,LinkedIn,"['PathWave_Trial_Request', 'AutoSens_Tech_Talk', 'Website_Product_Page', 'Keysight_University_Course', 'Technical_Demo', 'Opportunity', 'Lab_Integration_Discussion', 'AutoSens_Tech_Talk', 'Lab_Integration_Discussion', 'No_Conversion']",0
L022841,Michael Chen,Tesla Energy GmbH,Telecom,,,,['Customer'],1
L022842,Michael Tanaka,Samsung Electronics GmbH,,APAC,,Event,"['Oscilloscope_Selector_Tool', 'Keysight_Workshop_RF_Testing', 'Technical_Demo', 'Website_Product_Page', 'Customer']",1
L022843,Chen Williams,,,LATAM,Automotive Ethernet,,"['Loaner_Unit_Evaluation', 'MQL', 'AutoSens_Tech_Talk', 'Keysight_Workshop_RF_Testing', 'Loaner_Unit_Evaluation', 'SQL', 'DesignCon_Booth_Visit', 'PathWave_Trial_Request', 'Customer']",1
L022844,Kenji Patel,,Automotive,Europe,,Event,"['Keysight_Workshop_RF_Testing', 'Keysight_Workshop_RF_Testing', 'Whitepaper_Download_5G_Test', 'Customer']",1
L022845,Daniel Chen,,Semiconductor,LATAM,PathWave Software,Email Campaign,"['SQL', 'AutoSens_Tech_Talk', 'SQL', 'Opportunity', 'AutoSens_Tech_Talk', 'Technical_Demo', 'Keysight_Workshop_RF_Testing', 'LinkedIn_Ad_Click', 'Customer']",1
L022846,Priya Johnson,MetaC_Tech,,,Automotive Ethernet,Website,"['Application_Engineer_Call', 'LinkedIn_Ad_Click', 'No_Conversion']",0
L022847,Kenji Garcia,Qualcomm,Semiconductor,LATAM,,,['No_Conversion'],0
L022848,Chen Garcia,,Semiconductor,Europe,Oscilloscopes,Email Campaign,['No_Conversion'],0
L022849,,,,,Automotive Ethernet,Webinar,"['Whitepaper_Download_5G_Test', 'Keysight_Workshop_RF_Testing', 'Oscilloscope_Selector_Tool', 'Lab_Integration_Discussion', 'SQL', 'IMS_Badge_Scan', 'No_Conversion']",0
L022850,Chen Chen,,,North America,Oscilloscopes,Email Campaign,"['SQL', 'SQL', 'PathWave_Trial_Request', 'Oscilloscope_Selector_Tool', 'Keysight_University_Course', 'Customer']",1
L022851,Ahmed Patel,Infineon,Electronics,LATAM,5G Testbeds,Webinar,"['AutoSens_Tech_Talk', 'Opportunity', 'Technical_Demo', 'Whitepaper_Download_5G_Test', 'Keysight_University_Course', 'Keysight_Workshop_RF_Testing', 'PathWave_Trial_Request', 'MQL', 'Application_Engineer_Call', 'Whitepaper_Download_5G_Test', 'Customer']",1
L022852,Sarah Ito,,,LATAM,,,"['IMS_Badge_Scan', 'Opportunity', 'No_Conversion']",0
L022853,Ahmed Lee,,Telecom,APAC,,,"['Oscilloscope_Selector_Tool', 'Oscilloscope_Selector_Tool', 'Keysight_University_Course', 'No_Conversion']",0
L022854,Kenji Singh,Tesla Energy GmbH,Automotive,North America,,Sales Outreach,"['SQL', 'Keysight_Workshop_RF_Testing', 'Customer']",1
L022855,Ahmed Johnson,Broad_Tech,Semiconductor,LATAM,,Sales Outreach,"['IMS_Badge_Scan', 'Customer']",1
L022856,Ahmed Patel,NXP Semiconductors,Semiconductor,Europe,Oscilloscopes,Sales Outreach,"['IMS_Badge_Scan', 'Oscilloscope_Selector_Tool', 'Customer']",1
L022857,Laura Williams,,,,PathWave Software,Webinar,"['SQL', 'Website_Product_Page', 'IMS_Badge_Scan', 'LinkedIn_Ad_Click', 'Technical_Demo', 'LinkedIn_Ad_Click', 'No_Conversion']",0
L022858,Ravi Williams,NXP Semiconductors GmbH,,LATAM,,Webinar,"['Opportunity', 'SQL', 'PathWave_Trial_Request', 'DesignCon_Booth_Visit', 'No_Conversion']",0
L022859,Daniel Ito,,Telecom,LATAM,PathWave Software,Sales Outreach,"['DesignCon_Booth_Visit', 'SQL', 'SQL', 'Loaner_Unit_Evaluation', 'DesignCon_Booth_Visit', 'Lab_Integration_Discussion', 'Lab_Integration_Discussion', 'LinkedIn_Ad_Click', 'Lab_Integration_Discussion', 'DesignCon_Booth_Visit', 'Customer']",1
L022860,Sofia Patel,Infin_Tech,Telecom,LATAM,Automotive Ethernet,LinkedIn,"['SQL', 'Customer']",1
L022861,Daniel Garcia,Broadcom,Electronics,APAC,,Website,"['MQL', 'Opportunity', 'MQL', 'PathWave_Trial_Request', 'Loaner_Unit_Evaluation', 'Customer']",1
L022862,Michael Patel,,,LATAM,PathWave Software,Email Campaign,"['LinkedIn_Ad_Click', 'Application_Engineer_Call', 'Application_Engineer_Call', 'MQL', 'Technical_Demo', 'Application_Engineer_Call', 'No_Conversion']",0
L022863,Sarah Singh,Broadcom,Automotive,Europe,PathWave Software,Event,"['MQL', 'LinkedIn_Ad_Click', 'Website_Product_Page', 'No_Conversion']",0
L022864,Ravi Tanaka,Bosch_Tech,Automotive,Europe,PathWave Software,LinkedIn,"['Lab_Integration_Discussion', 'AutoSens_Tech_Talk', 'Whitepaper_Download_5G_Test', 'DesignCon_Booth_Visit', 'DesignCon_Booth_Visit', 'Opportunity', 'AutoSens_Tech_Talk', 'Application_Engineer_Call', 'Keysight_University_Course', 'Loaner_Unit_Evaluation', 'No_Conversion']",0
L022865,Laura Martinez,Rayth_Tech,,,Automotive Ethernet,Email Campaign,"['AutoSens_Tech_Talk', 'Keysight_University_Course', 'AutoSens_Tech_Talk', 'No_Conversion']",0
L022866,Sarah Garcia,NXP Semiconductors GmbH,,Europe,Automotive Ethernet,Sales Outreach,"['Application_Engineer_Call', 'Keysight_Workshop_RF_Testing', 'Opportunity', 'MQL', 'Application_Engineer_Call', 'Lab_Integration_Discussion', 'No_Conversion']",0
L022867,,,Semiconductor,LATAM,Automotive Ethernet,Sales Outreach,"['IMS_Badge_Scan', 'Keysight_University_Course', 'SQL', 'AutoSens_Tech_Talk', 'LinkedIn_Ad_Click', 'Whitepaper_Download_5G_Test', 'No_Conversion']",0
L022868,Sofia Ito,Broadcom,,LATAM,Automotive Ethernet,Event,"['Keysight_Workshop_RF_Testing', 'Loaner_Unit_Evaluation', 'Lab_Integration_Discussion', 'Customer']",1
L022869,,Meta Connectivity Labs GmbH,,LATAM,Automotive Ethernet,,"['Keysight_Workshop_RF_Testing', 'SQL', 'SQL', 'PathWave_Trial_Request', 'No_Conversion']",0
L022870,Kenji Johnson,Samsung Electronics,Electronics,North America,PathWave Software,Website,"['MQL', 'Loaner_Unit_Evaluation', 'Website_Product_Page', 'Customer']",1
L022871,Priya Ito,,Aerospace,LATAM,5G Testbeds,Event,"['PathWave_Trial_Request', 'AutoSens_Tech_Talk', 'LinkedIn_Ad_Click', 'Website_Product_Page', 'No_Conversion']",0
L022872,Hiroshi Lee,Qualcomm,Semiconductor,APAC,,Webinar,"['DesignCon_Booth_Visit', 'DesignCon_Booth_Visit', 'Loaner_Unit_Evaluation', 'Whitepaper_Download_5G_Test', 'Customer']",1
L022873,Daniel Khan,Broad_Tech,,Europe,Oscilloscopes,,"['Keysight_University_Course', 'Technical_Demo', 'Application_Engineer_Call', 'Application_Engineer_Call', 'Whitepaper_Download_5G_Test', 'Loaner_Unit_Evaluation', 'SQL', 'No_Conversion']",0
L022874,Kenji Garcia,Infineon GmbH,Aerospace,APAC,PathWave Software,Email Campaign,['Customer'],1
L022875,Sarah Lee,Tesla Energy,Automotive,Europe,Automotive Ethernet,Website,"['Application_Engineer_Call', 'DesignCon_Booth_Visit', 'Customer']",1
L022876,Sarah Singh,,,LATAM,PathWave Software,Webinar,"['AutoSens_Tech_Talk', 'PathWave_Trial_Request', 'Whitepaper_Download_5G_Test', 'LinkedIn_Ad_Click', 'No_Conversion']",0
L022877,Chen Singh,,,LATAM,5G Testbeds,LinkedIn,['No_Conversion'],0
L022878,Chen Ito,,Electronics,LATAM,PathWave Software,Webinar,"['Technical_Demo', 'MQL', 'Oscilloscope_Selector_Tool', 'SQL', 'No_Conversion']",0
L022879,Ravi Chen,,Electronics,LATAM,Automotive Ethernet,LinkedIn,['No_Conversion'],0
L022880,,Bosch,,,PathWave Software,,"['Oscilloscope_Selector_Tool', 'AutoSens_Tech_Talk', 'PathWave_Trial_Request', 'MQL', 'Technical_Demo', 'Whitepaper_Download_5G_Test', 'Customer']",1
L022881,Daniel Chen,Samsung Electronics GmbH,Electronics,North America,,,"['Oscilloscope_Selector_Tool', 'Oscilloscope_Selector_Tool', 'Keysight_University_Course', 'Oscilloscope_Selector_Tool', 'LinkedIn_Ad_Click', 'Customer']",1
L022882,Ahmed Johnson,Raytheon,Automotive,North America,,LinkedIn,"['Opportunity', 'PathWave_Trial_Request', 'SQL', 'Technical_Demo', 'Loaner_Unit_Evaluation', 'Customer']",1
L022883,Laura Tanaka,,Electronics,LATAM,,Website,['No_Conversion'],0
L022884,Ahmed Martinez,Qualcomm,,,Oscilloscopes,Sales Outreach,"['LinkedIn_Ad_Click', 'Technical_Demo', 'Keysight_Workshop_RF_Testing', 'MQL', 'Technical_Demo', 'Website_Product_Page', 'Lab_Integration_Discussion', 'Customer']",1
L022885,Hiroshi Tanaka,NXPSe_Tech,Semiconductor,,,Webinar,"['Technical_Demo', 'Keysight_University_Course', 'Keysight_Workshop_RF_Testing', 'MQL', 'Technical_Demo', 'Customer']",1
L022886,Ravi Khan,Broadcom GmbH,,Europe,5G Testbeds,Sales Outreach,"['Whitepaper_Download_5G_Test', 'DesignCon_Booth_Visit', 'Keysight_University_Course', 'No_Conversion']",0
L022887,Chen Lee,Tesla Energy GmbH,Aerospace,APAC,Oscilloscopes,Sales Outreach,"['LinkedIn_Ad_Click', 'DesignCon_Booth_Visit', 'Customer']",1
L022888,Chen Ito,,Telecom,North America,5G Testbeds,Event,"['MQL', 'Oscilloscope_Selector_Tool', 'DesignCon_Booth_Visit', 'Application_Engineer_Call', 'Lab_Integration_Discussion', 'Customer']",1
L022889,Sofia Williams,Broadcom,Telecom,Europe,Oscilloscopes,,"['Oscilloscope_Selector_Tool', 'Lab_Integration_Discussion', 'Technical_Demo', 'No_Conversion']",0
L022890,Kenji Johnson,Raytheon GmbH,Aerospace,Europe,Oscilloscopes,Webinar,"['IMS_Badge_Scan', 'Customer']",1
L022891,Maria Patel,Samsung Electronics,Aerospace,Europe,,LinkedIn,"['Keysight_University_Course', 'Loaner_Unit_Evaluation', 'MQL', 'Keysight_Workshop_RF_Testing', 'Lab_Integration_Discussion', 'No_Conversion']",0
L022892,Michael Tanaka,Broadcom,Telecom,,PathWave Software,Sales Outreach,"['Technical_Demo', 'Whitepaper_Download_5G_Test', 'Opportunity', 'Customer']",1
L022893,Ahmed Lee,Broadcom,Automotive,LATAM,5G Testbeds,Website,"['PathWave_Trial_Request', 'Customer']",1
L022894,Ravi Johnson,Samsung Electronics GmbH,Telecom,LATAM,Automotive Ethernet,Email Campaign,"['IMS_Badge_Scan', 'Oscilloscope_Selector_Tool', 'Application_Engineer_Call', 'Lab_Integration_Discussion', 'AutoSens_Tech_Talk', 'Opportunity', 'Customer']",1
L022895,Chen Martinez,Infineon GmbH,,North America,Automotive Ethernet,Sales Outreach,"['DesignCon_Booth_Visit', 'Keysight_University_Course', 'Technical_Demo', 'Loaner_Unit_Evaluation', 'Lab_Integration_Discussion', 'Customer']",1
L022896,Daniel Khan,Qualc_Tech,Aerospace,,,Sales Outreach,"['Whitepaper_Download_5G_Test', 'MQL', 'DesignCon_Booth_Visit', 'Oscilloscope_Selector_Tool', 'Whitepaper_Download_5G_Test', 'PathWave_Trial_Request', 'PathWave_Trial_Request', 'Loaner_Unit_Evaluation', 'AutoSens_Tech_Talk', 'No_Conversion']",0
L022897,Michael Singh,Tesla_Tech,,APAC,,LinkedIn,"['LinkedIn_Ad_Click', 'IMS_Badge_Scan', 'Lab_Integration_Discussion', 'IMS_Badge_Scan', 'DesignCon_Booth_Visit', 'PathWave_Trial_Request', 'LinkedIn_Ad_Click', 'Keysight_University_Course', 'Lab_Integration_Discussion', 'Customer']",1
L022898,Kenji Williams,Raytheon,,LATAM,,Email Campaign,"['IMS_Badge_Scan', 'Loaner_Unit_Evaluation', 'Lab_Integration_Discussion', 'Technical_Demo', 'Whitepaper_Download_5G_Test', 'Application_Engineer_Call', 'AutoSens_Tech_Talk', 'Application_Engineer_Call', 'No_Conversion']",0
L022899,Chen Lee,Tesla_Tech,Automotive,Europe,,Sales Outreach,"['DesignCon_Booth_Visit', 'Technical_Demo', 'No_Conversion']",0
L022900,Kenji Anders,Sony_Tech,Automotive,Europe,Oscilloscopes,Event,"['MQL', 'MQL', 'Opportunity', 'Keysight_University_Course', 'Lab_Integration_Discussion', 'Customer']",1
L022901,Sofia Garcia,Tesla_Tech,Semiconductor,,Oscilloscopes,Website,"['LinkedIn_Ad_Click', 'No_Conversion']",0
L022902,Priya Lee,Bosch GmbH,Telecom,North America,5G Testbeds,Sales Outreach,"['SQL', 'Whitepaper_Download_5G_Test', 'Technical_Demo', 'Keysight_University_Course', 'No_Conversion']",0
L022903,,Samsung Electronics,,LATAM,Automotive Ethernet,Email Campaign,"['DesignCon_Booth_Visit', 'AutoSens_Tech_Talk', 'Lab_Integration_Discussion', 'IMS_Badge_Scan', 'Oscilloscope_Selector_Tool', 'LinkedIn_Ad_Click', 'No_Conversion']",0
L022904,,Meta Connectivity Labs,Telecom,APAC,Automotive Ethernet,Email Campaign,"['DesignCon_Booth_Visit', 'Opportunity', 'IMS_Badge_Scan', 'SQL', 'Opportunity', 'IMS_Badge_Scan', 'Customer']",1
L022905,Kenji Patel,Broadcom GmbH,,North America,PathWave Software,LinkedIn,"['Application_Engineer_Call', 'MQL', 'Website_Product_Page', 'Keysight_University_Course', 'Technical_Demo', 'Lab_Integration_Discussion', 'Opportunity', 'MQL', 'LinkedIn_Ad_Click', 'Keysight_University_Course', 'Customer']",1
L022906,Hiroshi Tanaka,,,North America,PathWave Software,,"['Website_Product_Page', 'Lab_Integration_Discussion', 'Whitepaper_Download_5G_Test', 'Technical_Demo', 'Keysight_University_Course', 'Application_Engineer_Call', 'Website_Product_Page', 'LinkedIn_Ad_Click', 'Keysight_Workshop_RF_Testing', 'PathWave_Trial_Request', 'Customer']",1
L022907,Hiroshi Chen,Sony,,APAC,Automotive Ethernet,Email Campaign,"['Lab_Integration_Discussion', 'PathWave_Trial_Request', 'Loaner_Unit_Evaluation', 'No_Conversion']",0
L022908,Maria Khan,Infineon,,LATAM,Automotive Ethernet,LinkedIn,"['Opportunity', 'Oscilloscope_Selector_Tool', 'Oscilloscope_Selector_Tool', 'Lab_Integration_Discussion', 'Oscilloscope_Selector_Tool', 'MQL', 'No_Conversion']",0
L022909,Maria Tanaka,,Telecom,,PathWave Software,Website,['Customer'],1
L022910,Ravi Tanaka,Rayth_Tech,,APAC,Oscilloscopes,Email Campaign,"['MQL', 'AutoSens_Tech_Talk', 'Whitepaper_Download_5G_Test', 'Oscilloscope_Selector_Tool', 'Customer']",1
L022911,Ahmed Tanaka,Rayth_Tech,Aerospace,APAC,5G Testbeds,Email Campaign,"['Application_Engineer_Call', 'No_Conversion']",0
L022912,Kenji Patel,,,LATAM,PathWave Software,Event,"['IMS_Badge_Scan', 'MQL', 'IMS_Badge_Scan', 'AutoSens_Tech_Talk', 'Application_Engineer_Call', 'Keysight_University_Course', 'Oscilloscope_Selector_Tool', 'No_Conversion']",0
L022913,Kenji Tanaka,Infin_Tech,Telecom,,Automotive Ethernet,Event,"['Whitepaper_Download_5G_Test', 'Technical_Demo', 'Lab_Integration_Discussion', 'Website_Product_Page', 'LinkedIn_Ad_Click', 'LinkedIn_Ad_Click', 'SQL', 'MQL', 'AutoSens_Tech_Talk', 'Customer']",1
L022914,Laura Chen,,,LATAM,PathWave Software,Sales Outreach,"['MQL', 'PathWave_Trial_Request', 'PathWave_Trial_Request', 'Technical_Demo', 'Lab_Integration_Discussion', 'Opportunity', 'No_Conversion']",0
L022915,Maria Garcia,,Semiconductor,,,LinkedIn,"['Keysight_Workshop_RF_Testing', 'Keysight_University_Course', 'Application_Engineer_Call', 'Customer']",1
L022916,Sofia Martinez,Raytheon,Aerospace,Europe,PathWave Software,Sales Outreach,"['Keysight_University_Course', 'DesignCon_Booth_Visit', 'Website_Product_Page', 'IMS_Badge_Scan', 'MQL', 'Lab_Integration_Discussion', 'LinkedIn_Ad_Click', 'Keysight_University_Course', 'MQL', 'IMS_Badge_Scan', 'Customer']",1
L022917,Kenji Tanaka,Broad_Tech,,North America,Oscilloscopes,Email Campaign,"['Keysight_University_Course', 'Whitepaper_Download_5G_Test', 'IMS_Badge_Scan', 'Oscilloscope_Selector_Tool', 'No_Conversion']",0
L022918,Sarah Singh,Broadcom GmbH,Automotive,,,Email Campaign,"['Keysight_University_Course', 'Website_Product_Page', 'PathWave_Trial_Request', 'Lab_Integration_Discussion', 'No_Conversion']",0
L022919,Priya Singh,Broad_Tech,,North America,Automotive Ethernet,Event,"['LinkedIn_Ad_Click', 'Oscilloscope_Selector_Tool', 'Keysight_University_Course', 'Website_Product_Page', 'Opportunity', 'Keysight_Workshop_RF_Testing', 'No_Conversion']",0
L022920,Priya Patel,Bosch GmbH,Electronics,,,Email Campaign,"['PathWave_Trial_Request', 'No_Conversion']",0
L022921,,,,LATAM,Automotive Ethernet,Email Campaign,"['IMS_Badge_Scan', 'DesignCon_Booth_Visit', 'Loaner_Unit_Evaluation', 'SQL', 'SQL', 'Customer']",1
L022922,Laura Lee,Tesla Energy,,,,,"['Oscilloscope_Selector_Tool', 'AutoSens_Tech_Talk', 'LinkedIn_Ad_Click', 'Keysight_University_Course', 'Keysight_University_Course', 'Website_Product_Page', 'Application_Engineer_Call', 'Keysight_Workshop_RF_Testing', 'Customer']",1
L022923,Ravi Patel,Sony,,APAC,5G Testbeds,Website,['Customer'],1
L022924,Laura Martinez,Samsung Electronics,Electronics,LATAM,PathWave Software,Email Campaign,"['SQL', 'Customer']",1
L022925,Ravi Martinez,Qualcomm GmbH,,Europe,5G Testbeds,Sales Outreach,"['Application_Engineer_Call', 'Customer']",1
L022926,Chen Patel,Sony_Tech,,LATAM,Oscilloscopes,,"['LinkedIn_Ad_Click', 'Lab_Integration_Discussion', 'PathWave_Trial_Request', 'Website_Product_Page', 'Lab_Integration_Discussion', 'Keysight_University_Course', 'AutoSens_Tech_Talk', 'SQL', 'PathWave_Trial_Request', 'Technical_Demo', 'No_Conversion']",0
L022927,Ahmed Garcia,Meta Connectivity Labs GmbH,Electronics,Europe,5G Testbeds,LinkedIn,"['Keysight_University_Course', 'AutoSens_Tech_Talk', 'Loaner_Unit_Evaluation', 'Customer']",1
L022928,Daniel Garcia,Tesla_Tech,Telecom,,Oscilloscopes,Sales Outreach,['Customer'],1
L022929,Chen Lee,Tesla_Tech,,LATAM,PathWave Software,Event,"['Whitepaper_Download_5G_Test', 'No_Conversion']",0
L022930,Michael Garcia,NXP Semiconductors GmbH,Electronics,APAC,Oscilloscopes,Event,"['Loaner_Unit_Evaluation', 'Opportunity', 'Opportunity', 'Website_Product_Page', 'Opportunity', 'Application_Engineer_Call', 'AutoSens_Tech_Talk', 'Customer']",1
L022931,Sarah Khan,Tesla Energy GmbH,Automotive,,5G Testbeds,LinkedIn,"['Keysight_University_Course', 'Whitepaper_Download_5G_Test', 'Opportunity', 'Application_Engineer_Call', 'MQL', 'LinkedIn_Ad_Click', 'Keysight_University_Course', 'Oscilloscope_Selector_Tool', 'No_Conversion']",0
L022932,Sarah Johnson,Bosch GmbH,Semiconductor,LATAM,,Event,"['Opportunity', 'Opportunity', 'SQL', 'DesignCon_Booth_Visit', 'AutoSens_Tech_Talk', 'Lab_Integration_Discussion', 'Keysight_Workshop_RF_Testing', 'Customer']",1
L022933,Sofia Martinez,Infineon,Aerospace,North America,,,"['Keysight_University_Course', 'Application_Engineer_Call', 'Customer']",1
L022934,Ravi Ito,Qualcomm,,,Oscilloscopes,Event,"['Opportunity', 'Website_Product_Page', 'Keysight_University_Course', 'Opportunity', 'Customer']",1
L022935,Sarah Tanaka,,Aerospace,LATAM,,Webinar,"['PathWave_Trial_Request', 'AutoSens_Tech_Talk', 'Whitepaper_Download_5G_Test', 'Opportunity', 'Whitepaper_Download_5G_Test', 'Application_Engineer_Call', 'Customer']",1
L022936,Laura Tanaka,,,,,Email Campaign,"['DesignCon_Booth_Visit', 'LinkedIn_Ad_Click', 'LinkedIn_Ad_Click', 'LinkedIn_Ad_Click', 'Lab_Integration_Discussion', 'Keysight_Workshop_RF_Testing', 'Lab_Integration_Discussion', 'No_Conversion']",0
L022937,Ahmed Martinez,Sony GmbH,,Europe,PathWave Software,Sales Outreach,"['Application_Engineer_Call', 'IMS_Badge_Scan', 'Customer']",1
L022938,Maria Johnson,Qualc_Tech,,,Oscilloscopes,Sales Outreach,"['Keysight_Workshop_RF_Testing', 'SQL', 'AutoSens_Tech_Talk', 'Oscilloscope_Selector_Tool', 'Website_Product_Page', 'AutoSens_Tech_Talk', 'Technical_Demo', 'Customer']",1
L022939,Kenji Singh,Sony,Telecom,LATAM,,Website,"['SQL', 'Technical_Demo', 'Customer']",1
L022940,Sarah Chen,Infineon GmbH,Automotive,,Oscilloscopes,Event,"['DesignCon_Booth_Visit', 'No_Conversion']",0
L022941,Ravi Patel,Meta Connectivity Labs,Electronics,,Oscilloscopes,LinkedIn,"['Keysight_Workshop_RF_Testing', 'Oscilloscope_Selector_Tool', 'Application_Engineer_Call', 'LinkedIn_Ad_Click', 'Application_Engineer_Call', 'Whitepaper_Download_5G_Test', 'Keysight_University_Course', 'AutoSens_Tech_Talk', 'Whitepaper_Download_5G_Test', 'No_Conversion']",0
L022942,Maria Tanaka,Tesla Energy,Aerospace,,,Sales Outreach,"['PathWave_Trial_Request', 'Customer']",1
L022943,Ahmed Johnson,,Semiconductor,Europe,,,"['Opportunity', 'DesignCon_Booth_Visit', 'PathWave_Trial_Request', 'Customer']",1
L022944,,,Aerospace,,,LinkedIn,['Customer'],1
L022945,Daniel Tanaka,Samsung Electronics GmbH,,North America,PathWave Software,,['Customer'],1
L022946,Michael Lee,,Aerospace,Europe,PathWave Software,Sales Outreach,"['Keysight_Workshop_RF_Testing', 'PathWave_Trial_Request', 'LinkedIn_Ad_Click', 'Application_Engineer_Call', 'Oscilloscope_Selector_Tool', 'Customer']",1
L022947,Priya Johnson,Bosch,Telecom,North America,,Sales Outreach,"['Opportunity', 'LinkedIn_Ad_Click', 'Website_Product_Page', 'Keysight_University_Course', 'Customer']",1
L022948,Kenji Singh,Sony_Tech,Automotive,APAC,Automotive Ethernet,Sales Outreach,"['SQL', 'Keysight_Workshop_RF_Testing', 'SQL', 'DesignCon_Booth_Visit', 'LinkedIn_Ad_Click', 'IMS_Badge_Scan', 'Application_Engineer_Call', 'AutoSens_Tech_Talk', 'No_Conversion']",0
L022949,Hiroshi Tanaka,Sony,Semiconductor,,,Webinar,"['Opportunity', 'Technical_Demo', 'Opportunity', 'No_Conversion']",0
L022950,,Samsung Electronics,,Europe,,Website,"['Application_Engineer_Call', 'MQL', 'Loaner_Unit_Evaluation', 'Customer']",1
L022951,Ahmed Lee,Raytheon GmbH,Semiconductor,,PathWave Software,Email Campaign,"['IMS_Badge_Scan', 'SQL', 'LinkedIn_Ad_Click', 'SQL', 'AutoSens_Tech_Talk', 'No_Conversion']",0
L022952,Ahmed Martinez,Tesla_Tech,,APAC,Automotive Ethernet,Webinar,"['Website_Product_Page', 'Whitepaper_Download_5G_Test', 'MQL', 'Application_Engineer_Call', 'LinkedIn_Ad_Click', 'Customer']",1
L022953,Sarah Johnson,Tesla Energy,Electronics,,,Email Campaign,"['DesignCon_Booth_Visit', 'Whitepaper_Download_5G_Test', 'Website_Product_Page', 'LinkedIn_Ad_Click', 'No_Conversion']",0
L022954,Ahmed Johnson,Qualcomm GmbH,Automotive,Europe,,LinkedIn,"['Oscilloscope_Selector_Tool', 'Technical_Demo', 'Oscilloscope_Selector_Tool', 'IMS_Badge_Scan', 'Lab_Integration_Discussion', 'Keysight_University_Course', 'Whitepaper_Download_5G_Test', 'IMS_Badge_Scan', 'Customer']",1
L022955,Ravi Tanaka,Sony_Tech,,North America,,,"['Lab_Integration_Discussion', 'Keysight_University_Course', 'Customer']",1
L022956,Hiroshi Chen,NXPSe_Tech,Aerospace,North America,,Event,"['Opportunity', 'Keysight_Workshop_RF_Testing', 'Keysight_University_Course', 'No_Conversion']",0
L022957,Kenji Anders,Tesla_Tech,Aerospace,,Automotive Ethernet,LinkedIn,"['Website_Product_Page', 'No_Conversion']",0
L022958,,MetaC_Tech,Semiconductor,North America,Automotive Ethernet,Sales Outreach,"['Opportunity', 'Opportunity', 'SQL', 'SQL', 'Keysight_Workshop_RF_Testing', 'DesignCon_Booth_Visit', 'Lab_Integration_Discussion', 'Keysight_Workshop_RF_Testing', 'Whitepaper_Download_5G_Test', 'No_Conversion']",0
L022959,Priya Singh,Bosch_Tech,Semiconductor,,,Webinar,"['Website_Product_Page', 'IMS_Badge_Scan', 'No_Conversion']",0
L022960,Kenji Johnson,Samsung Electronics GmbH,Electronics,LATAM,PathWave Software,LinkedIn,"['Keysight_University_Course', 'Website_Product_Page', 'MQL', 'Customer']",1
L022961,Ravi Garcia,Bosch GmbH,Electronics,LATAM,5G Testbeds,Website,"['Lab_Integration_Discussion', 'Oscilloscope_Selector_Tool', 'Customer']",1
L022962,Chen Martinez,Infineon,Semiconductor,North America,Automotive Ethernet,Event,"['Keysight_University_Course', 'LinkedIn_Ad_Click', 'Keysight_Workshop_RF_Testing', 'Technical_Demo', 'PathWave_Trial_Request', 'MQL', 'SQL', 'IMS_Badge_Scan', 'PathWave_Trial_Request', 'Customer']",1
L022963,Ahmed Chen,Tesla Energy GmbH,Aerospace,APAC,Oscilloscopes,Website,"['Keysight_University_Course', 'Whitepaper_Download_5G_Test', 'AutoSens_Tech_Talk', 'IMS_Badge_Scan', 'PathWave_Trial_Request', 'No_Conversion']",0
L022964,Kenji Lee,NXP Semiconductors,Electronics,LATAM,Oscilloscopes,Website,"['IMS_Badge_Scan', 'Lab_Integration_Discussion', 'Application_Engineer_Call', 'Lab_Integration_Discussion', 'Opportunity', 'Application_Engineer_Call', 'Customer']",1
L022965,Chen Martinez,,Aerospace,APAC,PathWave Software,,"['Whitepaper_Download_5G_Test', 'Customer']",1
L022966,Priya Lee,Tesla Energy,Automotive,North America,Oscilloscopes,LinkedIn,"['LinkedIn_Ad_Click', 'PathWave_Trial_Request', 'Customer']",1
L022967,Kenji Martinez,Bosch_Tech,,APAC,,Website,"['Website_Product_Page', 'Customer']",1
L022968,Laura Ito,,Electronics,APAC,PathWave Software,,"['LinkedIn_Ad_Click', 'SQL', 'MQL', 'Keysight_Workshop_RF_Testing', 'Technical_Demo', 'No_Conversion']",0
L022969,Hiroshi Williams,Qualc_Tech,Semiconductor,North America,PathWave Software,,['No_Conversion'],0
L022970,Sofia Anders,,Aerospace,APAC,,,"['Opportunity', 'LinkedIn_Ad_Click', 'Website_Product_Page', 'DesignCon_Booth_Visit', 'Keysight_Workshop_RF_Testing', 'Keysight_Workshop_RF_Testing', 'Opportunity', 'Lab_Integration_Discussion', 'Customer']",1
L022971,,Raytheon,Electronics,,,LinkedIn,"['Oscilloscope_Selector_Tool', 'MQL', 'AutoSens_Tech_Talk', 'AutoSens_Tech_Talk', 'No_Conversion']",0
L022972,Kenji Tanaka,Raytheon,Electronics,Europe,Automotive Ethernet,Sales Outreach,"['Loaner_Unit_Evaluation', 'Application_Engineer_Call', 'No_Conversion']",0
L022973,Laura Singh,Tesla_Tech,Automotive,APAC,5G Testbeds,LinkedIn,"['Oscilloscope_Selector_Tool', 'Loaner_Unit_Evaluation', 'Oscilloscope_Selector_Tool', 'Loaner_Unit_Evaluation', 'Technical_Demo', 'PathWave_Trial_Request', 'Keysight_University_Course', 'No_Conversion']",0
L022974,Sofia Singh,NXP Semiconductors GmbH,Telecom,APAC,5G Testbeds,Event,"['MQL', 'No_Conversion']",0
L022975,Daniel Ito,Qualcomm,Telecom,LATAM,,,"['Opportunity', 'MQL', 'SQL', 'Oscilloscope_Selector_Tool', 'PathWave_Trial_Request', 'DesignCon_Booth_Visit', 'Keysight_University_Course', 'Customer']",1
L022976,Ravi Tanaka,Tesla_Tech,Telecom,North America,Oscilloscopes,LinkedIn,"['Loaner_Unit_Evaluation', 'AutoSens_Tech_Talk', 'Website_Product_Page', 'Website_Product_Page', 'No_Conversion']",0
L022977,,,Telecom,,,Event,"['Whitepaper_Download_5G_Test', 'No_Conversion']",0
L022978,Hiroshi Chen,Samsung Electronics,,,5G Testbeds,Website,"['LinkedIn_Ad_Click', 'Application_Engineer_Call', 'Keysight_University_Course', 'MQL', 'Application_Engineer_Call', 'LinkedIn_Ad_Click', 'DesignCon_Booth_Visit', 'Customer']",1
L022979,,Sony,Electronics,APAC,,Website,['No_Conversion'],0
L022980,Ravi Ito,Tesla_Tech,,,Oscilloscopes,Sales Outreach,['Customer'],1
L022981,Michael Tanaka,Infineon,Automotive,APAC,,Email Campaign,"['SQL', 'Keysight_Workshop_RF_Testing', 'DesignCon_Booth_Visit', 'DesignCon_Booth_Visit', 'SQL', 'Application_Engineer_Call', 'PathWave_Trial_Request', 'Customer']",1
L022982,Ravi Chen,Bosch GmbH,Telecom,,,,"['MQL', 'Customer']",1
L022983,Laura Tanaka,Qualcomm GmbH,Electronics,APAC,Automotive Ethernet,,"['Keysight_Workshop_RF_Testing', 'Oscilloscope_Selector_Tool', 'Keysight_Workshop_RF_Testing', 'Keysight_Workshop_RF_Testing', 'Website_Product_Page', 'PathWave_Trial_Request', 'SQL', 'LinkedIn_Ad_Click', 'Keysight_Workshop_RF_Testing', 'Customer']",1
L022984,Priya Khan,Broad_Tech,,APAC,,Event,['No_Conversion'],0
L022985,Maria Singh,,Telecom,LATAM,PathWave Software,Webinar,"['Oscilloscope_Selector_Tool', 'Technical_Demo', 'No_Conversion']",0
L022986,,Bosch_Tech,Electronics,LATAM,Oscilloscopes,Website,['No_Conversion'],0
L022987,Chen Chen,,Telecom,North America,5G Testbeds,Event,"['Loaner_Unit_Evaluation', 'MQL', 'Keysight_University_Course', 'Keysight_University_Course', 'Application_Engineer_Call', 'No_Conversion']",0
L022988,Michael Singh,MetaC_Tech,,APAC,Oscilloscopes,Webinar,"['PathWave_Trial_Request', 'MQL', 'PathWave_Trial_Request', 'Technical_Demo', 'Technical_Demo', 'Keysight_University_Course', 'LinkedIn_Ad_Click', 'LinkedIn_Ad_Click', 'AutoSens_Tech_Talk', 'No_Conversion']",0
L022989,Priya Lee,,Semiconductor,APAC,,Webinar,"['AutoSens_Tech_Talk', 'Customer']",1
L022990,Chen Garcia,,,,5G Testbeds,LinkedIn,"['LinkedIn_Ad_Click', 'Keysight_University_Course', 'Technical_Demo', 'Oscilloscope_Selector_Tool', 'DesignCon_Booth_Visit', 'Website_Product_Page', 'MQL', 'No_Conversion']",0
L022991,Maria Martinez,Broadcom GmbH,Semiconductor,North America,5G Testbeds,Webinar,"['Oscilloscope_Selector_Tool', 'AutoSens_Tech_Talk', 'Website_Product_Page', 'LinkedIn_Ad_Click', 'MQL', 'Lab_Integration_Discussion', 'Customer']",1
L022992,Hiroshi Chen,NXP Semiconductors GmbH,,APAC,,Email Campaign,"['Application_Engineer_Call', 'Technical_Demo', 'AutoSens_Tech_Talk', 'Lab_Integration_Discussion', 'Whitepaper_Download_5G_Test', 'LinkedIn_Ad_Click', 'Whitepaper_Download_5G_Test', 'Loaner_Unit_Evaluation', 'No_Conversion']",0
L022993,Chen Williams,Tesla Energy GmbH,,,,Email Campaign,"['DesignCon_Booth_Visit', 'Technical_Demo', 'Website_Product_Page', 'DesignCon_Booth_Visit', 'PathWave_Trial_Request', 'Customer']",1
L022994,Laura Patel,NXP Semiconductors GmbH,Automotive,North America,Oscilloscopes,,"['IMS_Badge_Scan', 'Keysight_Workshop_RF_Testing', 'Oscilloscope_Selector_Tool', 'Loaner_Unit_Evaluation', 'Whitepaper_Download_5G_Test', 'Whitepaper_Download_5G_Test', 'PathWave_Trial_Request', 'No_Conversion']",0
L022995,,Rayth_Tech,Automotive,Europe,,,"['LinkedIn_Ad_Click', 'Keysight_University_Course', 'PathWave_Trial_Request', 'Oscilloscope_Selector_Tool', 'MQL', 'Customer']",1
L022996,Sofia Johnson,MetaC_Tech,,,PathWave Software,,"['PathWave_Trial_Request', 'MQL', 'Technical_Demo', 'Keysight_Workshop_RF_Testing', 'No_Conversion']",0
L022997,Michael Khan,Bosch_Tech,Aerospace,North America,,Sales Outreach,"['PathWave_Trial_Request', 'Lab_Integration_Discussion', 'Whitepaper_Download_5G_Test', 'SQL', 'PathWave_Trial_Request', 'AutoSens_Tech_Talk', 'Application_Engineer_Call', 'Customer']",1
L022998,Kenji Ito,Bosch GmbH,Aerospace,,,Event,['No_Conversion'],0
L022999,Priya Garcia,,Telecom,North America,,Webinar,"['PathWave_Trial_Request', 'LinkedIn_Ad_Click', 'Loaner_Unit_Evaluation', 'AutoSens_Tech_Talk', 'DesignCon_Booth_Visit', 'SQL', 'Keysight_Workshop_RF_Testing', 'LinkedIn_Ad_Click', 'Keysight_Workshop_RF_Testing', 'Loaner_Unit_Evaluation', 'No_Conversion']",0
L023000,Laura Anders,,Aerospace,North America,5G Testbeds,Event,"['Application_Engineer_Call', 'Lab_Integration_Discussion', 'DesignCon_Booth_Visit', 'No_Conversion']",0
L023001,Kenji Lee,Samsung Electronics GmbH,Automotive,APAC,Oscilloscopes,Email Campaign,"['Keysight_Workshop_RF_Testing', 'Technical_Demo', 'Lab_Integration_Discussion', 'DesignCon_Booth_Visit', 'SQL', 'PathWave_Trial_Request', 'PathWave_Trial_Request', 'Loaner_Unit_Evaluation', 'IMS_Badge_Scan', 'Whitepaper_Download_5G_Test', 'No_Conversion']",0
L023002,Ravi Williams,Meta Connectivity Labs GmbH,Electronics,,Oscilloscopes,LinkedIn,['Customer'],1
L023003,,Samsung Electronics GmbH,,North America,,Event,"['SQL', 'Keysight_University_Course', 'Oscilloscope_Selector_Tool', 'Opportunity', 'AutoSens_Tech_Talk', 'Opportunity', 'No_Conversion']",0
L023004,Ahmed Johnson,Bosch GmbH,,,,Email Campaign,"['Loaner_Unit_Evaluation', 'Website_Product_Page', 'Keysight_University_Course', 'No_Conversion']",0
L023005,Priya Tanaka,Samsung Electronics GmbH,Semiconductor,North America,Oscilloscopes,LinkedIn,"['Technical_Demo', 'Website_Product_Page', 'AutoSens_Tech_Talk', 'AutoSens_Tech_Talk', 'No_Conversion']",0
L023006,Hiroshi Martinez,Broadcom,Aerospace,North America,5G Testbeds,LinkedIn,"['Application_Engineer_Call', 'Oscilloscope_Selector_Tool', 'Oscilloscope_Selector_Tool', 'Opportunity', 'Keysight_University_Course', 'Lab_Integration_Discussion', 'SQL', 'No_Conversion']",0
L023007,Chen Williams,NXP Semiconductors GmbH,Telecom,APAC,Automotive Ethernet,Email Campaign,"['LinkedIn_Ad_Click', 'Technical_Demo', 'SQL', 'PathWave_Trial_Request', 'IMS_Badge_Scan', 'Customer']",1
L023008,Ravi Chen,Bosch,Automotive,North America,,Email Campaign,"['Oscilloscope_Selector_Tool', 'AutoSens_Tech_Talk', 'PathWave_Trial_Request', 'Lab_Integration_Discussion', 'Opportunity', 'Lab_Integration_Discussion', 'Keysight_Workshop_RF_Testing', 'LinkedIn_Ad_Click', 'Keysight_University_Course', 'No_Conversion']",0
L023009,Ahmed Patel,Rayth_Tech,,LATAM,,Website,"['AutoSens_Tech_Talk', 'PathWave_Trial_Request', 'DesignCon_Booth_Visit', 'No_Conversion']",0
L023010,Ahmed Lee,Raytheon GmbH,Electronics,North America,Automotive Ethernet,Email Campaign,"['Loaner_Unit_Evaluation', 'Customer']",1
L023011,Sofia Singh,NXP Semiconductors GmbH,Telecom,APAC,Automotive Ethernet,,"['Keysight_Workshop_RF_Testing', 'Application_Engineer_Call', 'SQL', 'Keysight_Workshop_RF_Testing', 'Oscilloscope_Selector_Tool', 'IMS_Badge_Scan', 'IMS_Badge_Scan', 'No_Conversion']",0
L023012,,Broad_Tech,Aerospace,,Oscilloscopes,Email Campaign,"['Website_Product_Page', 'Website_Product_Page', 'Customer']",1
L023013,Michael Chen,Qualc_Tech,Electronics,,Oscilloscopes,Website,"['Keysight_Workshop_RF_Testing', 'PathWave_Trial_Request', 'Keysight_Workshop_RF_Testing', 'AutoSens_Tech_Talk', 'DesignCon_Booth_Visit', 'No_Conversion']",0
L023014,Priya Chen,Rayth_Tech,Electronics,North America,Automotive Ethernet,Email Campaign,"['LinkedIn_Ad_Click', 'SQL', 'Application_Engineer_Call', 'Keysight_Workshop_RF_Testing', 'Keysight_Workshop_RF_Testing', 'Customer']",1
L023015,Maria Garcia,Bosch_Tech,,,5G Testbeds,Event,"['Application_Engineer_Call', 'MQL', 'Keysight_Workshop_RF_Testing', 'SQL', 'Keysight_University_Course', 'Keysight_Workshop_RF_Testing', 'SQL', 'PathWave_Trial_Request', 'IMS_Badge_Scan', 'Keysight_Workshop_RF_Testing', 'No_Conversion']",0
L023016,Laura Williams,,Telecom,APAC,Automotive Ethernet,Website,"['AutoSens_Tech_Talk', 'IMS_Badge_Scan', 'LinkedIn_Ad_Click', 'Keysight_University_Course', 'Oscilloscope_Selector_Tool', 'Technical_Demo', 'LinkedIn_Ad_Click', 'No_Conversion']",0
L023017,Ahmed Patel,,,Europe,5G Testbeds,Email Campaign,"['Oscilloscope_Selector_Tool', 'IMS_Badge_Scan', 'Oscilloscope_Selector_Tool', 'Oscilloscope_Selector_Tool', 'Whitepaper_Download_5G_Test', 'Oscilloscope_Selector_Tool', 'DesignCon_Booth_Visit', 'DesignCon_Booth_Visit', 'Customer']",1
L023018,Ahmed Ito,MetaC_Tech,Aerospace,,,LinkedIn,"['PathWave_Trial_Request', 'Whitepaper_Download_5G_Test', 'AutoSens_Tech_Talk', 'Technical_Demo', 'Customer']",1
L023019,Ravi Singh,Sony,,LATAM,5G Testbeds,Event,"['Technical_Demo', 'Technical_Demo', 'Website_Product_Page', 'Customer']",1
L023020,Michael Martinez,Bosch_Tech,Automotive,,5G Testbeds,LinkedIn,"['PathWave_Trial_Request', 'Website_Product_Page', 'Customer']",1
L023021,Michael Williams,Tesla Energy GmbH,Automotive,North America,,Email Campaign,"['Lab_Integration_Discussion', 'Keysight_Workshop_RF_Testing', 'Keysight_Workshop_RF_Testing', 'MQL', 'IMS_Badge_Scan', 'Keysight_University_Course', 'Customer']",1
L023022,Sofia Garcia,NXP Semiconductors GmbH,Semiconductor,Europe,PathWave Software,Website,"['IMS_Badge_Scan', 'Oscilloscope_Selector_Tool', 'Oscilloscope_Selector_Tool', 'No_Conversion']",0
L023023,Michael Lee,NXPSe_Tech,,,5G Testbeds,Email Campaign,['No_Conversion'],0
L023024,Sarah Khan,Qualc_Tech,,APAC,PathWave Software,Website,"['Technical_Demo', 'Keysight_Workshop_RF_Testing', 'Lab_Integration_Discussion', 'No_Conversion']",0
L023025,,MetaC_Tech,,North America,,Website,"['Keysight_Workshop_RF_Testing', 'PathWave_Trial_Request', 'Opportunity', 'Keysight_Workshop_RF_Testing', 'Customer']",1
L023026,Priya Ito,NXP Semiconductors GmbH,,Europe,,Sales Outreach,"['Loaner_Unit_Evaluation', 'Loaner_Unit_Evaluation', 'Whitepaper_Download_5G_Test', 'Oscilloscope_Selector_Tool', 'IMS_Badge_Scan', 'Loaner_Unit_Evaluation', 'Keysight_Workshop_RF_Testing', 'Oscilloscope_Selector_Tool', 'Keysight_University_Course', 'Customer']",1
L023027,,Infineon GmbH,Semiconductor,,Oscilloscopes,Webinar,"['Website_Product_Page', 'IMS_Badge_Scan', 'Whitepaper_Download_5G_Test', 'Website_Product_Page', 'Application_Engineer_Call', 'Application_Engineer_Call', 'LinkedIn_Ad_Click', 'AutoSens_Tech_Talk', 'Customer']",1
L023028,Maria Johnson,Infineon GmbH,Electronics,APAC,,Webinar,"['Technical_Demo', 'Website_Product_Page', 'PathWave_Trial_Request', 'LinkedIn_Ad_Click', 'SQL', 'MQL', 'SQL', 'No_Conversion']",0
L023029,Chen Anders,Bosch GmbH,Automotive,,Automotive Ethernet,Email Campaign,"['Keysight_Workshop_RF_Testing', 'SQL', 'Lab_Integration_Discussion', 'SQL', 'Application_Engineer_Call', 'Keysight_University_Course', 'Technical_Demo', 'No_Conversion']",0
L023030,Ahmed Lee,Infineon GmbH,,,5G Testbeds,Webinar,"['Keysight_Workshop_RF_Testing', 'SQL', 'Opportunity', 'Customer']",1
L023031,Chen Chen,Sony_Tech,Aerospace,APAC,,LinkedIn,"['Keysight_University_Course', 'Website_Product_Page', 'No_Conversion']",0
L023032,,Infineon GmbH,Telecom,,PathWave Software,Webinar,"['Opportunity', 'Whitepaper_Download_5G_Test', 'Keysight_Workshop_RF_Testing', 'Technical_Demo', 'Application_Engineer_Call', 'LinkedIn_Ad_Click', 'Opportunity', 'Application_Engineer_Call', 'MQL', 'No_Conversion']",0
L023033,,MetaC_Tech,,North America,,LinkedIn,"['Technical_Demo', 'Keysight_Workshop_RF_Testing', 'Oscilloscope_Selector_Tool', 'AutoSens_Tech_Talk', 'Oscilloscope_Selector_Tool', 'Keysight_University_Course', 'No_Conversion']",0
L023034,Michael Martinez,Sony,Aerospace,North America,PathWave Software,,"['DesignCon_Booth_Visit', 'Whitepaper_Download_5G_Test', 'Lab_Integration_Discussion', 'Keysight_Workshop_RF_Testing', 'DesignCon_Booth_Visit', 'Customer']",1
L023035,Laura Johnson,MetaC_Tech,Electronics,North America,Oscilloscopes,Sales Outreach,"['Website_Product_Page', 'IMS_Badge_Scan', 'SQL', 'SQL', 'LinkedIn_Ad_Click', 'Application_Engineer_Call', 'Loaner_Unit_Evaluation', 'LinkedIn_Ad_Click', 'Lab_Integration_Discussion', 'IMS_Badge_Scan', 'Customer']",1
L023036,Ravi Chen,Broad_Tech,Telecom,,Automotive Ethernet,Webinar,"['Lab_Integration_Discussion', 'DesignCon_Booth_Visit', 'LinkedIn_Ad_Click', 'LinkedIn_Ad_Click', 'DesignCon_Booth_Visit', 'IMS_Badge_Scan', 'Oscilloscope_Selector_Tool', 'Application_Engineer_Call', 'Opportunity', 'No_Conversion']",0
L023037,Sarah Khan,Qualc_Tech,Telecom,Europe,Oscilloscopes,,"['MQL', 'Loaner_Unit_Evaluation', 'DesignCon_Booth_Visit', 'Customer']",1
L023038,Laura Tanaka,Meta Connectivity Labs GmbH,Aerospace,,5G Testbeds,Website,"['PathWave_Trial_Request', 'Customer']",1
L023039,Ravi Patel,Broadcom,,LATAM,PathWave Software,Webinar,"['Technical_Demo', 'IMS_Badge_Scan', 'Opportunity', 'Customer']",1
L023040,Maria Patel,Tesla Energy GmbH,,,Automotive Ethernet,Email Campaign,"['Oscilloscope_Selector_Tool', 'Oscilloscope_Selector_Tool', 'SQL', 'Customer']",1
L023041,Chen Khan,Tesla Energy,Semiconductor,North America,,,"['MQL', 'Keysight_University_Course', 'Technical_Demo', 'Keysight_University_Course', 'No_Conversion']",0
L023042,Daniel Anders,Bosch,Semiconductor,Europe,PathWave Software,Website,"['Keysight_Workshop_RF_Testing', 'MQL', 'Application_Engineer_Call', 'Opportunity', 'Application_Engineer_Call', 'DesignCon_Booth_Visit', 'Keysight_Workshop_RF_Testing', 'No_Conversion']",0
L023043,,Raytheon,,,5G Testbeds,Email Campaign,"['Oscilloscope_Selector_Tool', 'Opportunity', 'Opportunity', 'No_Conversion']",0
L023044,Sofia Johnson,Bosch,Aerospace,,PathWave Software,Sales Outreach,"['LinkedIn_Ad_Click', 'Technical_Demo', 'Keysight_University_Course', 'Technical_Demo', 'Customer']",1
L023045,Michael Chen,NXP Semiconductors GmbH,Aerospace,,5G Testbeds,Sales Outreach,"['Website_Product_Page', 'DesignCon_Booth_Visit', 'Website_Product_Page', 'No_Conversion']",0
L023046,Michael Singh,Bosch GmbH,Semiconductor,North America,Oscilloscopes,Event,"['Keysight_University_Course', 'LinkedIn_Ad_Click', 'Keysight_Workshop_RF_Testing', 'Application_Engineer_Call', 'Customer']",1
L023047,,Samsung Electronics,Semiconductor,APAC,Automotive Ethernet,Webinar,"['Keysight_Workshop_RF_Testing', 'No_Conversion']",0
L023048,Daniel Chen,Bosch,Automotive,LATAM,,Event,"['DesignCon_Booth_Visit', 'LinkedIn_Ad_Click', 'Customer']",1
L023049,Michael Chen,Sony_Tech,Aerospace,Europe,Oscilloscopes,Website,"['Lab_Integration_Discussion', 'Technical_Demo', 'Oscilloscope_Selector_Tool', 'Keysight_University_Course', 'DesignCon_Booth_Visit', 'IMS_Badge_Scan', 'No_Conversion']",0
L023050,Ahmed Ito,Bosch_Tech,Aerospace,,PathWave Software,,"['Keysight_University_Course', 'SQL', 'SQL', 'IMS_Badge_Scan', 'IMS_Badge_Scan', 'Website_Product_Page', 'LinkedIn_Ad_Click', 'Lab_Integration_Discussion', 'PathWave_Trial_Request', 'Customer']",1
L023051,Daniel Anders,Rayth_Tech,,APAC,5G Testbeds,,"['Oscilloscope_Selector_Tool', 'Keysight_Workshop_RF_Testing', 'SQL', 'Application_Engineer_Call', 'SQL', 'Keysight_University_Course', 'Customer']",1
L023052,Priya Tanaka,Sony_Tech,Aerospace,North America,Oscilloscopes,Sales Outreach,['No_Conversion'],0
L023053,Sofia Patel,Tesla Energy,,,5G Testbeds,Sales Outreach,"['Whitepaper_Download_5G_Test', 'No_Conversion']",0
L023054,Michael Martinez,Qualc_Tech,Automotive,LATAM,Automotive Ethernet,Event,['Customer'],1
L023055,Chen Tanaka,Broad_Tech,Electronics,North America,Oscilloscopes,Event,"['Keysight_Workshop_RF_Testing', 'PathWave_Trial_Request', 'Lab_Integration_Discussion', 'Website_Product_Page', 'Customer']",1
L023056,Ravi Tanaka,,Telecom,APAC,,LinkedIn,"['Oscilloscope_Selector_Tool', 'Whitepaper_Download_5G_Test', 'Lab_Integration_Discussion', 'Loaner_Unit_Evaluation', 'Technical_Demo', 'Lab_Integration_Discussion', 'No_Conversion']",0
L023057,,,Aerospace,APAC,Oscilloscopes,Webinar,"['Application_Engineer_Call', 'Whitepaper_Download_5G_Test', 'AutoSens_Tech_Talk', 'LinkedIn_Ad_Click', 'PathWave_Trial_Request', 'SQL', 'No_Conversion']",0
L023058,Ahmed Ito,Infin_Tech,Telecom,North America,Automotive Ethernet,,"['Application_Engineer_Call', 'Opportunity', 'Whitepaper_Download_5G_Test', 'AutoSens_Tech_Talk', 'Customer']",1
L023059,Michael Martinez,Sony,Semiconductor,,Oscilloscopes,LinkedIn,['Customer'],1
L023060,Laura Anders,Broad_Tech,Telecom,,Oscilloscopes,LinkedIn,['No_Conversion'],0
L023061,,Tesla Energy GmbH,Automotive,LATAM,,LinkedIn,"['IMS_Badge_Scan', 'MQL', 'Lab_Integration_Discussion', 'LinkedIn_Ad_Click', 'Customer']",1
L023062,Maria Ito,,Automotive,APAC,,Email Campaign,"['Website_Product_Page', 'Customer']",1
L023063,,MetaC_Tech,Semiconductor,LATAM,5G Testbeds,Sales Outreach,"['Whitepaper_Download_5G_Test', 'Loaner_Unit_Evaluation', 'Oscilloscope_Selector_Tool', 'Whitepaper_Download_5G_Test', 'Keysight_University_Course', 'Website_Product_Page', 'LinkedIn_Ad_Click', 'SQL', 'DesignCon_Booth_Visit', 'No_Conversion']",0
L023064,,Sony GmbH,Automotive,Europe,PathWave Software,Website,"['AutoSens_Tech_Talk', 'IMS_Badge_Scan', 'Opportunity', 'SQL', 'Keysight_Workshop_RF_Testing', 'Opportunity', 'Whitepaper_Download_5G_Test', 'No_Conversion']",0
L023065,Sarah Martinez,Qualc_Tech,Aerospace,LATAM,,Website,['No_Conversion'],0
L023066,Daniel Khan,Bosch,Electronics,Europe,,Email Campaign,"['SQL', 'Application_Engineer_Call', 'Lab_Integration_Discussion', 'AutoSens_Tech_Talk', 'DesignCon_Booth_Visit', 'Lab_Integration_Discussion', 'Opportunity', 'LinkedIn_Ad_Click', 'No_Conversion']",0
L023067,Hiroshi Lee,Infineon,,Europe,Oscilloscopes,Event,['Customer'],1
L023068,Michael Martinez,Infineon,,APAC,PathWave Software,,"['Loaner_Unit_Evaluation', 'Website_Product_Page', 'Opportunity', 'Keysight_Workshop_RF_Testing', 'PathWave_Trial_Request', 'Loaner_Unit_Evaluation', 'Customer']",1
L023069,Maria Tanaka,Broad_Tech,Telecom,Europe,Automotive Ethernet,,"['PathWave_Trial_Request', 'PathWave_Trial_Request', 'Application_Engineer_Call', 'Whitepaper_Download_5G_Test', 'Application_Engineer_Call', 'IMS_Badge_Scan', 'Customer']",1
L023070,Sarah Ito,,,North America,,LinkedIn,"['SQL', 'AutoSens_Tech_Talk', 'Keysight_Workshop_RF_Testing', 'Application_Engineer_Call', 'Lab_Integration_Discussion', 'No_Conversion']",0
L023071,Hiroshi Khan,,Telecom,LATAM,,Email Campaign,"['Whitepaper_Download_5G_Test', 'AutoSens_Tech_Talk', 'No_Conversion']",0
L023072,Kenji Lee,Meta Connectivity Labs,Aerospace,APAC,,Email Campaign,"['AutoSens_Tech_Talk', 'DesignCon_Booth_Visit', 'PathWave_Trial_Request', 'Application_Engineer_Call', 'Keysight_Workshop_RF_Testing', 'IMS_Badge_Scan', 'Website_Product_Page', 'No_Conversion']",0
L023073,Michael Martinez,Tesla Energy GmbH,Electronics,,Oscilloscopes,Sales Outreach,"['Whitepaper_Download_5G_Test', 'Oscilloscope_Selector_Tool', 'Customer']",1
L023074,Hiroshi Lee,NXPSe_Tech,Automotive,LATAM,PathWave Software,Sales Outreach,"['LinkedIn_Ad_Click', 'IMS_Badge_Scan', 'No_Conversion']",0
L023075,Chen Lee,,Telecom,North America,5G Testbeds,Email Campaign,"['Whitepaper_Download_5G_Test', 'SQL', 'Keysight_Workshop_RF_Testing', 'PathWave_Trial_Request', 'Oscilloscope_Selector_Tool', 'Keysight_University_Course', 'IMS_Badge_Scan', 'No_Conversion']",0
L023076,Ahmed Ito,Qualcomm,Electronics,Europe,Automotive Ethernet,Webinar,"['PathWave_Trial_Request', 'Lab_Integration_Discussion', 'Technical_Demo', 'Loaner_Unit_Evaluation', 'AutoSens_Tech_Talk', 'Keysight_University_Course', 'Customer']",1
L023077,Kenji Chen,Samsu_Tech,,,,Event,['No_Conversion'],0
L023078,Sofia Lee,Qualcomm,Telecom,APAC,,Sales Outreach,"['IMS_Badge_Scan', 'DesignCon_Booth_Visit', 'Opportunity', 'Keysight_Workshop_RF_Testing', 'No_Conversion']",0
L023079,,Sony GmbH,Telecom,LATAM,PathWave Software,Sales Outreach,"['Opportunity', 'Website_Product_Page', 'PathWave_Trial_Request', 'LinkedIn_Ad_Click', 'PathWave_Trial_Request', 'Customer']",1
L023080,Maria Tanaka,,Semiconductor,APAC,5G Testbeds,Website,"['PathWave_Trial_Request', 'DesignCon_Booth_Visit', 'Opportunity', 'Keysight_University_Course', 'Loaner_Unit_Evaluation', 'Customer']",1
L023081,Laura Khan,Infineon GmbH,Telecom,,5G Testbeds,LinkedIn,"['Loaner_Unit_Evaluation', 'Oscilloscope_Selector_Tool', 'MQL', 'Opportunity', 'No_Conversion']",0
L023082,Chen Khan,Infin_Tech,Automotive,North America,,LinkedIn,"['Oscilloscope_Selector_Tool', 'Technical_Demo', 'Keysight_Workshop_RF_Testing', 'MQL', 'Customer']",1
L023083,Priya Chen,Sony GmbH,Electronics,APAC,,Event,"['Website_Product_Page', 'Customer']",1
L023084,Laura Williams,Broadcom GmbH,,,Oscilloscopes,Event,"['Technical_Demo', 'Application_Engineer_Call', 'LinkedIn_Ad_Click', 'Whitepaper_Download_5G_Test', 'LinkedIn_Ad_Click', 'Keysight_University_Course', 'Customer']",1
L023085,Ravi Williams,Qualcomm GmbH,Telecom,LATAM,,,"['LinkedIn_Ad_Click', 'DesignCon_Booth_Visit', 'Lab_Integration_Discussion', 'Keysight_Workshop_RF_Testing', 'Whitepaper_Download_5G_Test', 'Oscilloscope_Selector_Tool', 'LinkedIn_Ad_Click', 'Technical_Demo', 'Oscilloscope_Selector_Tool', 'Customer']",1
L023086,Ahmed Ito,,Semiconductor,APAC,,Website,"['Keysight_Workshop_RF_Testing', 'MQL', 'Opportunity', 'Whitepaper_Download_5G_Test', 'Technical_Demo', 'Application_Engineer_Call', 'Application_Engineer_Call', 'Customer']",1
L023087,Sofia Tanaka,,Electronics,North America,5G Testbeds,Event,"['Oscilloscope_Selector_Tool', 'PathWave_Trial_Request', 'Lab_Integration_Discussion', 'MQL', 'SQL', 'Opportunity', 'Application_Engineer_Call', 'No_Conversion']",0
L023088,,,Telecom,,,Event,"['Lab_Integration_Discussion', 'DesignCon_Booth_Visit', 'Keysight_University_Course', 'Loaner_Unit_Evaluation', 'MQL', 'MQL', 'No_Conversion']",0
L023089,Laura Patel,,Aerospace,LATAM,PathWave Software,Webinar,"['Opportunity', 'Loaner_Unit_Evaluation', 'MQL', 'IMS_Badge_Scan', 'Lab_Integration_Discussion', 'SQL', 'Loaner_Unit_Evaluation', 'MQL', 'Lab_Integration_Discussion', 'No_Conversion']",0
L023090,Kenji Ito,Sony,Electronics,LATAM,Automotive Ethernet,,"['Opportunity', 'MQL', 'No_Conversion']",0
L023091,,NXPSe_Tech,,Europe,,Sales Outreach,"['Lab_Integration_Discussion', 'Application_Engineer_Call', 'SQL', 'Keysight_Workshop_RF_Testing', 'MQL', 'Customer']",1
L023092,Hiroshi Martinez,Raytheon,Automotive,APAC,,Website,"['Opportunity', 'Oscilloscope_Selector_Tool', 'Oscilloscope_Selector_Tool', 'LinkedIn_Ad_Click', 'Technical_Demo', 'Keysight_University_Course', 'MQL', 'Loaner_Unit_Evaluation', 'Customer']",1
L023093,Daniel Garcia,NXP Semiconductors,Electronics,LATAM,Oscilloscopes,Webinar,"['LinkedIn_Ad_Click', 'PathWave_Trial_Request', 'DesignCon_Booth_Visit', 'No_Conversion']",0
L023094,,Raytheon,Electronics,LATAM,,LinkedIn,"['SQL', 'Application_Engineer_Call', 'Keysight_University_Course', 'IMS_Badge_Scan', 'PathWave_Trial_Request', 'Keysight_University_Course', 'Opportunity', 'No_Conversion']",0
L023095,Kenji Patel,Qualcomm GmbH,Electronics,North America,Oscilloscopes,Sales Outreach,['No_Conversion'],0
L023096,Kenji Garcia,,Aerospace,Europe,Oscilloscopes,Event,"['MQL', 'DesignCon_Booth_Visit', 'MQL', 'Technical_Demo', 'Oscilloscope_Selector_Tool', 'Customer']",1
L023097,Sarah Singh,Broad_Tech,Aerospace,LATAM,Oscilloscopes,Sales Outreach,"['Application_Engineer_Call', 'Website_Product_Page', 'PathWave_Trial_Request', 'SQL', 'Customer']",1
L023098,Chen Williams,,Aerospace,Europe,,Email Campaign,"['Technical_Demo', 'DesignCon_Booth_Visit', 'SQL', 'Customer']",1
L023099,Ahmed Williams,Raytheon,Telecom,LATAM,,,"['DesignCon_Booth_Visit', 'Keysight_Workshop_RF_Testing', 'DesignCon_Booth_Visit', 'Website_Product_Page', 'No_Conversion']",0
L023100,Priya Garcia,,Aerospace,North America,5G Testbeds,Website,"['Loaner_Unit_Evaluation', 'MQL', 'Keysight_Workshop_RF_Testing', 'Opportunity', 'Customer']",1
L023101,Laura Singh,,Electronics,APAC,,Webinar,"['Loaner_Unit_Evaluation', 'Opportunity', 'No_Conversion']",0
L023102,Daniel Garcia,Broadcom GmbH,,Europe,,Sales Outreach,"['Oscilloscope_Selector_Tool', 'Customer']",1
L023103,Sarah Chen,,,,,Sales Outreach,"['AutoSens_Tech_Talk', 'DesignCon_Booth_Visit', 'Website_Product_Page', 'Customer']",1
L023104,Sofia Garcia,,Automotive,LATAM,Automotive Ethernet,,"['SQL', 'Keysight_University_Course', 'MQL', 'Oscilloscope_Selector_Tool', 'AutoSens_Tech_Talk', 'Loaner_Unit_Evaluation', 'Customer']",1
L023105,Hiroshi Patel,,,,Automotive Ethernet,LinkedIn,"['Loaner_Unit_Evaluation', 'Website_Product_Page', 'MQL', 'No_Conversion']",0
L023106,Ravi Chen,MetaC_Tech,Aerospace,LATAM,,,"['DesignCon_Booth_Visit', 'Website_Product_Page', 'Keysight_University_Course', 'AutoSens_Tech_Talk', 'Keysight_Workshop_RF_Testing', 'MQL', 'LinkedIn_Ad_Click', 'No_Conversion']",0
L023107,Sarah Anders,Sony_Tech,,APAC,Oscilloscopes,Webinar,"['SQL', 'Keysight_Workshop_RF_Testing', 'Lab_Integration_Discussion', 'IMS_Badge_Scan', 'PathWave_Trial_Request', 'Customer']",1
L023108,Ahmed Lee,Sony GmbH,Aerospace,Europe,PathWave Software,,"['Lab_Integration_Discussion', 'Website_Product_Page', 'Whitepaper_Download_5G_Test', 'IMS_Badge_Scan', 'Lab_Integration_Discussion', 'AutoSens_Tech_Talk', 'Oscilloscope_Selector_Tool', 'Customer']",1
L023109,Ravi Williams,Bosch,Semiconductor,North America,Automotive Ethernet,Event,"['Lab_Integration_Discussion', 'MQL', 'Opportunity', 'Website_Product_Page', 'No_Conversion']",0
L023110,Laura Johnson,,Aerospace,APAC,Oscilloscopes,Email Campaign,"['AutoSens_Tech_Talk', 'DesignCon_Booth_Visit', 'Opportunity', 'No_Conversion']",0
L023111,Michael Chen,NXPSe_Tech,Aerospace,,,Email Campaign,"['Technical_Demo', 'Keysight_University_Course', 'Whitepaper_Download_5G_Test', 'Customer']",1
L023112,Kenji Garcia,Qualcomm GmbH,,North America,,Webinar,"['Whitepaper_Download_5G_Test', 'Oscilloscope_Selector_Tool', 'Customer']",1
L023113,Ahmed Chen,NXP Semiconductors,Automotive,,,,"['Technical_Demo', 'Oscilloscope_Selector_Tool', 'PathWave_Trial_Request', 'DesignCon_Booth_Visit', 'No_Conversion']",0
L023114,Michael Garcia,NXP Semiconductors GmbH,,Europe,Oscilloscopes,Webinar,"['Oscilloscope_Selector_Tool', 'PathWave_Trial_Request', 'SQL', 'Oscilloscope_Selector_Tool', 'LinkedIn_Ad_Click', 'No_Conversion']",0
L023115,,Infineon,Telecom,LATAM,Oscilloscopes,LinkedIn,"['Whitepaper_Download_5G_Test', 'Application_Engineer_Call', 'IMS_Badge_Scan', 'Opportunity', 'IMS_Badge_Scan', 'Keysight_Workshop_RF_Testing', 'Customer']",1
L023116,Laura Ito,Bosch,,APAC,Automotive Ethernet,Sales Outreach,"['SQL', 'Whitepaper_Download_5G_Test', 'No_Conversion']",0
L023117,Maria Ito,NXP Semiconductors GmbH,,APAC,Oscilloscopes,LinkedIn,"['Opportunity', 'Whitepaper_Download_5G_Test', 'SQL', 'Whitepaper_Download_5G_Test', 'No_Conversion']",0
L023118,Sofia Williams,MetaC_Tech,,North America,Oscilloscopes,Sales Outreach,"['Whitepaper_Download_5G_Test', 'Lab_Integration_Discussion', 'IMS_Badge_Scan', 'Loaner_Unit_Evaluation', 'SQL', 'No_Conversion']",0
L023119,Sofia Patel,Broadcom,Automotive,,PathWave Software,Website,['No_Conversion'],0
L023120,Kenji Chen,Rayth_Tech,Aerospace,APAC,Oscilloscopes,LinkedIn,"['SQL', 'Loaner_Unit_Evaluation', 'Website_Product_Page', 'Customer']",1
L023121,,Qualcomm GmbH,Automotive,APAC,,LinkedIn,"['Application_Engineer_Call', 'AutoSens_Tech_Talk', 'Customer']",1
L023122,Hiroshi Patel,Sony GmbH,,,,Sales Outreach,"['Website_Product_Page', 'Customer']",1
L023123,Kenji Tanaka,Tesla Energy,Automotive,,,Event,"['Keysight_Workshop_RF_Testing', 'Customer']",1
L023124,Laura Patel,Rayth_Tech,Telecom,APAC,,Website,"['Keysight_Workshop_RF_Testing', 'Technical_Demo', 'Oscilloscope_Selector_Tool', 'No_Conversion']",0
L023125,Laura Martinez,NXP Semiconductors,,Europe,,Email Campaign,"['Application_Engineer_Call', 'SQL', 'Opportunity', 'DesignCon_Booth_Visit', 'SQL', 'No_Conversion']",0
L023126,Michael Anders,,Telecom,North America,,Webinar,"['DesignCon_Booth_Visit', 'Keysight_University_Course', 'Keysight_University_Course', 'Customer']",1
L023127,Sofia Chen,Qualc_Tech,Semiconductor,LATAM,,Sales Outreach,['Customer'],1
L023128,Hiroshi Chen,Bosch_Tech,Semiconductor,,Automotive Ethernet,LinkedIn,"['Website_Product_Page', 'DesignCon_Booth_Visit', 'AutoSens_Tech_Talk', 'Loaner_Unit_Evaluation', 'IMS_Badge_Scan', 'AutoSens_Tech_Talk', 'No_Conversion']",0
L023129,Priya Ito,Qualc_Tech,Aerospace,,Oscilloscopes,Website,"['Lab_Integration_Discussion', 'AutoSens_Tech_Talk', 'Application_Engineer_Call', 'LinkedIn_Ad_Click', 'No_Conversion']",0
L023130,Sarah Garcia,Broadcom GmbH,Semiconductor,,Oscilloscopes,Webinar,['Customer'],1
L023131,Ahmed Johnson,,Telecom,Europe,,Email Campaign,"['LinkedIn_Ad_Click', 'DesignCon_Booth_Visit', 'Technical_Demo', 'Website_Product_Page', 'Keysight_Workshop_RF_Testing', 'Customer']",1
L023132,Sofia Patel,Bosch,Semiconductor,LATAM,Oscilloscopes,Website,"['Opportunity', 'Keysight_Workshop_RF_Testing', 'Technical_Demo', 'Keysight_Workshop_RF_Testing', 'Keysight_Workshop_RF_Testing', 'DesignCon_Booth_Visit', 'Loaner_Unit_Evaluation', 'Customer']",1
L023133,Sarah Anders,Infineon GmbH,,,,,"['Keysight_Workshop_RF_Testing', 'MQL', 'DesignCon_Booth_Visit', 'Keysight_University_Course', 'Whitepaper_Download_5G_Test', 'PathWave_Trial_Request', 'No_Conversion']",0
L023134,Kenji Tanaka,,Automotive,North America,,,"['Keysight_University_Course', 'Technical_Demo', 'IMS_Badge_Scan', 'AutoSens_Tech_Talk', 'MQL', 'LinkedIn_Ad_Click', 'Keysight_University_Course', 'AutoSens_Tech_Talk', 'Customer']",1
L023135,Chen Anders,Broadcom GmbH,,APAC,Automotive Ethernet,Sales Outreach,"['AutoSens_Tech_Talk', 'MQL', 'Loaner_Unit_Evaluation', 'No_Conversion']",0
L023136,Daniel Khan,Raytheon,Aerospace,North America,,,"['Whitepaper_Download_5G_Test', 'PathWave_Trial_Request', 'DesignCon_Booth_Visit', 'Keysight_Workshop_RF_Testing', 'No_Conversion']",0
L023137,Laura Martinez,,,LATAM,,Website,"['MQL', 'LinkedIn_Ad_Click', 'Application_Engineer_Call', 'Application_Engineer_Call', 'Technical_Demo', 'No_Conversion']",0
L023138,Ahmed Anders,Raytheon,Electronics,LATAM,Automotive Ethernet,Email Campaign,"['Website_Product_Page', 'Website_Product_Page', 'Keysight_Workshop_RF_Testing', 'DesignCon_Booth_Visit', 'Lab_Integration_Discussion', 'SQL', 'Customer']",1
L023139,Michael Patel,,Telecom,LATAM,5G Testbeds,Email Campaign,"['Whitepaper_Download_5G_Test', 'Oscilloscope_Selector_Tool', 'Technical_Demo', 'No_Conversion']",0
L023140,Ahmed Patel,Tesla Energy,Electronics,LATAM,Automotive Ethernet,Email Campaign,['Customer'],1
L023141,Laura Patel,Bosch GmbH,,APAC,Automotive Ethernet,LinkedIn,"['Lab_Integration_Discussion', 'No_Conversion']",0
L023142,Priya Williams,Qualcomm,Aerospace,Europe,5G Testbeds,Webinar,"['Keysight_University_Course', 'MQL', 'Customer']",1
L023143,Ravi Tanaka,,Electronics,Europe,,Email Campaign,"['MQL', 'Customer']",1
L023144,Kenji Martinez,,Telecom,,,Website,"['LinkedIn_Ad_Click', 'Keysight_University_Course', 'Lab_Integration_Discussion', 'SQL', 'No_Conversion']",0
L023145,Chen Chen,Sony_Tech,Electronics,APAC,,Website,"['Opportunity', 'SQL', 'Technical_Demo', 'Opportunity', 'Loaner_Unit_Evaluation', 'LinkedIn_Ad_Click', 'Customer']",1
L023146,Kenji Tanaka,MetaC_Tech,Electronics,APAC,,Event,"['Application_Engineer_Call', 'AutoSens_Tech_Talk', 'MQL', 'Lab_Integration_Discussion', 'SQL', 'MQL', 'Oscilloscope_Selector_Tool', 'Keysight_Workshop_RF_Testing', 'Website_Product_Page', 'Customer']",1
L023147,Daniel Williams,,Telecom,APAC,PathWave Software,Email Campaign,"['Lab_Integration_Discussion', 'PathWave_Trial_Request', 'DesignCon_Booth_Visit', 'Keysight_Workshop_RF_Testing', 'No_Conversion']",0
L023148,Priya Johnson,,Telecom,North America,,Website,"['DesignCon_Booth_Visit', 'Customer']",1
L023149,Priya Khan,,Electronics,North America,Automotive Ethernet,,"['Application_Engineer_Call', 'Whitepaper_Download_5G_Test', 'Whitepaper_Download_5G_Test', 'MQL', 'IMS_Badge_Scan', 'Loaner_Unit_Evaluation', 'DesignCon_Booth_Visit', 'LinkedIn_Ad_Click', 'PathWave_Trial_Request', 'No_Conversion']",0
L023150,Daniel Williams,,,Europe,,Email Campaign,"['Technical_Demo', 'Loaner_Unit_Evaluation', 'Whitepaper_Download_5G_Test', 'Technical_Demo', 'Website_Product_Page', 'Application_Engineer_Call', 'Application_Engineer_Call', 'LinkedIn_Ad_Click', 'Customer']",1
L023151,Chen Ito,Bosch,Automotive,North America,Oscilloscopes,Website,['Customer'],1
L023152,Hiroshi Williams,Tesla_Tech,,LATAM,Automotive Ethernet,Website,['Customer'],1
L023153,Sarah Anders,Raytheon GmbH,,APAC,,,"['Keysight_University_Course', 'Website_Product_Page', 'PathWave_Trial_Request', 'Oscilloscope_Selector_Tool', 'Keysight_University_Course', 'MQL', 'No_Conversion']",0
L023154,,,Automotive,,Automotive Ethernet,Webinar,"['IMS_Badge_Scan', 'Lab_Integration_Discussion', 'PathWave_Trial_Request', 'MQL', 'Keysight_University_Course', 'Customer']",1
L023155,,Tesla_Tech,,LATAM,,Website,"['DesignCon_Booth_Visit', 'No_Conversion']",0
L023156,Sofia Johnson,MetaC_Tech,Semiconductor,Europe,PathWave Software,Website,"['IMS_Badge_Scan', 'Lab_Integration_Discussion', 'Application_Engineer_Call', 'Customer']",1
L023157,Laura Anders,Meta Connectivity Labs GmbH,,APAC,Oscilloscopes,Email Campaign,"['Whitepaper_Download_5G_Test', 'Opportunity', 'No_Conversion']",0
L023158,Laura Patel,Tesla Energy GmbH,Automotive,,PathWave Software,Sales Outreach,"['Website_Product_Page', 'No_Conversion']",0
L023159,Maria Chen,Meta Connectivity Labs GmbH,,Europe,,Email Campaign,['No_Conversion'],0
L023160,Ahmed Martinez,Broadcom,,Europe,,LinkedIn,"['SQL', 'AutoSens_Tech_Talk', 'LinkedIn_Ad_Click', 'Whitepaper_Download_5G_Test', 'MQL', 'IMS_Badge_Scan', 'Loaner_Unit_Evaluation', 'IMS_Badge_Scan', 'Technical_Demo', 'Technical_Demo', 'No_Conversion']",0
L023161,Sarah Garcia,Qualcomm,Automotive,,PathWave Software,,"['Oscilloscope_Selector_Tool', 'Whitepaper_Download_5G_Test', 'MQL', 'Application_Engineer_Call', 'No_Conversion']",0
L023162,Michael Singh,NXPSe_Tech,Aerospace,Europe,Automotive Ethernet,Email Campaign,"['Opportunity', 'MQL', 'Lab_Integration_Discussion', 'PathWave_Trial_Request', 'Keysight_University_Course', 'PathWave_Trial_Request', 'AutoSens_Tech_Talk', 'AutoSens_Tech_Talk', 'AutoSens_Tech_Talk', 'No_Conversion']",0
L023163,Laura Lee,Samsung Electronics,Telecom,APAC,,Website,"['Oscilloscope_Selector_Tool', 'SQL', 'Technical_Demo', 'Keysight_Workshop_RF_Testing', 'Customer']",1
L023164,Priya Lee,Sony GmbH,Automotive,LATAM,,Event,"['Opportunity', 'Keysight_University_Course', 'Website_Product_Page', 'SQL', 'MQL', 'PathWave_Trial_Request', 'Keysight_Workshop_RF_Testing', 'IMS_Badge_Scan', 'Customer']",1
L023165,Sofia Williams,Raytheon,Automotive,LATAM,5G Testbeds,Event,"['Website_Product_Page', 'Customer']",1
L023166,Kenji Chen,Sony,,,,Webinar,"['AutoSens_Tech_Talk', 'Loaner_Unit_Evaluation', 'PathWave_Trial_Request', 'Keysight_University_Course', 'SQL', 'No_Conversion']",0
L023167,Kenji Singh,Tesla Energy,Automotive,APAC,,Sales Outreach,"['IMS_Badge_Scan', 'Technical_Demo', 'LinkedIn_Ad_Click', 'LinkedIn_Ad_Click', 'SQL', 'MQL', 'Customer']",1
L023168,Laura Khan,NXPSe_Tech,Telecom,North America,Automotive Ethernet,Email Campaign,"['Loaner_Unit_Evaluation', 'PathWave_Trial_Request', 'Keysight_Workshop_RF_Testing', 'Keysight_University_Course', 'Customer']",1
L023169,Sofia Martinez,Rayth_Tech,Electronics,LATAM,Oscilloscopes,,"['Application_Engineer_Call', 'Lab_Integration_Discussion', 'Lab_Integration_Discussion', 'Keysight_Workshop_RF_Testing', 'Customer']",1
L023170,Ahmed Khan,Infineon GmbH,Semiconductor,LATAM,,Website,"['Loaner_Unit_Evaluation', 'LinkedIn_Ad_Click', 'Customer']",1
L023171,Kenji Ito,Infineon,Automotive,LATAM,PathWave Software,Email Campaign,"['LinkedIn_Ad_Click', 'IMS_Badge_Scan', 'AutoSens_Tech_Talk', 'No_Conversion']",0
L023172,Maria Chen,Infin_Tech,,Europe,Oscilloscopes,Sales Outreach,"['Application_Engineer_Call', 'Whitepaper_Download_5G_Test', 'MQL', 'DesignCon_Booth_Visit', 'Keysight_University_Course', 'SQL', 'No_Conversion']",0
L023173,Ahmed Singh,NXPSe_Tech,Aerospace,North America,Automotive Ethernet,Webinar,"['Website_Product_Page', 'IMS_Badge_Scan', 'Website_Product_Page', 'Application_Engineer_Call', 'IMS_Badge_Scan', 'Customer']",1
L023174,Ahmed Khan,Bosch_Tech,Telecom,Europe,,,"['MQL', 'Lab_Integration_Discussion', 'PathWave_Trial_Request', 'Loaner_Unit_Evaluation', 'Lab_Integration_Discussion', 'Application_Engineer_Call', 'No_Conversion']",0
L023175,Maria Patel,,,,5G Testbeds,,"['LinkedIn_Ad_Click', 'Customer']",1
L023176,Laura Martinez,NXPSe_Tech,Aerospace,APAC,Automotive Ethernet,Event,"['AutoSens_Tech_Talk', 'Oscilloscope_Selector_Tool', 'Keysight_University_Course', 'Loaner_Unit_Evaluation', 'Customer']",1
L023177,Hiroshi Tanaka,Meta Connectivity Labs,Semiconductor,,,,"['Oscilloscope_Selector_Tool', 'Opportunity', 'Technical_Demo', 'AutoSens_Tech_Talk', 'PathWave_Trial_Request', 'Customer']",1
L023178,,Raytheon,Automotive,,Oscilloscopes,Email Campaign,"['Keysight_Workshop_RF_Testing', 'Lab_Integration_Discussion', 'Customer']",1
L023179,,,Telecom,APAC,PathWave Software,Email Campaign,"['SQL', 'Website_Product_Page', 'No_Conversion']",0
L023180,Sarah Martinez,Broadcom,,Europe,,,"['Oscilloscope_Selector_Tool', 'SQL', 'LinkedIn_Ad_Click', 'AutoSens_Tech_Talk', 'Customer']",1
L023181,Sofia Khan,NXP Semiconductors GmbH,,APAC,,Email Campaign,"['LinkedIn_Ad_Click', 'Website_Product_Page', 'Opportunity', 'DesignCon_Booth_Visit', 'PathWave_Trial_Request', 'Lab_Integration_Discussion', 'Lab_Integration_Discussion', 'SQL', 'Keysight_University_Course', 'No_Conversion']",0
L023182,Daniel Williams,,,LATAM,,LinkedIn,"['MQL', 'Oscilloscope_Selector_Tool', 'SQL', 'Lab_Integration_Discussion', 'MQL', 'No_Conversion']",0
L023183,Michael Lee,Infineon,Electronics,,,Sales Outreach,"['Website_Product_Page', 'No_Conversion']",0
L023184,Ahmed Lee,,,North America,,,"['AutoSens_Tech_Talk', 'Whitepaper_Download_5G_Test', 'SQL', 'Keysight_University_Course', 'Website_Product_Page', 'IMS_Badge_Scan', 'No_Conversion']",0
L023185,Sarah Tanaka,Tesla_Tech,Electronics,LATAM,,Sales Outreach,"['DesignCon_Booth_Visit', 'Keysight_Workshop_RF_Testing', 'MQL', 'SQL', 'Keysight_University_Course', 'Customer']",1
L023186,Hiroshi Patel,Samsung Electronics GmbH,Semiconductor,North America,,Website,"['Keysight_University_Course', 'Lab_Integration_Discussion', 'Whitepaper_Download_5G_Test', 'SQL', 'SQL', 'DesignCon_Booth_Visit', 'Opportunity', 'No_Conversion']",0
L023187,Maria Martinez,MetaC_Tech,,Europe,5G Testbeds,Website,"['Technical_Demo', 'Loaner_Unit_Evaluation', 'Application_Engineer_Call', 'Technical_Demo', 'LinkedIn_Ad_Click', 'No_Conversion']",0
L023188,Ravi Williams,Bosch_Tech,,North America,Oscilloscopes,,"['LinkedIn_Ad_Click', 'IMS_Badge_Scan', 'Application_Engineer_Call', 'Technical_Demo', 'Whitepaper_Download_5G_Test', 'LinkedIn_Ad_Click', 'Lab_Integration_Discussion', 'Website_Product_Page', 'Keysight_University_Course', 'AutoSens_Tech_Talk', 'Customer']",1
L023189,Sarah Martinez,Bosch,Automotive,,PathWave Software,Website,"['PathWave_Trial_Request', 'Customer']",1
L023190,Hiroshi Singh,Tesla_Tech,Telecom,LATAM,,,"['SQL', 'Keysight_Workshop_RF_Testing', 'Application_Engineer_Call', 'Customer']",1
L023191,Ravi Singh,Tesla_Tech,Aerospace,Europe,,,"['LinkedIn_Ad_Click', 'LinkedIn_Ad_Click', 'AutoSens_Tech_Talk', 'Loaner_Unit_Evaluation', 'No_Conversion']",0
L023192,Sarah Martinez,Meta Connectivity Labs,Semiconductor,,,Email Campaign,"['Technical_Demo', 'Oscilloscope_Selector_Tool', 'Loaner_Unit_Evaluation', 'Website_Product_Page', 'No_Conversion']",0
L023193,Sofia Johnson,Qualcomm,Semiconductor,North America,,Sales Outreach,"['PathWave_Trial_Request', 'AutoSens_Tech_Talk', 'SQL', 'Loaner_Unit_Evaluation', 'SQL', 'No_Conversion']",0
L023194,Ravi Patel,Broad_Tech,Aerospace,Europe,,,['No_Conversion'],0
L023195,Sofia Anders,Qualcomm GmbH,Semiconductor,North America,5G Testbeds,Website,"['LinkedIn_Ad_Click', 'Oscilloscope_Selector_Tool', 'PathWave_Trial_Request', 'AutoSens_Tech_Talk', 'Opportunity', 'LinkedIn_Ad_Click', 'Opportunity', 'SQL', 'Oscilloscope_Selector_Tool', 'No_Conversion']",0
L023196,Daniel Lee,,,Europe,Oscilloscopes,Webinar,['Customer'],1
L023197,Laura Singh,Rayth_Tech,Electronics,,,Email Campaign,['No_Conversion'],0
L023198,,Infineon,Semiconductor,APAC,5G Testbeds,Webinar,"['MQL', 'MQL', 'Application_Engineer_Call', 'Customer']",1
L023199,Hiroshi Singh,NXPSe_Tech,Electronics,North America,,Event,"['PathWave_Trial_Request', 'No_Conversion']",0
L023200,Priya Williams,,,LATAM,Automotive Ethernet,LinkedIn,"['SQL', 'No_Conversion']",0
L023201,Maria Tanaka,Bosch_Tech,Aerospace,,PathWave Software,Event,"['Website_Product_Page', 'Website_Product_Page', 'Opportunity', 'LinkedIn_Ad_Click', 'Customer']",1
L023202,Sarah Khan,,Semiconductor,North America,5G Testbeds,Website,['No_Conversion'],0
L023203,Maria Ito,Qualc_Tech,Semiconductor,APAC,,,"['Lab_Integration_Discussion', 'Oscilloscope_Selector_Tool', 'LinkedIn_Ad_Click', 'Customer']",1
L023204,Hiroshi Johnson,Sony,Electronics,,,Webinar,"['Whitepaper_Download_5G_Test', 'Keysight_Workshop_RF_Testing', 'SQL', 'MQL', 'Website_Product_Page', 'Technical_Demo', 'MQL', 'Loaner_Unit_Evaluation', 'No_Conversion']",0
L023205,Laura Martinez,,Telecom,,,Webinar,"['LinkedIn_Ad_Click', 'Website_Product_Page', 'PathWave_Trial_Request', 'Customer']",1
L023206,Sarah Martinez,,Automotive,,,Sales Outreach,"['DesignCon_Booth_Visit', 'Keysight_Workshop_RF_Testing', 'Oscilloscope_Selector_Tool', 'MQL', 'PathWave_Trial_Request', 'Customer']",1
L023207,Priya Garcia,Broad_Tech,Telecom,North America,Oscilloscopes,Sales Outreach,"['Oscilloscope_Selector_Tool', 'No_Conversion']",0
L023208,Sofia Tanaka,,Semiconductor,,5G Testbeds,,"['Loaner_Unit_Evaluation', 'Loaner_Unit_Evaluation', 'Lab_Integration_Discussion', 'Keysight_Workshop_RF_Testing', 'Customer']",1
L023209,Michael Johnson,NXP Semiconductors,Electronics,LATAM,,Event,['Customer'],1
L023210,Chen Johnson,,,Europe,,,"['Keysight_University_Course', 'Lab_Integration_Discussion', 'MQL', 'LinkedIn_Ad_Click', 'DesignCon_Booth_Visit', 'Application_Engineer_Call', 'Customer']",1
L023211,Priya Johnson,NXPSe_Tech,Aerospace,Europe,5G Testbeds,LinkedIn,"['PathWave_Trial_Request', 'AutoSens_Tech_Talk', 'Keysight_Workshop_RF_Testing', 'PathWave_Trial_Request', 'No_Conversion']",0
L023212,Ravi Anders,Samsu_Tech,Electronics,,PathWave Software,LinkedIn,"['IMS_Badge_Scan', 'Website_Product_Page', 'LinkedIn_Ad_Click', 'Technical_Demo', 'Keysight_Workshop_RF_Testing', 'Application_Engineer_Call', 'Keysight_University_Course', 'Technical_Demo', 'No_Conversion']",0
L023213,Sofia Williams,Infineon GmbH,,North America,,Event,"['Opportunity', 'Website_Product_Page', 'Opportunity', 'SQL', 'Application_Engineer_Call', 'No_Conversion']",0
L023214,Daniel Garcia,Samsu_Tech,Electronics,LATAM,Automotive Ethernet,Email Campaign,"['IMS_Badge_Scan', 'Lab_Integration_Discussion', 'DesignCon_Booth_Visit', 'MQL', 'AutoSens_Tech_Talk', 'Technical_Demo', 'Customer']",1
L023215,Daniel Patel,Qualcomm GmbH,,APAC,5G Testbeds,Webinar,"['Website_Product_Page', 'Technical_Demo', 'IMS_Badge_Scan', 'Whitepaper_Download_5G_Test', 'Technical_Demo', 'Whitepaper_Download_5G_Test', 'No_Conversion']",0
L023216,Laura Lee,Infineon,,,PathWave Software,Webinar,"['Website_Product_Page', 'AutoSens_Tech_Talk', 'MQL', 'MQL', 'Keysight_Workshop_RF_Testing', 'Opportunity', 'Keysight_University_Course', 'Customer']",1
L023217,Sofia Johnson,Broadcom,,LATAM,,Event,"['Application_Engineer_Call', 'PathWave_Trial_Request', 'No_Conversion']",0
L023218,Hiroshi Martinez,,,APAC,,,"['Whitepaper_Download_5G_Test', 'Website_Product_Page', 'AutoSens_Tech_Talk', 'Customer']",1
L023219,Maria Ito,Bosch_Tech,Semiconductor,Europe,,Sales Outreach,"['Keysight_University_Course', 'Oscilloscope_Selector_Tool', 'Whitepaper_Download_5G_Test', 'IMS_Badge_Scan', 'AutoSens_Tech_Talk', 'DesignCon_Booth_Visit', 'AutoSens_Tech_Talk', 'Website_Product_Page', 'Whitepaper_Download_5G_Test', 'Whitepaper_Download_5G_Test', 'Customer']",1
L023220,Daniel Chen,Samsung Electronics GmbH,Telecom,,PathWave Software,Sales Outreach,"['Opportunity', 'PathWave_Trial_Request', 'Loaner_Unit_Evaluation', 'Opportunity', 'Loaner_Unit_Evaluation', 'Lab_Integration_Discussion', 'IMS_Badge_Scan', 'Application_Engineer_Call', 'Keysight_University_Course', 'DesignCon_Booth_Visit', 'Customer']",1
L023221,Daniel Garcia,Sony,Electronics,APAC,Oscilloscopes,Sales Outreach,"['LinkedIn_Ad_Click', 'Website_Product_Page', 'Keysight_University_Course', 'LinkedIn_Ad_Click', 'MQL', 'Customer']",1
L023222,Hiroshi Patel,,Aerospace,North America,Automotive Ethernet,Webinar,"['Loaner_Unit_Evaluation', 'Keysight_University_Course', 'Keysight_University_Course', 'Keysight_Workshop_RF_Testing', 'Opportunity', 'SQL', 'No_Conversion']",0
L023223,Daniel Chen,,Electronics,,,Webinar,"['MQL', 'Application_Engineer_Call', 'Whitepaper_Download_5G_Test', 'No_Conversion']",0
L023224,Laura Chen,Tesla Energy GmbH,Automotive,APAC,PathWave Software,Website,"['Keysight_Workshop_RF_Testing', 'MQL', 'Opportunity', 'Application_Engineer_Call', 'AutoSens_Tech_Talk', 'Whitepaper_Download_5G_Test', 'Loaner_Unit_Evaluation', 'SQL', 'SQL', 'Application_Engineer_Call', 'Customer']",1
L023225,,Broadcom GmbH,,,,LinkedIn,"['Loaner_Unit_Evaluation', 'Technical_Demo', 'No_Conversion']",0
L023226,Michael Tanaka,Broad_Tech,Semiconductor,,,Email Campaign,['No_Conversion'],0
L023227,,Sony,Automotive,,5G Testbeds,Webinar,"['Keysight_University_Course', 'LinkedIn_Ad_Click', 'Website_Product_Page', 'LinkedIn_Ad_Click', 'Technical_Demo', 'Loaner_Unit_Evaluation', 'Keysight_University_Course', 'Customer']",1
L023228,Michael Martinez,NXP Semiconductors GmbH,Aerospace,Europe,Automotive Ethernet,LinkedIn,"['Website_Product_Page', 'Keysight_Workshop_RF_Testing', 'Lab_Integration_Discussion', 'Customer']",1
L023229,Kenji Johnson,Rayth_Tech,Electronics,Europe,PathWave Software,Email Campaign,"['Whitepaper_Download_5G_Test', 'Application_Engineer_Call', 'Loaner_Unit_Evaluation', 'Opportunity', 'Loaner_Unit_Evaluation', 'DesignCon_Booth_Visit', 'LinkedIn_Ad_Click', 'SQL', 'Customer']",1
L023230,Michael Johnson,Infineon,,,,Event,"['Keysight_Workshop_RF_Testing', 'Whitepaper_Download_5G_Test', 'IMS_Badge_Scan', 'Oscilloscope_Selector_Tool', 'Lab_Integration_Discussion', 'DesignCon_Booth_Visit', 'Keysight_University_Course', 'SQL', 'Oscilloscope_Selector_Tool', 'Whitepaper_Download_5G_Test', 'No_Conversion']",0
L023231,,Raytheon GmbH,Electronics,North America,Oscilloscopes,Webinar,"['MQL', 'LinkedIn_Ad_Click', 'No_Conversion']",0
L023232,Sarah Johnson,Sony_Tech,Aerospace,APAC,Oscilloscopes,Website,"['PathWave_Trial_Request', 'AutoSens_Tech_Talk', 'Technical_Demo', 'MQL', 'LinkedIn_Ad_Click', 'No_Conversion']",0
L023233,Priya Williams,,Telecom,APAC,,Email Campaign,['Customer'],1
L023234,Hiroshi Khan,Sony GmbH,Semiconductor,North America,PathWave Software,Email Campaign,"['LinkedIn_Ad_Click', 'Loaner_Unit_Evaluation', 'Technical_Demo', 'Technical_Demo', 'Opportunity', 'Whitepaper_Download_5G_Test', 'LinkedIn_Ad_Click', 'LinkedIn_Ad_Click', 'PathWave_Trial_Request', 'No_Conversion']",0
L023235,Maria Williams,Samsu_Tech,Telecom,APAC,5G Testbeds,,"['Keysight_University_Course', 'Lab_Integration_Discussion', 'Keysight_University_Course', 'No_Conversion']",0
L023236,Ravi Patel,Samsung Electronics,Semiconductor,APAC,,Sales Outreach,"['Keysight_Workshop_RF_Testing', 'AutoSens_Tech_Talk', 'SQL', 'DesignCon_Booth_Visit', 'PathWave_Trial_Request', 'No_Conversion']",0
L023237,Sofia Williams,Tesla Energy,Telecom,APAC,5G Testbeds,Email Campaign,"['SQL', 'Keysight_University_Course', 'Technical_Demo', 'DesignCon_Booth_Visit', 'Customer']",1
L023238,Ravi Garcia,Sony GmbH,Aerospace,APAC,,Webinar,"['SQL', 'Loaner_Unit_Evaluation', 'Loaner_Unit_Evaluation', 'Loaner_Unit_Evaluation', 'Customer']",1
L023239,Michael Garcia,,Aerospace,APAC,,Sales Outreach,"['Oscilloscope_Selector_Tool', 'PathWave_Trial_Request', 'Keysight_Workshop_RF_Testing', 'IMS_Badge_Scan', 'Application_Engineer_Call', 'AutoSens_Tech_Talk', 'Website_Product_Page', 'Technical_Demo', 'LinkedIn_Ad_Click', 'Keysight_University_Course', 'No_Conversion']",0
L023240,Chen Khan,Broad_Tech,Electronics,,5G Testbeds,Webinar,"['AutoSens_Tech_Talk', 'Whitepaper_Download_5G_Test', 'Oscilloscope_Selector_Tool', 'Keysight_Workshop_RF_Testing', 'Technical_Demo', 'No_Conversion']",0
L023241,Hiroshi Singh,Infin_Tech,Telecom,APAC,PathWave Software,,"['Keysight_University_Course', 'DesignCon_Booth_Visit', 'MQL', 'Whitepaper_Download_5G_Test', 'Opportunity', 'MQL', 'Customer']",1
L023242,Maria Tanaka,Sony,Semiconductor,APAC,PathWave Software,Webinar,"['Keysight_Workshop_RF_Testing', 'Keysight_Workshop_RF_Testing', 'SQL', 'Keysight_Workshop_RF_Testing', 'Keysight_Workshop_RF_Testing', 'Customer']",1
L023243,Hiroshi Singh,Samsung Electronics GmbH,,Europe,,Sales Outreach,"['Oscilloscope_Selector_Tool', 'AutoSens_Tech_Talk', 'Website_Product_Page', 'PathWave_Trial_Request', 'MQL', 'LinkedIn_Ad_Click', 'Customer']",1
L023244,Hiroshi Martinez,Meta Connectivity Labs,Telecom,Europe,,LinkedIn,"['SQL', 'Customer']",1
L023245,Kenji Johnson,Samsung Electronics GmbH,,APAC,PathWave Software,Event,"['IMS_Badge_Scan', 'DesignCon_Booth_Visit', 'Opportunity', 'Website_Product_Page', 'No_Conversion']",0
L023246,Sarah Garcia,,Automotive,,Automotive Ethernet,Website,"['Lab_Integration_Discussion', 'Lab_Integration_Discussion', 'Keysight_University_Course', 'PathWave_Trial_Request', 'PathWave_Trial_Request', 'Technical_Demo', 'Customer']",1
L023247,Ravi Singh,,,APAC,,Webinar,"['Keysight_Workshop_RF_Testing', 'SQL', 'Customer']",1
L023248,Hiroshi Ito,Infin_Tech,,North America,5G Testbeds,Sales Outreach,"['IMS_Badge_Scan', 'Application_Engineer_Call', 'Customer']",1
L023249,Sofia Martinez,,Telecom,LATAM,,Event,"['Technical_Demo', 'AutoSens_Tech_Talk', 'PathWave_Trial_Request', 'Website_Product_Page', 'Oscilloscope_Selector_Tool', 'Opportunity', 'Customer']",1
L023250,Sarah Anders,Qualc_Tech,Aerospace,,PathWave Software,LinkedIn,"['IMS_Badge_Scan', 'Customer']",1
L023251,Ahmed Anders,Qualcomm GmbH,Aerospace,North America,5G Testbeds,Website,"['SQL', 'IMS_Badge_Scan', 'MQL', 'Lab_Integration_Discussion', 'Keysight_Workshop_RF_Testing', 'No_Conversion']",0
L023252,Maria Singh,,Aerospace,LATAM,,Webinar,"['Website_Product_Page', 'Website_Product_Page', 'MQL', 'Website_Product_Page', 'Keysight_University_Course', 'AutoSens_Tech_Talk', 'Customer']",1
L023253,Chen Chen,MetaC_Tech,Telecom,APAC,Automotive Ethernet,Event,"['Technical_Demo', 'Keysight_University_Course', 'No_Conversion']",0
L023254,Chen Tanaka,Meta Connectivity Labs,,LATAM,,,"['Application_Engineer_Call', 'Customer']",1
L023255,,,Automotive,Europe,Automotive Ethernet,Website,"['Keysight_Workshop_RF_Testing', 'MQL', 'PathWave_Trial_Request', 'Keysight_Workshop_RF_Testing', 'MQL', 'Application_Engineer_Call', 'Customer']",1
L023256,Hiroshi Garcia,,Automotive,Europe,Automotive Ethernet,Event,"['Technical_Demo', 'PathWave_Trial_Request', 'Application_Engineer_Call', 'Keysight_University_Course', 'MQL', 'AutoSens_Tech_Talk', 'AutoSens_Tech_Talk', 'No_Conversion']",0
L023257,,Raytheon GmbH,Automotive,LATAM,5G Testbeds,Webinar,"['IMS_Badge_Scan', 'IMS_Badge_Scan', 'Keysight_Workshop_RF_Testing', 'No_Conversion']",0
L023258,Sofia Patel,,Automotive,APAC,Automotive Ethernet,,"['AutoSens_Tech_Talk', 'DesignCon_Booth_Visit', 'Application_Engineer_Call', 'DesignCon_Booth_Visit', 'Application_Engineer_Call', 'No_Conversion']",0
L023259,Hiroshi Martinez,,,LATAM,Oscilloscopes,Event,"['Whitepaper_Download_5G_Test', 'IMS_Badge_Scan', 'MQL', 'Keysight_Workshop_RF_Testing', 'AutoSens_Tech_Talk', 'Customer']",1
L023260,Ravi Tanaka,NXP Semiconductors GmbH,,North America,Automotive Ethernet,Webinar,"['Whitepaper_Download_5G_Test', 'DesignCon_Booth_Visit', 'DesignCon_Booth_Visit', 'No_Conversion']",0
L023261,Kenji Singh,,Semiconductor,LATAM,5G Testbeds,Website,"['PathWave_Trial_Request', 'Keysight_University_Course', 'No_Conversion']",0
L023262,Michael Williams,Samsung Electronics,,,Oscilloscopes,LinkedIn,"['IMS_Badge_Scan', 'Keysight_University_Course', 'LinkedIn_Ad_Click', 'No_Conversion']",0
L023263,Laura Chen,Sony_Tech,Electronics,Europe,PathWave Software,Website,"['Oscilloscope_Selector_Tool', 'Keysight_University_Course', 'LinkedIn_Ad_Click', 'DesignCon_Booth_Visit', 'Website_Product_Page', 'Oscilloscope_Selector_Tool', 'Website_Product_Page', 'MQL', 'AutoSens_Tech_Talk', 'No_Conversion']",0
L023264,Ahmed Lee,NXP Semiconductors,Semiconductor,North America,,Sales Outreach,"['Oscilloscope_Selector_Tool', 'Oscilloscope_Selector_Tool', 'Website_Product_Page', 'IMS_Badge_Scan', 'AutoSens_Tech_Talk', 'Loaner_Unit_Evaluation', 'DesignCon_Booth_Visit', 'PathWave_Trial_Request', 'Customer']",1
L023265,Kenji Anders,,Aerospace,Europe,,LinkedIn,"['Opportunity', 'Oscilloscope_Selector_Tool', 'Application_Engineer_Call', 'IMS_Badge_Scan', 'IMS_Badge_Scan', 'Customer']",1
L023266,Priya Chen,Tesla Energy GmbH,Telecom,APAC,,Webinar,"['Application_Engineer_Call', 'Website_Product_Page', 'MQL', 'SQL', 'Loaner_Unit_Evaluation', 'No_Conversion']",0
L023267,Maria Garcia,MetaC_Tech,,,Oscilloscopes,LinkedIn,"['Website_Product_Page', 'Whitepaper_Download_5G_Test', 'Keysight_University_Course', 'Lab_Integration_Discussion', 'Keysight_Workshop_RF_Testing', 'AutoSens_Tech_Talk', 'PathWave_Trial_Request', 'No_Conversion']",0
L023268,Ahmed Singh,NXP Semiconductors,Aerospace,North America,5G Testbeds,LinkedIn,"['Oscilloscope_Selector_Tool', 'IMS_Badge_Scan', 'AutoSens_Tech_Talk', 'Keysight_Workshop_RF_Testing', 'LinkedIn_Ad_Click', 'Keysight_Workshop_RF_Testing', 'Oscilloscope_Selector_Tool', 'PathWave_Trial_Request', 'MQL', 'Customer']",1
L023269,Hiroshi Lee,Tesla Energy GmbH,,Europe,Oscilloscopes,Webinar,"['PathWave_Trial_Request', 'Technical_Demo', 'IMS_Badge_Scan', 'MQL', 'No_Conversion']",0
L023270,Sarah Ito,NXP Semiconductors,Telecom,LATAM,,,"['LinkedIn_Ad_Click', 'Lab_Integration_Discussion', 'Customer']",1
L023271,Chen Khan,Qualcomm GmbH,Automotive,Europe,5G Testbeds,Email Campaign,['No_Conversion'],0
L023272,Michael Tanaka,Infineon GmbH,,LATAM,,Email Campaign,"['Lab_Integration_Discussion', 'AutoSens_Tech_Talk', 'Customer']",1
L023273,Ahmed Martinez,,Telecom,Europe,5G Testbeds,Webinar,"['DesignCon_Booth_Visit', 'Website_Product_Page', 'Whitepaper_Download_5G_Test', 'Lab_Integration_Discussion', 'Technical_Demo', 'AutoSens_Tech_Talk', 'Keysight_University_Course', 'DesignCon_Booth_Visit', 'No_Conversion']",0
L023274,Ravi Khan,NXPSe_Tech,Aerospace,LATAM,,Sales Outreach,"['DesignCon_Booth_Visit', 'DesignCon_Booth_Visit', 'No_Conversion']",0
L023275,Ravi Tanaka,Qualcomm GmbH,Telecom,,,Webinar,"['MQL', 'Lab_Integration_Discussion', 'SQL', 'Loaner_Unit_Evaluation', 'Website_Product_Page', 'Application_Engineer_Call', 'Keysight_University_Course', 'Loaner_Unit_Evaluation', 'LinkedIn_Ad_Click', 'SQL', 'Customer']",1
L023276,,Bosch GmbH,Automotive,North America,,Email Campaign,"['LinkedIn_Ad_Click', 'No_Conversion']",0
L023277,Ravi Garcia,Meta Connectivity Labs GmbH,,Europe,,Sales Outreach,"['AutoSens_Tech_Talk', 'Opportunity', 'AutoSens_Tech_Talk', 'DesignCon_Booth_Visit', 'LinkedIn_Ad_Click', 'SQL', 'Keysight_Workshop_RF_Testing', 'Customer']",1
L023278,Sofia Lee,,Electronics,APAC,,Email Campaign,"['AutoSens_Tech_Talk', 'Keysight_University_Course', 'Keysight_University_Course', 'Oscilloscope_Selector_Tool', 'No_Conversion']",0
L023279,Maria Martinez,NXP Semiconductors GmbH,,LATAM,,Webinar,"['LinkedIn_Ad_Click', 'IMS_Badge_Scan', 'SQL', 'Technical_Demo', 'DesignCon_Booth_Visit', 'Whitepaper_Download_5G_Test', 'SQL', 'SQL', 'No_Conversion']",0
L023280,Sarah Garcia,Broadcom,,North America,Automotive Ethernet,LinkedIn,"['Keysight_University_Course', 'Loaner_Unit_Evaluation', 'Opportunity', 'SQL', 'Application_Engineer_Call', 'MQL', 'Opportunity', 'No_Conversion']",0
L023281,Hiroshi Williams,,Telecom,LATAM,5G Testbeds,Website,"['Website_Product_Page', 'Customer']",1
L023282,Priya Singh,NXP Semiconductors GmbH,Aerospace,LATAM,,,"['Loaner_Unit_Evaluation', 'Application_Engineer_Call', 'Keysight_Workshop_RF_Testing', 'Technical_Demo', 'Customer']",1
L023283,Maria Williams,Samsung Electronics GmbH,Electronics,LATAM,Oscilloscopes,Webinar,"['SQL', 'DesignCon_Booth_Visit', 'Opportunity', 'Oscilloscope_Selector_Tool', 'Keysight_Workshop_RF_Testing', 'Loaner_Unit_Evaluation', 'No_Conversion']",0
L023284,Chen Lee,NXP Semiconductors,,North America,Automotive Ethernet,,['No_Conversion'],0
L023285,Hiroshi Chen,NXP Semiconductors,Automotive,Europe,,Website,['Customer'],1
L023286,Chen Ito,Tesla Energy,Automotive,LATAM,,Email Campaign,"['Website_Product_Page', 'Lab_Integration_Discussion', 'IMS_Badge_Scan', 'No_Conversion']",0
L023287,Priya Singh,Bosch_Tech,Electronics,North America,,LinkedIn,"['MQL', 'Website_Product_Page', 'Website_Product_Page', 'AutoSens_Tech_Talk', 'LinkedIn_Ad_Click', 'AutoSens_Tech_Talk', 'Loaner_Unit_Evaluation', 'No_Conversion']",0
L023288,Sofia Singh,Raytheon,Semiconductor,Europe,PathWave Software,Sales Outreach,"['Application_Engineer_Call', 'Oscilloscope_Selector_Tool', 'Keysight_University_Course', 'Opportunity', 'SQL', 'Keysight_University_Course', 'Keysight_University_Course', 'Keysight_University_Course', 'Customer']",1
L023289,Laura Singh,Raytheon,Automotive,APAC,,Event,"['Oscilloscope_Selector_Tool', 'Technical_Demo', 'MQL', 'PathWave_Trial_Request', 'Oscilloscope_Selector_Tool', 'No_Conversion']",0
L023290,Hiroshi Johnson,Rayth_Tech,Semiconductor,,,Event,"['Lab_Integration_Discussion', 'Opportunity', 'Technical_Demo', 'Technical_Demo', 'No_Conversion']",0
L023291,Kenji Singh,Samsung Electronics GmbH,Semiconductor,APAC,Automotive Ethernet,Sales Outreach,"['Lab_Integration_Discussion', 'Application_Engineer_Call', 'Whitepaper_Download_5G_Test', 'IMS_Badge_Scan', 'Website_Product_Page', 'Customer']",1
L023292,Hiroshi Chen,Broadcom GmbH,Semiconductor,APAC,,Email Campaign,"['Oscilloscope_Selector_Tool', 'Keysight_University_Course', 'AutoSens_Tech_Talk', 'DesignCon_Booth_Visit', 'Keysight_University_Course', 'DesignCon_Booth_Visit', 'MQL', 'Application_Engineer_Call', 'No_Conversion']",0
L023293,Daniel Chen,Bosch GmbH,Telecom,LATAM,PathWave Software,Website,"['LinkedIn_Ad_Click', 'Loaner_Unit_Evaluation', 'SQL', 'Opportunity', 'Keysight_University_Course', 'No_Conversion']",0
L023294,Kenji Martinez,Qualcomm GmbH,Semiconductor,,,Event,['Customer'],1
L023295,Kenji Martinez,Rayth_Tech,,Europe,Automotive Ethernet,Event,"['SQL', 'Whitepaper_Download_5G_Test', 'LinkedIn_Ad_Click', 'No_Conversion']",0
L023296,Ahmed Khan,Broadcom GmbH,,North America,Oscilloscopes,,"['Application_Engineer_Call', 'AutoSens_Tech_Talk', 'MQL', 'Website_Product_Page', 'Whitepaper_Download_5G_Test', 'No_Conversion']",0
L023297,Laura Singh,,Electronics,LATAM,PathWave Software,Sales Outreach,['Customer'],1
L023298,Laura Singh,NXP Semiconductors,,LATAM,Automotive Ethernet,,"['IMS_Badge_Scan', 'Lab_Integration_Discussion', 'No_Conversion']",0
L023299,Kenji Patel,,Electronics,North America,Oscilloscopes,Email Campaign,"['Whitepaper_Download_5G_Test', 'Lab_Integration_Discussion', 'Application_Engineer_Call', 'Keysight_Workshop_RF_Testing', 'No_Conversion']",0
L023300,Daniel Johnson,Infineon,Aerospace,APAC,Automotive Ethernet,LinkedIn,"['Oscilloscope_Selector_Tool', 'Keysight_University_Course', 'SQL', 'Keysight_University_Course', 'PathWave_Trial_Request', 'Whitepaper_Download_5G_Test', 'Customer']",1
L023301,Chen Anders,Samsung Electronics,Electronics,,PathWave Software,Email Campaign,"['Lab_Integration_Discussion', 'Lab_Integration_Discussion', 'Technical_Demo', 'Customer']",1
L023302,Laura Johnson,Bosch,Automotive,,,Webinar,"['SQL', 'Whitepaper_Download_5G_Test', 'Keysight_Workshop_RF_Testing', 'Lab_Integration_Discussion', 'Loaner_Unit_Evaluation', 'Keysight_University_Course', 'Opportunity', 'LinkedIn_Ad_Click', 'Application_Engineer_Call', 'DesignCon_Booth_Visit', 'Customer']",1
L023303,Daniel Williams,Samsu_Tech,Electronics,LATAM,5G Testbeds,LinkedIn,"['IMS_Badge_Scan', 'DesignCon_Booth_Visit', 'Website_Product_Page', 'AutoSens_Tech_Talk', 'Loaner_Unit_Evaluation', 'Application_Engineer_Call', 'Application_Engineer_Call', 'Loaner_Unit_Evaluation', 'Customer']",1
L023304,,Meta Connectivity Labs GmbH,Electronics,LATAM,,Sales Outreach,"['Application_Engineer_Call', 'DesignCon_Booth_Visit', 'Customer']",1
L023305,Laura Singh,Tesla Energy GmbH,Semiconductor,,PathWave Software,Website,"['PathWave_Trial_Request', 'Lab_Integration_Discussion', 'MQL', 'Whitepaper_Download_5G_Test', 'DesignCon_Booth_Visit', 'Customer']",1
L023306,Ahmed Tanaka,,Automotive,APAC,PathWave Software,Email Campaign,"['Oscilloscope_Selector_Tool', 'MQL', 'Customer']",1
L023307,Ahmed Johnson,Sony_Tech,,North America,,,"['Application_Engineer_Call', 'Opportunity', 'Keysight_Workshop_RF_Testing', 'DesignCon_Booth_Visit', 'PathWave_Trial_Request', 'DesignCon_Booth_Visit', 'AutoSens_Tech_Talk', 'Oscilloscope_Selector_Tool', 'IMS_Badge_Scan', 'No_Conversion']",0
L023308,Ravi Patel,Meta Connectivity Labs GmbH,Semiconductor,North America,,Website,['No_Conversion'],0
L023309,,Bosch_Tech,,,PathWave Software,Email Campaign,"['Website_Product_Page', 'IMS_Badge_Scan', 'DesignCon_Booth_Visit', 'LinkedIn_Ad_Click', 'Keysight_Workshop_RF_Testing', 'MQL', 'Customer']",1
L023310,Daniel Khan,,Telecom,APAC,PathWave Software,Sales Outreach,"['SQL', 'Whitepaper_Download_5G_Test', 'IMS_Badge_Scan', 'Website_Product_Page', 'Application_Engineer_Call', 'LinkedIn_Ad_Click', 'Oscilloscope_Selector_Tool', 'Application_Engineer_Call', 'Customer']",1
L023311,,,Telecom,Europe,PathWave Software,Website,"['SQL', 'Website_Product_Page', 'Whitepaper_Download_5G_Test', 'Customer']",1
L023312,,Broadcom GmbH,,,,Sales Outreach,"['IMS_Badge_Scan', 'Application_Engineer_Call', 'DesignCon_Booth_Visit', 'Opportunity', 'PathWave_Trial_Request', 'IMS_Badge_Scan', 'DesignCon_Booth_Visit', 'Lab_Integration_Discussion', 'Customer']",1
L023313,Michael Anders,Sony,Automotive,,PathWave Software,Sales Outreach,"['MQL', 'DesignCon_Booth_Visit', 'Application_Engineer_Call', 'Whitepaper_Download_5G_Test', 'Technical_Demo', 'Lab_Integration_Discussion', 'Customer']",1
L023314,Kenji Anders,,,North America,,Event,['Customer'],1
L023315,Michael Singh,Bosch GmbH,Aerospace,LATAM,Automotive Ethernet,LinkedIn,"['SQL', 'Keysight_Workshop_RF_Testing', 'DesignCon_Booth_Visit', 'IMS_Badge_Scan', 'Keysight_University_Course', 'AutoSens_Tech_Talk', 'No_Conversion']",0
L023316,Hiroshi Tanaka,Bosch GmbH,Semiconductor,,Oscilloscopes,Sales Outreach,"['LinkedIn_Ad_Click', 'Lab_Integration_Discussion', 'Oscilloscope_Selector_Tool', 'Website_Product_Page', 'Keysight_Workshop_RF_Testing', 'Loaner_Unit_Evaluation', 'Application_Engineer_Call', 'Loaner_Unit_Evaluation', 'AutoSens_Tech_Talk', 'DesignCon_Booth_Visit', 'No_Conversion']",0
L023317,Sarah Singh,Infineon GmbH,Electronics,APAC,,LinkedIn,"['Lab_Integration_Discussion', 'Loaner_Unit_Evaluation', 'MQL', 'Oscilloscope_Selector_Tool', 'DesignCon_Booth_Visit', 'PathWave_Trial_Request', 'IMS_Badge_Scan', 'No_Conversion']",0
L023318,Laura Martinez,Infineon,,LATAM,,Sales Outreach,"['Loaner_Unit_Evaluation', 'No_Conversion']",0
L023319,Hiroshi Lee,,Automotive,,Automotive Ethernet,Sales Outreach,"['IMS_Badge_Scan', 'Lab_Integration_Discussion', 'Website_Product_Page', 'Whitepaper_Download_5G_Test', 'AutoSens_Tech_Talk', 'Customer']",1
L023320,Michael Anders,Meta Connectivity Labs GmbH,,APAC,,Webinar,"['PathWave_Trial_Request', 'Website_Product_Page', 'Lab_Integration_Discussion', 'MQL', 'Oscilloscope_Selector_Tool', 'Oscilloscope_Selector_Tool', 'LinkedIn_Ad_Click', 'Customer']",1
L023321,Hiroshi Garcia,Sony_Tech,Aerospace,,,,"['Keysight_University_Course', 'IMS_Badge_Scan', 'AutoSens_Tech_Talk', 'PathWave_Trial_Request', 'SQL', 'No_Conversion']",0
L023322,Hiroshi Garcia,NXPSe_Tech,Aerospace,Europe,,Sales Outreach,"['Opportunity', 'Opportunity', 'Technical_Demo', 'AutoSens_Tech_Talk', 'Technical_Demo', 'MQL', 'Loaner_Unit_Evaluation', 'DesignCon_Booth_Visit', 'PathWave_Trial_Request', 'Customer']",1
L023323,Sarah Khan,Tesla Energy GmbH,Semiconductor,LATAM,PathWave Software,Event,"['LinkedIn_Ad_Click', 'IMS_Badge_Scan', 'PathWave_Trial_Request', 'No_Conversion']",0
L023324,Chen Anders,,Electronics,LATAM,,LinkedIn,"['Application_Engineer_Call', 'Keysight_University_Course', 'LinkedIn_Ad_Click', 'Whitepaper_Download_5G_Test', 'Customer']",1
L023325,Chen Williams,Broadcom GmbH,Semiconductor,,5G Testbeds,,"['Keysight_Workshop_RF_Testing', 'IMS_Badge_Scan', 'Customer']",1
L023326,Chen Ito,,Semiconductor,LATAM,PathWave Software,Website,"['Opportunity', 'SQL', 'PathWave_Trial_Request', 'LinkedIn_Ad_Click', 'Application_Engineer_Call', 'No_Conversion']",0
L023327,Daniel Anders,Tesla Energy,Semiconductor,Europe,,Event,"['MQL', 'Application_Engineer_Call', 'Whitepaper_Download_5G_Test', 'Loaner_Unit_Evaluation', 'LinkedIn_Ad_Click', 'Website_Product_Page', 'IMS_Badge_Scan', 'IMS_Badge_Scan', 'Lab_Integration_Discussion', 'Loaner_Unit_Evaluation', 'No_Conversion']",0
L023328,Ravi Martinez,NXP Semiconductors GmbH,,APAC,,Website,"['Website_Product_Page', 'AutoSens_Tech_Talk', 'Whitepaper_Download_5G_Test', 'IMS_Badge_Scan', 'Technical_Demo', 'Keysight_University_Course', 'SQL', 'PathWave_Trial_Request', 'No_Conversion']",0
L023329,Priya Ito,,,North America,Automotive Ethernet,Event,"['LinkedIn_Ad_Click', 'Technical_Demo', 'PathWave_Trial_Request', 'Customer']",1
L023330,Michael Patel,,Automotive,Europe,,Website,"['Application_Engineer_Call', 'Application_Engineer_Call', 'Oscilloscope_Selector_Tool', 'PathWave_Trial_Request', 'Website_Product_Page', 'Website_Product_Page', 'No_Conversion']",0
L023331,Laura Williams,NXP Semiconductors,,Europe,5G Testbeds,Website,"['PathWave_Trial_Request', 'Whitepaper_Download_5G_Test', 'Oscilloscope_Selector_Tool', 'Oscilloscope_Selector_Tool', 'Customer']",1
L023332,Laura Martinez,,Electronics,Europe,5G Testbeds,LinkedIn,"['Oscilloscope_Selector_Tool', 'Customer']",1
L023333,Sarah Williams,Qualcomm,Telecom,APAC,Oscilloscopes,Webinar,"['Whitepaper_Download_5G_Test', 'Customer']",1
L023334,Priya Garcia,Infineon,Automotive,LATAM,5G Testbeds,,"['Opportunity', 'Keysight_University_Course', 'No_Conversion']",0
L023335,Sofia Williams,Tesla Energy,,North America,,LinkedIn,"['Keysight_University_Course', 'DesignCon_Booth_Visit', 'DesignCon_Booth_Visit', 'No_Conversion']",0
L023336,Sofia Williams,,Telecom,North America,5G Testbeds,Event,"['PathWave_Trial_Request', 'Keysight_Workshop_RF_Testing', 'Website_Product_Page', 'No_Conversion']",0
L023337,Priya Martinez,Tesla_Tech,Aerospace,APAC,,LinkedIn,"['MQL', 'Customer']",1
L023338,Chen Chen,,Telecom,Europe,5G Testbeds,Sales Outreach,['No_Conversion'],0
L023339,Chen Singh,Sony GmbH,Semiconductor,North America,Automotive Ethernet,LinkedIn,"['Whitepaper_Download_5G_Test', 'Customer']",1
L023340,Priya Singh,Qualcomm,Electronics,,PathWave Software,LinkedIn,"['IMS_Badge_Scan', 'MQL', 'LinkedIn_Ad_Click', 'Opportunity', 'Oscilloscope_Selector_Tool', 'IMS_Badge_Scan', 'Customer']",1
L023341,Sofia Tanaka,Tesla Energy GmbH,,Europe,,Event,"['IMS_Badge_Scan', 'Whitepaper_Download_5G_Test', 'SQL', 'Whitepaper_Download_5G_Test', 'Keysight_Workshop_RF_Testing', 'No_Conversion']",0
L023342,Sarah Khan,Broad_Tech,Telecom,,Oscilloscopes,,"['Keysight_Workshop_RF_Testing', 'DesignCon_Booth_Visit', 'Opportunity', 'Loaner_Unit_Evaluation', 'No_Conversion']",0
L023343,Michael Tanaka,Meta Connectivity Labs GmbH,Electronics,APAC,5G Testbeds,Webinar,"['Lab_Integration_Discussion', 'DesignCon_Booth_Visit', 'AutoSens_Tech_Talk', 'AutoSens_Tech_Talk', 'Opportunity', 'Opportunity', 'No_Conversion']",0
L023344,Sofia Chen,Tesla_Tech,Aerospace,North America,Oscilloscopes,LinkedIn,"['Application_Engineer_Call', 'MQL', 'No_Conversion']",0
L023345,Chen Williams,NXP Semiconductors,Aerospace,APAC,Oscilloscopes,Event,"['LinkedIn_Ad_Click', 'AutoSens_Tech_Talk', 'Keysight_Workshop_RF_Testing', 'Lab_Integration_Discussion', 'Application_Engineer_Call', 'Website_Product_Page', 'Customer']",1
L023346,Maria Williams,,Aerospace,LATAM,PathWave Software,Webinar,"['Technical_Demo', 'LinkedIn_Ad_Click', 'AutoSens_Tech_Talk', 'IMS_Badge_Scan', 'No_Conversion']",0
L023347,Priya Khan,,Electronics,North America,,LinkedIn,['No_Conversion'],0
L023348,Laura Ito,Broad_Tech,Semiconductor,North America,,Email Campaign,"['Loaner_Unit_Evaluation', 'SQL', 'IMS_Badge_Scan', 'No_Conversion']",0
L023349,Ravi Anders,,,,Oscilloscopes,Event,"['DesignCon_Booth_Visit', 'SQL', 'Whitepaper_Download_5G_Test', 'Whitepaper_Download_5G_Test', 'Keysight_University_Course', 'Keysight_University_Course', 'Customer']",1
L023350,Hiroshi Singh,MetaC_Tech,Semiconductor,APAC,PathWave Software,Event,"['Opportunity', 'Oscilloscope_Selector_Tool', 'Whitepaper_Download_5G_Test', 'DesignCon_Booth_Visit', 'Customer']",1
L023351,Sofia Anders,,Electronics,APAC,PathWave Software,Email Campaign,"['Technical_Demo', 'Technical_Demo', 'Opportunity', 'No_Conversion']",0
L023352,Priya Tanaka,Broadcom GmbH,Electronics,North America,Oscilloscopes,Email Campaign,"['Lab_Integration_Discussion', 'DesignCon_Booth_Visit', 'Technical_Demo', 'LinkedIn_Ad_Click', 'No_Conversion']",0
L023353,Daniel Garcia,Infineon,,North America,5G Testbeds,Email Campaign,"['DesignCon_Booth_Visit', 'Application_Engineer_Call', 'Website_Product_Page', 'SQL', 'Opportunity', 'IMS_Badge_Scan', 'Keysight_Workshop_RF_Testing', 'No_Conversion']",0
L023354,Sofia Khan,Samsung Electronics,Aerospace,APAC,,Email Campaign,"['Oscilloscope_Selector_Tool', 'Website_Product_Page', 'MQL', 'Opportunity', 'DesignCon_Booth_Visit', 'No_Conversion']",0
L023355,Sarah Williams,,,North America,PathWave Software,Website,['No_Conversion'],0
L023356,Maria Patel,Samsu_Tech,Telecom,Europe,5G Testbeds,Webinar,"['MQL', 'No_Conversion']",0
L023357,Michael Singh,,Aerospace,,Automotive Ethernet,Webinar,['No_Conversion'],0
L023358,Hiroshi Anders,Infin_Tech,,Europe,PathWave Software,Webinar,"['Website_Product_Page', 'DesignCon_Booth_Visit', 'Oscilloscope_Selector_Tool', 'Customer']",1
L023359,Chen Johnson,MetaC_Tech,Semiconductor,,5G Testbeds,,"['Whitepaper_Download_5G_Test', 'DesignCon_Booth_Visit', 'Technical_Demo', 'PathWave_Trial_Request', 'PathWave_Trial_Request', 'No_Conversion']",0
L023360,Priya Patel,Bosch,Aerospace,APAC,5G Testbeds,Sales Outreach,"['Technical_Demo', 'No_Conversion']",0
L023361,Maria Anders,NXP Semiconductors,Automotive,APAC,5G Testbeds,Website,['Customer'],1
L023362,Ahmed Martinez,Broad_Tech,,LATAM,,LinkedIn,"['Keysight_Workshop_RF_Testing', 'Loaner_Unit_Evaluation', 'Technical_Demo', 'SQL', 'Whitepaper_Download_5G_Test', 'Keysight_Workshop_RF_Testing', 'MQL', 'Oscilloscope_Selector_Tool', 'Customer']",1
L023363,Sarah Patel,MetaC_Tech,Aerospace,North America,,Event,['No_Conversion'],0
L023364,Sofia Khan,Samsung Electronics GmbH,Telecom,APAC,,,"['PathWave_Trial_Request', 'Technical_Demo', 'MQL', 'Keysight_Workshop_RF_Testing', 'Customer']",1
L023365,Maria Tanaka,NXPSe_Tech,,Europe,Oscilloscopes,Website,"['Loaner_Unit_Evaluation', 'AutoSens_Tech_Talk', 'Customer']",1
L023366,Maria Johnson,,,,,Sales Outreach,['Customer'],1
L023367,Sofia Johnson,Samsung Electronics GmbH,,APAC,,Webinar,"['Technical_Demo', 'Loaner_Unit_Evaluation', 'IMS_Badge_Scan', 'Lab_Integration_Discussion', 'SQL', 'Application_Engineer_Call', 'Opportunity', 'LinkedIn_Ad_Click', 'AutoSens_Tech_Talk', 'Keysight_Workshop_RF_Testing', 'Customer']",1
L023368,Priya Ito,Tesla_Tech,Telecom,North America,,Email Campaign,"['Lab_Integration_Discussion', 'Lab_Integration_Discussion', 'MQL', 'Technical_Demo', 'No_Conversion']",0
L023369,Laura Singh,,Electronics,APAC,,Email Campaign,"['Loaner_Unit_Evaluation', 'Customer']",1
L023370,Michael Patel,,Electronics,LATAM,Automotive Ethernet,LinkedIn,"['LinkedIn_Ad_Click', 'Opportunity', 'Oscilloscope_Selector_Tool', 'No_Conversion']",0
L023371,Ravi Singh,,Automotive,,Automotive Ethernet,Email Campaign,"['AutoSens_Tech_Talk', 'Oscilloscope_Selector_Tool', 'Oscilloscope_Selector_Tool', 'No_Conversion']",0
L023372,Chen Lee,Tesla Energy GmbH,Semiconductor,Europe,Automotive Ethernet,,"['Lab_Integration_Discussion', 'Opportunity', 'DesignCon_Booth_Visit', 'LinkedIn_Ad_Click', 'Loaner_Unit_Evaluation', 'Keysight_University_Course', 'IMS_Badge_Scan', 'No_Conversion']",0
L023373,Sarah Khan,Samsung Electronics GmbH,Telecom,LATAM,PathWave Software,LinkedIn,"['AutoSens_Tech_Talk', 'Technical_Demo', 'SQL', 'Website_Product_Page', 'Opportunity', 'Lab_Integration_Discussion', 'DesignCon_Booth_Visit', 'Customer']",1
L023374,Laura Tanaka,Tesla Energy,Aerospace,North America,,Event,"['AutoSens_Tech_Talk', 'No_Conversion']",0
L023375,Priya Tanaka,,,,,Sales Outreach,"['Oscilloscope_Selector_Tool', 'AutoSens_Tech_Talk', 'Keysight_University_Course', 'LinkedIn_Ad_Click', 'DesignCon_Booth_Visit', 'Lab_Integration_Discussion', 'Customer']",1
L023376,Daniel Anders,Broadcom GmbH,Aerospace,APAC,Automotive Ethernet,Event,"['Technical_Demo', 'Oscilloscope_Selector_Tool', 'Keysight_University_Course', 'No_Conversion']",0
L023377,Michael Singh,Tesla Energy,Telecom,LATAM,,Sales Outreach,"['MQL', 'Opportunity', 'Customer']",1
L023378,Ahmed Anders,Samsu_Tech,,LATAM,Automotive Ethernet,Event,"['Oscilloscope_Selector_Tool', 'Whitepaper_Download_5G_Test', 'Technical_Demo', 'Loaner_Unit_Evaluation', 'Technical_Demo', 'Customer']",1
L023379,,Meta Connectivity Labs GmbH,,Europe,,Webinar,['No_Conversion'],0
L023380,Chen Singh,Meta Connectivity Labs GmbH,Automotive,Europe,,Webinar,"['SQL', 'LinkedIn_Ad_Click', 'No_Conversion']",0
L023381,,NXP Semiconductors GmbH,,,,Event,"['Website_Product_Page', 'Technical_Demo', 'Lab_Integration_Discussion', 'Customer']",1
L023382,Hiroshi Khan,Sony GmbH,,,,Email Campaign,"['Technical_Demo', 'Loaner_Unit_Evaluation', 'PathWave_Trial_Request', 'Opportunity', 'AutoSens_Tech_Talk', 'No_Conversion']",0
L023383,Laura Singh,Bosch,Aerospace,,Automotive Ethernet,Email Campaign,"['Lab_Integration_Discussion', 'Technical_Demo', 'IMS_Badge_Scan', 'AutoSens_Tech_Talk', 'PathWave_Trial_Request', 'Customer']",1
L023384,Daniel Chen,Qualcomm GmbH,Aerospace,LATAM,,Website,"['Opportunity', 'Customer']",1
L023385,Chen Lee,Samsung Electronics,Telecom,APAC,5G Testbeds,Website,"['PathWave_Trial_Request', 'DesignCon_Booth_Visit', 'LinkedIn_Ad_Click', 'Customer']",1
L023386,,Qualc_Tech,Telecom,LATAM,,,['Customer'],1
L023387,,Meta Connectivity Labs,Semiconductor,North America,Automotive Ethernet,Sales Outreach,"['Oscilloscope_Selector_Tool', 'Customer']",1
L023388,Ahmed Lee,Qualcomm,Semiconductor,LATAM,Oscilloscopes,Sales Outreach,"['DesignCon_Booth_Visit', 'DesignCon_Booth_Visit', 'Whitepaper_Download_5G_Test', 'Technical_Demo', 'PathWave_Trial_Request', 'Customer']",1
L023389,Michael Williams,NXP Semiconductors GmbH,Automotive,LATAM,,Email Campaign,"['Keysight_Workshop_RF_Testing', 'AutoSens_Tech_Talk', 'Application_Engineer_Call', 'Keysight_University_Course', 'MQL', 'No_Conversion']",0
L023390,Michael Johnson,Meta Connectivity Labs GmbH,,APAC,,LinkedIn,"['Lab_Integration_Discussion', 'IMS_Badge_Scan', 'Loaner_Unit_Evaluation', 'Whitepaper_Download_5G_Test', 'MQL', 'Lab_Integration_Discussion', 'No_Conversion']",0
L023391,Kenji Johnson,Sony,Semiconductor,North America,Oscilloscopes,Event,"['DesignCon_Booth_Visit', 'Customer']",1
L023392,Sarah Singh,Qualc_Tech,Semiconductor,,,Event,['No_Conversion'],0
L023393,,Samsung Electronics,Semiconductor,Europe,,LinkedIn,"['Keysight_Workshop_RF_Testing', 'Website_Product_Page', 'Website_Product_Page', 'Technical_Demo', 'Lab_Integration_Discussion', 'Whitepaper_Download_5G_Test', 'IMS_Badge_Scan', 'No_Conversion']",0
L023394,,,,APAC,,Email Campaign,['Customer'],1
L023395,Daniel Johnson,Qualcomm GmbH,,,Oscilloscopes,Event,"['AutoSens_Tech_Talk', 'Technical_Demo', 'Lab_Integration_Discussion', 'Website_Product_Page', 'No_Conversion']",0
L023396,Maria Williams,,Telecom,APAC,,,"['MQL', 'Whitepaper_Download_5G_Test', 'SQL', 'Application_Engineer_Call', 'SQL', 'Opportunity', 'Customer']",1
L023397,Maria Chen,Tesla Energy GmbH,Electronics,North America,,Event,"['Keysight_University_Course', 'Keysight_University_Course', 'Oscilloscope_Selector_Tool', 'LinkedIn_Ad_Click', 'Oscilloscope_Selector_Tool', 'DesignCon_Booth_Visit', 'IMS_Badge_Scan', 'LinkedIn_Ad_Click', 'Application_Engineer_Call', 'IMS_Badge_Scan', 'Customer']",1
L023398,Kenji Williams,,Telecom,LATAM,Automotive Ethernet,Webinar,"['Lab_Integration_Discussion', 'Whitepaper_Download_5G_Test', 'SQL', 'AutoSens_Tech_Talk', 'Lab_Integration_Discussion', 'Keysight_Workshop_RF_Testing', 'Keysight_Workshop_RF_Testing', 'SQL', 'No_Conversion']",0
L023399,Kenji Lee,Raytheon GmbH,Aerospace,APAC,,Sales Outreach,"['Whitepaper_Download_5G_Test', 'Technical_Demo', 'AutoSens_Tech_Talk', 'AutoSens_Tech_Talk', 'LinkedIn_Ad_Click', 'Customer']",1
L023400,Sofia Martinez,,Semiconductor,,,Event,"['Technical_Demo', 'PathWave_Trial_Request', 'PathWave_Trial_Request', 'Opportunity', 'Website_Product_Page', 'Application_Engineer_Call', 'No_Conversion']",0
L023401,Maria Williams,MetaC_Tech,,,Oscilloscopes,LinkedIn,"['Whitepaper_Download_5G_Test', 'Website_Product_Page', 'Whitepaper_Download_5G_Test', 'AutoSens_Tech_Talk', 'No_Conversion']",0
L023402,,Sony GmbH,Automotive,LATAM,,Webinar,"['Opportunity', 'PathWave_Trial_Request', 'AutoSens_Tech_Talk', 'Opportunity', 'No_Conversion']",0
L023403,Ahmed Johnson,Tesla Energy,,APAC,5G Testbeds,LinkedIn,"['MQL', 'Opportunity', 'IMS_Badge_Scan', 'Whitepaper_Download_5G_Test', 'No_Conversion']",0
L023404,Laura Chen,Rayth_Tech,Electronics,North America,5G Testbeds,,"['IMS_Badge_Scan', 'SQL', 'Whitepaper_Download_5G_Test', 'MQL', 'Application_Engineer_Call', 'Keysight_University_Course', 'No_Conversion']",0
L023405,Priya Martinez,Meta Connectivity Labs GmbH,Telecom,APAC,5G Testbeds,Event,['No_Conversion'],0
L023406,Sarah Chen,Broadcom GmbH,Automotive,APAC,,Webinar,"['Lab_Integration_Discussion', 'Lab_Integration_Discussion', 'Whitepaper_Download_5G_Test', 'No_Conversion']",0
L023407,Maria Martinez,,Telecom,,5G Testbeds,Event,"['Keysight_University_Course', 'Opportunity', 'Website_Product_Page', 'Whitepaper_Download_5G_Test', 'LinkedIn_Ad_Click', 'Customer']",1
L023408,Michael Martinez,,,LATAM,5G Testbeds,Event,"['Lab_Integration_Discussion', 'Whitepaper_Download_5G_Test', 'Application_Engineer_Call', 'Loaner_Unit_Evaluation', 'IMS_Badge_Scan', 'MQL', 'Lab_Integration_Discussion', 'Customer']",1
L023409,Michael Ito,,,Europe,Oscilloscopes,LinkedIn,"['Oscilloscope_Selector_Tool', 'PathWave_Trial_Request', 'No_Conversion']",0
L023410,Sarah Chen,Broadcom GmbH,,,Automotive Ethernet,Website,"['Oscilloscope_Selector_Tool', 'AutoSens_Tech_Talk', 'DesignCon_Booth_Visit', 'Customer']",1
L023411,Sarah Garcia,Tesla Energy GmbH,,APAC,,Sales Outreach,"['AutoSens_Tech_Talk', 'Whitepaper_Download_5G_Test', 'PathWave_Trial_Request', 'Website_Product_Page', 'MQL', 'Whitepaper_Download_5G_Test', 'AutoSens_Tech_Talk', 'Loaner_Unit_Evaluation', 'Customer']",1
L023412,Chen Ito,Tesla Energy GmbH,,,5G Testbeds,LinkedIn,"['Oscilloscope_Selector_Tool', 'PathWave_Trial_Request', 'Technical_Demo', 'No_Conversion']",0
L023413,Priya Anders,,,Europe,PathWave Software,Event,"['Keysight_Workshop_RF_Testing', 'Loaner_Unit_Evaluation', 'Technical_Demo', 'No_Conversion']",0
L023414,,Bosch GmbH,Automotive,APAC,Oscilloscopes,LinkedIn,"['Application_Engineer_Call', 'Oscilloscope_Selector_Tool', 'Website_Product_Page', 'AutoSens_Tech_Talk', 'LinkedIn_Ad_Click', 'No_Conversion']",0
L023415,Ahmed Martinez,Bosch GmbH,,,,Webinar,"['Oscilloscope_Selector_Tool', 'IMS_Badge_Scan', 'LinkedIn_Ad_Click', 'LinkedIn_Ad_Click', 'Keysight_University_Course', 'Oscilloscope_Selector_Tool', 'Customer']",1
L023416,Priya Garcia,MetaC_Tech,Automotive,APAC,,Website,"['Website_Product_Page', 'Oscilloscope_Selector_Tool', 'Opportunity', 'DesignCon_Booth_Visit', 'No_Conversion']",0
L023417,Hiroshi Khan,Samsung Electronics,Electronics,North America,PathWave Software,Email Campaign,"['PathWave_Trial_Request', 'Lab_Integration_Discussion', 'IMS_Badge_Scan', 'Keysight_University_Course', 'DesignCon_Booth_Visit', 'Customer']",1
L023418,Priya Johnson,Meta Connectivity Labs,Semiconductor,North America,PathWave Software,Website,"['LinkedIn_Ad_Click', 'SQL', 'Whitepaper_Download_5G_Test', 'SQL', 'Technical_Demo', 'Customer']",1
L023419,Michael Tanaka,Broad_Tech,,,Oscilloscopes,LinkedIn,['Customer'],1
L023420,Priya Garcia,NXP Semiconductors GmbH,Aerospace,,PathWave Software,Website,"['Website_Product_Page', 'Technical_Demo', 'DesignCon_Booth_Visit', 'No_Conversion']",0
L023421,,Broadcom GmbH,,North America,Automotive Ethernet,Sales Outreach,"['Website_Product_Page', 'MQL', 'Customer']",1
L023422,Daniel Patel,Broadcom,Aerospace,Europe,Oscilloscopes,Website,"['Lab_Integration_Discussion', 'Keysight_Workshop_RF_Testing', 'No_Conversion']",0
L023423,Kenji Lee,Tesla Energy,Electronics,,,Webinar,"['Whitepaper_Download_5G_Test', 'PathWave_Trial_Request', 'LinkedIn_Ad_Click', 'PathWave_Trial_Request', 'Whitepaper_Download_5G_Test', 'IMS_Badge_Scan', 'Whitepaper_Download_5G_Test', 'Application_Engineer_Call', 'Customer']",1
L023424,Chen Anders,Raytheon GmbH,Automotive,LATAM,,Webinar,['Customer'],1
L023425,Maria Chen,Sony_Tech,Aerospace,,Automotive Ethernet,Email Campaign,"['Loaner_Unit_Evaluation', 'IMS_Badge_Scan', 'MQL', 'Customer']",1
L023426,Sarah Garcia,Samsu_Tech,Electronics,APAC,,Sales Outreach,['Customer'],1
L023427,Chen Chen,,,APAC,,Website,"['Whitepaper_Download_5G_Test', 'Technical_Demo', 'DesignCon_Booth_Visit', 'Opportunity', 'Keysight_Workshop_RF_Testing', 'DesignCon_Booth_Visit', 'Oscilloscope_Selector_Tool', 'MQL', 'Customer']",1
L023428,Sofia Singh,Infin_Tech,Telecom,North America,5G Testbeds,Event,['Customer'],1
L023429,Sarah Williams,,Automotive,Europe,Oscilloscopes,,"['Lab_Integration_Discussion', 'Technical_Demo', 'DesignCon_Booth_Visit', 'Application_Engineer_Call', 'Website_Product_Page', 'Loaner_Unit_Evaluation', 'IMS_Badge_Scan', 'No_Conversion']",0
L023430,Sofia Johnson,Infineon GmbH,Aerospace,APAC,,Website,"['PathWave_Trial_Request', 'Lab_Integration_Discussion', 'Keysight_Workshop_RF_Testing', 'LinkedIn_Ad_Click', 'No_Conversion']",0
L023431,Maria Williams,Broadcom GmbH,Semiconductor,North America,PathWave Software,Sales Outreach,"['Keysight_University_Course', 'Application_Engineer_Call', 'Whitepaper_Download_5G_Test', 'Opportunity', 'Opportunity', 'IMS_Badge_Scan', 'Keysight_University_Course', 'SQL', 'Application_Engineer_Call', 'Opportunity', 'No_Conversion']",0
L023432,Priya Anders,Bosch_Tech,,APAC,PathWave Software,Sales Outreach,"['Technical_Demo', 'No_Conversion']",0
L023433,Maria Martinez,Samsung Electronics,,,Automotive Ethernet,Email Campaign,"['MQL', 'IMS_Badge_Scan', 'Customer']",1
L023434,Sarah Garcia,Infineon GmbH,Automotive,North America,,Event,"['AutoSens_Tech_Talk', 'No_Conversion']",0
L023435,Chen Ito,,Semiconductor,North America,,Sales Outreach,"['AutoSens_Tech_Talk', 'SQL', 'Loaner_Unit_Evaluation', 'Technical_Demo', 'Customer']",1
L023436,Kenji Chen,Qualc_Tech,Telecom,LATAM,,,"['Application_Engineer_Call', 'Lab_Integration_Discussion', 'Keysight_Workshop_RF_Testing', 'No_Conversion']",0
L023437,Priya Johnson,Raytheon GmbH,,APAC,,,"['LinkedIn_Ad_Click', 'Keysight_University_Course', 'Website_Product_Page', 'IMS_Badge_Scan', 'No_Conversion']",0
L023438,Sofia Patel,NXPSe_Tech,Electronics,North America,,LinkedIn,"['Application_Engineer_Call', 'Application_Engineer_Call', 'Lab_Integration_Discussion', 'AutoSens_Tech_Talk', 'IMS_Badge_Scan', 'Lab_Integration_Discussion', 'Oscilloscope_Selector_Tool', 'Customer']",1
L023439,Hiroshi Ito,Qualcomm GmbH,Aerospace,,Oscilloscopes,Sales Outreach,"['PathWave_Trial_Request', 'Lab_Integration_Discussion', 'Technical_Demo', 'AutoSens_Tech_Talk', 'Technical_Demo', 'No_Conversion']",0
L023440,Kenji Chen,Infin_Tech,Semiconductor,North America,PathWave Software,Sales Outreach,"['Loaner_Unit_Evaluation', 'Whitepaper_Download_5G_Test', 'DesignCon_Booth_Visit', 'Technical_Demo', 'No_Conversion']",0
L023441,Hiroshi Martinez,,,,5G Testbeds,Sales Outreach,['Customer'],1
L023442,Kenji Lee,Samsung Electronics GmbH,Aerospace,Europe,,Sales Outreach,"['Loaner_Unit_Evaluation', 'SQL', 'Customer']",1
L023443,Hiroshi Singh,NXP Semiconductors GmbH,,APAC,,Event,"['SQL', 'Whitepaper_Download_5G_Test', 'Keysight_University_Course', 'Keysight_Workshop_RF_Testing', 'Keysight_University_Course', 'Opportunity', 'Customer']",1
L023444,Priya Anders,Qualcomm,,LATAM,PathWave Software,LinkedIn,"['MQL', 'No_Conversion']",0
L023445,Priya Lee,,Telecom,,Oscilloscopes,Webinar,"['Loaner_Unit_Evaluation', 'Keysight_University_Course', 'Customer']",1
L023446,Sofia Singh,Meta Connectivity Labs,Automotive,APAC,,Event,"['Application_Engineer_Call', 'MQL', 'Keysight_Workshop_RF_Testing', 'Opportunity', 'No_Conversion']",0
L023447,Kenji Anders,Broadcom,Automotive,LATAM,,LinkedIn,"['MQL', 'LinkedIn_Ad_Click', 'Lab_Integration_Discussion', 'Lab_Integration_Discussion', 'SQL', 'IMS_Badge_Scan', 'Loaner_Unit_Evaluation', 'No_Conversion']",0
L023448,Daniel Ito,Meta Connectivity Labs GmbH,Electronics,,,,['Customer'],1
L023449,Hiroshi Ito,Rayth_Tech,,,,LinkedIn,"['Whitepaper_Download_5G_Test', 'PathWave_Trial_Request', 'PathWave_Trial_Request', 'Keysight_University_Course', 'Opportunity', 'Customer']",1
L023450,Chen Johnson,Samsung Electronics,Automotive,North America,,LinkedIn,"['Keysight_Workshop_RF_Testing', 'Application_Engineer_Call', 'Opportunity', 'Opportunity', 'Whitepaper_Download_5G_Test', 'Loaner_Unit_Evaluation', 'Whitepaper_Download_5G_Test', 'Oscilloscope_Selector_Tool', 'Customer']",1
L023451,Daniel Tanaka,,Automotive,,,,"['Opportunity', 'DesignCon_Booth_Visit', 'Technical_Demo', 'Keysight_Workshop_RF_Testing', 'IMS_Badge_Scan', 'Customer']",1
L023452,Michael Patel,,Aerospace,APAC,Automotive Ethernet,Webinar,"['Technical_Demo', 'Keysight_Workshop_RF_Testing', 'Oscilloscope_Selector_Tool', 'Opportunity', 'Application_Engineer_Call', 'MQL', 'PathWave_Trial_Request', 'Customer']",1
L023453,Ahmed Lee,,Aerospace,North America,5G Testbeds,Email Campaign,"['LinkedIn_Ad_Click', 'No_Conversion']",0
L023454,Laura Martinez,,Telecom,North America,Oscilloscopes,Website,"['Technical_Demo', 'DesignCon_Booth_Visit', 'Website_Product_Page', 'No_Conversion']",0
L023455,Daniel Lee,Bosch,,,,Webinar,"['PathWave_Trial_Request', 'MQL', 'Website_Product_Page', 'Keysight_University_Course', 'Oscilloscope_Selector_Tool', 'Customer']",1
L023456,Priya Anders,Rayth_Tech,,North America,,,"['Application_Engineer_Call', 'MQL', 'Application_Engineer_Call', 'Customer']",1
L023457,Priya Patel,,,North America,5G Testbeds,Sales Outreach,"['Website_Product_Page', 'IMS_Badge_Scan', 'MQL', 'No_Conversion']",0
L023458,Ravi Williams,Samsung Electronics,,North America,,Sales Outreach,"['Technical_Demo', 'PathWave_Trial_Request', 'SQL', 'SQL', 'Customer']",1
L023459,Kenji Singh,Rayth_Tech,Automotive,,Automotive Ethernet,Event,"['IMS_Badge_Scan', 'MQL', 'SQL', 'PathWave_Trial_Request', 'MQL', 'AutoSens_Tech_Talk', 'Customer']",1
L023460,Daniel Singh,MetaC_Tech,,APAC,,Email Campaign,"['DesignCon_Booth_Visit', 'SQL', 'Keysight_University_Course', 'Keysight_Workshop_RF_Testing', 'DesignCon_Booth_Visit', 'SQL', 'No_Conversion']",0
L023461,Maria Ito,,Semiconductor,APAC,,Sales Outreach,"['Loaner_Unit_Evaluation', 'DesignCon_Booth_Visit', 'Lab_Integration_Discussion', 'No_Conversion']",0
L023462,Hiroshi Patel,Bosch GmbH,,LATAM,,,['Customer'],1
L023463,Sarah Patel,,Telecom,APAC,,LinkedIn,"['MQL', 'Website_Product_Page', 'Oscilloscope_Selector_Tool', 'Website_Product_Page', 'LinkedIn_Ad_Click', 'PathWave_Trial_Request', 'IMS_Badge_Scan', 'MQL', 'Customer']",1
L023464,Priya Lee,Qualc_Tech,Semiconductor,,,Webinar,"['Application_Engineer_Call', 'IMS_Badge_Scan', 'LinkedIn_Ad_Click', 'Loaner_Unit_Evaluation', 'Customer']",1
L023465,Kenji Williams,Bosch GmbH,,North America,PathWave Software,Email Campaign,"['IMS_Badge_Scan', 'Customer']",1
L023466,,Tesla_Tech,Electronics,,5G Testbeds,Email Campaign,"['Oscilloscope_Selector_Tool', 'Application_Engineer_Call', 'Website_Product_Page', 'Customer']",1
L023467,Ahmed Anders,Samsung Electronics GmbH,Telecom,Europe,,Website,"['IMS_Badge_Scan', 'Website_Product_Page', 'LinkedIn_Ad_Click', 'Keysight_Workshop_RF_Testing', 'Application_Engineer_Call', 'Customer']",1
L023468,Chen Martinez,,Aerospace,,Oscilloscopes,Webinar,"['IMS_Badge_Scan', 'Application_Engineer_Call', 'SQL', 'IMS_Badge_Scan', 'AutoSens_Tech_Talk', 'Website_Product_Page', 'No_Conversion']",0
L023469,Michael Anders,,Telecom,North America,,Webinar,"['PathWave_Trial_Request', 'SQL', 'Loaner_Unit_Evaluation', 'AutoSens_Tech_Talk', 'Website_Product_Page', 'PathWave_Trial_Request', 'No_Conversion']",0
L023470,Chen Tanaka,Bosch_Tech,Electronics,,,Event,"['DesignCon_Booth_Visit', 'Keysight_Workshop_RF_Testing', 'Customer']",1
L023471,Maria Lee,,Semiconductor,North America,PathWave Software,LinkedIn,"['Oscilloscope_Selector_Tool', 'Technical_Demo', 'Website_Product_Page', 'Website_Product_Page', 'Loaner_Unit_Evaluation', 'No_Conversion']",0
L023472,,Samsu_Tech,,Europe,5G Testbeds,Sales Outreach,"['Oscilloscope_Selector_Tool', 'Application_Engineer_Call', 'DesignCon_Booth_Visit', 'Customer']",1
L023473,Laura Anders,Broad_Tech,Aerospace,Europe,Oscilloscopes,Email Campaign,"['Loaner_Unit_Evaluation', 'LinkedIn_Ad_Click', 'No_Conversion']",0
L023474,Sofia Anders,,Telecom,North America,5G Testbeds,,"['Lab_Integration_Discussion', 'Website_Product_Page', 'DesignCon_Booth_Visit', 'Customer']",1
L023475,,,Automotive,North America,,Email Campaign,"['Oscilloscope_Selector_Tool', 'Whitepaper_Download_5G_Test', 'Oscilloscope_Selector_Tool', 'No_Conversion']",0
L023476,Daniel Khan,Tesla_Tech,,North America,,Webinar,"['Oscilloscope_Selector_Tool', 'AutoSens_Tech_Talk', 'Oscilloscope_Selector_Tool', 'No_Conversion']",0
L023477,Ravi Martinez,Qualc_Tech,,Europe,,LinkedIn,['No_Conversion'],0
L023478,Laura Tanaka,MetaC_Tech,Telecom,APAC,Automotive Ethernet,,"['Keysight_University_Course', 'Loaner_Unit_Evaluation', 'Technical_Demo', 'Oscilloscope_Selector_Tool', 'LinkedIn_Ad_Click', 'Keysight_University_Course', 'Keysight_University_Course', 'LinkedIn_Ad_Click', 'SQL', 'No_Conversion']",0
L023479,,Infineon GmbH,Aerospace,North America,Oscilloscopes,,"['Oscilloscope_Selector_Tool', 'Whitepaper_Download_5G_Test', 'LinkedIn_Ad_Click', 'Customer']",1
L023480,Daniel Garcia,,,Europe,,Email Campaign,"['IMS_Badge_Scan', 'Oscilloscope_Selector_Tool', 'Opportunity', 'Website_Product_Page', 'Loaner_Unit_Evaluation', 'LinkedIn_Ad_Click', 'Keysight_University_Course', 'MQL', 'IMS_Badge_Scan', 'SQL', 'No_Conversion']",0
L023481,Daniel Khan,Infineon,Semiconductor,,,Webinar,"['Opportunity', 'MQL', 'LinkedIn_Ad_Click', 'MQL', 'DesignCon_Booth_Visit', 'Customer']",1
L023482,Chen Martinez,,,APAC,,LinkedIn,"['Opportunity', 'No_Conversion']",0
L023483,Sarah Tanaka,,Electronics,,,Website,"['IMS_Badge_Scan', 'MQL', 'LinkedIn_Ad_Click', 'Technical_Demo', 'Technical_Demo', 'AutoSens_Tech_Talk', 'PathWave_Trial_Request', 'No_Conversion']",0
L023484,Laura Singh,,,APAC,,Website,"['Loaner_Unit_Evaluation', 'IMS_Badge_Scan', 'IMS_Badge_Scan', 'MQL', 'PathWave_Trial_Request', 'Keysight_Workshop_RF_Testing', 'MQL', 'Customer']",1
L023485,Chen Anders,Bosch GmbH,,LATAM,,,['Customer'],1
L023486,Michael Anders,MetaC_Tech,Telecom,LATAM,Automotive Ethernet,Sales Outreach,"['AutoSens_Tech_Talk', 'Application_Engineer_Call', 'Opportunity', 'Application_Engineer_Call', 'DesignCon_Booth_Visit', 'No_Conversion']",0
L023487,Michael Martinez,,Aerospace,APAC,Automotive Ethernet,Sales Outreach,"['PathWave_Trial_Request', 'Loaner_Unit_Evaluation', 'Oscilloscope_Selector_Tool', 'MQL', 'Loaner_Unit_Evaluation', 'IMS_Badge_Scan', 'PathWave_Trial_Request', 'Application_Engineer_Call', 'Customer']",1
L023488,Ahmed Williams,Raytheon GmbH,,LATAM,,LinkedIn,"['AutoSens_Tech_Talk', 'LinkedIn_Ad_Click', 'AutoSens_Tech_Talk', 'Opportunity', 'Customer']",1
L023489,Sarah Ito,Tesla Energy,Semiconductor,LATAM,,Website,"['AutoSens_Tech_Talk', 'Keysight_University_Course', 'DesignCon_Booth_Visit', 'Technical_Demo', 'AutoSens_Tech_Talk', 'DesignCon_Booth_Visit', 'Keysight_University_Course', 'MQL', 'Customer']",1
L023490,Sofia Martinez,MetaC_Tech,Electronics,North America,PathWave Software,,"['LinkedIn_Ad_Click', 'Website_Product_Page', 'Website_Product_Page', 'No_Conversion']",0
L023491,Laura Lee,,Electronics,Europe,Automotive Ethernet,Event,"['Loaner_Unit_Evaluation', 'DesignCon_Booth_Visit', 'Website_Product_Page', 'LinkedIn_Ad_Click', 'Loaner_Unit_Evaluation', 'LinkedIn_Ad_Click', 'Opportunity', 'No_Conversion']",0
L023492,Chen Ito,,Aerospace,LATAM,,Sales Outreach,['No_Conversion'],0
L023493,,Infin_Tech,Telecom,LATAM,,Webinar,"['SQL', 'MQL', 'Loaner_Unit_Evaluation', 'No_Conversion']",0
L023494,Chen Garcia,Infineon,,Europe,Automotive Ethernet,Event,['No_Conversion'],0
L023495,Ahmed Ito,Rayth_Tech,Semiconductor,,Automotive Ethernet,Website,"['LinkedIn_Ad_Click', 'Website_Product_Page', 'Loaner_Unit_Evaluation', 'Oscilloscope_Selector_Tool', 'Customer']",1
L023496,Maria Garcia,Rayth_Tech,Telecom,,,Event,"['SQL', 'Website_Product_Page', 'Lab_Integration_Discussion', 'Application_Engineer_Call', 'Lab_Integration_Discussion', 'Application_Engineer_Call', 'PathWave_Trial_Request', 'PathWave_Trial_Request', 'Oscilloscope_Selector_Tool', 'Keysight_University_Course', 'No_Conversion']",0
L023497,Sofia Lee,Bosch_Tech,Aerospace,LATAM,,Sales Outreach,"['IMS_Badge_Scan', 'Whitepaper_Download_5G_Test', 'AutoSens_Tech_Talk', 'Opportunity', 'PathWave_Trial_Request', 'Keysight_Workshop_RF_Testing', 'Loaner_Unit_Evaluation', 'Application_Engineer_Call', 'Oscilloscope_Selector_Tool', 'No_Conversion']",0
L023498,Sofia Lee,Qualc_Tech,Automotive,,Automotive Ethernet,Webinar,"['LinkedIn_Ad_Click', 'MQL', 'Keysight_Workshop_RF_Testing', 'DesignCon_Booth_Visit', 'Lab_Integration_Discussion', 'Lab_Integration_Discussion', 'Customer']",1
L023499,Priya Ito,,Semiconductor,APAC,5G Testbeds,Webinar,"['AutoSens_Tech_Talk', 'No_Conversion']",0
L023500,Chen Williams,Broadcom GmbH,,Europe,PathWave Software,Webinar,"['Opportunity', 'Lab_Integration_Discussion', 'Lab_Integration_Discussion', 'Technical_Demo', 'Keysight_Workshop_RF_Testing', 'Lab_Integration_Discussion', 'Lab_Integration_Discussion', 'DesignCon_Booth_Visit', 'DesignCon_Booth_Visit', 'Opportunity', 'No_Conversion']",0
L023501,Michael Chen,Broadcom,,North America,PathWave Software,LinkedIn,['Customer'],1
L023502,Chen Patel,Samsung Electronics GmbH,Telecom,APAC,Automotive Ethernet,Website,"['Whitepaper_Download_5G_Test', 'Customer']",1
L023503,Ravi Martinez,,Electronics,North America,PathWave Software,Website,"['Application_Engineer_Call', 'LinkedIn_Ad_Click', 'Opportunity', 'IMS_Badge_Scan', 'LinkedIn_Ad_Click', 'SQL', 'Customer']",1
L023504,,Qualcomm GmbH,,APAC,Oscilloscopes,Webinar,"['AutoSens_Tech_Talk', 'Oscilloscope_Selector_Tool', 'Technical_Demo', 'DesignCon_Booth_Visit', 'DesignCon_Booth_Visit', 'Loaner_Unit_Evaluation', 'No_Conversion']",0
L023505,Michael Singh,Qualc_Tech,,North America,5G Testbeds,Sales Outreach,"['AutoSens_Tech_Talk', 'Keysight_Workshop_RF_Testing', 'Keysight_University_Course', 'DesignCon_Booth_Visit', 'SQL', 'Technical_Demo', 'SQL', 'DesignCon_Booth_Visit', 'PathWave_Trial_Request', 'Lab_Integration_Discussion', 'No_Conversion']",0
L023506,Hiroshi Tanaka,,Automotive,Europe,PathWave Software,Email Campaign,"['Website_Product_Page', 'MQL', 'MQL', 'Customer']",1
L023507,Maria Tanaka,Tesla_Tech,Aerospace,,Oscilloscopes,Website,"['DesignCon_Booth_Visit', 'Loaner_Unit_Evaluation', 'PathWave_Trial_Request', 'No_Conversion']",0
L023508,Sofia Ito,Tesla Energy GmbH,,LATAM,,Webinar,['No_Conversion'],0
L023509,Chen Singh,Rayth_Tech,Telecom,Europe,,,"['PathWave_Trial_Request', 'Whitepaper_Download_5G_Test', 'DesignCon_Booth_Visit', 'Keysight_Workshop_RF_Testing', 'Oscilloscope_Selector_Tool', 'No_Conversion']",0
L023510,,Bosch GmbH,,Europe,,,"['AutoSens_Tech_Talk', 'MQL', 'Website_Product_Page', 'Application_Engineer_Call', 'No_Conversion']",0
L023511,,Tesla_Tech,Telecom,Europe,5G Testbeds,Webinar,"['Oscilloscope_Selector_Tool', 'DesignCon_Booth_Visit', 'No_Conversion']",0
L023512,Daniel Anders,Infin_Tech,Automotive,North America,,Event,"['Keysight_Workshop_RF_Testing', 'AutoSens_Tech_Talk', 'PathWave_Trial_Request', 'No_Conversion']",0
L023513,Sarah Singh,Infineon GmbH,Automotive,APAC,Oscilloscopes,Webinar,"['Technical_Demo', 'AutoSens_Tech_Talk', 'MQL', 'Customer']",1
L023514,,Raytheon,,North America,PathWave Software,,"['Keysight_Workshop_RF_Testing', 'Technical_Demo', 'Loaner_Unit_Evaluation', 'PathWave_Trial_Request', 'SQL', 'Loaner_Unit_Evaluation', 'Customer']",1
L023515,Laura Lee,,Electronics,LATAM,,Event,['Customer'],1
L023516,Ahmed Patel,Qualc_Tech,Electronics,APAC,PathWave Software,,"['MQL', 'IMS_Badge_Scan', 'Customer']",1
L023517,Hiroshi Lee,Samsung Electronics GmbH,Electronics,,Oscilloscopes,Sales Outreach,"['Website_Product_Page', 'Loaner_Unit_Evaluation', 'Application_Engineer_Call', 'Loaner_Unit_Evaluation', 'No_Conversion']",0
L023518,Priya Anders,Broadcom GmbH,,Europe,,,"['Keysight_University_Course', 'Website_Product_Page', 'No_Conversion']",0
L023519,Laura Martinez,Tesla Energy,Aerospace,LATAM,Oscilloscopes,LinkedIn,"['AutoSens_Tech_Talk', 'Oscilloscope_Selector_Tool', 'IMS_Badge_Scan', 'Loaner_Unit_Evaluation', 'Application_Engineer_Call', 'AutoSens_Tech_Talk', 'No_Conversion']",0
L023520,,,Automotive,Europe,5G Testbeds,Website,"['IMS_Badge_Scan', 'Technical_Demo', 'Loaner_Unit_Evaluation', 'Customer']",1
L023521,,Sony_Tech,Automotive,North America,,Email Campaign,['No_Conversion'],0
L023522,Ravi Williams,Meta Connectivity Labs GmbH,,North America,,Webinar,"['LinkedIn_Ad_Click', 'Website_Product_Page', 'AutoSens_Tech_Talk', 'Customer']",1
L023523,Kenji Williams,Qualcomm,Electronics,North America,5G Testbeds,,"['LinkedIn_Ad_Click', 'Loaner_Unit_Evaluation', 'DesignCon_Booth_Visit', 'Opportunity', 'SQL', 'PathWave_Trial_Request', 'PathWave_Trial_Request', 'Technical_Demo', 'No_Conversion']",0
L023524,Laura Martinez,,Aerospace,APAC,5G Testbeds,Sales Outreach,"['PathWave_Trial_Request', 'PathWave_Trial_Request', 'Keysight_Workshop_RF_Testing', 'PathWave_Trial_Request', 'Lab_Integration_Discussion', 'Keysight_Workshop_RF_Testing', 'No_Conversion']",0
L023525,,Meta Connectivity Labs,Automotive,,Automotive Ethernet,Event,"['Opportunity', 'Application_Engineer_Call', 'No_Conversion']",0
L023526,Chen Ito,Samsung Electronics,Aerospace,APAC,,Sales Outreach,"['SQL', 'PathWave_Trial_Request', 'Keysight_University_Course', 'Keysight_Workshop_RF_Testing', 'Opportunity', 'No_Conversion']",0
L023527,Maria Singh,Bosch GmbH,,North America,Oscilloscopes,Sales Outreach,"['Whitepaper_Download_5G_Test', 'AutoSens_Tech_Talk', 'Opportunity', 'AutoSens_Tech_Talk', 'No_Conversion']",0
L023528,Sofia Tanaka,Qualc_Tech,Electronics,Europe,5G Testbeds,Sales Outreach,"['Application_Engineer_Call', 'Application_Engineer_Call', 'Oscilloscope_Selector_Tool', 'IMS_Badge_Scan', 'Whitepaper_Download_5G_Test', 'Whitepaper_Download_5G_Test', 'AutoSens_Tech_Talk', 'Oscilloscope_Selector_Tool', 'Lab_Integration_Discussion', 'Customer']",1
L023529,Laura Martinez,,Electronics,LATAM,Oscilloscopes,Sales Outreach,"['IMS_Badge_Scan', 'Keysight_University_Course', 'MQL', 'Whitepaper_Download_5G_Test', 'Keysight_University_Course', 'Technical_Demo', 'MQL', 'Technical_Demo', 'Application_Engineer_Call', 'Application_Engineer_Call', 'Customer']",1
L023530,Daniel Johnson,Raytheon,,,,Email Campaign,"['PathWave_Trial_Request', 'Technical_Demo', 'IMS_Badge_Scan', 'IMS_Badge_Scan', 'No_Conversion']",0
L023531,Laura Singh,Bosch GmbH,Aerospace,LATAM,5G Testbeds,Website,"['LinkedIn_Ad_Click', 'Technical_Demo', 'Customer']",1
L023532,Michael Tanaka,Samsung Electronics,,North America,,,"['SQL', 'Opportunity', 'Application_Engineer_Call', 'Customer']",1
L023533,Michael Anders,Broadcom GmbH,Automotive,Europe,Oscilloscopes,LinkedIn,"['Technical_Demo', 'Application_Engineer_Call', 'Lab_Integration_Discussion', 'Technical_Demo', 'Whitepaper_Download_5G_Test', 'Loaner_Unit_Evaluation', 'Technical_Demo', 'SQL', 'Customer']",1
L023534,Sarah Lee,NXP Semiconductors GmbH,,,5G Testbeds,Sales Outreach,"['Website_Product_Page', 'Technical_Demo', 'No_Conversion']",0
L023535,Ravi Patel,Meta Connectivity Labs,,Europe,,Email Campaign,"['AutoSens_Tech_Talk', 'MQL', 'Application_Engineer_Call', 'Lab_Integration_Discussion', 'Oscilloscope_Selector_Tool', 'Oscilloscope_Selector_Tool', 'No_Conversion']",0
L023536,Maria Singh,,Telecom,North America,5G Testbeds,,"['Opportunity', 'IMS_Badge_Scan', 'Opportunity', 'Lab_Integration_Discussion', 'SQL', 'Oscilloscope_Selector_Tool', 'No_Conversion']",0
L023537,Daniel Williams,,Automotive,APAC,5G Testbeds,Sales Outreach,"['Keysight_Workshop_RF_Testing', 'AutoSens_Tech_Talk', 'IMS_Badge_Scan', 'MQL', 'Customer']",1
L023538,,Tesla Energy,,APAC,5G Testbeds,Sales Outreach,"['Website_Product_Page', 'Opportunity', 'PathWave_Trial_Request', 'DesignCon_Booth_Visit', 'Website_Product_Page', 'DesignCon_Booth_Visit', 'Oscilloscope_Selector_Tool', 'Customer']",1
L023539,Daniel Ito,NXPSe_Tech,Telecom,North America,,Webinar,"['Website_Product_Page', 'PathWave_Trial_Request', 'Technical_Demo', 'No_Conversion']",0
L023540,Chen Tanaka,NXP Semiconductors,,APAC,5G Testbeds,Email Campaign,"['MQL', 'Keysight_Workshop_RF_Testing', 'Application_Engineer_Call', 'PathWave_Trial_Request', 'Technical_Demo', 'DesignCon_Booth_Visit', 'Lab_Integration_Discussion', 'Keysight_University_Course', 'Loaner_Unit_Evaluation', 'No_Conversion']",0
L023541,Kenji Chen,Sony GmbH,,North America,,Sales Outreach,"['Oscilloscope_Selector_Tool', 'Customer']",1
L023542,Sofia Tanaka,,,LATAM,,LinkedIn,"['Keysight_University_Course', 'MQL', 'Loaner_Unit_Evaluation', 'No_Conversion']",0
L023543,Laura Chen,NXP Semiconductors GmbH,Semiconductor,APAC,Oscilloscopes,LinkedIn,"['PathWave_Trial_Request', 'DesignCon_Booth_Visit', 'Oscilloscope_Selector_Tool', 'LinkedIn_Ad_Click', 'Application_Engineer_Call', 'Application_Engineer_Call', 'Customer']",1
L023544,Priya Singh,Tesla Energy GmbH,Telecom,Europe,Automotive Ethernet,Event,"['DesignCon_Booth_Visit', 'Website_Product_Page', 'Technical_Demo', 'Application_Engineer_Call', 'Customer']",1
L023545,Kenji Ito,Qualc_Tech,,APAC,Oscilloscopes,,"['Technical_Demo', 'Loaner_Unit_Evaluation', 'AutoSens_Tech_Talk', 'PathWave_Trial_Request', 'SQL', 'Application_Engineer_Call', 'Technical_Demo', 'LinkedIn_Ad_Click', 'Lab_Integration_Discussion', 'No_Conversion']",0
L023546,Hiroshi Williams,Qualcomm GmbH,,LATAM,5G Testbeds,Event,"['Lab_Integration_Discussion', 'Keysight_University_Course', 'No_Conversion']",0
L023547,Kenji Patel,Qualcomm GmbH,Aerospace,Europe,,Website,"['PathWave_Trial_Request', 'Technical_Demo', 'Opportunity', 'Technical_Demo', 'MQL', 'Loaner_Unit_Evaluation', 'Oscilloscope_Selector_Tool', 'LinkedIn_Ad_Click', 'No_Conversion']",0
L023548,,Broadcom,Aerospace,LATAM,,LinkedIn,"['Oscilloscope_Selector_Tool', 'Customer']",1
L023549,Sarah Martinez,Broad_Tech,,Europe,Oscilloscopes,Sales Outreach,"['SQL', 'Whitepaper_Download_5G_Test', 'AutoSens_Tech_Talk', 'Loaner_Unit_Evaluation', 'Loaner_Unit_Evaluation', 'Customer']",1
L023550,Ravi Tanaka,Bosch,,APAC,PathWave Software,LinkedIn,"['MQL', 'IMS_Badge_Scan', 'Application_Engineer_Call', 'LinkedIn_Ad_Click', 'Customer']",1
L023551,Michael Anders,Qualcomm,Aerospace,APAC,,Event,"['AutoSens_Tech_Talk', 'Loaner_Unit_Evaluation', 'LinkedIn_Ad_Click', 'No_Conversion']",0
L023552,Laura Khan,Tesla Energy,,North America,,Webinar,"['Website_Product_Page', 'Loaner_Unit_Evaluation', 'Application_Engineer_Call', 'MQL', 'Customer']",1
L023553,Maria Martinez,Meta Connectivity Labs GmbH,Electronics,APAC,PathWave Software,Email Campaign,['Customer'],1
L023554,Kenji Johnson,Tesla Energy,Aerospace,LATAM,,Email Campaign,"['Whitepaper_Download_5G_Test', 'Website_Product_Page', 'Technical_Demo', 'Website_Product_Page', 'Customer']",1
L023555,Ravi Lee,Broadcom GmbH,Electronics,North America,PathWave Software,Webinar,"['Keysight_Workshop_RF_Testing', 'AutoSens_Tech_Talk', 'AutoSens_Tech_Talk', 'No_Conversion']",0
L023556,,Sony_Tech,,North America,Automotive Ethernet,Webinar,['Customer'],1
L023557,Daniel Lee,Sony_Tech,Aerospace,APAC,5G Testbeds,Email Campaign,"['MQL', 'Technical_Demo', 'MQL', 'IMS_Badge_Scan', 'Technical_Demo', 'Keysight_University_Course', 'No_Conversion']",0
L023558,Laura Singh,Samsung Electronics GmbH,Telecom,,5G Testbeds,Webinar,"['Oscilloscope_Selector_Tool', 'SQL', 'Technical_Demo', 'SQL', 'SQL', 'Keysight_University_Course', 'Keysight_University_Course', 'Keysight_Workshop_RF_Testing', 'No_Conversion']",0
L023559,,,,LATAM,PathWave Software,Email Campaign,"['SQL', 'Technical_Demo', 'AutoSens_Tech_Talk', 'No_Conversion']",0
L023560,Priya Martinez,Meta Connectivity Labs GmbH,Semiconductor,North America,5G Testbeds,Website,"['Keysight_University_Course', 'AutoSens_Tech_Talk', 'Lab_Integration_Discussion', 'Website_Product_Page', 'LinkedIn_Ad_Click', 'Website_Product_Page', 'MQL', 'Application_Engineer_Call', 'Lab_Integration_Discussion', 'Oscilloscope_Selector_Tool', 'Customer']",1
L023561,Ahmed Tanaka,Tesla_Tech,Telecom,Europe,Oscilloscopes,Webinar,"['MQL', 'MQL', 'Website_Product_Page', 'MQL', 'Customer']",1
L023562,,,Automotive,,5G Testbeds,Sales Outreach,"['Application_Engineer_Call', 'DesignCon_Booth_Visit', 'Opportunity', 'Oscilloscope_Selector_Tool', 'DesignCon_Booth_Visit', 'Keysight_University_Course', 'IMS_Badge_Scan', 'Oscilloscope_Selector_Tool', 'Customer']",1
L023563,,Broadcom GmbH,Aerospace,North America,,Sales Outreach,"['MQL', 'No_Conversion']",0
L023564,Sofia Ito,Broadcom GmbH,Automotive,APAC,Automotive Ethernet,LinkedIn,"['PathWave_Trial_Request', 'SQL', 'MQL', 'Customer']",1
L023565,Chen Khan,Sony GmbH,Electronics,APAC,5G Testbeds,LinkedIn,"['Whitepaper_Download_5G_Test', 'Keysight_University_Course', 'Keysight_University_Course', 'Opportunity', 'Keysight_University_Course', 'Keysight_Workshop_RF_Testing', 'Loaner_Unit_Evaluation', 'Keysight_Workshop_RF_Testing', 'Website_Product_Page', 'Customer']",1
L023566,Ravi Patel,Rayth_Tech,Semiconductor,Europe,Automotive Ethernet,Sales Outreach,"['DesignCon_Booth_Visit', 'LinkedIn_Ad_Click', 'IMS_Badge_Scan', 'SQL', 'No_Conversion']",0
L023567,Michael Tanaka,Broadcom,Telecom,,5G Testbeds,,"['Website_Product_Page', 'Website_Product_Page', 'Customer']",1
L023568,Ahmed Tanaka,,Aerospace,,PathWave Software,Webinar,"['MQL', 'LinkedIn_Ad_Click', 'DesignCon_Booth_Visit', 'SQL', 'AutoSens_Tech_Talk', 'Oscilloscope_Selector_Tool', 'Lab_Integration_Discussion', 'Loaner_Unit_Evaluation', 'No_Conversion']",0
L023569,Laura Tanaka,,Automotive,,Automotive Ethernet,LinkedIn,"['Application_Engineer_Call', 'Application_Engineer_Call', 'LinkedIn_Ad_Click', 'IMS_Badge_Scan', 'Whitepaper_Download_5G_Test', 'Oscilloscope_Selector_Tool', 'Customer']",1
L023570,Priya Singh,Tesla_Tech,Telecom,,,Email Campaign,['No_Conversion'],0
L023571,Michael Martinez,Tesla_Tech,,Europe,,Website,['Customer'],1
L023572,,Raytheon GmbH,,,,,"['Loaner_Unit_Evaluation', 'IMS_Badge_Scan', 'Keysight_University_Course', 'MQL', 'Loaner_Unit_Evaluation', 'MQL', 'DesignCon_Booth_Visit', 'Application_Engineer_Call', 'Loaner_Unit_Evaluation', 'Technical_Demo', 'Customer']",1
L023573,Kenji Singh,Samsung Electronics GmbH,,Europe,PathWave Software,Webinar,['Customer'],1
L023574,Ravi Chen,Bosch,Semiconductor,,Automotive Ethernet,,"['Opportunity', 'Customer']",1
L023575,,NXP Semiconductors GmbH,,Europe,,,"['Keysight_University_Course', 'Technical_Demo', 'SQL', 'Oscilloscope_Selector_Tool', 'Technical_Demo', 'Customer']",1
L023576,Sarah Lee,Meta Connectivity Labs GmbH,,LATAM,Automotive Ethernet,Website,['No_Conversion'],0
L023577,Sofia Tanaka,Infineon GmbH,Automotive,APAC,,,"['Keysight_University_Course', 'IMS_Badge_Scan', 'Loaner_Unit_Evaluation', 'Technical_Demo', 'Keysight_University_Course', 'Whitepaper_Download_5G_Test', 'Customer']",1
L023578,Laura Khan,Sony,Automotive,LATAM,Oscilloscopes,Webinar,"['PathWave_Trial_Request', 'Application_Engineer_Call', 'Keysight_University_Course', 'Keysight_University_Course', 'No_Conversion']",0
L023579,Laura Johnson,Bosch,Telecom,,Automotive Ethernet,Website,"['Keysight_Workshop_RF_Testing', 'Customer']",1
L023580,Hiroshi Garcia,,Telecom,North America,,Sales Outreach,"['AutoSens_Tech_Talk', 'Keysight_Workshop_RF_Testing', 'Website_Product_Page', 'PathWave_Trial_Request', 'AutoSens_Tech_Talk', 'Whitepaper_Download_5G_Test', 'Keysight_Workshop_RF_Testing', 'Technical_Demo', 'Whitepaper_Download_5G_Test', 'Customer']",1
L023581,Ravi Patel,Infin_Tech,Electronics,,5G Testbeds,Email Campaign,"['Lab_Integration_Discussion', 'Technical_Demo', 'Lab_Integration_Discussion', 'Keysight_University_Course', 'Whitepaper_Download_5G_Test', 'Opportunity', 'Customer']",1
L023582,,Sony,Electronics,LATAM,Oscilloscopes,Email Campaign,"['AutoSens_Tech_Talk', 'Whitepaper_Download_5G_Test', 'PathWave_Trial_Request', 'DesignCon_Booth_Visit', 'No_Conversion']",0
L023583,Chen Patel,MetaC_Tech,,Europe,PathWave Software,Sales Outreach,"['Keysight_Workshop_RF_Testing', 'MQL', 'Website_Product_Page', 'Keysight_University_Course', 'DesignCon_Booth_Visit', 'Customer']",1
L023584,Priya Johnson,Raytheon GmbH,,,,Sales Outreach,"['Application_Engineer_Call', 'PathWave_Trial_Request', 'Opportunity', 'DesignCon_Booth_Visit', 'Oscilloscope_Selector_Tool', 'Customer']",1
L023585,,Rayth_Tech,Aerospace,North America,5G Testbeds,Sales Outreach,"['Lab_Integration_Discussion', 'Technical_Demo', 'IMS_Badge_Scan', 'AutoSens_Tech_Talk', 'Lab_Integration_Discussion', 'Technical_Demo', 'Opportunity', 'Application_Engineer_Call', 'No_Conversion']",0
L023586,,Raytheon,,North America,Automotive Ethernet,Webinar,"['AutoSens_Tech_Talk', 'IMS_Badge_Scan', 'Whitepaper_Download_5G_Test', 'SQL', 'Technical_Demo', 'DesignCon_Booth_Visit', 'No_Conversion']",0
L023587,Ahmed Patel,NXPSe_Tech,Electronics,North America,5G Testbeds,,"['DesignCon_Booth_Visit', 'Website_Product_Page', 'Lab_Integration_Discussion', 'Oscilloscope_Selector_Tool', 'Customer']",1
L023588,,,,,PathWave Software,Website,"['Opportunity', 'LinkedIn_Ad_Click', 'Application_Engineer_Call', 'Keysight_University_Course', 'Opportunity', 'No_Conversion']",0
L023589,Kenji Chen,,Automotive,North America,5G Testbeds,Website,"['Technical_Demo', 'Keysight_Workshop_RF_Testing', 'PathWave_Trial_Request', 'Customer']",1
L023590,Priya Tanaka,Samsung Electronics,Semiconductor,APAC,,,"['PathWave_Trial_Request', 'Customer']",1
L023591,Daniel Martinez,,Semiconductor,Europe,,Website,"['Technical_Demo', 'Oscilloscope_Selector_Tool', 'SQL', 'Whitepaper_Download_5G_Test', 'Oscilloscope_Selector_Tool', 'Customer']",1
L023592,Sarah Williams,Sony,Electronics,Europe,Automotive Ethernet,LinkedIn,"['Opportunity', 'DesignCon_Booth_Visit', 'No_Conversion']",0
L023593,Sarah Ito,,Automotive,Europe,,Event,"['MQL', 'AutoSens_Tech_Talk', 'No_Conversion']",0
L023594,Michael Singh,,Aerospace,,,LinkedIn,"['Application_Engineer_Call', 'No_Conversion']",0
L023595,Maria Anders,Bosch GmbH,Electronics,Europe,,Website,['No_Conversion'],0
L023596,,Broad_Tech,Automotive,Europe,Oscilloscopes,Sales Outreach,"['PathWave_Trial_Request', 'Oscilloscope_Selector_Tool', 'No_Conversion']",0
L023597,Kenji Anders,NXP Semiconductors GmbH,Semiconductor,Europe,,Event,"['LinkedIn_Ad_Click', 'AutoSens_Tech_Talk', 'Application_Engineer_Call', 'SQL', 'DesignCon_Booth_Visit', 'No_Conversion']",0
L023598,Michael Williams,Infineon GmbH,Electronics,APAC,,Webinar,"['MQL', 'AutoSens_Tech_Talk', 'Opportunity', 'No_Conversion']",0
L023599,Priya Anders,,,LATAM,,,"['Lab_Integration_Discussion', 'PathWave_Trial_Request', 'AutoSens_Tech_Talk', 'Customer']",1
L023600,,Raytheon,Aerospace,LATAM,5G Testbeds,Website,"['Lab_Integration_Discussion', 'Opportunity', 'Whitepaper_Download_5G_Test', 'Technical_Demo', 'PathWave_Trial_Request', 'Whitepaper_Download_5G_Test', 'Customer']",1
L023601,Sarah Johnson,Raytheon,,APAC,,LinkedIn,"['Keysight_University_Course', 'DesignCon_Booth_Visit', 'SQL', 'No_Conversion']",0
L023602,Laura Williams,Broadcom,,,,,"['Oscilloscope_Selector_Tool', 'Opportunity', 'Loaner_Unit_Evaluation', 'Loaner_Unit_Evaluation', 'Lab_Integration_Discussion', 'DesignCon_Booth_Visit', 'Customer']",1
L023603,Sarah Chen,Meta Connectivity Labs GmbH,,North America,Automotive Ethernet,,"['DesignCon_Booth_Visit', 'Loaner_Unit_Evaluation', 'LinkedIn_Ad_Click', 'No_Conversion']",0
L023604,Ahmed Chen,,,APAC,,,"['Keysight_University_Course', 'Application_Engineer_Call', 'AutoSens_Tech_Talk', 'Opportunity', 'No_Conversion']",0
L023605,Michael Garcia,NXP Semiconductors GmbH,Automotive,,,Sales Outreach,"['Website_Product_Page', 'Website_Product_Page', 'Keysight_University_Course', 'AutoSens_Tech_Talk', 'Lab_Integration_Discussion', 'Loaner_Unit_Evaluation', 'Customer']",1
L023606,Laura Khan,Sony GmbH,,LATAM,,,"['Opportunity', 'Lab_Integration_Discussion', 'PathWave_Trial_Request', 'Keysight_University_Course', 'Application_Engineer_Call', 'Whitepaper_Download_5G_Test', 'No_Conversion']",0
L023607,Daniel Patel,Bosch,Automotive,APAC,Oscilloscopes,Event,"['Website_Product_Page', 'Loaner_Unit_Evaluation', 'Customer']",1
L023608,Sofia Patel,MetaC_Tech,Telecom,,Oscilloscopes,Webinar,"['Opportunity', 'Customer']",1
L023609,Maria Garcia,Sony_Tech,Telecom,,,,"['AutoSens_Tech_Talk', 'IMS_Badge_Scan', 'LinkedIn_Ad_Click', 'DesignCon_Booth_Visit', 'PathWave_Trial_Request', 'PathWave_Trial_Request', 'Lab_Integration_Discussion', 'Keysight_University_Course', 'AutoSens_Tech_Talk', 'Keysight_Workshop_RF_Testing', 'Customer']",1
L023610,,Samsung Electronics GmbH,Telecom,,,Website,"['AutoSens_Tech_Talk', 'Opportunity', 'Application_Engineer_Call', 'Technical_Demo', 'DesignCon_Booth_Visit', 'DesignCon_Booth_Visit', 'DesignCon_Booth_Visit', 'No_Conversion']",0
L023611,Laura Khan,Infineon GmbH,,,,Email Campaign,"['Oscilloscope_Selector_Tool', 'IMS_Badge_Scan', 'Customer']",1
L023612,Laura Khan,Bosch,Automotive,Europe,,LinkedIn,"['Keysight_Workshop_RF_Testing', 'Oscilloscope_Selector_Tool', 'Technical_Demo', 'Technical_Demo', 'Keysight_Workshop_RF_Testing', 'Whitepaper_Download_5G_Test', 'Whitepaper_Download_5G_Test', 'Keysight_University_Course', 'Opportunity', 'IMS_Badge_Scan', 'Customer']",1
L023613,Daniel Chen,Infin_Tech,Electronics,Europe,Automotive Ethernet,,"['Whitepaper_Download_5G_Test', 'Opportunity', 'PathWave_Trial_Request', 'Customer']",1
L023614,Sofia Martinez,Samsung Electronics GmbH,Telecom,APAC,,LinkedIn,"['Keysight_Workshop_RF_Testing', 'Keysight_University_Course', 'No_Conversion']",0
L023615,,Raytheon,Automotive,,,,"['Oscilloscope_Selector_Tool', 'Website_Product_Page', 'Technical_Demo', 'AutoSens_Tech_Talk', 'IMS_Badge_Scan', 'AutoSens_Tech_Talk', 'MQL', 'Technical_Demo', 'Customer']",1
L023616,Hiroshi Williams,,,APAC,5G Testbeds,Event,"['LinkedIn_Ad_Click', 'Keysight_University_Course', 'Keysight_Workshop_RF_Testing', 'Technical_Demo', 'Customer']",1
L023617,Chen Khan,Broadcom GmbH,,North America,,,"['Application_Engineer_Call', 'Keysight_Workshop_RF_Testing', 'Technical_Demo', 'DesignCon_Booth_Visit', 'Oscilloscope_Selector_Tool', 'No_Conversion']",0
L023618,Daniel Chen,Sony,Semiconductor,APAC,Automotive Ethernet,,"['IMS_Badge_Scan', 'No_Conversion']",0
L023619,Maria Tanaka,NXP Semiconductors GmbH,Automotive,,Oscilloscopes,Sales Outreach,"['AutoSens_Tech_Talk', 'Lab_Integration_Discussion', 'DesignCon_Booth_Visit', 'Technical_Demo', 'Customer']",1
L023620,,Sony GmbH,,Europe,,LinkedIn,"['Keysight_Workshop_RF_Testing', 'Keysight_Workshop_RF_Testing', 'DesignCon_Booth_Visit', 'PathWave_Trial_Request', 'Loaner_Unit_Evaluation', 'Keysight_University_Course', 'IMS_Badge_Scan', 'Opportunity', 'Loaner_Unit_Evaluation', 'Keysight_Workshop_RF_Testing', 'Customer']",1
L023621,Priya Martinez,Rayth_Tech,Semiconductor,,PathWave Software,Email Campaign,['No_Conversion'],0
L023622,Laura Chen,Rayth_Tech,,,5G Testbeds,Sales Outreach,"['DesignCon_Booth_Visit', 'IMS_Badge_Scan', 'IMS_Badge_Scan', 'Whitepaper_Download_5G_Test', 'No_Conversion']",0
L023623,Hiroshi Singh,Tesla Energy,,LATAM,Oscilloscopes,Website,"['Opportunity', 'Whitepaper_Download_5G_Test', 'PathWave_Trial_Request', 'No_Conversion']",0
L023624,Kenji Martinez,Samsu_Tech,,LATAM,,,"['SQL', 'Loaner_Unit_Evaluation', 'Opportunity', 'Website_Product_Page', 'IMS_Badge_Scan', 'PathWave_Trial_Request', 'Customer']",1
L023625,Chen Khan,Infineon GmbH,Electronics,Europe,,Event,['Customer'],1
L023626,Ahmed Garcia,Infineon,Aerospace,,5G Testbeds,Webinar,"['Technical_Demo', 'Loaner_Unit_Evaluation', 'Oscilloscope_Selector_Tool', 'Opportunity', 'Oscilloscope_Selector_Tool', 'IMS_Badge_Scan', 'Oscilloscope_Selector_Tool', 'Oscilloscope_Selector_Tool', 'Lab_Integration_Discussion', 'Customer']",1
L023627,,,,,,Website,"['Whitepaper_Download_5G_Test', 'LinkedIn_Ad_Click', 'LinkedIn_Ad_Click', 'Customer']",1
L023628,,Bosch GmbH,Electronics,Europe,PathWave Software,Webinar,"['Website_Product_Page', 'IMS_Badge_Scan', 'MQL', 'Loaner_Unit_Evaluation', 'Lab_Integration_Discussion', 'DesignCon_Booth_Visit', 'IMS_Badge_Scan', 'AutoSens_Tech_Talk', 'SQL', 'Customer']",1
L023629,Daniel Patel,Meta Connectivity Labs GmbH,Electronics,North America,,Website,"['Lab_Integration_Discussion', 'MQL', 'LinkedIn_Ad_Click', 'Loaner_Unit_Evaluation', 'No_Conversion']",0
L023630,,Infineon GmbH,,,,Email Campaign,"['Website_Product_Page', 'LinkedIn_Ad_Click', 'Keysight_University_Course', 'Keysight_Workshop_RF_Testing', 'Application_Engineer_Call', 'SQL', 'MQL', 'Opportunity', 'LinkedIn_Ad_Click', 'Customer']",1
L023631,Ahmed Anders,Qualcomm,Semiconductor,Europe,PathWave Software,Webinar,"['Lab_Integration_Discussion', 'No_Conversion']",0
L023632,Chen Johnson,,,LATAM,Automotive Ethernet,Webinar,"['Keysight_University_Course', 'Loaner_Unit_Evaluation', 'AutoSens_Tech_Talk', 'MQL', 'Technical_Demo', 'Lab_Integration_Discussion', 'SQL', 'Whitepaper_Download_5G_Test', 'Customer']",1
L023633,Chen Lee,,,APAC,Automotive Ethernet,Event,"['IMS_Badge_Scan', 'No_Conversion']",0
L023634,Kenji Lee,Sony,Electronics,APAC,PathWave Software,Event,"['AutoSens_Tech_Talk', 'Oscilloscope_Selector_Tool', 'Keysight_University_Course', 'DesignCon_Booth_Visit', 'Keysight_University_Course', 'Customer']",1
L023635,Laura Tanaka,,Electronics,LATAM,PathWave Software,Webinar,"['AutoSens_Tech_Talk', 'Whitepaper_Download_5G_Test', 'No_Conversion']",0
L023636,Ahmed Martinez,Tesla_Tech,Telecom,Europe,5G Testbeds,,"['Website_Product_Page', 'DesignCon_Booth_Visit', 'PathWave_Trial_Request', 'Website_Product_Page', 'Whitepaper_Download_5G_Test', 'Keysight_Workshop_RF_Testing', 'Customer']",1
L023637,Laura Patel,Sony GmbH,,North America,,Website,"['Whitepaper_Download_5G_Test', 'Website_Product_Page', 'AutoSens_Tech_Talk', 'SQL', 'DesignCon_Booth_Visit', 'Customer']",1
L023638,Laura Lee,Bosch_Tech,Semiconductor,APAC,PathWave Software,,"['SQL', 'Application_Engineer_Call', 'Keysight_Workshop_RF_Testing', 'Customer']",1
L023639,Daniel Chen,Rayth_Tech,Automotive,,Oscilloscopes,Email Campaign,"['Lab_Integration_Discussion', 'DesignCon_Booth_Visit', 'MQL', 'Technical_Demo', 'MQL', 'Customer']",1
L023640,Ravi Ito,NXPSe_Tech,Electronics,APAC,Oscilloscopes,Email Campaign,"['Keysight_Workshop_RF_Testing', 'Lab_Integration_Discussion', 'Loaner_Unit_Evaluation', 'LinkedIn_Ad_Click', 'AutoSens_Tech_Talk', 'Customer']",1
L023641,Priya Chen,NXP Semiconductors GmbH,,,,,"['DesignCon_Booth_Visit', 'No_Conversion']",0
L023642,Michael Patel,Infineon,,APAC,,Email Campaign,"['DesignCon_Booth_Visit', 'SQL', 'Website_Product_Page', 'Opportunity', 'Technical_Demo', 'No_Conversion']",0
L023643,Daniel Ito,Qualcomm GmbH,,APAC,,LinkedIn,"['Technical_Demo', 'AutoSens_Tech_Talk', 'PathWave_Trial_Request', 'Oscilloscope_Selector_Tool', 'DesignCon_Booth_Visit', 'Customer']",1
L023644,Maria Tanaka,Infineon,Telecom,APAC,Automotive Ethernet,,"['Oscilloscope_Selector_Tool', 'MQL', 'Opportunity', 'Lab_Integration_Discussion', 'Loaner_Unit_Evaluation', 'No_Conversion']",0
L023645,Maria Garcia,,Aerospace,APAC,Oscilloscopes,Webinar,"['Loaner_Unit_Evaluation', 'PathWave_Trial_Request', 'Customer']",1
L023646,Kenji Patel,,Automotive,Europe,PathWave Software,Webinar,['Customer'],1
L023647,Priya Williams,Rayth_Tech,Semiconductor,,,LinkedIn,"['LinkedIn_Ad_Click', 'Whitepaper_Download_5G_Test', 'LinkedIn_Ad_Click', 'Lab_Integration_Discussion', 'Customer']",1
L023648,Sarah Singh,Bosch,,Europe,,Sales Outreach,"['Whitepaper_Download_5G_Test', 'AutoSens_Tech_Talk', 'Lab_Integration_Discussion', 'SQL', 'SQL', 'Website_Product_Page', 'Customer']",1
L023649,,Bosch,Electronics,,PathWave Software,LinkedIn,"['Technical_Demo', 'IMS_Badge_Scan', 'Loaner_Unit_Evaluation', 'PathWave_Trial_Request', 'Lab_Integration_Discussion', 'Technical_Demo', 'AutoSens_Tech_Talk', 'Lab_Integration_Discussion', 'Application_Engineer_Call', 'No_Conversion']",0
L023650,Laura Khan,Bosch,Electronics,,,,"['Lab_Integration_Discussion', 'AutoSens_Tech_Talk', 'Technical_Demo', 'Customer']",1
L023651,Michael Singh,,Telecom,APAC,,,['No_Conversion'],0
L023652,Daniel Ito,Sony,Telecom,LATAM,5G Testbeds,Website,"['Loaner_Unit_Evaluation', 'Customer']",1
L023653,Priya Lee,Raytheon,Aerospace,LATAM,Automotive Ethernet,Website,"['Loaner_Unit_Evaluation', 'No_Conversion']",0
L023654,,MetaC_Tech,Electronics,LATAM,,Sales Outreach,"['AutoSens_Tech_Talk', 'MQL', 'AutoSens_Tech_Talk', 'PathWave_Trial_Request', 'Website_Product_Page', 'PathWave_Trial_Request', 'Oscilloscope_Selector_Tool', 'Loaner_Unit_Evaluation', 'Technical_Demo', 'LinkedIn_Ad_Click', 'No_Conversion']",0
L023655,Maria Williams,Meta Connectivity Labs GmbH,Aerospace,LATAM,Automotive Ethernet,Event,['No_Conversion'],0
L023656,Priya Anders,Samsung Electronics,,APAC,Automotive Ethernet,Email Campaign,"['Oscilloscope_Selector_Tool', 'DesignCon_Booth_Visit', 'AutoSens_Tech_Talk', 'Customer']",1
L023657,Michael Anders,,Automotive,Europe,Automotive Ethernet,Website,"['PathWave_Trial_Request', 'MQL', 'Keysight_Workshop_RF_Testing', 'AutoSens_Tech_Talk', 'MQL', 'Opportunity', 'Keysight_University_Course', 'DesignCon_Booth_Visit', 'Keysight_Workshop_RF_Testing', 'Technical_Demo', 'No_Conversion']",0
L023658,Kenji Johnson,Qualcomm GmbH,,APAC,,Event,['No_Conversion'],0
L023659,Maria Garcia,NXP Semiconductors GmbH,,Europe,PathWave Software,,"['Whitepaper_Download_5G_Test', 'DesignCon_Booth_Visit', 'Keysight_Workshop_RF_Testing', 'Lab_Integration_Discussion', 'Keysight_University_Course', 'MQL', 'Customer']",1
L023660,Sarah Patel,Qualcomm GmbH,,,,Sales Outreach,"['IMS_Badge_Scan', 'PathWave_Trial_Request', 'Opportunity', 'Keysight_Workshop_RF_Testing', 'Keysight_University_Course', 'Customer']",1
L023661,,NXPSe_Tech,,,PathWave Software,Email Campaign,"['IMS_Badge_Scan', 'SQL', 'AutoSens_Tech_Talk', 'AutoSens_Tech_Talk', 'Keysight_University_Course', 'No_Conversion']",0
L023662,Sarah Williams,,Automotive,LATAM,Automotive Ethernet,LinkedIn,['No_Conversion'],0
L023663,Ahmed Singh,Sony,Telecom,APAC,,Sales Outreach,"['Oscilloscope_Selector_Tool', 'SQL', 'DesignCon_Booth_Visit', 'Opportunity', 'Customer']",1
L023664,Hiroshi Ito,,Semiconductor,North America,PathWave Software,Sales Outreach,"['Keysight_Workshop_RF_Testing', 'Keysight_Workshop_RF_Testing', 'MQL', 'AutoSens_Tech_Talk', 'Customer']",1
L023665,Hiroshi Lee,Samsung Electronics GmbH,,,PathWave Software,,"['MQL', 'Whitepaper_Download_5G_Test', 'Keysight_Workshop_RF_Testing', 'Loaner_Unit_Evaluation', 'Opportunity', 'Lab_Integration_Discussion', 'Customer']",1
L023666,Ahmed Johnson,NXP Semiconductors,,North America,Automotive Ethernet,Event,"['SQL', 'Keysight_University_Course', 'No_Conversion']",0
L023667,,Samsu_Tech,Aerospace,,,LinkedIn,"['Lab_Integration_Discussion', 'DesignCon_Booth_Visit', 'Lab_Integration_Discussion', 'Loaner_Unit_Evaluation', 'Application_Engineer_Call', 'Website_Product_Page', 'Keysight_Workshop_RF_Testing', 'AutoSens_Tech_Talk', 'PathWave_Trial_Request', 'Application_Engineer_Call', 'Customer']",1
L023668,Ravi Tanaka,Broadcom,Electronics,Europe,,Website,"['MQL', 'No_Conversion']",0
L023669,Daniel Khan,Samsung Electronics GmbH,Telecom,LATAM,Oscilloscopes,,"['Oscilloscope_Selector_Tool', 'Keysight_Workshop_RF_Testing', 'Application_Engineer_Call', 'Customer']",1
L023670,Kenji Garcia,MetaC_Tech,,APAC,PathWave Software,Webinar,"['AutoSens_Tech_Talk', 'LinkedIn_Ad_Click', 'Lab_Integration_Discussion', 'Customer']",1
L023671,Michael Ito,,Electronics,LATAM,Automotive Ethernet,Website,"['Keysight_Workshop_RF_Testing', 'IMS_Badge_Scan', 'Application_Engineer_Call', 'Lab_Integration_Discussion', 'Website_Product_Page', 'Customer']",1
L023672,Sofia Johnson,Infineon,Telecom,North America,Oscilloscopes,Email Campaign,['No_Conversion'],0
L023673,Daniel Anders,,Electronics,North America,PathWave Software,Email Campaign,"['Application_Engineer_Call', 'Website_Product_Page', 'Keysight_Workshop_RF_Testing', 'No_Conversion']",0
L023674,Hiroshi Anders,Infin_Tech,Telecom,North America,,Website,"['Opportunity', 'LinkedIn_Ad_Click', 'IMS_Badge_Scan', 'Keysight_Workshop_RF_Testing', 'Keysight_Workshop_RF_Testing', 'DesignCon_Booth_Visit', 'No_Conversion']",0
L023675,Maria Patel,Sony,Semiconductor,,Oscilloscopes,LinkedIn,['No_Conversion'],0
L023676,Ahmed Tanaka,Qualcomm GmbH,,North America,Automotive Ethernet,,"['SQL', 'MQL', 'Keysight_University_Course', 'No_Conversion']",0
L023677,,Raytheon,Semiconductor,,5G Testbeds,Event,['Customer'],1
L023678,Ahmed Lee,Sony,Electronics,Europe,,Email Campaign,"['Keysight_Workshop_RF_Testing', 'LinkedIn_Ad_Click', 'Keysight_University_Course', 'Oscilloscope_Selector_Tool', 'Website_Product_Page', 'Customer']",1
L023679,Daniel Garcia,Meta Connectivity Labs GmbH,Telecom,,Oscilloscopes,Website,"['Keysight_University_Course', 'Keysight_Workshop_RF_Testing', 'LinkedIn_Ad_Click', 'Keysight_University_Course', 'DesignCon_Booth_Visit', 'Lab_Integration_Discussion', 'DesignCon_Booth_Visit', 'IMS_Badge_Scan', 'MQL', 'No_Conversion']",0
L023680,Maria Ito,Sony GmbH,Semiconductor,APAC,Oscilloscopes,Website,"['DesignCon_Booth_Visit', 'Whitepaper_Download_5G_Test', 'Application_Engineer_Call', 'Keysight_Workshop_RF_Testing', 'Keysight_Workshop_RF_Testing', 'PathWave_Trial_Request', 'No_Conversion']",0
L023681,Sofia Garcia,Meta Connectivity Labs GmbH,Electronics,APAC,Automotive Ethernet,Website,"['Technical_Demo', 'Lab_Integration_Discussion', 'Oscilloscope_Selector_Tool', 'Customer']",1
L023682,Sarah Khan,Meta Connectivity Labs GmbH,Electronics,North America,Automotive Ethernet,Event,"['Lab_Integration_Discussion', 'Application_Engineer_Call', 'Loaner_Unit_Evaluation', 'No_Conversion']",0
L023683,Kenji Johnson,Bosch,Electronics,,,Sales Outreach,"['Application_Engineer_Call', 'LinkedIn_Ad_Click', 'SQL', 'Technical_Demo', 'No_Conversion']",0
L023684,Laura Anders,,Electronics,APAC,,Sales Outreach,"['Technical_Demo', 'No_Conversion']",0
L023685,Hiroshi Singh,Broad_Tech,,North America,,Sales Outreach,"['SQL', 'Opportunity', 'Customer']",1
L023686,,Qualcomm GmbH,,North America,5G Testbeds,Webinar,"['Application_Engineer_Call', 'Opportunity', 'Technical_Demo', 'Loaner_Unit_Evaluation', 'Keysight_Workshop_RF_Testing', 'Oscilloscope_Selector_Tool', 'Application_Engineer_Call', 'Customer']",1
L023687,Sofia Williams,Samsu_Tech,,Europe,Oscilloscopes,,['Customer'],1
L023688,Laura Singh,Sony_Tech,Telecom,Europe,Oscilloscopes,LinkedIn,"['MQL', 'LinkedIn_Ad_Click', 'Lab_Integration_Discussion', 'Website_Product_Page', 'Website_Product_Page', 'Loaner_Unit_Evaluation', 'Loaner_Unit_Evaluation', 'Oscilloscope_Selector_Tool', 'No_Conversion']",0
L023689,Hiroshi Singh,Sony GmbH,Semiconductor,LATAM,PathWave Software,,"['DesignCon_Booth_Visit', 'No_Conversion']",0
L023690,Maria Chen,Tesla Energy,Semiconductor,LATAM,Oscilloscopes,Sales Outreach,"['Whitepaper_Download_5G_Test', 'SQL', 'PathWave_Trial_Request', 'Whitepaper_Download_5G_Test', 'Keysight_Workshop_RF_Testing', 'No_Conversion']",0
L023691,Hiroshi Johnson,Qualc_Tech,,,PathWave Software,Webinar,"['Lab_Integration_Discussion', 'No_Conversion']",0
L023692,Chen Tanaka,,Telecom,APAC,,Sales Outreach,"['Keysight_University_Course', 'No_Conversion']",0
L023693,Sarah Anders,Qualc_Tech,,,PathWave Software,Website,"['Loaner_Unit_Evaluation', 'Loaner_Unit_Evaluation', 'AutoSens_Tech_Talk', 'No_Conversion']",0
L023694,Maria Patel,,,Europe,,Event,['Customer'],1
L023695,,Tesla Energy,,North America,Automotive Ethernet,Sales Outreach,['Customer'],1
L023696,Maria Garcia,,Electronics,APAC,,Sales Outreach,"['Website_Product_Page', 'IMS_Badge_Scan', 'Opportunity', 'LinkedIn_Ad_Click', 'No_Conversion']",0
L023697,Michael Ito,Rayth_Tech,,Europe,,Sales Outreach,"['Opportunity', 'AutoSens_Tech_Talk', 'AutoSens_Tech_Talk', 'Application_Engineer_Call', 'Keysight_Workshop_RF_Testing', 'Customer']",1
L023698,Priya Khan,Tesla Energy GmbH,Semiconductor,North America,,LinkedIn,"['SQL', 'MQL', 'Opportunity', 'Lab_Integration_Discussion', 'No_Conversion']",0
L023699,Ravi Tanaka,Broad_Tech,Electronics,APAC,Automotive Ethernet,,"['Application_Engineer_Call', 'DesignCon_Booth_Visit', 'Oscilloscope_Selector_Tool', 'LinkedIn_Ad_Click', 'No_Conversion']",0
L023700,Daniel Singh,Tesla Energy,Electronics,,5G Testbeds,Sales Outreach,"['AutoSens_Tech_Talk', 'PathWave_Trial_Request', 'Oscilloscope_Selector_Tool', 'MQL', 'Loaner_Unit_Evaluation', 'Customer']",1
L023701,Kenji Johnson,Raytheon GmbH,Semiconductor,LATAM,5G Testbeds,,"['DesignCon_Booth_Visit', 'No_Conversion']",0
L023702,Daniel Martinez,,Aerospace,Europe,Automotive Ethernet,,"['LinkedIn_Ad_Click', 'Keysight_University_Course', 'Whitepaper_Download_5G_Test', 'Whitepaper_Download_5G_Test', 'Loaner_Unit_Evaluation', 'AutoSens_Tech_Talk', 'IMS_Badge_Scan', 'PathWave_Trial_Request', 'Customer']",1
L023703,Chen Khan,Bosch GmbH,Semiconductor,APAC,PathWave Software,Website,"['Keysight_Workshop_RF_Testing', 'Website_Product_Page', 'No_Conversion']",0
L023704,Priya Tanaka,,Aerospace,Europe,,Website,"['AutoSens_Tech_Talk', 'Customer']",1
L023705,,Sony,Semiconductor,Europe,Automotive Ethernet,LinkedIn,"['Lab_Integration_Discussion', 'Opportunity', 'Lab_Integration_Discussion', 'Loaner_Unit_Evaluation', 'Whitepaper_Download_5G_Test', 'Opportunity', 'IMS_Badge_Scan', 'Whitepaper_Download_5G_Test', 'MQL', 'No_Conversion']",0
L023706,Sarah Johnson,Broadcom,,APAC,Oscilloscopes,Email Campaign,"['DesignCon_Booth_Visit', 'Whitepaper_Download_5G_Test', 'DesignCon_Booth_Visit', 'Whitepaper_Download_5G_Test', 'SQL', 'Customer']",1
L023707,Chen Williams,Samsung Electronics,,Europe,PathWave Software,Website,"['Oscilloscope_Selector_Tool', 'Keysight_University_Course', 'Application_Engineer_Call', 'Loaner_Unit_Evaluation', 'Keysight_University_Course', 'IMS_Badge_Scan', 'LinkedIn_Ad_Click', 'AutoSens_Tech_Talk', 'Customer']",1
L023708,Laura Chen,,Telecom,North America,Oscilloscopes,Website,"['SQL', 'PathWave_Trial_Request', 'IMS_Badge_Scan', 'No_Conversion']",0
L023709,Kenji Khan,,Telecom,LATAM,,Sales Outreach,"['MQL', 'LinkedIn_Ad_Click', 'MQL', 'No_Conversion']",0
L023710,Kenji Lee,Samsung Electronics GmbH,Semiconductor,,Automotive Ethernet,Webinar,"['Technical_Demo', 'SQL', 'Customer']",1
L023711,Chen Williams,Samsung Electronics GmbH,Semiconductor,APAC,Oscilloscopes,Sales Outreach,"['AutoSens_Tech_Talk', 'LinkedIn_Ad_Click', 'Application_Engineer_Call', 'Technical_Demo', 'No_Conversion']",0
L023712,Daniel Chen,Qualcomm GmbH,Telecom,LATAM,,LinkedIn,"['Whitepaper_Download_5G_Test', 'No_Conversion']",0
L023713,Hiroshi Singh,Broadcom,,APAC,PathWave Software,Webinar,"['Oscilloscope_Selector_Tool', 'SQL', 'Keysight_Workshop_RF_Testing', 'LinkedIn_Ad_Click', 'Oscilloscope_Selector_Tool', 'Loaner_Unit_Evaluation', 'Keysight_Workshop_RF_Testing', 'Lab_Integration_Discussion', 'Keysight_Workshop_RF_Testing', 'Whitepaper_Download_5G_Test', 'Customer']",1
L023714,Hiroshi Singh,Bosch,Aerospace,,,Webinar,"['MQL', 'AutoSens_Tech_Talk', 'Lab_Integration_Discussion', 'Customer']",1
L023715,Laura Patel,Bosch,,LATAM,Oscilloscopes,LinkedIn,"['DesignCon_Booth_Visit', 'IMS_Badge_Scan', 'Application_Engineer_Call', 'IMS_Badge_Scan', 'PathWave_Trial_Request', 'No_Conversion']",0
L023716,Sarah Anders,Raytheon,Electronics,LATAM,Oscilloscopes,LinkedIn,"['Application_Engineer_Call', 'No_Conversion']",0
L023717,Ahmed Johnson,MetaC_Tech,Telecom,APAC,,LinkedIn,"['Keysight_University_Course', 'Keysight_Workshop_RF_Testing', 'Lab_Integration_Discussion', 'Keysight_University_Course', 'No_Conversion']",0
L023718,Kenji Johnson,NXPSe_Tech,,APAC,,Sales Outreach,"['MQL', 'No_Conversion']",0
L023719,Priya Martinez,Sony_Tech,,Europe,5G Testbeds,Event,['No_Conversion'],0
L023720,Sofia Tanaka,Qualcomm,Telecom,North America,,LinkedIn,"['MQL', 'DesignCon_Booth_Visit', 'Customer']",1
L023721,Priya Martinez,Bosch_Tech,Semiconductor,North America,Automotive Ethernet,Email Campaign,"['MQL', 'AutoSens_Tech_Talk', 'Whitepaper_Download_5G_Test', 'Lab_Integration_Discussion', 'Whitepaper_Download_5G_Test', 'Application_Engineer_Call', 'IMS_Badge_Scan', 'LinkedIn_Ad_Click', 'AutoSens_Tech_Talk', 'Customer']",1
L023722,Kenji Khan,Sony,Aerospace,North America,5G Testbeds,Email Campaign,"['Application_Engineer_Call', 'PathWave_Trial_Request', 'Loaner_Unit_Evaluation', 'LinkedIn_Ad_Click', 'Website_Product_Page', 'PathWave_Trial_Request', 'MQL', 'No_Conversion']",0
L023723,Sarah Williams,Qualcomm,Aerospace,LATAM,5G Testbeds,Webinar,"['Keysight_University_Course', 'Technical_Demo', 'Opportunity', 'Technical_Demo', 'DesignCon_Booth_Visit', 'SQL', 'Website_Product_Page', 'Customer']",1
L023724,Ravi Martinez,,Aerospace,North America,,Sales Outreach,"['LinkedIn_Ad_Click', 'Customer']",1
L023725,Michael Williams,Infin_Tech,Semiconductor,LATAM,,,"['Whitepaper_Download_5G_Test', 'No_Conversion']",0
L023726,Maria Anders,,,,,Webinar,"['IMS_Badge_Scan', 'Keysight_University_Course', 'PathWave_Trial_Request', 'Website_Product_Page', 'Customer']",1
L023727,,Bosch_Tech,,APAC,,Event,"['MQL', 'Oscilloscope_Selector_Tool', 'IMS_Badge_Scan', 'Customer']",1
L023728,Chen Garcia,MetaC_Tech,Electronics,North America,,Email Campaign,"['SQL', 'Lab_Integration_Discussion', 'Whitepaper_Download_5G_Test', 'Opportunity', 'PathWave_Trial_Request', 'Opportunity', 'Website_Product_Page', 'Customer']",1
L023729,Ahmed Lee,Bosch,Electronics,Europe,,LinkedIn,"['PathWave_Trial_Request', 'Whitepaper_Download_5G_Test', 'AutoSens_Tech_Talk', 'MQL', 'MQL', 'Opportunity', 'Website_Product_Page', 'Keysight_Workshop_RF_Testing', 'MQL', 'Keysight_University_Course', 'Customer']",1
L023730,Daniel Garcia,Sony_Tech,,LATAM,PathWave Software,Website,['Customer'],1
L023731,Chen Chen,Meta Connectivity Labs,Automotive,North America,Oscilloscopes,Email Campaign,['No_Conversion'],0
L023732,,Broad_Tech,,LATAM,Automotive Ethernet,LinkedIn,"['Keysight_University_Course', 'No_Conversion']",0
L023733,Ravi Singh,Tesla Energy GmbH,Semiconductor,APAC,Oscilloscopes,Sales Outreach,"['Whitepaper_Download_5G_Test', 'Whitepaper_Download_5G_Test', 'PathWave_Trial_Request', 'Loaner_Unit_Evaluation', 'No_Conversion']",0
L023734,Chen Lee,NXPSe_Tech,Aerospace,North America,5G Testbeds,Webinar,"['DesignCon_Booth_Visit', 'LinkedIn_Ad_Click', 'Keysight_Workshop_RF_Testing', 'DesignCon_Booth_Visit', 'Loaner_Unit_Evaluation', 'Oscilloscope_Selector_Tool', 'AutoSens_Tech_Talk', 'IMS_Badge_Scan', 'No_Conversion']",0
L023735,Sofia Anders,,Semiconductor,North America,,,"['Website_Product_Page', 'Keysight_Workshop_RF_Testing', 'Keysight_Workshop_RF_Testing', 'MQL', 'No_Conversion']",0
L023736,Priya Williams,Sony_Tech,,,,,"['Technical_Demo', 'Customer']",1
L023737,Laura Ito,Meta Connectivity Labs,Semiconductor,North America,Oscilloscopes,Event,"['LinkedIn_Ad_Click', 'Keysight_University_Course', 'DesignCon_Booth_Visit', 'No_Conversion']",0
L023738,Ravi Johnson,,Aerospace,Europe,Oscilloscopes,LinkedIn,"['Oscilloscope_Selector_Tool', 'Website_Product_Page', 'Customer']",1
L023739,Priya Ito,,Telecom,LATAM,,Sales Outreach,"['SQL', 'MQL', 'Opportunity', 'Lab_Integration_Discussion', 'MQL', 'LinkedIn_Ad_Click', 'PathWave_Trial_Request', 'Opportunity', 'DesignCon_Booth_Visit', 'Loaner_Unit_Evaluation', 'Customer']",1
L023740,Daniel Singh,Qualcomm,Electronics,LATAM,5G Testbeds,Email Campaign,"['MQL', 'Application_Engineer_Call', 'AutoSens_Tech_Talk', 'Lab_Integration_Discussion', 'Opportunity', 'Lab_Integration_Discussion', 'IMS_Badge_Scan', 'Whitepaper_Download_5G_Test', 'Loaner_Unit_Evaluation', 'Customer']",1
L023741,Sofia Anders,Meta Connectivity Labs GmbH,Semiconductor,,,Email Campaign,"['Technical_Demo', 'Technical_Demo', 'Loaner_Unit_Evaluation', 'Customer']",1
L023742,Priya Tanaka,Qualc_Tech,Electronics,LATAM,PathWave Software,Event,"['AutoSens_Tech_Talk', 'Lab_Integration_Discussion', 'Customer']",1
L023743,Chen Khan,Bosch GmbH,Aerospace,LATAM,5G Testbeds,Webinar,"['Lab_Integration_Discussion', 'Customer']",1
L023744,,Broadcom,Semiconductor,APAC,,Sales Outreach,"['Website_Product_Page', 'IMS_Badge_Scan', 'Keysight_Workshop_RF_Testing', 'Customer']",1
L023745,Sofia Ito,Meta Connectivity Labs,Aerospace,Europe,,Email Campaign,"['Loaner_Unit_Evaluation', 'Whitepaper_Download_5G_Test', 'No_Conversion']",0
L023746,Ravi Ito,,,North America,Oscilloscopes,Event,['Customer'],1
L023747,Ahmed Singh,NXPSe_Tech,Telecom,APAC,,Email Campaign,"['Loaner_Unit_Evaluation', 'Loaner_Unit_Evaluation', 'Technical_Demo', 'IMS_Badge_Scan', 'PathWave_Trial_Request', 'No_Conversion']",0
L023748,Maria Garcia,Infin_Tech,Electronics,,PathWave Software,Sales Outreach,"['Loaner_Unit_Evaluation', 'Technical_Demo', 'LinkedIn_Ad_Click', 'No_Conversion']",0
L023749,Ravi Anders,Raytheon,,,Automotive Ethernet,Email Campaign,"['Opportunity', 'Oscilloscope_Selector_Tool', 'LinkedIn_Ad_Click', 'DesignCon_Booth_Visit', 'PathWave_Trial_Request', 'Keysight_University_Course', 'PathWave_Trial_Request', 'MQL', 'Opportunity', 'Opportunity', 'Customer']",1
L023750,Sarah Williams,Rayth_Tech,,APAC,PathWave Software,,"['Whitepaper_Download_5G_Test', 'Opportunity', 'No_Conversion']",0
L023751,Sofia Ito,,Automotive,,Automotive Ethernet,,['Customer'],1
L023752,Maria Johnson,Tesla Energy,Telecom,North America,,Website,"['IMS_Badge_Scan', 'SQL', 'Whitepaper_Download_5G_Test', 'Opportunity', 'Loaner_Unit_Evaluation', 'Lab_Integration_Discussion', 'Oscilloscope_Selector_Tool', 'Customer']",1
L023753,Hiroshi Khan,Sony_Tech,,APAC,,Webinar,"['Whitepaper_Download_5G_Test', 'No_Conversion']",0
L023754,Laura Tanaka,Samsu_Tech,Electronics,,,Email Campaign,"['Keysight_University_Course', 'Website_Product_Page', 'MQL', 'No_Conversion']",0
L023755,Chen Tanaka,Raytheon GmbH,,Europe,,Webinar,"['IMS_Badge_Scan', 'DesignCon_Booth_Visit', 'Customer']",1
L023756,Michael Martinez,Meta Connectivity Labs,Telecom,APAC,,Webinar,"['DesignCon_Booth_Visit', 'Oscilloscope_Selector_Tool', 'Loaner_Unit_Evaluation', 'MQL', 'Website_Product_Page', 'DesignCon_Booth_Visit', 'Keysight_Workshop_RF_Testing', 'No_Conversion']",0
L023757,Laura Anders,Samsung Electronics,Automotive,,,,"['IMS_Badge_Scan', 'IMS_Badge_Scan', 'Application_Engineer_Call', 'Customer']",1
L023758,Chen Tanaka,,Aerospace,LATAM,5G Testbeds,Webinar,"['PathWave_Trial_Request', 'DesignCon_Booth_Visit', 'Keysight_Workshop_RF_Testing', 'Keysight_University_Course', 'Customer']",1
L023759,Laura Khan,Bosch GmbH,Telecom,Europe,,Website,"['Keysight_Workshop_RF_Testing', 'DesignCon_Booth_Visit', 'DesignCon_Booth_Visit', 'Keysight_University_Course', 'Lab_Integration_Discussion', 'Customer']",1
L023760,,Infin_Tech,Electronics,Europe,,Website,"['IMS_Badge_Scan', 'IMS_Badge_Scan', 'Keysight_University_Course', 'Keysight_Workshop_RF_Testing', 'AutoSens_Tech_Talk', 'PathWave_Trial_Request', 'No_Conversion']",0
L023761,Hiroshi Tanaka,Sony GmbH,,APAC,,LinkedIn,"['DesignCon_Booth_Visit', 'Website_Product_Page', 'AutoSens_Tech_Talk', 'Customer']",1
L023762,,Rayth_Tech,,APAC,Oscilloscopes,Sales Outreach,"['Whitepaper_Download_5G_Test', 'Loaner_Unit_Evaluation', 'Loaner_Unit_Evaluation', 'AutoSens_Tech_Talk', 'No_Conversion']",0
L023763,Daniel Lee,,Telecom,North America,,Email Campaign,"['DesignCon_Booth_Visit', 'LinkedIn_Ad_Click', 'Lab_Integration_Discussion', 'Customer']",1
L023764,Sarah Khan,,Aerospace,Europe,PathWave Software,Sales Outreach,"['AutoSens_Tech_Talk', 'Website_Product_Page', 'Keysight_Workshop_RF_Testing', 'Website_Product_Page', 'IMS_Badge_Scan', 'Keysight_Workshop_RF_Testing', 'PathWave_Trial_Request', 'AutoSens_Tech_Talk', 'DesignCon_Booth_Visit', 'Oscilloscope_Selector_Tool', 'Customer']",1
L023765,Maria Patel,,,North America,,Sales Outreach,"['DesignCon_Booth_Visit', 'Application_Engineer_Call', 'Loaner_Unit_Evaluation', 'Lab_Integration_Discussion', 'MQL', 'IMS_Badge_Scan', 'Keysight_Workshop_RF_Testing', 'Whitepaper_Download_5G_Test', 'No_Conversion']",0
L023766,Priya Ito,Samsung Electronics,Semiconductor,LATAM,5G Testbeds,Sales Outreach,"['Whitepaper_Download_5G_Test', 'PathWave_Trial_Request', 'Website_Product_Page', 'PathWave_Trial_Request', 'DesignCon_Booth_Visit', 'LinkedIn_Ad_Click', 'Whitepaper_Download_5G_Test', 'Application_Engineer_Call', 'Customer']",1
L023767,,Bosch_Tech,Electronics,,,,"['Oscilloscope_Selector_Tool', 'Oscilloscope_Selector_Tool', 'No_Conversion']",0
L023768,Kenji Martinez,NXPSe_Tech,,APAC,Automotive Ethernet,Event,"['LinkedIn_Ad_Click', 'Customer']",1
L023769,Ahmed Ito,Raytheon GmbH,Semiconductor,LATAM,Oscilloscopes,,"['PathWave_Trial_Request', 'Website_Product_Page', 'LinkedIn_Ad_Click', 'LinkedIn_Ad_Click', 'No_Conversion']",0
L023770,Maria Garcia,,Automotive,LATAM,PathWave Software,Webinar,"['MQL', 'Lab_Integration_Discussion', 'DesignCon_Booth_Visit', 'No_Conversion']",0
L023771,Ahmed Patel,,,LATAM,Oscilloscopes,Website,['Customer'],1
L023772,Michael Ito,,,North America,,Event,"['Opportunity', 'Website_Product_Page', 'Opportunity', 'No_Conversion']",0
L023773,,Infin_Tech,Automotive,Europe,PathWave Software,Event,"['Technical_Demo', 'Technical_Demo', 'IMS_Badge_Scan', 'Customer']",1
L023774,Hiroshi Anders,Broadcom,Electronics,,,LinkedIn,"['Keysight_Workshop_RF_Testing', 'Lab_Integration_Discussion', 'Keysight_Workshop_RF_Testing', 'Website_Product_Page', 'Keysight_Workshop_RF_Testing', 'Technical_Demo', 'Website_Product_Page', 'No_Conversion']",0
L023775,Priya Lee,,Semiconductor,LATAM,,Email Campaign,"['Opportunity', 'MQL', 'AutoSens_Tech_Talk', 'LinkedIn_Ad_Click', 'SQL', 'Keysight_University_Course', 'Application_Engineer_Call', 'Customer']",1
L023776,Daniel Lee,Broad_Tech,Semiconductor,North America,PathWave Software,Sales Outreach,"['Technical_Demo', 'DesignCon_Booth_Visit', 'Oscilloscope_Selector_Tool', 'DesignCon_Booth_Visit', 'No_Conversion']",0
L023777,Daniel Garcia,NXP Semiconductors GmbH,,North America,,LinkedIn,"['Loaner_Unit_Evaluation', 'LinkedIn_Ad_Click', 'Application_Engineer_Call', 'LinkedIn_Ad_Click', 'Keysight_University_Course', 'Technical_Demo', 'Customer']",1
L023778,Sarah Chen,,Aerospace,North America,Automotive Ethernet,Event,"['Keysight_Workshop_RF_Testing', 'Loaner_Unit_Evaluation', 'LinkedIn_Ad_Click', 'LinkedIn_Ad_Click', 'MQL', 'Customer']",1
L023779,Priya Williams,,Aerospace,APAC,PathWave Software,Website,"['LinkedIn_Ad_Click', 'AutoSens_Tech_Talk', 'Keysight_University_Course', 'Website_Product_Page', 'Lab_Integration_Discussion', 'Keysight_Workshop_RF_Testing', 'Customer']",1
L023780,Sofia Martinez,Raytheon GmbH,Telecom,,5G Testbeds,Website,"['Oscilloscope_Selector_Tool', 'AutoSens_Tech_Talk', 'AutoSens_Tech_Talk', 'Application_Engineer_Call', 'IMS_Badge_Scan', 'Whitepaper_Download_5G_Test', 'Customer']",1
L023781,Michael Martinez,,Aerospace,,,Sales Outreach,['No_Conversion'],0
L023782,Chen Lee,Qualc_Tech,Automotive,North America,,LinkedIn,"['Keysight_University_Course', 'Loaner_Unit_Evaluation', 'LinkedIn_Ad_Click', 'MQL', 'Customer']",1
L023783,Sarah Martinez,NXP Semiconductors GmbH,Automotive,,,Event,['Customer'],1
L023784,Priya Anders,Tesla_Tech,Telecom,Europe,5G Testbeds,,"['Opportunity', 'Whitepaper_Download_5G_Test', 'AutoSens_Tech_Talk', 'DesignCon_Booth_Visit', 'Lab_Integration_Discussion', 'DesignCon_Booth_Visit', 'DesignCon_Booth_Visit', 'IMS_Badge_Scan', 'Customer']",1
L023785,Laura Lee,NXP Semiconductors,Aerospace,LATAM,PathWave Software,,"['PathWave_Trial_Request', 'SQL', 'Lab_Integration_Discussion', 'Website_Product_Page', 'Loaner_Unit_Evaluation', 'PathWave_Trial_Request', 'DesignCon_Booth_Visit', 'Opportunity', 'No_Conversion']",0
L023786,Sarah Khan,Meta Connectivity Labs,Aerospace,,5G Testbeds,Webinar,"['DesignCon_Booth_Visit', 'Keysight_Workshop_RF_Testing', 'LinkedIn_Ad_Click', 'Opportunity', 'Oscilloscope_Selector_Tool', 'No_Conversion']",0
L023787,Chen Ito,Sony,Aerospace,,PathWave Software,,"['Website_Product_Page', 'Oscilloscope_Selector_Tool', 'Technical_Demo', 'Technical_Demo', 'Whitepaper_Download_5G_Test', 'DesignCon_Booth_Visit', 'LinkedIn_Ad_Click', 'MQL', 'IMS_Badge_Scan', 'No_Conversion']",0
L023788,Chen Garcia,,,APAC,,Webinar,"['DesignCon_Booth_Visit', 'LinkedIn_Ad_Click', 'No_Conversion']",0
L023789,Maria Patel,,Aerospace,APAC,PathWave Software,Website,"['MQL', 'DesignCon_Booth_Visit', 'Oscilloscope_Selector_Tool', 'Whitepaper_Download_5G_Test', 'Keysight_University_Course', 'No_Conversion']",0
L023790,,Raytheon GmbH,,Europe,Automotive Ethernet,Email Campaign,"['Lab_Integration_Discussion', 'Application_Engineer_Call', 'Whitepaper_Download_5G_Test', 'MQL', 'LinkedIn_Ad_Click', 'Whitepaper_Download_5G_Test', 'Customer']",1
L023791,Chen Khan,Tesla Energy GmbH,Electronics,APAC,,Sales Outreach,"['IMS_Badge_Scan', 'Application_Engineer_Call', 'Keysight_University_Course', 'No_Conversion']",0
L023792,Maria Lee,Qualcomm GmbH,Electronics,LATAM,Oscilloscopes,Email Campaign,"['IMS_Badge_Scan', 'MQL', 'Whitepaper_Download_5G_Test', 'Website_Product_Page', 'Customer']",1
L023793,,Tesla_Tech,,Europe,,,"['Technical_Demo', 'Website_Product_Page', 'SQL', 'Customer']",1
L023794,Priya Anders,Sony,Telecom,North America,,Website,"['LinkedIn_Ad_Click', 'Oscilloscope_Selector_Tool', 'Technical_Demo', 'LinkedIn_Ad_Click', 'Customer']",1
L023795,Kenji Ito,Sony,Electronics,Europe,,LinkedIn,"['Keysight_University_Course', 'Whitepaper_Download_5G_Test', 'No_Conversion']",0
L023796,Maria Chen,Rayth_Tech,,Europe,,LinkedIn,"['LinkedIn_Ad_Click', 'Keysight_Workshop_RF_Testing', 'SQL', 'Customer']",1
L023797,Maria Singh,Tesla_Tech,Electronics,,Oscilloscopes,Website,"['Keysight_Workshop_RF_Testing', 'Oscilloscope_Selector_Tool', 'Keysight_Workshop_RF_Testing', 'DesignCon_Booth_Visit', 'Keysight_University_Course', 'Technical_Demo', 'Whitepaper_Download_5G_Test', 'No_Conversion']",0
L023798,Sofia Khan,,Electronics,,Automotive Ethernet,Webinar,"['Keysight_University_Course', 'SQL', 'IMS_Badge_Scan', 'Technical_Demo', 'Customer']",1
L023799,Kenji Garcia,NXPSe_Tech,,LATAM,PathWave Software,Event,"['Website_Product_Page', 'Customer']",1
L023800,Michael Chen,Meta Connectivity Labs GmbH,Semiconductor,Europe,5G Testbeds,Website,"['Application_Engineer_Call', 'LinkedIn_Ad_Click', 'Loaner_Unit_Evaluation', 'No_Conversion']",0
L023801,Laura Garcia,Meta Connectivity Labs GmbH,Aerospace,LATAM,,Email Campaign,"['Technical_Demo', 'Lab_Integration_Discussion', 'Oscilloscope_Selector_Tool', 'AutoSens_Tech_Talk', 'Opportunity', 'MQL', 'Loaner_Unit_Evaluation', 'Customer']",1
L023802,Sarah Ito,Samsung Electronics,Telecom,LATAM,5G Testbeds,Event,"['AutoSens_Tech_Talk', 'Loaner_Unit_Evaluation', 'AutoSens_Tech_Talk', 'SQL', 'Opportunity', 'MQL', 'Website_Product_Page', 'Whitepaper_Download_5G_Test', 'No_Conversion']",0
L023803,Sofia Patel,Infineon GmbH,,LATAM,5G Testbeds,LinkedIn,"['LinkedIn_Ad_Click', 'AutoSens_Tech_Talk', 'IMS_Badge_Scan', 'Keysight_Workshop_RF_Testing', 'LinkedIn_Ad_Click', 'IMS_Badge_Scan', 'DesignCon_Booth_Visit', 'LinkedIn_Ad_Click', 'No_Conversion']",0
L023804,Michael Johnson,,Electronics,North America,,Sales Outreach,"['DesignCon_Booth_Visit', 'Oscilloscope_Selector_Tool', 'DesignCon_Booth_Visit', 'Keysight_University_Course', 'Technical_Demo', 'LinkedIn_Ad_Click', 'Lab_Integration_Discussion', 'Customer']",1
L023805,Sofia Johnson,Raytheon GmbH,Aerospace,North America,,Webinar,"['IMS_Badge_Scan', 'PathWave_Trial_Request', 'MQL', 'Loaner_Unit_Evaluation', 'DesignCon_Booth_Visit', 'SQL', 'MQL', 'Customer']",1
L023806,Sarah Tanaka,,Aerospace,Europe,,Website,['Customer'],1
L023807,Daniel Anders,Samsu_Tech,Electronics,Europe,,Sales Outreach,"['Loaner_Unit_Evaluation', 'LinkedIn_Ad_Click', 'Application_Engineer_Call', 'MQL', 'DesignCon_Booth_Visit', 'Keysight_University_Course', 'No_Conversion']",0
L023808,Daniel Garcia,Infin_Tech,,APAC,Oscilloscopes,,"['PathWave_Trial_Request', 'IMS_Badge_Scan', 'IMS_Badge_Scan', 'Customer']",1
L023809,Ahmed Ito,Bosch,,LATAM,,Webinar,"['LinkedIn_Ad_Click', 'LinkedIn_Ad_Click', 'Lab_Integration_Discussion', 'LinkedIn_Ad_Click', 'DesignCon_Booth_Visit', 'Customer']",1
L023810,Priya Ito,Sony GmbH,,,Oscilloscopes,Email Campaign,"['Keysight_Workshop_RF_Testing', 'PathWave_Trial_Request', 'Application_Engineer_Call', 'No_Conversion']",0
L023811,Ravi Chen,,,Europe,Automotive Ethernet,LinkedIn,"['IMS_Badge_Scan', 'Oscilloscope_Selector_Tool', 'Customer']",1
L023812,Michael Patel,Broad_Tech,Telecom,North America,,Webinar,['No_Conversion'],0
L023813,Sofia Williams,Tesla Energy,Automotive,Europe,5G Testbeds,,"['LinkedIn_Ad_Click', 'PathWave_Trial_Request', 'Lab_Integration_Discussion', 'Technical_Demo', 'Keysight_University_Course', 'Technical_Demo', 'Application_Engineer_Call', 'Application_Engineer_Call', 'Website_Product_Page', 'Customer']",1
L023814,Sarah Lee,Raytheon,,LATAM,,,"['IMS_Badge_Scan', 'Keysight_University_Course', 'Loaner_Unit_Evaluation', 'Lab_Integration_Discussion', 'No_Conversion']",0
L023815,Ahmed Patel,Samsung Electronics GmbH,Semiconductor,LATAM,PathWave Software,Website,"['LinkedIn_Ad_Click', 'Whitepaper_Download_5G_Test', 'Keysight_Workshop_RF_Testing', 'Whitepaper_Download_5G_Test', 'No_Conversion']",0
L023816,Daniel Patel,Qualcomm,Telecom,,PathWave Software,Sales Outreach,"['Loaner_Unit_Evaluation', 'IMS_Badge_Scan', 'No_Conversion']",0
L023817,Chen Anders,NXP Semiconductors GmbH,,APAC,,Webinar,"['PathWave_Trial_Request', 'IMS_Badge_Scan', 'Opportunity', 'PathWave_Trial_Request', 'Opportunity', 'DesignCon_Booth_Visit', 'Keysight_Workshop_RF_Testing', 'Customer']",1
L023818,Michael Martinez,Broadcom GmbH,,APAC,,,"['AutoSens_Tech_Talk', 'Website_Product_Page', 'Keysight_Workshop_RF_Testing', 'Loaner_Unit_Evaluation', 'DesignCon_Booth_Visit', 'Loaner_Unit_Evaluation', 'Website_Product_Page', 'Whitepaper_Download_5G_Test', 'DesignCon_Booth_Visit', 'IMS_Badge_Scan', 'Customer']",1
L023819,Maria Tanaka,Sony_Tech,Automotive,North America,Automotive Ethernet,Website,"['Website_Product_Page', 'Technical_Demo', 'MQL', 'DesignCon_Booth_Visit', 'No_Conversion']",0
L023820,Michael Martinez,Samsu_Tech,Electronics,Europe,,Email Campaign,"['PathWave_Trial_Request', 'Application_Engineer_Call', 'IMS_Badge_Scan', 'Keysight_Workshop_RF_Testing', 'Loaner_Unit_Evaluation', 'AutoSens_Tech_Talk', 'Keysight_Workshop_RF_Testing', 'PathWave_Trial_Request', 'Customer']",1
L023821,Ahmed Chen,,Semiconductor,,,,['Customer'],1
L023822,Priya Singh,Tesla Energy GmbH,,APAC,PathWave Software,,"['Keysight_Workshop_RF_Testing', 'PathWave_Trial_Request', 'Application_Engineer_Call', 'Application_Engineer_Call', 'Customer']",1
L023823,Sofia Singh,Meta Connectivity Labs,Semiconductor,,,,"['Technical_Demo', 'Oscilloscope_Selector_Tool', 'Application_Engineer_Call', 'Loaner_Unit_Evaluation', 'Loaner_Unit_Evaluation', 'Customer']",1
L023824,Hiroshi Anders,Sony,,Europe,,Email Campaign,"['Oscilloscope_Selector_Tool', 'Lab_Integration_Discussion', 'SQL', 'Opportunity', 'Technical_Demo', 'No_Conversion']",0
L023825,Kenji Patel,Samsung Electronics GmbH,,North America,5G Testbeds,LinkedIn,['Customer'],1
L023826,Ahmed Singh,MetaC_Tech,Automotive,APAC,,Webinar,"['Oscilloscope_Selector_Tool', 'No_Conversion']",0
L023827,Ahmed Johnson,,Semiconductor,APAC,5G Testbeds,Website,"['DesignCon_Booth_Visit', 'Oscilloscope_Selector_Tool', 'Whitepaper_Download_5G_Test', 'PathWave_Trial_Request', 'Website_Product_Page', 'Customer']",1
L023828,Ahmed Khan,Raytheon GmbH,Aerospace,Europe,,LinkedIn,"['PathWave_Trial_Request', 'Whitepaper_Download_5G_Test', 'MQL', 'DesignCon_Booth_Visit', 'No_Conversion']",0
L023829,Priya Chen,,Automotive,,,Event,"['Keysight_Workshop_RF_Testing', 'LinkedIn_Ad_Click', 'Customer']",1
L023830,Sarah Chen,Meta Connectivity Labs GmbH,,,PathWave Software,Email Campaign,"['PathWave_Trial_Request', 'MQL', 'DesignCon_Booth_Visit', 'Website_Product_Page', 'Technical_Demo', 'Whitepaper_Download_5G_Test', 'Lab_Integration_Discussion', 'LinkedIn_Ad_Click', 'Customer']",1
L023831,Sarah Garcia,Infineon,,APAC,,,"['Lab_Integration_Discussion', 'Opportunity', 'Keysight_University_Course', 'SQL', 'MQL', 'MQL', 'Technical_Demo', 'IMS_Badge_Scan', 'Application_Engineer_Call', 'Customer']",1
L023832,Maria Martinez,Broad_Tech,Semiconductor,APAC,Automotive Ethernet,Website,"['Loaner_Unit_Evaluation', 'Customer']",1
L023833,Michael Martinez,,Aerospace,Europe,,Event,"['Website_Product_Page', 'Loaner_Unit_Evaluation', 'Oscilloscope_Selector_Tool', 'LinkedIn_Ad_Click', 'Technical_Demo', 'IMS_Badge_Scan', 'IMS_Badge_Scan', 'Keysight_Workshop_RF_Testing', 'AutoSens_Tech_Talk', 'Keysight_Workshop_RF_Testing', 'No_Conversion']",0
L023834,Hiroshi Tanaka,Meta Connectivity Labs,,LATAM,Automotive Ethernet,Website,"['AutoSens_Tech_Talk', 'No_Conversion']",0
L023835,Laura Martinez,Broadcom,Aerospace,LATAM,PathWave Software,Email Campaign,"['Technical_Demo', 'LinkedIn_Ad_Click', 'Whitepaper_Download_5G_Test', 'LinkedIn_Ad_Click', 'MQL', 'SQL', 'LinkedIn_Ad_Click', 'IMS_Badge_Scan', 'No_Conversion']",0
L023836,Ravi Ito,Qualc_Tech,,Europe,Oscilloscopes,Email Campaign,"['Website_Product_Page', 'MQL', 'Loaner_Unit_Evaluation', 'MQL', 'No_Conversion']",0
L023837,Laura Singh,Raytheon GmbH,,LATAM,5G Testbeds,Webinar,"['SQL', 'Customer']",1
L023838,Ahmed Williams,NXP Semiconductors,Telecom,APAC,5G Testbeds,,"['Technical_Demo', 'Application_Engineer_Call', 'No_Conversion']",0
L023839,Ravi Patel,,,APAC,Automotive Ethernet,Sales Outreach,"['SQL', 'Loaner_Unit_Evaluation', 'SQL', 'Whitepaper_Download_5G_Test', 'Loaner_Unit_Evaluation', 'Opportunity', 'No_Conversion']",0
L023840,Daniel Williams,Infineon,Electronics,APAC,Oscilloscopes,Event,"['Lab_Integration_Discussion', 'Application_Engineer_Call', 'No_Conversion']",0
L023841,,,Telecom,LATAM,PathWave Software,Email Campaign,"['AutoSens_Tech_Talk', 'Lab_Integration_Discussion', 'LinkedIn_Ad_Click', 'AutoSens_Tech_Talk', 'Oscilloscope_Selector_Tool', 'Whitepaper_Download_5G_Test', 'Technical_Demo', 'Keysight_University_Course', 'Website_Product_Page', 'Opportunity', 'Customer']",1
L023842,Hiroshi Patel,NXPSe_Tech,Semiconductor,APAC,,Email Campaign,"['Whitepaper_Download_5G_Test', 'No_Conversion']",0
L023843,Laura Williams,Infin_Tech,Automotive,North America,,Event,"['Oscilloscope_Selector_Tool', 'Website_Product_Page', 'Loaner_Unit_Evaluation', 'Oscilloscope_Selector_Tool', 'LinkedIn_Ad_Click', 'DesignCon_Booth_Visit', 'MQL', 'No_Conversion']",0
L023844,Laura Johnson,Samsu_Tech,Electronics,APAC,Automotive Ethernet,,"['AutoSens_Tech_Talk', 'LinkedIn_Ad_Click', 'No_Conversion']",0
L023845,Sarah Williams,Bosch GmbH,Aerospace,North America,Automotive Ethernet,Event,"['LinkedIn_Ad_Click', 'Keysight_University_Course', 'SQL', 'Keysight_Workshop_RF_Testing', 'SQL', 'No_Conversion']",0
L023846,Daniel Williams,,Automotive,APAC,,Email Campaign,"['Oscilloscope_Selector_Tool', 'Website_Product_Page', 'Keysight_University_Course', 'PathWave_Trial_Request', 'PathWave_Trial_Request', 'Customer']",1
L023847,Hiroshi Khan,Infineon GmbH,Electronics,North America,5G Testbeds,Website,['Customer'],1
L023848,Ahmed Ito,NXP Semiconductors,Aerospace,APAC,PathWave Software,Webinar,"['SQL', 'Oscilloscope_Selector_Tool', 'Keysight_University_Course', 'AutoSens_Tech_Talk', 'No_Conversion']",0
L023849,Hiroshi Lee,Rayth_Tech,Semiconductor,,Oscilloscopes,Website,"['MQL', 'IMS_Badge_Scan', 'Lab_Integration_Discussion', 'Loaner_Unit_Evaluation', 'Keysight_Workshop_RF_Testing', 'PathWave_Trial_Request', 'Customer']",1
L023850,Kenji Garcia,Meta Connectivity Labs,,LATAM,,Webinar,"['Website_Product_Page', 'PathWave_Trial_Request', 'DesignCon_Booth_Visit', 'Website_Product_Page', 'Opportunity', 'Lab_Integration_Discussion', 'Customer']",1
L023851,Maria Patel,,,LATAM,,Email Campaign,"['SQL', 'Application_Engineer_Call', 'PathWave_Trial_Request', 'Opportunity', 'Customer']",1
L023852,Ahmed Patel,Samsung Electronics GmbH,Electronics,Europe,Oscilloscopes,Website,"['PathWave_Trial_Request', 'AutoSens_Tech_Talk', 'Opportunity', 'Keysight_Workshop_RF_Testing', 'Opportunity', 'AutoSens_Tech_Talk', 'Lab_Integration_Discussion', 'Keysight_University_Course', 'No_Conversion']",0
L023853,Ahmed Patel,Qualcomm,Semiconductor,,,Event,"['DesignCon_Booth_Visit', 'Lab_Integration_Discussion', 'AutoSens_Tech_Talk', 'Keysight_University_Course', 'AutoSens_Tech_Talk', 'Technical_Demo', 'IMS_Badge_Scan', 'Technical_Demo', 'Customer']",1
L023854,Priya Lee,,Semiconductor,North America,,Webinar,"['SQL', 'Opportunity', 'Oscilloscope_Selector_Tool', 'PathWave_Trial_Request', 'Customer']",1
L023855,Daniel Johnson,,Automotive,APAC,Oscilloscopes,Website,"['PathWave_Trial_Request', 'Website_Product_Page', 'Lab_Integration_Discussion', 'Opportunity', 'MQL', 'AutoSens_Tech_Talk', 'LinkedIn_Ad_Click', 'AutoSens_Tech_Talk', 'IMS_Badge_Scan', 'IMS_Badge_Scan', 'No_Conversion']",0
L023856,Maria Tanaka,Raytheon,,LATAM,Automotive Ethernet,LinkedIn,['No_Conversion'],0
L023857,Hiroshi Williams,Rayth_Tech,Electronics,Europe,Automotive Ethernet,Sales Outreach,"['PathWave_Trial_Request', 'Technical_Demo', 'Oscilloscope_Selector_Tool', 'AutoSens_Tech_Talk', 'No_Conversion']",0
L023858,Priya Williams,Samsu_Tech,Aerospace,LATAM,5G Testbeds,Website,"['Loaner_Unit_Evaluation', 'Technical_Demo', 'Customer']",1
L023859,Kenji Johnson,Samsung Electronics GmbH,Electronics,APAC,,Event,"['IMS_Badge_Scan', 'LinkedIn_Ad_Click', 'Whitepaper_Download_5G_Test', 'Oscilloscope_Selector_Tool', 'Keysight_University_Course', 'DesignCon_Booth_Visit', 'Opportunity', 'Keysight_University_Course', 'Application_Engineer_Call', 'No_Conversion']",0
L023860,Laura Chen,MetaC_Tech,Automotive,APAC,,,"['Oscilloscope_Selector_Tool', 'PathWave_Trial_Request', 'LinkedIn_Ad_Click', 'DesignCon_Booth_Visit', 'Customer']",1
L023861,Maria Tanaka,Bosch GmbH,Automotive,APAC,5G Testbeds,LinkedIn,['No_Conversion'],0
L023862,Ahmed Williams,Sony,Semiconductor,APAC,,LinkedIn,"['Oscilloscope_Selector_Tool', 'Keysight_Workshop_RF_Testing', 'SQL', 'Customer']",1
L023863,Ravi Johnson,NXP Semiconductors,Semiconductor,Europe,,Event,"['IMS_Badge_Scan', 'Whitepaper_Download_5G_Test', 'LinkedIn_Ad_Click', 'Loaner_Unit_Evaluation', 'Technical_Demo', 'Application_Engineer_Call', 'Keysight_Workshop_RF_Testing', 'Opportunity', 'Customer']",1
L023864,Ravi Tanaka,Tesla Energy GmbH,Telecom,North America,Automotive Ethernet,Email Campaign,"['Loaner_Unit_Evaluation', 'Keysight_University_Course', 'No_Conversion']",0
L023865,Sofia Johnson,Samsu_Tech,,LATAM,,Event,"['IMS_Badge_Scan', 'Keysight_Workshop_RF_Testing', 'PathWave_Trial_Request', 'Customer']",1
L023866,Laura Tanaka,Meta Connectivity Labs GmbH,Aerospace,Europe,,Webinar,"['Keysight_Workshop_RF_Testing', 'No_Conversion']",0
L023867,Michael Anders,Raytheon,Aerospace,Europe,5G Testbeds,Email Campaign,['No_Conversion'],0
L023868,Sarah Tanaka,Broadcom,Telecom,,Automotive Ethernet,Sales Outreach,"['Keysight_University_Course', 'LinkedIn_Ad_Click', 'Lab_Integration_Discussion', 'Website_Product_Page', 'Opportunity', 'Loaner_Unit_Evaluation', 'Technical_Demo', 'No_Conversion']",0
L023869,Maria Anders,,Semiconductor,APAC,,LinkedIn,"['Oscilloscope_Selector_Tool', 'IMS_Badge_Scan', 'Whitepaper_Download_5G_Test', 'Application_Engineer_Call', 'Customer']",1
L023870,Daniel Ito,Bosch_Tech,Semiconductor,LATAM,,Webinar,"['LinkedIn_Ad_Click', 'SQL', 'SQL', 'AutoSens_Tech_Talk', 'Oscilloscope_Selector_Tool', 'Website_Product_Page', 'Opportunity', 'No_Conversion']",0
L023871,Ahmed Singh,Infineon,Telecom,LATAM,,Webinar,"['Oscilloscope_Selector_Tool', 'IMS_Badge_Scan', 'IMS_Badge_Scan', 'PathWave_Trial_Request', 'Application_Engineer_Call', 'Keysight_Workshop_RF_Testing', 'Application_Engineer_Call', 'Lab_Integration_Discussion', 'PathWave_Trial_Request', 'Technical_Demo', 'No_Conversion']",0
L023872,Laura Chen,Bosch_Tech,Aerospace,,,Email Campaign,"['AutoSens_Tech_Talk', 'Lab_Integration_Discussion', 'Lab_Integration_Discussion', 'Keysight_Workshop_RF_Testing', 'PathWave_Trial_Request', 'Whitepaper_Download_5G_Test', 'Opportunity', 'DesignCon_Booth_Visit', 'Opportunity', 'Technical_Demo', 'No_Conversion']",0
L023873,Daniel Khan,NXPSe_Tech,Semiconductor,,5G Testbeds,Email Campaign,"['SQL', 'PathWave_Trial_Request', 'Whitepaper_Download_5G_Test', 'Lab_Integration_Discussion', 'Keysight_Workshop_RF_Testing', 'Loaner_Unit_Evaluation', 'Customer']",1
L023874,Maria Patel,Tesla Energy,,APAC,5G Testbeds,Email Campaign,['Customer'],1
L023875,Maria Chen,,Electronics,,,Email Campaign,"['MQL', 'SQL', 'AutoSens_Tech_Talk', 'Technical_Demo', 'No_Conversion']",0
L023876,Hiroshi Tanaka,Infineon,,,Oscilloscopes,Event,"['AutoSens_Tech_Talk', 'Loaner_Unit_Evaluation', 'Technical_Demo', 'Oscilloscope_Selector_Tool', 'Application_Engineer_Call', 'Application_Engineer_Call', 'Keysight_University_Course', 'Keysight_University_Course', 'Application_Engineer_Call', 'Customer']",1
L023877,,Samsu_Tech,Semiconductor,North America,,Sales Outreach,"['PathWave_Trial_Request', 'PathWave_Trial_Request', 'Application_Engineer_Call', 'Keysight_Workshop_RF_Testing', 'Application_Engineer_Call', 'Keysight_Workshop_RF_Testing', 'Technical_Demo', 'MQL', 'LinkedIn_Ad_Click', 'Lab_Integration_Discussion', 'No_Conversion']",0
L023878,Michael Williams,Infineon,Telecom,LATAM,5G Testbeds,,"['Opportunity', 'SQL', 'AutoSens_Tech_Talk', 'Keysight_University_Course', 'IMS_Badge_Scan', 'Lab_Integration_Discussion', 'Opportunity', 'Customer']",1
L023879,Ahmed Patel,,Electronics,APAC,5G Testbeds,Webinar,"['Application_Engineer_Call', 'Keysight_University_Course', 'Lab_Integration_Discussion', 'No_Conversion']",0
L023880,Daniel Garcia,,Aerospace,LATAM,5G Testbeds,,"['Keysight_Workshop_RF_Testing', 'LinkedIn_Ad_Click', 'Oscilloscope_Selector_Tool', 'Application_Engineer_Call', 'Website_Product_Page', 'MQL', 'Keysight_Workshop_RF_Testing', 'PathWave_Trial_Request', 'DesignCon_Booth_Visit', 'Technical_Demo', 'Customer']",1
L023881,Sofia Williams,,,APAC,,Event,['No_Conversion'],0
L023882,Priya Garcia,Meta Connectivity Labs,,APAC,Automotive Ethernet,Sales Outreach,"['PathWave_Trial_Request', 'AutoSens_Tech_Talk', 'IMS_Badge_Scan', 'DesignCon_Booth_Visit', 'Keysight_Workshop_RF_Testing', 'LinkedIn_Ad_Click', 'Keysight_University_Course', 'Application_Engineer_Call', 'SQL', 'Customer']",1
L023883,Ahmed Singh,Broadcom,,APAC,,Webinar,"['DesignCon_Booth_Visit', 'DesignCon_Booth_Visit', 'Lab_Integration_Discussion', 'SQL', 'LinkedIn_Ad_Click', 'Customer']",1
L023884,Michael Williams,Infineon,,LATAM,Oscilloscopes,Webinar,"['Whitepaper_Download_5G_Test', 'Loaner_Unit_Evaluation', 'DesignCon_Booth_Visit', 'Whitepaper_Download_5G_Test', 'No_Conversion']",0
L023885,,Sony GmbH,,LATAM,,,"['AutoSens_Tech_Talk', 'Keysight_Workshop_RF_Testing', 'Application_Engineer_Call', 'MQL', 'Loaner_Unit_Evaluation', 'No_Conversion']",0
L023886,Daniel Tanaka,Sony GmbH,Electronics,North America,PathWave Software,Email Campaign,"['Whitepaper_Download_5G_Test', 'Application_Engineer_Call', 'Oscilloscope_Selector_Tool', 'Website_Product_Page', 'Website_Product_Page', 'LinkedIn_Ad_Click', 'DesignCon_Booth_Visit', 'No_Conversion']",0
L023887,Laura Garcia,Sony GmbH,Semiconductor,APAC,Automotive Ethernet,,"['LinkedIn_Ad_Click', 'AutoSens_Tech_Talk', 'SQL', 'Loaner_Unit_Evaluation', 'IMS_Badge_Scan', 'AutoSens_Tech_Talk', 'MQL', 'Customer']",1
L023888,Hiroshi Patel,Bosch,Aerospace,North America,,Sales Outreach,"['Lab_Integration_Discussion', 'Whitepaper_Download_5G_Test', 'Keysight_University_Course', 'No_Conversion']",0
L023889,Michael Singh,Broadcom,,,,,"['PathWave_Trial_Request', 'Oscilloscope_Selector_Tool', 'Loaner_Unit_Evaluation', 'No_Conversion']",0
L023890,Maria Khan,Bosch,Telecom,APAC,,Email Campaign,['Customer'],1
L023891,Michael Martinez,Sony GmbH,Telecom,,5G Testbeds,Sales Outreach,"['IMS_Badge_Scan', 'DesignCon_Booth_Visit', 'Website_Product_Page', 'AutoSens_Tech_Talk', 'SQL', 'Opportunity', 'No_Conversion']",0
L023892,Chen Garcia,Infineon GmbH,,LATAM,PathWave Software,Website,"['IMS_Badge_Scan', 'PathWave_Trial_Request', 'DesignCon_Booth_Visit', 'AutoSens_Tech_Talk', 'AutoSens_Tech_Talk', 'Customer']",1
L023893,Maria Chen,Sony,Electronics,North America,,Email Campaign,"['Lab_Integration_Discussion', 'SQL', 'LinkedIn_Ad_Click', 'LinkedIn_Ad_Click', 'IMS_Badge_Scan', 'DesignCon_Booth_Visit', 'Whitepaper_Download_5G_Test', 'DesignCon_Booth_Visit', 'Application_Engineer_Call', 'Keysight_University_Course', 'Customer']",1
L023894,Kenji Johnson,Sony,Semiconductor,APAC,Automotive Ethernet,LinkedIn,"['DesignCon_Booth_Visit', 'Whitepaper_Download_5G_Test', 'Opportunity', 'AutoSens_Tech_Talk', 'MQL', 'Opportunity', 'No_Conversion']",0
L023895,Sofia Garcia,,,,Automotive Ethernet,,"['DesignCon_Booth_Visit', 'Opportunity', 'SQL', 'Whitepaper_Download_5G_Test', 'Customer']",1
L023896,Priya Ito,Rayth_Tech,,,PathWave Software,Sales Outreach,"['LinkedIn_Ad_Click', 'SQL', 'Customer']",1
L023897,Sarah Tanaka,NXP Semiconductors,Telecom,,PathWave Software,Website,"['Technical_Demo', 'Website_Product_Page', 'MQL', 'Opportunity', 'MQL', 'No_Conversion']",0
L023898,Sofia Martinez,,,Europe,,,"['IMS_Badge_Scan', 'SQL', 'Customer']",1
L023899,Priya Khan,Broadcom GmbH,Automotive,North America,,Email Campaign,"['DesignCon_Booth_Visit', 'IMS_Badge_Scan', 'Customer']",1
L023900,Sarah Ito,Infineon GmbH,,,,Website,"['Website_Product_Page', 'SQL', 'Opportunity', 'Technical_Demo', 'Website_Product_Page', 'Whitepaper_Download_5G_Test', 'SQL', 'Customer']",1
L023901,Hiroshi Ito,Samsung Electronics GmbH,Aerospace,APAC,Oscilloscopes,Event,"['Oscilloscope_Selector_Tool', 'Keysight_Workshop_RF_Testing', 'Keysight_Workshop_RF_Testing', 'Whitepaper_Download_5G_Test', 'Technical_Demo', 'DesignCon_Booth_Visit', 'PathWave_Trial_Request', 'Oscilloscope_Selector_Tool', 'No_Conversion']",0
L023902,Sarah Lee,Qualcomm GmbH,,LATAM,5G Testbeds,LinkedIn,"['Application_Engineer_Call', 'DesignCon_Booth_Visit', 'Website_Product_Page', 'MQL', 'Keysight_University_Course', 'No_Conversion']",0
L023903,Sofia Ito,Qualcomm,Telecom,Europe,Automotive Ethernet,Email Campaign,"['Oscilloscope_Selector_Tool', 'Keysight_University_Course', 'Whitepaper_Download_5G_Test', 'AutoSens_Tech_Talk', 'DesignCon_Booth_Visit', 'Oscilloscope_Selector_Tool', 'Oscilloscope_Selector_Tool', 'LinkedIn_Ad_Click', 'MQL', 'Customer']",1
L023904,Priya Ito,Infineon GmbH,Aerospace,APAC,PathWave Software,Webinar,"['IMS_Badge_Scan', 'Keysight_University_Course', 'Keysight_University_Course', 'Lab_Integration_Discussion', 'Customer']",1
L023905,Maria Khan,Qualcomm,,APAC,Oscilloscopes,LinkedIn,"['SQL', 'MQL', 'LinkedIn_Ad_Click', 'Customer']",1
L023906,Maria Martinez,Tesla_Tech,Electronics,,,LinkedIn,"['Opportunity', 'DesignCon_Booth_Visit', 'Keysight_Workshop_RF_Testing', 'Customer']",1
L023907,Daniel Tanaka,Tesla_Tech,Semiconductor,,,,"['Keysight_University_Course', 'Application_Engineer_Call', 'Keysight_University_Course', 'SQL', 'PathWave_Trial_Request', 'AutoSens_Tech_Talk', 'Application_Engineer_Call', 'Keysight_Workshop_RF_Testing', 'MQL', 'IMS_Badge_Scan', 'No_Conversion']",0
L023908,Chen Martinez,,,,5G Testbeds,Webinar,"['Keysight_University_Course', 'Lab_Integration_Discussion', 'Customer']",1
L023909,Hiroshi Patel,Infin_Tech,,North America,5G Testbeds,Email Campaign,"['Opportunity', 'Whitepaper_Download_5G_Test', 'Lab_Integration_Discussion', 'IMS_Badge_Scan', 'MQL', 'MQL', 'No_Conversion']",0
L023910,Priya Garcia,Infineon,Electronics,,,Email Campaign,"['Technical_Demo', 'Technical_Demo', 'Technical_Demo', 'Oscilloscope_Selector_Tool', 'Whitepaper_Download_5G_Test', 'DesignCon_Booth_Visit', 'Application_Engineer_Call', 'No_Conversion']",0
L023911,Laura Garcia,,,North America,,Sales Outreach,"['Oscilloscope_Selector_Tool', 'No_Conversion']",0
L023912,Kenji Patel,,,North America,,Sales Outreach,"['Oscilloscope_Selector_Tool', 'LinkedIn_Ad_Click', 'Whitepaper_Download_5G_Test', 'DesignCon_Booth_Visit', 'Customer']",1
L023913,Hiroshi Singh,Bosch_Tech,Semiconductor,,,LinkedIn,"['Whitepaper_Download_5G_Test', 'Application_Engineer_Call', 'SQL', 'Lab_Integration_Discussion', 'Technical_Demo', 'MQL', 'No_Conversion']",0
L023914,Daniel Tanaka,,,North America,Oscilloscopes,Website,"['Oscilloscope_Selector_Tool', 'LinkedIn_Ad_Click', 'No_Conversion']",0
L023915,Ravi Garcia,Qualcomm,Semiconductor,APAC,Automotive Ethernet,,['Customer'],1
L023916,Ravi Chen,Broad_Tech,Semiconductor,North America,,Webinar,"['Keysight_University_Course', 'Whitepaper_Download_5G_Test', 'SQL', 'Keysight_Workshop_RF_Testing', 'Oscilloscope_Selector_Tool', 'Oscilloscope_Selector_Tool', 'Technical_Demo', 'No_Conversion']",0
L023917,Ahmed Ito,NXP Semiconductors GmbH,Automotive,LATAM,Oscilloscopes,Website,"['Website_Product_Page', 'Keysight_Workshop_RF_Testing', 'No_Conversion']",0
L023918,Sarah Patel,NXPSe_Tech,Automotive,,,Event,"['Lab_Integration_Discussion', 'Whitepaper_Download_5G_Test', 'Oscilloscope_Selector_Tool', 'No_Conversion']",0
L023919,Daniel Williams,Broadcom,Aerospace,LATAM,,Sales Outreach,"['Loaner_Unit_Evaluation', 'No_Conversion']",0
L023920,Michael Williams,Infin_Tech,Semiconductor,,,Webinar,"['IMS_Badge_Scan', 'Oscilloscope_Selector_Tool', 'DesignCon_Booth_Visit', 'Technical_Demo', 'AutoSens_Tech_Talk', 'Customer']",1
L023921,Daniel Ito,Meta Connectivity Labs,Electronics,APAC,,LinkedIn,"['MQL', 'DesignCon_Booth_Visit', 'IMS_Badge_Scan', 'Application_Engineer_Call', 'Whitepaper_Download_5G_Test', 'Website_Product_Page', 'Customer']",1
L023922,Sofia Martinez,Infineon GmbH,Electronics,Europe,,,"['Oscilloscope_Selector_Tool', 'IMS_Badge_Scan', 'Technical_Demo', 'PathWave_Trial_Request', 'Keysight_University_Course', 'LinkedIn_Ad_Click', 'Customer']",1
L023923,Laura Garcia,Sony,Automotive,,,LinkedIn,"['DesignCon_Booth_Visit', 'AutoSens_Tech_Talk', 'Loaner_Unit_Evaluation', 'No_Conversion']",0
L023924,,Meta Connectivity Labs GmbH,Automotive,North America,,Email Campaign,"['SQL', 'DesignCon_Booth_Visit', 'PathWave_Trial_Request', 'No_Conversion']",0
L023925,Priya Williams,Qualcomm GmbH,,APAC,,LinkedIn,"['SQL', 'Whitepaper_Download_5G_Test', 'DesignCon_Booth_Visit', 'Customer']",1
L023926,Laura Anders,Tesla Energy,Aerospace,,,,"['Opportunity', 'No_Conversion']",0
L023927,Ravi Ito,Tesla_Tech,,,,Event,"['Keysight_University_Course', 'Lab_Integration_Discussion', 'LinkedIn_Ad_Click', 'Loaner_Unit_Evaluation', 'Customer']",1
L023928,Kenji Johnson,,Electronics,APAC,,Webinar,"['Website_Product_Page', 'MQL', 'Opportunity', 'Keysight_University_Course', 'Keysight_University_Course', 'No_Conversion']",0
L023929,Ahmed Ito,NXP Semiconductors GmbH,,,,Sales Outreach,"['Keysight_Workshop_RF_Testing', 'DesignCon_Booth_Visit', 'LinkedIn_Ad_Click', 'No_Conversion']",0
L023930,Ravi Chen,MetaC_Tech,Automotive,APAC,Oscilloscopes,Webinar,"['Loaner_Unit_Evaluation', 'Customer']",1
L023931,Daniel Martinez,NXPSe_Tech,Electronics,,Automotive Ethernet,Webinar,"['Website_Product_Page', 'MQL', 'Keysight_University_Course', 'Oscilloscope_Selector_Tool', 'Loaner_Unit_Evaluation', 'MQL', 'Technical_Demo', 'Opportunity', 'Customer']",1
L023932,Sofia Lee,Tesla Energy GmbH,,North America,,Event,"['Whitepaper_Download_5G_Test', 'Opportunity', 'Lab_Integration_Discussion', 'LinkedIn_Ad_Click', 'LinkedIn_Ad_Click', 'Opportunity', 'Customer']",1
L023933,Ahmed Tanaka,Infineon,Semiconductor,APAC,Oscilloscopes,Email Campaign,"['Opportunity', 'Loaner_Unit_Evaluation', 'PathWave_Trial_Request', 'AutoSens_Tech_Talk', 'Customer']",1
L023934,Daniel Garcia,,Electronics,,Oscilloscopes,Sales Outreach,"['PathWave_Trial_Request', 'Lab_Integration_Discussion', 'LinkedIn_Ad_Click', 'Keysight_Workshop_RF_Testing', 'Technical_Demo', 'Application_Engineer_Call', 'Technical_Demo', 'PathWave_Trial_Request', 'No_Conversion']",0
L023935,Sofia Chen,NXPSe_Tech,Automotive,Europe,,Event,"['SQL', 'AutoSens_Tech_Talk', 'Website_Product_Page', 'SQL', 'Website_Product_Page', 'PathWave_Trial_Request', 'Customer']",1
L023936,Chen Khan,,,LATAM,,Sales Outreach,"['Loaner_Unit_Evaluation', 'IMS_Badge_Scan', 'Loaner_Unit_Evaluation', 'LinkedIn_Ad_Click', 'Customer']",1
L023937,Sofia Garcia,,Automotive,APAC,5G Testbeds,Website,"['IMS_Badge_Scan', 'DesignCon_Booth_Visit', 'Opportunity', 'Oscilloscope_Selector_Tool', 'No_Conversion']",0
L023938,Daniel Anders,,Semiconductor,APAC,,Sales Outreach,"['Whitepaper_Download_5G_Test', 'Oscilloscope_Selector_Tool', 'MQL', 'Whitepaper_Download_5G_Test', 'IMS_Badge_Scan', 'Oscilloscope_Selector_Tool', 'Customer']",1
L023939,Sofia Khan,Broadcom GmbH,,Europe,,Webinar,"['MQL', 'Opportunity', 'LinkedIn_Ad_Click', 'LinkedIn_Ad_Click', 'Whitepaper_Download_5G_Test', 'AutoSens_Tech_Talk', 'Customer']",1
L023940,Hiroshi Williams,Qualc_Tech,Telecom,APAC,,LinkedIn,"['MQL', 'Loaner_Unit_Evaluation', 'Whitepaper_Download_5G_Test', 'No_Conversion']",0
L023941,Maria Garcia,,Automotive,APAC,PathWave Software,LinkedIn,"['Application_Engineer_Call', 'Customer']",1
L023942,Hiroshi Khan,Bosch,Semiconductor,,,Event,"['Opportunity', 'DesignCon_Booth_Visit', 'MQL', 'Keysight_Workshop_RF_Testing', 'No_Conversion']",0
L023943,Michael Anders,Meta Connectivity Labs,,,,LinkedIn,"['Keysight_Workshop_RF_Testing', 'Technical_Demo', 'Keysight_Workshop_RF_Testing', 'SQL', 'Website_Product_Page', 'Oscilloscope_Selector_Tool', 'Keysight_University_Course', 'Loaner_Unit_Evaluation', 'Opportunity', 'No_Conversion']",0
L023944,Hiroshi Singh,NXP Semiconductors GmbH,Electronics,North America,5G Testbeds,Website,"['IMS_Badge_Scan', 'PathWave_Trial_Request', 'Lab_Integration_Discussion', 'Lab_Integration_Discussion', 'MQL', 'Oscilloscope_Selector_Tool', 'Lab_Integration_Discussion', 'No_Conversion']",0
L023945,Laura Khan,Infineon GmbH,,Europe,,,"['SQL', 'Website_Product_Page', 'Opportunity', 'Website_Product_Page', 'Loaner_Unit_Evaluation', 'Website_Product_Page', 'MQL', 'LinkedIn_Ad_Click', 'MQL', 'Customer']",1
L023946,Kenji Martinez,Qualcomm GmbH,Automotive,Europe,5G Testbeds,Email Campaign,"['Opportunity', 'No_Conversion']",0
L023947,,Rayth_Tech,,,,Website,"['SQL', 'Oscilloscope_Selector_Tool', 'No_Conversion']",0
L023948,Laura Martinez,Qualcomm GmbH,Automotive,APAC,5G Testbeds,Sales Outreach,"['Keysight_Workshop_RF_Testing', 'IMS_Badge_Scan', 'No_Conversion']",0
L023949,Maria Lee,Samsung Electronics GmbH,,North America,5G Testbeds,Email Campaign,"['Website_Product_Page', 'SQL', 'SQL', 'Loaner_Unit_Evaluation', 'DesignCon_Booth_Visit', 'SQL', 'No_Conversion']",0
L023950,Chen Patel,Meta Connectivity Labs GmbH,Semiconductor,LATAM,5G Testbeds,,"['Keysight_Workshop_RF_Testing', 'PathWave_Trial_Request', 'DesignCon_Booth_Visit', 'LinkedIn_Ad_Click', 'Opportunity', 'Lab_Integration_Discussion', 'Whitepaper_Download_5G_Test', 'DesignCon_Booth_Visit', 'IMS_Badge_Scan', 'Customer']",1
L023951,Daniel Chen,Tesla Energy,Telecom,APAC,PathWave Software,Website,"['DesignCon_Booth_Visit', 'SQL', 'DesignCon_Booth_Visit', 'Customer']",1
L023952,Sarah Martinez,Bosch_Tech,,LATAM,PathWave Software,Email Campaign,"['SQL', 'SQL', 'Customer']",1
L023953,Sofia Singh,Tesla Energy GmbH,Aerospace,Europe,5G Testbeds,Event,"['SQL', 'Lab_Integration_Discussion', 'Technical_Demo', 'Application_Engineer_Call', 'Lab_Integration_Discussion', 'Opportunity', 'LinkedIn_Ad_Click', 'DesignCon_Booth_Visit', 'No_Conversion']",0
L023954,Hiroshi Williams,,Telecom,,Automotive Ethernet,,"['Loaner_Unit_Evaluation', 'Loaner_Unit_Evaluation', 'Oscilloscope_Selector_Tool', 'SQL', 'No_Conversion']",0
L023955,Chen Ito,,Semiconductor,LATAM,5G Testbeds,Event,['No_Conversion'],0
L023956,Michael Chen,NXPSe_Tech,,Europe,5G Testbeds,Webinar,"['Lab_Integration_Discussion', 'PathWave_Trial_Request', 'Keysight_Workshop_RF_Testing', 'No_Conversion']",0
L023957,Priya Tanaka,Bosch GmbH,Automotive,North America,Automotive Ethernet,LinkedIn,"['Technical_Demo', 'DesignCon_Booth_Visit', 'LinkedIn_Ad_Click', 'LinkedIn_Ad_Click', 'MQL', 'Loaner_Unit_Evaluation', 'Oscilloscope_Selector_Tool', 'Application_Engineer_Call', 'Oscilloscope_Selector_Tool', 'No_Conversion']",0
L023958,Hiroshi Patel,Raytheon,Aerospace,Europe,5G Testbeds,Webinar,"['Application_Engineer_Call', 'Website_Product_Page', 'MQL', 'Customer']",1
L023959,Maria Martinez,Meta Connectivity Labs,Aerospace,,,,"['Technical_Demo', 'Website_Product_Page', 'Technical_Demo', 'DesignCon_Booth_Visit', 'Technical_Demo', 'Customer']",1
L023960,Laura Martinez,Sony_Tech,Electronics,LATAM,,LinkedIn,"['Whitepaper_Download_5G_Test', 'Technical_Demo', 'Oscilloscope_Selector_Tool', 'Opportunity', 'Opportunity', 'Lab_Integration_Discussion', 'Website_Product_Page', 'Loaner_Unit_Evaluation', 'SQL', 'No_Conversion']",0
L023961,Laura Patel,Raytheon,,,,Webinar,"['Application_Engineer_Call', 'Oscilloscope_Selector_Tool', 'Technical_Demo', 'Website_Product_Page', 'Website_Product_Page', 'DesignCon_Booth_Visit', 'Website_Product_Page', 'Lab_Integration_Discussion', 'Whitepaper_Download_5G_Test', 'No_Conversion']",0
L023962,Priya Martinez,Meta Connectivity Labs,,LATAM,5G Testbeds,Email Campaign,"['Technical_Demo', 'Website_Product_Page', 'LinkedIn_Ad_Click', 'AutoSens_Tech_Talk', 'Lab_Integration_Discussion', 'DesignCon_Booth_Visit', 'DesignCon_Booth_Visit', 'No_Conversion']",0
L023963,Laura Tanaka,,Automotive,,PathWave Software,Event,['No_Conversion'],0
L023964,Maria Williams,Samsu_Tech,,Europe,,Webinar,"['Application_Engineer_Call', 'Website_Product_Page', 'Keysight_Workshop_RF_Testing', 'Lab_Integration_Discussion', 'Oscilloscope_Selector_Tool', 'Keysight_Workshop_RF_Testing', 'No_Conversion']",0
L023965,Chen Johnson,Qualcomm,Telecom,North America,,LinkedIn,"['Oscilloscope_Selector_Tool', 'Opportunity', 'Opportunity', 'SQL', 'Loaner_Unit_Evaluation', 'MQL', 'Keysight_University_Course', 'Loaner_Unit_Evaluation', 'No_Conversion']",0
L023966,Michael Johnson,Tesla_Tech,Automotive,LATAM,,Email Campaign,"['Application_Engineer_Call', 'Website_Product_Page', 'Whitepaper_Download_5G_Test', 'PathWave_Trial_Request', 'No_Conversion']",0
L023967,Maria Lee,Tesla Energy GmbH,Automotive,LATAM,5G Testbeds,Event,"['MQL', 'AutoSens_Tech_Talk', 'Website_Product_Page', 'Website_Product_Page', 'Oscilloscope_Selector_Tool', 'Technical_Demo', 'DesignCon_Booth_Visit', 'Loaner_Unit_Evaluation', 'Lab_Integration_Discussion', 'Whitepaper_Download_5G_Test', 'Customer']",1
L023968,Ahmed Anders,,Aerospace,,Automotive Ethernet,Event,"['PathWave_Trial_Request', 'MQL', 'AutoSens_Tech_Talk', 'Keysight_Workshop_RF_Testing', 'No_Conversion']",0
L023969,Chen Patel,,Electronics,North America,5G Testbeds,,"['Website_Product_Page', 'Oscilloscope_Selector_Tool', 'Opportunity', 'DesignCon_Booth_Visit', 'Keysight_University_Course', 'Website_Product_Page', 'Customer']",1
L023970,,,Automotive,Europe,,,"['Application_Engineer_Call', 'Application_Engineer_Call', 'LinkedIn_Ad_Click', 'Oscilloscope_Selector_Tool', 'Customer']",1
L023971,Sarah Martinez,Broadcom GmbH,,North America,PathWave Software,Webinar,"['AutoSens_Tech_Talk', 'Application_Engineer_Call', 'Opportunity', 'Oscilloscope_Selector_Tool', 'DesignCon_Booth_Visit', 'LinkedIn_Ad_Click', 'Loaner_Unit_Evaluation', 'No_Conversion']",0
L023972,Maria Anders,Broad_Tech,Semiconductor,Europe,Automotive Ethernet,Website,"['Website_Product_Page', 'Loaner_Unit_Evaluation', 'MQL', 'Customer']",1
L023973,Priya Tanaka,Broadcom GmbH,,,Automotive Ethernet,Webinar,"['Keysight_Workshop_RF_Testing', 'Loaner_Unit_Evaluation', 'Oscilloscope_Selector_Tool', 'No_Conversion']",0
L023974,Sarah Garcia,Samsung Electronics,Automotive,Europe,,Event,['No_Conversion'],0
L023975,Sofia Anders,,,LATAM,,Email Campaign,"['LinkedIn_Ad_Click', 'IMS_Badge_Scan', 'DesignCon_Booth_Visit', 'Keysight_Workshop_RF_Testing', 'Whitepaper_Download_5G_Test', 'Opportunity', 'AutoSens_Tech_Talk', 'Keysight_University_Course', 'IMS_Badge_Scan', 'Customer']",1
L023976,Sarah Chen,Bosch_Tech,Aerospace,APAC,5G Testbeds,Website,"['Keysight_University_Course', 'Loaner_Unit_Evaluation', 'Website_Product_Page', 'SQL', 'AutoSens_Tech_Talk', 'Lab_Integration_Discussion', 'Lab_Integration_Discussion', 'Technical_Demo', 'Keysight_University_Course', 'Keysight_University_Course', 'No_Conversion']",0
L023977,Ravi Lee,Broadcom GmbH,Telecom,Europe,,Event,"['MQL', 'Application_Engineer_Call', 'Keysight_University_Course', 'MQL', 'No_Conversion']",0
L023978,Ahmed Williams,Tesla Energy,Aerospace,North America,Oscilloscopes,Website,"['DesignCon_Booth_Visit', 'Application_Engineer_Call', 'Keysight_University_Course', 'PathWave_Trial_Request', 'Customer']",1
L023979,Daniel Khan,Broad_Tech,Semiconductor,LATAM,Oscilloscopes,,"['Whitepaper_Download_5G_Test', 'MQL', 'LinkedIn_Ad_Click', 'Oscilloscope_Selector_Tool', 'DesignCon_Booth_Visit', 'PathWave_Trial_Request', 'SQL', 'MQL', 'Application_Engineer_Call', 'SQL', 'No_Conversion']",0
L023980,Ahmed Ito,,Telecom,,5G Testbeds,Website,"['Technical_Demo', 'Opportunity', 'Keysight_University_Course', 'Whitepaper_Download_5G_Test', 'No_Conversion']",0
L023981,,,Semiconductor,,Automotive Ethernet,LinkedIn,['No_Conversion'],0
L023982,Michael Ito,Qualcomm GmbH,Aerospace,LATAM,,Sales Outreach,['No_Conversion'],0
L023983,Chen Ito,Sony GmbH,Aerospace,North America,,Event,"['Opportunity', 'Customer']",1
L023984,Sarah Williams,Rayth_Tech,,LATAM,,Webinar,"['PathWave_Trial_Request', 'PathWave_Trial_Request', 'AutoSens_Tech_Talk', 'Customer']",1
L023985,Sofia Williams,Meta Connectivity Labs,Telecom,APAC,,,['Customer'],1
L023986,Daniel Ito,Meta Connectivity Labs GmbH,Automotive,LATAM,,Email Campaign,"['Oscilloscope_Selector_Tool', 'Technical_Demo', 'IMS_Badge_Scan', 'Oscilloscope_Selector_Tool', 'Technical_Demo', 'MQL', 'Loaner_Unit_Evaluation', 'Loaner_Unit_Evaluation', 'Website_Product_Page', 'No_Conversion']",0
L023987,Ravi Williams,,Automotive,APAC,Automotive Ethernet,Email Campaign,"['AutoSens_Tech_Talk', 'Application_Engineer_Call', 'LinkedIn_Ad_Click', 'No_Conversion']",0
L023988,Priya Garcia,,Electronics,North America,,Webinar,"['Whitepaper_Download_5G_Test', 'Lab_Integration_Discussion', 'Application_Engineer_Call', 'AutoSens_Tech_Talk', 'LinkedIn_Ad_Click', 'No_Conversion']",0
L023989,Daniel Lee,Raytheon,Semiconductor,APAC,Oscilloscopes,Sales Outreach,"['Keysight_Workshop_RF_Testing', 'Website_Product_Page', 'IMS_Badge_Scan', 'IMS_Badge_Scan', 'DesignCon_Booth_Visit', 'AutoSens_Tech_Talk', 'Loaner_Unit_Evaluation', 'Oscilloscope_Selector_Tool', 'PathWave_Trial_Request', 'MQL', 'Customer']",1
L023990,Daniel Tanaka,Tesla Energy,,APAC,Automotive Ethernet,LinkedIn,"['SQL', 'Technical_Demo', 'SQL', 'Customer']",1
L023991,Ahmed Patel,,,,,,"['Loaner_Unit_Evaluation', 'DesignCon_Booth_Visit', 'Keysight_University_Course', 'Opportunity', 'Keysight_Workshop_RF_Testing', 'SQL', 'Lab_Integration_Discussion', 'Application_Engineer_Call', 'Whitepaper_Download_5G_Test', 'Whitepaper_Download_5G_Test', 'No_Conversion']",0
L023992,Kenji Martinez,Samsung Electronics,Telecom,,,Event,"['Application_Engineer_Call', 'No_Conversion']",0
L023993,Priya Ito,Sony_Tech,Semiconductor,LATAM,5G Testbeds,,"['LinkedIn_Ad_Click', 'Technical_Demo', 'Opportunity', 'IMS_Badge_Scan', 'Keysight_Workshop_RF_Testing', 'Customer']",1
L023994,Sarah Patel,,Electronics,APAC,PathWave Software,Email Campaign,"['AutoSens_Tech_Talk', 'SQL', 'Technical_Demo', 'PathWave_Trial_Request', 'LinkedIn_Ad_Click', 'Customer']",1
L023995,,Bosch,,LATAM,PathWave Software,Sales Outreach,"['Lab_Integration_Discussion', 'No_Conversion']",0
L023996,,Infin_Tech,Telecom,APAC,Oscilloscopes,LinkedIn,"['Website_Product_Page', 'Keysight_University_Course', 'Application_Engineer_Call', 'Website_Product_Page', 'No_Conversion']",0
L023997,,Infineon,Electronics,LATAM,,Email Campaign,"['SQL', 'SQL', 'MQL', 'LinkedIn_Ad_Click', 'Application_Engineer_Call', 'Lab_Integration_Discussion', 'AutoSens_Tech_Talk', 'Technical_Demo', 'Customer']",1
L023998,Michael Patel,Qualcomm GmbH,,,,LinkedIn,"['LinkedIn_Ad_Click', 'Keysight_Workshop_RF_Testing', 'Keysight_University_Course', 'IMS_Badge_Scan', 'IMS_Badge_Scan', 'LinkedIn_Ad_Click', 'No_Conversion']",0
L023999,Maria Chen,NXP Semiconductors,Semiconductor,North America,Oscilloscopes,Webinar,"['Lab_Integration_Discussion', 'Whitepaper_Download_5G_Test', 'SQL', 'Customer']",1
L024000,Sofia Singh,Raytheon GmbH,,Europe,Automotive Ethernet,,"['MQL', 'Opportunity', 'Customer']",1
L024001,Sofia Chen,Rayth_Tech,Telecom,North America,,Sales Outreach,"['Oscilloscope_Selector_Tool', 'MQL', 'MQL', 'Customer']",1
L024002,Ahmed Anders,Meta Connectivity Labs,,,,Event,"['Opportunity', 'Website_Product_Page', 'DesignCon_Booth_Visit', 'No_Conversion']",0
L024003,,MetaC_Tech,,LATAM,,,"['Lab_Integration_Discussion', 'Website_Product_Page', 'Keysight_University_Course', 'Customer']",1
L024004,Daniel Chen,,Electronics,,,LinkedIn,"['LinkedIn_Ad_Click', 'Opportunity', 'Oscilloscope_Selector_Tool', 'No_Conversion']",0
L024005,Kenji Martinez,,,,,LinkedIn,"['Keysight_Workshop_RF_Testing', 'SQL', 'AutoSens_Tech_Talk', 'Customer']",1
L024006,Daniel Johnson,,Automotive,,,Event,['Customer'],1
L024007,Ahmed Lee,,Aerospace,Europe,Automotive Ethernet,Website,"['Opportunity', 'Application_Engineer_Call', 'Technical_Demo', 'SQL', 'Website_Product_Page', 'Oscilloscope_Selector_Tool', 'No_Conversion']",0
L024008,Ahmed Patel,Qualcomm,,,,Sales Outreach,"['DesignCon_Booth_Visit', 'IMS_Badge_Scan', 'IMS_Badge_Scan', 'Whitepaper_Download_5G_Test', 'Website_Product_Page', 'IMS_Badge_Scan', 'IMS_Badge_Scan', 'Whitepaper_Download_5G_Test', 'Keysight_University_Course', 'SQL', 'Customer']",1
L024009,,Raytheon GmbH,Automotive,Europe,,Event,['No_Conversion'],0
L024010,Priya Johnson,Broad_Tech,,LATAM,5G Testbeds,Email Campaign,"['Website_Product_Page', 'Lab_Integration_Discussion', 'Keysight_University_Course', 'PathWave_Trial_Request', 'Customer']",1
L024011,Priya Tanaka,Qualc_Tech,,North America,,LinkedIn,"['DesignCon_Booth_Visit', 'PathWave_Trial_Request', 'Technical_Demo', 'Technical_Demo', 'MQL', 'Customer']",1
L024012,Hiroshi Anders,,,Europe,Automotive Ethernet,Sales Outreach,"['Opportunity', 'Opportunity', 'Keysight_University_Course', 'PathWave_Trial_Request', 'Website_Product_Page', 'Loaner_Unit_Evaluation', 'Customer']",1
L024013,Hiroshi Martinez,Tesla Energy GmbH,Semiconductor,Europe,Oscilloscopes,Event,"['Whitepaper_Download_5G_Test', 'Lab_Integration_Discussion', 'Technical_Demo', 'No_Conversion']",0
L024014,Hiroshi Singh,Sony GmbH,Telecom,,5G Testbeds,Sales Outreach,['No_Conversion'],0
L024015,Laura Lee,Meta Connectivity Labs GmbH,Electronics,North America,,Event,"['Opportunity', 'Website_Product_Page', 'No_Conversion']",0
L024016,Kenji Martinez,Qualcomm GmbH,Telecom,,,Sales Outreach,"['DesignCon_Booth_Visit', 'Keysight_Workshop_RF_Testing', 'Loaner_Unit_Evaluation', 'Application_Engineer_Call', 'Lab_Integration_Discussion', 'Lab_Integration_Discussion', 'Opportunity', 'AutoSens_Tech_Talk', 'Loaner_Unit_Evaluation', 'No_Conversion']",0
L024017,Daniel Johnson,,Electronics,North America,Oscilloscopes,Website,"['IMS_Badge_Scan', 'Keysight_Workshop_RF_Testing', 'Technical_Demo', 'DesignCon_Booth_Visit', 'Opportunity', 'No_Conversion']",0
L024018,Ravi Patel,Samsu_Tech,Telecom,,PathWave Software,Webinar,"['Application_Engineer_Call', 'MQL', 'AutoSens_Tech_Talk', 'Customer']",1
L024019,Priya Lee,,Aerospace,APAC,5G Testbeds,Event,"['Whitepaper_Download_5G_Test', 'Opportunity', 'Whitepaper_Download_5G_Test', 'AutoSens_Tech_Talk', 'Website_Product_Page', 'No_Conversion']",0
L024020,Ravi Tanaka,Sony_Tech,Aerospace,LATAM,,Event,['No_Conversion'],0
L024021,Sarah Khan,Samsung Electronics GmbH,,Europe,,Event,"['PathWave_Trial_Request', 'Oscilloscope_Selector_Tool', 'No_Conversion']",0
L024022,Chen Anders,,Automotive,Europe,,LinkedIn,"['SQL', 'Loaner_Unit_Evaluation', 'Lab_Integration_Discussion', 'No_Conversion']",0
L024023,Michael Ito,Qualc_Tech,Automotive,,,Website,"['Oscilloscope_Selector_Tool', 'No_Conversion']",0
L024024,,MetaC_Tech,Telecom,Europe,Oscilloscopes,LinkedIn,"['SQL', 'Lab_Integration_Discussion', 'Oscilloscope_Selector_Tool', 'MQL', 'Whitepaper_Download_5G_Test', 'DesignCon_Booth_Visit', 'Customer']",1
L024025,Kenji Chen,Bosch,Aerospace,LATAM,,Event,"['Whitepaper_Download_5G_Test', 'PathWave_Trial_Request', 'Lab_Integration_Discussion', 'DesignCon_Booth_Visit', 'IMS_Badge_Scan', 'No_Conversion']",0
L024026,Sofia Patel,Bosch GmbH,,Europe,PathWave Software,,"['IMS_Badge_Scan', 'IMS_Badge_Scan', 'Technical_Demo', 'Opportunity', 'Lab_Integration_Discussion', 'Whitepaper_Download_5G_Test', 'IMS_Badge_Scan', 'No_Conversion']",0
L024027,Sarah Garcia,NXP Semiconductors GmbH,Semiconductor,LATAM,Oscilloscopes,,"['Website_Product_Page', 'AutoSens_Tech_Talk', 'Customer']",1
L024028,Priya Khan,Meta Connectivity Labs,Aerospace,Europe,,Event,"['Lab_Integration_Discussion', 'PathWave_Trial_Request', 'DesignCon_Booth_Visit', 'MQL', 'Keysight_University_Course', 'MQL', 'Keysight_University_Course', 'Customer']",1
L024029,Michael Garcia,Bosch_Tech,Aerospace,LATAM,,Webinar,"['Technical_Demo', 'DesignCon_Booth_Visit', 'Technical_Demo', 'DesignCon_Booth_Visit', 'Loaner_Unit_Evaluation', 'SQL', 'Keysight_University_Course', 'No_Conversion']",0
L024030,Maria Johnson,Raytheon GmbH,Telecom,APAC,PathWave Software,LinkedIn,"['Application_Engineer_Call', 'DesignCon_Booth_Visit', 'MQL', 'Customer']",1
L024031,Michael Martinez,NXP Semiconductors GmbH,Telecom,LATAM,,,"['PathWave_Trial_Request', 'DesignCon_Booth_Visit', 'Whitepaper_Download_5G_Test', 'Technical_Demo', 'AutoSens_Tech_Talk', 'IMS_Badge_Scan', 'Lab_Integration_Discussion', 'MQL', 'No_Conversion']",0
L024032,Hiroshi Williams,Broad_Tech,Semiconductor,,,Sales Outreach,"['Keysight_Workshop_RF_Testing', 'Opportunity', 'DesignCon_Booth_Visit', 'Loaner_Unit_Evaluation', 'Website_Product_Page', 'Technical_Demo', 'DesignCon_Booth_Visit', 'Customer']",1
L024033,Michael Chen,Raytheon,Electronics,North America,5G Testbeds,Event,"['Website_Product_Page', 'No_Conversion']",0
L024034,Sofia Ito,NXP Semiconductors,,APAC,5G Testbeds,Sales Outreach,"['Lab_Integration_Discussion', 'Oscilloscope_Selector_Tool', 'Technical_Demo', 'Technical_Demo', 'Website_Product_Page', 'LinkedIn_Ad_Click', 'No_Conversion']",0
L024035,Michael Patel,Samsung Electronics GmbH,Aerospace,North America,Oscilloscopes,Email Campaign,"['Website_Product_Page', 'Lab_Integration_Discussion', 'PathWave_Trial_Request', 'IMS_Badge_Scan', 'SQL', 'Customer']",1
L024036,Hiroshi Tanaka,Bosch GmbH,Automotive,APAC,,,"['Website_Product_Page', 'Keysight_University_Course', 'Website_Product_Page', 'IMS_Badge_Scan', 'Oscilloscope_Selector_Tool', 'No_Conversion']",0
L024037,Ahmed Ito,Meta Connectivity Labs GmbH,Electronics,,,Webinar,['Customer'],1
L024038,Hiroshi Anders,NXP Semiconductors GmbH,Electronics,,,Sales Outreach,"['Loaner_Unit_Evaluation', 'Keysight_Workshop_RF_Testing', 'Technical_Demo', 'Keysight_University_Course', 'Keysight_University_Course', 'Application_Engineer_Call', 'Customer']",1
L024039,Hiroshi Chen,Infineon GmbH,Automotive,,,LinkedIn,"['IMS_Badge_Scan', 'PathWave_Trial_Request', 'Keysight_University_Course', 'Oscilloscope_Selector_Tool', 'Lab_Integration_Discussion', 'Whitepaper_Download_5G_Test', 'IMS_Badge_Scan', 'Whitepaper_Download_5G_Test', 'Oscilloscope_Selector_Tool', 'Customer']",1
L024040,Ravi Garcia,Qualcomm,Automotive,APAC,,LinkedIn,"['Keysight_Workshop_RF_Testing', 'DesignCon_Booth_Visit', 'Keysight_Workshop_RF_Testing', 'Opportunity', 'Whitepaper_Download_5G_Test', 'MQL', 'Lab_Integration_Discussion', 'LinkedIn_Ad_Click', 'IMS_Badge_Scan', 'Whitepaper_Download_5G_Test', 'Customer']",1
L024041,Kenji Anders,Raytheon GmbH,,Europe,Oscilloscopes,Webinar,"['Whitepaper_Download_5G_Test', 'Keysight_University_Course', 'Technical_Demo', 'PathWave_Trial_Request', 'Whitepaper_Download_5G_Test', 'AutoSens_Tech_Talk', 'Customer']",1
L024042,Sarah Martinez,Bosch,Electronics,North America,,Sales Outreach,"['Keysight_Workshop_RF_Testing', 'LinkedIn_Ad_Click', 'IMS_Badge_Scan', 'Technical_Demo', 'LinkedIn_Ad_Click', 'MQL', 'IMS_Badge_Scan', 'MQL', 'Lab_Integration_Discussion', 'AutoSens_Tech_Talk', 'No_Conversion']",0
L024043,Ahmed Khan,,Electronics,Europe,,Website,"['Opportunity', 'PathWave_Trial_Request', 'Loaner_Unit_Evaluation', 'Website_Product_Page', 'LinkedIn_Ad_Click', 'No_Conversion']",0
L024044,Laura Martinez,Raytheon GmbH,Aerospace,Europe,PathWave Software,LinkedIn,"['Lab_Integration_Discussion', 'IMS_Badge_Scan', 'Lab_Integration_Discussion', 'Application_Engineer_Call', 'Loaner_Unit_Evaluation', 'Customer']",1
L024045,Ravi Patel,Sony GmbH,Automotive,North America,Oscilloscopes,,"['Lab_Integration_Discussion', 'PathWave_Trial_Request', 'Opportunity', 'Loaner_Unit_Evaluation', 'LinkedIn_Ad_Click', 'Website_Product_Page', 'Technical_Demo', 'Lab_Integration_Discussion', 'Application_Engineer_Call', 'IMS_Badge_Scan', 'No_Conversion']",0
L024046,Daniel Lee,Sony,Aerospace,LATAM,Automotive Ethernet,Email Campaign,"['Loaner_Unit_Evaluation', 'AutoSens_Tech_Talk', 'PathWave_Trial_Request', 'AutoSens_Tech_Talk', 'SQL', 'Keysight_Workshop_RF_Testing', 'No_Conversion']",0
L024047,Chen Lee,Raytheon,Telecom,Europe,PathWave Software,Email Campaign,"['LinkedIn_Ad_Click', 'Lab_Integration_Discussion', 'SQL', 'Whitepaper_Download_5G_Test', 'No_Conversion']",0
L024048,Ravi Chen,Meta Connectivity Labs,Aerospace,APAC,Automotive Ethernet,Webinar,"['PathWave_Trial_Request', 'No_Conversion']",0
L024049,Ravi Chen,Raytheon,Aerospace,Europe,Oscilloscopes,Email Campaign,"['Loaner_Unit_Evaluation', 'Loaner_Unit_Evaluation', 'Keysight_Workshop_RF_Testing', 'MQL', 'Customer']",1
L024050,Daniel Lee,Infineon,Aerospace,North America,,Website,"['AutoSens_Tech_Talk', 'Application_Engineer_Call', 'IMS_Badge_Scan', 'Loaner_Unit_Evaluation', 'Loaner_Unit_Evaluation', 'Keysight_Workshop_RF_Testing', 'Keysight_University_Course', 'DesignCon_Booth_Visit', 'No_Conversion']",0
L024051,Laura Tanaka,Meta Connectivity Labs,Automotive,APAC,PathWave Software,Webinar,"['Lab_Integration_Discussion', 'Website_Product_Page', 'Website_Product_Page', 'DesignCon_Booth_Visit', 'Keysight_University_Course', 'No_Conversion']",0
L024052,Ravi Garcia,Bosch,Semiconductor,,,,"['Whitepaper_Download_5G_Test', 'Technical_Demo', 'Customer']",1
L024053,Laura Ito,NXPSe_Tech,,,5G Testbeds,,"['Keysight_University_Course', 'MQL', 'No_Conversion']",0
L024054,Priya Khan,Meta Connectivity Labs,Aerospace,APAC,Oscilloscopes,LinkedIn,"['AutoSens_Tech_Talk', 'Lab_Integration_Discussion', 'Application_Engineer_Call', 'Application_Engineer_Call', 'No_Conversion']",0
L024055,Hiroshi Garcia,,,,Oscilloscopes,Website,"['IMS_Badge_Scan', 'Keysight_Workshop_RF_Testing', 'Oscilloscope_Selector_Tool', 'Website_Product_Page', 'Opportunity', 'Lab_Integration_Discussion', 'Oscilloscope_Selector_Tool', 'Oscilloscope_Selector_Tool', 'Customer']",1
L024056,Daniel Williams,,Electronics,North America,,LinkedIn,"['Loaner_Unit_Evaluation', 'DesignCon_Booth_Visit', 'SQL', 'No_Conversion']",0
L024057,Chen Chen,Qualcomm,Telecom,APAC,,LinkedIn,"['Application_Engineer_Call', 'Website_Product_Page', 'IMS_Badge_Scan', 'DesignCon_Booth_Visit', 'PathWave_Trial_Request', 'No_Conversion']",0
L024058,Sarah Singh,Raytheon,Electronics,Europe,PathWave Software,Webinar,"['PathWave_Trial_Request', 'PathWave_Trial_Request', 'Lab_Integration_Discussion', 'Whitepaper_Download_5G_Test', 'PathWave_Trial_Request', 'No_Conversion']",0
L024059,Kenji Williams,NXPSe_Tech,Aerospace,Europe,5G Testbeds,Email Campaign,['No_Conversion'],0
L024060,Hiroshi Khan,Tesla Energy GmbH,Semiconductor,,5G Testbeds,Sales Outreach,"['Oscilloscope_Selector_Tool', 'PathWave_Trial_Request', 'SQL', 'AutoSens_Tech_Talk', 'Oscilloscope_Selector_Tool', 'Loaner_Unit_Evaluation', 'Customer']",1
L024061,Chen Tanaka,Samsu_Tech,,APAC,5G Testbeds,Event,"['AutoSens_Tech_Talk', 'Application_Engineer_Call', 'Loaner_Unit_Evaluation', 'Application_Engineer_Call', 'Opportunity', 'Technical_Demo', 'Customer']",1
L024062,Kenji Williams,Infin_Tech,Electronics,APAC,Automotive Ethernet,,"['Loaner_Unit_Evaluation', 'PathWave_Trial_Request', 'No_Conversion']",0
L024063,,Sony GmbH,Electronics,LATAM,Oscilloscopes,Webinar,"['Keysight_Workshop_RF_Testing', 'Website_Product_Page', 'Application_Engineer_Call', 'Website_Product_Page', 'Website_Product_Page', 'PathWave_Trial_Request', 'Keysight_Workshop_RF_Testing', 'Whitepaper_Download_5G_Test', 'SQL', 'MQL', 'No_Conversion']",0
L024064,Maria Johnson,Samsung Electronics GmbH,,Europe,,LinkedIn,"['MQL', 'No_Conversion']",0
L024065,Michael Chen,Sony,Electronics,Europe,,Email Campaign,['No_Conversion'],0
L024066,Kenji Johnson,Broadcom GmbH,,APAC,5G Testbeds,LinkedIn,['No_Conversion'],0
L024067,Sofia Ito,Broadcom,Semiconductor,LATAM,Oscilloscopes,Website,['Customer'],1
L024068,Laura Garcia,,Semiconductor,North America,,,"['Website_Product_Page', 'Keysight_University_Course', 'Customer']",1
L024069,Sarah Patel,Bosch GmbH,Telecom,,,Website,"['SQL', 'MQL', 'IMS_Badge_Scan', 'LinkedIn_Ad_Click', 'IMS_Badge_Scan', 'LinkedIn_Ad_Click', 'Customer']",1
L024070,Maria Patel,Tesla Energy,,North America,,Website,"['PathWave_Trial_Request', 'Whitepaper_Download_5G_Test', 'IMS_Badge_Scan', 'Keysight_Workshop_RF_Testing', 'No_Conversion']",0
L024071,,Bosch GmbH,Semiconductor,LATAM,5G Testbeds,Website,"['Application_Engineer_Call', 'Oscilloscope_Selector_Tool', 'Opportunity', 'Keysight_University_Course', 'IMS_Badge_Scan', 'Application_Engineer_Call', 'Lab_Integration_Discussion', 'Technical_Demo', 'LinkedIn_Ad_Click', 'Customer']",1
L024072,Kenji Ito,NXP Semiconductors GmbH,,Europe,,,['Customer'],1
L024073,Sofia Anders,Raytheon GmbH,Telecom,,Automotive Ethernet,,"['Loaner_Unit_Evaluation', 'DesignCon_Booth_Visit', 'Technical_Demo', 'Application_Engineer_Call', 'PathWave_Trial_Request', 'Customer']",1
L024074,Sofia Ito,Sony GmbH,,APAC,,LinkedIn,"['Technical_Demo', 'No_Conversion']",0
L024075,Michael Martinez,Samsung Electronics,,Europe,5G Testbeds,Website,"['Loaner_Unit_Evaluation', 'Oscilloscope_Selector_Tool', 'Customer']",1
L024076,,,Semiconductor,,,LinkedIn,"['Website_Product_Page', 'Technical_Demo', 'No_Conversion']",0
L024077,Laura Chen,NXPSe_Tech,,North America,PathWave Software,LinkedIn,"['Oscilloscope_Selector_Tool', 'PathWave_Trial_Request', 'Whitepaper_Download_5G_Test', 'Customer']",1
L024078,Sarah Martinez,,,APAC,,Email Campaign,"['Application_Engineer_Call', 'AutoSens_Tech_Talk', 'Customer']",1
L024079,,Qualcomm GmbH,Automotive,APAC,,LinkedIn,"['Website_Product_Page', 'LinkedIn_Ad_Click', 'PathWave_Trial_Request', 'Technical_Demo', 'Whitepaper_Download_5G_Test', 'IMS_Badge_Scan', 'Technical_Demo', 'No_Conversion']",0
L024080,Ravi Martinez,MetaC_Tech,,North America,Automotive Ethernet,,"['AutoSens_Tech_Talk', 'IMS_Badge_Scan', 'Customer']",1
L024081,Priya Johnson,Samsung Electronics GmbH,Automotive,LATAM,,Sales Outreach,"['Keysight_Workshop_RF_Testing', 'MQL', 'Opportunity', 'LinkedIn_Ad_Click', 'MQL', 'Customer']",1
L024082,Maria Garcia,Qualcomm GmbH,Telecom,LATAM,PathWave Software,LinkedIn,"['DesignCon_Booth_Visit', 'DesignCon_Booth_Visit', 'LinkedIn_Ad_Click', 'Customer']",1
L024083,Ahmed Chen,,Aerospace,,Automotive Ethernet,Email Campaign,"['Keysight_Workshop_RF_Testing', 'Whitepaper_Download_5G_Test', 'DesignCon_Booth_Visit', 'Loaner_Unit_Evaluation', 'Customer']",1
L024084,,Sony GmbH,Electronics,APAC,,Website,"['Loaner_Unit_Evaluation', 'Keysight_University_Course', 'DesignCon_Booth_Visit', 'No_Conversion']",0
L024085,,NXP Semiconductors GmbH,Semiconductor,LATAM,Oscilloscopes,Event,"['Lab_Integration_Discussion', 'IMS_Badge_Scan', 'Keysight_University_Course', 'Customer']",1
L024086,Priya Anders,Meta Connectivity Labs GmbH,Semiconductor,,PathWave Software,Website,"['DesignCon_Booth_Visit', 'PathWave_Trial_Request', 'Whitepaper_Download_5G_Test', 'Whitepaper_Download_5G_Test', 'Loaner_Unit_Evaluation', 'SQL', 'Website_Product_Page', 'DesignCon_Booth_Visit', 'No_Conversion']",0
L024087,Kenji Singh,Broadcom GmbH,,North America,PathWave Software,,"['SQL', 'Technical_Demo', 'Loaner_Unit_Evaluation', 'Application_Engineer_Call', 'Technical_Demo', 'DesignCon_Booth_Visit', 'SQL', 'Customer']",1
L024088,Sofia Martinez,,,Europe,PathWave Software,Event,"['Keysight_Workshop_RF_Testing', 'IMS_Badge_Scan', 'Oscilloscope_Selector_Tool', 'Oscilloscope_Selector_Tool', 'Application_Engineer_Call', 'No_Conversion']",0
L024089,Sarah Tanaka,,,APAC,,Email Campaign,"['DesignCon_Booth_Visit', 'Whitepaper_Download_5G_Test', 'Oscilloscope_Selector_Tool', 'AutoSens_Tech_Talk', 'Lab_Integration_Discussion', 'Opportunity', 'Customer']",1
L024090,Sofia Patel,Infineon,Automotive,,Oscilloscopes,LinkedIn,"['Website_Product_Page', 'Keysight_Workshop_RF_Testing', 'Opportunity', 'No_Conversion']",0
L024091,Laura Garcia,Qualcomm,Aerospace,APAC,,Email Campaign,"['PathWave_Trial_Request', 'Customer']",1
L024092,Sofia Johnson,Tesla_Tech,Telecom,APAC,,LinkedIn,"['Oscilloscope_Selector_Tool', 'Lab_Integration_Discussion', 'LinkedIn_Ad_Click', 'Application_Engineer_Call', 'Application_Engineer_Call', 'Keysight_University_Course', 'DesignCon_Booth_Visit', 'SQL', 'Customer']",1
L024093,Kenji Lee,Raytheon,,North America,,Webinar,"['Keysight_Workshop_RF_Testing', 'Keysight_University_Course', 'Keysight_Workshop_RF_Testing', 'Opportunity', 'Website_Product_Page', 'DesignCon_Booth_Visit', 'SQL', 'Lab_Integration_Discussion', 'Customer']",1
L024094,Michael Lee,Sony,Aerospace,LATAM,,Website,"['Oscilloscope_Selector_Tool', 'MQL', 'Loaner_Unit_Evaluation', 'SQL', 'PathWave_Trial_Request', 'Keysight_Workshop_RF_Testing', 'Customer']",1
L024095,Chen Ito,Samsung Electronics,Telecom,North America,,Website,"['SQL', 'Keysight_Workshop_RF_Testing', 'Keysight_Workshop_RF_Testing', 'Technical_Demo', 'Oscilloscope_Selector_Tool', 'MQL', 'DesignCon_Booth_Visit', 'Keysight_University_Course', 'PathWave_Trial_Request', 'Technical_Demo', 'Customer']",1
L024096,Hiroshi Lee,Sony,,,,Email Campaign,"['DesignCon_Booth_Visit', 'AutoSens_Tech_Talk', 'No_Conversion']",0
L024097,Ravi Martinez,Sony_Tech,Automotive,LATAM,Oscilloscopes,Website,"['Whitepaper_Download_5G_Test', 'Opportunity', 'LinkedIn_Ad_Click', 'Lab_Integration_Discussion', 'Keysight_Workshop_RF_Testing', 'MQL', 'Technical_Demo', 'IMS_Badge_Scan', 'No_Conversion']",0
L024098,Laura Chen,Samsung Electronics GmbH,Telecom,,,Sales Outreach,"['Technical_Demo', 'IMS_Badge_Scan', 'Technical_Demo', 'LinkedIn_Ad_Click', 'AutoSens_Tech_Talk', 'No_Conversion']",0
L024099,Maria Anders,,Telecom,,PathWave Software,Webinar,"['MQL', 'LinkedIn_Ad_Click', 'Application_Engineer_Call', 'IMS_Badge_Scan', 'Lab_Integration_Discussion', 'Lab_Integration_Discussion', 'Lab_Integration_Discussion', 'Customer']",1
L024100,Sarah Patel,,Automotive,,Oscilloscopes,Sales Outreach,"['Opportunity', 'DesignCon_Booth_Visit', 'No_Conversion']",0
L024101,Daniel Lee,Infineon,Aerospace,Europe,,Email Campaign,"['Oscilloscope_Selector_Tool', 'No_Conversion']",0
L024102,Ravi Garcia,,,,,Webinar,"['Opportunity', 'Application_Engineer_Call', 'Technical_Demo', 'Customer']",1
L024103,Kenji Tanaka,Broadcom GmbH,Aerospace,North America,,,"['IMS_Badge_Scan', 'Oscilloscope_Selector_Tool', 'AutoSens_Tech_Talk', 'SQL', 'Keysight_University_Course', 'Customer']",1
L024104,Michael Singh,Sony_Tech,,Europe,,LinkedIn,"['Oscilloscope_Selector_Tool', 'Keysight_Workshop_RF_Testing', 'Keysight_Workshop_RF_Testing', 'Oscilloscope_Selector_Tool', 'DesignCon_Booth_Visit', 'Opportunity', 'No_Conversion']",0
L024105,Laura Anders,Raytheon GmbH,Automotive,North America,PathWave Software,Sales Outreach,"['Oscilloscope_Selector_Tool', 'LinkedIn_Ad_Click', 'Opportunity', 'Opportunity', 'Keysight_Workshop_RF_Testing', 'AutoSens_Tech_Talk', 'Technical_Demo', 'Keysight_University_Course', 'No_Conversion']",0
L024106,Ahmed Martinez,NXP Semiconductors,Aerospace,Europe,Automotive Ethernet,Website,"['MQL', 'SQL', 'AutoSens_Tech_Talk', 'Loaner_Unit_Evaluation', 'Oscilloscope_Selector_Tool', 'AutoSens_Tech_Talk', 'Application_Engineer_Call', 'IMS_Badge_Scan', 'LinkedIn_Ad_Click', 'Website_Product_Page', 'No_Conversion']",0
L024107,Hiroshi Anders,Bosch GmbH,Telecom,APAC,5G Testbeds,,"['Oscilloscope_Selector_Tool', 'Lab_Integration_Discussion', 'Application_Engineer_Call', 'Keysight_University_Course', 'SQL', 'No_Conversion']",0
L024108,Laura Garcia,,Automotive,,,Sales Outreach,"['PathWave_Trial_Request', 'SQL', 'Keysight_University_Course', 'Customer']",1
L024109,Maria Singh,Tesla Energy GmbH,Electronics,APAC,,,"['IMS_Badge_Scan', 'Keysight_University_Course', 'Whitepaper_Download_5G_Test', 'Lab_Integration_Discussion', 'Application_Engineer_Call', 'Lab_Integration_Discussion', 'MQL', 'No_Conversion']",0
L024110,,Sony,,North America,,Webinar,"['Lab_Integration_Discussion', 'PathWave_Trial_Request', 'Lab_Integration_Discussion', 'MQL', 'AutoSens_Tech_Talk', 'Keysight_Workshop_RF_Testing', 'Opportunity', 'Customer']",1
L024111,Sofia Lee,Qualcomm GmbH,,LATAM,PathWave Software,,['No_Conversion'],0
L024112,Priya Patel,NXP Semiconductors,Automotive,,5G Testbeds,Website,"['Opportunity', 'Technical_Demo', 'Website_Product_Page', 'Lab_Integration_Discussion', 'IMS_Badge_Scan', 'Opportunity', 'Lab_Integration_Discussion', 'MQL', 'Website_Product_Page', 'IMS_Badge_Scan', 'No_Conversion']",0
L024113,Sarah Lee,,,North America,Automotive Ethernet,Website,"['Lab_Integration_Discussion', 'IMS_Badge_Scan', 'MQL', 'No_Conversion']",0
L024114,Michael Williams,,Telecom,,Oscilloscopes,,"['Keysight_Workshop_RF_Testing', 'Whitepaper_Download_5G_Test', 'Keysight_Workshop_RF_Testing', 'SQL', 'Technical_Demo', 'Website_Product_Page', 'No_Conversion']",0
L024115,Priya Ito,Samsung Electronics GmbH,Semiconductor,LATAM,5G Testbeds,Sales Outreach,"['Keysight_Workshop_RF_Testing', 'Website_Product_Page', 'Loaner_Unit_Evaluation', 'Technical_Demo', 'Keysight_Workshop_RF_Testing', 'Customer']",1
L024116,,Tesla Energy GmbH,Telecom,APAC,Automotive Ethernet,Sales Outreach,['No_Conversion'],0
L024117,Michael Khan,Qualc_Tech,Automotive,Europe,Oscilloscopes,Event,"['Keysight_University_Course', 'No_Conversion']",0
L024118,Sofia Anders,,Semiconductor,North America,Oscilloscopes,Website,"['Technical_Demo', 'Loaner_Unit_Evaluation', 'Whitepaper_Download_5G_Test', 'Application_Engineer_Call', 'MQL', 'Customer']",1
L024119,Laura Johnson,Samsung Electronics,Aerospace,Europe,Oscilloscopes,Sales Outreach,"['AutoSens_Tech_Talk', 'Lab_Integration_Discussion', 'SQL', 'Customer']",1
L024120,Daniel Lee,Samsung Electronics,Automotive,,Oscilloscopes,Event,"['Whitepaper_Download_5G_Test', 'Loaner_Unit_Evaluation', 'AutoSens_Tech_Talk', 'Application_Engineer_Call', 'Customer']",1
L024121,Sarah Lee,,Aerospace,APAC,Oscilloscopes,Webinar,"['Lab_Integration_Discussion', 'MQL', 'Technical_Demo', 'Whitepaper_Download_5G_Test', 'Technical_Demo', 'AutoSens_Tech_Talk', 'IMS_Badge_Scan', 'No_Conversion']",0
L024122,Sofia Johnson,Qualcomm,Aerospace,APAC,Automotive Ethernet,Sales Outreach,"['Lab_Integration_Discussion', 'SQL', 'Oscilloscope_Selector_Tool', 'PathWave_Trial_Request', 'Oscilloscope_Selector_Tool', 'IMS_Badge_Scan', 'No_Conversion']",0
L024123,Maria Anders,Rayth_Tech,,,,LinkedIn,"['Loaner_Unit_Evaluation', 'Customer']",1
L024124,Chen Patel,NXP Semiconductors,Automotive,APAC,Automotive Ethernet,Sales Outreach,"['SQL', 'Oscilloscope_Selector_Tool', 'SQL', 'Keysight_Workshop_RF_Testing', 'Customer']",1
L024125,Maria Patel,Raytheon,,,Automotive Ethernet,Email Campaign,"['Loaner_Unit_Evaluation', 'LinkedIn_Ad_Click', 'Keysight_University_Course', 'Keysight_University_Course', 'PathWave_Trial_Request', 'IMS_Badge_Scan', 'Technical_Demo', 'Lab_Integration_Discussion', 'No_Conversion']",0
L024126,,,Electronics,APAC,5G Testbeds,LinkedIn,['No_Conversion'],0
L024127,Maria Chen,Infin_Tech,,North America,,Email Campaign,"['DesignCon_Booth_Visit', 'Loaner_Unit_Evaluation', 'Opportunity', 'Loaner_Unit_Evaluation', 'Customer']",1
L024128,Ravi Patel,NXP Semiconductors,Telecom,LATAM,Oscilloscopes,LinkedIn,"['Lab_Integration_Discussion', 'Keysight_University_Course', 'MQL', 'Whitepaper_Download_5G_Test', 'No_Conversion']",0
L024129,Sofia Khan,NXP Semiconductors GmbH,Aerospace,,Oscilloscopes,Website,"['Keysight_Workshop_RF_Testing', 'Lab_Integration_Discussion', 'Application_Engineer_Call', 'Whitepaper_Download_5G_Test', 'No_Conversion']",0
L024130,Ahmed Chen,Raytheon,,LATAM,,Website,"['Loaner_Unit_Evaluation', 'Technical_Demo', 'Keysight_University_Course', 'Keysight_University_Course', 'Lab_Integration_Discussion', 'AutoSens_Tech_Talk', 'Application_Engineer_Call', 'No_Conversion']",0
L024131,Ahmed Lee,Infineon,Electronics,North America,,Event,"['Website_Product_Page', 'No_Conversion']",0
L024132,Kenji Ito,Qualcomm GmbH,Semiconductor,Europe,,Email Campaign,"['Keysight_Workshop_RF_Testing', 'Customer']",1
L024133,Ravi Patel,Sony,Telecom,,5G Testbeds,Event,"['Application_Engineer_Call', 'Keysight_University_Course', 'Keysight_Workshop_RF_Testing', 'Loaner_Unit_Evaluation', 'LinkedIn_Ad_Click', 'Lab_Integration_Discussion', 'No_Conversion']",0
L024134,Chen Chen,Raytheon GmbH,Electronics,North America,Oscilloscopes,Webinar,"['PathWave_Trial_Request', 'Loaner_Unit_Evaluation', 'DesignCon_Booth_Visit', 'DesignCon_Booth_Visit', 'Application_Engineer_Call', 'AutoSens_Tech_Talk', 'Loaner_Unit_Evaluation', 'Opportunity', 'No_Conversion']",0
L024135,Michael Williams,Samsung Electronics,,APAC,Automotive Ethernet,Email Campaign,['Customer'],1
L024136,Ravi Khan,,Semiconductor,Europe,Oscilloscopes,Sales Outreach,"['Application_Engineer_Call', 'Keysight_University_Course', 'Loaner_Unit_Evaluation', 'AutoSens_Tech_Talk', 'Application_Engineer_Call', 'Application_Engineer_Call', 'Application_Engineer_Call', 'Whitepaper_Download_5G_Test', 'Technical_Demo', 'Keysight_Workshop_RF_Testing', 'No_Conversion']",0
L024137,Kenji Martinez,Meta Connectivity Labs,Automotive,North America,PathWave Software,LinkedIn,"['DesignCon_Booth_Visit', 'IMS_Badge_Scan', 'Lab_Integration_Discussion', 'Website_Product_Page', 'Customer']",1
L024138,Chen Anders,,,Europe,,LinkedIn,"['Keysight_University_Course', 'Customer']",1
L024139,Laura Lee,Infineon,,,,Event,"['Keysight_University_Course', 'Customer']",1
L024140,Priya Lee,,Aerospace,Europe,,LinkedIn,['No_Conversion'],0
L024141,Kenji Tanaka,NXP Semiconductors,Aerospace,North America,,Website,"['Keysight_Workshop_RF_Testing', 'Application_Engineer_Call', 'No_Conversion']",0
L024142,Priya Martinez,Sony_Tech,Semiconductor,Europe,,LinkedIn,['Customer'],1
L024143,Chen Chen,Broad_Tech,Automotive,North America,,,['No_Conversion'],0
L024144,Hiroshi Johnson,Infineon,Aerospace,Europe,PathWave Software,Event,"['DesignCon_Booth_Visit', 'MQL', 'DesignCon_Booth_Visit', 'Loaner_Unit_Evaluation', 'Application_Engineer_Call', 'Whitepaper_Download_5G_Test', 'Technical_Demo', 'PathWave_Trial_Request', 'Opportunity', 'No_Conversion']",0
L024145,Hiroshi Garcia,Qualcomm GmbH,Electronics,Europe,Oscilloscopes,Email Campaign,"['Oscilloscope_Selector_Tool', 'Customer']",1
L024146,Ravi Martinez,NXPSe_Tech,Electronics,LATAM,5G Testbeds,Webinar,"['Whitepaper_Download_5G_Test', 'Keysight_Workshop_RF_Testing', 'Website_Product_Page', 'Keysight_Workshop_RF_Testing', 'PathWave_Trial_Request', 'Oscilloscope_Selector_Tool', 'Lab_Integration_Discussion', 'Opportunity', 'Keysight_University_Course', 'Customer']",1
L024147,Sarah Tanaka,Qualc_Tech,Aerospace,Europe,5G Testbeds,Event,"['SQL', 'DesignCon_Booth_Visit', 'SQL', 'Loaner_Unit_Evaluation', 'Application_Engineer_Call', 'Lab_Integration_Discussion', 'Application_Engineer_Call', 'No_Conversion']",0
L024148,Daniel Williams,,,North America,,,"['Website_Product_Page', 'Keysight_University_Course', 'Opportunity', 'Technical_Demo', 'Whitepaper_Download_5G_Test', 'Customer']",1
L024149,Priya Anders,NXPSe_Tech,Automotive,,Automotive Ethernet,Sales Outreach,"['Application_Engineer_Call', 'DesignCon_Booth_Visit', 'LinkedIn_Ad_Click', 'Opportunity', 'No_Conversion']",0
L024150,Sarah Martinez,Tesla_Tech,Telecom,APAC,,Website,"['Whitepaper_Download_5G_Test', 'SQL', 'PathWave_Trial_Request', 'Customer']",1
L024151,Maria Lee,Broad_Tech,,,Automotive Ethernet,Website,['Customer'],1
L024152,Daniel Johnson,Rayth_Tech,,LATAM,Oscilloscopes,Webinar,"['PathWave_Trial_Request', 'SQL', 'Lab_Integration_Discussion', 'IMS_Badge_Scan', 'SQL', 'Opportunity', 'Lab_Integration_Discussion', 'No_Conversion']",0
L024153,Ravi Singh,Sony,Automotive,LATAM,5G Testbeds,,"['Keysight_University_Course', 'Keysight_University_Course', 'AutoSens_Tech_Talk', 'Oscilloscope_Selector_Tool', 'Whitepaper_Download_5G_Test', 'LinkedIn_Ad_Click', 'MQL', 'Keysight_University_Course', 'Customer']",1
L024154,Ahmed Johnson,Sony,Aerospace,North America,Oscilloscopes,Sales Outreach,"['AutoSens_Tech_Talk', 'PathWave_Trial_Request', 'Loaner_Unit_Evaluation', 'IMS_Badge_Scan', 'SQL', 'Application_Engineer_Call', 'Oscilloscope_Selector_Tool', 'Technical_Demo', 'DesignCon_Booth_Visit', 'Loaner_Unit_Evaluation', 'No_Conversion']",0
L024155,,NXPSe_Tech,Semiconductor,North America,Oscilloscopes,Sales Outreach,"['IMS_Badge_Scan', 'PathWave_Trial_Request', 'Loaner_Unit_Evaluation', 'Customer']",1
L024156,Daniel Anders,,Electronics,LATAM,5G Testbeds,Website,"['PathWave_Trial_Request', 'IMS_Badge_Scan', 'Whitepaper_Download_5G_Test', 'Application_Engineer_Call', 'Website_Product_Page', 'Opportunity', 'No_Conversion']",0
L024157,Kenji Patel,Qualcomm,Electronics,Europe,,Website,"['Opportunity', 'SQL', 'Whitepaper_Download_5G_Test', 'Application_Engineer_Call', 'SQL', 'No_Conversion']",0
L024158,Daniel Lee,Qualc_Tech,Semiconductor,North America,,Sales Outreach,"['SQL', 'Lab_Integration_Discussion', 'AutoSens_Tech_Talk', 'No_Conversion']",0
L024159,Hiroshi Johnson,,Electronics,LATAM,,LinkedIn,"['Application_Engineer_Call', 'Lab_Integration_Discussion', 'Application_Engineer_Call', 'No_Conversion']",0
L024160,Chen Chen,Bosch_Tech,Electronics,Europe,,Website,"['MQL', 'Loaner_Unit_Evaluation', 'SQL', 'Lab_Integration_Discussion', 'Keysight_University_Course', 'PathWave_Trial_Request', 'Technical_Demo', 'SQL', 'No_Conversion']",0
L024161,Daniel Khan,Samsu_Tech,Aerospace,,,Webinar,"['AutoSens_Tech_Talk', 'Website_Product_Page', 'PathWave_Trial_Request', 'Loaner_Unit_Evaluation', 'AutoSens_Tech_Talk', 'Customer']",1
L024162,Daniel Tanaka,Meta Connectivity Labs,Semiconductor,North America,,LinkedIn,"['MQL', 'Customer']",1
L024163,Sarah Ito,Qualc_Tech,Telecom,,Oscilloscopes,,"['Whitepaper_Download_5G_Test', 'PathWave_Trial_Request', 'MQL', 'Opportunity', 'Opportunity', 'IMS_Badge_Scan', 'No_Conversion']",0
L024164,Sofia Johnson,Tesla_Tech,Aerospace,Europe,PathWave Software,Webinar,"['Whitepaper_Download_5G_Test', 'Opportunity', 'DesignCon_Booth_Visit', 'Keysight_University_Course', 'Keysight_University_Course', 'Technical_Demo', 'LinkedIn_Ad_Click', 'Website_Product_Page', 'Customer']",1
L024165,Michael Lee,Tesla_Tech,Aerospace,,,Event,['No_Conversion'],0
L024166,Laura Johnson,Qualcomm,,,,Webinar,"['Keysight_Workshop_RF_Testing', 'Technical_Demo', 'No_Conversion']",0
L024167,Daniel Chen,NXPSe_Tech,,,Oscilloscopes,Sales Outreach,"['Whitepaper_Download_5G_Test', 'Opportunity', 'Keysight_Workshop_RF_Testing', 'No_Conversion']",0
L024168,Chen Martinez,,Electronics,,Automotive Ethernet,Sales Outreach,"['Keysight_University_Course', 'Lab_Integration_Discussion', 'DesignCon_Booth_Visit', 'No_Conversion']",0
L024169,,Tesla Energy,Aerospace,LATAM,,LinkedIn,"['Loaner_Unit_Evaluation', 'LinkedIn_Ad_Click', 'No_Conversion']",0
L024170,Ravi Garcia,NXP Semiconductors,,LATAM,Automotive Ethernet,Webinar,"['Keysight_Workshop_RF_Testing', 'MQL', 'No_Conversion']",0
L024171,Daniel Patel,NXP Semiconductors,Electronics,APAC,Oscilloscopes,Webinar,"['Keysight_Workshop_RF_Testing', 'Whitepaper_Download_5G_Test', 'Application_Engineer_Call', 'Customer']",1
L024172,Sofia Lee,Tesla Energy,Electronics,LATAM,,LinkedIn,"['PathWave_Trial_Request', 'Application_Engineer_Call', 'Lab_Integration_Discussion', 'Customer']",1
L024173,Kenji Chen,,Electronics,Europe,Automotive Ethernet,Event,['No_Conversion'],0
L024174,Laura Garcia,,,LATAM,5G Testbeds,Sales Outreach,"['PathWave_Trial_Request', 'LinkedIn_Ad_Click', 'Lab_Integration_Discussion', 'Keysight_University_Course', 'Opportunity', 'Customer']",1
L024175,,Broadcom,,Europe,,Website,"['SQL', 'Oscilloscope_Selector_Tool', 'Oscilloscope_Selector_Tool', 'Application_Engineer_Call', 'Customer']",1
L024176,Sarah Williams,NXPSe_Tech,,LATAM,PathWave Software,Website,"['Opportunity', 'Lab_Integration_Discussion', 'Oscilloscope_Selector_Tool', 'Keysight_Workshop_RF_Testing', 'Loaner_Unit_Evaluation', 'Whitepaper_Download_5G_Test', 'Customer']",1
L024177,Hiroshi Anders,,,,,Email Campaign,"['Loaner_Unit_Evaluation', 'Keysight_University_Course', 'Keysight_University_Course', 'Whitepaper_Download_5G_Test', 'Oscilloscope_Selector_Tool', 'Lab_Integration_Discussion', 'No_Conversion']",0
L024178,Ahmed Singh,NXP Semiconductors,,North America,,Event,"['MQL', 'PathWave_Trial_Request', 'Website_Product_Page', 'Customer']",1
L024179,Maria Patel,Qualc_Tech,,North America,Oscilloscopes,Sales Outreach,['No_Conversion'],0
L024180,Sarah Chen,Samsu_Tech,,LATAM,Automotive Ethernet,Email Campaign,['No_Conversion'],0
L024181,Daniel Ito,Infineon,,,,Sales Outreach,"['Keysight_University_Course', 'Technical_Demo', 'Opportunity', 'Customer']",1
L024182,Sarah Lee,,,LATAM,Oscilloscopes,Email Campaign,['No_Conversion'],0
L024183,Priya Johnson,Tesla_Tech,Aerospace,North America,PathWave Software,Email Campaign,"['SQL', 'Technical_Demo', 'No_Conversion']",0
L024184,Sofia Patel,Bosch_Tech,,,,Webinar,"['SQL', 'IMS_Badge_Scan', 'Website_Product_Page', 'Keysight_Workshop_RF_Testing', 'SQL', 'Whitepaper_Download_5G_Test', 'No_Conversion']",0
L024185,Ahmed Johnson,Infineon GmbH,,APAC,Automotive Ethernet,Webinar,"['Loaner_Unit_Evaluation', 'Oscilloscope_Selector_Tool', 'LinkedIn_Ad_Click', 'Keysight_Workshop_RF_Testing', 'Website_Product_Page', 'PathWave_Trial_Request', 'LinkedIn_Ad_Click', 'Opportunity', 'No_Conversion']",0
L024186,Maria Garcia,Bosch,Semiconductor,,PathWave Software,Event,['Customer'],1
L024187,Priya Garcia,Bosch,,LATAM,Oscilloscopes,Website,"['AutoSens_Tech_Talk', 'Application_Engineer_Call', 'Loaner_Unit_Evaluation', 'Lab_Integration_Discussion', 'Keysight_Workshop_RF_Testing', 'Customer']",1
L024188,Hiroshi Patel,Broadcom GmbH,Telecom,,PathWave Software,,"['Lab_Integration_Discussion', 'Oscilloscope_Selector_Tool', 'Whitepaper_Download_5G_Test', 'Customer']",1
L024189,Priya Khan,Qualc_Tech,Electronics,,PathWave Software,Website,"['Opportunity', 'Technical_Demo', 'Opportunity', 'Loaner_Unit_Evaluation', 'SQL', 'LinkedIn_Ad_Click', 'Website_Product_Page', 'Loaner_Unit_Evaluation', 'No_Conversion']",0
L024190,Laura Khan,,,LATAM,,,"['Oscilloscope_Selector_Tool', 'Loaner_Unit_Evaluation', 'Whitepaper_Download_5G_Test', 'DesignCon_Booth_Visit', 'Lab_Integration_Discussion', 'MQL', 'Customer']",1
L024191,Ahmed Singh,NXPSe_Tech,Semiconductor,Europe,PathWave Software,Website,"['Technical_Demo', 'Technical_Demo', 'Technical_Demo', 'Keysight_University_Course', 'IMS_Badge_Scan', 'AutoSens_Tech_Talk', 'PathWave_Trial_Request', 'Oscilloscope_Selector_Tool', 'No_Conversion']",0
L024192,Sarah Williams,Infineon GmbH,Automotive,North America,,Sales Outreach,['Customer'],1
L024193,Laura Chen,Broadcom,,,Oscilloscopes,LinkedIn,"['Technical_Demo', 'AutoSens_Tech_Talk', 'Oscilloscope_Selector_Tool', 'MQL', 'DesignCon_Booth_Visit', 'No_Conversion']",0
L024194,Maria Tanaka,Meta Connectivity Labs GmbH,Aerospace,North America,,Website,"['IMS_Badge_Scan', 'Keysight_University_Course', 'SQL', 'Lab_Integration_Discussion', 'AutoSens_Tech_Talk', 'SQL', 'LinkedIn_Ad_Click', 'Lab_Integration_Discussion', 'Customer']",1
L024195,Ahmed Martinez,Tesla Energy GmbH,Semiconductor,Europe,Oscilloscopes,Event,"['Application_Engineer_Call', 'AutoSens_Tech_Talk', 'Website_Product_Page', 'Customer']",1
L024196,Sarah Garcia,,Aerospace,APAC,,Webinar,"['AutoSens_Tech_Talk', 'Keysight_Workshop_RF_Testing', 'Application_Engineer_Call', 'No_Conversion']",0
L024197,Hiroshi Williams,,Telecom,,,Email Campaign,"['DesignCon_Booth_Visit', 'Customer']",1
L024198,Michael Martinez,Samsung Electronics GmbH,,LATAM,,,"['MQL', 'Customer']",1
L024199,,NXP Semiconductors GmbH,Automotive,APAC,Automotive Ethernet,Website,"['Application_Engineer_Call', 'Loaner_Unit_Evaluation', 'LinkedIn_Ad_Click', 'DesignCon_Booth_Visit', 'Customer']",1
L024200,Chen Chen,NXP Semiconductors GmbH,Semiconductor,APAC,,LinkedIn,['No_Conversion'],0
L024201,Kenji Anders,NXP Semiconductors GmbH,,North America,Automotive Ethernet,Event,"['MQL', 'LinkedIn_Ad_Click', 'Lab_Integration_Discussion', 'Oscilloscope_Selector_Tool', 'Oscilloscope_Selector_Tool', 'Keysight_University_Course', 'No_Conversion']",0
L024202,Kenji Chen,MetaC_Tech,,LATAM,Automotive Ethernet,Sales Outreach,"['Opportunity', 'DesignCon_Booth_Visit', 'Opportunity', 'Lab_Integration_Discussion', 'Keysight_Workshop_RF_Testing', 'Website_Product_Page', 'No_Conversion']",0
L024203,Daniel Ito,,Automotive,North America,Automotive Ethernet,Sales Outreach,"['IMS_Badge_Scan', 'AutoSens_Tech_Talk', 'Website_Product_Page', 'Website_Product_Page', 'No_Conversion']",0
L024204,Chen Lee,,,,5G Testbeds,Webinar,"['SQL', 'Whitepaper_Download_5G_Test', 'PathWave_Trial_Request', 'MQL', 'PathWave_Trial_Request', 'No_Conversion']",0
L024205,,Infin_Tech,Semiconductor,North America,,Sales Outreach,"['PathWave_Trial_Request', 'No_Conversion']",0
L024206,Michael Chen,Infin_Tech,Electronics,APAC,,Event,"['SQL', 'LinkedIn_Ad_Click', 'Keysight_University_Course', 'Keysight_University_Course', 'Customer']",1
L024207,Maria Williams,Tesla Energy,,APAC,Oscilloscopes,Event,"['Lab_Integration_Discussion', 'Keysight_Workshop_RF_Testing', 'Technical_Demo', 'Lab_Integration_Discussion', 'Technical_Demo', 'MQL', 'AutoSens_Tech_Talk', 'SQL', 'No_Conversion']",0
L024208,Laura Tanaka,Tesla_Tech,,North America,,LinkedIn,"['Keysight_Workshop_RF_Testing', 'Lab_Integration_Discussion', 'Application_Engineer_Call', 'Loaner_Unit_Evaluation', 'Customer']",1
L024209,Sofia Anders,NXPSe_Tech,Telecom,Europe,,Email Campaign,"['Keysight_University_Course', 'Customer']",1
L024210,Hiroshi Garcia,,,,,Event,['Customer'],1
L024211,,,Semiconductor,Europe,Oscilloscopes,,"['LinkedIn_Ad_Click', 'Whitepaper_Download_5G_Test', 'Loaner_Unit_Evaluation', 'LinkedIn_Ad_Click', 'AutoSens_Tech_Talk', 'DesignCon_Booth_Visit', 'Whitepaper_Download_5G_Test', 'LinkedIn_Ad_Click', 'Keysight_University_Course', 'Customer']",1
L024212,Hiroshi Garcia,Tesla Energy,,,,Event,"['Technical_Demo', 'AutoSens_Tech_Talk', 'Keysight_University_Course', 'IMS_Badge_Scan', 'Website_Product_Page', 'Application_Engineer_Call', 'DesignCon_Booth_Visit', 'No_Conversion']",0
L024213,Sofia Martinez,Qualc_Tech,Electronics,LATAM,Automotive Ethernet,,"['Technical_Demo', 'Opportunity', 'Lab_Integration_Discussion', 'Website_Product_Page', 'DesignCon_Booth_Visit', 'Loaner_Unit_Evaluation', 'Keysight_Workshop_RF_Testing', 'Whitepaper_Download_5G_Test', 'DesignCon_Booth_Visit', 'Customer']",1
L024214,,Bosch,Telecom,North America,5G Testbeds,,"['Keysight_University_Course', 'Customer']",1
L024215,Michael Tanaka,,Automotive,LATAM,,Email Campaign,"['LinkedIn_Ad_Click', 'IMS_Badge_Scan', 'DesignCon_Booth_Visit', 'Oscilloscope_Selector_Tool', 'No_Conversion']",0
L024216,Daniel Khan,Qualcomm GmbH,Electronics,Europe,Automotive Ethernet,Webinar,"['PathWave_Trial_Request', 'SQL', 'SQL', 'DesignCon_Booth_Visit', 'DesignCon_Booth_Visit', 'Opportunity', 'Technical_Demo', 'Oscilloscope_Selector_Tool', 'Oscilloscope_Selector_Tool', 'Customer']",1
L024217,Daniel Williams,Infineon,Telecom,,5G Testbeds,Sales Outreach,"['Technical_Demo', 'AutoSens_Tech_Talk', 'IMS_Badge_Scan', 'Customer']",1
L024218,Ahmed Singh,Sony GmbH,Electronics,,Oscilloscopes,Website,"['AutoSens_Tech_Talk', 'Lab_Integration_Discussion', 'Lab_Integration_Discussion', 'Opportunity', 'SQL', 'Website_Product_Page', 'Lab_Integration_Discussion', 'Customer']",1
L024219,Michael Patel,,Semiconductor,Europe,Oscilloscopes,LinkedIn,"['LinkedIn_Ad_Click', 'MQL', 'Technical_Demo', 'Lab_Integration_Discussion', 'Website_Product_Page', 'No_Conversion']",0
L024220,Ahmed Ito,Infineon GmbH,,APAC,Oscilloscopes,Email Campaign,"['Keysight_University_Course', 'Technical_Demo', 'Lab_Integration_Discussion', 'AutoSens_Tech_Talk', 'PathWave_Trial_Request', 'Application_Engineer_Call', 'No_Conversion']",0
L024221,Daniel Lee,Infineon GmbH,,,Automotive Ethernet,Event,['No_Conversion'],0
L024222,,,Electronics,North America,Automotive Ethernet,LinkedIn,['Customer'],1
L024223,Maria Johnson,Sony_Tech,,Europe,,LinkedIn,"['Opportunity', 'Lab_Integration_Discussion', 'Application_Engineer_Call', 'MQL', 'Keysight_University_Course', 'Lab_Integration_Discussion', 'Oscilloscope_Selector_Tool', 'Loaner_Unit_Evaluation', 'Application_Engineer_Call', 'Opportunity', 'Customer']",1
L024224,Michael Anders,NXPSe_Tech,Semiconductor,North America,5G Testbeds,,"['Lab_Integration_Discussion', 'Loaner_Unit_Evaluation', 'Keysight_University_Course', 'Customer']",1
L024225,Ahmed Garcia,Sony_Tech,,Europe,,Sales Outreach,['No_Conversion'],0
L024226,Michael Tanaka,Sony_Tech,,,,,"['Application_Engineer_Call', 'Whitepaper_Download_5G_Test', 'AutoSens_Tech_Talk', 'Customer']",1
L024227,,NXPSe_Tech,,,5G Testbeds,Sales Outreach,"['Loaner_Unit_Evaluation', 'Application_Engineer_Call', 'PathWave_Trial_Request', 'MQL', 'IMS_Badge_Scan', 'AutoSens_Tech_Talk', 'No_Conversion']",0
L024228,Michael Johnson,Meta Connectivity Labs,,,,LinkedIn,"['Opportunity', 'No_Conversion']",0
L024229,Chen Chen,Qualc_Tech,Automotive,Europe,Automotive Ethernet,,"['Application_Engineer_Call', 'Loaner_Unit_Evaluation', 'Loaner_Unit_Evaluation', 'Website_Product_Page', 'Technical_Demo', 'AutoSens_Tech_Talk', 'MQL', 'No_Conversion']",0
L024230,Chen Anders,Meta Connectivity Labs,,APAC,Oscilloscopes,Website,"['Whitepaper_Download_5G_Test', 'Application_Engineer_Call', 'Customer']",1
L024231,,Bosch GmbH,,North America,,,"['DesignCon_Booth_Visit', 'SQL', 'LinkedIn_Ad_Click', 'Keysight_University_Course', 'Keysight_University_Course', 'Application_Engineer_Call', 'IMS_Badge_Scan', 'PathWave_Trial_Request', 'Keysight_Workshop_RF_Testing', 'No_Conversion']",0
L024232,Ravi Patel,MetaC_Tech,,LATAM,PathWave Software,Email Campaign,"['Website_Product_Page', 'SQL', 'Lab_Integration_Discussion', 'Website_Product_Page', 'Application_Engineer_Call', 'Customer']",1
L024233,Hiroshi Johnson,,Aerospace,Europe,Automotive Ethernet,Website,"['LinkedIn_Ad_Click', 'Keysight_Workshop_RF_Testing', 'Whitepaper_Download_5G_Test', 'IMS_Badge_Scan', 'SQL', 'IMS_Badge_Scan', 'No_Conversion']",0
L024234,Michael Martinez,Broad_Tech,Electronics,,5G Testbeds,,"['Opportunity', 'LinkedIn_Ad_Click', 'IMS_Badge_Scan', 'Lab_Integration_Discussion', 'Loaner_Unit_Evaluation', 'No_Conversion']",0
L024235,,,Automotive,APAC,Oscilloscopes,Website,"['Whitepaper_Download_5G_Test', 'Whitepaper_Download_5G_Test', 'Customer']",1
L024236,Hiroshi Lee,,Automotive,,5G Testbeds,Website,"['PathWave_Trial_Request', 'Keysight_University_Course', 'Keysight_University_Course', 'Customer']",1
L024237,Kenji Chen,,Aerospace,,5G Testbeds,Website,"['Technical_Demo', 'PathWave_Trial_Request', 'LinkedIn_Ad_Click', 'No_Conversion']",0
L024238,Priya Garcia,Rayth_Tech,Telecom,APAC,Automotive Ethernet,LinkedIn,"['DesignCon_Booth_Visit', 'Keysight_Workshop_RF_Testing', 'IMS_Badge_Scan', 'Website_Product_Page', 'Customer']",1
L024239,,Infineon GmbH,Telecom,North America,,Website,"['Website_Product_Page', 'Opportunity', 'Loaner_Unit_Evaluation', 'Whitepaper_Download_5G_Test', 'Customer']",1
L024240,Priya Singh,Raytheon GmbH,Semiconductor,North America,PathWave Software,Event,"['Opportunity', 'Whitepaper_Download_5G_Test', 'Customer']",1
L024241,Hiroshi Anders,,Telecom,LATAM,,,['No_Conversion'],0
L024242,Ravi Johnson,,Electronics,,,Email Campaign,"['Lab_Integration_Discussion', 'Keysight_University_Course', 'IMS_Badge_Scan', 'Oscilloscope_Selector_Tool', 'AutoSens_Tech_Talk', 'Customer']",1
L024243,Kenji Khan,Qualcomm GmbH,,North America,,Email Campaign,"['PathWave_Trial_Request', 'No_Conversion']",0
L024244,Maria Khan,,Telecom,LATAM,Automotive Ethernet,Webinar,"['Keysight_Workshop_RF_Testing', 'PathWave_Trial_Request', 'Application_Engineer_Call', 'AutoSens_Tech_Talk', 'Opportunity', 'Loaner_Unit_Evaluation', 'Opportunity', 'Customer']",1
L024245,Hiroshi Khan,Meta Connectivity Labs GmbH,Electronics,North America,,Website,"['Application_Engineer_Call', 'Keysight_University_Course', 'Customer']",1
L024246,Ravi Martinez,Sony,Electronics,Europe,Automotive Ethernet,Website,"['Oscilloscope_Selector_Tool', 'PathWave_Trial_Request', 'MQL', 'IMS_Badge_Scan', 'Oscilloscope_Selector_Tool', 'Application_Engineer_Call', 'Customer']",1
L024247,Daniel Tanaka,Broad_Tech,,APAC,Automotive Ethernet,,"['AutoSens_Tech_Talk', 'IMS_Badge_Scan', 'IMS_Badge_Scan', 'IMS_Badge_Scan', 'Application_Engineer_Call', 'Whitepaper_Download_5G_Test', 'Customer']",1
L024248,Maria Lee,,,,PathWave Software,Website,"['Oscilloscope_Selector_Tool', 'MQL', 'Oscilloscope_Selector_Tool', 'Loaner_Unit_Evaluation', 'IMS_Badge_Scan', 'Application_Engineer_Call', 'PathWave_Trial_Request', 'Website_Product_Page', 'No_Conversion']",0
L024249,Ahmed Chen,Qualcomm,Electronics,APAC,Oscilloscopes,Email Campaign,"['LinkedIn_Ad_Click', 'Keysight_Workshop_RF_Testing', 'Application_Engineer_Call', 'Opportunity', 'No_Conversion']",0
L024250,Hiroshi Ito,Samsu_Tech,,North America,Automotive Ethernet,Email Campaign,"['Oscilloscope_Selector_Tool', 'Customer']",1
L024251,Kenji Garcia,Infin_Tech,Automotive,LATAM,Automotive Ethernet,,"['DesignCon_Booth_Visit', 'Website_Product_Page', 'Whitepaper_Download_5G_Test', 'MQL', 'PathWave_Trial_Request', 'Customer']",1
L024252,Ahmed Williams,,,LATAM,5G Testbeds,Event,"['Keysight_Workshop_RF_Testing', 'AutoSens_Tech_Talk', 'Keysight_University_Course', 'Customer']",1
L024253,Ahmed Garcia,MetaC_Tech,,,Oscilloscopes,Sales Outreach,['No_Conversion'],0
L024254,Maria Khan,NXP Semiconductors,,APAC,,Webinar,"['Application_Engineer_Call', 'MQL', 'Whitepaper_Download_5G_Test', 'Opportunity', 'Opportunity', 'Customer']",1
L024255,Ahmed Ito,,Aerospace,Europe,,LinkedIn,['No_Conversion'],0
L024256,Sarah Khan,Bosch_Tech,,Europe,,LinkedIn,"['SQL', 'Lab_Integration_Discussion', 'No_Conversion']",0
L024257,Sarah Chen,Tesla_Tech,Automotive,North America,5G Testbeds,Email Campaign,['Customer'],1
L024258,Sarah Ito,,Automotive,,,,"['DesignCon_Booth_Visit', 'No_Conversion']",0
L024259,Michael Chen,Tesla Energy,Telecom,,5G Testbeds,Webinar,"['Technical_Demo', 'SQL', 'PathWave_Trial_Request', 'Oscilloscope_Selector_Tool', 'IMS_Badge_Scan', 'LinkedIn_Ad_Click', 'SQL', 'Whitepaper_Download_5G_Test', 'PathWave_Trial_Request', 'Customer']",1
L024260,,Samsung Electronics,Electronics,LATAM,Automotive Ethernet,Sales Outreach,['No_Conversion'],0
L024261,Sarah Anders,NXP Semiconductors GmbH,,APAC,PathWave Software,Webinar,"['AutoSens_Tech_Talk', 'Oscilloscope_Selector_Tool', 'Technical_Demo', 'Oscilloscope_Selector_Tool', 'No_Conversion']",0
L024262,Daniel Garcia,Samsung Electronics GmbH,,LATAM,,Event,"['Whitepaper_Download_5G_Test', 'Technical_Demo', 'Whitepaper_Download_5G_Test', 'Lab_Integration_Discussion', 'PathWave_Trial_Request', 'Customer']",1
L024263,Priya Johnson,,Electronics,North America,Automotive Ethernet,Website,"['AutoSens_Tech_Talk', 'DesignCon_Booth_Visit', 'MQL', 'Loaner_Unit_Evaluation', 'IMS_Badge_Scan', 'Loaner_Unit_Evaluation', 'IMS_Badge_Scan', 'Customer']",1
L024264,Maria Chen,Broadcom GmbH,Electronics,LATAM,PathWave Software,Email Campaign,"['MQL', 'Website_Product_Page', 'Oscilloscope_Selector_Tool', 'PathWave_Trial_Request', 'Customer']",1
L024265,Hiroshi Anders,,Aerospace,North America,,,"['Whitepaper_Download_5G_Test', 'Technical_Demo', 'MQL', 'Technical_Demo', 'DesignCon_Booth_Visit', 'Customer']",1
L024266,,Qualcomm,Electronics,APAC,,,"['Keysight_University_Course', 'Keysight_Workshop_RF_Testing', 'Whitepaper_Download_5G_Test', 'DesignCon_Booth_Visit', 'Lab_Integration_Discussion', 'Keysight_University_Course', 'No_Conversion']",0
L024267,Ahmed Williams,Meta Connectivity Labs,Semiconductor,North America,,,"['AutoSens_Tech_Talk', 'Opportunity', 'Whitepaper_Download_5G_Test', 'PathWave_Trial_Request', 'Customer']",1
L024268,Sarah Khan,Tesla_Tech,Telecom,APAC,5G Testbeds,LinkedIn,"['SQL', 'Application_Engineer_Call', 'PathWave_Trial_Request', 'Website_Product_Page', 'Oscilloscope_Selector_Tool', 'Loaner_Unit_Evaluation', 'Lab_Integration_Discussion', 'Keysight_University_Course', 'SQL', 'SQL', 'Customer']",1
L024269,Michael Lee,,Telecom,Europe,PathWave Software,Website,"['DesignCon_Booth_Visit', 'No_Conversion']",0
L024270,Priya Martinez,Infin_Tech,,APAC,,,"['PathWave_Trial_Request', 'Oscilloscope_Selector_Tool', 'Website_Product_Page', 'Whitepaper_Download_5G_Test', 'Customer']",1
L024271,,,,APAC,PathWave Software,Event,"['Oscilloscope_Selector_Tool', 'Website_Product_Page', 'Customer']",1
L024272,Chen Martinez,Samsung Electronics GmbH,,LATAM,PathWave Software,Website,"['Loaner_Unit_Evaluation', 'AutoSens_Tech_Talk', 'Application_Engineer_Call', 'AutoSens_Tech_Talk', 'No_Conversion']",0
L024273,Hiroshi Singh,Bosch,,LATAM,PathWave Software,LinkedIn,"['PathWave_Trial_Request', 'Opportunity', 'MQL', 'Customer']",1
L024274,Chen Ito,Meta Connectivity Labs,,LATAM,5G Testbeds,Email Campaign,"['Application_Engineer_Call', 'Loaner_Unit_Evaluation', 'Website_Product_Page', 'Customer']",1
L024275,Daniel Khan,Samsung Electronics,,North America,PathWave Software,Email Campaign,"['SQL', 'Loaner_Unit_Evaluation', 'No_Conversion']",0
L024276,Michael Khan,Tesla Energy GmbH,Aerospace,North America,,Sales Outreach,"['Keysight_University_Course', 'SQL', 'Lab_Integration_Discussion', 'Customer']",1
L024277,Ahmed Lee,Broad_Tech,Telecom,LATAM,,Sales Outreach,"['Lab_Integration_Discussion', 'Lab_Integration_Discussion', 'SQL', 'Customer']",1
L024278,Ravi Ito,Tesla Energy GmbH,,,,Webinar,"['Website_Product_Page', 'Loaner_Unit_Evaluation', 'Oscilloscope_Selector_Tool', 'Keysight_Workshop_RF_Testing', 'No_Conversion']",0
L024279,,,Aerospace,Europe,Automotive Ethernet,Event,"['Lab_Integration_Discussion', 'IMS_Badge_Scan', 'LinkedIn_Ad_Click', 'No_Conversion']",0
L024280,Maria Tanaka,Tesla Energy,,North America,Oscilloscopes,,"['DesignCon_Booth_Visit', 'Whitepaper_Download_5G_Test', 'Oscilloscope_Selector_Tool', 'No_Conversion']",0
L024281,Daniel Johnson,Meta Connectivity Labs GmbH,,APAC,,Email Campaign,"['LinkedIn_Ad_Click', 'Lab_Integration_Discussion', 'Technical_Demo', 'SQL', 'Customer']",1
L024282,Sofia Chen,,Telecom,,Oscilloscopes,Sales Outreach,"['AutoSens_Tech_Talk', 'SQL', 'Opportunity', 'PathWave_Trial_Request', 'Customer']",1
L024283,,Raytheon GmbH,,APAC,5G Testbeds,LinkedIn,"['Keysight_University_Course', 'LinkedIn_Ad_Click', 'Lab_Integration_Discussion', 'Application_Engineer_Call', 'DesignCon_Booth_Visit', 'Application_Engineer_Call', 'Opportunity', 'Technical_Demo', 'Keysight_University_Course', 'No_Conversion']",0
L024284,Sarah Williams,Rayth_Tech,Telecom,,PathWave Software,,"['IMS_Badge_Scan', 'DesignCon_Booth_Visit', 'No_Conversion']",0
L024285,Michael Anders,Qualcomm GmbH,Automotive,LATAM,,,"['Whitepaper_Download_5G_Test', 'DesignCon_Booth_Visit', 'Whitepaper_Download_5G_Test', 'LinkedIn_Ad_Click', 'Website_Product_Page', 'No_Conversion']",0
L024286,Kenji Chen,Sony_Tech,,APAC,Automotive Ethernet,Website,"['Loaner_Unit_Evaluation', 'DesignCon_Booth_Visit', 'Website_Product_Page', 'Keysight_University_Course', 'Lab_Integration_Discussion', 'Customer']",1
L024287,Hiroshi Singh,Rayth_Tech,Automotive,North America,,Website,"['Whitepaper_Download_5G_Test', 'MQL', 'Oscilloscope_Selector_Tool', 'DesignCon_Booth_Visit', 'Customer']",1
L024288,Daniel Singh,Raytheon GmbH,Aerospace,North America,,Email Campaign,"['Technical_Demo', 'Application_Engineer_Call', 'SQL', 'No_Conversion']",0
L024289,Chen Williams,Raytheon GmbH,Aerospace,Europe,,,"['Loaner_Unit_Evaluation', 'Keysight_University_Course', 'PathWave_Trial_Request', 'Application_Engineer_Call', 'Oscilloscope_Selector_Tool', 'LinkedIn_Ad_Click', 'LinkedIn_Ad_Click', 'No_Conversion']",0
L024290,Kenji Singh,Meta Connectivity Labs GmbH,Aerospace,North America,,Sales Outreach,"['Application_Engineer_Call', 'DesignCon_Booth_Visit', 'Opportunity', 'Application_Engineer_Call', 'No_Conversion']",0
L024291,Ahmed Anders,Qualcomm,,Europe,,Webinar,"['AutoSens_Tech_Talk', 'DesignCon_Booth_Visit', 'DesignCon_Booth_Visit', 'Oscilloscope_Selector_Tool', 'Loaner_Unit_Evaluation', 'No_Conversion']",0
L024292,Priya Singh,Samsu_Tech,,North America,,Event,"['AutoSens_Tech_Talk', 'Website_Product_Page', 'PathWave_Trial_Request', 'Whitepaper_Download_5G_Test', 'PathWave_Trial_Request', 'Oscilloscope_Selector_Tool', 'Loaner_Unit_Evaluation', 'SQL', 'LinkedIn_Ad_Click', 'PathWave_Trial_Request', 'Customer']",1
L024293,Priya Chen,Qualc_Tech,,APAC,PathWave Software,Sales Outreach,"['Lab_Integration_Discussion', 'LinkedIn_Ad_Click', 'DesignCon_Booth_Visit', 'Opportunity', 'DesignCon_Booth_Visit', 'Application_Engineer_Call', 'Whitepaper_Download_5G_Test', 'Oscilloscope_Selector_Tool', 'No_Conversion']",0
L024294,Ravi Chen,NXP Semiconductors,Automotive,LATAM,Automotive Ethernet,Website,"['Website_Product_Page', 'Customer']",1
L024295,Sarah Martinez,,Semiconductor,North America,Oscilloscopes,Event,"['Website_Product_Page', 'Keysight_University_Course', 'DesignCon_Booth_Visit', 'Application_Engineer_Call', 'Whitepaper_Download_5G_Test', 'PathWave_Trial_Request', 'Oscilloscope_Selector_Tool', 'IMS_Badge_Scan', 'Whitepaper_Download_5G_Test', 'LinkedIn_Ad_Click', 'No_Conversion']",0
L024296,Michael Chen,Tesla_Tech,,North America,5G Testbeds,Sales Outreach,['No_Conversion'],0
L024297,Ravi Ito,NXPSe_Tech,,LATAM,,,"['IMS_Badge_Scan', 'Loaner_Unit_Evaluation', 'Customer']",1
L024298,Ahmed Ito,Qualc_Tech,,,,,"['Website_Product_Page', 'AutoSens_Tech_Talk', 'MQL', 'No_Conversion']",0
L024299,Daniel Martinez,Qualc_Tech,,LATAM,5G Testbeds,LinkedIn,"['LinkedIn_Ad_Click', 'Oscilloscope_Selector_Tool', 'Technical_Demo', 'Keysight_University_Course', 'Website_Product_Page', 'Customer']",1
L024300,Sarah Williams,Samsung Electronics,Telecom,APAC,,Sales Outreach,"['Keysight_University_Course', 'Technical_Demo', 'Whitepaper_Download_5G_Test', 'IMS_Badge_Scan', 'MQL', 'Customer']",1
L024301,Ahmed Chen,,Semiconductor,North America,5G Testbeds,Email Campaign,"['Loaner_Unit_Evaluation', 'Website_Product_Page', 'IMS_Badge_Scan', 'Customer']",1
L024302,Priya Ito,Sony,Electronics,Europe,,Sales Outreach,"['PathWave_Trial_Request', 'IMS_Badge_Scan', 'Loaner_Unit_Evaluation', 'Customer']",1
L024303,Sofia Chen,Infin_Tech,Semiconductor,,5G Testbeds,,"['Oscilloscope_Selector_Tool', 'PathWave_Trial_Request', 'Keysight_Workshop_RF_Testing', 'Oscilloscope_Selector_Tool', 'LinkedIn_Ad_Click', 'Customer']",1
L024304,Kenji Johnson,,Electronics,Europe,,Event,"['IMS_Badge_Scan', 'Keysight_University_Course', 'Loaner_Unit_Evaluation', 'Oscilloscope_Selector_Tool', 'Loaner_Unit_Evaluation', 'Whitepaper_Download_5G_Test', 'Opportunity', 'No_Conversion']",0
L024305,Ravi Khan,Samsu_Tech,,APAC,,Website,"['AutoSens_Tech_Talk', 'SQL', 'Application_Engineer_Call', 'Website_Product_Page', 'Website_Product_Page', 'Customer']",1
L024306,Michael Martinez,NXP Semiconductors,Telecom,LATAM,,Sales Outreach,"['SQL', 'Keysight_Workshop_RF_Testing', 'Application_Engineer_Call', 'IMS_Badge_Scan', 'LinkedIn_Ad_Click', 'DesignCon_Booth_Visit', 'Technical_Demo', 'Customer']",1
L024307,Chen Lee,Bosch_Tech,Electronics,Europe,5G Testbeds,Webinar,"['Whitepaper_Download_5G_Test', 'Technical_Demo', 'Whitepaper_Download_5G_Test', 'Whitepaper_Download_5G_Test', 'Whitepaper_Download_5G_Test', 'Website_Product_Page', 'No_Conversion']",0
L024308,,Sony_Tech,Electronics,LATAM,,Event,"['LinkedIn_Ad_Click', 'MQL', 'AutoSens_Tech_Talk', 'DesignCon_Booth_Visit', 'No_Conversion']",0
L024309,Michael Lee,Sony_Tech,Aerospace,Europe,,Website,"['AutoSens_Tech_Talk', 'Keysight_Workshop_RF_Testing', 'Oscilloscope_Selector_Tool', 'MQL', 'DesignCon_Booth_Visit', 'IMS_Badge_Scan', 'MQL', 'Customer']",1
L024310,Maria Khan,Samsu_Tech,Automotive,LATAM,,Event,"['AutoSens_Tech_Talk', 'SQL', 'Keysight_Workshop_RF_Testing', 'No_Conversion']",0
L024311,Chen Williams,Raytheon GmbH,Automotive,Europe,5G Testbeds,LinkedIn,"['Technical_Demo', 'Keysight_University_Course', 'Keysight_Workshop_RF_Testing', 'IMS_Badge_Scan', 'Whitepaper_Download_5G_Test', 'MQL', 'No_Conversion']",0
L024312,Hiroshi Tanaka,Samsu_Tech,Semiconductor,,PathWave Software,Sales Outreach,"['AutoSens_Tech_Talk', 'AutoSens_Tech_Talk', 'MQL', 'No_Conversion']",0
L024313,Sarah Khan,Tesla_Tech,Electronics,Europe,Automotive Ethernet,Event,"['Opportunity', 'Lab_Integration_Discussion', 'Whitepaper_Download_5G_Test', 'Whitepaper_Download_5G_Test', 'IMS_Badge_Scan', 'Technical_Demo', 'MQL', 'Website_Product_Page', 'Application_Engineer_Call', 'Oscilloscope_Selector_Tool', 'Customer']",1
L024314,Chen Williams,Infin_Tech,,,Automotive Ethernet,LinkedIn,"['LinkedIn_Ad_Click', 'Website_Product_Page', 'Whitepaper_Download_5G_Test', 'Opportunity', 'Loaner_Unit_Evaluation', 'Oscilloscope_Selector_Tool', 'Oscilloscope_Selector_Tool', 'No_Conversion']",0
L024315,Daniel Ito,Sony,Aerospace,LATAM,Oscilloscopes,LinkedIn,"['AutoSens_Tech_Talk', 'No_Conversion']",0
L024316,Chen Williams,Bosch_Tech,Semiconductor,North America,Automotive Ethernet,Sales Outreach,"['DesignCon_Booth_Visit', 'SQL', 'Lab_Integration_Discussion', 'Website_Product_Page', 'DesignCon_Booth_Visit', 'LinkedIn_Ad_Click', 'IMS_Badge_Scan', 'Opportunity', 'Loaner_Unit_Evaluation', 'No_Conversion']",0
L024317,Maria Martinez,Samsung Electronics,Automotive,Europe,PathWave Software,Email Campaign,"['DesignCon_Booth_Visit', 'IMS_Badge_Scan', 'LinkedIn_Ad_Click', 'Whitepaper_Download_5G_Test', 'LinkedIn_Ad_Click', 'Opportunity', 'MQL', 'Opportunity', 'Customer']",1
L024318,Maria Anders,,Automotive,APAC,,Event,"['DesignCon_Booth_Visit', 'No_Conversion']",0
L024319,Daniel Johnson,,Automotive,North America,5G Testbeds,Email Campaign,"['MQL', 'Website_Product_Page', 'Customer']",1
L024320,Michael Lee,Bosch GmbH,,Europe,,Event,"['Opportunity', 'LinkedIn_Ad_Click', 'Technical_Demo', 'Oscilloscope_Selector_Tool', 'PathWave_Trial_Request', 'Keysight_University_Course', 'Keysight_University_Course', 'Customer']",1
L024321,Chen Johnson,,Telecom,,5G Testbeds,Event,"['Technical_Demo', 'Keysight_University_Course', 'Opportunity', 'LinkedIn_Ad_Click', 'No_Conversion']",0
L024322,Laura Martinez,,,APAC,,Email Campaign,['No_Conversion'],0
L024323,Chen Tanaka,Raytheon GmbH,,,PathWave Software,Webinar,"['MQL', 'Keysight_Workshop_RF_Testing', 'LinkedIn_Ad_Click', 'Technical_Demo', 'Loaner_Unit_Evaluation', 'Opportunity', 'MQL', 'Oscilloscope_Selector_Tool', 'No_Conversion']",0
L024324,Sofia Anders,MetaC_Tech,Automotive,,PathWave Software,Website,"['Loaner_Unit_Evaluation', 'Application_Engineer_Call', 'Oscilloscope_Selector_Tool', 'Customer']",1
L024325,,Broadcom GmbH,Electronics,,Oscilloscopes,Website,"['PathWave_Trial_Request', 'MQL', 'Website_Product_Page', 'Technical_Demo', 'Customer']",1
L024326,Daniel Lee,Infineon GmbH,,Europe,Oscilloscopes,Sales Outreach,"['Application_Engineer_Call', 'SQL', 'Technical_Demo', 'No_Conversion']",0
L024327,Ravi Anders,Meta Connectivity Labs GmbH,Automotive,APAC,5G Testbeds,Webinar,"['Technical_Demo', 'AutoSens_Tech_Talk', 'MQL', 'Whitepaper_Download_5G_Test', 'MQL', 'PathWave_Trial_Request', 'No_Conversion']",0
L024328,Laura Garcia,Meta Connectivity Labs GmbH,,APAC,Oscilloscopes,LinkedIn,"['Application_Engineer_Call', 'Website_Product_Page', 'Lab_Integration_Discussion', 'SQL', 'DesignCon_Booth_Visit', 'Customer']",1
L024329,Chen Garcia,Sony GmbH,Aerospace,APAC,5G Testbeds,LinkedIn,['No_Conversion'],0
L024330,Maria Williams,Qualc_Tech,Semiconductor,APAC,,,"['DesignCon_Booth_Visit', 'Oscilloscope_Selector_Tool', 'Customer']",1
L024331,Sarah Khan,Infineon,Aerospace,Europe,Oscilloscopes,Webinar,"['Technical_Demo', 'AutoSens_Tech_Talk', 'PathWave_Trial_Request', 'Whitepaper_Download_5G_Test', 'Opportunity', 'Lab_Integration_Discussion', 'Loaner_Unit_Evaluation', 'Loaner_Unit_Evaluation', 'No_Conversion']",0
L024332,Laura Chen,,,North America,5G Testbeds,,"['DesignCon_Booth_Visit', 'AutoSens_Tech_Talk', 'No_Conversion']",0
L024333,Daniel Lee,,,APAC,,Email Campaign,"['Keysight_University_Course', 'Oscilloscope_Selector_Tool', 'MQL', 'Website_Product_Page', 'Opportunity', 'Customer']",1
L024334,Daniel Singh,Samsung Electronics GmbH,Aerospace,Europe,,Website,['No_Conversion'],0
L024335,Ravi Williams,MetaC_Tech,Semiconductor,LATAM,,LinkedIn,"['Application_Engineer_Call', 'MQL', 'Keysight_Workshop_RF_Testing', 'Website_Product_Page', 'Customer']",1
L024336,Hiroshi Singh,Tesla Energy,Telecom,Europe,Oscilloscopes,LinkedIn,"['Loaner_Unit_Evaluation', 'Keysight_Workshop_RF_Testing', 'Website_Product_Page', 'PathWave_Trial_Request', 'No_Conversion']",0
L024337,Chen Garcia,Tesla_Tech,Electronics,,Oscilloscopes,Sales Outreach,['Customer'],1
L024338,Hiroshi Singh,Sony GmbH,Electronics,Europe,Oscilloscopes,Webinar,"['MQL', 'No_Conversion']",0
L024339,Hiroshi Anders,NXPSe_Tech,Electronics,APAC,Automotive Ethernet,,"['PathWave_Trial_Request', 'AutoSens_Tech_Talk', 'Loaner_Unit_Evaluation', 'Loaner_Unit_Evaluation', 'Customer']",1
L024340,Kenji Anders,Samsu_Tech,Telecom,Europe,,Website,"['Website_Product_Page', 'Keysight_University_Course', 'Whitepaper_Download_5G_Test', 'Keysight_University_Course', 'Lab_Integration_Discussion', 'Keysight_Workshop_RF_Testing', 'Customer']",1
L024341,Hiroshi Garcia,,Semiconductor,APAC,,Website,"['Keysight_University_Course', 'Application_Engineer_Call', 'Whitepaper_Download_5G_Test', 'SQL', 'Keysight_Workshop_RF_Testing', 'Oscilloscope_Selector_Tool', 'No_Conversion']",0
L024342,,Bosch_Tech,Electronics,APAC,Automotive Ethernet,Email Campaign,"['LinkedIn_Ad_Click', 'Whitepaper_Download_5G_Test', 'AutoSens_Tech_Talk', 'Lab_Integration_Discussion', 'MQL', 'No_Conversion']",0
L024343,Priya Khan,Tesla Energy,Telecom,North America,,Website,"['PathWave_Trial_Request', 'DesignCon_Booth_Visit', 'Application_Engineer_Call', 'Customer']",1
L024344,Ravi Chen,Qualcomm,Automotive,Europe,,Sales Outreach,"['Whitepaper_Download_5G_Test', 'Lab_Integration_Discussion', 'MQL', 'Oscilloscope_Selector_Tool', 'Technical_Demo', 'Whitepaper_Download_5G_Test', 'Oscilloscope_Selector_Tool', 'Whitepaper_Download_5G_Test', 'Loaner_Unit_Evaluation', 'Customer']",1
L024345,Ahmed Johnson,NXP Semiconductors GmbH,,LATAM,,LinkedIn,"['PathWave_Trial_Request', 'IMS_Badge_Scan', 'IMS_Badge_Scan', 'No_Conversion']",0
L024346,Chen Patel,,Automotive,North America,5G Testbeds,,"['Technical_Demo', 'Loaner_Unit_Evaluation', 'Technical_Demo', 'Customer']",1
L024347,Hiroshi Williams,Qualcomm,Electronics,LATAM,PathWave Software,Webinar,"['LinkedIn_Ad_Click', 'AutoSens_Tech_Talk', 'Keysight_Workshop_RF_Testing', 'Whitepaper_Download_5G_Test', 'Loaner_Unit_Evaluation', 'Technical_Demo', 'No_Conversion']",0
L024348,Ahmed Lee,NXPSe_Tech,Electronics,APAC,,Webinar,"['Technical_Demo', 'Technical_Demo', 'Technical_Demo', 'LinkedIn_Ad_Click', 'DesignCon_Booth_Visit', 'Application_Engineer_Call', 'Customer']",1
L024349,Michael Patel,Raytheon GmbH,Automotive,Europe,5G Testbeds,,"['DesignCon_Booth_Visit', 'AutoSens_Tech_Talk', 'Application_Engineer_Call', 'Customer']",1
L024350,Daniel Singh,Infin_Tech,Aerospace,,Automotive Ethernet,Email Campaign,"['MQL', 'SQL', 'DesignCon_Booth_Visit', 'AutoSens_Tech_Talk', 'SQL', 'Opportunity', 'PathWave_Trial_Request', 'Whitepaper_Download_5G_Test', 'AutoSens_Tech_Talk', 'Oscilloscope_Selector_Tool', 'No_Conversion']",0
L024351,Kenji Chen,,,Europe,,,"['Website_Product_Page', 'Whitepaper_Download_5G_Test', 'MQL', 'Technical_Demo', 'Customer']",1
L024352,Ahmed Lee,Sony_Tech,,LATAM,PathWave Software,Event,"['Oscilloscope_Selector_Tool', 'MQL', 'LinkedIn_Ad_Click', 'Keysight_Workshop_RF_Testing', 'AutoSens_Tech_Talk', 'Customer']",1
L024353,Kenji Ito,,,LATAM,Automotive Ethernet,,"['SQL', 'Keysight_University_Course', 'No_Conversion']",0
L024354,Michael Martinez,,Aerospace,North America,,Email Campaign,"['Website_Product_Page', 'AutoSens_Tech_Talk', 'Keysight_University_Course', 'Keysight_University_Course', 'IMS_Badge_Scan', 'Opportunity', 'Lab_Integration_Discussion', 'Keysight_Workshop_RF_Testing', 'Keysight_Workshop_RF_Testing', 'No_Conversion']",0
L024355,Michael Khan,Qualc_Tech,Electronics,APAC,,Sales Outreach,"['SQL', 'LinkedIn_Ad_Click', 'DesignCon_Booth_Visit', 'Technical_Demo', 'Oscilloscope_Selector_Tool', 'Lab_Integration_Discussion', 'Customer']",1
L024356,Kenji Ito,Bosch GmbH,Automotive,LATAM,5G Testbeds,LinkedIn,"['Website_Product_Page', 'Opportunity', 'No_Conversion']",0
L024357,Michael Garcia,Samsu_Tech,,Europe,,Webinar,"['Application_Engineer_Call', 'Customer']",1
L024358,Sarah Chen,Samsu_Tech,,APAC,5G Testbeds,Event,['Customer'],1
L024359,,,Electronics,Europe,Oscilloscopes,Webinar,"['SQL', 'SQL', 'MQL', 'Technical_Demo', 'IMS_Badge_Scan', 'No_Conversion']",0
L024360,Sarah Johnson,Sony GmbH,Electronics,APAC,PathWave Software,,"['LinkedIn_Ad_Click', 'AutoSens_Tech_Talk', 'Lab_Integration_Discussion', 'SQL', 'No_Conversion']",0
L024361,Laura Ito,Meta Connectivity Labs GmbH,,,,,"['Opportunity', 'IMS_Badge_Scan', 'DesignCon_Booth_Visit', 'Application_Engineer_Call', 'Opportunity', 'PathWave_Trial_Request', 'SQL', 'Customer']",1
L024362,Ravi Martinez,,,,5G Testbeds,Sales Outreach,"['Application_Engineer_Call', 'Whitepaper_Download_5G_Test', 'SQL', 'DesignCon_Booth_Visit', 'Keysight_University_Course', 'Keysight_Workshop_RF_Testing', 'SQL', 'Keysight_University_Course', 'MQL', 'No_Conversion']",0
L024363,Chen Singh,Raytheon GmbH,,APAC,Oscilloscopes,Webinar,['No_Conversion'],0
L024364,Priya Lee,Raytheon,Electronics,North America,,Sales Outreach,"['Application_Engineer_Call', 'MQL', 'LinkedIn_Ad_Click', 'IMS_Badge_Scan', 'Technical_Demo', 'Keysight_University_Course', 'No_Conversion']",0
L024365,Sarah Johnson,Infin_Tech,Automotive,,PathWave Software,Webinar,"['Whitepaper_Download_5G_Test', 'PathWave_Trial_Request', 'Keysight_University_Course', 'Whitepaper_Download_5G_Test', 'Customer']",1
L024366,Maria Johnson,Tesla_Tech,Electronics,North America,,Email Campaign,"['Technical_Demo', 'Oscilloscope_Selector_Tool', 'IMS_Badge_Scan', 'Customer']",1
L024367,Ahmed Tanaka,,Automotive,LATAM,,Event,"['Website_Product_Page', 'Keysight_University_Course', 'SQL', 'AutoSens_Tech_Talk', 'Keysight_University_Course', 'No_Conversion']",0
L024368,Chen Ito,Raytheon GmbH,Electronics,APAC,,Email Campaign,"['Oscilloscope_Selector_Tool', 'Application_Engineer_Call', 'Technical_Demo', 'Website_Product_Page', 'Oscilloscope_Selector_Tool', 'No_Conversion']",0
L024369,Daniel Johnson,Infin_Tech,Automotive,LATAM,,Webinar,"['Keysight_University_Course', 'IMS_Badge_Scan', 'IMS_Badge_Scan', 'Opportunity', 'AutoSens_Tech_Talk', 'AutoSens_Tech_Talk', 'Loaner_Unit_Evaluation', 'Loaner_Unit_Evaluation', 'No_Conversion']",0
L024370,Ahmed Patel,Infineon,Automotive,North America,5G Testbeds,Sales Outreach,"['IMS_Badge_Scan', 'Whitepaper_Download_5G_Test', 'LinkedIn_Ad_Click', 'Lab_Integration_Discussion', 'Customer']",1
L024371,Sarah Patel,Qualcomm,Electronics,Europe,Automotive Ethernet,Website,"['PathWave_Trial_Request', 'No_Conversion']",0
L024372,Kenji Ito,Sony GmbH,Semiconductor,APAC,Oscilloscopes,LinkedIn,"['PathWave_Trial_Request', 'PathWave_Trial_Request', 'PathWave_Trial_Request', 'No_Conversion']",0
L024373,Sarah Singh,,Automotive,,Oscilloscopes,,"['Keysight_University_Course', 'Website_Product_Page', 'SQL', 'No_Conversion']",0
L024374,Ahmed Singh,Broadcom,,Europe,PathWave Software,Webinar,"['MQL', 'Opportunity', 'DesignCon_Booth_Visit', 'Lab_Integration_Discussion', 'Keysight_Workshop_RF_Testing', 'AutoSens_Tech_Talk', 'IMS_Badge_Scan', 'No_Conversion']",0
L024375,Sarah Lee,Bosch GmbH,,Europe,,,['No_Conversion'],0
L024376,,NXP Semiconductors GmbH,Semiconductor,APAC,Oscilloscopes,Website,['Customer'],1
L024377,Hiroshi Williams,Infineon,Telecom,LATAM,Automotive Ethernet,LinkedIn,"['IMS_Badge_Scan', 'SQL', 'DesignCon_Booth_Visit', 'Loaner_Unit_Evaluation', 'Customer']",1
L024378,Ravi Chen,Bosch GmbH,Aerospace,,Oscilloscopes,Sales Outreach,"['Website_Product_Page', 'DesignCon_Booth_Visit', 'Oscilloscope_Selector_Tool', 'PathWave_Trial_Request', 'DesignCon_Booth_Visit', 'Customer']",1
L024379,Priya Khan,Bosch_Tech,Telecom,Europe,PathWave Software,Website,"['DesignCon_Booth_Visit', 'Customer']",1
L024380,Ravi Tanaka,Sony GmbH,Electronics,Europe,5G Testbeds,Event,"['Application_Engineer_Call', 'Website_Product_Page', 'Keysight_University_Course', 'Application_Engineer_Call', 'LinkedIn_Ad_Click', 'PathWave_Trial_Request', 'Oscilloscope_Selector_Tool', 'LinkedIn_Ad_Click', 'Opportunity', 'Customer']",1
L024381,Laura Lee,Qualcomm GmbH,Semiconductor,LATAM,5G Testbeds,LinkedIn,"['PathWave_Trial_Request', 'LinkedIn_Ad_Click', 'Website_Product_Page', 'AutoSens_Tech_Talk', 'Keysight_Workshop_RF_Testing', 'No_Conversion']",0
L024382,Priya Patel,MetaC_Tech,Telecom,,Automotive Ethernet,Email Campaign,"['Whitepaper_Download_5G_Test', 'IMS_Badge_Scan', 'Customer']",1
L024383,Kenji Anders,,Electronics,,,,"['Opportunity', 'MQL', 'Technical_Demo', 'Whitepaper_Download_5G_Test', 'Customer']",1
L024384,Ravi Anders,Broad_Tech,Telecom,APAC,Automotive Ethernet,LinkedIn,"['Loaner_Unit_Evaluation', 'SQL', 'Whitepaper_Download_5G_Test', 'Keysight_Workshop_RF_Testing', 'PathWave_Trial_Request', 'Customer']",1
L024385,,,,LATAM,Automotive Ethernet,Webinar,"['Keysight_University_Course', 'LinkedIn_Ad_Click', 'Keysight_Workshop_RF_Testing', 'Keysight_Workshop_RF_Testing', 'Customer']",1
L024386,Michael Chen,Infin_Tech,Aerospace,North America,PathWave Software,Event,"['Oscilloscope_Selector_Tool', 'Lab_Integration_Discussion', 'Keysight_Workshop_RF_Testing', 'IMS_Badge_Scan', 'Technical_Demo', 'Keysight_University_Course', 'No_Conversion']",0
L024387,Sofia Garcia,Bosch,Semiconductor,LATAM,PathWave Software,Event,"['LinkedIn_Ad_Click', 'LinkedIn_Ad_Click', 'Technical_Demo', 'Customer']",1
L024388,Ahmed Martinez,NXP Semiconductors GmbH,,Europe,,Webinar,['Customer'],1
L024389,Hiroshi Anders,Bosch GmbH,Automotive,Europe,Automotive Ethernet,,"['Technical_Demo', 'Application_Engineer_Call', 'LinkedIn_Ad_Click', 'PathWave_Trial_Request', 'PathWave_Trial_Request', 'IMS_Badge_Scan', 'No_Conversion']",0
L024390,Priya Williams,Samsung Electronics GmbH,Automotive,LATAM,PathWave Software,Sales Outreach,"['Keysight_Workshop_RF_Testing', 'Application_Engineer_Call', 'Oscilloscope_Selector_Tool', 'Technical_Demo', 'Customer']",1
L024391,Ravi Garcia,,Semiconductor,,PathWave Software,Website,"['LinkedIn_Ad_Click', 'Opportunity', 'Customer']",1
L024392,Hiroshi Anders,Raytheon GmbH,Electronics,,5G Testbeds,Event,"['Keysight_Workshop_RF_Testing', 'AutoSens_Tech_Talk', 'SQL', 'Application_Engineer_Call', 'LinkedIn_Ad_Click', 'LinkedIn_Ad_Click', 'Loaner_Unit_Evaluation', 'Opportunity', 'MQL', 'No_Conversion']",0
L024393,Sarah Martinez,Broad_Tech,Automotive,LATAM,Automotive Ethernet,Event,"['Loaner_Unit_Evaluation', 'Opportunity', 'SQL', 'PathWave_Trial_Request', 'Whitepaper_Download_5G_Test', 'No_Conversion']",0
L024394,Sarah Garcia,MetaC_Tech,Electronics,Europe,,Webinar,"['Website_Product_Page', 'Customer']",1
L024395,Michael Martinez,Raytheon,Telecom,LATAM,,Event,['Customer'],1
L024396,Chen Patel,,Aerospace,North America,,LinkedIn,"['Loaner_Unit_Evaluation', 'MQL', 'MQL', 'Customer']",1
L024397,Ahmed Ito,NXPSe_Tech,Telecom,LATAM,5G Testbeds,,"['Application_Engineer_Call', 'Customer']",1
L024398,Sofia Anders,,Automotive,North America,5G Testbeds,LinkedIn,"['SQL', 'No_Conversion']",0
L024399,Laura Johnson,Bosch,Automotive,North America,5G Testbeds,Webinar,"['MQL', 'AutoSens_Tech_Talk', 'IMS_Badge_Scan', 'Technical_Demo', 'LinkedIn_Ad_Click', 'DesignCon_Booth_Visit', 'Keysight_Workshop_RF_Testing', 'IMS_Badge_Scan', 'LinkedIn_Ad_Click', 'No_Conversion']",0
L024400,,,,Europe,,Sales Outreach,"['Oscilloscope_Selector_Tool', 'IMS_Badge_Scan', 'Whitepaper_Download_5G_Test', 'Keysight_Workshop_RF_Testing', 'No_Conversion']",0
L024401,Maria Patel,Raytheon GmbH,Semiconductor,North America,5G Testbeds,Webinar,"['Whitepaper_Download_5G_Test', 'Lab_Integration_Discussion', 'Website_Product_Page', 'IMS_Badge_Scan', 'No_Conversion']",0
L024402,Ahmed Patel,Infineon,,APAC,,Sales Outreach,['Customer'],1
L024403,Daniel Patel,Samsung Electronics GmbH,Electronics,LATAM,,,"['Website_Product_Page', 'AutoSens_Tech_Talk', 'Whitepaper_Download_5G_Test', 'No_Conversion']",0
L024404,Ahmed Tanaka,Samsung Electronics,Automotive,North America,5G Testbeds,Event,"['Website_Product_Page', 'MQL', 'Keysight_Workshop_RF_Testing', 'No_Conversion']",0
L024405,Maria Tanaka,NXP Semiconductors,Telecom,,,Webinar,"['Application_Engineer_Call', 'Oscilloscope_Selector_Tool', 'Application_Engineer_Call', 'Customer']",1
L024406,Chen Ito,Broad_Tech,Electronics,APAC,5G Testbeds,Event,['Customer'],1
L024407,Hiroshi Johnson,Bosch_Tech,Aerospace,Europe,PathWave Software,Event,"['Opportunity', 'Customer']",1
L024408,Chen Garcia,Meta Connectivity Labs,Aerospace,,,,"['Loaner_Unit_Evaluation', 'Application_Engineer_Call', 'PathWave_Trial_Request', 'No_Conversion']",0
L024409,Sarah Anders,,Automotive,APAC,,Sales Outreach,"['Keysight_University_Course', 'PathWave_Trial_Request', 'Technical_Demo', 'Website_Product_Page', 'Whitepaper_Download_5G_Test', 'LinkedIn_Ad_Click', 'No_Conversion']",0
L024410,Daniel Chen,Infineon,Aerospace,LATAM,5G Testbeds,Website,"['Keysight_University_Course', 'MQL', 'Website_Product_Page', 'Customer']",1
L024411,Ravi Singh,,Electronics,,PathWave Software,LinkedIn,"['Whitepaper_Download_5G_Test', 'LinkedIn_Ad_Click', 'Loaner_Unit_Evaluation', 'No_Conversion']",0
L024412,Maria Williams,NXPSe_Tech,Telecom,North America,PathWave Software,Website,"['IMS_Badge_Scan', 'Loaner_Unit_Evaluation', 'DesignCon_Booth_Visit', 'Lab_Integration_Discussion', 'Technical_Demo', 'Keysight_Workshop_RF_Testing', 'Application_Engineer_Call', 'LinkedIn_Ad_Click', 'SQL', 'PathWave_Trial_Request', 'No_Conversion']",0
L024413,Priya Khan,NXP Semiconductors,Automotive,,,LinkedIn,"['AutoSens_Tech_Talk', 'AutoSens_Tech_Talk', 'Lab_Integration_Discussion', 'Opportunity', 'Oscilloscope_Selector_Tool', 'No_Conversion']",0
L024414,,Broad_Tech,Semiconductor,,,Sales Outreach,"['Whitepaper_Download_5G_Test', 'Opportunity', 'Loaner_Unit_Evaluation', 'Website_Product_Page', 'Oscilloscope_Selector_Tool', 'Opportunity', 'Technical_Demo', 'No_Conversion']",0
L024415,Chen Singh,Sony,Telecom,APAC,,Email Campaign,"['DesignCon_Booth_Visit', 'Whitepaper_Download_5G_Test', 'DesignCon_Booth_Visit', 'No_Conversion']",0
L024416,Kenji Williams,Tesla Energy,Telecom,,Oscilloscopes,LinkedIn,"['Oscilloscope_Selector_Tool', 'SQL', 'No_Conversion']",0
L024417,Laura Garcia,,Automotive,Europe,,Sales Outreach,"['DesignCon_Booth_Visit', 'Keysight_University_Course', 'Keysight_Workshop_RF_Testing', 'Technical_Demo', 'IMS_Badge_Scan', 'MQL', 'Customer']",1
L024418,Michael Tanaka,,,,PathWave Software,,"['Lab_Integration_Discussion', 'DesignCon_Booth_Visit', 'No_Conversion']",0
L024419,,Sony,,Europe,Oscilloscopes,Webinar,"['Application_Engineer_Call', 'Application_Engineer_Call', 'AutoSens_Tech_Talk', 'No_Conversion']",0
L024420,Ahmed Anders,Bosch_Tech,Aerospace,LATAM,Oscilloscopes,Webinar,"['Whitepaper_Download_5G_Test', 'Application_Engineer_Call', 'AutoSens_Tech_Talk', 'No_Conversion']",0
L024421,,NXPSe_Tech,,APAC,Automotive Ethernet,Website,"['AutoSens_Tech_Talk', 'PathWave_Trial_Request', 'Opportunity', 'Loaner_Unit_Evaluation', 'Application_Engineer_Call', 'MQL', 'Website_Product_Page', 'DesignCon_Booth_Visit', 'Application_Engineer_Call', 'PathWave_Trial_Request', 'No_Conversion']",0
L024422,Priya Chen,,Telecom,APAC,PathWave Software,Event,['Customer'],1
L024423,Chen Martinez,Tesla Energy,Semiconductor,,,Event,"['Loaner_Unit_Evaluation', 'SQL', 'Customer']",1
L024424,Ravi Johnson,Infineon GmbH,Telecom,,,Website,['No_Conversion'],0
L024425,Ravi Martinez,Bosch,Semiconductor,Europe,,Event,"['Application_Engineer_Call', 'SQL', 'Application_Engineer_Call', 'SQL', 'Customer']",1
L024426,Michael Anders,Qualcomm,Telecom,Europe,,Email Campaign,"['Website_Product_Page', 'LinkedIn_Ad_Click', 'SQL', 'AutoSens_Tech_Talk', 'No_Conversion']",0
L024427,Daniel Garcia,Broadcom,Semiconductor,Europe,,Webinar,"['Technical_Demo', 'Whitepaper_Download_5G_Test', 'Lab_Integration_Discussion', 'Opportunity', 'Customer']",1
L024428,Michael Johnson,Rayth_Tech,Telecom,,Automotive Ethernet,Email Campaign,"['PathWave_Trial_Request', 'Oscilloscope_Selector_Tool', 'Technical_Demo', 'Technical_Demo', 'Whitepaper_Download_5G_Test', 'Oscilloscope_Selector_Tool', 'Technical_Demo', 'Technical_Demo', 'No_Conversion']",0
L024429,Michael Singh,Bosch GmbH,Electronics,APAC,,Website,"['Loaner_Unit_Evaluation', 'Keysight_Workshop_RF_Testing', 'SQL', 'Whitepaper_Download_5G_Test', 'IMS_Badge_Scan', 'AutoSens_Tech_Talk', 'Loaner_Unit_Evaluation', 'Customer']",1
L024430,,Tesla Energy,Semiconductor,,5G Testbeds,,"['Website_Product_Page', 'MQL', 'IMS_Badge_Scan', 'LinkedIn_Ad_Click', 'Customer']",1
L024431,Chen Johnson,Qualcomm GmbH,,North America,PathWave Software,LinkedIn,"['Lab_Integration_Discussion', 'Lab_Integration_Discussion', 'Website_Product_Page', 'Technical_Demo', 'Customer']",1
L024432,Chen Garcia,Samsung Electronics GmbH,Automotive,LATAM,Automotive Ethernet,,"['Oscilloscope_Selector_Tool', 'Oscilloscope_Selector_Tool', 'No_Conversion']",0
L024433,Kenji Patel,Meta Connectivity Labs,,Europe,,Email Campaign,"['LinkedIn_Ad_Click', 'Oscilloscope_Selector_Tool', 'Oscilloscope_Selector_Tool', 'Oscilloscope_Selector_Tool', 'Lab_Integration_Discussion', 'SQL', 'Keysight_Workshop_RF_Testing', 'AutoSens_Tech_Talk', 'No_Conversion']",0
L024434,Sofia Patel,Sony GmbH,Automotive,North America,,Website,"['Lab_Integration_Discussion', 'Whitepaper_Download_5G_Test', 'Application_Engineer_Call', 'No_Conversion']",0
L024435,Sarah Williams,Sony GmbH,,Europe,Oscilloscopes,Sales Outreach,"['IMS_Badge_Scan', 'Whitepaper_Download_5G_Test', 'MQL', 'AutoSens_Tech_Talk', 'AutoSens_Tech_Talk', 'Oscilloscope_Selector_Tool', 'Technical_Demo', 'AutoSens_Tech_Talk', 'MQL', 'SQL', 'No_Conversion']",0
L024436,Kenji Garcia,,Electronics,North America,PathWave Software,LinkedIn,"['Loaner_Unit_Evaluation', 'Loaner_Unit_Evaluation', 'LinkedIn_Ad_Click', 'Website_Product_Page', 'Technical_Demo', 'Application_Engineer_Call', 'Website_Product_Page', 'Opportunity', 'Keysight_University_Course', 'SQL', 'No_Conversion']",0
L024437,Sarah Patel,,Aerospace,Europe,PathWave Software,Webinar,"['LinkedIn_Ad_Click', 'Loaner_Unit_Evaluation', 'MQL', 'DesignCon_Booth_Visit', 'DesignCon_Booth_Visit', 'SQL', 'Whitepaper_Download_5G_Test', 'IMS_Badge_Scan', 'Website_Product_Page', 'Customer']",1
L024438,,NXPSe_Tech,,North America,5G Testbeds,Webinar,"['Oscilloscope_Selector_Tool', 'IMS_Badge_Scan', 'PathWave_Trial_Request', 'LinkedIn_Ad_Click', 'Opportunity', 'Application_Engineer_Call', 'DesignCon_Booth_Visit', 'Customer']",1
L024439,Ravi Tanaka,MetaC_Tech,,North America,,Event,"['Opportunity', 'Keysight_University_Course', 'Application_Engineer_Call', 'Application_Engineer_Call', 'Loaner_Unit_Evaluation', 'Customer']",1
L024440,Kenji Chen,,Aerospace,North America,5G Testbeds,Webinar,"['PathWave_Trial_Request', 'No_Conversion']",0
L024441,Michael Lee,Bosch_Tech,,,5G Testbeds,Website,"['AutoSens_Tech_Talk', 'No_Conversion']",0
L024442,Kenji Anders,Rayth_Tech,,APAC,,Event,"['AutoSens_Tech_Talk', 'Oscilloscope_Selector_Tool', 'DesignCon_Booth_Visit', 'No_Conversion']",0
L024443,Ahmed Ito,Samsung Electronics GmbH,,APAC,PathWave Software,LinkedIn,"['Keysight_Workshop_RF_Testing', 'PathWave_Trial_Request', 'PathWave_Trial_Request', 'PathWave_Trial_Request', 'Customer']",1
L024444,Hiroshi Johnson,Infineon,Telecom,North America,PathWave Software,Sales Outreach,"['Keysight_University_Course', 'Loaner_Unit_Evaluation', 'LinkedIn_Ad_Click', 'Oscilloscope_Selector_Tool', 'Opportunity', 'PathWave_Trial_Request', 'No_Conversion']",0
L024445,Michael Singh,NXPSe_Tech,Telecom,LATAM,5G Testbeds,Website,['No_Conversion'],0
L024446,Kenji Ito,,Telecom,Europe,,,"['Lab_Integration_Discussion', 'Keysight_University_Course', 'Lab_Integration_Discussion', 'Application_Engineer_Call', 'LinkedIn_Ad_Click', 'Keysight_Workshop_RF_Testing', 'Website_Product_Page', 'No_Conversion']",0
L024447,Daniel Ito,Rayth_Tech,Electronics,Europe,PathWave Software,Webinar,"['Website_Product_Page', 'IMS_Badge_Scan', 'IMS_Badge_Scan', 'IMS_Badge_Scan', 'DesignCon_Booth_Visit', 'AutoSens_Tech_Talk', 'Technical_Demo', 'Application_Engineer_Call', 'AutoSens_Tech_Talk', 'Customer']",1
L024448,,Sony GmbH,Telecom,,5G Testbeds,Event,['Customer'],1
L024449,Michael Patel,Tesla Energy,Telecom,,,Website,"['Oscilloscope_Selector_Tool', 'Loaner_Unit_Evaluation', 'IMS_Badge_Scan', 'PathWave_Trial_Request', 'Application_Engineer_Call', 'DesignCon_Booth_Visit', 'No_Conversion']",0
L024450,Chen Martinez,Sony,,APAC,,Sales Outreach,"['Opportunity', 'Customer']",1
L024451,Hiroshi Anders,Broadcom GmbH,Telecom,Europe,Automotive Ethernet,Event,"['Opportunity', 'IMS_Badge_Scan', 'Whitepaper_Download_5G_Test', 'Keysight_Workshop_RF_Testing', 'Opportunity', 'No_Conversion']",0
L024452,Ahmed Lee,Raytheon GmbH,Automotive,LATAM,,,"['Lab_Integration_Discussion', 'IMS_Badge_Scan', 'Customer']",1
L024453,Maria Patel,MetaC_Tech,,North America,5G Testbeds,,"['PathWave_Trial_Request', 'Technical_Demo', 'Oscilloscope_Selector_Tool', 'DesignCon_Booth_Visit', 'AutoSens_Tech_Talk', 'Oscilloscope_Selector_Tool', 'Technical_Demo', 'Technical_Demo', 'PathWave_Trial_Request', 'Technical_Demo', 'Customer']",1
L024454,,Meta Connectivity Labs GmbH,Automotive,,,Webinar,"['IMS_Badge_Scan', 'Customer']",1
L024455,,Tesla_Tech,Aerospace,APAC,,Event,"['LinkedIn_Ad_Click', 'Website_Product_Page', 'AutoSens_Tech_Talk', 'Keysight_University_Course', 'Oscilloscope_Selector_Tool', 'Application_Engineer_Call', 'No_Conversion']",0
L024456,Maria Anders,Raytheon GmbH,Automotive,North America,5G Testbeds,Email Campaign,"['LinkedIn_Ad_Click', 'Application_Engineer_Call', 'Loaner_Unit_Evaluation', 'Oscilloscope_Selector_Tool', 'Loaner_Unit_Evaluation', 'Website_Product_Page', 'IMS_Badge_Scan', 'Opportunity', 'Customer']",1
L024457,Sarah Tanaka,Raytheon GmbH,Electronics,APAC,Automotive Ethernet,Sales Outreach,"['Loaner_Unit_Evaluation', 'Keysight_University_Course', 'PathWave_Trial_Request', 'DesignCon_Booth_Visit', 'No_Conversion']",0
L024458,Hiroshi Lee,NXP Semiconductors,Telecom,,,Webinar,"['DesignCon_Booth_Visit', 'Application_Engineer_Call', 'LinkedIn_Ad_Click', 'SQL', 'No_Conversion']",0
L024459,Laura Lee,,Telecom,North America,,,"['MQL', 'MQL', 'LinkedIn_Ad_Click', 'Keysight_Workshop_RF_Testing', 'IMS_Badge_Scan', 'Customer']",1
L024460,Chen Garcia,Meta Connectivity Labs,,APAC,,LinkedIn,"['SQL', 'Technical_Demo', 'DesignCon_Booth_Visit', 'AutoSens_Tech_Talk', 'Opportunity', 'Website_Product_Page', 'AutoSens_Tech_Talk', 'Keysight_Workshop_RF_Testing', 'No_Conversion']",0
L024461,Laura Martinez,Raytheon,,APAC,PathWave Software,Email Campaign,['No_Conversion'],0
L024462,Ahmed Chen,,Electronics,LATAM,5G Testbeds,Email Campaign,"['LinkedIn_Ad_Click', 'Application_Engineer_Call', 'DesignCon_Booth_Visit', 'IMS_Badge_Scan', 'Lab_Integration_Discussion', 'LinkedIn_Ad_Click', 'Customer']",1
L024463,Maria Singh,Tesla Energy,Electronics,North America,,,"['Application_Engineer_Call', 'Loaner_Unit_Evaluation', 'Technical_Demo', 'LinkedIn_Ad_Click', 'Application_Engineer_Call', 'No_Conversion']",0
L024464,Kenji Singh,,,Europe,,,"['Keysight_University_Course', 'Opportunity', 'DesignCon_Booth_Visit', 'Whitepaper_Download_5G_Test', 'Customer']",1
L024465,Laura Ito,Qualcomm GmbH,Telecom,North America,Automotive Ethernet,Website,"['Loaner_Unit_Evaluation', 'No_Conversion']",0
L024466,,Sony GmbH,Semiconductor,Europe,,Event,"['Whitepaper_Download_5G_Test', 'Technical_Demo', 'PathWave_Trial_Request', 'LinkedIn_Ad_Click', 'Oscilloscope_Selector_Tool', 'MQL', 'Customer']",1
L024467,Sarah Garcia,Meta Connectivity Labs,Semiconductor,Europe,5G Testbeds,,"['Application_Engineer_Call', 'Customer']",1
L024468,Maria Anders,,Electronics,LATAM,5G Testbeds,,"['Keysight_University_Course', 'SQL', 'Loaner_Unit_Evaluation', 'Whitepaper_Download_5G_Test', 'Technical_Demo', 'No_Conversion']",0
L024469,Maria Chen,Qualcomm,Semiconductor,LATAM,Oscilloscopes,LinkedIn,"['LinkedIn_Ad_Click', 'DesignCon_Booth_Visit', 'Opportunity', 'No_Conversion']",0
L024470,Maria Martinez,NXPSe_Tech,,North America,,Webinar,"['MQL', 'AutoSens_Tech_Talk', 'Opportunity', 'Website_Product_Page', 'Loaner_Unit_Evaluation', 'LinkedIn_Ad_Click', 'Keysight_Workshop_RF_Testing', 'No_Conversion']",0
L024471,Priya Williams,Raytheon GmbH,,APAC,,Sales Outreach,"['DesignCon_Booth_Visit', 'Oscilloscope_Selector_Tool', 'PathWave_Trial_Request', 'Opportunity', 'Oscilloscope_Selector_Tool', 'Whitepaper_Download_5G_Test', 'Website_Product_Page', 'DesignCon_Booth_Visit', 'IMS_Badge_Scan', 'Customer']",1
L024472,Sofia Ito,Infineon GmbH,Electronics,,5G Testbeds,,"['Keysight_University_Course', 'AutoSens_Tech_Talk', 'Customer']",1
L024473,Michael Garcia,Raytheon GmbH,,,PathWave Software,Sales Outreach,"['Lab_Integration_Discussion', 'MQL', 'SQL', 'DesignCon_Booth_Visit', 'SQL', 'Customer']",1
L024474,Hiroshi Garcia,NXP Semiconductors,,,5G Testbeds,,['No_Conversion'],0
L024475,Chen Khan,,Semiconductor,,5G Testbeds,LinkedIn,['No_Conversion'],0
L024476,Michael Martinez,NXP Semiconductors GmbH,,APAC,5G Testbeds,Sales Outreach,"['Loaner_Unit_Evaluation', 'Website_Product_Page', 'No_Conversion']",0
L024477,Priya Khan,Broad_Tech,,LATAM,,Sales Outreach,"['Lab_Integration_Discussion', 'No_Conversion']",0
L024478,Daniel Martinez,Infin_Tech,Electronics,LATAM,PathWave Software,,"['SQL', 'PathWave_Trial_Request', 'LinkedIn_Ad_Click', 'AutoSens_Tech_Talk', 'Oscilloscope_Selector_Tool', 'Lab_Integration_Discussion', 'Technical_Demo', 'Keysight_Workshop_RF_Testing', 'Keysight_University_Course', 'SQL', 'No_Conversion']",0
L024479,Daniel Patel,Infineon GmbH,,Europe,,Sales Outreach,['Customer'],1
L024480,Kenji Khan,Samsung Electronics,,APAC,,Event,"['Whitepaper_Download_5G_Test', 'Whitepaper_Download_5G_Test', 'Opportunity', 'PathWave_Trial_Request', 'Whitepaper_Download_5G_Test', 'Opportunity', 'Keysight_University_Course', 'No_Conversion']",0
L024481,Kenji Martinez,Samsung Electronics,,North America,PathWave Software,Webinar,"['IMS_Badge_Scan', 'No_Conversion']",0
L024482,Priya Lee,Sony GmbH,Automotive,Europe,Oscilloscopes,Webinar,"['LinkedIn_Ad_Click', 'DesignCon_Booth_Visit', 'Loaner_Unit_Evaluation', 'Application_Engineer_Call', 'IMS_Badge_Scan', 'No_Conversion']",0
L024483,Maria Ito,Raytheon,Aerospace,LATAM,Automotive Ethernet,Email Campaign,"['Keysight_Workshop_RF_Testing', 'Application_Engineer_Call', 'Loaner_Unit_Evaluation', 'Whitepaper_Download_5G_Test', 'Customer']",1
L024484,Ravi Chen,Tesla Energy GmbH,Semiconductor,Europe,5G Testbeds,Website,"['Loaner_Unit_Evaluation', 'LinkedIn_Ad_Click', 'Whitepaper_Download_5G_Test', 'Application_Engineer_Call', 'No_Conversion']",0
L024485,Hiroshi Singh,,,,5G Testbeds,Event,"['SQL', 'Oscilloscope_Selector_Tool', 'No_Conversion']",0
L024486,Ahmed Johnson,Infin_Tech,Semiconductor,North America,Oscilloscopes,LinkedIn,"['Technical_Demo', 'IMS_Badge_Scan', 'Customer']",1
L024487,Priya Chen,Tesla_Tech,,,,Webinar,"['DesignCon_Booth_Visit', 'PathWave_Trial_Request', 'PathWave_Trial_Request', 'IMS_Badge_Scan', 'AutoSens_Tech_Talk', 'IMS_Badge_Scan', 'Application_Engineer_Call', 'Website_Product_Page', 'No_Conversion']",0
L024488,Maria Ito,Qualcomm GmbH,,North America,,,"['Application_Engineer_Call', 'Customer']",1
L024489,Michael Martinez,Broad_Tech,,LATAM,Automotive Ethernet,Email Campaign,"['Whitepaper_Download_5G_Test', 'PathWave_Trial_Request', 'Keysight_University_Course', 'Customer']",1
L024490,Chen Khan,,Semiconductor,APAC,,LinkedIn,"['Website_Product_Page', 'No_Conversion']",0
L024491,,Qualc_Tech,Telecom,APAC,Automotive Ethernet,Webinar,"['Technical_Demo', 'DesignCon_Booth_Visit', 'No_Conversion']",0
L024492,Priya Garcia,Sony,Electronics,,,Website,"['Loaner_Unit_Evaluation', 'Loaner_Unit_Evaluation', 'Lab_Integration_Discussion', 'Customer']",1
L024493,Hiroshi Garcia,Tesla Energy,Telecom,LATAM,,Webinar,"['Keysight_University_Course', 'Oscilloscope_Selector_Tool', 'Keysight_Workshop_RF_Testing', 'Customer']",1
L024494,,,Electronics,Europe,5G Testbeds,Website,"['LinkedIn_Ad_Click', 'Customer']",1
L024495,Maria Johnson,Samsu_Tech,Semiconductor,,,Webinar,"['Keysight_University_Course', 'SQL', 'No_Conversion']",0
L024496,Kenji Martinez,Sony,,North America,,Sales Outreach,"['LinkedIn_Ad_Click', 'SQL', 'SQL', 'Oscilloscope_Selector_Tool', 'PathWave_Trial_Request', 'Oscilloscope_Selector_Tool', 'No_Conversion']",0
L024497,,Tesla Energy GmbH,Automotive,,,,"['IMS_Badge_Scan', 'Opportunity', 'Technical_Demo', 'No_Conversion']",0
L024498,Maria Tanaka,Tesla_Tech,Semiconductor,,,Event,"['LinkedIn_Ad_Click', 'Whitepaper_Download_5G_Test', 'Oscilloscope_Selector_Tool', 'Keysight_Workshop_RF_Testing', 'Customer']",1
L024499,Laura Anders,Tesla Energy,,LATAM,Automotive Ethernet,Website,"['DesignCon_Booth_Visit', 'Opportunity', 'Opportunity', 'Lab_Integration_Discussion', 'DesignCon_Booth_Visit', 'No_Conversion']",0
L024500,,Broadcom GmbH,Aerospace,Europe,,Event,"['MQL', 'Oscilloscope_Selector_Tool', 'Technical_Demo', 'Keysight_University_Course', 'Lab_Integration_Discussion', 'LinkedIn_Ad_Click', 'AutoSens_Tech_Talk', 'Lab_Integration_Discussion', 'No_Conversion']",0
L024501,,Broad_Tech,Aerospace,,Oscilloscopes,Event,['No_Conversion'],0
L024502,Priya Anders,,,,PathWave Software,LinkedIn,"['LinkedIn_Ad_Click', 'Website_Product_Page', 'Loaner_Unit_Evaluation', 'No_Conversion']",0
L024503,Priya Garcia,Tesla_Tech,Aerospace,North America,,Sales Outreach,"['DesignCon_Booth_Visit', 'MQL', 'PathWave_Trial_Request', 'Whitepaper_Download_5G_Test', 'Lab_Integration_Discussion', 'Loaner_Unit_Evaluation', 'DesignCon_Booth_Visit', 'Customer']",1
L024504,Ravi Johnson,Infin_Tech,Aerospace,Europe,,Webinar,"['PathWave_Trial_Request', 'Oscilloscope_Selector_Tool', 'Website_Product_Page', 'MQL', 'SQL', 'IMS_Badge_Scan', 'Lab_Integration_Discussion', 'Loaner_Unit_Evaluation', 'No_Conversion']",0
L024505,Chen Ito,,,North America,,Event,"['PathWave_Trial_Request', 'IMS_Badge_Scan', 'No_Conversion']",0
L024506,Chen Lee,Tesla Energy GmbH,,North America,Oscilloscopes,Website,"['AutoSens_Tech_Talk', 'Loaner_Unit_Evaluation', 'Lab_Integration_Discussion', 'PathWave_Trial_Request', 'Opportunity', 'Application_Engineer_Call', 'PathWave_Trial_Request', 'No_Conversion']",0
L024507,Priya Anders,,Aerospace,North America,5G Testbeds,Webinar,"['AutoSens_Tech_Talk', 'Application_Engineer_Call', 'LinkedIn_Ad_Click', 'Website_Product_Page', 'Whitepaper_Download_5G_Test', 'SQL', 'Technical_Demo', 'Keysight_University_Course', 'Customer']",1
L024508,Michael Tanaka,NXP Semiconductors GmbH,Automotive,,PathWave Software,Event,['Customer'],1
L024509,Daniel Chen,MetaC_Tech,Telecom,LATAM,PathWave Software,LinkedIn,"['Oscilloscope_Selector_Tool', 'DesignCon_Booth_Visit', 'LinkedIn_Ad_Click', 'No_Conversion']",0
L024510,Priya Khan,Broad_Tech,,Europe,,Email Campaign,"['MQL', 'Lab_Integration_Discussion', 'Oscilloscope_Selector_Tool', 'Keysight_Workshop_RF_Testing', 'Technical_Demo', 'No_Conversion']",0
L024511,Michael Tanaka,Raytheon GmbH,Telecom,LATAM,,Event,"['Lab_Integration_Discussion', 'PathWave_Trial_Request', 'MQL', 'Customer']",1
L024512,Kenji Garcia,Samsung Electronics,Aerospace,Europe,5G Testbeds,Email Campaign,"['IMS_Badge_Scan', 'No_Conversion']",0
L024513,Kenji Patel,Sony GmbH,,,,,"['MQL', 'Application_Engineer_Call', 'Lab_Integration_Discussion', 'MQL', 'AutoSens_Tech_Talk', 'Oscilloscope_Selector_Tool', 'No_Conversion']",0
L024514,Michael Garcia,NXP Semiconductors,,LATAM,,Event,"['Keysight_University_Course', 'Whitepaper_Download_5G_Test', 'Keysight_Workshop_RF_Testing', 'AutoSens_Tech_Talk', 'SQL', 'Customer']",1
L024515,Chen Lee,Qualcomm,Aerospace,LATAM,,,"['AutoSens_Tech_Talk', 'LinkedIn_Ad_Click', 'No_Conversion']",0
L024516,Ravi Anders,Rayth_Tech,,APAC,PathWave Software,Sales Outreach,"['LinkedIn_Ad_Click', 'PathWave_Trial_Request', 'Whitepaper_Download_5G_Test', 'Keysight_University_Course', 'MQL', 'PathWave_Trial_Request', 'Loaner_Unit_Evaluation', 'Lab_Integration_Discussion', 'Loaner_Unit_Evaluation', 'Customer']",1
L024517,Maria Williams,Infineon,Aerospace,LATAM,,Website,"['Oscilloscope_Selector_Tool', 'SQL', 'Loaner_Unit_Evaluation', 'Website_Product_Page', 'LinkedIn_Ad_Click', 'No_Conversion']",0
L024518,Michael Johnson,Samsung Electronics,Telecom,LATAM,,LinkedIn,"['DesignCon_Booth_Visit', 'Application_Engineer_Call', 'MQL', 'No_Conversion']",0
L024519,Chen Singh,Broadcom GmbH,Electronics,,Oscilloscopes,LinkedIn,"['Whitepaper_Download_5G_Test', 'Loaner_Unit_Evaluation', 'Lab_Integration_Discussion', 'Customer']",1
L024520,Hiroshi Khan,Broadcom GmbH,Electronics,,5G Testbeds,LinkedIn,['No_Conversion'],0
L024521,Laura Garcia,Infin_Tech,Automotive,North America,,LinkedIn,"['Opportunity', 'LinkedIn_Ad_Click', 'Keysight_University_Course', 'Keysight_Workshop_RF_Testing', 'IMS_Badge_Scan', 'MQL', 'No_Conversion']",0
L024522,Chen Garcia,Broadcom GmbH,,North America,Oscilloscopes,LinkedIn,"['Opportunity', 'LinkedIn_Ad_Click', 'DesignCon_Booth_Visit', 'No_Conversion']",0
L024523,Sofia Tanaka,Samsung Electronics,,North America,Automotive Ethernet,Sales Outreach,"['Application_Engineer_Call', 'Keysight_University_Course', 'Loaner_Unit_Evaluation', 'LinkedIn_Ad_Click', 'Keysight_Workshop_RF_Testing', 'No_Conversion']",0
L024524,Ravi Singh,Bosch,Aerospace,,Automotive Ethernet,Website,"['Lab_Integration_Discussion', 'Application_Engineer_Call', 'LinkedIn_Ad_Click', 'Application_Engineer_Call', 'Loaner_Unit_Evaluation', 'Loaner_Unit_Evaluation', 'Technical_Demo', 'Whitepaper_Download_5G_Test', 'No_Conversion']",0
L024525,,MetaC_Tech,,Europe,Oscilloscopes,,"['Whitepaper_Download_5G_Test', 'Customer']",1
L024526,Hiroshi Tanaka,Sony GmbH,Telecom,LATAM,,Event,"['Application_Engineer_Call', 'LinkedIn_Ad_Click', 'Keysight_Workshop_RF_Testing', 'Website_Product_Page', 'Customer']",1
L024527,Kenji Martinez,Broadcom,,,,Email Campaign,"['LinkedIn_Ad_Click', 'Whitepaper_Download_5G_Test', 'Opportunity', 'Website_Product_Page', 'DesignCon_Booth_Visit', 'Application_Engineer_Call', 'IMS_Badge_Scan', 'MQL', 'Keysight_Workshop_RF_Testing', 'Loaner_Unit_Evaluation', 'Customer']",1
L024528,Sofia Anders,Tesla Energy,Telecom,Europe,Automotive Ethernet,LinkedIn,"['Keysight_Workshop_RF_Testing', 'SQL', 'Customer']",1
L024529,Maria Lee,Sony_Tech,,,PathWave Software,LinkedIn,"['Whitepaper_Download_5G_Test', 'Keysight_Workshop_RF_Testing', 'PathWave_Trial_Request', 'No_Conversion']",0
L024530,Chen Patel,Raytheon,Semiconductor,LATAM,Automotive Ethernet,Webinar,"['Opportunity', 'MQL', 'Application_Engineer_Call', 'AutoSens_Tech_Talk', 'Whitepaper_Download_5G_Test', 'LinkedIn_Ad_Click', 'LinkedIn_Ad_Click', 'AutoSens_Tech_Talk', 'Customer']",1
L024531,Chen Martinez,,Semiconductor,Europe,,Website,"['DesignCon_Booth_Visit', 'IMS_Badge_Scan', 'No_Conversion']",0
L024532,Kenji Ito,Raytheon GmbH,,Europe,Oscilloscopes,Event,['No_Conversion'],0
L024533,,Qualcomm,Telecom,,5G Testbeds,Webinar,"['Lab_Integration_Discussion', 'Whitepaper_Download_5G_Test', 'Whitepaper_Download_5G_Test', 'Oscilloscope_Selector_Tool', 'Loaner_Unit_Evaluation', 'No_Conversion']",0
L024534,Laura Patel,Tesla_Tech,,LATAM,Oscilloscopes,LinkedIn,"['Whitepaper_Download_5G_Test', 'Loaner_Unit_Evaluation', 'No_Conversion']",0
L024535,Chen Patel,Infineon,Semiconductor,,Oscilloscopes,Sales Outreach,"['PathWave_Trial_Request', 'AutoSens_Tech_Talk', 'Loaner_Unit_Evaluation', 'Technical_Demo', 'Oscilloscope_Selector_Tool', 'Customer']",1
L024536,Laura Chen,NXP Semiconductors GmbH,Semiconductor,Europe,Oscilloscopes,Email Campaign,"['LinkedIn_Ad_Click', 'DesignCon_Booth_Visit', 'MQL', 'Customer']",1
L024537,Daniel Johnson,Raytheon GmbH,Electronics,,Oscilloscopes,LinkedIn,"['SQL', 'Opportunity', 'Keysight_University_Course', 'Technical_Demo', 'DesignCon_Booth_Visit', 'Whitepaper_Download_5G_Test', 'MQL', 'Opportunity', 'No_Conversion']",0
L024538,Hiroshi Williams,Infin_Tech,,,5G Testbeds,Email Campaign,"['MQL', 'Website_Product_Page', 'Whitepaper_Download_5G_Test', 'No_Conversion']",0
L024539,,Infineon GmbH,Semiconductor,,5G Testbeds,,"['Keysight_University_Course', 'Lab_Integration_Discussion', 'Whitepaper_Download_5G_Test', 'Keysight_Workshop_RF_Testing', 'Keysight_Workshop_RF_Testing', 'Application_Engineer_Call', 'Loaner_Unit_Evaluation', 'MQL', 'DesignCon_Booth_Visit', 'Opportunity', 'Customer']",1
L024540,Michael Khan,Samsung Electronics,,Europe,Oscilloscopes,Webinar,['Customer'],1
L024541,Ahmed Singh,NXPSe_Tech,,,,Website,"['SQL', 'Loaner_Unit_Evaluation', 'Customer']",1
L024542,Laura Chen,,Telecom,Europe,,Sales Outreach,"['Keysight_Workshop_RF_Testing', 'Oscilloscope_Selector_Tool', 'Whitepaper_Download_5G_Test', 'Lab_Integration_Discussion', 'Website_Product_Page', 'Keysight_Workshop_RF_Testing', 'No_Conversion']",0
L024543,Maria Khan,Raytheon GmbH,,North America,Oscilloscopes,Sales Outreach,"['MQL', 'Website_Product_Page', 'Customer']",1
L024544,Hiroshi Anders,,Telecom,Europe,,LinkedIn,"['DesignCon_Booth_Visit', 'IMS_Badge_Scan', 'Application_Engineer_Call', 'No_Conversion']",0
L024545,,Tesla_Tech,Automotive,North America,PathWave Software,Website,"['Loaner_Unit_Evaluation', 'PathWave_Trial_Request', 'No_Conversion']",0
L024546,Michael Chen,Meta Connectivity Labs,,North America,,Event,['No_Conversion'],0
L024547,Priya Patel,Tesla Energy GmbH,,Europe,,,"['MQL', 'IMS_Badge_Scan', 'PathWave_Trial_Request', 'Customer']",1
L024548,Chen Tanaka,Bosch,Automotive,LATAM,Oscilloscopes,Sales Outreach,['Customer'],1
L024549,Sarah Garcia,Raytheon GmbH,Electronics,North America,,Sales Outreach,"['MQL', 'Loaner_Unit_Evaluation', 'Application_Engineer_Call', 'Technical_Demo', 'Lab_Integration_Discussion', 'Keysight_Workshop_RF_Testing', 'Keysight_University_Course', 'Whitepaper_Download_5G_Test', 'Technical_Demo', 'No_Conversion']",0
L024550,Hiroshi Chen,Bosch_Tech,Telecom,LATAM,,Email Campaign,['No_Conversion'],0
L024551,Priya Singh,Raytheon,,,Oscilloscopes,,"['Opportunity', 'Loaner_Unit_Evaluation', 'Loaner_Unit_Evaluation', 'Oscilloscope_Selector_Tool', 'Opportunity', 'Whitepaper_Download_5G_Test', 'Whitepaper_Download_5G_Test', 'DesignCon_Booth_Visit', 'No_Conversion']",0
L024552,Chen Patel,Broadcom,Aerospace,Europe,,Website,"['MQL', 'Loaner_Unit_Evaluation', 'No_Conversion']",0
L024553,Priya Garcia,Bosch_Tech,,,,LinkedIn,"['Opportunity', 'SQL', 'DesignCon_Booth_Visit', 'IMS_Badge_Scan', 'No_Conversion']",0
L024554,Michael Lee,Tesla_Tech,,Europe,Oscilloscopes,Website,"['AutoSens_Tech_Talk', 'Lab_Integration_Discussion', 'AutoSens_Tech_Talk', 'Keysight_Workshop_RF_Testing', 'Oscilloscope_Selector_Tool', 'Application_Engineer_Call', 'AutoSens_Tech_Talk', 'Customer']",1
L024555,Ravi Lee,NXPSe_Tech,,North America,5G Testbeds,Event,"['SQL', 'Loaner_Unit_Evaluation', 'IMS_Badge_Scan', 'Application_Engineer_Call', 'Keysight_University_Course', 'Application_Engineer_Call', 'Keysight_Workshop_RF_Testing', 'Customer']",1
L024556,Sarah Patel,Infineon GmbH,,APAC,Oscilloscopes,Sales Outreach,"['Keysight_University_Course', 'Website_Product_Page', 'Oscilloscope_Selector_Tool', 'Application_Engineer_Call', 'Application_Engineer_Call', 'IMS_Badge_Scan', 'AutoSens_Tech_Talk', 'Customer']",1
L024557,Maria Ito,MetaC_Tech,Semiconductor,APAC,,Webinar,"['Website_Product_Page', 'Customer']",1
L024558,Sarah Johnson,Broad_Tech,Electronics,APAC,,LinkedIn,"['MQL', 'Oscilloscope_Selector_Tool', 'Oscilloscope_Selector_Tool', 'Keysight_University_Course', 'SQL', 'SQL', 'Keysight_University_Course', 'Customer']",1
L024559,Ravi Ito,,Semiconductor,,PathWave Software,Email Campaign,"['Oscilloscope_Selector_Tool', 'No_Conversion']",0
L024560,Maria Tanaka,Infin_Tech,Semiconductor,,PathWave Software,Email Campaign,"['Keysight_Workshop_RF_Testing', 'No_Conversion']",0
L024561,Maria Martinez,Bosch GmbH,Automotive,,,Email Campaign,['Customer'],1
L024562,Laura Anders,Raytheon,,LATAM,,LinkedIn,"['Website_Product_Page', 'Lab_Integration_Discussion', 'Technical_Demo', 'Customer']",1
L024563,Priya Lee,Broadcom GmbH,Electronics,North America,Oscilloscopes,Sales Outreach,"['Website_Product_Page', 'MQL', 'Whitepaper_Download_5G_Test', 'PathWave_Trial_Request', 'LinkedIn_Ad_Click', 'DesignCon_Booth_Visit', 'Whitepaper_Download_5G_Test', 'MQL', 'PathWave_Trial_Request', 'MQL', 'Customer']",1
L024564,Daniel Johnson,Broadcom,Semiconductor,Europe,PathWave Software,Sales Outreach,"['Whitepaper_Download_5G_Test', 'Keysight_Workshop_RF_Testing', 'PathWave_Trial_Request', 'AutoSens_Tech_Talk', 'Oscilloscope_Selector_Tool', 'MQL', 'No_Conversion']",0
L024565,Sofia Lee,Samsung Electronics GmbH,Electronics,,5G Testbeds,Sales Outreach,"['AutoSens_Tech_Talk', 'Whitepaper_Download_5G_Test', 'DesignCon_Booth_Visit', 'No_Conversion']",0
L024566,Ravi Johnson,,Aerospace,,Oscilloscopes,Email Campaign,"['Loaner_Unit_Evaluation', 'Keysight_University_Course', 'MQL', 'DesignCon_Booth_Visit', 'Opportunity', 'Customer']",1
L024567,Priya Khan,Sony_Tech,Electronics,,,Email Campaign,"['Oscilloscope_Selector_Tool', 'AutoSens_Tech_Talk', 'DesignCon_Booth_Visit', 'Website_Product_Page', 'No_Conversion']",0
L024568,,Sony_Tech,Electronics,LATAM,,Email Campaign,"['MQL', 'Lab_Integration_Discussion', 'Loaner_Unit_Evaluation', 'Technical_Demo', 'Technical_Demo', 'Oscilloscope_Selector_Tool', 'Oscilloscope_Selector_Tool', 'Customer']",1
L024569,Sofia Lee,,Telecom,LATAM,Oscilloscopes,Event,"['Whitepaper_Download_5G_Test', 'Whitepaper_Download_5G_Test', 'Website_Product_Page', 'Lab_Integration_Discussion', 'No_Conversion']",0
L024570,,Samsu_Tech,,North America,Automotive Ethernet,Webinar,"['Lab_Integration_Discussion', 'IMS_Badge_Scan', 'Application_Engineer_Call', 'AutoSens_Tech_Talk', 'Whitepaper_Download_5G_Test', 'Technical_Demo', 'Customer']",1
L024571,Sarah Garcia,Qualcomm,Aerospace,North America,,,"['Keysight_Workshop_RF_Testing', 'SQL', 'AutoSens_Tech_Talk', 'Oscilloscope_Selector_Tool', 'No_Conversion']",0
L024572,Ahmed Garcia,NXPSe_Tech,Electronics,,PathWave Software,Event,"['IMS_Badge_Scan', 'Customer']",1
L024573,Chen Chen,,Automotive,,5G Testbeds,Website,"['Oscilloscope_Selector_Tool', 'Loaner_Unit_Evaluation', 'Loaner_Unit_Evaluation', 'Application_Engineer_Call', 'LinkedIn_Ad_Click', 'Keysight_Workshop_RF_Testing', 'No_Conversion']",0
L024574,Sarah Patel,,,,,Event,['No_Conversion'],0
L024575,Hiroshi Johnson,Meta Connectivity Labs,,,PathWave Software,,"['LinkedIn_Ad_Click', 'PathWave_Trial_Request', 'Loaner_Unit_Evaluation', 'Customer']",1
L024576,Maria Singh,Meta Connectivity Labs,,APAC,Automotive Ethernet,,"['Whitepaper_Download_5G_Test', 'Lab_Integration_Discussion', 'PathWave_Trial_Request', 'Opportunity', 'AutoSens_Tech_Talk', 'Customer']",1
L024577,Priya Lee,Samsu_Tech,Aerospace,North America,,Webinar,"['Website_Product_Page', 'PathWave_Trial_Request', 'Opportunity', 'No_Conversion']",0
L024578,Daniel Martinez,,,North America,Oscilloscopes,Sales Outreach,"['PathWave_Trial_Request', 'Oscilloscope_Selector_Tool', 'Loaner_Unit_Evaluation', 'Customer']",1
L024579,Sofia Tanaka,NXP Semiconductors GmbH,Electronics,,,,"['PathWave_Trial_Request', 'No_Conversion']",0
L024580,Daniel Khan,Sony_Tech,,LATAM,,Website,"['IMS_Badge_Scan', 'Keysight_University_Course', 'AutoSens_Tech_Talk', 'Opportunity', 'Opportunity', 'No_Conversion']",0
L024581,Hiroshi Patel,Broad_Tech,,,PathWave Software,Website,"['SQL', 'DesignCon_Booth_Visit', 'MQL', 'Website_Product_Page', 'IMS_Badge_Scan', 'PathWave_Trial_Request', 'AutoSens_Tech_Talk', 'DesignCon_Booth_Visit', 'Keysight_Workshop_RF_Testing', 'Customer']",1
L024582,Hiroshi Patel,,Semiconductor,North America,,Webinar,"['Opportunity', 'Lab_Integration_Discussion', 'Keysight_Workshop_RF_Testing', 'Technical_Demo', 'No_Conversion']",0
L024583,Ravi Singh,,,North America,5G Testbeds,Email Campaign,"['Oscilloscope_Selector_Tool', 'Keysight_University_Course', 'MQL', 'LinkedIn_Ad_Click', 'DesignCon_Booth_Visit', 'Oscilloscope_Selector_Tool', 'SQL', 'Website_Product_Page', 'Technical_Demo', 'Customer']",1
L024584,Michael Johnson,,Aerospace,Europe,Automotive Ethernet,LinkedIn,"['LinkedIn_Ad_Click', 'Whitepaper_Download_5G_Test', 'Website_Product_Page', 'Customer']",1
L024585,Laura Khan,Sony GmbH,Aerospace,APAC,PathWave Software,Sales Outreach,['Customer'],1
L024586,Ravi Anders,,,LATAM,,Email Campaign,"['Keysight_University_Course', 'Technical_Demo', 'MQL', 'Whitepaper_Download_5G_Test', 'No_Conversion']",0
L024587,Maria Johnson,Raytheon GmbH,,,,Webinar,"['Opportunity', 'PathWave_Trial_Request', 'LinkedIn_Ad_Click', 'Application_Engineer_Call', 'Website_Product_Page', 'Customer']",1
L024588,Michael Garcia,Sony_Tech,,LATAM,PathWave Software,Webinar,"['Technical_Demo', 'Keysight_Workshop_RF_Testing', 'DesignCon_Booth_Visit', 'Customer']",1
L024589,,Samsung Electronics GmbH,Aerospace,North America,,Website,"['AutoSens_Tech_Talk', 'Application_Engineer_Call', 'Website_Product_Page', 'Lab_Integration_Discussion', 'Whitepaper_Download_5G_Test', 'Loaner_Unit_Evaluation', 'No_Conversion']",0
L024590,Sofia Anders,Rayth_Tech,Electronics,LATAM,,Webinar,"['Whitepaper_Download_5G_Test', 'Lab_Integration_Discussion', 'Oscilloscope_Selector_Tool', 'No_Conversion']",0
L024591,Chen Khan,NXP Semiconductors GmbH,,,5G Testbeds,Website,"['Lab_Integration_Discussion', 'SQL', 'Keysight_University_Course', 'Oscilloscope_Selector_Tool', 'Lab_Integration_Discussion', 'Lab_Integration_Discussion', 'Customer']",1
L024592,Daniel Chen,Qualcomm GmbH,Telecom,,5G Testbeds,Email Campaign,['Customer'],1
L024593,Kenji Johnson,Samsung Electronics,,LATAM,PathWave Software,LinkedIn,"['Lab_Integration_Discussion', 'Application_Engineer_Call', 'PathWave_Trial_Request', 'Application_Engineer_Call', 'IMS_Badge_Scan', 'Customer']",1
L024594,Chen Patel,Samsung Electronics GmbH,Semiconductor,,Automotive Ethernet,Webinar,"['LinkedIn_Ad_Click', 'LinkedIn_Ad_Click', 'Loaner_Unit_Evaluation', 'Customer']",1
L024595,Ahmed Anders,Sony GmbH,Telecom,Europe,PathWave Software,Event,"['IMS_Badge_Scan', 'Website_Product_Page', 'Keysight_University_Course', 'LinkedIn_Ad_Click', 'No_Conversion']",0
L024596,Sarah Martinez,Meta Connectivity Labs,Automotive,APAC,,Email Campaign,"['LinkedIn_Ad_Click', 'AutoSens_Tech_Talk', 'DesignCon_Booth_Visit', 'No_Conversion']",0
L024597,Kenji Ito,Raytheon,,APAC,Oscilloscopes,Event,"['Loaner_Unit_Evaluation', 'Keysight_University_Course', 'Loaner_Unit_Evaluation', 'No_Conversion']",0
L024598,Laura Patel,,Automotive,Europe,,Event,"['Lab_Integration_Discussion', 'Website_Product_Page', 'LinkedIn_Ad_Click', 'Website_Product_Page', 'SQL', 'AutoSens_Tech_Talk', 'Opportunity', 'Opportunity', 'Loaner_Unit_Evaluation', 'MQL', 'No_Conversion']",0
L024599,Sarah Khan,,,,,,"['Opportunity', 'Lab_Integration_Discussion', 'Opportunity', 'Loaner_Unit_Evaluation', 'Oscilloscope_Selector_Tool', 'Website_Product_Page', 'Keysight_Workshop_RF_Testing', 'MQL', 'Keysight_Workshop_RF_Testing', 'Customer']",1
L024600,Ravi Patel,Tesla_Tech,Telecom,,Automotive Ethernet,Email Campaign,"['Oscilloscope_Selector_Tool', 'PathWave_Trial_Request', 'No_Conversion']",0
L024601,Michael Garcia,Meta Connectivity Labs GmbH,Automotive,LATAM,,Sales Outreach,"['DesignCon_Booth_Visit', 'No_Conversion']",0
L024602,Daniel Martinez,Sony GmbH,,APAC,5G Testbeds,,"['Keysight_Workshop_RF_Testing', 'IMS_Badge_Scan', 'Customer']",1
L024603,Daniel Singh,Meta Connectivity Labs,Semiconductor,North America,Oscilloscopes,Event,"['AutoSens_Tech_Talk', 'AutoSens_Tech_Talk', 'Application_Engineer_Call', 'Customer']",1
L024604,Priya Chen,Infin_Tech,,APAC,Automotive Ethernet,Email Campaign,"['Whitepaper_Download_5G_Test', 'LinkedIn_Ad_Click', 'Opportunity', 'PathWave_Trial_Request', 'Technical_Demo', 'Opportunity', 'Keysight_University_Course', 'SQL', 'Application_Engineer_Call', 'Customer']",1
L024605,Priya Williams,Bosch_Tech,Telecom,LATAM,PathWave Software,Website,"['Oscilloscope_Selector_Tool', 'Whitepaper_Download_5G_Test', 'Keysight_University_Course', 'Technical_Demo', 'Loaner_Unit_Evaluation', 'Opportunity', 'DesignCon_Booth_Visit', 'SQL', 'AutoSens_Tech_Talk', 'Customer']",1
L024606,Laura Anders,Raytheon,Electronics,LATAM,Oscilloscopes,Event,"['Loaner_Unit_Evaluation', 'Whitepaper_Download_5G_Test', 'Lab_Integration_Discussion', 'Customer']",1
L024607,Michael Johnson,Infineon,,APAC,Automotive Ethernet,Website,"['AutoSens_Tech_Talk', 'Opportunity', 'Lab_Integration_Discussion', 'Website_Product_Page', 'DesignCon_Booth_Visit', 'No_Conversion']",0
L024608,Ravi Anders,Meta Connectivity Labs GmbH,,North America,Automotive Ethernet,Website,"['Whitepaper_Download_5G_Test', 'LinkedIn_Ad_Click', 'Whitepaper_Download_5G_Test', 'Customer']",1
L024609,Maria Ito,Infin_Tech,Semiconductor,APAC,,,"['Whitepaper_Download_5G_Test', 'Application_Engineer_Call', 'Keysight_University_Course', 'Whitepaper_Download_5G_Test', 'DesignCon_Booth_Visit', 'Customer']",1
L024610,Ravi Khan,NXP Semiconductors,,LATAM,Automotive Ethernet,Event,"['Opportunity', 'Lab_Integration_Discussion', 'DesignCon_Booth_Visit', 'No_Conversion']",0
L024611,Kenji Johnson,Sony_Tech,,Europe,5G Testbeds,Website,['Customer'],1
L024612,Ahmed Garcia,,Automotive,Europe,,,"['Application_Engineer_Call', 'IMS_Badge_Scan', 'Customer']",1
L024613,Chen Anders,Samsung Electronics,,APAC,PathWave Software,Website,"['Oscilloscope_Selector_Tool', 'Keysight_University_Course', 'Website_Product_Page', 'No_Conversion']",0
L024614,Sofia Anders,Infin_Tech,Semiconductor,,,Webinar,"['Lab_Integration_Discussion', 'Technical_Demo', 'Lab_Integration_Discussion', 'Website_Product_Page', 'DesignCon_Booth_Visit', 'Technical_Demo', 'Application_Engineer_Call', 'Oscilloscope_Selector_Tool', 'DesignCon_Booth_Visit', 'Customer']",1
L024615,Priya Anders,Tesla Energy GmbH,,APAC,,,"['Technical_Demo', 'Keysight_Workshop_RF_Testing', 'DesignCon_Booth_Visit', 'MQL', 'Opportunity', 'Customer']",1
L024616,,Broadcom,Semiconductor,,,Website,"['LinkedIn_Ad_Click', 'Website_Product_Page', 'Loaner_Unit_Evaluation', 'Keysight_University_Course', 'No_Conversion']",0
L024617,Sarah Williams,,Aerospace,North America,PathWave Software,Sales Outreach,"['SQL', 'Keysight_University_Course', 'Loaner_Unit_Evaluation', 'Application_Engineer_Call', 'DesignCon_Booth_Visit', 'AutoSens_Tech_Talk', 'LinkedIn_Ad_Click', 'Loaner_Unit_Evaluation', 'Customer']",1
L024618,,,,APAC,,,"['Loaner_Unit_Evaluation', 'AutoSens_Tech_Talk', 'DesignCon_Booth_Visit', 'Keysight_Workshop_RF_Testing', 'Keysight_University_Course', 'Keysight_Workshop_RF_Testing', 'PathWave_Trial_Request', 'Opportunity', 'DesignCon_Booth_Visit', 'MQL', 'No_Conversion']",0
L024619,Sofia Martinez,,,LATAM,PathWave Software,Website,"['Keysight_Workshop_RF_Testing', 'Keysight_Workshop_RF_Testing', 'AutoSens_Tech_Talk', 'Application_Engineer_Call', 'Application_Engineer_Call', 'Opportunity', 'Website_Product_Page', 'Customer']",1
L024620,Kenji Garcia,,Telecom,North America,Automotive Ethernet,Sales Outreach,"['IMS_Badge_Scan', 'Technical_Demo', 'LinkedIn_Ad_Click', 'Website_Product_Page', 'SQL', 'Customer']",1
L024621,Sofia Williams,,Aerospace,Europe,,Webinar,"['Keysight_University_Course', 'Keysight_University_Course', 'LinkedIn_Ad_Click', 'IMS_Badge_Scan', 'Keysight_University_Course', 'AutoSens_Tech_Talk', 'No_Conversion']",0
L024622,Laura Singh,Broadcom,Automotive,Europe,Automotive Ethernet,Webinar,"['Whitepaper_Download_5G_Test', 'LinkedIn_Ad_Click', 'Customer']",1
L024623,Chen Patel,Raytheon GmbH,Automotive,LATAM,,Email Campaign,"['Opportunity', 'Loaner_Unit_Evaluation', 'AutoSens_Tech_Talk', 'Loaner_Unit_Evaluation', 'Application_Engineer_Call', 'Application_Engineer_Call', 'No_Conversion']",0
L024624,Sofia Garcia,NXP Semiconductors GmbH,Telecom,,,,"['Application_Engineer_Call', 'Lab_Integration_Discussion', 'Website_Product_Page', 'DesignCon_Booth_Visit', 'AutoSens_Tech_Talk', 'LinkedIn_Ad_Click', 'Customer']",1
L024625,Sarah Khan,Samsu_Tech,Telecom,North America,Automotive Ethernet,,"['Technical_Demo', 'Keysight_Workshop_RF_Testing', 'Opportunity', 'SQL', 'Application_Engineer_Call', 'Keysight_Workshop_RF_Testing', 'Oscilloscope_Selector_Tool', 'AutoSens_Tech_Talk', 'IMS_Badge_Scan', 'Customer']",1
L024626,Laura Garcia,Meta Connectivity Labs,Semiconductor,Europe,5G Testbeds,LinkedIn,['Customer'],1
L024627,Daniel Lee,Raytheon GmbH,Semiconductor,,5G Testbeds,Webinar,"['Keysight_Workshop_RF_Testing', 'DesignCon_Booth_Visit', 'AutoSens_Tech_Talk', 'Oscilloscope_Selector_Tool', 'LinkedIn_Ad_Click', 'Customer']",1
L024628,Michael Martinez,Samsung Electronics,Electronics,APAC,Automotive Ethernet,LinkedIn,"['Lab_Integration_Discussion', 'Opportunity', 'MQL', 'Keysight_Workshop_RF_Testing', 'Oscilloscope_Selector_Tool', 'AutoSens_Tech_Talk', 'IMS_Badge_Scan', 'No_Conversion']",0
L024629,Ahmed Patel,,,,,Webinar,"['Whitepaper_Download_5G_Test', 'No_Conversion']",0
L024630,Kenji Ito,Samsung Electronics,Electronics,APAC,Automotive Ethernet,Webinar,"['Keysight_University_Course', 'Website_Product_Page', 'Technical_Demo', 'DesignCon_Booth_Visit', 'No_Conversion']",0
L024631,Ahmed Martinez,NXP Semiconductors GmbH,,North America,,Sales Outreach,"['SQL', 'Technical_Demo', 'PathWave_Trial_Request', 'Application_Engineer_Call', 'Oscilloscope_Selector_Tool', 'Lab_Integration_Discussion', 'No_Conversion']",0
L024632,Ahmed Patel,Infin_Tech,Electronics,,Automotive Ethernet,Webinar,"['SQL', 'Keysight_Workshop_RF_Testing', 'Technical_Demo', 'Oscilloscope_Selector_Tool', 'DesignCon_Booth_Visit', 'Keysight_University_Course', 'Loaner_Unit_Evaluation', 'Customer']",1
L024633,Priya Singh,Sony,Aerospace,,,Email Campaign,"['Keysight_Workshop_RF_Testing', 'Oscilloscope_Selector_Tool', 'Whitepaper_Download_5G_Test', 'Keysight_Workshop_RF_Testing', 'Loaner_Unit_Evaluation', 'MQL', 'No_Conversion']",0
L024634,Hiroshi Khan,NXPSe_Tech,Semiconductor,Europe,,Website,"['Whitepaper_Download_5G_Test', 'No_Conversion']",0
L024635,Chen Chen,Sony_Tech,Automotive,North America,5G Testbeds,Website,"['PathWave_Trial_Request', 'Customer']",1
L024636,Ahmed Ito,Samsung Electronics GmbH,Automotive,APAC,PathWave Software,Sales Outreach,"['Oscilloscope_Selector_Tool', 'Whitepaper_Download_5G_Test', 'SQL', 'AutoSens_Tech_Talk', 'Website_Product_Page', 'Website_Product_Page', 'Loaner_Unit_Evaluation', 'Website_Product_Page', 'PathWave_Trial_Request', 'MQL', 'Customer']",1
L024637,Ravi Garcia,Raytheon GmbH,Aerospace,,Oscilloscopes,,"['Keysight_University_Course', 'Keysight_University_Course', 'Lab_Integration_Discussion', 'IMS_Badge_Scan', 'IMS_Badge_Scan', 'Keysight_Workshop_RF_Testing', 'Technical_Demo', 'SQL', 'Oscilloscope_Selector_Tool', 'Customer']",1
L024638,,Qualc_Tech,,,,Email Campaign,"['Oscilloscope_Selector_Tool', 'AutoSens_Tech_Talk', 'Keysight_University_Course', 'PathWave_Trial_Request', 'Lab_Integration_Discussion', 'No_Conversion']",0
L024639,Daniel Lee,Raytheon,,Europe,,Email Campaign,['No_Conversion'],0
L024640,Sofia Williams,Samsu_Tech,Telecom,LATAM,Oscilloscopes,Sales Outreach,['No_Conversion'],0
L024641,Hiroshi Johnson,NXP Semiconductors,Aerospace,,Automotive Ethernet,,['No_Conversion'],0
L024642,Ravi Chen,,Semiconductor,North America,Oscilloscopes,Website,"['PathWave_Trial_Request', 'PathWave_Trial_Request', 'PathWave_Trial_Request', 'SQL', 'SQL', 'No_Conversion']",0
L024643,Ahmed Khan,Infin_Tech,Telecom,APAC,,LinkedIn,"['PathWave_Trial_Request', 'LinkedIn_Ad_Click', 'Opportunity', 'DesignCon_Booth_Visit', 'AutoSens_Tech_Talk', 'Loaner_Unit_Evaluation', 'Oscilloscope_Selector_Tool', 'No_Conversion']",0
L024644,Ravi Patel,NXP Semiconductors GmbH,Aerospace,,,Website,"['Application_Engineer_Call', 'Whitepaper_Download_5G_Test', 'DesignCon_Booth_Visit', 'Keysight_University_Course', 'AutoSens_Tech_Talk', 'Keysight_Workshop_RF_Testing', 'Keysight_Workshop_RF_Testing', 'Customer']",1
L024645,Maria Khan,Broadcom GmbH,Aerospace,,Oscilloscopes,,"['Opportunity', 'PathWave_Trial_Request', 'IMS_Badge_Scan', 'Loaner_Unit_Evaluation', 'Customer']",1
L024646,Kenji Khan,Meta Connectivity Labs GmbH,Automotive,,PathWave Software,Email Campaign,"['AutoSens_Tech_Talk', 'PathWave_Trial_Request', 'LinkedIn_Ad_Click', 'Customer']",1
L024647,Daniel Khan,Raytheon GmbH,,Europe,,Webinar,"['Application_Engineer_Call', 'SQL', 'Website_Product_Page', 'No_Conversion']",0
L024648,Daniel Patel,Raytheon GmbH,Semiconductor,,5G Testbeds,,['Customer'],1
L024649,Sofia Garcia,NXP Semiconductors GmbH,Telecom,,5G Testbeds,LinkedIn,"['LinkedIn_Ad_Click', 'Loaner_Unit_Evaluation', 'Application_Engineer_Call', 'MQL', 'IMS_Badge_Scan', 'IMS_Badge_Scan', 'Website_Product_Page', 'Whitepaper_Download_5G_Test', 'No_Conversion']",0
L024650,Ahmed Williams,Raytheon GmbH,Electronics,LATAM,,Email Campaign,"['Technical_Demo', 'SQL', 'MQL', 'Website_Product_Page', 'Oscilloscope_Selector_Tool', 'Keysight_Workshop_RF_Testing', 'DesignCon_Booth_Visit', 'Website_Product_Page', 'Customer']",1
L024651,Sarah Khan,Raytheon GmbH,Electronics,,,Website,"['DesignCon_Booth_Visit', 'Whitepaper_Download_5G_Test', 'Oscilloscope_Selector_Tool', 'PathWave_Trial_Request', 'Whitepaper_Download_5G_Test', 'Keysight_University_Course', 'IMS_Badge_Scan', 'Customer']",1
L024652,Daniel Lee,,Electronics,LATAM,5G Testbeds,Sales Outreach,"['Loaner_Unit_Evaluation', 'LinkedIn_Ad_Click', 'Keysight_University_Course', 'PathWave_Trial_Request', 'Application_Engineer_Call', 'Lab_Integration_Discussion', 'Customer']",1
L024653,Maria Martinez,,Telecom,,,Webinar,"['Opportunity', 'PathWave_Trial_Request', 'Customer']",1
L024654,Ahmed Anders,Infineon,Semiconductor,North America,5G Testbeds,,"['Application_Engineer_Call', 'Application_Engineer_Call', 'Lab_Integration_Discussion', 'PathWave_Trial_Request', 'Technical_Demo', 'Customer']",1
L024655,Ahmed Ito,Bosch_Tech,Automotive,LATAM,PathWave Software,Webinar,"['AutoSens_Tech_Talk', 'Lab_Integration_Discussion', 'Customer']",1
L024656,Kenji Williams,,Electronics,APAC,Automotive Ethernet,,"['Whitepaper_Download_5G_Test', 'Website_Product_Page', 'DesignCon_Booth_Visit', 'MQL', 'Whitepaper_Download_5G_Test', 'Customer']",1
L024657,Hiroshi Khan,,Electronics,LATAM,5G Testbeds,Webinar,"['Oscilloscope_Selector_Tool', 'Keysight_University_Course', 'MQL', 'Customer']",1
L024658,Laura Lee,Qualc_Tech,Telecom,,,Event,"['AutoSens_Tech_Talk', 'MQL', 'AutoSens_Tech_Talk', 'SQL', 'MQL', 'Application_Engineer_Call', 'Keysight_Workshop_RF_Testing', 'DesignCon_Booth_Visit', 'Oscilloscope_Selector_Tool', 'Whitepaper_Download_5G_Test', 'No_Conversion']",0
L024659,Sofia Singh,Sony GmbH,Electronics,Europe,5G Testbeds,Sales Outreach,"['AutoSens_Tech_Talk', 'Whitepaper_Download_5G_Test', 'AutoSens_Tech_Talk', 'Lab_Integration_Discussion', 'Lab_Integration_Discussion', 'Loaner_Unit_Evaluation', 'Oscilloscope_Selector_Tool', 'Customer']",1
L024660,Priya Johnson,,,LATAM,PathWave Software,Event,"['PathWave_Trial_Request', 'Technical_Demo', 'Application_Engineer_Call', 'Whitepaper_Download_5G_Test', 'Customer']",1
L024661,Priya Ito,,Electronics,Europe,,Email Campaign,"['IMS_Badge_Scan', 'DesignCon_Booth_Visit', 'DesignCon_Booth_Visit', 'PathWave_Trial_Request', 'Whitepaper_Download_5G_Test', 'Customer']",1
L024662,,,,North America,,Webinar,"['Website_Product_Page', 'Loaner_Unit_Evaluation', 'LinkedIn_Ad_Click', 'Customer']",1
L024663,Sofia Ito,,Electronics,APAC,,Webinar,"['MQL', 'Whitepaper_Download_5G_Test', 'DesignCon_Booth_Visit', 'PathWave_Trial_Request', 'AutoSens_Tech_Talk', 'LinkedIn_Ad_Click', 'Customer']",1
L024664,Ahmed Chen,,Electronics,APAC,,Sales Outreach,"['DesignCon_Booth_Visit', 'Keysight_Workshop_RF_Testing', 'Whitepaper_Download_5G_Test', 'MQL', 'Loaner_Unit_Evaluation', 'No_Conversion']",0
L024665,Hiroshi Tanaka,,Aerospace,,Oscilloscopes,Email Campaign,"['LinkedIn_Ad_Click', 'Keysight_University_Course', 'Lab_Integration_Discussion', 'AutoSens_Tech_Talk', 'Opportunity', 'Opportunity', 'No_Conversion']",0
L024666,Laura Garcia,Samsung Electronics,Electronics,Europe,Automotive Ethernet,,"['AutoSens_Tech_Talk', 'Oscilloscope_Selector_Tool', 'Keysight_Workshop_RF_Testing', 'Loaner_Unit_Evaluation', 'LinkedIn_Ad_Click', 'No_Conversion']",0
L024667,Kenji Garcia,Qualc_Tech,Aerospace,LATAM,Oscilloscopes,LinkedIn,"['SQL', 'No_Conversion']",0
L024668,Daniel Ito,Tesla Energy GmbH,Aerospace,APAC,5G Testbeds,Sales Outreach,"['PathWave_Trial_Request', 'Customer']",1
L024669,Hiroshi Singh,Broad_Tech,Automotive,,,Sales Outreach,"['Keysight_University_Course', 'LinkedIn_Ad_Click', 'No_Conversion']",0
L024670,Hiroshi Singh,Samsung Electronics GmbH,Aerospace,APAC,5G Testbeds,Sales Outreach,"['Lab_Integration_Discussion', 'Whitepaper_Download_5G_Test', 'Lab_Integration_Discussion', 'No_Conversion']",0
L024671,Maria Patel,Samsung Electronics GmbH,,APAC,Oscilloscopes,Email Campaign,"['Technical_Demo', 'IMS_Badge_Scan', 'Loaner_Unit_Evaluation', 'No_Conversion']",0
L024672,Hiroshi Singh,Infin_Tech,,APAC,Automotive Ethernet,Website,"['Whitepaper_Download_5G_Test', 'SQL', 'Application_Engineer_Call', 'Oscilloscope_Selector_Tool', 'IMS_Badge_Scan', 'No_Conversion']",0
L024673,Priya Garcia,Sony,,APAC,5G Testbeds,Email Campaign,"['Keysight_University_Course', 'IMS_Badge_Scan', 'LinkedIn_Ad_Click', 'Opportunity', 'Keysight_Workshop_RF_Testing', 'Opportunity', 'PathWave_Trial_Request', 'Opportunity', 'Keysight_University_Course', 'Customer']",1
L024674,,Qualcomm,Electronics,LATAM,PathWave Software,Email Campaign,"['DesignCon_Booth_Visit', 'Opportunity', 'Keysight_University_Course', 'Customer']",1
L024675,Sofia Martinez,,Semiconductor,,5G Testbeds,,"['IMS_Badge_Scan', 'Loaner_Unit_Evaluation', 'Opportunity', 'Keysight_Workshop_RF_Testing', 'Website_Product_Page', 'Website_Product_Page', 'No_Conversion']",0
L024676,Hiroshi Anders,Sony,Aerospace,APAC,,,"['Whitepaper_Download_5G_Test', 'MQL', 'MQL', 'PathWave_Trial_Request', 'IMS_Badge_Scan', 'Keysight_Workshop_RF_Testing', 'Opportunity', 'Opportunity', 'Whitepaper_Download_5G_Test', 'Customer']",1
L024677,Chen Johnson,Broadcom GmbH,Aerospace,,,,"['Opportunity', 'Lab_Integration_Discussion', 'IMS_Badge_Scan', 'Keysight_Workshop_RF_Testing', 'No_Conversion']",0
L024678,,NXP Semiconductors,Electronics,,Automotive Ethernet,LinkedIn,"['PathWave_Trial_Request', 'No_Conversion']",0
L024679,Hiroshi Lee,Qualcomm GmbH,Automotive,APAC,,,"['Keysight_University_Course', 'DesignCon_Booth_Visit', 'Customer']",1
L024680,Daniel Garcia,Samsung Electronics,Electronics,LATAM,,,"['DesignCon_Booth_Visit', 'Customer']",1
L024681,Laura Williams,,,LATAM,PathWave Software,Email Campaign,"['PathWave_Trial_Request', 'Lab_Integration_Discussion', 'Lab_Integration_Discussion', 'Whitepaper_Download_5G_Test', 'LinkedIn_Ad_Click', 'LinkedIn_Ad_Click', 'MQL', 'Loaner_Unit_Evaluation', 'Oscilloscope_Selector_Tool', 'Customer']",1
L024682,Kenji Martinez,Broadcom GmbH,Telecom,APAC,,Webinar,"['Application_Engineer_Call', 'Opportunity', 'Technical_Demo', 'PathWave_Trial_Request', 'Keysight_University_Course', 'PathWave_Trial_Request', 'PathWave_Trial_Request', 'Customer']",1
L024683,Kenji Chen,Sony_Tech,Aerospace,APAC,,Email Campaign,"['IMS_Badge_Scan', 'MQL', 'Customer']",1
L024684,Priya Anders,Samsu_Tech,Aerospace,LATAM,,,"['Technical_Demo', 'Oscilloscope_Selector_Tool', 'LinkedIn_Ad_Click', 'SQL', 'IMS_Badge_Scan', 'No_Conversion']",0
L024685,Sofia Anders,Qualcomm GmbH,Automotive,APAC,5G Testbeds,Sales Outreach,"['PathWave_Trial_Request', 'PathWave_Trial_Request', 'Lab_Integration_Discussion', 'Application_Engineer_Call', 'Whitepaper_Download_5G_Test', 'Loaner_Unit_Evaluation', 'Customer']",1
L024686,Hiroshi Khan,NXP Semiconductors,Semiconductor,,,Webinar,"['Loaner_Unit_Evaluation', 'IMS_Badge_Scan', 'SQL', 'PathWave_Trial_Request', 'Whitepaper_Download_5G_Test', 'Application_Engineer_Call', 'Customer']",1
L024687,Hiroshi Chen,,Automotive,APAC,Automotive Ethernet,Sales Outreach,"['Keysight_University_Course', 'Whitepaper_Download_5G_Test', 'Technical_Demo', 'Customer']",1
L024688,Daniel Singh,Sony,,North America,Oscilloscopes,,"['LinkedIn_Ad_Click', 'IMS_Badge_Scan', 'Customer']",1
L024689,,Broadcom GmbH,Aerospace,,Automotive Ethernet,Website,"['Lab_Integration_Discussion', 'DesignCon_Booth_Visit', 'LinkedIn_Ad_Click', 'Opportunity', 'DesignCon_Booth_Visit', 'Loaner_Unit_Evaluation', 'PathWave_Trial_Request', 'No_Conversion']",0
L024690,,Infin_Tech,,Europe,5G Testbeds,LinkedIn,"['MQL', 'Oscilloscope_Selector_Tool', 'Keysight_Workshop_RF_Testing', 'AutoSens_Tech_Talk', 'LinkedIn_Ad_Click', 'Whitepaper_Download_5G_Test', 'Opportunity', 'No_Conversion']",0
L024691,Michael Lee,Tesla Energy GmbH,Aerospace,APAC,,Email Campaign,"['SQL', 'Lab_Integration_Discussion', 'No_Conversion']",0
L024692,Laura Johnson,,Telecom,North America,,Website,"['AutoSens_Tech_Talk', 'Application_Engineer_Call', 'No_Conversion']",0
L024693,,Bosch GmbH,Semiconductor,LATAM,Automotive Ethernet,Website,"['Keysight_Workshop_RF_Testing', 'Keysight_University_Course', 'Customer']",1
L024694,Kenji Martinez,,Telecom,LATAM,5G Testbeds,LinkedIn,"['MQL', 'AutoSens_Tech_Talk', 'DesignCon_Booth_Visit', 'Whitepaper_Download_5G_Test', 'Website_Product_Page', 'Opportunity', 'Whitepaper_Download_5G_Test', 'Application_Engineer_Call', 'No_Conversion']",0
L024695,Sofia Patel,,Telecom,North America,Oscilloscopes,Sales Outreach,"['Keysight_University_Course', 'No_Conversion']",0
L024696,Daniel Ito,Tesla Energy,,North America,,LinkedIn,"['MQL', 'IMS_Badge_Scan', 'Loaner_Unit_Evaluation', 'Whitepaper_Download_5G_Test', 'DesignCon_Booth_Visit', 'Customer']",1
L024697,Maria Martinez,Samsung Electronics,Aerospace,Europe,Automotive Ethernet,Email Campaign,"['SQL', 'Opportunity', 'AutoSens_Tech_Talk', 'Customer']",1
L024698,,Rayth_Tech,Semiconductor,,,Sales Outreach,"['Application_Engineer_Call', 'Website_Product_Page', 'Website_Product_Page', 'Keysight_Workshop_RF_Testing', 'Loaner_Unit_Evaluation', 'PathWave_Trial_Request', 'SQL', 'Oscilloscope_Selector_Tool', 'Whitepaper_Download_5G_Test', 'No_Conversion']",0
L024699,Michael Lee,NXP Semiconductors,Aerospace,APAC,PathWave Software,Email Campaign,"['Whitepaper_Download_5G_Test', 'SQL', 'IMS_Badge_Scan', 'Customer']",1
L024700,Ravi Lee,Sony_Tech,,APAC,PathWave Software,Webinar,['No_Conversion'],0
L024701,Sofia Johnson,Meta Connectivity Labs,Telecom,,,Sales Outreach,"['Opportunity', 'Application_Engineer_Call', 'DesignCon_Booth_Visit', 'Loaner_Unit_Evaluation', 'Customer']",1
L024702,Sarah Martinez,NXP Semiconductors GmbH,,North America,Oscilloscopes,Email Campaign,"['Whitepaper_Download_5G_Test', 'Lab_Integration_Discussion', 'Customer']",1
L024703,Maria Johnson,Samsung Electronics,,Europe,,Website,['No_Conversion'],0
L024704,Chen Tanaka,NXPSe_Tech,Electronics,Europe,Oscilloscopes,Website,"['MQL', 'Whitepaper_Download_5G_Test', 'DesignCon_Booth_Visit', 'Whitepaper_Download_5G_Test', 'Application_Engineer_Call', 'MQL', 'IMS_Badge_Scan', 'Loaner_Unit_Evaluation', 'No_Conversion']",0
L024705,Priya Tanaka,,Electronics,LATAM,,Event,"['MQL', 'Oscilloscope_Selector_Tool', 'No_Conversion']",0
L024706,Chen Singh,,Telecom,North America,5G Testbeds,Website,"['Lab_Integration_Discussion', 'PathWave_Trial_Request', 'Opportunity', 'Customer']",1
L024707,Ahmed Garcia,MetaC_Tech,Electronics,North America,PathWave Software,Event,"['Website_Product_Page', 'Lab_Integration_Discussion', 'MQL', 'No_Conversion']",0
L024708,Kenji Singh,,,APAC,PathWave Software,LinkedIn,"['IMS_Badge_Scan', 'Customer']",1
L024709,Sarah Patel,Rayth_Tech,Automotive,LATAM,,Email Campaign,"['Keysight_University_Course', 'Keysight_University_Course', 'IMS_Badge_Scan', 'Technical_Demo', 'Opportunity', 'Keysight_Workshop_RF_Testing', 'Customer']",1
L024710,Sofia Patel,Meta Connectivity Labs GmbH,,,5G Testbeds,Website,"['Application_Engineer_Call', 'Application_Engineer_Call', 'Lab_Integration_Discussion', 'Website_Product_Page', 'Technical_Demo', 'LinkedIn_Ad_Click', 'Opportunity', 'Customer']",1
L024711,Chen Martinez,Raytheon,Semiconductor,,Automotive Ethernet,,"['PathWave_Trial_Request', 'Website_Product_Page', 'DesignCon_Booth_Visit', 'Lab_Integration_Discussion', 'LinkedIn_Ad_Click', 'DesignCon_Booth_Visit', 'Application_Engineer_Call', 'DesignCon_Booth_Visit', 'Customer']",1
L024712,Maria Patel,NXP Semiconductors,Automotive,LATAM,Oscilloscopes,LinkedIn,"['SQL', 'Technical_Demo', 'Lab_Integration_Discussion', 'Keysight_Workshop_RF_Testing', 'Lab_Integration_Discussion', 'DesignCon_Booth_Visit', 'PathWave_Trial_Request', 'No_Conversion']",0
L024713,Maria Johnson,,Aerospace,LATAM,PathWave Software,LinkedIn,"['Keysight_Workshop_RF_Testing', 'DesignCon_Booth_Visit', 'Lab_Integration_Discussion', 'LinkedIn_Ad_Click', 'DesignCon_Booth_Visit', 'No_Conversion']",0
L024714,Sarah Chen,Infineon GmbH,,APAC,,Sales Outreach,"['IMS_Badge_Scan', 'Opportunity', 'Loaner_Unit_Evaluation', 'Customer']",1
L024715,Ravi Ito,Tesla Energy,,Europe,Oscilloscopes,Event,"['Application_Engineer_Call', 'MQL', 'Whitepaper_Download_5G_Test', 'LinkedIn_Ad_Click', 'SQL', 'Opportunity', 'AutoSens_Tech_Talk', 'Customer']",1
L024716,Chen Ito,Broadcom GmbH,Aerospace,LATAM,Automotive Ethernet,LinkedIn,"['Loaner_Unit_Evaluation', 'Whitepaper_Download_5G_Test', 'Oscilloscope_Selector_Tool', 'PathWave_Trial_Request', 'SQL', 'SQL', 'LinkedIn_Ad_Click', 'IMS_Badge_Scan', 'Loaner_Unit_Evaluation', 'Customer']",1
L024717,Kenji Johnson,Broad_Tech,Automotive,North America,5G Testbeds,Website,"['Whitepaper_Download_5G_Test', 'Whitepaper_Download_5G_Test', 'Keysight_Workshop_RF_Testing', 'Technical_Demo', 'Website_Product_Page', 'Keysight_University_Course', 'Customer']",1
L024718,Sofia Khan,,Automotive,Europe,Oscilloscopes,Webinar,['No_Conversion'],0
L024719,Priya Lee,Bosch_Tech,Automotive,APAC,,Webinar,"['Application_Engineer_Call', 'Website_Product_Page', 'LinkedIn_Ad_Click', 'Keysight_University_Course', 'Customer']",1
L024720,Ahmed Singh,NXPSe_Tech,Telecom,LATAM,5G Testbeds,Sales Outreach,"['IMS_Badge_Scan', 'Lab_Integration_Discussion', 'PathWave_Trial_Request', 'Loaner_Unit_Evaluation', 'SQL', 'MQL', 'Customer']",1
L024721,Hiroshi Garcia,,Automotive,LATAM,,Website,"['PathWave_Trial_Request', 'Technical_Demo', 'Oscilloscope_Selector_Tool', 'PathWave_Trial_Request', 'DesignCon_Booth_Visit', 'Lab_Integration_Discussion', 'Whitepaper_Download_5G_Test', 'No_Conversion']",0
L024722,Michael Patel,Qualcomm GmbH,Telecom,LATAM,Oscilloscopes,Event,"['Technical_Demo', 'Oscilloscope_Selector_Tool', 'DesignCon_Booth_Visit', 'Whitepaper_Download_5G_Test', 'Keysight_University_Course', 'AutoSens_Tech_Talk', 'Customer']",1
L024723,Ravi Lee,Infineon,Electronics,APAC,,Event,"['Keysight_University_Course', 'Keysight_Workshop_RF_Testing', 'Whitepaper_Download_5G_Test', 'MQL', 'Opportunity', 'Customer']",1
L024724,Ahmed Ito,Raytheon GmbH,Aerospace,Europe,,LinkedIn,"['Lab_Integration_Discussion', 'Technical_Demo', 'Whitepaper_Download_5G_Test', 'SQL', 'No_Conversion']",0
L024725,Priya Tanaka,Qualc_Tech,Semiconductor,,PathWave Software,LinkedIn,"['Opportunity', 'Lab_Integration_Discussion', 'Opportunity', 'AutoSens_Tech_Talk', 'Oscilloscope_Selector_Tool', 'Keysight_Workshop_RF_Testing', 'Whitepaper_Download_5G_Test', 'No_Conversion']",0
L024726,Sofia Tanaka,Infin_Tech,,,,Email Campaign,"['Keysight_University_Course', 'MQL', 'Loaner_Unit_Evaluation', 'IMS_Badge_Scan', 'Keysight_University_Course', 'Keysight_Workshop_RF_Testing', 'Customer']",1
L024727,Ravi Chen,,Telecom,North America,,LinkedIn,"['Whitepaper_Download_5G_Test', 'Technical_Demo', 'Technical_Demo', 'No_Conversion']",0
L024728,Ahmed Lee,NXP Semiconductors,Aerospace,APAC,5G Testbeds,Email Campaign,"['IMS_Badge_Scan', 'AutoSens_Tech_Talk', 'Application_Engineer_Call', 'Technical_Demo', 'No_Conversion']",0
L024729,,Tesla_Tech,Telecom,APAC,Automotive Ethernet,Event,"['Opportunity', 'LinkedIn_Ad_Click', 'Technical_Demo', 'Opportunity', 'Lab_Integration_Discussion', 'Oscilloscope_Selector_Tool', 'AutoSens_Tech_Talk', 'Lab_Integration_Discussion', 'Lab_Integration_Discussion', 'No_Conversion']",0
L024730,Chen Lee,Qualcomm,,,,Website,"['Keysight_Workshop_RF_Testing', 'Application_Engineer_Call', 'No_Conversion']",0
L024731,Ahmed Ito,Broad_Tech,Semiconductor,,,Webinar,['No_Conversion'],0
L024732,Daniel Patel,,,North America,,Email Campaign,"['MQL', 'No_Conversion']",0
L024733,Ahmed Chen,Meta Connectivity Labs,,APAC,,,"['MQL', 'Website_Product_Page', 'DesignCon_Booth_Visit', 'Lab_Integration_Discussion', 'PathWave_Trial_Request', 'Technical_Demo', 'MQL', 'Oscilloscope_Selector_Tool', 'AutoSens_Tech_Talk', 'Customer']",1
L024734,Maria Williams,Infineon GmbH,,,Oscilloscopes,Webinar,"['IMS_Badge_Scan', 'Whitepaper_Download_5G_Test', 'DesignCon_Booth_Visit', 'PathWave_Trial_Request', 'No_Conversion']",0
L024735,Ravi Tanaka,Qualc_Tech,Telecom,Europe,PathWave Software,Webinar,"['Keysight_University_Course', 'MQL', 'Oscilloscope_Selector_Tool', 'SQL', 'PathWave_Trial_Request', 'PathWave_Trial_Request', 'Keysight_Workshop_RF_Testing', 'No_Conversion']",0
L024736,Kenji Williams,Raytheon GmbH,Electronics,APAC,,Email Campaign,"['Website_Product_Page', 'Whitepaper_Download_5G_Test', 'Application_Engineer_Call', 'AutoSens_Tech_Talk', 'LinkedIn_Ad_Click', 'Website_Product_Page', 'DesignCon_Booth_Visit', 'Customer']",1
L024737,Laura Williams,Tesla Energy,Automotive,LATAM,5G Testbeds,Email Campaign,"['Whitepaper_Download_5G_Test', 'PathWave_Trial_Request', 'Oscilloscope_Selector_Tool', 'IMS_Badge_Scan', 'Whitepaper_Download_5G_Test', 'Oscilloscope_Selector_Tool', 'No_Conversion']",0
L024738,,Infin_Tech,Semiconductor,LATAM,Automotive Ethernet,Event,"['Keysight_Workshop_RF_Testing', 'Keysight_University_Course', 'Keysight_Workshop_RF_Testing', 'Website_Product_Page', 'Customer']",1
L024739,Sarah Williams,Qualcomm GmbH,Aerospace,LATAM,Oscilloscopes,Event,"['SQL', 'IMS_Badge_Scan', 'Oscilloscope_Selector_Tool', 'SQL', 'Lab_Integration_Discussion', 'Lab_Integration_Discussion', 'Application_Engineer_Call', 'Customer']",1
L024740,Laura Patel,NXPSe_Tech,Telecom,,Oscilloscopes,Webinar,"['Website_Product_Page', 'Keysight_Workshop_RF_Testing', 'Lab_Integration_Discussion', 'Website_Product_Page', 'MQL', 'DesignCon_Booth_Visit', 'Website_Product_Page', 'AutoSens_Tech_Talk', 'LinkedIn_Ad_Click', 'Customer']",1
L024741,Daniel Patel,Qualcomm GmbH,,,PathWave Software,,"['Technical_Demo', 'DesignCon_Booth_Visit', 'Keysight_University_Course', 'Whitepaper_Download_5G_Test', 'Customer']",1
L024742,Priya Khan,,Electronics,LATAM,PathWave Software,Sales Outreach,"['Keysight_University_Course', 'Technical_Demo', 'Keysight_Workshop_RF_Testing', 'No_Conversion']",0
L024743,Maria Martinez,Qualcomm,,North America,,,['Customer'],1
L024744,Daniel Singh,,Aerospace,APAC,PathWave Software,,"['Website_Product_Page', 'Website_Product_Page', 'No_Conversion']",0
L024745,Ravi Khan,NXPSe_Tech,,Europe,5G Testbeds,Website,"['Loaner_Unit_Evaluation', 'LinkedIn_Ad_Click', 'SQL', 'Technical_Demo', 'Loaner_Unit_Evaluation', 'Keysight_Workshop_RF_Testing', 'No_Conversion']",0
L024746,Sofia Patel,Raytheon,Aerospace,LATAM,,Event,"['Opportunity', 'Keysight_Workshop_RF_Testing', 'Opportunity', 'Keysight_Workshop_RF_Testing', 'SQL', 'Customer']",1
L024747,Maria Singh,,Automotive,Europe,Automotive Ethernet,Event,"['SQL', 'Loaner_Unit_Evaluation', 'Whitepaper_Download_5G_Test', 'Keysight_Workshop_RF_Testing', 'IMS_Badge_Scan', 'Technical_Demo', 'SQL', 'SQL', 'Customer']",1
L024748,Michael Johnson,Tesla Energy GmbH,Semiconductor,,,Email Campaign,"['Website_Product_Page', 'Whitepaper_Download_5G_Test', 'AutoSens_Tech_Talk', 'AutoSens_Tech_Talk', 'Customer']",1
L024749,Daniel Williams,,Semiconductor,,Automotive Ethernet,Sales Outreach,"['Keysight_Workshop_RF_Testing', 'Oscilloscope_Selector_Tool', 'PathWave_Trial_Request', 'SQL', 'Technical_Demo', 'Opportunity', 'IMS_Badge_Scan', 'IMS_Badge_Scan', 'DesignCon_Booth_Visit', 'Customer']",1
L024750,Laura Patel,NXPSe_Tech,,,,Webinar,"['DesignCon_Booth_Visit', 'Loaner_Unit_Evaluation', 'Customer']",1
L024751,Ahmed Garcia,MetaC_Tech,Automotive,Europe,Oscilloscopes,Webinar,"['Loaner_Unit_Evaluation', 'Keysight_Workshop_RF_Testing', 'Website_Product_Page', 'No_Conversion']",0
L024752,Michael Khan,,,North America,,,"['SQL', 'Opportunity', 'Application_Engineer_Call', 'AutoSens_Tech_Talk', 'Application_Engineer_Call', 'Customer']",1
L024753,Maria Martinez,Sony GmbH,,North America,Automotive Ethernet,Website,"['Application_Engineer_Call', 'Application_Engineer_Call', 'No_Conversion']",0
L024754,Sofia Johnson,Meta Connectivity Labs GmbH,Telecom,LATAM,,Sales Outreach,"['SQL', 'Keysight_Workshop_RF_Testing', 'No_Conversion']",0
L024755,Ahmed Lee,Bosch,,,Oscilloscopes,Event,"['IMS_Badge_Scan', 'Lab_Integration_Discussion', 'IMS_Badge_Scan', 'AutoSens_Tech_Talk', 'LinkedIn_Ad_Click', 'DesignCon_Booth_Visit', 'MQL', 'No_Conversion']",0
L024756,Ravi Martinez,Infineon,Electronics,Europe,Automotive Ethernet,LinkedIn,"['Lab_Integration_Discussion', 'Lab_Integration_Discussion', 'LinkedIn_Ad_Click', 'LinkedIn_Ad_Click', 'SQL', 'No_Conversion']",0
L024757,,,Aerospace,LATAM,,Sales Outreach,"['Whitepaper_Download_5G_Test', 'Lab_Integration_Discussion', 'Website_Product_Page', 'Website_Product_Page', 'LinkedIn_Ad_Click', 'Opportunity', 'Technical_Demo', 'No_Conversion']",0
L024758,Maria Chen,Qualc_Tech,Electronics,North America,PathWave Software,Event,"['DesignCon_Booth_Visit', 'No_Conversion']",0
L024759,Maria Lee,NXP Semiconductors,,LATAM,PathWave Software,LinkedIn,"['Technical_Demo', 'Website_Product_Page', 'AutoSens_Tech_Talk', 'Oscilloscope_Selector_Tool', 'DesignCon_Booth_Visit', 'IMS_Badge_Scan', 'IMS_Badge_Scan', 'MQL', 'No_Conversion']",0
L024760,,NXP Semiconductors GmbH,Semiconductor,,5G Testbeds,Website,"['Keysight_Workshop_RF_Testing', 'AutoSens_Tech_Talk', 'Keysight_University_Course', 'MQL', 'Technical_Demo', 'Opportunity', 'PathWave_Trial_Request', 'PathWave_Trial_Request', 'Customer']",1
L024761,Priya Martinez,,,Europe,Oscilloscopes,,"['DesignCon_Booth_Visit', 'Lab_Integration_Discussion', 'Keysight_University_Course', 'Technical_Demo', 'IMS_Badge_Scan', 'Customer']",1
L024762,Ahmed Anders,Infineon GmbH,Telecom,Europe,Oscilloscopes,Event,"['Opportunity', 'No_Conversion']",0
L024763,Maria Garcia,,,,,,"['LinkedIn_Ad_Click', 'IMS_Badge_Scan', 'Keysight_University_Course', 'Application_Engineer_Call', 'LinkedIn_Ad_Click', 'Website_Product_Page', 'Website_Product_Page', 'Opportunity', 'PathWave_Trial_Request', 'No_Conversion']",0
L024764,,NXP Semiconductors GmbH,Electronics,Europe,Automotive Ethernet,Website,"['Lab_Integration_Discussion', 'AutoSens_Tech_Talk', 'Opportunity', 'AutoSens_Tech_Talk', 'DesignCon_Booth_Visit', 'Loaner_Unit_Evaluation', 'No_Conversion']",0
L024765,Laura Lee,Sony_Tech,Aerospace,,PathWave Software,Website,"['PathWave_Trial_Request', 'Opportunity', 'Technical_Demo', 'Customer']",1
L024766,Sofia Martinez,Raytheon,,,PathWave Software,,['No_Conversion'],0
L024767,Maria Garcia,NXP Semiconductors GmbH,Telecom,North America,,Event,"['PathWave_Trial_Request', 'IMS_Badge_Scan', 'AutoSens_Tech_Talk', 'Oscilloscope_Selector_Tool', 'No_Conversion']",0
L024768,Sofia Patel,,,LATAM,,Webinar,"['DesignCon_Booth_Visit', 'Opportunity', 'IMS_Badge_Scan', 'Oscilloscope_Selector_Tool', 'PathWave_Trial_Request', 'MQL', 'IMS_Badge_Scan', 'No_Conversion']",0
L024769,Sofia Khan,Samsung Electronics GmbH,,,,Website,"['Keysight_University_Course', 'Keysight_University_Course', 'DesignCon_Booth_Visit', 'Loaner_Unit_Evaluation', 'Loaner_Unit_Evaluation', 'Lab_Integration_Discussion', 'Website_Product_Page', 'DesignCon_Booth_Visit', 'No_Conversion']",0
L024770,Chen Chen,Samsung Electronics,Electronics,Europe,,Email Campaign,"['Whitepaper_Download_5G_Test', 'Lab_Integration_Discussion', 'Website_Product_Page', 'Opportunity', 'Customer']",1
L024771,Sofia Anders,Broadcom GmbH,Automotive,LATAM,,Webinar,"['DesignCon_Booth_Visit', 'Keysight_Workshop_RF_Testing', 'Customer']",1
L024772,Chen Chen,,Automotive,,Oscilloscopes,LinkedIn,"['MQL', 'Customer']",1
L024773,,Samsung Electronics,,,Automotive Ethernet,,"['Website_Product_Page', 'Website_Product_Page', 'Customer']",1
L024774,Laura Garcia,,Semiconductor,,,Email Campaign,"['SQL', 'Technical_Demo', 'AutoSens_Tech_Talk', 'Lab_Integration_Discussion', 'LinkedIn_Ad_Click', 'AutoSens_Tech_Talk', 'DesignCon_Booth_Visit', 'No_Conversion']",0
L024775,,Qualc_Tech,,,PathWave Software,Event,"['Opportunity', 'MQL', 'LinkedIn_Ad_Click', 'No_Conversion']",0
L024776,Maria Johnson,Bosch,Telecom,APAC,Automotive Ethernet,Webinar,"['Oscilloscope_Selector_Tool', 'LinkedIn_Ad_Click', 'Whitepaper_Download_5G_Test', 'Website_Product_Page', 'Keysight_Workshop_RF_Testing', 'Customer']",1
L024777,Daniel Lee,Bosch GmbH,,North America,PathWave Software,Webinar,"['Application_Engineer_Call', 'Keysight_Workshop_RF_Testing', 'No_Conversion']",0
L024778,Kenji Anders,Bosch,,LATAM,PathWave Software,Event,"['PathWave_Trial_Request', 'No_Conversion']",0
L024779,Michael Anders,MetaC_Tech,,,Automotive Ethernet,Webinar,"['Keysight_Workshop_RF_Testing', 'Keysight_University_Course', 'Website_Product_Page', 'PathWave_Trial_Request', 'LinkedIn_Ad_Click', 'SQL', 'SQL', 'Oscilloscope_Selector_Tool', 'Whitepaper_Download_5G_Test', 'Customer']",1
L024780,Laura Garcia,,,Europe,,Event,"['Technical_Demo', 'Technical_Demo', 'Loaner_Unit_Evaluation', 'Whitepaper_Download_5G_Test', 'Lab_Integration_Discussion', 'Whitepaper_Download_5G_Test', 'Application_Engineer_Call', 'Customer']",1
L024781,Hiroshi Patel,Broad_Tech,Semiconductor,APAC,Automotive Ethernet,Sales Outreach,"['Whitepaper_Download_5G_Test', 'Technical_Demo', 'Loaner_Unit_Evaluation', 'AutoSens_Tech_Talk', 'Customer']",1
L024782,Sarah Garcia,NXP Semiconductors,,APAC,,Email Campaign,"['IMS_Badge_Scan', 'Customer']",1
L024783,Ahmed Ito,NXP Semiconductors GmbH,,APAC,,Email Campaign,"['Opportunity', 'Customer']",1
L024784,Laura Anders,Broadcom,,LATAM,Automotive Ethernet,Webinar,"['Application_Engineer_Call', 'Website_Product_Page', 'Loaner_Unit_Evaluation', 'Customer']",1
L024785,Sarah Khan,Sony GmbH,Electronics,,,Webinar,"['Opportunity', 'Keysight_Workshop_RF_Testing', 'Application_Engineer_Call', 'Oscilloscope_Selector_Tool', 'No_Conversion']",0
L024786,Ravi Anders,Samsung Electronics,,APAC,,Webinar,"['IMS_Badge_Scan', 'Lab_Integration_Discussion', 'Whitepaper_Download_5G_Test', 'IMS_Badge_Scan', 'LinkedIn_Ad_Click', 'Technical_Demo', 'Customer']",1
L024787,,Rayth_Tech,Telecom,APAC,PathWave Software,Webinar,"['Lab_Integration_Discussion', 'PathWave_Trial_Request', 'Whitepaper_Download_5G_Test', 'MQL', 'IMS_Badge_Scan', 'Lab_Integration_Discussion', 'Keysight_University_Course', 'Customer']",1
L024788,Hiroshi Ito,Broadcom,Telecom,Europe,,Event,"['Lab_Integration_Discussion', 'Website_Product_Page', 'Lab_Integration_Discussion', 'Keysight_University_Course', 'Whitepaper_Download_5G_Test', 'No_Conversion']",0
L024789,Sarah Singh,Broad_Tech,Automotive,LATAM,Oscilloscopes,Sales Outreach,"['PathWave_Trial_Request', 'Whitepaper_Download_5G_Test', 'DesignCon_Booth_Visit', 'LinkedIn_Ad_Click', 'SQL', 'SQL', 'Technical_Demo', 'Keysight_Workshop_RF_Testing', 'AutoSens_Tech_Talk', 'No_Conversion']",0
L024790,Chen Tanaka,Broad_Tech,,North America,,,"['Keysight_Workshop_RF_Testing', 'Whitepaper_Download_5G_Test', 'No_Conversion']",0
L024791,Chen Patel,Infin_Tech,Automotive,LATAM,Oscilloscopes,Webinar,"['Keysight_University_Course', 'Oscilloscope_Selector_Tool', 'IMS_Badge_Scan', 'AutoSens_Tech_Talk', 'Customer']",1
L024792,Sofia Patel,NXP Semiconductors GmbH,Electronics,APAC,Automotive Ethernet,LinkedIn,"['DesignCon_Booth_Visit', 'AutoSens_Tech_Talk', 'Whitepaper_Download_5G_Test', 'Website_Product_Page', 'MQL', 'SQL', 'Oscilloscope_Selector_Tool', 'Customer']",1
L024793,Sarah Garcia,Samsung Electronics,Telecom,North America,,Email Campaign,"['DesignCon_Booth_Visit', 'No_Conversion']",0
L024794,Michael Patel,NXP Semiconductors GmbH,,APAC,PathWave Software,Webinar,"['Opportunity', 'PathWave_Trial_Request', 'Whitepaper_Download_5G_Test', 'Oscilloscope_Selector_Tool', 'Customer']",1
L024795,Maria Ito,Raytheon GmbH,,North America,Oscilloscopes,Event,"['Keysight_University_Course', 'Customer']",1
L024796,Hiroshi Martinez,Bosch,,Europe,,Email Campaign,"['Application_Engineer_Call', 'Website_Product_Page', 'SQL', 'No_Conversion']",0
L024797,Laura Ito,Bosch_Tech,Electronics,North America,,Sales Outreach,"['Keysight_Workshop_RF_Testing', 'Loaner_Unit_Evaluation', 'Keysight_Workshop_RF_Testing', 'AutoSens_Tech_Talk', 'AutoSens_Tech_Talk', 'Technical_Demo', 'AutoSens_Tech_Talk', 'No_Conversion']",0
L024798,Ahmed Anders,NXP Semiconductors GmbH,Telecom,LATAM,PathWave Software,Webinar,"['Application_Engineer_Call', 'Oscilloscope_Selector_Tool', 'Website_Product_Page', 'PathWave_Trial_Request', 'Whitepaper_Download_5G_Test', 'MQL', 'No_Conversion']",0
L024799,Hiroshi Ito,Meta Connectivity Labs GmbH,Telecom,Europe,5G Testbeds,Website,"['SQL', 'Whitepaper_Download_5G_Test', 'Keysight_Workshop_RF_Testing', 'SQL', 'Keysight_University_Course', 'Customer']",1
L024800,Ahmed Lee,Sony,,Europe,Oscilloscopes,Event,"['PathWave_Trial_Request', 'IMS_Badge_Scan', 'Keysight_Workshop_RF_Testing', 'Customer']",1
L024801,Laura Johnson,Bosch,Telecom,,,,"['Oscilloscope_Selector_Tool', 'AutoSens_Tech_Talk', 'LinkedIn_Ad_Click', 'Technical_Demo', 'Oscilloscope_Selector_Tool', 'Lab_Integration_Discussion', 'Technical_Demo', 'Technical_Demo', 'DesignCon_Booth_Visit', 'Oscilloscope_Selector_Tool', 'No_Conversion']",0
L024802,Michael Anders,,Semiconductor,Europe,,Event,"['DesignCon_Booth_Visit', 'PathWave_Trial_Request', 'Keysight_University_Course', 'LinkedIn_Ad_Click', 'Website_Product_Page', 'Technical_Demo', 'Customer']",1
L024803,Ravi Williams,,,LATAM,Automotive Ethernet,,"['Opportunity', 'LinkedIn_Ad_Click', 'Lab_Integration_Discussion', 'Application_Engineer_Call', 'LinkedIn_Ad_Click', 'No_Conversion']",0
L024804,Laura Johnson,Sony_Tech,,,PathWave Software,Website,"['Website_Product_Page', 'Keysight_University_Course', 'IMS_Badge_Scan', 'Opportunity', 'No_Conversion']",0
L024805,Ravi Khan,Raytheon,Automotive,LATAM,,Sales Outreach,"['PathWave_Trial_Request', 'Keysight_University_Course', 'Loaner_Unit_Evaluation', 'Opportunity', 'Application_Engineer_Call', 'Oscilloscope_Selector_Tool', 'Oscilloscope_Selector_Tool', 'DesignCon_Booth_Visit', 'AutoSens_Tech_Talk', 'Customer']",1
L024806,Hiroshi Williams,Samsung Electronics,Semiconductor,,Oscilloscopes,Website,"['Opportunity', 'DesignCon_Booth_Visit', 'Customer']",1
L024807,Hiroshi Garcia,NXP Semiconductors,Electronics,,Automotive Ethernet,,"['DesignCon_Booth_Visit', 'DesignCon_Booth_Visit', 'SQL', 'LinkedIn_Ad_Click', 'Website_Product_Page', 'Website_Product_Page', 'No_Conversion']",0
L024808,Laura Garcia,Rayth_Tech,,,,,"['LinkedIn_Ad_Click', 'Technical_Demo', 'Application_Engineer_Call', 'SQL', 'Opportunity', 'Opportunity', 'Application_Engineer_Call', 'MQL', 'Loaner_Unit_Evaluation', 'AutoSens_Tech_Talk', 'No_Conversion']",0
L024809,Priya Patel,NXP Semiconductors,Semiconductor,Europe,,Website,['No_Conversion'],0
L024810,,,Aerospace,Europe,PathWave Software,Webinar,['Customer'],1
L024811,Sarah Tanaka,,Telecom,APAC,,LinkedIn,['Customer'],1
L024812,Sofia Martinez,Tesla Energy,Electronics,LATAM,Automotive Ethernet,Email Campaign,"['Technical_Demo', 'SQL', 'No_Conversion']",0
L024813,Hiroshi Khan,NXP Semiconductors,,APAC,Automotive Ethernet,,"['Keysight_University_Course', 'Whitepaper_Download_5G_Test', 'Keysight_University_Course', 'Website_Product_Page', 'Keysight_University_Course', 'Customer']",1
L024814,Sofia Lee,Infineon,Automotive,Europe,Oscilloscopes,LinkedIn,"['DesignCon_Booth_Visit', 'Lab_Integration_Discussion', 'Technical_Demo', 'Whitepaper_Download_5G_Test', 'IMS_Badge_Scan', 'Application_Engineer_Call', 'Loaner_Unit_Evaluation', 'SQL', 'Customer']",1
L024815,Hiroshi Khan,Sony,Semiconductor,Europe,Automotive Ethernet,LinkedIn,"['Website_Product_Page', 'DesignCon_Booth_Visit', 'IMS_Badge_Scan', 'Keysight_Workshop_RF_Testing', 'Technical_Demo', 'No_Conversion']",0
L024816,Sofia Tanaka,NXPSe_Tech,Automotive,,Automotive Ethernet,Website,"['Technical_Demo', 'DesignCon_Booth_Visit', 'Oscilloscope_Selector_Tool', 'No_Conversion']",0
L024817,Ravi Patel,,,LATAM,,Webinar,"['Oscilloscope_Selector_Tool', 'Lab_Integration_Discussion', 'Oscilloscope_Selector_Tool', 'Oscilloscope_Selector_Tool', 'SQL', 'No_Conversion']",0
L024818,Sarah Garcia,,Semiconductor,North America,PathWave Software,Event,"['Technical_Demo', 'AutoSens_Tech_Talk', 'Whitepaper_Download_5G_Test', 'MQL', 'No_Conversion']",0
L024819,Sofia Khan,Tesla Energy GmbH,Automotive,APAC,5G Testbeds,Sales Outreach,"['Opportunity', 'Opportunity', 'Whitepaper_Download_5G_Test', 'Opportunity', 'Whitepaper_Download_5G_Test', 'SQL', 'Keysight_University_Course', 'LinkedIn_Ad_Click', 'No_Conversion']",0
L024820,Sarah Garcia,,Electronics,LATAM,5G Testbeds,,"['Loaner_Unit_Evaluation', 'SQL', 'DesignCon_Booth_Visit', 'Loaner_Unit_Evaluation', 'Customer']",1
L024821,Daniel Garcia,NXPSe_Tech,Automotive,North America,,,"['MQL', 'DesignCon_Booth_Visit', 'Lab_Integration_Discussion', 'Customer']",1
L024822,Hiroshi Khan,Infineon,Electronics,North America,,Webinar,"['Keysight_Workshop_RF_Testing', 'Opportunity', 'Website_Product_Page', 'Website_Product_Page', 'Oscilloscope_Selector_Tool', 'MQL', 'Customer']",1
L024823,Daniel Martinez,Qualc_Tech,,APAC,,Event,['No_Conversion'],0
L024824,Laura Anders,Qualcomm GmbH,,Europe,,Sales Outreach,"['Opportunity', 'SQL', 'IMS_Badge_Scan', 'Opportunity', 'Lab_Integration_Discussion', 'LinkedIn_Ad_Click', 'AutoSens_Tech_Talk', 'Oscilloscope_Selector_Tool', 'AutoSens_Tech_Talk', 'MQL', 'Customer']",1
L024825,Kenji Khan,MetaC_Tech,Semiconductor,LATAM,,LinkedIn,"['Website_Product_Page', 'IMS_Badge_Scan', 'PathWave_Trial_Request', 'Keysight_University_Course', 'PathWave_Trial_Request', 'AutoSens_Tech_Talk', 'Application_Engineer_Call', 'Customer']",1
L024826,Hiroshi Patel,Rayth_Tech,Telecom,,5G Testbeds,,"['AutoSens_Tech_Talk', 'Oscilloscope_Selector_Tool', 'Keysight_Workshop_RF_Testing', 'Opportunity', 'Keysight_University_Course', 'SQL', 'LinkedIn_Ad_Click', 'No_Conversion']",0
L024827,Ravi Ito,Tesla Energy,Automotive,APAC,5G Testbeds,LinkedIn,"['SQL', 'Loaner_Unit_Evaluation', 'Application_Engineer_Call', 'Opportunity', 'Website_Product_Page', 'MQL', 'No_Conversion']",0
L024828,Maria Williams,Tesla_Tech,Automotive,Europe,,Event,"['Keysight_University_Course', 'AutoSens_Tech_Talk', 'Whitepaper_Download_5G_Test', 'IMS_Badge_Scan', 'LinkedIn_Ad_Click', 'Technical_Demo', 'Lab_Integration_Discussion', 'MQL', 'IMS_Badge_Scan', 'No_Conversion']",0
L024829,Ravi Ito,NXP Semiconductors,,LATAM,Automotive Ethernet,Sales Outreach,"['MQL', 'Whitepaper_Download_5G_Test', 'Opportunity', 'DesignCon_Booth_Visit', 'Keysight_University_Course', 'SQL', 'LinkedIn_Ad_Click', 'No_Conversion']",0
L024830,,Broadcom GmbH,Electronics,APAC,Automotive Ethernet,LinkedIn,"['Application_Engineer_Call', 'Lab_Integration_Discussion', 'LinkedIn_Ad_Click', 'Lab_Integration_Discussion', 'AutoSens_Tech_Talk', 'LinkedIn_Ad_Click', 'Keysight_Workshop_RF_Testing', 'Opportunity', 'Customer']",1
L024831,Laura Martinez,,,North America,,Email Campaign,"['Whitepaper_Download_5G_Test', 'Website_Product_Page', 'LinkedIn_Ad_Click', 'MQL', 'Keysight_Workshop_RF_Testing', 'DesignCon_Booth_Visit', 'Website_Product_Page', 'No_Conversion']",0
L024832,Maria Garcia,Qualcomm,,LATAM,5G Testbeds,Event,"['Opportunity', 'Lab_Integration_Discussion', 'Whitepaper_Download_5G_Test', 'Keysight_Workshop_RF_Testing', 'Customer']",1
L024833,Michael Williams,Samsung Electronics GmbH,Aerospace,,,Website,"['Keysight_Workshop_RF_Testing', 'No_Conversion']",0
L024834,Laura Patel,MetaC_Tech,Electronics,LATAM,,Email Campaign,"['DesignCon_Booth_Visit', 'Loaner_Unit_Evaluation', 'IMS_Badge_Scan', 'Oscilloscope_Selector_Tool', 'Application_Engineer_Call', 'Application_Engineer_Call', 'No_Conversion']",0
L024835,Hiroshi Williams,MetaC_Tech,Automotive,North America,Oscilloscopes,Webinar,"['Website_Product_Page', 'Opportunity', 'Loaner_Unit_Evaluation', 'LinkedIn_Ad_Click', 'No_Conversion']",0
L024836,Ahmed Patel,Qualcomm,Semiconductor,,,Website,"['Oscilloscope_Selector_Tool', 'No_Conversion']",0
L024837,Laura Garcia,Infineon,Semiconductor,Europe,Oscilloscopes,,"['Loaner_Unit_Evaluation', 'IMS_Badge_Scan', 'Oscilloscope_Selector_Tool', 'AutoSens_Tech_Talk', 'Customer']",1
L024838,Michael Garcia,Samsung Electronics,,APAC,,Sales Outreach,"['SQL', 'DesignCon_Booth_Visit', 'IMS_Badge_Scan', 'Website_Product_Page', 'No_Conversion']",0
L024839,Kenji Singh,Meta Connectivity Labs,Electronics,LATAM,,Email Campaign,"['Oscilloscope_Selector_Tool', 'IMS_Badge_Scan', 'Website_Product_Page', 'Lab_Integration_Discussion', 'Oscilloscope_Selector_Tool', 'MQL', 'Loaner_Unit_Evaluation', 'Loaner_Unit_Evaluation', 'PathWave_Trial_Request', 'Customer']",1
L024840,Sofia Tanaka,Qualc_Tech,Telecom,Europe,,Webinar,"['Keysight_University_Course', 'Keysight_Workshop_RF_Testing', 'AutoSens_Tech_Talk', 'DesignCon_Booth_Visit', 'Customer']",1
L024841,Priya Martinez,Broad_Tech,Automotive,Europe,Oscilloscopes,Email Campaign,"['Loaner_Unit_Evaluation', 'Loaner_Unit_Evaluation', 'Whitepaper_Download_5G_Test', 'IMS_Badge_Scan', 'IMS_Badge_Scan', 'Keysight_University_Course', 'No_Conversion']",0
L024842,Michael Khan,,Electronics,Europe,Oscilloscopes,Website,"['IMS_Badge_Scan', 'IMS_Badge_Scan', 'Whitepaper_Download_5G_Test', 'Application_Engineer_Call', 'LinkedIn_Ad_Click', 'Opportunity', 'Customer']",1
L024843,Ravi Lee,NXP Semiconductors GmbH,Aerospace,,,Email Campaign,"['LinkedIn_Ad_Click', 'MQL', 'Lab_Integration_Discussion', 'Oscilloscope_Selector_Tool', 'Opportunity', 'LinkedIn_Ad_Click', 'MQL', 'No_Conversion']",0
L024844,Laura Patel,Raytheon,,LATAM,Automotive Ethernet,Sales Outreach,"['DesignCon_Booth_Visit', 'PathWave_Trial_Request', 'Opportunity', 'Opportunity', 'No_Conversion']",0
L024845,Sofia Garcia,Infineon,,,5G Testbeds,,"['Loaner_Unit_Evaluation', 'LinkedIn_Ad_Click', 'Keysight_Workshop_RF_Testing', 'No_Conversion']",0
L024846,Daniel Singh,Bosch GmbH,Aerospace,,PathWave Software,Sales Outreach,['Customer'],1
L024847,Daniel Anders,Samsu_Tech,Semiconductor,North America,5G Testbeds,Sales Outreach,"['IMS_Badge_Scan', 'Opportunity', 'Website_Product_Page', 'No_Conversion']",0
L024848,Daniel Martinez,,Aerospace,,,LinkedIn,"['Keysight_Workshop_RF_Testing', 'Oscilloscope_Selector_Tool', 'Keysight_University_Course', 'Customer']",1
L024849,Daniel Khan,,Aerospace,,5G Testbeds,Event,['Customer'],1
L024850,Maria Tanaka,NXP Semiconductors,,North America,5G Testbeds,LinkedIn,"['Whitepaper_Download_5G_Test', 'Oscilloscope_Selector_Tool', 'Customer']",1
L024851,Kenji Garcia,Tesla Energy GmbH,,APAC,,Sales Outreach,"['Keysight_Workshop_RF_Testing', 'Keysight_Workshop_RF_Testing', 'LinkedIn_Ad_Click', 'No_Conversion']",0
L024852,Laura Chen,,Semiconductor,LATAM,5G Testbeds,Webinar,"['Loaner_Unit_Evaluation', 'Oscilloscope_Selector_Tool', 'SQL', 'PathWave_Trial_Request', 'IMS_Badge_Scan', 'Technical_Demo', 'Opportunity', 'Lab_Integration_Discussion', 'Application_Engineer_Call', 'AutoSens_Tech_Talk', 'Customer']",1
L024853,Maria Patel,Tesla Energy GmbH,Aerospace,North America,Automotive Ethernet,Website,"['IMS_Badge_Scan', 'Oscilloscope_Selector_Tool', 'Lab_Integration_Discussion', 'Customer']",1
L024854,Daniel Garcia,Bosch_Tech,Automotive,Europe,,Email Campaign,"['PathWave_Trial_Request', 'Application_Engineer_Call', 'Loaner_Unit_Evaluation', 'Customer']",1
L024855,Kenji Johnson,Infineon,Automotive,APAC,Automotive Ethernet,Webinar,"['Loaner_Unit_Evaluation', 'IMS_Badge_Scan', 'PathWave_Trial_Request', 'Customer']",1
L024856,Hiroshi Singh,Meta Connectivity Labs GmbH,,Europe,,Webinar,"['PathWave_Trial_Request', 'AutoSens_Tech_Talk', 'Oscilloscope_Selector_Tool', 'Opportunity', 'PathWave_Trial_Request', 'DesignCon_Booth_Visit', 'DesignCon_Booth_Visit', 'Customer']",1
L024857,Sofia Khan,Samsung Electronics,Aerospace,,5G Testbeds,Event,"['PathWave_Trial_Request', 'Whitepaper_Download_5G_Test', 'Keysight_University_Course', 'DesignCon_Booth_Visit', 'SQL', 'Oscilloscope_Selector_Tool', 'Opportunity', 'Whitepaper_Download_5G_Test', 'Loaner_Unit_Evaluation', 'Lab_Integration_Discussion', 'No_Conversion']",0
L024858,Hiroshi Chen,Samsung Electronics,Electronics,APAC,Oscilloscopes,Email Campaign,"['AutoSens_Tech_Talk', 'Oscilloscope_Selector_Tool', 'Technical_Demo', 'Website_Product_Page', 'Website_Product_Page', 'AutoSens_Tech_Talk', 'Keysight_Workshop_RF_Testing', 'Customer']",1
L024859,Sofia Garcia,Sony GmbH,Automotive,North America,,Sales Outreach,"['AutoSens_Tech_Talk', 'MQL', 'LinkedIn_Ad_Click', 'SQL', 'No_Conversion']",0
L024860,Chen Anders,Meta Connectivity Labs,Telecom,Europe,PathWave Software,Email Campaign,"['LinkedIn_Ad_Click', 'Application_Engineer_Call', 'Opportunity', 'IMS_Badge_Scan', 'IMS_Badge_Scan', 'Customer']",1
L024861,Chen Martinez,,,North America,PathWave Software,Event,['No_Conversion'],0
L024862,Sofia Tanaka,,Automotive,,PathWave Software,Website,"['PathWave_Trial_Request', 'IMS_Badge_Scan', 'Application_Engineer_Call', 'Lab_Integration_Discussion', 'Oscilloscope_Selector_Tool', 'Website_Product_Page', 'SQL', 'Customer']",1
L024863,Maria Johnson,Samsung Electronics,,,PathWave Software,Sales Outreach,"['IMS_Badge_Scan', 'LinkedIn_Ad_Click', 'PathWave_Trial_Request', 'IMS_Badge_Scan', 'Loaner_Unit_Evaluation', 'IMS_Badge_Scan', 'AutoSens_Tech_Talk', 'PathWave_Trial_Request', 'No_Conversion']",0
L024864,Sarah Williams,Bosch,Electronics,North America,Oscilloscopes,LinkedIn,"['SQL', 'Technical_Demo', 'Oscilloscope_Selector_Tool', 'SQL', 'Website_Product_Page', 'MQL', 'Customer']",1
L024865,Kenji Patel,Samsung Electronics,,APAC,5G Testbeds,,"['Opportunity', 'Keysight_University_Course', 'Keysight_University_Course', 'IMS_Badge_Scan', 'Website_Product_Page', 'Customer']",1
L024866,Priya Singh,NXP Semiconductors GmbH,,APAC,,Webinar,"['Keysight_Workshop_RF_Testing', 'LinkedIn_Ad_Click', 'IMS_Badge_Scan', 'SQL', 'Customer']",1
L024867,Laura Patel,NXPSe_Tech,,Europe,Automotive Ethernet,Email Campaign,"['Technical_Demo', 'Oscilloscope_Selector_Tool', 'LinkedIn_Ad_Click', 'Opportunity', 'IMS_Badge_Scan', 'No_Conversion']",0
L024868,Ravi Patel,,Electronics,APAC,Automotive Ethernet,Sales Outreach,"['Technical_Demo', 'AutoSens_Tech_Talk', 'LinkedIn_Ad_Click', 'Lab_Integration_Discussion', 'LinkedIn_Ad_Click', 'MQL', 'AutoSens_Tech_Talk', 'No_Conversion']",0
L024869,Sofia Chen,Rayth_Tech,Electronics,Europe,Automotive Ethernet,Webinar,['Customer'],1
L024870,Sarah Williams,Meta Connectivity Labs GmbH,Automotive,Europe,Oscilloscopes,LinkedIn,"['Opportunity', 'MQL', 'Oscilloscope_Selector_Tool', 'MQL', 'AutoSens_Tech_Talk', 'Keysight_University_Course', 'LinkedIn_Ad_Click', 'No_Conversion']",0
L024871,Maria Johnson,Rayth_Tech,Semiconductor,North America,5G Testbeds,Website,"['IMS_Badge_Scan', 'Keysight_University_Course', 'Application_Engineer_Call', 'DesignCon_Booth_Visit', 'IMS_Badge_Scan', 'No_Conversion']",0
L024872,Kenji Singh,Raytheon,,North America,,Email Campaign,"['Keysight_Workshop_RF_Testing', 'Loaner_Unit_Evaluation', 'Opportunity', 'Whitepaper_Download_5G_Test', 'Website_Product_Page', 'PathWave_Trial_Request', 'AutoSens_Tech_Talk', 'Oscilloscope_Selector_Tool', 'MQL', 'No_Conversion']",0
L024873,Kenji Ito,Broadcom GmbH,Electronics,Europe,,Website,"['Keysight_Workshop_RF_Testing', 'Opportunity', 'Keysight_University_Course', 'AutoSens_Tech_Talk', 'Oscilloscope_Selector_Tool', 'No_Conversion']",0
L024874,Ravi Martinez,NXPSe_Tech,,LATAM,,,"['Lab_Integration_Discussion', 'LinkedIn_Ad_Click', 'PathWave_Trial_Request', 'Website_Product_Page', 'Keysight_University_Course', 'Whitepaper_Download_5G_Test', 'No_Conversion']",0
L024875,Maria Williams,,Electronics,Europe,,Sales Outreach,"['Loaner_Unit_Evaluation', 'Opportunity', 'Whitepaper_Download_5G_Test', 'MQL', 'AutoSens_Tech_Talk', 'AutoSens_Tech_Talk', 'No_Conversion']",0
L024876,Kenji Chen,NXP Semiconductors,Automotive,North America,Automotive Ethernet,LinkedIn,['Customer'],1
L024877,,,,LATAM,,Sales Outreach,"['Keysight_Workshop_RF_Testing', 'Keysight_University_Course', 'Keysight_Workshop_RF_Testing', 'Opportunity', 'SQL', 'Whitepaper_Download_5G_Test', 'Loaner_Unit_Evaluation', 'DesignCon_Booth_Visit', 'Technical_Demo', 'Lab_Integration_Discussion', 'No_Conversion']",0
L024878,Laura Singh,Meta Connectivity Labs,Semiconductor,,5G Testbeds,Event,"['LinkedIn_Ad_Click', 'Technical_Demo', 'Loaner_Unit_Evaluation', 'PathWave_Trial_Request', 'Keysight_Workshop_RF_Testing', 'Application_Engineer_Call', 'Oscilloscope_Selector_Tool', 'Keysight_University_Course', 'AutoSens_Tech_Talk', 'No_Conversion']",0
L024879,Daniel Chen,,Automotive,North America,PathWave Software,Website,"['Opportunity', 'Customer']",1
L024880,Ahmed Khan,,Telecom,APAC,Oscilloscopes,Email Campaign,"['Keysight_University_Course', 'Whitepaper_Download_5G_Test', 'SQL', 'DesignCon_Booth_Visit', 'No_Conversion']",0
L024881,,Samsung Electronics GmbH,,LATAM,Automotive Ethernet,Email Campaign,"['Whitepaper_Download_5G_Test', 'PathWave_Trial_Request', 'Whitepaper_Download_5G_Test', 'Loaner_Unit_Evaluation', 'LinkedIn_Ad_Click', 'SQL', 'MQL', 'Oscilloscope_Selector_Tool', 'Opportunity', 'Keysight_Workshop_RF_Testing', 'No_Conversion']",0
L024882,Priya Lee,Samsung Electronics GmbH,Electronics,LATAM,,Email Campaign,"['Keysight_Workshop_RF_Testing', 'Keysight_Workshop_RF_Testing', 'Lab_Integration_Discussion', 'LinkedIn_Ad_Click', 'Customer']",1
L024883,Maria Khan,Infin_Tech,,North America,Oscilloscopes,Website,"['DesignCon_Booth_Visit', 'LinkedIn_Ad_Click', 'No_Conversion']",0
L024884,Priya Singh,Qualcomm GmbH,Semiconductor,,PathWave Software,Sales Outreach,"['PathWave_Trial_Request', 'AutoSens_Tech_Talk', 'Website_Product_Page', 'Opportunity', 'Customer']",1
L024885,Sarah Singh,Meta Connectivity Labs GmbH,Electronics,,PathWave Software,Sales Outreach,"['LinkedIn_Ad_Click', 'Oscilloscope_Selector_Tool', 'AutoSens_Tech_Talk', 'Oscilloscope_Selector_Tool', 'Whitepaper_Download_5G_Test', 'DesignCon_Booth_Visit', 'Website_Product_Page', 'Opportunity', 'Customer']",1
L024886,Michael Johnson,NXP Semiconductors GmbH,Telecom,,,,"['Opportunity', 'Loaner_Unit_Evaluation', 'Whitepaper_Download_5G_Test', 'Oscilloscope_Selector_Tool', 'MQL', 'Opportunity', 'AutoSens_Tech_Talk', 'SQL', 'Customer']",1
L024887,Maria Garcia,MetaC_Tech,Semiconductor,LATAM,,Website,"['LinkedIn_Ad_Click', 'MQL', 'PathWave_Trial_Request', 'Customer']",1
L024888,Sarah Patel,Bosch_Tech,Aerospace,North America,,,"['Opportunity', 'Application_Engineer_Call', 'Technical_Demo', 'Keysight_Workshop_RF_Testing', 'Technical_Demo', 'LinkedIn_Ad_Click', 'SQL', 'Whitepaper_Download_5G_Test', 'No_Conversion']",0
L024889,Priya Anders,Samsu_Tech,Telecom,LATAM,,Event,"['DesignCon_Booth_Visit', 'Keysight_Workshop_RF_Testing', 'Oscilloscope_Selector_Tool', 'Lab_Integration_Discussion', 'Customer']",1
L024890,Ahmed Lee,,Electronics,Europe,Automotive Ethernet,Website,"['LinkedIn_Ad_Click', 'No_Conversion']",0
L024891,Kenji Singh,Broadcom,Electronics,Europe,Oscilloscopes,Event,"['Keysight_University_Course', 'IMS_Badge_Scan', 'Keysight_Workshop_RF_Testing', 'SQL', 'Technical_Demo', 'IMS_Badge_Scan', 'DesignCon_Booth_Visit', 'No_Conversion']",0
L024892,,Tesla Energy GmbH,Electronics,Europe,Oscilloscopes,Event,"['DesignCon_Booth_Visit', 'Technical_Demo', 'Lab_Integration_Discussion', 'Technical_Demo', 'Oscilloscope_Selector_Tool', 'IMS_Badge_Scan', 'Lab_Integration_Discussion', 'No_Conversion']",0
L024893,Sarah Ito,NXPSe_Tech,,LATAM,Automotive Ethernet,LinkedIn,"['LinkedIn_Ad_Click', 'Application_Engineer_Call', 'Lab_Integration_Discussion', 'Customer']",1
L024894,Priya Patel,Meta Connectivity Labs GmbH,,APAC,Automotive Ethernet,LinkedIn,"['Website_Product_Page', 'LinkedIn_Ad_Click', 'Keysight_Workshop_RF_Testing', 'Opportunity', 'DesignCon_Booth_Visit', 'Opportunity', 'Whitepaper_Download_5G_Test', 'Opportunity', 'Customer']",1
L024895,Sofia Khan,Broadcom GmbH,Automotive,Europe,Oscilloscopes,LinkedIn,"['Whitepaper_Download_5G_Test', 'MQL', 'Whitepaper_Download_5G_Test', 'Lab_Integration_Discussion', 'Customer']",1
L024896,Sofia Singh,Samsu_Tech,Telecom,Europe,,Webinar,"['Technical_Demo', 'AutoSens_Tech_Talk', 'IMS_Badge_Scan', 'Application_Engineer_Call', 'Website_Product_Page', 'MQL', 'Customer']",1
L024897,Sofia Khan,,,LATAM,Oscilloscopes,,"['Oscilloscope_Selector_Tool', 'Lab_Integration_Discussion', 'PathWave_Trial_Request', 'Keysight_Workshop_RF_Testing', 'Technical_Demo', 'Customer']",1
L024898,Hiroshi Singh,Sony_Tech,,LATAM,Automotive Ethernet,Email Campaign,"['Keysight_Workshop_RF_Testing', 'Opportunity', 'Lab_Integration_Discussion', 'Keysight_University_Course', 'No_Conversion']",0
L024899,Michael Chen,Meta Connectivity Labs GmbH,Electronics,North America,,Event,"['Website_Product_Page', 'LinkedIn_Ad_Click', 'Technical_Demo', 'Oscilloscope_Selector_Tool', 'No_Conversion']",0
L024900,Maria Johnson,Meta Connectivity Labs,Automotive,Europe,Oscilloscopes,,"['Keysight_Workshop_RF_Testing', 'Loaner_Unit_Evaluation', 'AutoSens_Tech_Talk', 'Keysight_Workshop_RF_Testing', 'Technical_Demo', 'Customer']",1
L024901,Laura Singh,,Telecom,APAC,Automotive Ethernet,LinkedIn,['No_Conversion'],0
L024902,Maria Williams,Tesla Energy GmbH,,Europe,,Event,"['LinkedIn_Ad_Click', 'MQL', 'SQL', 'Keysight_University_Course', 'DesignCon_Booth_Visit', 'No_Conversion']",0
L024903,Maria Khan,Meta Connectivity Labs GmbH,,LATAM,Automotive Ethernet,,"['Loaner_Unit_Evaluation', 'LinkedIn_Ad_Click', 'Lab_Integration_Discussion', 'PathWave_Trial_Request', 'IMS_Badge_Scan', 'Application_Engineer_Call', 'Keysight_University_Course', 'No_Conversion']",0
L024904,Chen Chen,,Telecom,LATAM,,,"['MQL', 'AutoSens_Tech_Talk', 'Technical_Demo', 'Oscilloscope_Selector_Tool', 'MQL', 'Application_Engineer_Call', 'MQL', 'Application_Engineer_Call', 'Oscilloscope_Selector_Tool', 'No_Conversion']",0
L024905,Kenji Chen,NXPSe_Tech,Telecom,North America,5G Testbeds,,"['PathWave_Trial_Request', 'DesignCon_Booth_Visit', 'PathWave_Trial_Request', 'Lab_Integration_Discussion', 'Keysight_Workshop_RF_Testing', 'No_Conversion']",0
L024906,Kenji Chen,Qualc_Tech,Automotive,,PathWave Software,Webinar,"['DesignCon_Booth_Visit', 'Opportunity', 'Keysight_Workshop_RF_Testing', 'Lab_Integration_Discussion', 'Opportunity', 'Keysight_Workshop_RF_Testing', 'Keysight_Workshop_RF_Testing', 'Customer']",1
L024907,,Sony GmbH,Electronics,North America,,Email Campaign,"['Keysight_University_Course', 'Application_Engineer_Call', 'Customer']",1
L024908,Kenji Singh,Bosch_Tech,Telecom,North America,5G Testbeds,Sales Outreach,"['Opportunity', 'Technical_Demo', 'Opportunity', 'Application_Engineer_Call', 'Keysight_Workshop_RF_Testing', 'No_Conversion']",0
L024909,Chen Lee,,,North America,,Sales Outreach,"['SQL', 'Lab_Integration_Discussion', 'Oscilloscope_Selector_Tool', 'Customer']",1
L024910,,Broad_Tech,Aerospace,LATAM,,,"['MQL', 'AutoSens_Tech_Talk', 'Application_Engineer_Call', 'Application_Engineer_Call', 'SQL', 'AutoSens_Tech_Talk', 'Customer']",1
L024911,Ravi Garcia,,Telecom,North America,,Sales Outreach,"['Oscilloscope_Selector_Tool', 'Customer']",1
L024912,Hiroshi Williams,Broadcom,Semiconductor,North America,PathWave Software,Website,"['DesignCon_Booth_Visit', 'Lab_Integration_Discussion', 'AutoSens_Tech_Talk', 'Customer']",1
L024913,Hiroshi Khan,Sony GmbH,Semiconductor,North America,Oscilloscopes,Webinar,"['Website_Product_Page', 'LinkedIn_Ad_Click', 'Keysight_Workshop_RF_Testing', 'No_Conversion']",0
L024914,Sarah Chen,Rayth_Tech,Automotive,,5G Testbeds,Website,"['DesignCon_Booth_Visit', 'PathWave_Trial_Request', 'Keysight_Workshop_RF_Testing', 'AutoSens_Tech_Talk', 'Technical_Demo', 'Website_Product_Page', 'DesignCon_Booth_Visit', 'PathWave_Trial_Request', 'Loaner_Unit_Evaluation', 'DesignCon_Booth_Visit', 'No_Conversion']",0
L024915,,NXPSe_Tech,Semiconductor,APAC,PathWave Software,Sales Outreach,"['MQL', 'LinkedIn_Ad_Click', 'Whitepaper_Download_5G_Test', 'Keysight_Workshop_RF_Testing', 'No_Conversion']",0
L024916,Ravi Ito,Qualcomm GmbH,,LATAM,,Website,"['SQL', 'Keysight_Workshop_RF_Testing', 'DesignCon_Booth_Visit', 'Customer']",1
L024917,Maria Lee,Broadcom,,APAC,5G Testbeds,Event,"['Oscilloscope_Selector_Tool', 'Application_Engineer_Call', 'Keysight_Workshop_RF_Testing', 'Lab_Integration_Discussion', 'No_Conversion']",0
L024918,Ahmed Chen,Tesla Energy GmbH,Electronics,Europe,Automotive Ethernet,Sales Outreach,"['MQL', 'Whitepaper_Download_5G_Test', 'Loaner_Unit_Evaluation', 'AutoSens_Tech_Talk', 'Lab_Integration_Discussion', 'MQL', 'DesignCon_Booth_Visit', 'Customer']",1
L024919,Hiroshi Tanaka,Sony,,Europe,,Website,"['Application_Engineer_Call', 'SQL', 'Loaner_Unit_Evaluation', 'No_Conversion']",0
L024920,Ahmed Ito,Samsu_Tech,,Europe,,Website,"['Whitepaper_Download_5G_Test', 'Technical_Demo', 'Application_Engineer_Call', 'Opportunity', 'Whitepaper_Download_5G_Test', 'Customer']",1
L024921,Priya Singh,Samsung Electronics GmbH,Aerospace,,,Sales Outreach,"['Opportunity', 'Keysight_University_Course', 'LinkedIn_Ad_Click', 'No_Conversion']",0
L024922,,Infineon GmbH,Automotive,APAC,Automotive Ethernet,Sales Outreach,"['LinkedIn_Ad_Click', 'IMS_Badge_Scan', 'IMS_Badge_Scan', 'Technical_Demo', 'Lab_Integration_Discussion', 'DesignCon_Booth_Visit', 'PathWave_Trial_Request', 'Customer']",1
L024923,Sofia Chen,NXP Semiconductors,,APAC,5G Testbeds,Webinar,"['SQL', 'Loaner_Unit_Evaluation', 'MQL', 'DesignCon_Booth_Visit', 'AutoSens_Tech_Talk', 'Website_Product_Page', 'Customer']",1
L024924,Daniel Lee,,,North America,Automotive Ethernet,Sales Outreach,"['IMS_Badge_Scan', 'SQL', 'No_Conversion']",0
L024925,Kenji Anders,Bosch,Telecom,,5G Testbeds,Email Campaign,"['PathWave_Trial_Request', 'Lab_Integration_Discussion', 'Website_Product_Page', 'Lab_Integration_Discussion', 'IMS_Badge_Scan', 'Customer']",1
L024926,Sofia Anders,Tesla Energy,,Europe,Oscilloscopes,Sales Outreach,"['LinkedIn_Ad_Click', 'Loaner_Unit_Evaluation', 'Lab_Integration_Discussion', 'Technical_Demo', 'Customer']",1
L024927,Ravi Patel,Qualc_Tech,,North America,,,"['DesignCon_Booth_Visit', 'SQL', 'Keysight_Workshop_RF_Testing', 'AutoSens_Tech_Talk', 'MQL', 'AutoSens_Tech_Talk', 'MQL', 'Loaner_Unit_Evaluation', 'MQL', 'IMS_Badge_Scan', 'No_Conversion']",0
L024928,Sarah Williams,Sony,Automotive,LATAM,Automotive Ethernet,Sales Outreach,"['Whitepaper_Download_5G_Test', 'Oscilloscope_Selector_Tool', 'Opportunity', 'No_Conversion']",0
L024929,Ahmed Johnson,Broadcom,,North America,Automotive Ethernet,Website,"['Keysight_University_Course', 'MQL', 'PathWave_Trial_Request', 'No_Conversion']",0
L024930,Daniel Ito,Tesla Energy,,APAC,PathWave Software,LinkedIn,"['MQL', 'Oscilloscope_Selector_Tool', 'PathWave_Trial_Request', 'Application_Engineer_Call', 'Customer']",1
L024931,Priya Lee,Broadcom GmbH,Semiconductor,Europe,,Email Campaign,"['LinkedIn_Ad_Click', 'SQL', 'Lab_Integration_Discussion', 'Customer']",1
L024932,,,Telecom,Europe,,Event,"['Loaner_Unit_Evaluation', 'MQL', 'Website_Product_Page', 'DesignCon_Booth_Visit', 'MQL', 'MQL', 'Oscilloscope_Selector_Tool', 'Opportunity', 'No_Conversion']",0
L024933,Daniel Lee,Sony GmbH,Aerospace,,,,"['Opportunity', 'Loaner_Unit_Evaluation', 'IMS_Badge_Scan', 'Loaner_Unit_Evaluation', 'Application_Engineer_Call', 'Customer']",1
L024934,Ahmed Ito,Raytheon,,North America,,Webinar,"['Website_Product_Page', 'Application_Engineer_Call', 'No_Conversion']",0
L024935,Ravi Martinez,Bosch_Tech,Semiconductor,,PathWave Software,Event,"['Lab_Integration_Discussion', 'PathWave_Trial_Request', 'IMS_Badge_Scan', 'Loaner_Unit_Evaluation', 'No_Conversion']",0
L024936,Sarah Lee,Qualcomm GmbH,Semiconductor,,PathWave Software,Email Campaign,['Customer'],1
L024937,Ravi Martinez,Raytheon,,APAC,Automotive Ethernet,Sales Outreach,"['Technical_Demo', 'Opportunity', 'Loaner_Unit_Evaluation', 'PathWave_Trial_Request', 'LinkedIn_Ad_Click', 'Keysight_University_Course', 'Loaner_Unit_Evaluation', 'Website_Product_Page', 'LinkedIn_Ad_Click', 'Customer']",1
L024938,Hiroshi Chen,Tesla Energy,,,Automotive Ethernet,Website,"['SQL', 'Keysight_Workshop_RF_Testing', 'Keysight_University_Course', 'Technical_Demo', 'Lab_Integration_Discussion', 'Website_Product_Page', 'LinkedIn_Ad_Click', 'Website_Product_Page', 'Application_Engineer_Call', 'Customer']",1
L024939,Ahmed Garcia,Sony GmbH,Automotive,North America,5G Testbeds,Webinar,"['Oscilloscope_Selector_Tool', 'Keysight_Workshop_RF_Testing', 'Oscilloscope_Selector_Tool', 'Oscilloscope_Selector_Tool', 'Opportunity', 'Keysight_University_Course', 'IMS_Badge_Scan', 'Customer']",1
L024940,Sofia Khan,Infineon,Aerospace,,Automotive Ethernet,Event,"['Website_Product_Page', 'Opportunity', 'Application_Engineer_Call', 'Technical_Demo', 'Opportunity', 'Customer']",1
L024941,Daniel Ito,NXP Semiconductors,Aerospace,North America,5G Testbeds,Website,"['PathWave_Trial_Request', 'Opportunity', 'Whitepaper_Download_5G_Test', 'Loaner_Unit_Evaluation', 'Customer']",1
L024942,Ahmed Patel,Samsung Electronics,Semiconductor,LATAM,Automotive Ethernet,,"['LinkedIn_Ad_Click', 'Opportunity', 'Loaner_Unit_Evaluation', 'Customer']",1
L024943,Ahmed Anders,Broadcom GmbH,Electronics,,Oscilloscopes,Sales Outreach,"['Oscilloscope_Selector_Tool', 'PathWave_Trial_Request', 'Lab_Integration_Discussion', 'DesignCon_Booth_Visit', 'Oscilloscope_Selector_Tool', 'Customer']",1
L024944,Michael Patel,Samsung Electronics GmbH,Aerospace,,PathWave Software,Email Campaign,"['IMS_Badge_Scan', 'Website_Product_Page', 'Keysight_Workshop_RF_Testing', 'AutoSens_Tech_Talk', 'Keysight_Workshop_RF_Testing', 'SQL', 'LinkedIn_Ad_Click', 'Oscilloscope_Selector_Tool', 'DesignCon_Booth_Visit', 'DesignCon_Booth_Visit', 'No_Conversion']",0
L024945,Ahmed Patel,,Electronics,North America,Oscilloscopes,Email Campaign,"['Application_Engineer_Call', 'AutoSens_Tech_Talk', 'Whitepaper_Download_5G_Test', 'Customer']",1
L024946,Daniel Anders,,Electronics,APAC,,Website,"['LinkedIn_Ad_Click', 'Whitepaper_Download_5G_Test', 'Opportunity', 'Oscilloscope_Selector_Tool', 'SQL', 'Website_Product_Page', 'Lab_Integration_Discussion', 'Keysight_Workshop_RF_Testing', 'Loaner_Unit_Evaluation', 'No_Conversion']",0
L024947,Michael Tanaka,Broadcom GmbH,Aerospace,LATAM,5G Testbeds,Event,"['Oscilloscope_Selector_Tool', 'AutoSens_Tech_Talk', 'IMS_Badge_Scan', 'Keysight_Workshop_RF_Testing', 'Customer']",1
L024948,Laura Patel,,,North America,5G Testbeds,Sales Outreach,"['Loaner_Unit_Evaluation', 'Oscilloscope_Selector_Tool', 'Technical_Demo', 'No_Conversion']",0
L024949,Kenji Patel,Broad_Tech,,North America,PathWave Software,LinkedIn,['Customer'],1
L024950,Michael Tanaka,NXP Semiconductors,,APAC,,,"['Oscilloscope_Selector_Tool', 'MQL', 'No_Conversion']",0
L024951,Maria Garcia,Broadcom,Electronics,APAC,PathWave Software,LinkedIn,"['SQL', 'SQL', 'Lab_Integration_Discussion', 'MQL', 'Customer']",1
L024952,Laura Martinez,Qualc_Tech,Telecom,APAC,,Webinar,"['Technical_Demo', 'No_Conversion']",0
L024953,Kenji Tanaka,Meta Connectivity Labs GmbH,Electronics,LATAM,PathWave Software,LinkedIn,['Customer'],1
L024954,Ravi Chen,Broadcom GmbH,Automotive,LATAM,5G Testbeds,Sales Outreach,"['IMS_Badge_Scan', 'AutoSens_Tech_Talk', 'SQL', 'Application_Engineer_Call', 'Customer']",1
L024955,Sarah Garcia,Samsung Electronics,Electronics,LATAM,PathWave Software,Webinar,"['Website_Product_Page', 'No_Conversion']",0
L024956,Maria Ito,,Telecom,,,Event,"['MQL', 'Customer']",1
L024957,Laura Martinez,Qualc_Tech,Semiconductor,,,Event,"['Whitepaper_Download_5G_Test', 'Opportunity', 'Customer']",1
L024958,Sofia Ito,Meta Connectivity Labs GmbH,Aerospace,LATAM,PathWave Software,,"['Whitepaper_Download_5G_Test', 'AutoSens_Tech_Talk', 'No_Conversion']",0
L024959,Laura Khan,Sony_Tech,Electronics,APAC,Oscilloscopes,LinkedIn,"['SQL', 'Keysight_University_Course', 'Oscilloscope_Selector_Tool', 'Lab_Integration_Discussion', 'Whitepaper_Download_5G_Test', 'Keysight_Workshop_RF_Testing', 'Whitepaper_Download_5G_Test', 'No_Conversion']",0
L024960,Michael Ito,MetaC_Tech,,Europe,PathWave Software,,"['MQL', 'Customer']",1
L024961,,Raytheon GmbH,Telecom,APAC,,Sales Outreach,"['AutoSens_Tech_Talk', 'Whitepaper_Download_5G_Test', 'Application_Engineer_Call', 'Loaner_Unit_Evaluation', 'Customer']",1
L024962,Laura Martinez,Infin_Tech,Telecom,LATAM,Oscilloscopes,LinkedIn,"['SQL', 'Website_Product_Page', 'Oscilloscope_Selector_Tool', 'Technical_Demo', 'Website_Product_Page', 'AutoSens_Tech_Talk', 'Application_Engineer_Call', 'Whitepaper_Download_5G_Test', 'Technical_Demo', 'Customer']",1
L024963,Ravi Garcia,,Aerospace,,,,"['Oscilloscope_Selector_Tool', 'LinkedIn_Ad_Click', 'Opportunity', 'DesignCon_Booth_Visit', 'Keysight_Workshop_RF_Testing', 'Oscilloscope_Selector_Tool', 'Whitepaper_Download_5G_Test', 'Application_Engineer_Call', 'No_Conversion']",0
L024964,Ahmed Tanaka,,Aerospace,,,Event,"['Keysight_Workshop_RF_Testing', 'No_Conversion']",0
L024965,Ravi Patel,Infineon GmbH,,APAC,Oscilloscopes,Webinar,"['Website_Product_Page', 'DesignCon_Booth_Visit', 'SQL', 'Keysight_University_Course', 'Keysight_University_Course', 'Opportunity', 'Whitepaper_Download_5G_Test', 'DesignCon_Booth_Visit', 'SQL', 'Loaner_Unit_Evaluation', 'Customer']",1
L024966,Maria Chen,Tesla_Tech,,APAC,PathWave Software,Event,['No_Conversion'],0
L024967,Maria Tanaka,Infineon,Electronics,LATAM,5G Testbeds,Website,['Customer'],1
L024968,Laura Singh,Qualcomm GmbH,Automotive,,,Website,"['IMS_Badge_Scan', 'Website_Product_Page', 'AutoSens_Tech_Talk', 'Opportunity', 'PathWave_Trial_Request', 'No_Conversion']",0
L024969,Ahmed Lee,Broadcom GmbH,,LATAM,,Sales Outreach,"['PathWave_Trial_Request', 'Technical_Demo', 'DesignCon_Booth_Visit', 'SQL', 'Customer']",1
L024970,Priya Williams,NXP Semiconductors,Automotive,,,Sales Outreach,['No_Conversion'],0
L024971,Chen Williams,Bosch GmbH,,LATAM,,Email Campaign,"['IMS_Badge_Scan', 'Opportunity', 'SQL', 'No_Conversion']",0
L024972,Ahmed Garcia,,Semiconductor,Europe,,,"['MQL', 'SQL', 'AutoSens_Tech_Talk', 'PathWave_Trial_Request', 'PathWave_Trial_Request', 'Lab_Integration_Discussion', 'Customer']",1
L024973,Daniel Garcia,,Automotive,North America,Automotive Ethernet,Sales Outreach,"['Keysight_University_Course', 'Keysight_University_Course', 'IMS_Badge_Scan', 'PathWave_Trial_Request', 'No_Conversion']",0
L024974,,Samsung Electronics,Electronics,APAC,PathWave Software,LinkedIn,"['Opportunity', 'Customer']",1
L024975,Maria Patel,Meta Connectivity Labs GmbH,,Europe,Automotive Ethernet,Sales Outreach,"['MQL', 'Lab_Integration_Discussion', 'Opportunity', 'Oscilloscope_Selector_Tool', 'Opportunity', 'Customer']",1
L024976,Priya Khan,Qualcomm GmbH,Semiconductor,LATAM,PathWave Software,LinkedIn,"['Technical_Demo', 'Opportunity', 'Technical_Demo', 'PathWave_Trial_Request', 'Oscilloscope_Selector_Tool', 'Opportunity', 'PathWave_Trial_Request', 'Keysight_Workshop_RF_Testing', 'Lab_Integration_Discussion', 'MQL', 'No_Conversion']",0
L024977,Ahmed Garcia,Sony_Tech,Telecom,APAC,,,"['Opportunity', 'SQL', 'AutoSens_Tech_Talk', 'Customer']",1
L024978,Sarah Anders,Bosch GmbH,Telecom,Europe,5G Testbeds,Email Campaign,"['Opportunity', 'SQL', 'DesignCon_Booth_Visit', 'AutoSens_Tech_Talk', 'No_Conversion']",0
L024979,Hiroshi Williams,Tesla Energy GmbH,,APAC,,Webinar,"['SQL', 'Oscilloscope_Selector_Tool', 'Whitepaper_Download_5G_Test', 'Keysight_Workshop_RF_Testing', 'PathWave_Trial_Request', 'Keysight_University_Course', 'AutoSens_Tech_Talk', 'Opportunity', 'SQL', 'No_Conversion']",0
L024980,Chen Williams,Infin_Tech,Semiconductor,APAC,,Webinar,"['Oscilloscope_Selector_Tool', 'Loaner_Unit_Evaluation', 'Opportunity', 'Keysight_Workshop_RF_Testing', 'Oscilloscope_Selector_Tool', 'MQL', 'Customer']",1
L024981,Kenji Chen,Tesla_Tech,,Europe,Automotive Ethernet,,"['SQL', 'DesignCon_Booth_Visit', 'Lab_Integration_Discussion', 'Opportunity', 'DesignCon_Booth_Visit', 'Customer']",1
L024982,Chen Lee,Tesla Energy GmbH,Electronics,,,LinkedIn,"['Keysight_Workshop_RF_Testing', 'Opportunity', 'Customer']",1
L024983,Kenji Johnson,Broadcom GmbH,,North America,,Website,"['Whitepaper_Download_5G_Test', 'Oscilloscope_Selector_Tool', 'Oscilloscope_Selector_Tool', 'Customer']",1
L024984,Michael Johnson,Qualcomm,,Europe,,Website,"['Opportunity', 'MQL', 'Opportunity', 'Lab_Integration_Discussion', 'No_Conversion']",0
L024985,Ravi Lee,,,,Automotive Ethernet,Webinar,"['DesignCon_Booth_Visit', 'Website_Product_Page', 'AutoSens_Tech_Talk', 'LinkedIn_Ad_Click', 'Whitepaper_Download_5G_Test', 'Keysight_University_Course', 'Whitepaper_Download_5G_Test', 'AutoSens_Tech_Talk', 'No_Conversion']",0
L024986,Sarah Tanaka,MetaC_Tech,,,,Website,"['Opportunity', 'Keysight_University_Course', 'Technical_Demo', 'Application_Engineer_Call', 'Keysight_University_Course', 'Website_Product_Page', 'Customer']",1
L024987,Maria Martinez,Sony,Aerospace,APAC,PathWave Software,Website,"['PathWave_Trial_Request', 'Application_Engineer_Call', 'Keysight_Workshop_RF_Testing', 'No_Conversion']",0
L024988,Ahmed Ito,NXP Semiconductors,Semiconductor,North America,,Webinar,"['Application_Engineer_Call', 'Website_Product_Page', 'Keysight_Workshop_RF_Testing', 'MQL', 'Opportunity', 'No_Conversion']",0
L024989,Laura Tanaka,Qualcomm,,LATAM,,LinkedIn,"['MQL', 'MQL', 'MQL', 'Opportunity', 'No_Conversion']",0
L024990,Ravi Garcia,Broadcom,,LATAM,PathWave Software,Event,"['Loaner_Unit_Evaluation', 'Opportunity', 'Whitepaper_Download_5G_Test', 'Loaner_Unit_Evaluation', 'Technical_Demo', 'SQL', 'Application_Engineer_Call', 'Keysight_Workshop_RF_Testing', 'Whitepaper_Download_5G_Test', 'Customer']",1
L024991,Chen Garcia,Tesla Energy,Electronics,LATAM,Oscilloscopes,Sales Outreach,"['IMS_Badge_Scan', 'PathWave_Trial_Request', 'DesignCon_Booth_Visit', 'Keysight_Workshop_RF_Testing', 'Technical_Demo', 'Oscilloscope_Selector_Tool', 'Customer']",1
L024992,Maria Singh,MetaC_Tech,Automotive,,Oscilloscopes,Webinar,"['AutoSens_Tech_Talk', 'MQL', 'Oscilloscope_Selector_Tool', 'Website_Product_Page', 'MQL', 'Oscilloscope_Selector_Tool', 'Customer']",1
L024993,Chen Williams,,Aerospace,,PathWave Software,Webinar,"['Lab_Integration_Discussion', 'Keysight_Workshop_RF_Testing', 'Technical_Demo', 'LinkedIn_Ad_Click', 'LinkedIn_Ad_Click', 'Technical_Demo', 'Website_Product_Page', 'SQL', 'SQL', 'DesignCon_Booth_Visit', 'Customer']",1
L024994,Hiroshi Garcia,Qualcomm,Electronics,APAC,,Event,"['Application_Engineer_Call', 'DesignCon_Booth_Visit', 'IMS_Badge_Scan', 'AutoSens_Tech_Talk', 'Customer']",1
L024995,Chen Williams,Infineon,,APAC,5G Testbeds,,"['Opportunity', 'MQL', 'Whitepaper_Download_5G_Test', 'MQL', 'No_Conversion']",0
L024996,Laura Anders,Bosch_Tech,,APAC,Automotive Ethernet,Email Campaign,"['Application_Engineer_Call', 'Technical_Demo', 'Whitepaper_Download_5G_Test', 'No_Conversion']",0
L024997,Maria Tanaka,Bosch,,North America,5G Testbeds,Website,"['PathWave_Trial_Request', 'IMS_Badge_Scan', 'Opportunity', 'Oscilloscope_Selector_Tool', 'No_Conversion']",0
L024998,,Samsung Electronics GmbH,Electronics,North America,PathWave Software,Event,"['Keysight_Workshop_RF_Testing', 'Keysight_Workshop_RF_Testing', 'Loaner_Unit_Evaluation', 'PathWave_Trial_Request', 'Keysight_Workshop_RF_Testing', 'Oscilloscope_Selector_Tool', 'IMS_Badge_Scan', 'No_Conversion']",0
L024999,Ahmed Anders,Bosch GmbH,,Europe,,Webinar,['No_Conversion'],0
L025000,Hiroshi Williams,Bosch,Automotive,APAC,5G Testbeds,,"['Application_Engineer_Call', 'Keysight_Workshop_RF_Testing', 'Whitepaper_Download_5G_Test', 'Customer']",1
