Lead_ID,Client_Name,Client_Company,Industry,Region,Product_Interest,Lead_Source,Touchpoint_Sequence,Converted
L005001,Sofia Martinez,Raytheon,Aerospace,,PathWave Software,Website,"['SQL', 'Keysight_Workshop_RF_Testing', 'LinkedIn_Ad_Click', 'Keysight_Workshop_RF_Testing', 'Lab_Integration_Discussion', 'SQL', 'Customer']",1
L005002,Michael Anders,Sony_Tech,Automotive,APAC,5G Testbeds,Website,"['AutoSens_Tech_Talk', 'DesignCon_Booth_Visit', 'Customer']",1
L005003,Kenji Anders,Broad_Tech,Aerospace,North America,PathWave Software,Sales Outreach,"['Keysight_University_Course', 'Lab_Integration_Discussion', 'No_Conversion']",0
L005004,Sarah Chen,,Semiconductor,North America,Oscilloscopes,Webinar,"['MQL', 'No_Conversion']",0
L005005,Chen Lee,Broadcom,Electronics,APAC,,Sales Outreach,['No_Conversion'],0
L005006,Chen Williams,Infineon,,North America,5G Testbeds,,"['DesignCon_Booth_Visit', 'Opportunity', 'PathWave_Trial_Request', 'LinkedIn_Ad_Click', 'PathWave_Trial_Request', 'AutoSens_Tech_Talk', 'PathWave_Trial_Request', 'PathWave_Trial_Request', 'SQL', 'Customer']",1
L005007,Sofia Williams,,Electronics,LATAM,,Webinar,"['Oscilloscope_Selector_Tool', 'DesignCon_Booth_Visit', 'PathWave_Trial_Request', 'No_Conversion']",0
L005008,Sofia Lee,Broadcom,,Europe,,Sales Outreach,"['Lab_Integration_Discussion', 'Application_Engineer_Call', 'No_Conversion']",0
L005009,,Bosch_Tech,Electronics,,Automotive Ethernet,LinkedIn,"['SQL', 'Technical_Demo', 'Technical_Demo', 'MQL', 'Whitepaper_Download_5G_Test', 'Loaner_Unit_Evaluation', 'PathWave_Trial_Request', 'MQL', 'No_Conversion']",0
L005010,Kenji Martinez,Sony,,North America,,LinkedIn,"['Loaner_Unit_Evaluation', 'Customer']",1
L005011,Michael Khan,Samsung Electronics,Telecom,Europe,,Website,"['Application_Engineer_Call', 'LinkedIn_Ad_Click', 'SQL', 'PathWave_Trial_Request', 'DesignCon_Booth_Visit', 'Website_Product_Page', 'PathWave_Trial_Request', 'No_Conversion']",0
L005012,Maria Patel,Infineon GmbH,Semiconductor,North America,,LinkedIn,"['Lab_Integration_Discussion', 'Lab_Integration_Discussion', 'Keysight_Workshop_RF_Testing', 'LinkedIn_Ad_Click', 'Keysight_Workshop_RF_Testing', 'Keysight_Workshop_RF_Testing', 'LinkedIn_Ad_Click', 'Customer']",1
L005013,Daniel Tanaka,Sony,Electronics,LATAM,Automotive Ethernet,Sales Outreach,"['Keysight_Workshop_RF_Testing', 'PathWave_Trial_Request', 'AutoSens_Tech_Talk', 'AutoSens_Tech_Talk', 'No_Conversion']",0
L005014,Sofia Ito,Sony_Tech,,North America,,Webinar,"['Opportunity', 'AutoSens_Tech_Talk', 'Lab_Integration_Discussion', 'Opportunity', 'Customer']",1
L005015,Hiroshi Patel,Bosch_Tech,Automotive,LATAM,Automotive Ethernet,Event,['Customer'],1
L005016,Hiroshi Khan,Bosch GmbH,Electronics,LATAM,,Event,"['MQL', 'Oscilloscope_Selector_Tool', 'Customer']",1
L005017,Kenji Johnson,NXP Semiconductors,Telecom,Europe,,Event,"['Whitepaper_Download_5G_Test', 'SQL', 'Oscilloscope_Selector_Tool', 'Customer']",1
L005018,Priya Chen,,Electronics,Europe,,Website,"['IMS_Badge_Scan', 'AutoSens_Tech_Talk', 'DesignCon_Booth_Visit', 'Customer']",1
L005019,Ravi Ito,Infin_Tech,Aerospace,North America,,Sales Outreach,"['Loaner_Unit_Evaluation', 'Loaner_Unit_Evaluation', 'LinkedIn_Ad_Click', 'IMS_Badge_Scan', 'Customer']",1
L005020,Hiroshi Anders,Broadcom GmbH,,LATAM,Oscilloscopes,Webinar,"['Application_Engineer_Call', 'Customer']",1
L005021,Hiroshi Williams,Qualc_Tech,Telecom,North America,,Website,['No_Conversion'],0
L005022,Kenji Anders,,Aerospace,,Oscilloscopes,,"['Keysight_University_Course', 'Lab_Integration_Discussion', 'Keysight_University_Course', 'No_Conversion']",0
L005023,Ravi Garcia,Infin_Tech,Automotive,Europe,,Sales Outreach,"['AutoSens_Tech_Talk', 'LinkedIn_Ad_Click', 'Opportunity', 'Customer']",1
L005024,Laura Chen,,,North America,Oscilloscopes,LinkedIn,"['LinkedIn_Ad_Click', 'LinkedIn_Ad_Click', 'Website_Product_Page', 'SQL', 'Customer']",1
L005025,Maria Williams,Bosch GmbH,,Europe,,,"['Opportunity', 'Application_Engineer_Call', 'LinkedIn_Ad_Click', 'MQL', 'AutoSens_Tech_Talk', 'Keysight_Workshop_RF_Testing', 'Technical_Demo', 'Keysight_Workshop_RF_Testing', 'Whitepaper_Download_5G_Test', 'Customer']",1
L005026,Chen Johnson,Bosch,,,PathWave Software,,"['LinkedIn_Ad_Click', 'Lab_Integration_Discussion', 'Application_Engineer_Call', 'No_Conversion']",0
L005027,Hiroshi Williams,,,,Automotive Ethernet,Webinar,"['Application_Engineer_Call', 'Opportunity', 'Whitepaper_Download_5G_Test', 'Whitepaper_Download_5G_Test', 'Loaner_Unit_Evaluation', 'PathWave_Trial_Request', 'Customer']",1
L005028,Daniel Chen,Tesla Energy,Telecom,LATAM,PathWave Software,Email Campaign,"['MQL', 'Website_Product_Page', 'PathWave_Trial_Request', 'Opportunity', 'PathWave_Trial_Request', 'Website_Product_Page', 'Customer']",1
L005029,,Raytheon,,LATAM,Oscilloscopes,Sales Outreach,['Customer'],1
L005030,Sofia Johnson,,Electronics,North America,,,['No_Conversion'],0
L005031,Michael Williams,Tesla Energy,Semiconductor,LATAM,,Webinar,"['Technical_Demo', 'Application_Engineer_Call', 'Oscilloscope_Selector_Tool', 'AutoSens_Tech_Talk', 'Application_Engineer_Call', 'No_Conversion']",0
L005032,Sofia Williams,Meta Connectivity Labs,Automotive,North America,5G Testbeds,Sales Outreach,"['IMS_Badge_Scan', 'Website_Product_Page', 'Oscilloscope_Selector_Tool', 'Technical_Demo', 'Website_Product_Page', 'Whitepaper_Download_5G_Test', 'Application_Engineer_Call', 'Keysight_Workshop_RF_Testing', 'Customer']",1
L005033,Laura Tanaka,,Aerospace,North America,,Sales Outreach,['No_Conversion'],0
L005034,Michael Johnson,,Telecom,Europe,,LinkedIn,"['PathWave_Trial_Request', 'DesignCon_Booth_Visit', 'Oscilloscope_Selector_Tool', 'No_Conversion']",0
L005035,Ahmed Anders,Broadcom GmbH,,North America,Automotive Ethernet,LinkedIn,"['PathWave_Trial_Request', 'Lab_Integration_Discussion', 'Technical_Demo', 'Customer']",1
L005036,,,Telecom,APAC,,Event,"['Keysight_University_Course', 'Customer']",1
L005037,Daniel Chen,Samsung Electronics GmbH,Semiconductor,Europe,Oscilloscopes,Sales Outreach,"['Website_Product_Page', 'Opportunity', 'Customer']",1
L005038,Maria Ito,,Aerospace,North America,,,"['Opportunity', 'Whitepaper_Download_5G_Test', 'MQL', 'Customer']",1
L005039,Ravi Chen,Qualcomm GmbH,Electronics,,,LinkedIn,"['Keysight_Workshop_RF_Testing', 'Website_Product_Page', 'Lab_Integration_Discussion', 'Customer']",1
L005040,Ahmed Johnson,Tesla Energy GmbH,Semiconductor,Europe,Automotive Ethernet,Email Campaign,"['PathWave_Trial_Request', 'Lab_Integration_Discussion', 'Application_Engineer_Call', 'AutoSens_Tech_Talk', 'Keysight_University_Course', 'IMS_Badge_Scan', 'No_Conversion']",0
L005041,Priya Martinez,Tesla Energy GmbH,,APAC,,Website,"['Technical_Demo', 'SQL', 'Loaner_Unit_Evaluation', 'SQL', 'Customer']",1
L005042,Maria Anders,Broadcom,,LATAM,Automotive Ethernet,Webinar,['No_Conversion'],0
L005043,Ravi Chen,Tesla Energy GmbH,Semiconductor,North America,Oscilloscopes,LinkedIn,"['SQL', 'Lab_Integration_Discussion', 'MQL', 'MQL', 'Oscilloscope_Selector_Tool', 'Whitepaper_Download_5G_Test', 'Opportunity', 'PathWave_Trial_Request', 'Technical_Demo', 'Keysight_Workshop_RF_Testing', 'Customer']",1
L005044,Sarah Tanaka,Tesla_Tech,,Europe,Oscilloscopes,Website,"['MQL', 'LinkedIn_Ad_Click', 'MQL', 'DesignCon_Booth_Visit', 'DesignCon_Booth_Visit', 'Customer']",1
L005045,Ravi Anders,Samsu_Tech,Automotive,,Automotive Ethernet,Event,"['Keysight_University_Course', 'Technical_Demo', 'PathWave_Trial_Request', 'Keysight_University_Course', 'Application_Engineer_Call', 'Technical_Demo', 'No_Conversion']",0
L005046,Maria Singh,Tesla Energy GmbH,Aerospace,APAC,Automotive Ethernet,LinkedIn,"['SQL', 'MQL', 'Loaner_Unit_Evaluation', 'Website_Product_Page', 'Oscilloscope_Selector_Tool', 'Lab_Integration_Discussion', 'IMS_Badge_Scan', 'PathWave_Trial_Request', 'No_Conversion']",0
L005047,Daniel Williams,Infin_Tech,Electronics,North America,Automotive Ethernet,,"['Loaner_Unit_Evaluation', 'Loaner_Unit_Evaluation', 'Technical_Demo', 'Application_Engineer_Call', 'Whitepaper_Download_5G_Test', 'Keysight_Workshop_RF_Testing', 'SQL', 'SQL', 'Keysight_University_Course', 'No_Conversion']",0
L005048,Sarah Ito,,Automotive,,,Email Campaign,"['IMS_Badge_Scan', 'Lab_Integration_Discussion', 'SQL', 'Customer']",1
L005049,Priya Khan,Bosch,Automotive,,Oscilloscopes,Website,['No_Conversion'],0
L005050,Sofia Anders,Infineon GmbH,Telecom,Europe,,,"['DesignCon_Booth_Visit', 'LinkedIn_Ad_Click', 'LinkedIn_Ad_Click', 'LinkedIn_Ad_Click', 'Application_Engineer_Call', 'Oscilloscope_Selector_Tool', 'Customer']",1
L005051,Chen Lee,Samsung Electronics GmbH,,,,Website,['No_Conversion'],0
L005052,Sofia Anders,Meta Connectivity Labs,Semiconductor,North America,Automotive Ethernet,Website,"['MQL', 'MQL', 'Technical_Demo', 'SQL', 'Application_Engineer_Call', 'Keysight_Workshop_RF_Testing', 'No_Conversion']",0
L005053,Michael Chen,Raytheon,Aerospace,Europe,5G Testbeds,Webinar,"['Keysight_University_Course', 'SQL', 'LinkedIn_Ad_Click', 'Customer']",1
L005054,,MetaC_Tech,Automotive,Europe,Oscilloscopes,Website,"['Keysight_University_Course', 'No_Conversion']",0
L005055,Sofia Ito,MetaC_Tech,,North America,,Website,"['Keysight_Workshop_RF_Testing', 'Lab_Integration_Discussion', 'Loaner_Unit_Evaluation', 'No_Conversion']",0
L005056,,NXP Semiconductors GmbH,Telecom,Europe,5G Testbeds,LinkedIn,"['Keysight_University_Course', 'Lab_Integration_Discussion', 'Lab_Integration_Discussion', 'Customer']",1
L005057,Chen Tanaka,,,Europe,,Event,"['Oscilloscope_Selector_Tool', 'No_Conversion']",0
L005058,Sarah Khan,Broadcom GmbH,Telecom,LATAM,5G Testbeds,Webinar,"['Oscilloscope_Selector_Tool', 'SQL', 'DesignCon_Booth_Visit', 'Application_Engineer_Call', 'Customer']",1
L005059,Kenji Williams,Bosch_Tech,Electronics,North America,5G Testbeds,Email Campaign,"['LinkedIn_Ad_Click', 'IMS_Badge_Scan', 'AutoSens_Tech_Talk', 'Whitepaper_Download_5G_Test', 'MQL', 'IMS_Badge_Scan', 'Keysight_Workshop_RF_Testing', 'No_Conversion']",0
L005060,Sofia Singh,Meta Connectivity Labs GmbH,Aerospace,North America,,Event,"['Keysight_Workshop_RF_Testing', 'Technical_Demo', 'Keysight_University_Course', 'Loaner_Unit_Evaluation', 'No_Conversion']",0
L005061,Sofia Singh,Tesla Energy,Telecom,Europe,Oscilloscopes,,"['Keysight_Workshop_RF_Testing', 'Application_Engineer_Call', 'Lab_Integration_Discussion', 'Opportunity', 'Keysight_University_Course', 'Whitepaper_Download_5G_Test', 'Loaner_Unit_Evaluation', 'IMS_Badge_Scan', 'Customer']",1
L005062,Maria Williams,Bosch_Tech,,,PathWave Software,LinkedIn,"['AutoSens_Tech_Talk', 'Lab_Integration_Discussion', 'AutoSens_Tech_Talk', 'Technical_Demo', 'Website_Product_Page', 'No_Conversion']",0
L005063,,Qualc_Tech,,LATAM,,LinkedIn,"['Oscilloscope_Selector_Tool', 'Website_Product_Page', 'LinkedIn_Ad_Click', 'LinkedIn_Ad_Click', 'PathWave_Trial_Request', 'Oscilloscope_Selector_Tool', 'Oscilloscope_Selector_Tool', 'Keysight_University_Course', 'Customer']",1
L005064,Priya Johnson,Sony_Tech,Aerospace,North America,Automotive Ethernet,Event,"['MQL', 'Customer']",1
L005065,Sofia Singh,Broadcom,Electronics,Europe,,Event,"['Oscilloscope_Selector_Tool', 'AutoSens_Tech_Talk', 'Technical_Demo', 'IMS_Badge_Scan', 'Keysight_University_Course', 'PathWave_Trial_Request', 'Keysight_Workshop_RF_Testing', 'Keysight_Workshop_RF_Testing', 'No_Conversion']",0
L005066,Daniel Khan,Rayth_Tech,,LATAM,,Email Campaign,"['Oscilloscope_Selector_Tool', 'DesignCon_Booth_Visit', 'Website_Product_Page', 'Whitepaper_Download_5G_Test', 'Customer']",1
L005067,Maria Patel,Broadcom GmbH,Telecom,North America,,Event,"['Lab_Integration_Discussion', 'Website_Product_Page', 'Loaner_Unit_Evaluation', 'Opportunity', 'SQL', 'AutoSens_Tech_Talk', 'MQL', 'Whitepaper_Download_5G_Test', 'Whitepaper_Download_5G_Test', 'No_Conversion']",0
L005068,Laura Khan,,Aerospace,North America,,Webinar,['No_Conversion'],0
L005069,Maria Martinez,Sony GmbH,Semiconductor,LATAM,PathWave Software,,"['DesignCon_Booth_Visit', 'Website_Product_Page', 'Oscilloscope_Selector_Tool', 'DesignCon_Booth_Visit', 'Opportunity', 'PathWave_Trial_Request', 'Whitepaper_Download_5G_Test', 'Lab_Integration_Discussion', 'Customer']",1
L005070,Sarah Williams,Tesla_Tech,Semiconductor,LATAM,,LinkedIn,"['Website_Product_Page', 'IMS_Badge_Scan', 'PathWave_Trial_Request', 'Keysight_Workshop_RF_Testing', 'Whitepaper_Download_5G_Test', 'SQL', 'DesignCon_Booth_Visit', 'Customer']",1
L005071,Maria Lee,Qualcomm,,North America,Automotive Ethernet,LinkedIn,"['Opportunity', 'DesignCon_Booth_Visit', 'No_Conversion']",0
L005072,Sarah Chen,Tesla Energy GmbH,,APAC,Oscilloscopes,,"['IMS_Badge_Scan', 'Oscilloscope_Selector_Tool', 'Lab_Integration_Discussion', 'Keysight_Workshop_RF_Testing', 'No_Conversion']",0
L005073,Chen Anders,Broad_Tech,Aerospace,North America,Oscilloscopes,Email Campaign,"['IMS_Badge_Scan', 'Website_Product_Page', 'AutoSens_Tech_Talk', 'AutoSens_Tech_Talk', 'Opportunity', 'Whitepaper_Download_5G_Test', 'Customer']",1
L005074,Sofia Martinez,NXP Semiconductors GmbH,Telecom,,5G Testbeds,,"['Keysight_Workshop_RF_Testing', 'Application_Engineer_Call', 'Customer']",1
L005075,Daniel Williams,Tesla Energy,Electronics,LATAM,5G Testbeds,Sales Outreach,"['IMS_Badge_Scan', 'Technical_Demo', 'PathWave_Trial_Request', 'Loaner_Unit_Evaluation', 'AutoSens_Tech_Talk', 'AutoSens_Tech_Talk', 'No_Conversion']",0
L005076,Priya Johnson,Qualcomm,,Europe,Oscilloscopes,Sales Outreach,"['DesignCon_Booth_Visit', 'Technical_Demo', 'Customer']",1
L005077,Maria Lee,Bosch_Tech,,APAC,,Webinar,"['SQL', 'DesignCon_Booth_Visit', 'Oscilloscope_Selector_Tool', 'Loaner_Unit_Evaluation', 'Customer']",1
L005078,Priya Johnson,Meta Connectivity Labs GmbH,Aerospace,,,Sales Outreach,"['Technical_Demo', 'Customer']",1
L005079,Michael Johnson,Qualcomm,Automotive,,Automotive Ethernet,Event,['Customer'],1
L005080,Hiroshi Williams,Samsung Electronics,Electronics,,,,"['Loaner_Unit_Evaluation', 'DesignCon_Booth_Visit', 'Lab_Integration_Discussion', 'Customer']",1
L005081,Chen Johnson,Infineon,,,,Website,"['LinkedIn_Ad_Click', 'Website_Product_Page', 'Lab_Integration_Discussion', 'Website_Product_Page', 'Customer']",1
L005082,Ahmed Ito,NXP Semiconductors GmbH,Aerospace,APAC,,Event,['Customer'],1
L005083,Kenji Tanaka,Samsung Electronics GmbH,Electronics,APAC,,Webinar,"['LinkedIn_Ad_Click', 'Opportunity', 'Oscilloscope_Selector_Tool', 'Lab_Integration_Discussion', 'No_Conversion']",0
L005084,Ahmed Singh,Sony GmbH,,Europe,Oscilloscopes,Webinar,"['SQL', 'SQL', 'SQL', 'DesignCon_Booth_Visit', 'Website_Product_Page', 'No_Conversion']",0
L005085,Ahmed Lee,Bosch GmbH,,APAC,,Sales Outreach,"['Opportunity', 'No_Conversion']",0
L005086,Daniel Anders,,,North America,5G Testbeds,Webinar,"['MQL', 'MQL', 'Technical_Demo', 'DesignCon_Booth_Visit', 'DesignCon_Booth_Visit', 'Website_Product_Page', 'Technical_Demo', 'Customer']",1
L005087,Priya Garcia,Broadcom GmbH,Automotive,LATAM,PathWave Software,Event,"['AutoSens_Tech_Talk', 'No_Conversion']",0
L005088,Michael Lee,Samsung Electronics GmbH,Semiconductor,,5G Testbeds,Event,"['Website_Product_Page', 'Oscilloscope_Selector_Tool', 'Whitepaper_Download_5G_Test', 'MQL', 'SQL', 'No_Conversion']",0
L005089,Laura Johnson,Infineon,Telecom,APAC,,Email Campaign,"['SQL', 'Opportunity', 'PathWave_Trial_Request', 'AutoSens_Tech_Talk', 'Loaner_Unit_Evaluation', 'Customer']",1
L005090,Ahmed Patel,Tesla Energy,Semiconductor,LATAM,Automotive Ethernet,Email Campaign,['Customer'],1
L005091,Maria Ito,Infineon,Semiconductor,,Oscilloscopes,Email Campaign,"['DesignCon_Booth_Visit', 'Keysight_Workshop_RF_Testing', 'SQL', 'Customer']",1
L005092,Sarah Johnson,,,,5G Testbeds,Event,"['DesignCon_Booth_Visit', 'LinkedIn_Ad_Click', 'Keysight_Workshop_RF_Testing', 'Customer']",1
L005093,Sarah Martinez,NXP Semiconductors GmbH,Telecom,APAC,Oscilloscopes,Event,['No_Conversion'],0
L005094,Kenji Singh,,Automotive,North America,Oscilloscopes,Email Campaign,"['IMS_Badge_Scan', 'Opportunity', 'Website_Product_Page', 'Loaner_Unit_Evaluation', 'Lab_Integration_Discussion', 'Keysight_University_Course', 'Opportunity', 'Lab_Integration_Discussion', 'No_Conversion']",0
L005095,Kenji Khan,NXPSe_Tech,,LATAM,,Email Campaign,['No_Conversion'],0
L005096,,,,Europe,5G Testbeds,Sales Outreach,"['IMS_Badge_Scan', 'Customer']",1
L005097,Laura Williams,Meta Connectivity Labs GmbH,Telecom,LATAM,5G Testbeds,LinkedIn,"['Opportunity', 'Application_Engineer_Call', 'PathWave_Trial_Request', 'Technical_Demo', 'Loaner_Unit_Evaluation', 'Opportunity', 'Lab_Integration_Discussion', 'PathWave_Trial_Request', 'Customer']",1
L005098,Chen Chen,,Semiconductor,,,Sales Outreach,['No_Conversion'],0
L005099,Hiroshi Khan,NXP Semiconductors GmbH,Telecom,APAC,,,"['Opportunity', 'SQL', 'MQL', 'Keysight_Workshop_RF_Testing', 'Customer']",1
L005100,Ravi Garcia,Infineon GmbH,Automotive,,PathWave Software,Sales Outreach,"['DesignCon_Booth_Visit', 'Lab_Integration_Discussion', 'Application_Engineer_Call', 'Customer']",1
L005101,Kenji Chen,Sony GmbH,Electronics,APAC,,Email Campaign,"['Keysight_Workshop_RF_Testing', 'IMS_Badge_Scan', 'Customer']",1
L005102,Ravi Chen,Tesla Energy,Automotive,,PathWave Software,Email Campaign,"['Keysight_Workshop_RF_Testing', 'Whitepaper_Download_5G_Test', 'Keysight_University_Course', 'AutoSens_Tech_Talk', 'Keysight_University_Course', 'AutoSens_Tech_Talk', 'PathWave_Trial_Request', 'PathWave_Trial_Request', 'Oscilloscope_Selector_Tool', 'Lab_Integration_Discussion', 'No_Conversion']",0
L005103,Hiroshi Singh,,,,,LinkedIn,"['PathWave_Trial_Request', 'IMS_Badge_Scan', 'AutoSens_Tech_Talk', 'Opportunity', 'No_Conversion']",0
L005104,Laura Johnson,Infin_Tech,,North America,Automotive Ethernet,Sales Outreach,"['Oscilloscope_Selector_Tool', 'Opportunity', 'LinkedIn_Ad_Click', 'Technical_Demo', 'No_Conversion']",0
L005105,Ravi Singh,Bosch_Tech,Semiconductor,Europe,PathWave Software,Event,"['Loaner_Unit_Evaluation', 'AutoSens_Tech_Talk', 'Loaner_Unit_Evaluation', 'LinkedIn_Ad_Click', 'IMS_Badge_Scan', 'MQL', 'No_Conversion']",0
L005106,Ahmed Khan,,,Europe,5G Testbeds,Sales Outreach,"['PathWave_Trial_Request', 'Opportunity', 'PathWave_Trial_Request', 'Customer']",1
L005107,Ravi Martinez,Tesla Energy,Aerospace,LATAM,5G Testbeds,Event,"['MQL', 'Oscilloscope_Selector_Tool', 'Website_Product_Page', 'PathWave_Trial_Request', 'No_Conversion']",0
L005108,Maria Chen,Bosch GmbH,Telecom,,Oscilloscopes,Webinar,['Customer'],1
L005109,Sofia Tanaka,Infin_Tech,,APAC,,LinkedIn,"['Technical_Demo', 'Lab_Integration_Discussion', 'Website_Product_Page', 'No_Conversion']",0
L005110,Maria Johnson,,Aerospace,APAC,PathWave Software,Event,"['Oscilloscope_Selector_Tool', 'DesignCon_Booth_Visit', 'SQL', 'IMS_Badge_Scan', 'PathWave_Trial_Request', 'Keysight_University_Course', 'Customer']",1
L005111,Sofia Johnson,,Automotive,LATAM,,Sales Outreach,"['Oscilloscope_Selector_Tool', 'Application_Engineer_Call', 'Technical_Demo', 'Customer']",1
L005112,Laura Tanaka,MetaC_Tech,Electronics,,,Sales Outreach,"['Keysight_Workshop_RF_Testing', 'DesignCon_Booth_Visit', 'Oscilloscope_Selector_Tool', 'AutoSens_Tech_Talk', 'Opportunity', 'MQL', 'No_Conversion']",0
L005113,Hiroshi Johnson,Sony_Tech,,North America,5G Testbeds,Website,"['Loaner_Unit_Evaluation', 'Application_Engineer_Call', 'Keysight_University_Course', 'MQL', 'Opportunity', 'Customer']",1
L005114,,Bosch_Tech,,North America,,Webinar,"['AutoSens_Tech_Talk', 'LinkedIn_Ad_Click', 'Oscilloscope_Selector_Tool', 'Website_Product_Page', 'Website_Product_Page', 'Technical_Demo', 'IMS_Badge_Scan', 'LinkedIn_Ad_Click', 'LinkedIn_Ad_Click', 'Application_Engineer_Call', 'Customer']",1
L005115,Ravi Lee,Samsung Electronics GmbH,Aerospace,,Automotive Ethernet,,"['Technical_Demo', 'SQL', 'Keysight_University_Course', 'Website_Product_Page', 'Lab_Integration_Discussion', 'Website_Product_Page', 'Keysight_University_Course', 'IMS_Badge_Scan', 'Customer']",1
L005116,Laura Chen,,Automotive,North America,5G Testbeds,Email Campaign,"['IMS_Badge_Scan', 'PathWave_Trial_Request', 'Lab_Integration_Discussion', 'PathWave_Trial_Request', 'Customer']",1
L005117,Laura Martinez,Infineon GmbH,Aerospace,,,LinkedIn,['No_Conversion'],0
L005118,Maria Khan,Bosch GmbH,Automotive,APAC,,Webinar,"['Oscilloscope_Selector_Tool', 'Oscilloscope_Selector_Tool', 'No_Conversion']",0
L005119,Priya Garcia,Tesla_Tech,Electronics,APAC,Automotive Ethernet,Webinar,"['Loaner_Unit_Evaluation', 'Technical_Demo', 'Keysight_University_Course', 'Technical_Demo', 'Oscilloscope_Selector_Tool', 'Customer']",1
L005120,Michael Singh,Samsung Electronics GmbH,Semiconductor,APAC,Automotive Ethernet,Sales Outreach,"['Application_Engineer_Call', 'Oscilloscope_Selector_Tool', 'Loaner_Unit_Evaluation', 'Website_Product_Page', 'MQL', 'SQL', 'IMS_Badge_Scan', 'SQL', 'Keysight_Workshop_RF_Testing', 'Customer']",1
L005121,Michael Anders,Qualcomm GmbH,,Europe,,Event,"['Website_Product_Page', 'Loaner_Unit_Evaluation', 'Keysight_Workshop_RF_Testing', 'Customer']",1
L005122,Ahmed Williams,Samsung Electronics GmbH,Automotive,APAC,,Sales Outreach,"['PathWave_Trial_Request', 'IMS_Badge_Scan', 'Keysight_Workshop_RF_Testing', 'PathWave_Trial_Request', 'Website_Product_Page', 'AutoSens_Tech_Talk', 'SQL', 'Oscilloscope_Selector_Tool', 'IMS_Badge_Scan', 'Lab_Integration_Discussion', 'No_Conversion']",0
L005123,Ahmed Patel,Samsung Electronics,Automotive,LATAM,,,"['SQL', 'LinkedIn_Ad_Click', 'Loaner_Unit_Evaluation', 'MQL', 'Whitepaper_Download_5G_Test', 'Customer']",1
L005124,Ravi Ito,Infin_Tech,Automotive,North America,5G Testbeds,Website,"['Lab_Integration_Discussion', 'Loaner_Unit_Evaluation', 'Website_Product_Page', 'SQL', 'IMS_Badge_Scan', 'Keysight_University_Course', 'Oscilloscope_Selector_Tool', 'No_Conversion']",0
L005125,Sarah Anders,Broadcom,,,,Webinar,"['LinkedIn_Ad_Click', 'Loaner_Unit_Evaluation', 'DesignCon_Booth_Visit', 'Website_Product_Page', 'LinkedIn_Ad_Click', 'LinkedIn_Ad_Click', 'DesignCon_Booth_Visit', 'Customer']",1
L005126,Laura Chen,Infineon GmbH,,,Oscilloscopes,,"['Lab_Integration_Discussion', 'Oscilloscope_Selector_Tool', 'Lab_Integration_Discussion', 'Website_Product_Page', 'Keysight_Workshop_RF_Testing', 'AutoSens_Tech_Talk', 'IMS_Badge_Scan', 'Customer']",1
L005127,Michael Johnson,Broadcom,,APAC,Automotive Ethernet,LinkedIn,"['Oscilloscope_Selector_Tool', 'Keysight_University_Course', 'PathWave_Trial_Request', 'SQL', 'DesignCon_Booth_Visit', 'No_Conversion']",0
L005128,Ravi Johnson,Meta Connectivity Labs GmbH,Electronics,North America,Oscilloscopes,Email Campaign,"['Oscilloscope_Selector_Tool', 'Application_Engineer_Call', 'Website_Product_Page', 'No_Conversion']",0
L005129,Hiroshi Singh,NXP Semiconductors GmbH,Automotive,LATAM,Automotive Ethernet,Email Campaign,"['LinkedIn_Ad_Click', 'Keysight_University_Course', 'IMS_Badge_Scan', 'Lab_Integration_Discussion', 'Customer']",1
L005130,Sarah Lee,Meta Connectivity Labs GmbH,Aerospace,LATAM,Oscilloscopes,Sales Outreach,"['IMS_Badge_Scan', 'Keysight_University_Course', 'No_Conversion']",0
L005131,,Sony,Telecom,LATAM,,Website,"['Oscilloscope_Selector_Tool', 'DesignCon_Booth_Visit', 'IMS_Badge_Scan', 'No_Conversion']",0
L005132,Kenji Tanaka,,Electronics,APAC,Oscilloscopes,Webinar,"['Opportunity', 'Loaner_Unit_Evaluation', 'Opportunity', 'Customer']",1
L005133,Kenji Williams,,Telecom,North America,Oscilloscopes,LinkedIn,"['DesignCon_Booth_Visit', 'IMS_Badge_Scan', 'AutoSens_Tech_Talk', 'Customer']",1
L005134,Chen Anders,NXPSe_Tech,Automotive,Europe,PathWave Software,Website,"['Oscilloscope_Selector_Tool', 'Oscilloscope_Selector_Tool', 'Lab_Integration_Discussion', 'Website_Product_Page', 'Application_Engineer_Call', 'DesignCon_Booth_Visit', 'MQL', 'Technical_Demo', 'No_Conversion']",0
L005135,Sofia Chen,Meta Connectivity Labs,Automotive,LATAM,5G Testbeds,Sales Outreach,['Customer'],1
L005136,Sarah Chen,Qualc_Tech,Telecom,Europe,5G Testbeds,Webinar,"['AutoSens_Tech_Talk', 'IMS_Badge_Scan', 'Application_Engineer_Call', 'DesignCon_Booth_Visit', 'Whitepaper_Download_5G_Test', 'DesignCon_Booth_Visit', 'LinkedIn_Ad_Click', 'No_Conversion']",0
L005137,Ravi Ito,Sony_Tech,Electronics,APAC,Oscilloscopes,Webinar,"['LinkedIn_Ad_Click', 'Opportunity', 'Technical_Demo', 'SQL', 'Loaner_Unit_Evaluation', 'Website_Product_Page', 'SQL', 'No_Conversion']",0
L005138,,Bosch GmbH,Electronics,Europe,,Email Campaign,['No_Conversion'],0
L005139,Sarah Patel,,Telecom,Europe,5G Testbeds,Webinar,"['DesignCon_Booth_Visit', 'Whitepaper_Download_5G_Test', 'Technical_Demo', 'Technical_Demo', 'Website_Product_Page', 'Opportunity', 'Technical_Demo', 'Loaner_Unit_Evaluation', 'Website_Product_Page', 'Whitepaper_Download_5G_Test', 'Customer']",1
L005140,Chen Williams,Sony GmbH,Semiconductor,,Oscilloscopes,,"['DesignCon_Booth_Visit', 'Website_Product_Page', 'Opportunity', 'Website_Product_Page', 'IMS_Badge_Scan', 'Website_Product_Page', 'No_Conversion']",0
L005141,,Infineon,Automotive,Europe,PathWave Software,LinkedIn,"['Whitepaper_Download_5G_Test', 'AutoSens_Tech_Talk', 'Website_Product_Page', 'Loaner_Unit_Evaluation', 'No_Conversion']",0
L005142,Maria Garcia,Samsu_Tech,Electronics,LATAM,,LinkedIn,"['AutoSens_Tech_Talk', 'Application_Engineer_Call', 'Technical_Demo', 'Technical_Demo', 'No_Conversion']",0
L005143,Hiroshi Anders,,Aerospace,LATAM,Automotive Ethernet,LinkedIn,"['Keysight_Workshop_RF_Testing', 'Application_Engineer_Call', 'LinkedIn_Ad_Click', 'DesignCon_Booth_Visit', 'Whitepaper_Download_5G_Test', 'IMS_Badge_Scan', 'SQL', 'No_Conversion']",0
L005144,Sofia Johnson,Qualc_Tech,Aerospace,,,Event,"['Loaner_Unit_Evaluation', 'AutoSens_Tech_Talk', 'Lab_Integration_Discussion', 'Keysight_Workshop_RF_Testing', 'SQL', 'Application_Engineer_Call', 'Loaner_Unit_Evaluation', 'SQL', 'MQL', 'Customer']",1
L005145,Priya Chen,Raytheon,,APAC,,Webinar,"['SQL', 'IMS_Badge_Scan', 'Loaner_Unit_Evaluation', 'Opportunity', 'Whitepaper_Download_5G_Test', 'Website_Product_Page', 'Customer']",1
L005146,Kenji Patel,MetaC_Tech,Telecom,Europe,Oscilloscopes,LinkedIn,"['IMS_Badge_Scan', 'AutoSens_Tech_Talk', 'MQL', 'Oscilloscope_Selector_Tool', 'AutoSens_Tech_Talk', 'IMS_Badge_Scan', 'AutoSens_Tech_Talk', 'Customer']",1
L005147,Laura Anders,Bosch_Tech,Telecom,Europe,PathWave Software,Webinar,"['Keysight_University_Course', 'IMS_Badge_Scan', 'LinkedIn_Ad_Click', 'Keysight_Workshop_RF_Testing', 'AutoSens_Tech_Talk', 'IMS_Badge_Scan', 'AutoSens_Tech_Talk', 'Customer']",1
L005148,Sofia Patel,Broadcom GmbH,Aerospace,,Automotive Ethernet,Website,"['Loaner_Unit_Evaluation', 'AutoSens_Tech_Talk', 'Oscilloscope_Selector_Tool', 'Keysight_Workshop_RF_Testing', 'SQL', 'Customer']",1
L005149,Maria Lee,Meta Connectivity Labs GmbH,,LATAM,Oscilloscopes,LinkedIn,"['LinkedIn_Ad_Click', 'Loaner_Unit_Evaluation', 'Application_Engineer_Call', 'Customer']",1
L005150,Ravi Ito,Sony,Aerospace,North America,5G Testbeds,Email Campaign,['Customer'],1
L005151,Chen Martinez,Infineon GmbH,Automotive,Europe,Automotive Ethernet,Sales Outreach,"['SQL', 'Website_Product_Page', 'Whitepaper_Download_5G_Test', 'LinkedIn_Ad_Click', 'Application_Engineer_Call', 'No_Conversion']",0
L005152,Michael Khan,NXPSe_Tech,Automotive,Europe,5G Testbeds,LinkedIn,"['Website_Product_Page', 'LinkedIn_Ad_Click', 'Opportunity', 'Opportunity', 'Application_Engineer_Call', 'PathWave_Trial_Request', 'Opportunity', 'Customer']",1
L005153,Sofia Tanaka,Infin_Tech,Aerospace,LATAM,5G Testbeds,Event,"['Keysight_Workshop_RF_Testing', 'PathWave_Trial_Request', 'AutoSens_Tech_Talk', 'Loaner_Unit_Evaluation', 'Opportunity', 'Whitepaper_Download_5G_Test', 'LinkedIn_Ad_Click', 'Customer']",1
L005154,Maria Johnson,,,North America,,Webinar,"['LinkedIn_Ad_Click', 'Application_Engineer_Call', 'Loaner_Unit_Evaluation', 'IMS_Badge_Scan', 'AutoSens_Tech_Talk', 'AutoSens_Tech_Talk', 'Customer']",1
L005155,,Infineon GmbH,Electronics,APAC,,LinkedIn,"['Keysight_Workshop_RF_Testing', 'SQL', 'Oscilloscope_Selector_Tool', 'Oscilloscope_Selector_Tool', 'Oscilloscope_Selector_Tool', 'Lab_Integration_Discussion', 'LinkedIn_Ad_Click', 'No_Conversion']",0
L005156,Hiroshi Williams,Bosch GmbH,Aerospace,LATAM,Oscilloscopes,,"['Oscilloscope_Selector_Tool', 'IMS_Badge_Scan', 'Technical_Demo', 'Oscilloscope_Selector_Tool', 'Customer']",1
L005157,Priya Anders,Sony,Electronics,LATAM,5G Testbeds,Email Campaign,['Customer'],1
L005158,Kenji Chen,,,LATAM,Automotive Ethernet,Email Campaign,"['Keysight_University_Course', 'Opportunity', 'Technical_Demo', 'MQL', 'AutoSens_Tech_Talk', 'DesignCon_Booth_Visit', 'No_Conversion']",0
L005159,,Bosch,,LATAM,5G Testbeds,Webinar,"['Lab_Integration_Discussion', 'Application_Engineer_Call', 'Keysight_University_Course', 'Loaner_Unit_Evaluation', 'DesignCon_Booth_Visit', 'Application_Engineer_Call', 'Lab_Integration_Discussion', 'Loaner_Unit_Evaluation', 'PathWave_Trial_Request', 'IMS_Badge_Scan', 'No_Conversion']",0
L005160,Michael Ito,,,Europe,,Sales Outreach,"['DesignCon_Booth_Visit', 'MQL', 'Technical_Demo', 'No_Conversion']",0
L005161,Sarah Lee,Rayth_Tech,Automotive,Europe,,Sales Outreach,"['Keysight_Workshop_RF_Testing', 'Keysight_University_Course', 'Website_Product_Page', 'Whitepaper_Download_5G_Test', 'Keysight_Workshop_RF_Testing', 'Keysight_Workshop_RF_Testing', 'DesignCon_Booth_Visit', 'Whitepaper_Download_5G_Test', 'MQL', 'Keysight_University_Course', 'Customer']",1
L005162,Daniel Singh,Rayth_Tech,Telecom,Europe,5G Testbeds,LinkedIn,"['PathWave_Trial_Request', 'Lab_Integration_Discussion', 'PathWave_Trial_Request', 'Opportunity', 'IMS_Badge_Scan', 'Website_Product_Page', 'Keysight_University_Course', 'Opportunity', 'Lab_Integration_Discussion', 'No_Conversion']",0
L005163,Sofia Chen,Broadcom GmbH,Electronics,North America,PathWave Software,,"['MQL', 'DesignCon_Booth_Visit', 'LinkedIn_Ad_Click', 'No_Conversion']",0
L005164,Sofia Tanaka,Bosch GmbH,Aerospace,APAC,Oscilloscopes,Email Campaign,"['MQL', 'Opportunity', 'SQL', 'Website_Product_Page', 'No_Conversion']",0
L005165,,Sony,Telecom,APAC,,Webinar,"['Opportunity', 'Technical_Demo', 'Lab_Integration_Discussion', 'Loaner_Unit_Evaluation', 'PathWave_Trial_Request', 'Customer']",1
L005166,Chen Anders,MetaC_Tech,Semiconductor,LATAM,PathWave Software,Website,"['DesignCon_Booth_Visit', 'Keysight_Workshop_RF_Testing', 'DesignCon_Booth_Visit', 'No_Conversion']",0
L005167,Priya Ito,Bosch_Tech,Automotive,APAC,,Webinar,"['DesignCon_Booth_Visit', 'MQL', 'Customer']",1
L005168,Michael Martinez,Infineon GmbH,,Europe,Oscilloscopes,Event,"['LinkedIn_Ad_Click', 'No_Conversion']",0
L005169,,,Telecom,LATAM,Automotive Ethernet,Website,"['MQL', 'Application_Engineer_Call', 'AutoSens_Tech_Talk', 'Opportunity', 'DesignCon_Booth_Visit', 'LinkedIn_Ad_Click', 'MQL', 'Oscilloscope_Selector_Tool', 'Customer']",1
L005170,Sarah Ito,NXPSe_Tech,Telecom,APAC,PathWave Software,Sales Outreach,"['Website_Product_Page', 'Application_Engineer_Call', 'Technical_Demo', 'Loaner_Unit_Evaluation', 'Customer']",1
L005171,Sofia Lee,Samsung Electronics GmbH,Telecom,North America,Automotive Ethernet,Sales Outreach,"['Oscilloscope_Selector_Tool', 'MQL', 'PathWave_Trial_Request', 'Keysight_University_Course', 'Whitepaper_Download_5G_Test', 'Oscilloscope_Selector_Tool', 'No_Conversion']",0
L005172,Maria Patel,Tesla Energy GmbH,,,PathWave Software,LinkedIn,"['DesignCon_Booth_Visit', 'Technical_Demo', 'Lab_Integration_Discussion', 'Website_Product_Page', 'Technical_Demo', 'Whitepaper_Download_5G_Test', 'Opportunity', 'Application_Engineer_Call', 'Customer']",1
L005173,Sarah Chen,NXPSe_Tech,Semiconductor,APAC,Automotive Ethernet,Email Campaign,"['IMS_Badge_Scan', 'DesignCon_Booth_Visit', 'Whitepaper_Download_5G_Test', 'No_Conversion']",0
L005174,Ravi Lee,,Telecom,APAC,5G Testbeds,Website,"['MQL', 'PathWave_Trial_Request', 'Oscilloscope_Selector_Tool', 'Whitepaper_Download_5G_Test', 'Lab_Integration_Discussion', 'DesignCon_Booth_Visit', 'Customer']",1
L005175,Ahmed Tanaka,Raytheon GmbH,,Europe,5G Testbeds,Sales Outreach,"['Keysight_University_Course', 'Customer']",1
L005176,Ravi Tanaka,MetaC_Tech,Telecom,,5G Testbeds,LinkedIn,"['IMS_Badge_Scan', 'Whitepaper_Download_5G_Test', 'Oscilloscope_Selector_Tool', 'SQL', 'Opportunity', 'No_Conversion']",0
L005177,Chen Chen,MetaC_Tech,Telecom,APAC,,Event,"['Website_Product_Page', 'Loaner_Unit_Evaluation', 'Lab_Integration_Discussion', 'Loaner_Unit_Evaluation', 'No_Conversion']",0
L005178,Chen Garcia,,Telecom,North America,Automotive Ethernet,LinkedIn,"['Opportunity', 'DesignCon_Booth_Visit', 'SQL', 'AutoSens_Tech_Talk', 'Customer']",1
L005179,Ahmed Khan,,,APAC,5G Testbeds,,"['Whitepaper_Download_5G_Test', 'AutoSens_Tech_Talk', 'Lab_Integration_Discussion', 'DesignCon_Booth_Visit', 'Opportunity', 'LinkedIn_Ad_Click', 'No_Conversion']",0
L005180,Michael Anders,Broadcom GmbH,,APAC,,Website,"['SQL', 'Oscilloscope_Selector_Tool', 'SQL', 'Application_Engineer_Call', 'AutoSens_Tech_Talk', 'No_Conversion']",0
L005181,Maria Lee,NXP Semiconductors,,North America,,LinkedIn,"['AutoSens_Tech_Talk', 'Oscilloscope_Selector_Tool', 'Keysight_Workshop_RF_Testing', 'Customer']",1
L005182,Ravi Lee,Sony,Telecom,LATAM,Oscilloscopes,LinkedIn,"['Keysight_University_Course', 'SQL', 'DesignCon_Booth_Visit', 'Website_Product_Page', 'MQL', 'Oscilloscope_Selector_Tool', 'SQL', 'Lab_Integration_Discussion', 'Customer']",1
L005183,Kenji Williams,Raytheon GmbH,Automotive,LATAM,,LinkedIn,"['AutoSens_Tech_Talk', 'Loaner_Unit_Evaluation', 'Whitepaper_Download_5G_Test', 'Technical_Demo', 'IMS_Badge_Scan', 'PathWave_Trial_Request', 'Whitepaper_Download_5G_Test', 'No_Conversion']",0
L005184,Chen Williams,Samsu_Tech,Electronics,Europe,5G Testbeds,Event,"['Oscilloscope_Selector_Tool', 'LinkedIn_Ad_Click', 'Customer']",1
L005185,Daniel Chen,Broadcom GmbH,,LATAM,,Sales Outreach,"['Opportunity', 'Technical_Demo', 'Customer']",1
L005186,Chen Patel,Qualcomm,Semiconductor,,,Email Campaign,['Customer'],1
L005187,Hiroshi Chen,Samsung Electronics,Telecom,LATAM,PathWave Software,LinkedIn,"['Loaner_Unit_Evaluation', 'Website_Product_Page', 'AutoSens_Tech_Talk', 'IMS_Badge_Scan', 'No_Conversion']",0
L005188,Ravi Anders,Raytheon GmbH,,North America,,,"['Technical_Demo', 'SQL', 'No_Conversion']",0
L005189,Ahmed Khan,Meta Connectivity Labs GmbH,,North America,,LinkedIn,"['Keysight_Workshop_RF_Testing', 'Opportunity', 'AutoSens_Tech_Talk', 'LinkedIn_Ad_Click', 'Lab_Integration_Discussion', 'PathWave_Trial_Request', 'No_Conversion']",0
L005190,Laura Khan,,,North America,,Sales Outreach,"['Keysight_University_Course', 'Oscilloscope_Selector_Tool', 'MQL', 'Application_Engineer_Call', 'No_Conversion']",0
L005191,Laura Khan,,Aerospace,North America,,,"['LinkedIn_Ad_Click', 'Keysight_Workshop_RF_Testing', 'Oscilloscope_Selector_Tool', 'IMS_Badge_Scan', 'Customer']",1
L005192,Kenji Chen,Qualcomm GmbH,,,,Email Campaign,"['DesignCon_Booth_Visit', 'PathWave_Trial_Request', 'Keysight_Workshop_RF_Testing', 'AutoSens_Tech_Talk', 'Keysight_University_Course', 'Whitepaper_Download_5G_Test', 'No_Conversion']",0
L005193,Chen Garcia,Broad_Tech,Telecom,APAC,,Sales Outreach,"['Website_Product_Page', 'Loaner_Unit_Evaluation', 'AutoSens_Tech_Talk', 'AutoSens_Tech_Talk', 'DesignCon_Booth_Visit', 'MQL', 'Opportunity', 'Customer']",1
L005194,Maria Patel,NXP Semiconductors GmbH,Aerospace,Europe,Oscilloscopes,LinkedIn,"['Opportunity', 'Technical_Demo', 'Technical_Demo', 'Oscilloscope_Selector_Tool', 'Loaner_Unit_Evaluation', 'No_Conversion']",0
L005195,Priya Lee,Bosch GmbH,Telecom,North America,,Email Campaign,"['PathWave_Trial_Request', 'Website_Product_Page', 'IMS_Badge_Scan', 'Oscilloscope_Selector_Tool', 'SQL', 'Customer']",1
L005196,Priya Lee,,Electronics,,,Webinar,"['Opportunity', 'Whitepaper_Download_5G_Test', 'AutoSens_Tech_Talk', 'Website_Product_Page', 'No_Conversion']",0
L005197,Priya Singh,Raytheon GmbH,Aerospace,North America,,Event,"['Application_Engineer_Call', 'Technical_Demo', 'Technical_Demo', 'DesignCon_Booth_Visit', 'PathWave_Trial_Request', 'MQL', 'DesignCon_Booth_Visit', 'Opportunity', 'AutoSens_Tech_Talk', 'Customer']",1
L005198,Daniel Anders,,Aerospace,,,,"['MQL', 'LinkedIn_Ad_Click', 'PathWave_Trial_Request', 'Website_Product_Page', 'Website_Product_Page', 'Customer']",1
L005199,Hiroshi Chen,Raytheon GmbH,,North America,,Email Campaign,"['Website_Product_Page', 'No_Conversion']",0
L005200,Maria Singh,,Aerospace,Europe,,Webinar,"['Opportunity', 'LinkedIn_Ad_Click', 'Application_Engineer_Call', 'MQL', 'Whitepaper_Download_5G_Test', 'Application_Engineer_Call', 'Keysight_Workshop_RF_Testing', 'No_Conversion']",0
L005201,,Raytheon GmbH,,,Oscilloscopes,Event,"['PathWave_Trial_Request', 'Whitepaper_Download_5G_Test', 'Lab_Integration_Discussion', 'No_Conversion']",0
L005202,Priya Lee,Infineon,,,,Sales Outreach,"['AutoSens_Tech_Talk', 'Oscilloscope_Selector_Tool', 'Application_Engineer_Call', 'Whitepaper_Download_5G_Test', 'Lab_Integration_Discussion', 'No_Conversion']",0
L005203,Laura Johnson,Samsu_Tech,Semiconductor,LATAM,Oscilloscopes,Website,"['Loaner_Unit_Evaluation', 'Keysight_Workshop_RF_Testing', 'Website_Product_Page', 'Whitepaper_Download_5G_Test', 'Customer']",1
L005204,Michael Khan,Tesla Energy,Electronics,North America,Oscilloscopes,Webinar,"['Whitepaper_Download_5G_Test', 'Application_Engineer_Call', 'Customer']",1
L005205,Michael Tanaka,Tesla Energy,,APAC,5G Testbeds,Website,"['LinkedIn_Ad_Click', 'Opportunity', 'Lab_Integration_Discussion', 'MQL', 'Whitepaper_Download_5G_Test', 'Customer']",1
L005206,Ravi Khan,Samsung Electronics,Telecom,LATAM,5G Testbeds,,['Customer'],1
L005207,Sofia Martinez,Tesla Energy GmbH,,North America,,Webinar,"['Lab_Integration_Discussion', 'SQL', 'Lab_Integration_Discussion', 'AutoSens_Tech_Talk', 'Customer']",1
L005208,Chen Martinez,,Automotive,,,LinkedIn,"['Keysight_University_Course', 'Technical_Demo', 'Loaner_Unit_Evaluation', 'DesignCon_Booth_Visit', 'MQL', 'No_Conversion']",0
L005209,Priya Chen,,,LATAM,PathWave Software,,"['IMS_Badge_Scan', 'Loaner_Unit_Evaluation', 'MQL', 'Application_Engineer_Call', 'MQL', 'PathWave_Trial_Request', 'Website_Product_Page', 'SQL', 'Oscilloscope_Selector_Tool', 'No_Conversion']",0
L005210,Priya Singh,,,APAC,,Webinar,"['Website_Product_Page', 'Customer']",1
L005211,Priya Anders,,,North America,Oscilloscopes,Email Campaign,"['Loaner_Unit_Evaluation', 'Whitepaper_Download_5G_Test', 'Customer']",1
L005212,Maria Chen,Raytheon,Semiconductor,,Oscilloscopes,Email Campaign,"['Opportunity', 'IMS_Badge_Scan', 'LinkedIn_Ad_Click', 'SQL', 'DesignCon_Booth_Visit', 'Loaner_Unit_Evaluation', 'LinkedIn_Ad_Click', 'DesignCon_Booth_Visit', 'No_Conversion']",0
L005213,Hiroshi Lee,Sony GmbH,Aerospace,APAC,,Webinar,"['SQL', 'Keysight_Workshop_RF_Testing', 'Oscilloscope_Selector_Tool', 'Opportunity', 'SQL', 'Customer']",1
L005214,Sofia Johnson,Samsu_Tech,Telecom,North America,Automotive Ethernet,Sales Outreach,"['DesignCon_Booth_Visit', 'Loaner_Unit_Evaluation', 'Keysight_University_Course', 'Technical_Demo', 'No_Conversion']",0
L005215,Daniel Lee,Meta Connectivity Labs,Aerospace,North America,,LinkedIn,['No_Conversion'],0
L005216,Sofia Johnson,Bosch_Tech,,Europe,Oscilloscopes,Webinar,"['IMS_Badge_Scan', 'No_Conversion']",0
L005217,Michael Lee,Broadcom,Semiconductor,,,,"['Opportunity', 'IMS_Badge_Scan', 'Application_Engineer_Call', 'No_Conversion']",0
L005218,Daniel Singh,,Telecom,Europe,,LinkedIn,"['IMS_Badge_Scan', 'No_Conversion']",0
L005219,Chen Ito,Broadcom GmbH,,APAC,PathWave Software,Webinar,"['Application_Engineer_Call', 'Keysight_University_Course', 'AutoSens_Tech_Talk', 'Customer']",1
L005220,Laura Johnson,Sony_Tech,,LATAM,PathWave Software,Website,"['DesignCon_Booth_Visit', 'Application_Engineer_Call', 'Keysight_Workshop_RF_Testing', 'Application_Engineer_Call', 'Website_Product_Page', 'Keysight_University_Course', 'Website_Product_Page', 'No_Conversion']",0
L005221,Maria Johnson,,Electronics,LATAM,Automotive Ethernet,Website,"['Loaner_Unit_Evaluation', 'Keysight_University_Course', 'PathWave_Trial_Request', 'LinkedIn_Ad_Click', 'Customer']",1
L005222,Michael Chen,Qualcomm,Telecom,,Automotive Ethernet,LinkedIn,"['LinkedIn_Ad_Click', 'Customer']",1
L005223,Sarah Tanaka,Samsu_Tech,,APAC,5G Testbeds,LinkedIn,"['AutoSens_Tech_Talk', 'Keysight_Workshop_RF_Testing', 'DesignCon_Booth_Visit', 'Opportunity', 'Customer']",1
L005224,,,Aerospace,APAC,,Sales Outreach,"['PathWave_Trial_Request', 'Technical_Demo', 'SQL', 'Customer']",1
L005225,Chen Anders,,Electronics,Europe,Automotive Ethernet,Email Campaign,"['Technical_Demo', 'DesignCon_Booth_Visit', 'Opportunity', 'Keysight_Workshop_RF_Testing', 'Opportunity', 'Oscilloscope_Selector_Tool', 'Keysight_Workshop_RF_Testing', 'Loaner_Unit_Evaluation', 'Keysight_University_Course', 'MQL', 'No_Conversion']",0
L005226,Laura Anders,Qualc_Tech,Aerospace,North America,Oscilloscopes,,"['Website_Product_Page', 'MQL', 'Oscilloscope_Selector_Tool', 'Website_Product_Page', 'SQL', 'DesignCon_Booth_Visit', 'Opportunity', 'SQL', 'AutoSens_Tech_Talk', 'Technical_Demo', 'Customer']",1
L005227,Chen Singh,Samsung Electronics GmbH,Telecom,LATAM,Automotive Ethernet,Email Campaign,"['Application_Engineer_Call', 'Website_Product_Page', 'Loaner_Unit_Evaluation', 'Customer']",1
L005228,Michael Tanaka,Rayth_Tech,Automotive,,5G Testbeds,,"['IMS_Badge_Scan', 'Opportunity', 'SQL', 'IMS_Badge_Scan', 'Whitepaper_Download_5G_Test', 'AutoSens_Tech_Talk', 'Technical_Demo', 'Website_Product_Page', 'Technical_Demo', 'Application_Engineer_Call', 'No_Conversion']",0
L005229,Kenji Tanaka,Meta Connectivity Labs GmbH,Telecom,North America,Oscilloscopes,Event,"['Application_Engineer_Call', 'Loaner_Unit_Evaluation', 'AutoSens_Tech_Talk', 'LinkedIn_Ad_Click', 'Keysight_University_Course', 'Whitepaper_Download_5G_Test', 'Keysight_Workshop_RF_Testing', 'Technical_Demo', 'Keysight_Workshop_RF_Testing', 'DesignCon_Booth_Visit', 'Customer']",1
L005230,Kenji Johnson,Sony GmbH,Electronics,APAC,Automotive Ethernet,Sales Outreach,"['LinkedIn_Ad_Click', 'Keysight_Workshop_RF_Testing', 'Website_Product_Page', 'Technical_Demo', 'Customer']",1
L005231,Chen Johnson,Broad_Tech,Semiconductor,,Automotive Ethernet,Email Campaign,"['PathWave_Trial_Request', 'Opportunity', 'PathWave_Trial_Request', 'No_Conversion']",0
L005232,Daniel Patel,Samsung Electronics,Automotive,LATAM,PathWave Software,Webinar,"['Keysight_University_Course', 'SQL', 'PathWave_Trial_Request', 'No_Conversion']",0
L005233,Michael Chen,NXP Semiconductors,Aerospace,,Automotive Ethernet,LinkedIn,"['Whitepaper_Download_5G_Test', 'Technical_Demo', 'Opportunity', 'Customer']",1
L005234,Chen Tanaka,NXP Semiconductors,Semiconductor,North America,PathWave Software,LinkedIn,['No_Conversion'],0
L005235,Hiroshi Johnson,Infineon GmbH,,,,Webinar,['No_Conversion'],0
L005236,,Qualcomm,,North America,Oscilloscopes,LinkedIn,"['PathWave_Trial_Request', 'IMS_Badge_Scan', 'Opportunity', 'IMS_Badge_Scan', 'AutoSens_Tech_Talk', 'Opportunity', 'No_Conversion']",0
L005237,Sarah Tanaka,MetaC_Tech,,APAC,,Email Campaign,"['IMS_Badge_Scan', 'Oscilloscope_Selector_Tool', 'Lab_Integration_Discussion', 'Loaner_Unit_Evaluation', 'IMS_Badge_Scan', 'Opportunity', 'Oscilloscope_Selector_Tool', 'Customer']",1
L005238,,,Automotive,LATAM,5G Testbeds,Email Campaign,"['IMS_Badge_Scan', 'Whitepaper_Download_5G_Test', 'Whitepaper_Download_5G_Test', 'Application_Engineer_Call', 'Oscilloscope_Selector_Tool', 'No_Conversion']",0
L005239,Priya Khan,,Electronics,,Automotive Ethernet,LinkedIn,"['Website_Product_Page', 'Website_Product_Page', 'Loaner_Unit_Evaluation', 'IMS_Badge_Scan', 'DesignCon_Booth_Visit', 'Opportunity', 'No_Conversion']",0
L005240,Priya Anders,Tesla Energy,Aerospace,Europe,,Website,"['DesignCon_Booth_Visit', 'Opportunity', 'Whitepaper_Download_5G_Test', 'Lab_Integration_Discussion', 'No_Conversion']",0
L005241,Sarah Tanaka,NXP Semiconductors,Electronics,Europe,,Website,"['Keysight_University_Course', 'Keysight_Workshop_RF_Testing', 'No_Conversion']",0
L005242,Kenji Lee,Bosch_Tech,,Europe,,Email Campaign,"['PathWave_Trial_Request', 'Keysight_University_Course', 'Oscilloscope_Selector_Tool', 'Oscilloscope_Selector_Tool', 'Customer']",1
L005243,Ahmed Lee,Bosch,Semiconductor,APAC,PathWave Software,Sales Outreach,"['Whitepaper_Download_5G_Test', 'No_Conversion']",0
L005244,Sarah Singh,,,LATAM,Automotive Ethernet,Website,"['Application_Engineer_Call', 'DesignCon_Booth_Visit', 'AutoSens_Tech_Talk', 'Technical_Demo', 'Oscilloscope_Selector_Tool', 'Customer']",1
L005245,Sarah Singh,,,North America,PathWave Software,Webinar,"['IMS_Badge_Scan', 'IMS_Badge_Scan', 'Whitepaper_Download_5G_Test', 'Customer']",1
L005246,Ravi Tanaka,Raytheon,Aerospace,APAC,Automotive Ethernet,Website,"['Oscilloscope_Selector_Tool', 'Whitepaper_Download_5G_Test', 'IMS_Badge_Scan', 'Loaner_Unit_Evaluation', 'MQL', 'IMS_Badge_Scan', 'PathWave_Trial_Request', 'Keysight_Workshop_RF_Testing', 'Customer']",1
L005247,Maria Williams,,Telecom,North America,,LinkedIn,"['IMS_Badge_Scan', 'DesignCon_Booth_Visit', 'DesignCon_Booth_Visit', 'SQL', 'Website_Product_Page', 'LinkedIn_Ad_Click', 'AutoSens_Tech_Talk', 'Customer']",1
L005248,Kenji Ito,,,Europe,,Event,['No_Conversion'],0
L005249,Maria Garcia,Bosch GmbH,Aerospace,Europe,5G Testbeds,Sales Outreach,"['Oscilloscope_Selector_Tool', 'IMS_Badge_Scan', 'SQL', 'SQL', 'AutoSens_Tech_Talk', 'No_Conversion']",0
L005250,Hiroshi Singh,,,APAC,,,"['MQL', 'DesignCon_Booth_Visit', 'Technical_Demo', 'DesignCon_Booth_Visit', 'Lab_Integration_Discussion', 'AutoSens_Tech_Talk', 'Technical_Demo', 'AutoSens_Tech_Talk', 'Customer']",1
L005251,Sofia Singh,Bosch,Semiconductor,LATAM,,Event,['Customer'],1
L005252,Michael Garcia,Tesla_Tech,Automotive,,,Webinar,"['Opportunity', 'SQL', 'LinkedIn_Ad_Click', 'DesignCon_Booth_Visit', 'No_Conversion']",0
L005253,Kenji Anders,Meta Connectivity Labs,,APAC,Automotive Ethernet,Event,"['Application_Engineer_Call', 'Keysight_Workshop_RF_Testing', 'PathWave_Trial_Request', 'Keysight_University_Course', 'Customer']",1
L005254,Kenji Khan,Tesla_Tech,,APAC,PathWave Software,Event,"['PathWave_Trial_Request', 'PathWave_Trial_Request', 'Website_Product_Page', 'MQL', 'Opportunity', 'Keysight_University_Course', 'No_Conversion']",0
L005255,Laura Khan,NXP Semiconductors GmbH,Automotive,LATAM,Automotive Ethernet,LinkedIn,"['Website_Product_Page', 'Website_Product_Page', 'Keysight_Workshop_RF_Testing', 'No_Conversion']",0
L005256,Maria Patel,,Automotive,LATAM,5G Testbeds,Event,"['Keysight_University_Course', 'Whitepaper_Download_5G_Test', 'Technical_Demo', 'Technical_Demo', 'Lab_Integration_Discussion', 'Technical_Demo', 'No_Conversion']",0
L005257,Ahmed Williams,,,North America,,,"['Keysight_University_Course', 'Technical_Demo', 'MQL', 'AutoSens_Tech_Talk', 'Application_Engineer_Call', 'Customer']",1
L005258,Priya Patel,Raytheon GmbH,,Europe,5G Testbeds,LinkedIn,"['Lab_Integration_Discussion', 'DesignCon_Booth_Visit', 'IMS_Badge_Scan', 'Loaner_Unit_Evaluation', 'Customer']",1
L005259,,NXP Semiconductors GmbH,Aerospace,,PathWave Software,LinkedIn,"['Keysight_Workshop_RF_Testing', 'Technical_Demo', 'Technical_Demo', 'Website_Product_Page', 'Customer']",1
L005260,Sofia Garcia,Infineon GmbH,Telecom,North America,PathWave Software,Sales Outreach,"['Keysight_Workshop_RF_Testing', 'Customer']",1
L005261,,,Automotive,APAC,,Email Campaign,"['SQL', 'AutoSens_Tech_Talk', 'MQL', 'Opportunity', 'No_Conversion']",0
L005262,Sarah Johnson,Bosch_Tech,Semiconductor,,Automotive Ethernet,Sales Outreach,"['Opportunity', 'Oscilloscope_Selector_Tool', 'LinkedIn_Ad_Click', 'Application_Engineer_Call', 'Customer']",1
L005263,Kenji Chen,,,,PathWave Software,Email Campaign,['No_Conversion'],0
L005264,Chen Garcia,Tesla Energy GmbH,Aerospace,Europe,5G Testbeds,Website,"['AutoSens_Tech_Talk', 'IMS_Badge_Scan', 'Whitepaper_Download_5G_Test', 'LinkedIn_Ad_Click', 'LinkedIn_Ad_Click', 'Loaner_Unit_Evaluation', 'DesignCon_Booth_Visit', 'Opportunity', 'Customer']",1
L005265,Michael Singh,NXPSe_Tech,Telecom,Europe,PathWave Software,Sales Outreach,"['Opportunity', 'Keysight_Workshop_RF_Testing', 'Lab_Integration_Discussion', 'Customer']",1
L005266,Laura Khan,Qualcomm,Telecom,LATAM,Oscilloscopes,Sales Outreach,['No_Conversion'],0
L005267,Priya Anders,Raytheon GmbH,Automotive,North America,Automotive Ethernet,LinkedIn,"['Whitepaper_Download_5G_Test', 'LinkedIn_Ad_Click', 'Technical_Demo', 'Loaner_Unit_Evaluation', 'Customer']",1
L005268,Ravi Garcia,,,North America,,,"['Loaner_Unit_Evaluation', 'LinkedIn_Ad_Click', 'Customer']",1
L005269,Maria Ito,Qualc_Tech,Aerospace,,5G Testbeds,,"['Keysight_University_Course', 'Website_Product_Page', 'Customer']",1
L005270,Sofia Garcia,,Aerospace,LATAM,,Webinar,"['Oscilloscope_Selector_Tool', 'Keysight_Workshop_RF_Testing', 'Customer']",1
L005271,Ravi Martinez,Samsung Electronics GmbH,Aerospace,APAC,,Sales Outreach,"['Technical_Demo', 'AutoSens_Tech_Talk', 'MQL', 'MQL', 'Whitepaper_Download_5G_Test', 'Application_Engineer_Call', 'Application_Engineer_Call', 'No_Conversion']",0
L005272,Priya Khan,,Semiconductor,Europe,,LinkedIn,['Customer'],1
L005273,Ravi Johnson,Infin_Tech,Electronics,APAC,,LinkedIn,"['IMS_Badge_Scan', 'Technical_Demo', 'Whitepaper_Download_5G_Test', 'IMS_Badge_Scan', 'Keysight_University_Course', 'Loaner_Unit_Evaluation', 'Keysight_Workshop_RF_Testing', 'Whitepaper_Download_5G_Test', 'Whitepaper_Download_5G_Test', 'DesignCon_Booth_Visit', 'No_Conversion']",0
L005274,Laura Patel,Raytheon GmbH,,LATAM,Automotive Ethernet,LinkedIn,"['IMS_Badge_Scan', 'Loaner_Unit_Evaluation', 'DesignCon_Booth_Visit', 'Technical_Demo', 'Keysight_Workshop_RF_Testing', 'Customer']",1
L005275,Ravi Anders,Infineon,Automotive,North America,Automotive Ethernet,,"['Whitepaper_Download_5G_Test', 'DesignCon_Booth_Visit', 'Keysight_University_Course', 'Oscilloscope_Selector_Tool', 'IMS_Badge_Scan', 'SQL', 'Lab_Integration_Discussion', 'Technical_Demo', 'Lab_Integration_Discussion', 'No_Conversion']",0
L005276,Kenji Martinez,Infineon GmbH,,APAC,,,"['Opportunity', 'Application_Engineer_Call', 'MQL', 'Oscilloscope_Selector_Tool', 'Keysight_University_Course', 'Customer']",1
L005277,Laura Chen,,,APAC,Automotive Ethernet,Email Campaign,"['Loaner_Unit_Evaluation', 'Keysight_University_Course', 'Customer']",1
L005278,Michael Anders,Tesla Energy,Automotive,North America,,Sales Outreach,"['Website_Product_Page', 'Opportunity', 'Technical_Demo', 'Keysight_University_Course', 'Whitepaper_Download_5G_Test', 'Opportunity', 'Opportunity', 'Keysight_Workshop_RF_Testing', 'Website_Product_Page', 'Oscilloscope_Selector_Tool', 'No_Conversion']",0
L005279,Laura Ito,,,Europe,,Website,"['Website_Product_Page', 'Whitepaper_Download_5G_Test', 'IMS_Badge_Scan', 'Customer']",1
L005280,,Meta Connectivity Labs GmbH,Telecom,North America,5G Testbeds,Sales Outreach,"['SQL', 'Technical_Demo', 'LinkedIn_Ad_Click', 'PathWave_Trial_Request', 'Technical_Demo', 'Keysight_University_Course', 'Customer']",1
L005281,Michael Ito,Meta Connectivity Labs GmbH,,North America,,Website,"['Opportunity', 'Customer']",1
L005282,Sofia Anders,Meta Connectivity Labs,Telecom,North America,Oscilloscopes,Webinar,"['Loaner_Unit_Evaluation', 'Website_Product_Page', 'No_Conversion']",0
L005283,Maria Williams,,Telecom,LATAM,Automotive Ethernet,Event,"['IMS_Badge_Scan', 'Keysight_Workshop_RF_Testing', 'Whitepaper_Download_5G_Test', 'Oscilloscope_Selector_Tool', 'Technical_Demo', 'PathWave_Trial_Request', 'Whitepaper_Download_5G_Test', 'No_Conversion']",0
L005284,Chen Khan,Broadcom,Electronics,APAC,Automotive Ethernet,LinkedIn,"['Oscilloscope_Selector_Tool', 'Application_Engineer_Call', 'Opportunity', 'LinkedIn_Ad_Click', 'DesignCon_Booth_Visit', 'Application_Engineer_Call', 'Keysight_University_Course', 'Customer']",1
L005285,Kenji Singh,Sony_Tech,,North America,PathWave Software,Event,"['Keysight_University_Course', 'IMS_Badge_Scan', 'Lab_Integration_Discussion', 'Oscilloscope_Selector_Tool', 'LinkedIn_Ad_Click', 'Application_Engineer_Call', 'No_Conversion']",0
L005286,,,Electronics,APAC,,,"['SQL', 'AutoSens_Tech_Talk', 'Keysight_University_Course', 'Application_Engineer_Call', 'Technical_Demo', 'No_Conversion']",0
L005287,,,Aerospace,North America,5G Testbeds,Event,"['Opportunity', 'Loaner_Unit_Evaluation', 'No_Conversion']",0
L005288,Michael Singh,,Telecom,,Oscilloscopes,Sales Outreach,"['Keysight_University_Course', 'Oscilloscope_Selector_Tool', 'Oscilloscope_Selector_Tool', 'Whitepaper_Download_5G_Test', 'Website_Product_Page', 'Customer']",1
L005289,Michael Ito,Bosch GmbH,,,,Webinar,['No_Conversion'],0
L005290,Laura Chen,,Automotive,,Automotive Ethernet,LinkedIn,"['PathWave_Trial_Request', 'Keysight_University_Course', 'PathWave_Trial_Request', 'Lab_Integration_Discussion', 'DesignCon_Booth_Visit', 'No_Conversion']",0
L005291,Laura Khan,Tesla Energy,Semiconductor,LATAM,PathWave Software,Event,"['Keysight_University_Course', 'Keysight_University_Course', 'Opportunity', 'Customer']",1
L005292,Kenji Anders,NXP Semiconductors,Telecom,North America,5G Testbeds,LinkedIn,"['PathWave_Trial_Request', 'Customer']",1
L005293,Priya Ito,Rayth_Tech,,LATAM,,Email Campaign,"['Keysight_Workshop_RF_Testing', 'LinkedIn_Ad_Click', 'LinkedIn_Ad_Click', 'SQL', 'IMS_Badge_Scan', 'Whitepaper_Download_5G_Test', 'Loaner_Unit_Evaluation', 'No_Conversion']",0
L005294,Ravi Tanaka,Qualcomm GmbH,Aerospace,,Automotive Ethernet,,"['Website_Product_Page', 'MQL', 'IMS_Badge_Scan', 'AutoSens_Tech_Talk', 'Website_Product_Page', 'LinkedIn_Ad_Click', 'IMS_Badge_Scan', 'No_Conversion']",0
L005295,,Sony_Tech,Electronics,,5G Testbeds,,"['MQL', 'Keysight_University_Course', 'Technical_Demo', 'Loaner_Unit_Evaluation', 'IMS_Badge_Scan', 'Lab_Integration_Discussion', 'Oscilloscope_Selector_Tool', 'No_Conversion']",0
L005296,,Tesla Energy GmbH,,,PathWave Software,Webinar,"['Opportunity', 'Website_Product_Page', 'No_Conversion']",0
L005297,Daniel Tanaka,Meta Connectivity Labs GmbH,Telecom,,,LinkedIn,"['Website_Product_Page', 'Whitepaper_Download_5G_Test', 'SQL', 'PathWave_Trial_Request', 'Application_Engineer_Call', 'Website_Product_Page', 'Customer']",1
L005298,Laura Martinez,Meta Connectivity Labs GmbH,Automotive,,Oscilloscopes,Sales Outreach,['No_Conversion'],0
L005299,Kenji Chen,Broad_Tech,,Europe,Automotive Ethernet,Email Campaign,['No_Conversion'],0
L005300,Kenji Johnson,Infineon,Electronics,Europe,Oscilloscopes,Webinar,"['Keysight_Workshop_RF_Testing', 'Loaner_Unit_Evaluation', 'Keysight_Workshop_RF_Testing', 'AutoSens_Tech_Talk', 'AutoSens_Tech_Talk', 'LinkedIn_Ad_Click', 'Customer']",1
L005301,Maria Ito,Tesla Energy,Semiconductor,Europe,5G Testbeds,,"['Whitepaper_Download_5G_Test', 'Website_Product_Page', 'MQL', 'Technical_Demo', 'SQL', 'AutoSens_Tech_Talk', 'Technical_Demo', 'No_Conversion']",0
L005302,Priya Chen,,Telecom,APAC,,Website,"['Keysight_University_Course', 'Oscilloscope_Selector_Tool', 'SQL', 'Opportunity', 'No_Conversion']",0
L005303,Chen Williams,,Telecom,,,Website,"['LinkedIn_Ad_Click', 'Website_Product_Page', 'Website_Product_Page', 'Technical_Demo', 'Keysight_Workshop_RF_Testing', 'No_Conversion']",0
L005304,Sarah Patel,Bosch,,Europe,Automotive Ethernet,Website,"['PathWave_Trial_Request', 'Loaner_Unit_Evaluation', 'DesignCon_Booth_Visit', 'PathWave_Trial_Request', 'No_Conversion']",0
L005305,Kenji Patel,,Telecom,Europe,Automotive Ethernet,,"['DesignCon_Booth_Visit', 'DesignCon_Booth_Visit', 'Loaner_Unit_Evaluation', 'AutoSens_Tech_Talk', 'Technical_Demo', 'PathWave_Trial_Request', 'No_Conversion']",0
L005306,Chen Williams,,Automotive,LATAM,PathWave Software,,"['Opportunity', 'Technical_Demo', 'AutoSens_Tech_Talk', 'Opportunity', 'Customer']",1
L005307,Ahmed Tanaka,,Semiconductor,LATAM,,Event,"['Technical_Demo', 'Loaner_Unit_Evaluation', 'Application_Engineer_Call', 'Application_Engineer_Call', 'Technical_Demo', 'Lab_Integration_Discussion', 'AutoSens_Tech_Talk', 'Customer']",1
L005308,Ravi Singh,Broadcom,,North America,,Webinar,"['Application_Engineer_Call', 'Oscilloscope_Selector_Tool', 'No_Conversion']",0
L005309,Laura Tanaka,Tesla Energy,,LATAM,,,"['Opportunity', 'Whitepaper_Download_5G_Test', 'Website_Product_Page', 'No_Conversion']",0
L005310,Priya Lee,Infineon,,Europe,,Sales Outreach,"['Lab_Integration_Discussion', 'Opportunity', 'Opportunity', 'Keysight_University_Course', 'Website_Product_Page', 'Opportunity', 'No_Conversion']",0
L005311,Chen Williams,Tesla Energy,Electronics,Europe,Automotive Ethernet,LinkedIn,"['SQL', 'Opportunity', 'DesignCon_Booth_Visit', 'AutoSens_Tech_Talk', 'Whitepaper_Download_5G_Test', 'Opportunity', 'SQL', 'Technical_Demo', 'Oscilloscope_Selector_Tool', 'Customer']",1
L005312,Michael Johnson,Sony,Aerospace,APAC,5G Testbeds,Sales Outreach,"['Website_Product_Page', 'Customer']",1
L005313,,Rayth_Tech,,Europe,,Sales Outreach,"['Loaner_Unit_Evaluation', 'Application_Engineer_Call', 'LinkedIn_Ad_Click', 'Customer']",1
L005314,Sofia Lee,Samsung Electronics,Semiconductor,APAC,,Email Campaign,"['Opportunity', 'Loaner_Unit_Evaluation', 'Oscilloscope_Selector_Tool', 'Customer']",1
L005315,Chen Tanaka,Qualc_Tech,Semiconductor,APAC,PathWave Software,Email Campaign,"['IMS_Badge_Scan', 'SQL', 'PathWave_Trial_Request', 'DesignCon_Booth_Visit', 'No_Conversion']",0
L005316,Sofia Johnson,Meta Connectivity Labs GmbH,Semiconductor,APAC,,LinkedIn,"['PathWave_Trial_Request', 'Keysight_Workshop_RF_Testing', 'LinkedIn_Ad_Click', 'SQL', 'Keysight_Workshop_RF_Testing', 'Technical_Demo', 'Whitepaper_Download_5G_Test', 'Loaner_Unit_Evaluation', 'Loaner_Unit_Evaluation', 'Technical_Demo', 'No_Conversion']",0
L005317,Priya Singh,Meta Connectivity Labs,Semiconductor,North America,PathWave Software,Email Campaign,"['Lab_Integration_Discussion', 'Keysight_University_Course', 'No_Conversion']",0
L005318,Ahmed Patel,Tesla_Tech,,,PathWave Software,Website,"['MQL', 'Loaner_Unit_Evaluation', 'Application_Engineer_Call', 'Opportunity', 'Whitepaper_Download_5G_Test', 'No_Conversion']",0
L005319,Daniel Singh,,Telecom,,,Email Campaign,"['Keysight_University_Course', 'Loaner_Unit_Evaluation', 'No_Conversion']",0
L005320,Chen Anders,,Semiconductor,North America,Oscilloscopes,Event,"['Whitepaper_Download_5G_Test', 'Loaner_Unit_Evaluation', 'MQL', 'IMS_Badge_Scan', 'Whitepaper_Download_5G_Test', 'MQL', 'Application_Engineer_Call', 'Customer']",1
L005321,Priya Chen,Infin_Tech,Aerospace,North America,5G Testbeds,,"['DesignCon_Booth_Visit', 'Technical_Demo', 'Website_Product_Page', 'IMS_Badge_Scan', 'Oscilloscope_Selector_Tool', 'MQL', 'Whitepaper_Download_5G_Test', 'Customer']",1
L005322,,Qualcomm,,North America,5G Testbeds,,"['Oscilloscope_Selector_Tool', 'Oscilloscope_Selector_Tool', 'IMS_Badge_Scan', 'Opportunity', 'Whitepaper_Download_5G_Test', 'Lab_Integration_Discussion', 'No_Conversion']",0
L005323,Michael Williams,Infineon GmbH,Semiconductor,North America,PathWave Software,,"['Opportunity', 'Website_Product_Page', 'Technical_Demo', 'Customer']",1
L005324,Ravi Patel,Broad_Tech,,North America,PathWave Software,,"['PathWave_Trial_Request', 'PathWave_Trial_Request', 'IMS_Badge_Scan', 'LinkedIn_Ad_Click', 'AutoSens_Tech_Talk', 'Keysight_University_Course', 'MQL', 'IMS_Badge_Scan', 'Lab_Integration_Discussion', 'No_Conversion']",0
L005325,,Tesla_Tech,,,,Website,"['Application_Engineer_Call', 'Application_Engineer_Call', 'Loaner_Unit_Evaluation', 'DesignCon_Booth_Visit', 'DesignCon_Booth_Visit', 'Customer']",1
L005326,Daniel Martinez,Broadcom GmbH,Telecom,Europe,,Email Campaign,"['PathWave_Trial_Request', 'Customer']",1
L005327,Chen Johnson,,Aerospace,LATAM,PathWave Software,,['Customer'],1
L005328,Ahmed Garcia,MetaC_Tech,,LATAM,,,"['Whitepaper_Download_5G_Test', 'Website_Product_Page', 'IMS_Badge_Scan', 'LinkedIn_Ad_Click', 'MQL', 'Lab_Integration_Discussion', 'Technical_Demo', 'PathWave_Trial_Request', 'Lab_Integration_Discussion', 'Customer']",1
L005329,Sarah Williams,Broadcom,,,,Email Campaign,"['Technical_Demo', 'Application_Engineer_Call', 'Keysight_University_Course', 'Customer']",1
L005330,Michael Khan,Infin_Tech,Telecom,APAC,Oscilloscopes,Website,"['Technical_Demo', 'Keysight_Workshop_RF_Testing', 'Keysight_Workshop_RF_Testing', 'PathWave_Trial_Request', 'PathWave_Trial_Request', 'Keysight_Workshop_RF_Testing', 'Customer']",1
L005331,Maria Ito,Infineon GmbH,,,PathWave Software,Event,"['AutoSens_Tech_Talk', 'PathWave_Trial_Request', 'IMS_Badge_Scan', 'Whitepaper_Download_5G_Test', 'IMS_Badge_Scan', 'No_Conversion']",0
L005332,Sarah Singh,Broad_Tech,,APAC,,Webinar,"['Website_Product_Page', 'Keysight_University_Course', 'Opportunity', 'Whitepaper_Download_5G_Test', 'LinkedIn_Ad_Click', 'Customer']",1
L005333,Sofia Tanaka,Bosch_Tech,Automotive,,5G Testbeds,LinkedIn,"['Oscilloscope_Selector_Tool', 'Website_Product_Page', 'MQL', 'Customer']",1
L005334,Daniel Khan,Broadcom,Semiconductor,North America,Automotive Ethernet,Website,"['Technical_Demo', 'Keysight_University_Course', 'DesignCon_Booth_Visit', 'PathWave_Trial_Request', 'Keysight_University_Course', 'LinkedIn_Ad_Click', 'IMS_Badge_Scan', 'DesignCon_Booth_Visit', 'Customer']",1
L005335,Maria Williams,,,,Oscilloscopes,Webinar,"['IMS_Badge_Scan', 'Loaner_Unit_Evaluation', 'SQL', 'MQL', 'No_Conversion']",0
L005336,,NXP Semiconductors GmbH,Telecom,LATAM,PathWave Software,Sales Outreach,"['Lab_Integration_Discussion', 'LinkedIn_Ad_Click', 'Customer']",1
L005337,,,Electronics,LATAM,,Webinar,"['Keysight_Workshop_RF_Testing', 'Oscilloscope_Selector_Tool', 'SQL', 'Whitepaper_Download_5G_Test', 'No_Conversion']",0
L005338,Priya Lee,Infineon GmbH,Telecom,LATAM,,,"['DesignCon_Booth_Visit', 'LinkedIn_Ad_Click', 'No_Conversion']",0
L005339,Michael Williams,,Electronics,Europe,,,"['DesignCon_Booth_Visit', 'Customer']",1
L005340,Maria Singh,Meta Connectivity Labs GmbH,Aerospace,LATAM,PathWave Software,Webinar,"['LinkedIn_Ad_Click', 'LinkedIn_Ad_Click', 'Keysight_Workshop_RF_Testing', 'Technical_Demo', 'DesignCon_Booth_Visit', 'No_Conversion']",0
L005341,Ahmed Anders,Sony GmbH,Electronics,Europe,5G Testbeds,Event,"['Keysight_University_Course', 'Technical_Demo', 'PathWave_Trial_Request', 'Oscilloscope_Selector_Tool', 'Opportunity', 'Keysight_University_Course', 'Customer']",1
L005342,Daniel Khan,,,North America,,Sales Outreach,"['DesignCon_Booth_Visit', 'No_Conversion']",0
L005343,Priya Chen,,Electronics,Europe,PathWave Software,Email Campaign,['No_Conversion'],0
L005344,Priya Chen,,Aerospace,,PathWave Software,LinkedIn,"['Application_Engineer_Call', 'Whitepaper_Download_5G_Test', 'Website_Product_Page', 'LinkedIn_Ad_Click', 'No_Conversion']",0
L005345,Priya Garcia,Tesla Energy,Automotive,APAC,,Event,"['Loaner_Unit_Evaluation', 'No_Conversion']",0
L005346,,Rayth_Tech,Semiconductor,North America,Oscilloscopes,Webinar,"['Application_Engineer_Call', 'Whitepaper_Download_5G_Test', 'Keysight_University_Course', 'Oscilloscope_Selector_Tool', 'Technical_Demo', 'LinkedIn_Ad_Click', 'Technical_Demo', 'Oscilloscope_Selector_Tool', 'No_Conversion']",0
L005347,Michael Ito,,Electronics,LATAM,PathWave Software,Website,"['Keysight_Workshop_RF_Testing', 'Keysight_University_Course', 'LinkedIn_Ad_Click', 'DesignCon_Booth_Visit', 'Customer']",1
L005348,Laura Singh,,,,Automotive Ethernet,Website,"['Keysight_Workshop_RF_Testing', 'Customer']",1
L005349,,Broad_Tech,Semiconductor,Europe,,Email Campaign,"['DesignCon_Booth_Visit', 'SQL', 'MQL', 'Customer']",1
L005350,Daniel Williams,Tesla_Tech,Telecom,LATAM,,Website,"['Opportunity', 'AutoSens_Tech_Talk', 'LinkedIn_Ad_Click', 'Whitepaper_Download_5G_Test', 'Keysight_University_Course', 'No_Conversion']",0
L005351,Ravi Lee,Qualcomm,Semiconductor,North America,5G Testbeds,,"['LinkedIn_Ad_Click', 'AutoSens_Tech_Talk', 'Oscilloscope_Selector_Tool', 'PathWave_Trial_Request', 'AutoSens_Tech_Talk', 'Technical_Demo', 'Keysight_University_Course', 'Oscilloscope_Selector_Tool', 'Loaner_Unit_Evaluation', 'No_Conversion']",0
L005352,Sofia Singh,,Telecom,,,LinkedIn,"['AutoSens_Tech_Talk', 'Application_Engineer_Call', 'Whitepaper_Download_5G_Test', 'PathWave_Trial_Request', 'Whitepaper_Download_5G_Test', 'No_Conversion']",0
L005353,Ahmed Tanaka,Sony,,,,Event,"['Technical_Demo', 'Website_Product_Page', 'Oscilloscope_Selector_Tool', 'Application_Engineer_Call', 'Customer']",1
L005354,Priya Ito,Samsu_Tech,Electronics,,Oscilloscopes,Webinar,"['Loaner_Unit_Evaluation', 'DesignCon_Booth_Visit', 'Technical_Demo', 'No_Conversion']",0
L005355,Michael Khan,Meta Connectivity Labs,,LATAM,PathWave Software,Website,['No_Conversion'],0
L005356,Laura Patel,,Electronics,,PathWave Software,Event,"['Keysight_Workshop_RF_Testing', 'Technical_Demo', 'Technical_Demo', 'Customer']",1
L005357,Sofia Khan,Infin_Tech,Aerospace,LATAM,PathWave Software,Website,"['AutoSens_Tech_Talk', 'Loaner_Unit_Evaluation', 'Website_Product_Page', 'Keysight_Workshop_RF_Testing', 'Loaner_Unit_Evaluation', 'SQL', 'Whitepaper_Download_5G_Test', 'Customer']",1
L005358,Ravi Lee,,Electronics,,PathWave Software,Website,['No_Conversion'],0
L005359,Michael Khan,Meta Connectivity Labs,,,Automotive Ethernet,Email Campaign,"['AutoSens_Tech_Talk', 'Loaner_Unit_Evaluation', 'Loaner_Unit_Evaluation', 'Loaner_Unit_Evaluation', 'Lab_Integration_Discussion', 'No_Conversion']",0
L005360,Sarah Garcia,,,,Oscilloscopes,Event,"['IMS_Badge_Scan', 'Loaner_Unit_Evaluation', 'Lab_Integration_Discussion', 'Keysight_Workshop_RF_Testing', 'IMS_Badge_Scan', 'Customer']",1
L005361,Kenji Chen,Samsung Electronics,,,,Sales Outreach,"['Opportunity', 'Keysight_University_Course', 'SQL', 'Keysight_University_Course', 'Keysight_Workshop_RF_Testing', 'SQL', 'Oscilloscope_Selector_Tool', 'No_Conversion']",0
L005362,Priya Martinez,Samsung Electronics,Semiconductor,APAC,Automotive Ethernet,,"['Technical_Demo', 'LinkedIn_Ad_Click', 'Whitepaper_Download_5G_Test', 'Customer']",1
L005363,Priya Singh,,Electronics,North America,,,"['Lab_Integration_Discussion', 'AutoSens_Tech_Talk', 'Application_Engineer_Call', 'Website_Product_Page', 'IMS_Badge_Scan', 'Application_Engineer_Call', 'Keysight_Workshop_RF_Testing', 'Customer']",1
L005364,,,Telecom,North America,5G Testbeds,Event,"['Oscilloscope_Selector_Tool', 'SQL', 'Lab_Integration_Discussion', 'Lab_Integration_Discussion', 'Opportunity', 'AutoSens_Tech_Talk', 'DesignCon_Booth_Visit', 'SQL', 'Technical_Demo', 'Customer']",1
L005365,,Samsung Electronics,Automotive,,5G Testbeds,Event,"['Lab_Integration_Discussion', 'No_Conversion']",0
L005366,Daniel Williams,Samsu_Tech,Automotive,North America,PathWave Software,Webinar,['Customer'],1
L005367,Laura Garcia,Sony,Aerospace,LATAM,,,"['IMS_Badge_Scan', 'Keysight_Workshop_RF_Testing', 'No_Conversion']",0
L005368,,Qualcomm GmbH,,APAC,PathWave Software,Email Campaign,"['SQL', 'Opportunity', 'AutoSens_Tech_Talk', 'Opportunity', 'No_Conversion']",0
L005369,Chen Williams,Bosch,Electronics,North America,,Webinar,"['LinkedIn_Ad_Click', 'Website_Product_Page', 'LinkedIn_Ad_Click', 'LinkedIn_Ad_Click', 'SQL', 'Keysight_Workshop_RF_Testing', 'Opportunity', 'Oscilloscope_Selector_Tool', 'Oscilloscope_Selector_Tool', 'Customer']",1
L005370,Maria Garcia,,Telecom,North America,PathWave Software,Sales Outreach,"['PathWave_Trial_Request', 'No_Conversion']",0
L005371,Priya Martinez,Qualcomm,Aerospace,North America,,Event,['Customer'],1
L005372,Maria Lee,,,APAC,PathWave Software,Event,"['Keysight_Workshop_RF_Testing', 'Whitepaper_Download_5G_Test', 'MQL', 'No_Conversion']",0
L005373,Hiroshi Tanaka,Qualc_Tech,Semiconductor,Europe,,Sales Outreach,"['Technical_Demo', 'No_Conversion']",0
L005374,Michael Johnson,Raytheon GmbH,Aerospace,,5G Testbeds,Sales Outreach,"['Keysight_Workshop_RF_Testing', 'IMS_Badge_Scan', 'Technical_Demo', 'Lab_Integration_Discussion', 'Customer']",1
L005375,Laura Chen,Samsu_Tech,Telecom,LATAM,PathWave Software,Webinar,"['IMS_Badge_Scan', 'Keysight_University_Course', 'MQL', 'Keysight_University_Course', 'PathWave_Trial_Request', 'SQL', 'Customer']",1
L005376,Priya Anders,Qualc_Tech,Semiconductor,APAC,Automotive Ethernet,Event,"['Keysight_Workshop_RF_Testing', 'MQL', 'PathWave_Trial_Request', 'SQL', 'Customer']",1
L005377,,Qualcomm GmbH,Aerospace,,,LinkedIn,"['SQL', 'SQL', 'Lab_Integration_Discussion', 'No_Conversion']",0
L005378,Sarah Williams,Bosch_Tech,,,Oscilloscopes,Website,"['LinkedIn_Ad_Click', 'Oscilloscope_Selector_Tool', 'Customer']",1
L005379,Ahmed Garcia,,Automotive,North America,,Email Campaign,"['Application_Engineer_Call', 'MQL', 'Website_Product_Page', 'MQL', 'Whitepaper_Download_5G_Test', 'PathWave_Trial_Request', 'No_Conversion']",0
L005380,Kenji Ito,Sony_Tech,Aerospace,,,Sales Outreach,"['Lab_Integration_Discussion', 'IMS_Badge_Scan', 'MQL', 'Whitepaper_Download_5G_Test', 'Application_Engineer_Call', 'Loaner_Unit_Evaluation', 'Lab_Integration_Discussion', 'Whitepaper_Download_5G_Test', 'Keysight_Workshop_RF_Testing', 'Customer']",1
L005381,Ravi Garcia,Sony GmbH,Aerospace,North America,,Sales Outreach,"['Technical_Demo', 'PathWave_Trial_Request', 'SQL', 'Oscilloscope_Selector_Tool', 'SQL', 'Website_Product_Page', 'Opportunity', 'Opportunity', 'Customer']",1
L005382,Ravi Johnson,Sony_Tech,Automotive,APAC,Automotive Ethernet,Event,"['IMS_Badge_Scan', 'DesignCon_Booth_Visit', 'SQL', 'Lab_Integration_Discussion', 'IMS_Badge_Scan', 'Keysight_Workshop_RF_Testing', 'Oscilloscope_Selector_Tool', 'IMS_Badge_Scan', 'LinkedIn_Ad_Click', 'Opportunity', 'No_Conversion']",0
L005383,Sarah Lee,Bosch,Electronics,APAC,5G Testbeds,Sales Outreach,"['MQL', 'Whitepaper_Download_5G_Test', 'Oscilloscope_Selector_Tool', 'Customer']",1
L005384,,Meta Connectivity Labs,Aerospace,LATAM,PathWave Software,Email Campaign,['Customer'],1
L005385,Daniel Patel,Samsung Electronics,Aerospace,LATAM,,Email Campaign,"['Opportunity', 'Customer']",1
L005386,Maria Ito,Infineon GmbH,,,,,"['Website_Product_Page', 'DesignCon_Booth_Visit', 'Keysight_University_Course', 'Technical_Demo', 'Keysight_University_Course', 'LinkedIn_Ad_Click', 'MQL', 'Opportunity', 'IMS_Badge_Scan', 'No_Conversion']",0
L005387,Michael Lee,Tesla_Tech,,North America,,Sales Outreach,"['Opportunity', 'SQL', 'Oscilloscope_Selector_Tool', 'Opportunity', 'IMS_Badge_Scan', 'Opportunity', 'PathWave_Trial_Request', 'Website_Product_Page', 'Keysight_University_Course', 'Loaner_Unit_Evaluation', 'Customer']",1
L005388,Laura Garcia,NXP Semiconductors GmbH,Telecom,Europe,5G Testbeds,LinkedIn,"['Technical_Demo', 'Keysight_University_Course', 'PathWave_Trial_Request', 'Loaner_Unit_Evaluation', 'No_Conversion']",0
L005389,Chen Anders,Broadcom GmbH,Electronics,LATAM,Oscilloscopes,Email Campaign,"['PathWave_Trial_Request', 'DesignCon_Booth_Visit', 'IMS_Badge_Scan', 'LinkedIn_Ad_Click', 'Keysight_Workshop_RF_Testing', 'Loaner_Unit_Evaluation', 'Website_Product_Page', 'PathWave_Trial_Request', 'No_Conversion']",0
L005390,Daniel Chen,,Electronics,Europe,5G Testbeds,LinkedIn,"['Keysight_University_Course', 'Application_Engineer_Call', 'MQL', 'Opportunity', 'Opportunity', 'Loaner_Unit_Evaluation', 'Technical_Demo', 'Oscilloscope_Selector_Tool', 'Keysight_Workshop_RF_Testing', 'Customer']",1
L005391,Chen Anders,Bosch,Semiconductor,,Automotive Ethernet,LinkedIn,"['LinkedIn_Ad_Click', 'IMS_Badge_Scan', 'Keysight_University_Course', 'PathWave_Trial_Request', 'SQL', 'IMS_Badge_Scan', 'Website_Product_Page', 'SQL', 'No_Conversion']",0
L005392,Michael Chen,Rayth_Tech,,North America,Oscilloscopes,Email Campaign,"['Loaner_Unit_Evaluation', 'AutoSens_Tech_Talk', 'Application_Engineer_Call', 'SQL', 'Customer']",1
L005393,Maria Martinez,NXP Semiconductors GmbH,Semiconductor,North America,PathWave Software,,"['IMS_Badge_Scan', 'Loaner_Unit_Evaluation', 'Whitepaper_Download_5G_Test', 'Website_Product_Page', 'MQL', 'Website_Product_Page', 'No_Conversion']",0
L005394,Priya Patel,Tesla Energy GmbH,,LATAM,,Website,['Customer'],1
L005395,Ahmed Martinez,Sony,,North America,PathWave Software,LinkedIn,"['Whitepaper_Download_5G_Test', 'Keysight_University_Course', 'PathWave_Trial_Request', 'No_Conversion']",0
L005396,Michael Anders,,Electronics,North America,,,"['Opportunity', 'Keysight_Workshop_RF_Testing', 'SQL', 'Oscilloscope_Selector_Tool', 'Whitepaper_Download_5G_Test', 'PathWave_Trial_Request', 'AutoSens_Tech_Talk', 'Customer']",1
L005397,Hiroshi Patel,Sony_Tech,Semiconductor,North America,,Event,"['Website_Product_Page', 'Technical_Demo', 'Customer']",1
L005398,Priya Singh,MetaC_Tech,Electronics,North America,5G Testbeds,,"['Loaner_Unit_Evaluation', 'IMS_Badge_Scan', 'IMS_Badge_Scan', 'PathWave_Trial_Request', 'Lab_Integration_Discussion', 'Customer']",1
L005399,Michael Ito,Raytheon GmbH,Electronics,North America,5G Testbeds,Webinar,"['Loaner_Unit_Evaluation', 'Application_Engineer_Call', 'Application_Engineer_Call', 'Customer']",1
L005400,,Qualcomm GmbH,Semiconductor,,Automotive Ethernet,Sales Outreach,['Customer'],1
L005401,Sofia Ito,,,North America,,Sales Outreach,"['AutoSens_Tech_Talk', 'PathWave_Trial_Request', 'Keysight_University_Course', 'Keysight_Workshop_RF_Testing', 'DesignCon_Booth_Visit', 'No_Conversion']",0
L005402,Ravi Johnson,Qualc_Tech,Automotive,APAC,5G Testbeds,Event,"['Lab_Integration_Discussion', 'Keysight_Workshop_RF_Testing', 'IMS_Badge_Scan', 'DesignCon_Booth_Visit', 'Application_Engineer_Call', 'Website_Product_Page', 'SQL', 'Customer']",1
L005403,Chen Martinez,Broadcom,,North America,5G Testbeds,,"['LinkedIn_Ad_Click', 'Loaner_Unit_Evaluation', 'AutoSens_Tech_Talk', 'IMS_Badge_Scan', 'Customer']",1
L005404,Hiroshi Patel,Infineon,Telecom,,,Sales Outreach,"['IMS_Badge_Scan', 'Opportunity', 'PathWave_Trial_Request', 'Customer']",1
L005405,Priya Patel,,Semiconductor,LATAM,Oscilloscopes,Sales Outreach,"['PathWave_Trial_Request', 'Whitepaper_Download_5G_Test', 'Oscilloscope_Selector_Tool', 'Keysight_Workshop_RF_Testing', 'AutoSens_Tech_Talk', 'MQL', 'Loaner_Unit_Evaluation', 'Customer']",1
L005406,,,Telecom,,Oscilloscopes,Event,"['Lab_Integration_Discussion', 'Whitepaper_Download_5G_Test', 'LinkedIn_Ad_Click', 'PathWave_Trial_Request', 'Keysight_University_Course', 'Website_Product_Page', 'Website_Product_Page', 'Customer']",1
L005407,Hiroshi Johnson,Broad_Tech,Semiconductor,APAC,,Email Campaign,"['Loaner_Unit_Evaluation', 'PathWave_Trial_Request', 'Lab_Integration_Discussion', 'SQL', 'AutoSens_Tech_Talk', 'Customer']",1
L005408,Chen Patel,Raytheon GmbH,Automotive,LATAM,PathWave Software,Email Campaign,"['MQL', 'LinkedIn_Ad_Click', 'Application_Engineer_Call', 'PathWave_Trial_Request', 'Technical_Demo', 'Website_Product_Page', 'Lab_Integration_Discussion', 'Whitepaper_Download_5G_Test', 'Customer']",1
L005409,Laura Khan,Tesla_Tech,Semiconductor,,,,"['Website_Product_Page', 'Technical_Demo', 'MQL', 'Website_Product_Page', 'DesignCon_Booth_Visit', 'IMS_Badge_Scan', 'Opportunity', 'MQL', 'MQL', 'No_Conversion']",0
L005410,Maria Patel,,Automotive,North America,,Website,"['Lab_Integration_Discussion', 'Keysight_University_Course', 'MQL', 'Oscilloscope_Selector_Tool', 'No_Conversion']",0
L005411,Hiroshi Johnson,Sony,,APAC,5G Testbeds,Website,['Customer'],1
L005412,Chen Patel,Sony GmbH,Semiconductor,LATAM,,Email Campaign,"['MQL', 'Keysight_Workshop_RF_Testing', 'LinkedIn_Ad_Click', 'SQL', 'Opportunity', 'IMS_Badge_Scan', 'Keysight_Workshop_RF_Testing', 'AutoSens_Tech_Talk', 'No_Conversion']",0
L005413,Sofia Singh,Rayth_Tech,,APAC,,Email Campaign,"['Oscilloscope_Selector_Tool', 'Whitepaper_Download_5G_Test', 'Website_Product_Page', 'No_Conversion']",0
L005414,Ravi Johnson,Sony_Tech,Electronics,APAC,PathWave Software,Email Campaign,"['Website_Product_Page', 'Lab_Integration_Discussion', 'SQL', 'Technical_Demo', 'LinkedIn_Ad_Click', 'MQL', 'Customer']",1
L005415,,,Aerospace,APAC,,,"['Technical_Demo', 'Whitepaper_Download_5G_Test', 'DesignCon_Booth_Visit', 'Opportunity', 'Opportunity', 'Loaner_Unit_Evaluation', 'SQL', 'Oscilloscope_Selector_Tool', 'Loaner_Unit_Evaluation', 'Keysight_University_Course', 'Customer']",1
L005416,Laura Lee,,Telecom,APAC,Automotive Ethernet,Sales Outreach,"['Keysight_Workshop_RF_Testing', 'Lab_Integration_Discussion', 'PathWave_Trial_Request', 'Customer']",1
L005417,Hiroshi Johnson,Raytheon,,Europe,,Website,"['Whitepaper_Download_5G_Test', 'Opportunity', 'AutoSens_Tech_Talk', 'AutoSens_Tech_Talk', 'AutoSens_Tech_Talk', 'Lab_Integration_Discussion', 'Lab_Integration_Discussion', 'PathWave_Trial_Request', 'DesignCon_Booth_Visit', 'No_Conversion']",0
L005418,Sofia Khan,Sony,Electronics,LATAM,,Email Campaign,"['Website_Product_Page', 'No_Conversion']",0
L005419,Maria Anders,Samsung Electronics GmbH,,North America,PathWave Software,Event,"['Whitepaper_Download_5G_Test', 'IMS_Badge_Scan', 'DesignCon_Booth_Visit', 'IMS_Badge_Scan', 'Customer']",1
L005420,Ahmed Lee,Sony GmbH,Automotive,APAC,Oscilloscopes,Webinar,"['Technical_Demo', 'MQL', 'Opportunity', 'No_Conversion']",0
L005421,Sarah Anders,Infineon,Electronics,North America,Automotive Ethernet,Webinar,"['DesignCon_Booth_Visit', 'IMS_Badge_Scan', 'IMS_Badge_Scan', 'Loaner_Unit_Evaluation', 'Opportunity', 'PathWave_Trial_Request', 'DesignCon_Booth_Visit', 'Technical_Demo', 'AutoSens_Tech_Talk', 'No_Conversion']",0
L005422,Laura Khan,Samsung Electronics GmbH,Aerospace,APAC,,Email Campaign,['No_Conversion'],0
L005423,Ravi Tanaka,Qualcomm GmbH,Semiconductor,LATAM,PathWave Software,,['Customer'],1
L005424,,Qualcomm,Aerospace,,PathWave Software,Website,"['LinkedIn_Ad_Click', 'Application_Engineer_Call', 'LinkedIn_Ad_Click', 'Technical_Demo', 'DesignCon_Booth_Visit', 'Customer']",1
L005425,,Samsu_Tech,Semiconductor,LATAM,,Event,"['Opportunity', 'IMS_Badge_Scan', 'Technical_Demo', 'Lab_Integration_Discussion', 'DesignCon_Booth_Visit', 'Whitepaper_Download_5G_Test', 'AutoSens_Tech_Talk', 'PathWave_Trial_Request', 'Keysight_Workshop_RF_Testing', 'PathWave_Trial_Request', 'Customer']",1
L005426,Maria Johnson,Sony_Tech,,North America,,Website,"['Website_Product_Page', 'Lab_Integration_Discussion', 'Lab_Integration_Discussion', 'No_Conversion']",0
L005427,Ahmed Williams,Qualcomm GmbH,Telecom,Europe,,,['No_Conversion'],0
L005428,Priya Chen,,Automotive,Europe,Automotive Ethernet,Event,"['Lab_Integration_Discussion', 'Keysight_University_Course', 'Website_Product_Page', 'DesignCon_Booth_Visit', 'PathWave_Trial_Request', 'Keysight_University_Course', 'Application_Engineer_Call', 'No_Conversion']",0
L005429,Maria Singh,Broadcom GmbH,Electronics,Europe,Automotive Ethernet,Sales Outreach,"['Loaner_Unit_Evaluation', 'Keysight_Workshop_RF_Testing', 'Loaner_Unit_Evaluation', 'Loaner_Unit_Evaluation', 'Customer']",1
L005430,Daniel Patel,Sony,Telecom,APAC,5G Testbeds,Webinar,"['Whitepaper_Download_5G_Test', 'Website_Product_Page', 'SQL', 'Whitepaper_Download_5G_Test', 'IMS_Badge_Scan', 'Opportunity', 'No_Conversion']",0
L005431,Sofia Williams,,Automotive,LATAM,PathWave Software,Event,"['Loaner_Unit_Evaluation', 'Loaner_Unit_Evaluation', 'Technical_Demo', 'Customer']",1
L005432,Sarah Tanaka,MetaC_Tech,Telecom,,,Sales Outreach,"['Website_Product_Page', 'No_Conversion']",0
L005433,,NXP Semiconductors GmbH,Electronics,LATAM,,,"['MQL', 'AutoSens_Tech_Talk', 'Technical_Demo', 'Lab_Integration_Discussion', 'Application_Engineer_Call', 'Loaner_Unit_Evaluation', 'AutoSens_Tech_Talk', 'AutoSens_Tech_Talk', 'MQL', 'Customer']",1
L005434,Kenji Johnson,Meta Connectivity Labs GmbH,Telecom,,,Webinar,"['PathWave_Trial_Request', 'No_Conversion']",0
L005435,Hiroshi Johnson,Raytheon GmbH,Electronics,Europe,,Sales Outreach,"['Technical_Demo', 'LinkedIn_Ad_Click', 'Application_Engineer_Call', 'Lab_Integration_Discussion', 'Oscilloscope_Selector_Tool', 'Website_Product_Page', 'DesignCon_Booth_Visit', 'Customer']",1
L005436,,Raytheon GmbH,Automotive,APAC,PathWave Software,Website,"['AutoSens_Tech_Talk', 'No_Conversion']",0
L005437,Maria Johnson,Tesla_Tech,Aerospace,Europe,5G Testbeds,LinkedIn,"['PathWave_Trial_Request', 'Technical_Demo', 'Lab_Integration_Discussion', 'IMS_Badge_Scan', 'PathWave_Trial_Request', 'Customer']",1
L005438,Sofia Anders,NXP Semiconductors GmbH,,North America,,Sales Outreach,"['DesignCon_Booth_Visit', 'Keysight_Workshop_RF_Testing', 'MQL', 'Website_Product_Page', 'Lab_Integration_Discussion', 'LinkedIn_Ad_Click', 'Keysight_Workshop_RF_Testing', 'Customer']",1
L005439,Chen Garcia,,Aerospace,Europe,,Webinar,"['Opportunity', 'Technical_Demo', 'Application_Engineer_Call', 'Customer']",1
L005440,Maria Johnson,,Aerospace,,5G Testbeds,,"['DesignCon_Booth_Visit', 'Technical_Demo', 'Application_Engineer_Call', 'PathWave_Trial_Request', 'Website_Product_Page', 'Application_Engineer_Call', 'AutoSens_Tech_Talk', 'DesignCon_Booth_Visit', 'Application_Engineer_Call', 'No_Conversion']",0
L005441,Kenji Patel,Broad_Tech,Automotive,Europe,5G Testbeds,Website,"['Keysight_University_Course', 'IMS_Badge_Scan', 'Website_Product_Page', 'DesignCon_Booth_Visit', 'Website_Product_Page', 'Keysight_University_Course', 'Technical_Demo', 'Customer']",1
L005442,Michael Johnson,Qualc_Tech,Electronics,LATAM,,Sales Outreach,"['Keysight_University_Course', 'Customer']",1
L005443,Hiroshi Williams,Qualc_Tech,Automotive,North America,,Event,"['Opportunity', 'DesignCon_Booth_Visit', 'No_Conversion']",0
L005444,Priya Johnson,Meta Connectivity Labs GmbH,,Europe,,Website,"['AutoSens_Tech_Talk', 'Oscilloscope_Selector_Tool', 'Lab_Integration_Discussion', 'PathWave_Trial_Request', 'MQL', 'Technical_Demo', 'Keysight_Workshop_RF_Testing', 'DesignCon_Booth_Visit', 'Keysight_University_Course', 'Customer']",1
L005445,Priya Khan,Tesla Energy,Automotive,Europe,Automotive Ethernet,Webinar,['Customer'],1
L005446,Daniel Lee,,,LATAM,5G Testbeds,,"['Opportunity', 'Keysight_Workshop_RF_Testing', 'Application_Engineer_Call', 'Customer']",1
L005447,,Infin_Tech,,APAC,,Sales Outreach,"['SQL', 'PathWave_Trial_Request', 'Keysight_University_Course', 'MQL', 'No_Conversion']",0
L005448,Daniel Ito,Bosch_Tech,,North America,Oscilloscopes,Sales Outreach,"['PathWave_Trial_Request', 'Keysight_University_Course', 'Loaner_Unit_Evaluation', 'PathWave_Trial_Request', 'PathWave_Trial_Request', 'Customer']",1
L005449,Laura Singh,Tesla Energy GmbH,Electronics,,Automotive Ethernet,,"['Lab_Integration_Discussion', 'Keysight_Workshop_RF_Testing', 'PathWave_Trial_Request', 'No_Conversion']",0
L005450,Daniel Khan,Bosch_Tech,Automotive,Europe,Oscilloscopes,,['Customer'],1
L005451,Priya Johnson,,,LATAM,5G Testbeds,Email Campaign,"['PathWave_Trial_Request', 'Oscilloscope_Selector_Tool', 'Application_Engineer_Call', 'Website_Product_Page', 'No_Conversion']",0
L005452,,Meta Connectivity Labs GmbH,Electronics,North America,Oscilloscopes,Webinar,"['Application_Engineer_Call', 'Technical_Demo', 'Customer']",1
L005453,Daniel Tanaka,Sony GmbH,Semiconductor,,,LinkedIn,"['PathWave_Trial_Request', 'Oscilloscope_Selector_Tool', 'Loaner_Unit_Evaluation', 'IMS_Badge_Scan', 'Customer']",1
L005454,Sarah Ito,Raytheon GmbH,,APAC,Automotive Ethernet,LinkedIn,"['AutoSens_Tech_Talk', 'Keysight_University_Course', 'Customer']",1
L005455,Priya Chen,Infineon GmbH,Aerospace,Europe,Oscilloscopes,,"['Technical_Demo', 'Keysight_Workshop_RF_Testing', 'Loaner_Unit_Evaluation', 'Lab_Integration_Discussion', 'Website_Product_Page', 'AutoSens_Tech_Talk', 'No_Conversion']",0
L005456,Ravi Martinez,Broadcom GmbH,Telecom,Europe,,,"['Oscilloscope_Selector_Tool', 'Oscilloscope_Selector_Tool', 'Customer']",1
L005457,Hiroshi Chen,,,LATAM,,Sales Outreach,"['Application_Engineer_Call', 'LinkedIn_Ad_Click', 'AutoSens_Tech_Talk', 'SQL', 'Application_Engineer_Call', 'No_Conversion']",0
L005458,Maria Chen,,Automotive,North America,5G Testbeds,Sales Outreach,"['Opportunity', 'Application_Engineer_Call', 'Website_Product_Page', 'Keysight_Workshop_RF_Testing', 'Customer']",1
L005459,Maria Chen,,Telecom,,PathWave Software,Sales Outreach,"['IMS_Badge_Scan', 'Loaner_Unit_Evaluation', 'Oscilloscope_Selector_Tool', 'Technical_Demo', 'Lab_Integration_Discussion', 'Customer']",1
L005460,Hiroshi Ito,,,Europe,Oscilloscopes,Sales Outreach,['Customer'],1
L005461,,Broadcom,Automotive,North America,5G Testbeds,Sales Outreach,"['PathWave_Trial_Request', 'No_Conversion']",0
L005462,Michael Lee,Broadcom,Telecom,Europe,,Email Campaign,"['Keysight_Workshop_RF_Testing', 'AutoSens_Tech_Talk', 'Loaner_Unit_Evaluation', 'IMS_Badge_Scan', 'Customer']",1
L005463,Sofia Martinez,,Aerospace,LATAM,5G Testbeds,Sales Outreach,"['LinkedIn_Ad_Click', 'SQL', 'IMS_Badge_Scan', 'AutoSens_Tech_Talk', 'IMS_Badge_Scan', 'Keysight_Workshop_RF_Testing', 'Opportunity', 'LinkedIn_Ad_Click', 'Whitepaper_Download_5G_Test', 'Customer']",1
L005464,Laura Patel,,Aerospace,,Oscilloscopes,Webinar,"['IMS_Badge_Scan', 'Technical_Demo', 'Oscilloscope_Selector_Tool', 'Opportunity', 'SQL', 'Customer']",1
L005465,Michael Williams,Sony_Tech,Semiconductor,Europe,5G Testbeds,Sales Outreach,"['Loaner_Unit_Evaluation', 'AutoSens_Tech_Talk', 'Oscilloscope_Selector_Tool', 'AutoSens_Tech_Talk', 'PathWave_Trial_Request', 'No_Conversion']",0
L005466,Daniel Patel,,Telecom,Europe,PathWave Software,Email Campaign,"['MQL', 'Customer']",1
L005467,Kenji Martinez,NXP Semiconductors,,North America,,Event,['Customer'],1
L005468,Ahmed Lee,,Telecom,Europe,,Website,['No_Conversion'],0
L005469,Daniel Patel,MetaC_Tech,,Europe,,Email Campaign,['Customer'],1
L005470,Maria Khan,,Electronics,North America,Oscilloscopes,Email Campaign,"['Application_Engineer_Call', 'SQL', 'SQL', 'Application_Engineer_Call', 'Keysight_University_Course', 'Keysight_University_Course', 'Lab_Integration_Discussion', 'Oscilloscope_Selector_Tool', 'Oscilloscope_Selector_Tool', 'Oscilloscope_Selector_Tool', 'No_Conversion']",0
L005471,Ravi Tanaka,Meta Connectivity Labs,Automotive,,Oscilloscopes,Webinar,['No_Conversion'],0
L005472,,Broad_Tech,Semiconductor,Europe,,Email Campaign,['Customer'],1
L005473,Daniel Garcia,,Semiconductor,,Automotive Ethernet,Email Campaign,"['IMS_Badge_Scan', 'No_Conversion']",0
L005474,Daniel Ito,NXPSe_Tech,Aerospace,APAC,Oscilloscopes,Website,"['PathWave_Trial_Request', 'SQL', 'Technical_Demo', 'IMS_Badge_Scan', 'Lab_Integration_Discussion', 'Customer']",1
L005475,,Bosch GmbH,,APAC,PathWave Software,Email Campaign,"['Keysight_Workshop_RF_Testing', 'Opportunity', 'LinkedIn_Ad_Click', 'DesignCon_Booth_Visit', 'Keysight_University_Course', 'AutoSens_Tech_Talk', 'Technical_Demo', 'Application_Engineer_Call', 'SQL', 'Technical_Demo', 'No_Conversion']",0
L005476,Maria Patel,Tesla_Tech,,,PathWave Software,Email Campaign,['Customer'],1
L005477,Daniel Johnson,Meta Connectivity Labs GmbH,,Europe,,,"['IMS_Badge_Scan', 'IMS_Badge_Scan', 'No_Conversion']",0
L005478,,Raytheon,Telecom,APAC,,Webinar,"['SQL', 'PathWave_Trial_Request', 'Lab_Integration_Discussion', 'Customer']",1
L005479,Daniel Johnson,Qualcomm,Aerospace,Europe,,LinkedIn,"['Loaner_Unit_Evaluation', 'MQL', 'No_Conversion']",0
L005480,Chen Patel,,Automotive,APAC,,Website,"['DesignCon_Booth_Visit', 'MQL', 'Loaner_Unit_Evaluation', 'Lab_Integration_Discussion', 'Customer']",1
L005481,Sofia Garcia,,Telecom,LATAM,Oscilloscopes,Website,"['MQL', 'MQL', 'Whitepaper_Download_5G_Test', 'LinkedIn_Ad_Click', 'SQL', 'AutoSens_Tech_Talk', 'Website_Product_Page', 'AutoSens_Tech_Talk', 'Whitepaper_Download_5G_Test', 'No_Conversion']",0
L005482,,Raytheon,Telecom,LATAM,,LinkedIn,"['AutoSens_Tech_Talk', 'Website_Product_Page', 'AutoSens_Tech_Talk', 'No_Conversion']",0
L005483,Chen Chen,MetaC_Tech,Electronics,LATAM,,Email Campaign,"['Oscilloscope_Selector_Tool', 'PathWave_Trial_Request', 'IMS_Badge_Scan', 'Opportunity', 'SQL', 'Website_Product_Page', 'No_Conversion']",0
L005484,,Meta Connectivity Labs GmbH,Automotive,North America,,Sales Outreach,"['Whitepaper_Download_5G_Test', 'Keysight_University_Course', 'Oscilloscope_Selector_Tool', 'SQL', 'DesignCon_Booth_Visit', 'Website_Product_Page', 'Keysight_Workshop_RF_Testing', 'IMS_Badge_Scan', 'Oscilloscope_Selector_Tool', 'PathWave_Trial_Request', 'Customer']",1
L005485,Ahmed Khan,,Telecom,Europe,,Email Campaign,"['Oscilloscope_Selector_Tool', 'Keysight_Workshop_RF_Testing', 'Website_Product_Page', 'AutoSens_Tech_Talk', 'Application_Engineer_Call', 'Technical_Demo', 'Customer']",1
L005486,Priya Williams,Infin_Tech,Semiconductor,LATAM,PathWave Software,Event,"['Application_Engineer_Call', 'Opportunity', 'Website_Product_Page', 'Oscilloscope_Selector_Tool', 'Opportunity', 'SQL', 'AutoSens_Tech_Talk', 'Loaner_Unit_Evaluation', 'IMS_Badge_Scan', 'Website_Product_Page', 'No_Conversion']",0
L005487,Daniel Ito,,Electronics,,Oscilloscopes,Webinar,"['SQL', 'DesignCon_Booth_Visit', 'Oscilloscope_Selector_Tool', 'Keysight_Workshop_RF_Testing', 'IMS_Badge_Scan', 'SQL', 'Customer']",1
L005488,Hiroshi Johnson,Bosch,Semiconductor,APAC,5G Testbeds,Sales Outreach,"['IMS_Badge_Scan', 'Keysight_University_Course', 'Keysight_University_Course', 'Keysight_University_Course', 'Oscilloscope_Selector_Tool', 'Oscilloscope_Selector_Tool', 'No_Conversion']",0
L005489,Ahmed Johnson,Meta Connectivity Labs GmbH,,LATAM,,Website,"['PathWave_Trial_Request', 'Whitepaper_Download_5G_Test', 'IMS_Badge_Scan', 'Whitepaper_Download_5G_Test', 'Application_Engineer_Call', 'LinkedIn_Ad_Click', 'PathWave_Trial_Request', 'IMS_Badge_Scan', 'Loaner_Unit_Evaluation', 'Customer']",1
L005490,Maria Lee,,Aerospace,,,,"['Lab_Integration_Discussion', 'Whitepaper_Download_5G_Test', 'DesignCon_Booth_Visit', 'No_Conversion']",0
L005491,,Sony GmbH,Telecom,,,LinkedIn,"['Keysight_University_Course', 'AutoSens_Tech_Talk', 'IMS_Badge_Scan', 'MQL', 'Keysight_Workshop_RF_Testing', 'No_Conversion']",0
L005492,Chen Lee,NXP Semiconductors GmbH,Aerospace,North America,Oscilloscopes,Webinar,"['Website_Product_Page', 'MQL', 'IMS_Badge_Scan', 'Customer']",1
L005493,Sofia Singh,Infin_Tech,Semiconductor,North America,,Sales Outreach,"['Technical_Demo', 'Opportunity', 'Lab_Integration_Discussion', 'Whitepaper_Download_5G_Test', 'AutoSens_Tech_Talk', 'PathWave_Trial_Request', 'Customer']",1
L005494,Ravi Ito,Qualc_Tech,,APAC,Automotive Ethernet,Website,['No_Conversion'],0
L005495,Hiroshi Anders,Broadcom,Aerospace,North America,5G Testbeds,Webinar,"['SQL', 'Keysight_University_Course', 'Whitepaper_Download_5G_Test', 'PathWave_Trial_Request', 'No_Conversion']",0
L005496,Kenji Patel,,,,,Website,"['SQL', 'MQL', 'No_Conversion']",0
L005497,Chen Garcia,Sony GmbH,Aerospace,,,Sales Outreach,"['AutoSens_Tech_Talk', 'SQL', 'Loaner_Unit_Evaluation', 'Whitepaper_Download_5G_Test', 'Oscilloscope_Selector_Tool', 'Customer']",1
L005498,Sarah Patel,Samsu_Tech,Aerospace,,,,['No_Conversion'],0
L005499,Chen Patel,Bosch GmbH,,LATAM,,Webinar,"['Keysight_University_Course', 'Customer']",1
L005500,Chen Martinez,Rayth_Tech,Aerospace,Europe,Oscilloscopes,Event,"['Loaner_Unit_Evaluation', 'DesignCon_Booth_Visit', 'Keysight_Workshop_RF_Testing', 'Website_Product_Page', 'LinkedIn_Ad_Click', 'IMS_Badge_Scan', 'No_Conversion']",0
L005501,,Tesla Energy,,LATAM,5G Testbeds,Sales Outreach,"['Lab_Integration_Discussion', 'LinkedIn_Ad_Click', 'Customer']",1
L005502,Ravi Lee,Samsung Electronics,Automotive,LATAM,,Website,['No_Conversion'],0
L005503,Laura Chen,,Semiconductor,LATAM,5G Testbeds,Email Campaign,"['Website_Product_Page', 'Lab_Integration_Discussion', 'Lab_Integration_Discussion', 'IMS_Badge_Scan', 'Loaner_Unit_Evaluation', 'Website_Product_Page', 'No_Conversion']",0
L005504,Hiroshi Lee,Meta Connectivity Labs GmbH,Automotive,,Oscilloscopes,Website,"['Oscilloscope_Selector_Tool', 'No_Conversion']",0
L005505,Daniel Singh,,Telecom,APAC,Oscilloscopes,Event,"['Oscilloscope_Selector_Tool', 'Customer']",1
L005506,Ahmed Martinez,Qualc_Tech,Electronics,North America,,Event,"['Loaner_Unit_Evaluation', 'Loaner_Unit_Evaluation', 'Opportunity', 'No_Conversion']",0
L005507,Hiroshi Williams,Infineon,,Europe,Oscilloscopes,Sales Outreach,"['Loaner_Unit_Evaluation', 'Loaner_Unit_Evaluation', 'Oscilloscope_Selector_Tool', 'Application_Engineer_Call', 'Whitepaper_Download_5G_Test', 'SQL', 'Keysight_University_Course', 'No_Conversion']",0
L005508,Maria Singh,Rayth_Tech,Aerospace,Europe,,Email Campaign,"['Whitepaper_Download_5G_Test', 'Keysight_University_Course', 'Lab_Integration_Discussion', 'Oscilloscope_Selector_Tool', 'Lab_Integration_Discussion', 'Lab_Integration_Discussion', 'Keysight_Workshop_RF_Testing', 'Lab_Integration_Discussion', 'MQL', 'Customer']",1
L005509,Daniel Chen,Sony_Tech,Telecom,APAC,,Webinar,"['AutoSens_Tech_Talk', 'Loaner_Unit_Evaluation', 'SQL', 'SQL', 'Loaner_Unit_Evaluation', 'Whitepaper_Download_5G_Test', 'IMS_Badge_Scan', 'Loaner_Unit_Evaluation', 'SQL', 'Application_Engineer_Call', 'Customer']",1
L005510,Priya Tanaka,Broadcom GmbH,Telecom,,,Webinar,"['MQL', 'Whitepaper_Download_5G_Test', 'Opportunity', 'Oscilloscope_Selector_Tool', 'SQL', 'No_Conversion']",0
L005511,Priya Lee,,Electronics,APAC,Automotive Ethernet,Email Campaign,"['IMS_Badge_Scan', 'Website_Product_Page', 'Loaner_Unit_Evaluation', 'Customer']",1
L005512,Maria Lee,MetaC_Tech,Automotive,APAC,,Website,"['Website_Product_Page', 'LinkedIn_Ad_Click', 'LinkedIn_Ad_Click', 'Customer']",1
L005513,Michael Williams,Bosch GmbH,Aerospace,,,Event,"['Opportunity', 'Whitepaper_Download_5G_Test', 'DesignCon_Booth_Visit', 'Loaner_Unit_Evaluation', 'Customer']",1
L005514,Laura Tanaka,Infineon,,,,Webinar,"['Opportunity', 'Whitepaper_Download_5G_Test', 'DesignCon_Booth_Visit', 'Whitepaper_Download_5G_Test', 'MQL', 'No_Conversion']",0
L005515,Kenji Khan,Qualc_Tech,Aerospace,,,Webinar,"['Opportunity', 'No_Conversion']",0
L005516,Michael Patel,,Automotive,LATAM,5G Testbeds,Sales Outreach,"['SQL', 'AutoSens_Tech_Talk', 'LinkedIn_Ad_Click', 'Technical_Demo', 'Opportunity', 'PathWave_Trial_Request', 'Technical_Demo', 'Customer']",1
L005517,Sofia Anders,Meta Connectivity Labs GmbH,Electronics,Europe,,Webinar,"['Loaner_Unit_Evaluation', 'No_Conversion']",0
L005518,Chen Anders,Raytheon,,Europe,,Event,"['LinkedIn_Ad_Click', 'Keysight_Workshop_RF_Testing', 'LinkedIn_Ad_Click', 'Loaner_Unit_Evaluation', 'IMS_Badge_Scan', 'Opportunity', 'No_Conversion']",0
L005519,Daniel Williams,Tesla Energy GmbH,Aerospace,,PathWave Software,Event,"['Loaner_Unit_Evaluation', 'No_Conversion']",0
L005520,Maria Johnson,Sony_Tech,,Europe,PathWave Software,,"['PathWave_Trial_Request', 'SQL', 'SQL', 'LinkedIn_Ad_Click', 'Oscilloscope_Selector_Tool', 'Loaner_Unit_Evaluation', 'Customer']",1
L005521,Ahmed Patel,Broadcom GmbH,Aerospace,LATAM,Automotive Ethernet,Event,"['Whitepaper_Download_5G_Test', 'Whitepaper_Download_5G_Test', 'No_Conversion']",0
L005522,Michael Martinez,Raytheon GmbH,Automotive,,PathWave Software,,"['IMS_Badge_Scan', 'Whitepaper_Download_5G_Test', 'PathWave_Trial_Request', 'Oscilloscope_Selector_Tool', 'Application_Engineer_Call', 'No_Conversion']",0
L005523,Laura Williams,Infineon,Aerospace,North America,,Event,"['Website_Product_Page', 'Website_Product_Page', 'Loaner_Unit_Evaluation', 'Website_Product_Page', 'IMS_Badge_Scan', 'Technical_Demo', 'Customer']",1
L005524,Ahmed Williams,,,North America,5G Testbeds,Sales Outreach,"['AutoSens_Tech_Talk', 'SQL', 'Technical_Demo', 'Keysight_Workshop_RF_Testing', 'Oscilloscope_Selector_Tool', 'SQL', 'IMS_Badge_Scan', 'No_Conversion']",0
L005525,Daniel Lee,Sony GmbH,,APAC,,Website,"['Oscilloscope_Selector_Tool', 'MQL', 'Keysight_University_Course', 'Application_Engineer_Call', 'No_Conversion']",0
L005526,Michael Chen,Infin_Tech,Aerospace,APAC,,Email Campaign,"['DesignCon_Booth_Visit', 'IMS_Badge_Scan', 'Application_Engineer_Call', 'Whitepaper_Download_5G_Test', 'Opportunity', 'Loaner_Unit_Evaluation', 'DesignCon_Booth_Visit', 'Customer']",1
L005527,Ahmed Johnson,,,Europe,,Sales Outreach,"['IMS_Badge_Scan', 'No_Conversion']",0
L005528,Maria Johnson,,Electronics,Europe,Oscilloscopes,LinkedIn,"['MQL', 'Technical_Demo', 'Lab_Integration_Discussion', 'Customer']",1
L005529,Priya Garcia,NXPSe_Tech,Semiconductor,LATAM,,Event,"['Oscilloscope_Selector_Tool', 'Oscilloscope_Selector_Tool', 'Lab_Integration_Discussion', 'Application_Engineer_Call', 'Technical_Demo', 'Website_Product_Page', 'Opportunity', 'No_Conversion']",0
L005530,Daniel Khan,,Aerospace,Europe,Automotive Ethernet,Webinar,"['AutoSens_Tech_Talk', 'No_Conversion']",0
L005531,Hiroshi Lee,Bosch_Tech,Telecom,APAC,,Webinar,"['PathWave_Trial_Request', 'AutoSens_Tech_Talk', 'LinkedIn_Ad_Click', 'No_Conversion']",0
L005532,Sarah Khan,,Electronics,Europe,,Website,"['Keysight_Workshop_RF_Testing', 'Lab_Integration_Discussion', 'DesignCon_Booth_Visit', 'Application_Engineer_Call', 'LinkedIn_Ad_Click', 'Customer']",1
L005533,Kenji Anders,Bosch GmbH,Telecom,North America,Oscilloscopes,LinkedIn,"['DesignCon_Booth_Visit', 'Keysight_Workshop_RF_Testing', 'Website_Product_Page', 'No_Conversion']",0
L005534,,Tesla Energy,Electronics,APAC,PathWave Software,Sales Outreach,"['Keysight_Workshop_RF_Testing', 'MQL', 'SQL', 'Oscilloscope_Selector_Tool', 'DesignCon_Booth_Visit', 'PathWave_Trial_Request', 'No_Conversion']",0
L005535,Ahmed Garcia,Meta Connectivity Labs,Telecom,APAC,PathWave Software,Webinar,"['Loaner_Unit_Evaluation', 'PathWave_Trial_Request', 'Opportunity', 'SQL', 'Keysight_Workshop_RF_Testing', 'Loaner_Unit_Evaluation', 'IMS_Badge_Scan', 'LinkedIn_Ad_Click', 'Whitepaper_Download_5G_Test', 'No_Conversion']",0
L005536,,Bosch GmbH,Electronics,North America,,Event,"['IMS_Badge_Scan', 'Lab_Integration_Discussion', 'MQL', 'AutoSens_Tech_Talk', 'Customer']",1
L005537,,Qualcomm GmbH,Telecom,Europe,,Email Campaign,"['Loaner_Unit_Evaluation', 'IMS_Badge_Scan', 'Application_Engineer_Call', 'DesignCon_Booth_Visit', 'AutoSens_Tech_Talk', 'Technical_Demo', 'PathWave_Trial_Request', 'Website_Product_Page', 'Oscilloscope_Selector_Tool', 'Customer']",1
L005538,Sofia Lee,,Telecom,,PathWave Software,Sales Outreach,"['Website_Product_Page', 'Keysight_Workshop_RF_Testing', 'LinkedIn_Ad_Click', 'Oscilloscope_Selector_Tool', 'MQL', 'No_Conversion']",0
L005539,Laura Anders,Bosch,Telecom,,PathWave Software,Sales Outreach,"['Oscilloscope_Selector_Tool', 'Loaner_Unit_Evaluation', 'PathWave_Trial_Request', 'Opportunity', 'Oscilloscope_Selector_Tool', 'Opportunity', 'LinkedIn_Ad_Click', 'No_Conversion']",0
L005540,,Infineon GmbH,Semiconductor,LATAM,,,"['Opportunity', 'Keysight_Workshop_RF_Testing', 'Technical_Demo', 'Opportunity', 'Technical_Demo', 'Keysight_Workshop_RF_Testing', 'No_Conversion']",0
L005541,Daniel Johnson,Meta Connectivity Labs GmbH,Aerospace,,Oscilloscopes,Webinar,"['Loaner_Unit_Evaluation', 'Opportunity', 'Lab_Integration_Discussion', 'IMS_Badge_Scan', 'Loaner_Unit_Evaluation', 'Loaner_Unit_Evaluation', 'DesignCon_Booth_Visit', 'Lab_Integration_Discussion', 'PathWave_Trial_Request', 'Technical_Demo', 'No_Conversion']",0
L005542,Hiroshi Williams,Infin_Tech,Aerospace,Europe,,Website,"['Oscilloscope_Selector_Tool', 'Keysight_University_Course', 'Keysight_Workshop_RF_Testing', 'Application_Engineer_Call', 'IMS_Badge_Scan', 'Application_Engineer_Call', 'PathWave_Trial_Request', 'SQL', 'Technical_Demo', 'Lab_Integration_Discussion', 'Customer']",1
L005543,,,Automotive,North America,Automotive Ethernet,LinkedIn,"['Loaner_Unit_Evaluation', 'Oscilloscope_Selector_Tool', 'Lab_Integration_Discussion', 'AutoSens_Tech_Talk', 'Lab_Integration_Discussion', 'Whitepaper_Download_5G_Test', 'Application_Engineer_Call', 'Opportunity', 'Keysight_University_Course', 'AutoSens_Tech_Talk', 'Customer']",1
L005544,Hiroshi Chen,,,North America,Oscilloscopes,Webinar,"['PathWave_Trial_Request', 'Lab_Integration_Discussion', 'Oscilloscope_Selector_Tool', 'Technical_Demo', 'Technical_Demo', 'Oscilloscope_Selector_Tool', 'PathWave_Trial_Request', 'Customer']",1
L005545,Chen Tanaka,Broad_Tech,,APAC,Automotive Ethernet,LinkedIn,['Customer'],1
L005546,Ravi Garcia,,Automotive,,,LinkedIn,"['Keysight_Workshop_RF_Testing', 'Keysight_Workshop_RF_Testing', 'Application_Engineer_Call', 'No_Conversion']",0
L005547,Sarah Khan,,Automotive,LATAM,PathWave Software,,"['Oscilloscope_Selector_Tool', 'Oscilloscope_Selector_Tool', 'Loaner_Unit_Evaluation', 'LinkedIn_Ad_Click', 'Customer']",1
L005548,Sofia Singh,,Automotive,North America,Automotive Ethernet,Sales Outreach,"['Website_Product_Page', 'Keysight_Workshop_RF_Testing', 'Whitepaper_Download_5G_Test', 'PathWave_Trial_Request', 'Whitepaper_Download_5G_Test', 'Customer']",1
L005549,Kenji Anders,,,APAC,PathWave Software,,"['IMS_Badge_Scan', 'DesignCon_Booth_Visit', 'Keysight_University_Course', 'Loaner_Unit_Evaluation', 'Lab_Integration_Discussion', 'Customer']",1
L005550,Ravi Chen,Tesla_Tech,,,Oscilloscopes,Website,"['SQL', 'MQL', 'LinkedIn_Ad_Click', 'Application_Engineer_Call', 'LinkedIn_Ad_Click', 'AutoSens_Tech_Talk', 'No_Conversion']",0
L005551,Sofia Garcia,Infin_Tech,Automotive,Europe,,Event,['Customer'],1
L005552,Kenji Chen,Qualc_Tech,,LATAM,PathWave Software,Sales Outreach,"['Lab_Integration_Discussion', 'Oscilloscope_Selector_Tool', 'No_Conversion']",0
L005553,Hiroshi Garcia,,Electronics,LATAM,Automotive Ethernet,Sales Outreach,"['Keysight_University_Course', 'Keysight_Workshop_RF_Testing', 'SQL', 'Website_Product_Page', 'Lab_Integration_Discussion', 'SQL', 'Application_Engineer_Call', 'Website_Product_Page', 'Customer']",1
L005554,Daniel Garcia,Meta Connectivity Labs GmbH,Aerospace,,Automotive Ethernet,Email Campaign,"['Keysight_University_Course', 'Application_Engineer_Call', 'Opportunity', 'Loaner_Unit_Evaluation', 'IMS_Badge_Scan', 'Customer']",1
L005555,Priya Singh,NXP Semiconductors,,,Oscilloscopes,,"['Technical_Demo', 'PathWave_Trial_Request', 'SQL', 'Oscilloscope_Selector_Tool', 'No_Conversion']",0
L005556,Daniel Martinez,Samsung Electronics GmbH,Semiconductor,Europe,5G Testbeds,LinkedIn,"['LinkedIn_Ad_Click', 'Technical_Demo', 'DesignCon_Booth_Visit', 'Application_Engineer_Call', 'Keysight_University_Course', 'Customer']",1
L005557,Laura Martinez,Broadcom,Semiconductor,North America,Oscilloscopes,Sales Outreach,"['Keysight_University_Course', 'Opportunity', 'Technical_Demo', 'Customer']",1
L005558,Sofia Singh,Rayth_Tech,Electronics,Europe,5G Testbeds,LinkedIn,"['Loaner_Unit_Evaluation', 'Loaner_Unit_Evaluation', 'IMS_Badge_Scan', 'Lab_Integration_Discussion', 'PathWave_Trial_Request', 'Website_Product_Page', 'Application_Engineer_Call', 'Loaner_Unit_Evaluation', 'Lab_Integration_Discussion', 'MQL', 'No_Conversion']",0
L005559,Maria Ito,,Telecom,LATAM,,Sales Outreach,"['Oscilloscope_Selector_Tool', 'AutoSens_Tech_Talk', 'SQL', 'Customer']",1
L005560,Kenji Tanaka,,Semiconductor,LATAM,PathWave Software,Email Campaign,"['Opportunity', 'Website_Product_Page', 'Customer']",1
L005561,,Qualc_Tech,Telecom,,,Email Campaign,"['SQL', 'Technical_Demo', 'Lab_Integration_Discussion', 'No_Conversion']",0
L005562,Ravi Ito,Tesla Energy,Electronics,LATAM,,Sales Outreach,"['SQL', 'DesignCon_Booth_Visit', 'Opportunity', 'Loaner_Unit_Evaluation', 'Customer']",1
L005563,Maria Singh,Infin_Tech,Electronics,LATAM,,Event,"['Whitepaper_Download_5G_Test', 'MQL', 'DesignCon_Booth_Visit', 'Lab_Integration_Discussion', 'LinkedIn_Ad_Click', 'No_Conversion']",0
L005564,,Tesla Energy GmbH,Semiconductor,,,,"['Whitepaper_Download_5G_Test', 'Oscilloscope_Selector_Tool', 'Keysight_Workshop_RF_Testing', 'MQL', 'No_Conversion']",0
L005565,Ravi Garcia,Rayth_Tech,Electronics,,,Website,['Customer'],1
L005566,Maria Singh,Samsung Electronics,Aerospace,North America,,Sales Outreach,"['IMS_Badge_Scan', 'No_Conversion']",0
L005567,Maria Khan,Infineon GmbH,Telecom,,PathWave Software,,"['Website_Product_Page', 'Technical_Demo', 'Opportunity', 'Application_Engineer_Call', 'Oscilloscope_Selector_Tool', 'PathWave_Trial_Request', 'PathWave_Trial_Request', 'Whitepaper_Download_5G_Test', 'No_Conversion']",0
L005568,Kenji Tanaka,Bosch_Tech,Electronics,APAC,,,"['Technical_Demo', 'Whitepaper_Download_5G_Test', 'Keysight_University_Course', 'MQL', 'Keysight_Workshop_RF_Testing', 'No_Conversion']",0
L005569,Maria Williams,,Electronics,LATAM,,Sales Outreach,"['Keysight_Workshop_RF_Testing', 'SQL', 'Keysight_University_Course', 'Opportunity', 'Keysight_University_Course', 'Keysight_Workshop_RF_Testing', 'LinkedIn_Ad_Click', 'Customer']",1
L005570,Kenji Johnson,Raytheon GmbH,Semiconductor,North America,Oscilloscopes,LinkedIn,"['PathWave_Trial_Request', 'Website_Product_Page', 'No_Conversion']",0
L005571,Hiroshi Chen,,Telecom,Europe,5G Testbeds,Webinar,"['Keysight_Workshop_RF_Testing', 'Lab_Integration_Discussion', 'Lab_Integration_Discussion', 'Keysight_Workshop_RF_Testing', 'IMS_Badge_Scan', 'Customer']",1
L005572,Kenji Patel,Bosch,Aerospace,LATAM,,,"['Oscilloscope_Selector_Tool', 'Website_Product_Page', 'MQL', 'Keysight_Workshop_RF_Testing', 'SQL', 'No_Conversion']",0
L005573,Daniel Singh,,Electronics,Europe,PathWave Software,LinkedIn,"['AutoSens_Tech_Talk', 'PathWave_Trial_Request', 'Technical_Demo', 'Keysight_Workshop_RF_Testing', 'Customer']",1
L005574,Laura Lee,Samsu_Tech,Automotive,LATAM,Automotive Ethernet,LinkedIn,['Customer'],1
L005575,,,Telecom,North America,,Email Campaign,"['Whitepaper_Download_5G_Test', 'Website_Product_Page', 'Loaner_Unit_Evaluation', 'Customer']",1
L005576,Priya Singh,Samsu_Tech,Semiconductor,,Oscilloscopes,Sales Outreach,['No_Conversion'],0
L005577,Sarah Garcia,,,,,Sales Outreach,"['Keysight_University_Course', 'LinkedIn_Ad_Click', 'LinkedIn_Ad_Click', 'MQL', 'Customer']",1
L005578,Maria Chen,,,,Oscilloscopes,Website,"['SQL', 'Keysight_Workshop_RF_Testing', 'Application_Engineer_Call', 'LinkedIn_Ad_Click', 'Customer']",1
L005579,Sarah Chen,Rayth_Tech,,North America,Oscilloscopes,LinkedIn,"['LinkedIn_Ad_Click', 'Loaner_Unit_Evaluation', 'DesignCon_Booth_Visit', 'Loaner_Unit_Evaluation', 'Oscilloscope_Selector_Tool', 'Keysight_Workshop_RF_Testing', 'Oscilloscope_Selector_Tool', 'Keysight_Workshop_RF_Testing', 'Customer']",1
L005580,Sarah Williams,Sony,Aerospace,APAC,,Website,"['PathWave_Trial_Request', 'PathWave_Trial_Request', 'SQL', 'Opportunity', 'SQL', 'Loaner_Unit_Evaluation', 'No_Conversion']",0
L005581,Hiroshi Martinez,Infineon,Aerospace,APAC,PathWave Software,Event,"['DesignCon_Booth_Visit', 'Opportunity', 'Whitepaper_Download_5G_Test', 'Whitepaper_Download_5G_Test', 'Website_Product_Page', 'Oscilloscope_Selector_Tool', 'Loaner_Unit_Evaluation', 'Customer']",1
L005582,Michael Garcia,Broadcom GmbH,Aerospace,Europe,Automotive Ethernet,LinkedIn,['Customer'],1
L005583,Hiroshi Williams,Infineon GmbH,Automotive,Europe,Automotive Ethernet,Website,"['Whitepaper_Download_5G_Test', 'Website_Product_Page', 'Application_Engineer_Call', 'DesignCon_Booth_Visit', 'MQL', 'Keysight_Workshop_RF_Testing', 'Keysight_University_Course', 'Technical_Demo', 'No_Conversion']",0
L005584,Sofia Lee,Tesla_Tech,Automotive,Europe,,Email Campaign,"['SQL', 'Opportunity', 'Customer']",1
L005585,Maria Ito,Rayth_Tech,Electronics,LATAM,Oscilloscopes,Webinar,"['DesignCon_Booth_Visit', 'Opportunity', 'Oscilloscope_Selector_Tool', 'Technical_Demo', 'SQL', 'SQL', 'IMS_Badge_Scan', 'Website_Product_Page', 'Lab_Integration_Discussion', 'No_Conversion']",0
L005586,Chen Chen,Tesla Energy,,APAC,,LinkedIn,"['Website_Product_Page', 'Opportunity', 'Whitepaper_Download_5G_Test', 'No_Conversion']",0
L005587,Hiroshi Williams,Broadcom,Electronics,,Oscilloscopes,Event,"['Lab_Integration_Discussion', 'AutoSens_Tech_Talk', 'Technical_Demo', 'Whitepaper_Download_5G_Test', 'Whitepaper_Download_5G_Test', 'IMS_Badge_Scan', 'LinkedIn_Ad_Click', 'Keysight_University_Course', 'No_Conversion']",0
L005588,Chen Tanaka,Qualcomm GmbH,Automotive,,,Website,"['Application_Engineer_Call', 'Customer']",1
L005589,Ahmed Ito,Broadcom,Automotive,North America,,Webinar,"['SQL', 'Loaner_Unit_Evaluation', 'No_Conversion']",0
L005590,Ravi Anders,Tesla Energy,,Europe,,Email Campaign,"['Keysight_University_Course', 'Whitepaper_Download_5G_Test', 'Application_Engineer_Call', 'Application_Engineer_Call', 'Opportunity', 'Whitepaper_Download_5G_Test', 'Application_Engineer_Call', 'Website_Product_Page', 'Customer']",1
L005591,Sarah Johnson,NXP Semiconductors GmbH,Automotive,North America,PathWave Software,Webinar,['Customer'],1
L005592,Maria Martinez,Broadcom,,Europe,5G Testbeds,Event,"['SQL', 'Keysight_University_Course', 'Website_Product_Page', 'LinkedIn_Ad_Click', 'LinkedIn_Ad_Click', 'Website_Product_Page', 'MQL', 'No_Conversion']",0
L005593,,,,LATAM,,Sales Outreach,"['Whitepaper_Download_5G_Test', 'LinkedIn_Ad_Click', 'IMS_Badge_Scan', 'DesignCon_Booth_Visit', 'Customer']",1
L005594,Ravi Johnson,Samsung Electronics,Telecom,Europe,,,"['Oscilloscope_Selector_Tool', 'Lab_Integration_Discussion', 'Customer']",1
L005595,Maria Singh,,Semiconductor,APAC,,LinkedIn,"['Keysight_Workshop_RF_Testing', 'MQL', 'IMS_Badge_Scan', 'AutoSens_Tech_Talk', 'Lab_Integration_Discussion', 'Customer']",1
L005596,Ahmed Garcia,,,Europe,,Website,"['PathWave_Trial_Request', 'No_Conversion']",0
L005597,Ravi Lee,,Telecom,LATAM,Automotive Ethernet,,"['Keysight_Workshop_RF_Testing', 'LinkedIn_Ad_Click', 'SQL', 'Opportunity', 'Loaner_Unit_Evaluation', 'Whitepaper_Download_5G_Test', 'Lab_Integration_Discussion', 'MQL', 'Application_Engineer_Call', 'No_Conversion']",0
L005598,Daniel Singh,,Electronics,,,LinkedIn,"['Keysight_Workshop_RF_Testing', 'Technical_Demo', 'Lab_Integration_Discussion', 'No_Conversion']",0
L005599,Sofia Williams,NXP Semiconductors GmbH,Automotive,LATAM,,Event,"['Website_Product_Page', 'Oscilloscope_Selector_Tool', 'Keysight_Workshop_RF_Testing', 'Customer']",1
L005600,Priya Tanaka,NXP Semiconductors,,LATAM,,Webinar,"['Keysight_Workshop_RF_Testing', 'MQL', 'LinkedIn_Ad_Click', 'Loaner_Unit_Evaluation', 'Application_Engineer_Call', 'Customer']",1
L005601,Michael Anders,Qualc_Tech,Electronics,North America,,,"['IMS_Badge_Scan', 'Whitepaper_Download_5G_Test', 'IMS_Badge_Scan', 'Oscilloscope_Selector_Tool', 'Technical_Demo', 'DesignCon_Booth_Visit', 'LinkedIn_Ad_Click', 'No_Conversion']",0
L005602,Chen Singh,NXP Semiconductors GmbH,,Europe,,LinkedIn,['No_Conversion'],0
L005603,Sarah Johnson,NXP Semiconductors GmbH,,North America,PathWave Software,,"['AutoSens_Tech_Talk', 'Keysight_University_Course', 'Keysight_University_Course', 'DesignCon_Booth_Visit', 'Technical_Demo', 'MQL', 'LinkedIn_Ad_Click', 'Oscilloscope_Selector_Tool', 'Customer']",1
L005604,Ahmed Johnson,,,APAC,5G Testbeds,Email Campaign,"['IMS_Badge_Scan', 'Keysight_University_Course', 'No_Conversion']",0
L005605,Kenji Khan,,,North America,PathWave Software,LinkedIn,"['Lab_Integration_Discussion', 'No_Conversion']",0
L005606,,NXPSe_Tech,,North America,5G Testbeds,LinkedIn,"['SQL', 'Keysight_University_Course', 'Oscilloscope_Selector_Tool', 'Lab_Integration_Discussion', 'IMS_Badge_Scan', 'Keysight_University_Course', 'Customer']",1
L005607,Michael Lee,Qualcomm GmbH,,North America,,Website,"['Loaner_Unit_Evaluation', 'Technical_Demo', 'Keysight_Workshop_RF_Testing', 'IMS_Badge_Scan', 'Application_Engineer_Call', 'MQL', 'Opportunity', 'Keysight_University_Course', 'No_Conversion']",0
L005608,Kenji Tanaka,Broadcom,,,5G Testbeds,Event,"['MQL', 'Keysight_Workshop_RF_Testing', 'DesignCon_Booth_Visit', 'No_Conversion']",0
L005609,,Tesla Energy,Telecom,Europe,PathWave Software,Sales Outreach,"['DesignCon_Booth_Visit', 'IMS_Badge_Scan', 'No_Conversion']",0
L005610,Sarah Garcia,Samsu_Tech,Aerospace,Europe,Automotive Ethernet,,"['Oscilloscope_Selector_Tool', 'Keysight_Workshop_RF_Testing', 'Technical_Demo', 'LinkedIn_Ad_Click', 'AutoSens_Tech_Talk', 'Technical_Demo', 'LinkedIn_Ad_Click', 'Customer']",1
L005611,Kenji Johnson,Samsu_Tech,,,Automotive Ethernet,Website,['No_Conversion'],0
L005612,Laura Singh,Meta Connectivity Labs,Automotive,LATAM,Oscilloscopes,Webinar,"['Technical_Demo', 'Oscilloscope_Selector_Tool', 'Customer']",1
L005613,Chen Khan,MetaC_Tech,Telecom,,,Email Campaign,"['PathWave_Trial_Request', 'Technical_Demo', 'PathWave_Trial_Request', 'Technical_Demo', 'LinkedIn_Ad_Click', 'Oscilloscope_Selector_Tool', 'Application_Engineer_Call', 'AutoSens_Tech_Talk', 'IMS_Badge_Scan', 'Application_Engineer_Call', 'No_Conversion']",0
L005614,Ahmed Garcia,Infin_Tech,Electronics,Europe,,Webinar,"['IMS_Badge_Scan', 'MQL', 'Lab_Integration_Discussion', 'IMS_Badge_Scan', 'MQL', 'No_Conversion']",0
L005615,Hiroshi Williams,Meta Connectivity Labs,,North America,,,"['DesignCon_Booth_Visit', 'Application_Engineer_Call', 'Keysight_Workshop_RF_Testing', 'SQL', 'AutoSens_Tech_Talk', 'IMS_Badge_Scan', 'Application_Engineer_Call', 'LinkedIn_Ad_Click', 'No_Conversion']",0
L005616,Michael Ito,Bosch GmbH,Semiconductor,LATAM,Oscilloscopes,Event,"['LinkedIn_Ad_Click', 'Opportunity', 'Keysight_University_Course', 'Customer']",1
L005617,Chen Khan,,Semiconductor,APAC,Automotive Ethernet,Email Campaign,"['Lab_Integration_Discussion', 'Application_Engineer_Call', 'Lab_Integration_Discussion', 'Application_Engineer_Call', 'Whitepaper_Download_5G_Test', 'No_Conversion']",0
L005618,Ahmed Khan,NXPSe_Tech,,Europe,5G Testbeds,,"['Technical_Demo', 'AutoSens_Tech_Talk', 'Whitepaper_Download_5G_Test', 'PathWave_Trial_Request', 'No_Conversion']",0
L005619,Maria Anders,Meta Connectivity Labs GmbH,,LATAM,PathWave Software,Event,"['Whitepaper_Download_5G_Test', 'No_Conversion']",0
L005620,Daniel Anders,NXP Semiconductors,Telecom,,Automotive Ethernet,Sales Outreach,"['Loaner_Unit_Evaluation', 'Keysight_Workshop_RF_Testing', 'IMS_Badge_Scan', 'PathWave_Trial_Request', 'Customer']",1
L005621,Ahmed Ito,Raytheon,Telecom,Europe,Automotive Ethernet,,"['LinkedIn_Ad_Click', 'Customer']",1
L005622,Michael Singh,Sony GmbH,Automotive,Europe,,,"['Website_Product_Page', 'DesignCon_Booth_Visit', 'IMS_Badge_Scan', 'Application_Engineer_Call', 'Customer']",1
L005623,Sarah Johnson,Bosch GmbH,Aerospace,,PathWave Software,Website,['Customer'],1
L005624,Michael Johnson,,,LATAM,,,"['LinkedIn_Ad_Click', 'Customer']",1
L005625,Sarah Chen,,Semiconductor,Europe,,Sales Outreach,"['Keysight_University_Course', 'DesignCon_Booth_Visit', 'LinkedIn_Ad_Click', 'Keysight_Workshop_RF_Testing', 'Customer']",1
L005626,Ahmed Anders,Meta Connectivity Labs,Semiconductor,Europe,5G Testbeds,Sales Outreach,"['SQL', 'DesignCon_Booth_Visit', 'AutoSens_Tech_Talk', 'Oscilloscope_Selector_Tool', 'Lab_Integration_Discussion', 'PathWave_Trial_Request', 'Customer']",1
L005627,Ahmed Tanaka,Samsu_Tech,Electronics,,,Webinar,"['Oscilloscope_Selector_Tool', 'MQL', 'Loaner_Unit_Evaluation', 'Customer']",1
L005628,Kenji Patel,Rayth_Tech,Electronics,,PathWave Software,Event,"['IMS_Badge_Scan', 'AutoSens_Tech_Talk', 'Technical_Demo', 'SQL', 'Technical_Demo', 'Website_Product_Page', 'MQL', 'Keysight_Workshop_RF_Testing', 'MQL', 'Customer']",1
L005629,,Tesla Energy,,,,LinkedIn,['No_Conversion'],0
L005630,,Sony,Aerospace,,,,"['Keysight_University_Course', 'Oscilloscope_Selector_Tool', 'Loaner_Unit_Evaluation', 'Customer']",1
L005631,Daniel Chen,Bosch_Tech,Electronics,LATAM,5G Testbeds,Webinar,"['LinkedIn_Ad_Click', 'Technical_Demo', 'Application_Engineer_Call', 'Application_Engineer_Call', 'SQL', 'Application_Engineer_Call', 'Loaner_Unit_Evaluation', 'AutoSens_Tech_Talk', 'Lab_Integration_Discussion', 'Technical_Demo', 'Customer']",1
L005632,,Tesla Energy,Automotive,Europe,,Email Campaign,"['LinkedIn_Ad_Click', 'Lab_Integration_Discussion', 'Website_Product_Page', 'DesignCon_Booth_Visit', 'SQL', 'Whitepaper_Download_5G_Test', 'MQL', 'Customer']",1
L005633,Daniel Patel,,Electronics,,,LinkedIn,"['AutoSens_Tech_Talk', 'LinkedIn_Ad_Click', 'Website_Product_Page', 'MQL', 'IMS_Badge_Scan', 'Customer']",1
L005634,Chen Singh,Qualcomm,Semiconductor,,,Event,"['PathWave_Trial_Request', 'No_Conversion']",0
L005635,Ahmed Anders,Sony GmbH,Aerospace,,PathWave Software,Email Campaign,['No_Conversion'],0
L005636,Ahmed Johnson,Tesla_Tech,,APAC,5G Testbeds,Sales Outreach,"['DesignCon_Booth_Visit', 'Whitepaper_Download_5G_Test', 'PathWave_Trial_Request', 'Website_Product_Page', 'Lab_Integration_Discussion', 'Lab_Integration_Discussion', 'No_Conversion']",0
L005637,Daniel Martinez,Meta Connectivity Labs,,APAC,Oscilloscopes,LinkedIn,"['Lab_Integration_Discussion', 'Keysight_Workshop_RF_Testing', 'Keysight_Workshop_RF_Testing', 'IMS_Badge_Scan', 'SQL', 'Keysight_Workshop_RF_Testing', 'PathWave_Trial_Request', 'MQL', 'Customer']",1
L005638,Daniel Ito,Sony GmbH,,,PathWave Software,Webinar,"['SQL', 'Whitepaper_Download_5G_Test', 'IMS_Badge_Scan', 'MQL', 'Customer']",1
L005639,Ahmed Patel,,,LATAM,PathWave Software,Event,"['Lab_Integration_Discussion', 'Lab_Integration_Discussion', 'IMS_Badge_Scan', 'IMS_Badge_Scan', 'Website_Product_Page', 'No_Conversion']",0
L005640,,,,APAC,5G Testbeds,Website,"['Website_Product_Page', 'Loaner_Unit_Evaluation', 'Website_Product_Page', 'Oscilloscope_Selector_Tool', 'Keysight_University_Course', 'No_Conversion']",0
L005641,Chen Anders,Infineon GmbH,Aerospace,Europe,Oscilloscopes,Webinar,"['Keysight_Workshop_RF_Testing', 'Keysight_University_Course', 'IMS_Badge_Scan', 'LinkedIn_Ad_Click', 'DesignCon_Booth_Visit', 'MQL', 'Lab_Integration_Discussion', 'No_Conversion']",0
L005642,Kenji Singh,Bosch,Electronics,APAC,,Website,"['Whitepaper_Download_5G_Test', 'Opportunity', 'Website_Product_Page', 'Application_Engineer_Call', 'Customer']",1
L005643,Maria Garcia,Broadcom GmbH,Automotive,APAC,,Email Campaign,['Customer'],1
L005644,Sofia Tanaka,NXP Semiconductors GmbH,Automotive,LATAM,Oscilloscopes,,"['Lab_Integration_Discussion', 'Website_Product_Page', 'Whitepaper_Download_5G_Test', 'Customer']",1
L005645,Ahmed Singh,,Electronics,APAC,Oscilloscopes,Sales Outreach,"['Application_Engineer_Call', 'Whitepaper_Download_5G_Test', 'LinkedIn_Ad_Click', 'No_Conversion']",0
L005646,Chen Khan,,Telecom,LATAM,Automotive Ethernet,Website,"['Technical_Demo', 'Whitepaper_Download_5G_Test', 'LinkedIn_Ad_Click', 'Customer']",1
L005647,Michael Williams,Qualcomm,,,Automotive Ethernet,LinkedIn,"['Opportunity', 'MQL', 'Keysight_Workshop_RF_Testing', 'LinkedIn_Ad_Click', 'Keysight_University_Course', 'Customer']",1
L005648,,,Telecom,North America,,Email Campaign,"['Keysight_University_Course', 'SQL', 'Customer']",1
L005649,,Broad_Tech,Aerospace,Europe,5G Testbeds,Event,"['AutoSens_Tech_Talk', 'PathWave_Trial_Request', 'Opportunity', 'Opportunity', 'Loaner_Unit_Evaluation', 'No_Conversion']",0
L005650,Hiroshi Lee,Samsu_Tech,Electronics,APAC,,Sales Outreach,"['AutoSens_Tech_Talk', 'Opportunity', 'No_Conversion']",0
L005651,Kenji Williams,Bosch GmbH,,Europe,,,"['SQL', 'Loaner_Unit_Evaluation', 'Customer']",1
L005652,Sofia Singh,NXP Semiconductors GmbH,,LATAM,PathWave Software,Sales Outreach,"['Opportunity', 'SQL', 'Oscilloscope_Selector_Tool', 'Loaner_Unit_Evaluation', 'Loaner_Unit_Evaluation', 'DesignCon_Booth_Visit', 'Opportunity', 'No_Conversion']",0
L005653,Sarah Martinez,Samsu_Tech,Aerospace,,5G Testbeds,LinkedIn,"['PathWave_Trial_Request', 'Keysight_Workshop_RF_Testing', 'Opportunity', 'No_Conversion']",0
L005654,Michael Patel,,Aerospace,,Oscilloscopes,Website,"['LinkedIn_Ad_Click', 'PathWave_Trial_Request', 'SQL', 'Keysight_University_Course', 'Customer']",1
L005655,Hiroshi Patel,NXPSe_Tech,Aerospace,,Oscilloscopes,LinkedIn,"['Application_Engineer_Call', 'MQL', 'PathWave_Trial_Request', 'MQL', 'Application_Engineer_Call', 'Lab_Integration_Discussion', 'Customer']",1
L005656,Chen Chen,Bosch GmbH,Electronics,,5G Testbeds,,"['Oscilloscope_Selector_Tool', 'PathWave_Trial_Request', 'DesignCon_Booth_Visit', 'Customer']",1
L005657,Sarah Patel,NXPSe_Tech,Semiconductor,LATAM,,Webinar,"['Website_Product_Page', 'LinkedIn_Ad_Click', 'LinkedIn_Ad_Click', 'MQL', 'Customer']",1
L005658,Chen Johnson,,,Europe,Oscilloscopes,Website,"['Technical_Demo', 'SQL', 'Lab_Integration_Discussion', 'Customer']",1
L005659,,Rayth_Tech,,APAC,Oscilloscopes,Webinar,"['AutoSens_Tech_Talk', 'Loaner_Unit_Evaluation', 'LinkedIn_Ad_Click', 'Lab_Integration_Discussion', 'No_Conversion']",0
L005660,Michael Johnson,Tesla Energy,Aerospace,,,Webinar,"['Keysight_University_Course', 'Keysight_Workshop_RF_Testing', 'Keysight_University_Course', 'Whitepaper_Download_5G_Test', 'Opportunity', 'Customer']",1
L005661,Ahmed Patel,Tesla_Tech,Telecom,North America,5G Testbeds,Website,['No_Conversion'],0
L005662,Sofia Singh,,,APAC,5G Testbeds,LinkedIn,"['Oscilloscope_Selector_Tool', 'PathWave_Trial_Request', 'Loaner_Unit_Evaluation', 'No_Conversion']",0
L005663,Kenji Lee,Tesla Energy,Electronics,Europe,PathWave Software,Event,"['Keysight_Workshop_RF_Testing', 'Keysight_University_Course', 'Keysight_University_Course', 'Website_Product_Page', 'DesignCon_Booth_Visit', 'MQL', 'Keysight_University_Course', 'Customer']",1
L005664,Priya Williams,MetaC_Tech,,LATAM,PathWave Software,Webinar,"['Website_Product_Page', 'SQL', 'PathWave_Trial_Request', 'No_Conversion']",0
L005665,Kenji Anders,Infin_Tech,Automotive,,,,"['LinkedIn_Ad_Click', 'MQL', 'AutoSens_Tech_Talk', 'Lab_Integration_Discussion', 'MQL', 'SQL', 'SQL', 'Application_Engineer_Call', 'No_Conversion']",0
L005666,Maria Williams,Samsung Electronics,Telecom,LATAM,PathWave Software,,"['Technical_Demo', 'Customer']",1
L005667,Michael Garcia,Bosch,,,Automotive Ethernet,Event,['No_Conversion'],0
L005668,Sarah Martinez,Qualcomm,Semiconductor,North America,,Event,"['Application_Engineer_Call', 'Application_Engineer_Call', 'Technical_Demo', 'AutoSens_Tech_Talk', 'Technical_Demo', 'MQL', 'IMS_Badge_Scan', 'MQL', 'Customer']",1
L005669,Priya Lee,Tesla Energy,Aerospace,APAC,,Webinar,"['Whitepaper_Download_5G_Test', 'Website_Product_Page', 'No_Conversion']",0
L005670,Ahmed Chen,Meta Connectivity Labs,Aerospace,Europe,Oscilloscopes,Event,"['Website_Product_Page', 'Technical_Demo', 'Oscilloscope_Selector_Tool', 'Keysight_Workshop_RF_Testing', 'IMS_Badge_Scan', 'Website_Product_Page', 'Keysight_University_Course', 'No_Conversion']",0
L005671,Daniel Singh,Bosch_Tech,Aerospace,North America,,LinkedIn,"['Loaner_Unit_Evaluation', 'Website_Product_Page', 'Loaner_Unit_Evaluation', 'SQL', 'DesignCon_Booth_Visit', 'AutoSens_Tech_Talk', 'Keysight_University_Course', 'No_Conversion']",0
L005672,Sarah Singh,Broadcom,Electronics,North America,Automotive Ethernet,Email Campaign,['Customer'],1
L005673,Priya Williams,Tesla_Tech,Semiconductor,Europe,,Email Campaign,"['DesignCon_Booth_Visit', 'DesignCon_Booth_Visit', 'No_Conversion']",0
L005674,Sofia Williams,Meta Connectivity Labs,Semiconductor,APAC,5G Testbeds,LinkedIn,"['IMS_Badge_Scan', 'Website_Product_Page', 'Keysight_University_Course', 'Customer']",1
L005675,Sofia Williams,,,Europe,Oscilloscopes,Website,"['DesignCon_Booth_Visit', 'SQL', 'PathWave_Trial_Request', 'DesignCon_Booth_Visit', 'No_Conversion']",0
L005676,Laura Chen,Samsung Electronics,Semiconductor,,,Webinar,"['Keysight_Workshop_RF_Testing', 'Keysight_University_Course', 'Application_Engineer_Call', 'DesignCon_Booth_Visit', 'MQL', 'Customer']",1
L005677,Priya Patel,NXP Semiconductors,,Europe,,Email Campaign,"['SQL', 'No_Conversion']",0
L005678,Laura Martinez,Samsung Electronics,Semiconductor,LATAM,,Event,"['PathWave_Trial_Request', 'IMS_Badge_Scan', 'Lab_Integration_Discussion', 'Technical_Demo', 'Opportunity', 'Opportunity', 'Customer']",1
L005679,Laura Patel,MetaC_Tech,Automotive,,5G Testbeds,Sales Outreach,"['Whitepaper_Download_5G_Test', 'DesignCon_Booth_Visit', 'Keysight_University_Course', 'Loaner_Unit_Evaluation', 'Technical_Demo', 'IMS_Badge_Scan', 'Customer']",1
L005680,Kenji Tanaka,Broad_Tech,,LATAM,,Email Campaign,['Customer'],1
L005681,Laura Singh,Raytheon GmbH,Electronics,LATAM,Oscilloscopes,Website,"['Technical_Demo', 'Website_Product_Page', 'Customer']",1
L005682,Priya Lee,Infin_Tech,Semiconductor,APAC,PathWave Software,LinkedIn,"['Keysight_University_Course', 'Lab_Integration_Discussion', 'Website_Product_Page', 'Customer']",1
L005683,,Sony,Electronics,APAC,,Email Campaign,"['Loaner_Unit_Evaluation', 'Oscilloscope_Selector_Tool', 'Lab_Integration_Discussion', 'Lab_Integration_Discussion', 'DesignCon_Booth_Visit', 'AutoSens_Tech_Talk', 'SQL', 'No_Conversion']",0
L005684,Laura Williams,Rayth_Tech,Semiconductor,APAC,Automotive Ethernet,Email Campaign,"['Keysight_Workshop_RF_Testing', 'No_Conversion']",0
L005685,Priya Patel,,Aerospace,APAC,,LinkedIn,"['Oscilloscope_Selector_Tool', 'DesignCon_Booth_Visit', 'Opportunity', 'Whitepaper_Download_5G_Test', 'Customer']",1
L005686,Laura Garcia,Bosch,Aerospace,,Oscilloscopes,Webinar,"['IMS_Badge_Scan', 'Website_Product_Page', 'Customer']",1
L005687,Maria Williams,,,LATAM,PathWave Software,LinkedIn,['Customer'],1
L005688,Sofia Anders,,Automotive,,PathWave Software,Event,"['Technical_Demo', 'Application_Engineer_Call', 'Lab_Integration_Discussion', 'SQL', 'MQL', 'Customer']",1
L005689,Priya Johnson,Meta Connectivity Labs,,North America,PathWave Software,,"['DesignCon_Booth_Visit', 'Opportunity', 'Loaner_Unit_Evaluation', 'SQL', 'AutoSens_Tech_Talk', 'Keysight_Workshop_RF_Testing', 'Opportunity', 'SQL', 'No_Conversion']",0
L005690,Chen Patel,Tesla Energy GmbH,Automotive,Europe,Automotive Ethernet,LinkedIn,"['Application_Engineer_Call', 'Whitepaper_Download_5G_Test', 'Opportunity', 'Lab_Integration_Discussion', 'Website_Product_Page', 'MQL', 'No_Conversion']",0
L005691,Sarah Johnson,Infin_Tech,Telecom,,PathWave Software,Website,"['AutoSens_Tech_Talk', 'PathWave_Trial_Request', 'AutoSens_Tech_Talk', 'MQL', 'No_Conversion']",0
L005692,Kenji Tanaka,Sony GmbH,Electronics,APAC,,Webinar,"['Opportunity', 'DesignCon_Booth_Visit', 'Technical_Demo', 'No_Conversion']",0
L005693,Ahmed Williams,Infineon GmbH,,LATAM,Oscilloscopes,Website,"['AutoSens_Tech_Talk', 'Loaner_Unit_Evaluation', 'MQL', 'Customer']",1
L005694,Maria Ito,NXP Semiconductors,Automotive,APAC,,Webinar,"['Technical_Demo', 'Technical_Demo', 'Website_Product_Page', 'PathWave_Trial_Request', 'No_Conversion']",0
L005695,Daniel Ito,,Semiconductor,Europe,Automotive Ethernet,Website,"['IMS_Badge_Scan', 'PathWave_Trial_Request', 'Customer']",1
L005696,,Infineon GmbH,,LATAM,,,"['Whitepaper_Download_5G_Test', 'Opportunity', 'Lab_Integration_Discussion', 'MQL', 'Customer']",1
L005697,Priya Lee,Samsung Electronics GmbH,,Europe,Oscilloscopes,Webinar,"['Technical_Demo', 'Lab_Integration_Discussion', 'Customer']",1
L005698,Priya Tanaka,NXP Semiconductors,,Europe,,Event,"['PathWave_Trial_Request', 'Whitepaper_Download_5G_Test', 'Customer']",1
L005699,Daniel Patel,Infineon GmbH,,North America,Automotive Ethernet,Event,"['MQL', 'Opportunity', 'Whitepaper_Download_5G_Test', 'AutoSens_Tech_Talk', 'Keysight_University_Course', 'LinkedIn_Ad_Click', 'Loaner_Unit_Evaluation', 'Whitepaper_Download_5G_Test', 'No_Conversion']",0
L005700,Ravi Ito,Infineon,Semiconductor,APAC,Oscilloscopes,Sales Outreach,['No_Conversion'],0
L005701,Priya Chen,,Automotive,North America,,LinkedIn,"['Whitepaper_Download_5G_Test', 'Customer']",1
L005702,Sarah Williams,Qualcomm,Aerospace,,,,"['SQL', 'PathWave_Trial_Request', 'Keysight_University_Course', 'Technical_Demo', 'No_Conversion']",0
L005703,Sarah Ito,Samsung Electronics,Aerospace,LATAM,5G Testbeds,Sales Outreach,"['Keysight_Workshop_RF_Testing', 'Lab_Integration_Discussion', 'DesignCon_Booth_Visit', 'Customer']",1
L005704,Kenji Chen,Qualcomm,Semiconductor,,,,"['PathWave_Trial_Request', 'IMS_Badge_Scan', 'LinkedIn_Ad_Click', 'SQL', 'Customer']",1
L005705,Ravi Anders,Samsu_Tech,Aerospace,,,Website,"['Loaner_Unit_Evaluation', 'Opportunity', 'Oscilloscope_Selector_Tool', 'Website_Product_Page', 'Loaner_Unit_Evaluation', 'PathWave_Trial_Request', 'Opportunity', 'Customer']",1
L005706,,Raytheon,Electronics,,,LinkedIn,"['Application_Engineer_Call', 'DesignCon_Booth_Visit', 'Opportunity', 'Keysight_University_Course', 'Oscilloscope_Selector_Tool', 'AutoSens_Tech_Talk', 'Customer']",1
L005707,,,Semiconductor,,Oscilloscopes,LinkedIn,"['IMS_Badge_Scan', 'DesignCon_Booth_Visit', 'AutoSens_Tech_Talk', 'Lab_Integration_Discussion', 'Opportunity', 'Customer']",1
L005708,Ravi Garcia,NXP Semiconductors GmbH,,Europe,Oscilloscopes,LinkedIn,"['IMS_Badge_Scan', 'Customer']",1
L005709,,Samsu_Tech,,LATAM,,LinkedIn,"['Website_Product_Page', 'Whitepaper_Download_5G_Test', 'Website_Product_Page', 'SQL', 'Oscilloscope_Selector_Tool', 'MQL', 'Customer']",1
L005710,,Qualcomm GmbH,,,,LinkedIn,"['Keysight_University_Course', 'MQL', 'PathWave_Trial_Request', 'DesignCon_Booth_Visit', 'Customer']",1
L005711,Kenji Ito,Meta Connectivity Labs GmbH,Automotive,APAC,5G Testbeds,Email Campaign,"['Opportunity', 'Loaner_Unit_Evaluation', 'Technical_Demo', 'DesignCon_Booth_Visit', 'Technical_Demo', 'LinkedIn_Ad_Click', 'Customer']",1
L005712,,Tesla Energy GmbH,Aerospace,LATAM,5G Testbeds,Website,"['Oscilloscope_Selector_Tool', 'Customer']",1
L005713,Priya Tanaka,Samsung Electronics GmbH,Electronics,Europe,PathWave Software,,"['AutoSens_Tech_Talk', 'Oscilloscope_Selector_Tool', 'Website_Product_Page', 'No_Conversion']",0
L005714,Priya Williams,Rayth_Tech,Aerospace,LATAM,5G Testbeds,Sales Outreach,"['IMS_Badge_Scan', 'LinkedIn_Ad_Click', 'Oscilloscope_Selector_Tool', 'Keysight_University_Course', 'Customer']",1
L005715,Hiroshi Williams,,Automotive,,,LinkedIn,"['Technical_Demo', 'Keysight_Workshop_RF_Testing', 'Application_Engineer_Call', 'Loaner_Unit_Evaluation', 'Loaner_Unit_Evaluation', 'Keysight_Workshop_RF_Testing', 'Oscilloscope_Selector_Tool', 'SQL', 'AutoSens_Tech_Talk', 'Customer']",1
L005716,Kenji Ito,Infin_Tech,,LATAM,,Event,['No_Conversion'],0
L005717,Priya Garcia,Infineon GmbH,,Europe,Oscilloscopes,Webinar,"['Opportunity', 'Lab_Integration_Discussion', 'Application_Engineer_Call', 'PathWave_Trial_Request', 'Customer']",1
L005718,Daniel Khan,MetaC_Tech,Aerospace,LATAM,,Website,"['Technical_Demo', 'Keysight_Workshop_RF_Testing', 'Website_Product_Page', 'Lab_Integration_Discussion', 'Opportunity', 'Customer']",1
L005719,Chen Garcia,Broadcom GmbH,Electronics,Europe,Oscilloscopes,Website,"['Keysight_University_Course', 'Keysight_Workshop_RF_Testing', 'MQL', 'Lab_Integration_Discussion', 'MQL', 'PathWave_Trial_Request', 'Customer']",1
L005720,,Meta Connectivity Labs,,LATAM,,,"['Technical_Demo', 'Technical_Demo', 'PathWave_Trial_Request', 'MQL', 'Website_Product_Page', 'Customer']",1
L005721,Laura Tanaka,,,North America,5G Testbeds,Event,"['Lab_Integration_Discussion', 'DesignCon_Booth_Visit', 'MQL', 'No_Conversion']",0
L005722,Maria Khan,Tesla Energy GmbH,Automotive,North America,,Website,"['Application_Engineer_Call', 'Whitepaper_Download_5G_Test', 'Oscilloscope_Selector_Tool', 'Whitepaper_Download_5G_Test', 'Customer']",1
L005723,Priya Garcia,Rayth_Tech,Telecom,North America,PathWave Software,Webinar,"['Keysight_University_Course', 'DesignCon_Booth_Visit', 'Lab_Integration_Discussion', 'Keysight_Workshop_RF_Testing', 'Loaner_Unit_Evaluation', 'PathWave_Trial_Request', 'No_Conversion']",0
L005724,Michael Anders,Sony_Tech,Automotive,LATAM,Oscilloscopes,LinkedIn,"['Oscilloscope_Selector_Tool', 'Keysight_Workshop_RF_Testing', 'Website_Product_Page', 'Customer']",1
L005725,,,Aerospace,,,Email Campaign,"['Lab_Integration_Discussion', 'Keysight_Workshop_RF_Testing', 'AutoSens_Tech_Talk', 'PathWave_Trial_Request', 'PathWave_Trial_Request', 'No_Conversion']",0
L005726,Kenji Ito,Raytheon,Automotive,,,LinkedIn,"['LinkedIn_Ad_Click', 'Lab_Integration_Discussion', 'Opportunity', 'Technical_Demo', 'Customer']",1
L005727,Ahmed Khan,Meta Connectivity Labs GmbH,Semiconductor,LATAM,,LinkedIn,"['Oscilloscope_Selector_Tool', 'SQL', 'Website_Product_Page', 'No_Conversion']",0
L005728,Priya Ito,,,APAC,5G Testbeds,Webinar,"['Keysight_Workshop_RF_Testing', 'Technical_Demo', 'Lab_Integration_Discussion', 'No_Conversion']",0
L005729,Priya Lee,Qualcomm,Telecom,North America,,LinkedIn,['Customer'],1
L005730,,Infin_Tech,Semiconductor,APAC,Automotive Ethernet,Sales Outreach,"['Oscilloscope_Selector_Tool', 'Whitepaper_Download_5G_Test', 'Website_Product_Page', 'Loaner_Unit_Evaluation', 'No_Conversion']",0
L005731,Kenji Singh,Qualcomm,Telecom,North America,,Webinar,"['Oscilloscope_Selector_Tool', 'Whitepaper_Download_5G_Test', 'MQL', 'PathWave_Trial_Request', 'Whitepaper_Download_5G_Test', 'Opportunity', 'PathWave_Trial_Request', 'Website_Product_Page', 'No_Conversion']",0
L005732,Ahmed Khan,Qualc_Tech,Electronics,APAC,Automotive Ethernet,Event,"['PathWave_Trial_Request', 'Oscilloscope_Selector_Tool', 'Customer']",1
L005733,Maria Khan,Broadcom,Electronics,APAC,5G Testbeds,Sales Outreach,"['Opportunity', 'Whitepaper_Download_5G_Test', 'LinkedIn_Ad_Click', 'Customer']",1
L005734,Sarah Johnson,Samsung Electronics GmbH,,Europe,Automotive Ethernet,Sales Outreach,"['AutoSens_Tech_Talk', 'Whitepaper_Download_5G_Test', 'Loaner_Unit_Evaluation', 'Customer']",1
L005735,Hiroshi Williams,Sony GmbH,,,5G Testbeds,,"['IMS_Badge_Scan', 'Website_Product_Page', 'Keysight_University_Course', 'No_Conversion']",0
L005736,Sarah Khan,Tesla Energy,Semiconductor,LATAM,,Email Campaign,['Customer'],1
L005737,Priya Anders,Broad_Tech,Aerospace,LATAM,,Sales Outreach,"['MQL', 'MQL', 'Website_Product_Page', 'No_Conversion']",0
L005738,Laura Chen,,,North America,PathWave Software,Webinar,"['AutoSens_Tech_Talk', 'LinkedIn_Ad_Click', 'Keysight_Workshop_RF_Testing', 'Lab_Integration_Discussion', 'SQL', 'Website_Product_Page', 'No_Conversion']",0
L005739,Priya Chen,MetaC_Tech,Automotive,North America,Automotive Ethernet,Website,"['Technical_Demo', 'No_Conversion']",0
L005740,Hiroshi Patel,,Semiconductor,APAC,Oscilloscopes,Webinar,"['Keysight_University_Course', 'Website_Product_Page', 'IMS_Badge_Scan', 'Whitepaper_Download_5G_Test', 'No_Conversion']",0
L005741,Michael Singh,Tesla Energy GmbH,Aerospace,,Oscilloscopes,,"['MQL', 'DesignCon_Booth_Visit', 'Opportunity', 'LinkedIn_Ad_Click', 'No_Conversion']",0
L005742,Chen Patel,Qualcomm,Electronics,LATAM,,LinkedIn,"['AutoSens_Tech_Talk', 'IMS_Badge_Scan', 'IMS_Badge_Scan', 'Oscilloscope_Selector_Tool', 'AutoSens_Tech_Talk', 'SQL', 'Technical_Demo', 'Keysight_University_Course', 'IMS_Badge_Scan', 'Customer']",1
L005743,Laura Ito,Broadcom GmbH,Aerospace,,5G Testbeds,,"['Technical_Demo', 'Technical_Demo', 'MQL', 'Keysight_Workshop_RF_Testing', 'Technical_Demo', 'Oscilloscope_Selector_Tool', 'Keysight_Workshop_RF_Testing', 'Customer']",1
L005744,Chen Khan,Infineon GmbH,Aerospace,LATAM,Automotive Ethernet,Email Campaign,"['PathWave_Trial_Request', 'Oscilloscope_Selector_Tool', 'Customer']",1
L005745,Hiroshi Khan,Samsu_Tech,Aerospace,LATAM,,Email Campaign,"['PathWave_Trial_Request', 'No_Conversion']",0
L005746,Sofia Garcia,Bosch,,APAC,Automotive Ethernet,Event,"['Technical_Demo', 'Technical_Demo', 'MQL', 'Oscilloscope_Selector_Tool', 'Whitepaper_Download_5G_Test', 'No_Conversion']",0
L005747,Daniel Johnson,,,LATAM,Automotive Ethernet,,"['Loaner_Unit_Evaluation', 'IMS_Badge_Scan', 'Technical_Demo', 'IMS_Badge_Scan', 'IMS_Badge_Scan', 'Whitepaper_Download_5G_Test', 'No_Conversion']",0
L005748,Ahmed Lee,Sony,,North America,PathWave Software,Webinar,"['Oscilloscope_Selector_Tool', 'Customer']",1
L005749,Ravi Johnson,,,Europe,Oscilloscopes,Event,"['Loaner_Unit_Evaluation', 'No_Conversion']",0
L005750,Priya Ito,,,LATAM,Oscilloscopes,Event,"['Keysight_University_Course', 'Oscilloscope_Selector_Tool', 'Technical_Demo', 'Loaner_Unit_Evaluation', 'Whitepaper_Download_5G_Test', 'Loaner_Unit_Evaluation', 'No_Conversion']",0
L005751,Sofia Garcia,Raytheon GmbH,,,,Event,"['Loaner_Unit_Evaluation', 'Opportunity', 'PathWave_Trial_Request', 'Application_Engineer_Call', 'Opportunity', 'AutoSens_Tech_Talk', 'Keysight_University_Course', 'No_Conversion']",0
L005752,Michael Garcia,NXP Semiconductors GmbH,Automotive,APAC,Automotive Ethernet,Website,"['Whitepaper_Download_5G_Test', 'MQL', 'Website_Product_Page', 'No_Conversion']",0
L005753,Laura Martinez,NXPSe_Tech,,Europe,,Email Campaign,"['PathWave_Trial_Request', 'Keysight_Workshop_RF_Testing', 'Website_Product_Page', 'LinkedIn_Ad_Click', 'Customer']",1
L005754,Laura Singh,Bosch_Tech,Semiconductor,APAC,Automotive Ethernet,Website,['No_Conversion'],0
L005755,Michael Williams,Sony GmbH,Telecom,,Oscilloscopes,Webinar,"['LinkedIn_Ad_Click', 'PathWave_Trial_Request', 'Technical_Demo', 'AutoSens_Tech_Talk', 'Keysight_University_Course', 'IMS_Badge_Scan', 'No_Conversion']",0
L005756,Kenji Anders,Bosch GmbH,,North America,PathWave Software,Sales Outreach,"['Oscilloscope_Selector_Tool', 'No_Conversion']",0
L005757,Laura Singh,Sony GmbH,Semiconductor,,,Webinar,"['Opportunity', 'MQL', 'IMS_Badge_Scan', 'Opportunity', 'Whitepaper_Download_5G_Test', 'Technical_Demo', 'Website_Product_Page', 'No_Conversion']",0
L005758,Sofia Lee,,Aerospace,LATAM,,Webinar,"['Opportunity', 'Whitepaper_Download_5G_Test', 'SQL', 'Application_Engineer_Call', 'Application_Engineer_Call', 'Customer']",1
L005759,Michael Anders,,Aerospace,Europe,5G Testbeds,Event,"['Application_Engineer_Call', 'DesignCon_Booth_Visit', 'Opportunity', 'Whitepaper_Download_5G_Test', 'AutoSens_Tech_Talk', 'Customer']",1
L005760,Hiroshi Chen,Tesla Energy GmbH,Electronics,Europe,5G Testbeds,Sales Outreach,"['Oscilloscope_Selector_Tool', 'No_Conversion']",0
L005761,,Raytheon GmbH,Electronics,North America,Automotive Ethernet,,"['PathWave_Trial_Request', 'Application_Engineer_Call', 'MQL', 'AutoSens_Tech_Talk', 'DesignCon_Booth_Visit', 'No_Conversion']",0
L005762,Ravi Singh,Qualcomm GmbH,,APAC,Automotive Ethernet,Sales Outreach,"['LinkedIn_Ad_Click', 'No_Conversion']",0
L005763,Sofia Ito,Tesla Energy,Electronics,Europe,Oscilloscopes,Email Campaign,"['IMS_Badge_Scan', 'AutoSens_Tech_Talk', 'No_Conversion']",0
L005764,Ahmed Khan,,,LATAM,5G Testbeds,Sales Outreach,"['SQL', 'Whitepaper_Download_5G_Test', 'Technical_Demo', 'Keysight_University_Course', 'Customer']",1
L005765,Kenji Anders,Samsung Electronics GmbH,,North America,,Event,"['Oscilloscope_Selector_Tool', 'SQL', 'Website_Product_Page', 'Loaner_Unit_Evaluation', 'No_Conversion']",0
L005766,Maria Tanaka,,Telecom,North America,,LinkedIn,"['LinkedIn_Ad_Click', 'Lab_Integration_Discussion', 'AutoSens_Tech_Talk', 'Customer']",1
L005767,Ravi Chen,Qualcomm,,,5G Testbeds,Sales Outreach,"['Keysight_University_Course', 'Lab_Integration_Discussion', 'AutoSens_Tech_Talk', 'Lab_Integration_Discussion', 'Opportunity', 'Keysight_University_Course', 'SQL', 'No_Conversion']",0
L005768,Sarah Williams,Qualc_Tech,,APAC,,Email Campaign,"['Oscilloscope_Selector_Tool', 'Oscilloscope_Selector_Tool', 'Opportunity', 'No_Conversion']",0
L005769,Chen Johnson,Raytheon,,LATAM,,Email Campaign,['Customer'],1
L005770,Chen Tanaka,Tesla Energy,Automotive,APAC,PathWave Software,LinkedIn,"['MQL', 'PathWave_Trial_Request', 'DesignCon_Booth_Visit', 'Application_Engineer_Call', 'Customer']",1
L005771,Kenji Martinez,,,North America,Automotive Ethernet,Webinar,"['Technical_Demo', 'SQL', 'DesignCon_Booth_Visit', 'IMS_Badge_Scan', 'PathWave_Trial_Request', 'Loaner_Unit_Evaluation', 'IMS_Badge_Scan', 'LinkedIn_Ad_Click', 'No_Conversion']",0
L005772,Ahmed Tanaka,,Telecom,,Automotive Ethernet,Event,['Customer'],1
L005773,Maria Chen,Tesla Energy GmbH,Automotive,LATAM,5G Testbeds,Email Campaign,"['DesignCon_Booth_Visit', 'LinkedIn_Ad_Click', 'No_Conversion']",0
L005774,Maria Tanaka,Tesla Energy,,APAC,,Sales Outreach,"['Oscilloscope_Selector_Tool', 'LinkedIn_Ad_Click', 'Keysight_University_Course', 'Website_Product_Page', 'LinkedIn_Ad_Click', 'AutoSens_Tech_Talk', 'No_Conversion']",0
L005775,Daniel Khan,,Aerospace,APAC,Oscilloscopes,LinkedIn,"['SQL', 'Opportunity', 'Whitepaper_Download_5G_Test', 'No_Conversion']",0
L005776,,Sony GmbH,Aerospace,Europe,,,"['DesignCon_Booth_Visit', 'Application_Engineer_Call', 'No_Conversion']",0
L005777,Laura Lee,Meta Connectivity Labs,Aerospace,LATAM,,Webinar,"['Loaner_Unit_Evaluation', 'Whitepaper_Download_5G_Test', 'Oscilloscope_Selector_Tool', 'Application_Engineer_Call', 'Customer']",1
L005778,,Sony,Semiconductor,North America,5G Testbeds,Webinar,"['Keysight_Workshop_RF_Testing', 'MQL', 'Keysight_Workshop_RF_Testing', 'Opportunity', 'Opportunity', 'Lab_Integration_Discussion', 'Customer']",1
L005779,,Qualcomm GmbH,,,5G Testbeds,Webinar,"['AutoSens_Tech_Talk', 'DesignCon_Booth_Visit', 'No_Conversion']",0
L005780,Maria Anders,Samsu_Tech,,,Automotive Ethernet,Website,"['Keysight_University_Course', 'Application_Engineer_Call', 'Whitepaper_Download_5G_Test', 'IMS_Badge_Scan', 'Keysight_Workshop_RF_Testing', 'No_Conversion']",0
L005781,Ravi Patel,Sony GmbH,Automotive,Europe,,Sales Outreach,"['AutoSens_Tech_Talk', 'IMS_Badge_Scan', 'Keysight_University_Course', 'PathWave_Trial_Request', 'Keysight_Workshop_RF_Testing', 'Customer']",1
L005782,Laura Chen,NXP Semiconductors,,APAC,PathWave Software,LinkedIn,"['SQL', 'Technical_Demo', 'PathWave_Trial_Request', 'DesignCon_Booth_Visit', 'SQL', 'Technical_Demo', 'LinkedIn_Ad_Click', 'PathWave_Trial_Request', 'PathWave_Trial_Request', 'LinkedIn_Ad_Click', 'Customer']",1
L005783,Sofia Ito,Bosch GmbH,Telecom,APAC,,Website,"['IMS_Badge_Scan', 'Customer']",1
L005784,,Sony_Tech,Semiconductor,North America,Automotive Ethernet,Webinar,"['Keysight_Workshop_RF_Testing', 'PathWave_Trial_Request', 'LinkedIn_Ad_Click', 'Whitepaper_Download_5G_Test', 'No_Conversion']",0
L005785,Hiroshi Patel,Samsung Electronics,Electronics,APAC,,Website,"['MQL', 'Website_Product_Page', 'Customer']",1
L005786,Sofia Chen,,Telecom,,Automotive Ethernet,Event,"['Keysight_University_Course', 'Lab_Integration_Discussion', 'Website_Product_Page', 'Website_Product_Page', 'AutoSens_Tech_Talk', 'No_Conversion']",0
L005787,Priya Patel,,,North America,PathWave Software,Webinar,"['Lab_Integration_Discussion', 'Loaner_Unit_Evaluation', 'Keysight_University_Course', 'Technical_Demo', 'Customer']",1
L005788,Kenji Patel,,,APAC,,,"['Oscilloscope_Selector_Tool', 'Whitepaper_Download_5G_Test', 'Keysight_University_Course', 'Opportunity', 'Customer']",1
L005789,Sofia Johnson,Samsung Electronics GmbH,Electronics,APAC,Automotive Ethernet,Email Campaign,"['MQL', 'LinkedIn_Ad_Click', 'AutoSens_Tech_Talk', 'Oscilloscope_Selector_Tool', 'PathWave_Trial_Request', 'No_Conversion']",0
L005790,Sarah Anders,Samsung Electronics,,LATAM,,,"['Keysight_University_Course', 'Opportunity', 'Website_Product_Page', 'LinkedIn_Ad_Click', 'Lab_Integration_Discussion', 'Technical_Demo', 'Customer']",1
L005791,Daniel Patel,Infin_Tech,,,Automotive Ethernet,Email Campaign,"['Whitepaper_Download_5G_Test', 'Keysight_University_Course', 'Loaner_Unit_Evaluation', 'DesignCon_Booth_Visit', 'Lab_Integration_Discussion', 'DesignCon_Booth_Visit', 'Oscilloscope_Selector_Tool', 'MQL', 'Opportunity', 'DesignCon_Booth_Visit', 'Customer']",1
L005792,Michael Singh,Broad_Tech,Telecom,,Oscilloscopes,Event,"['AutoSens_Tech_Talk', 'IMS_Badge_Scan', 'DesignCon_Booth_Visit', 'LinkedIn_Ad_Click', 'MQL', 'Opportunity', 'Customer']",1
L005793,Michael Chen,Broadcom GmbH,,North America,Oscilloscopes,,"['Website_Product_Page', 'IMS_Badge_Scan', 'PathWave_Trial_Request', 'Opportunity', 'No_Conversion']",0
L005794,Daniel Garcia,Tesla Energy,Aerospace,,PathWave Software,,"['IMS_Badge_Scan', 'LinkedIn_Ad_Click', 'Customer']",1
L005795,Sarah Patel,MetaC_Tech,,APAC,Automotive Ethernet,LinkedIn,"['IMS_Badge_Scan', 'PathWave_Trial_Request', 'Loaner_Unit_Evaluation', 'LinkedIn_Ad_Click', 'DesignCon_Booth_Visit', 'Loaner_Unit_Evaluation', 'Keysight_University_Course', 'Keysight_Workshop_RF_Testing', 'Keysight_University_Course', 'No_Conversion']",0
L005796,Ravi Williams,Broad_Tech,Automotive,APAC,Oscilloscopes,LinkedIn,"['MQL', 'Whitepaper_Download_5G_Test', 'Website_Product_Page', 'AutoSens_Tech_Talk', 'Customer']",1
L005797,Michael Williams,Samsu_Tech,Semiconductor,,Oscilloscopes,,"['Keysight_University_Course', 'Keysight_Workshop_RF_Testing', 'Technical_Demo', 'Customer']",1
L005798,Hiroshi Martinez,,,LATAM,PathWave Software,Sales Outreach,"['Whitepaper_Download_5G_Test', 'Opportunity', 'MQL', 'Technical_Demo', 'Customer']",1
L005799,Sofia Singh,,Aerospace,Europe,5G Testbeds,Webinar,"['PathWave_Trial_Request', 'Application_Engineer_Call', 'Application_Engineer_Call', 'Application_Engineer_Call', 'Application_Engineer_Call', 'Whitepaper_Download_5G_Test', 'Application_Engineer_Call', 'Opportunity', 'Website_Product_Page', 'Customer']",1
L005800,Sarah Chen,,Electronics,,,Event,"['Lab_Integration_Discussion', 'DesignCon_Booth_Visit', 'IMS_Badge_Scan', 'Oscilloscope_Selector_Tool', 'Website_Product_Page', 'IMS_Badge_Scan', 'Keysight_Workshop_RF_Testing', 'No_Conversion']",0
L005801,Laura Williams,Raytheon,Telecom,Europe,5G Testbeds,,"['LinkedIn_Ad_Click', 'MQL', 'Loaner_Unit_Evaluation', 'Lab_Integration_Discussion', 'Oscilloscope_Selector_Tool', 'Website_Product_Page', 'MQL', 'Keysight_Workshop_RF_Testing', 'Application_Engineer_Call', 'IMS_Badge_Scan', 'No_Conversion']",0
L005802,Hiroshi Ito,,,APAC,5G Testbeds,Sales Outreach,"['MQL', 'PathWave_Trial_Request', 'Customer']",1
L005803,Priya Khan,Meta Connectivity Labs GmbH,Aerospace,,Automotive Ethernet,Website,"['Keysight_University_Course', 'Loaner_Unit_Evaluation', 'AutoSens_Tech_Talk', 'MQL', 'Oscilloscope_Selector_Tool', 'Oscilloscope_Selector_Tool', 'SQL', 'No_Conversion']",0
L005804,Maria Singh,Sony GmbH,Electronics,North America,PathWave Software,Sales Outreach,"['PathWave_Trial_Request', 'Keysight_Workshop_RF_Testing', 'Loaner_Unit_Evaluation', 'Technical_Demo', 'Loaner_Unit_Evaluation', 'IMS_Badge_Scan', 'LinkedIn_Ad_Click', 'MQL', 'Customer']",1
L005805,Kenji Chen,,Semiconductor,APAC,,Sales Outreach,"['Loaner_Unit_Evaluation', 'Loaner_Unit_Evaluation', 'IMS_Badge_Scan', 'DesignCon_Booth_Visit', 'Application_Engineer_Call', 'Loaner_Unit_Evaluation', 'DesignCon_Booth_Visit', 'AutoSens_Tech_Talk', 'No_Conversion']",0
L005806,Sofia Martinez,Samsung Electronics,Electronics,APAC,Automotive Ethernet,Event,"['Application_Engineer_Call', 'Lab_Integration_Discussion', 'MQL', 'LinkedIn_Ad_Click', 'Technical_Demo', 'Whitepaper_Download_5G_Test', 'Website_Product_Page', 'DesignCon_Booth_Visit', 'Lab_Integration_Discussion', 'MQL', 'Customer']",1
L005807,,NXPSe_Tech,Automotive,,,Event,"['Loaner_Unit_Evaluation', 'Lab_Integration_Discussion', 'DesignCon_Booth_Visit', 'AutoSens_Tech_Talk', 'Website_Product_Page', 'PathWave_Trial_Request', 'No_Conversion']",0
L005808,Maria Johnson,,Electronics,North America,,LinkedIn,"['SQL', 'Oscilloscope_Selector_Tool', 'Oscilloscope_Selector_Tool', 'Customer']",1
L005809,Michael Ito,Sony GmbH,Telecom,North America,Oscilloscopes,Sales Outreach,"['Keysight_University_Course', 'No_Conversion']",0
L005810,,Bosch,Semiconductor,,Oscilloscopes,Webinar,"['PathWave_Trial_Request', 'Oscilloscope_Selector_Tool', 'IMS_Badge_Scan', 'AutoSens_Tech_Talk', 'Keysight_Workshop_RF_Testing', 'Keysight_Workshop_RF_Testing', 'AutoSens_Tech_Talk', 'AutoSens_Tech_Talk', 'Customer']",1
L005811,Kenji Anders,,,North America,,LinkedIn,"['Oscilloscope_Selector_Tool', 'AutoSens_Tech_Talk', 'Whitepaper_Download_5G_Test', 'DesignCon_Booth_Visit', 'Customer']",1
L005812,,Broadcom,Electronics,APAC,Oscilloscopes,Email Campaign,"['Oscilloscope_Selector_Tool', 'Website_Product_Page', 'Application_Engineer_Call', 'Keysight_Workshop_RF_Testing', 'Whitepaper_Download_5G_Test', 'Keysight_University_Course', 'Technical_Demo', 'Customer']",1
L005813,Daniel Singh,Tesla Energy,,North America,5G Testbeds,Email Campaign,"['Website_Product_Page', 'AutoSens_Tech_Talk', 'No_Conversion']",0
L005814,Maria Khan,Sony,Automotive,North America,Oscilloscopes,Sales Outreach,"['AutoSens_Tech_Talk', 'Technical_Demo', 'Keysight_University_Course', 'Lab_Integration_Discussion', 'AutoSens_Tech_Talk', 'Keysight_University_Course', 'Keysight_University_Course', 'DesignCon_Booth_Visit', 'Customer']",1
L005815,,Infin_Tech,,,Oscilloscopes,LinkedIn,"['Keysight_University_Course', 'Customer']",1
L005816,Sofia Khan,Qualcomm,Automotive,Europe,PathWave Software,Sales Outreach,"['PathWave_Trial_Request', 'No_Conversion']",0
L005817,Sofia Khan,MetaC_Tech,,Europe,,Event,"['IMS_Badge_Scan', 'Keysight_University_Course', 'Oscilloscope_Selector_Tool', 'Oscilloscope_Selector_Tool', 'Keysight_Workshop_RF_Testing', 'Technical_Demo', 'LinkedIn_Ad_Click', 'Technical_Demo', 'LinkedIn_Ad_Click', 'No_Conversion']",0
L005818,Ahmed Singh,MetaC_Tech,Aerospace,Europe,,Sales Outreach,['Customer'],1
L005819,Chen Tanaka,,Telecom,North America,,Website,"['Opportunity', 'Keysight_Workshop_RF_Testing', 'DesignCon_Booth_Visit', 'Lab_Integration_Discussion', 'LinkedIn_Ad_Click', 'Customer']",1
L005820,Daniel Lee,NXP Semiconductors,,Europe,Automotive Ethernet,Sales Outreach,"['MQL', 'LinkedIn_Ad_Click', 'Technical_Demo', 'LinkedIn_Ad_Click', 'SQL', 'Website_Product_Page', 'Keysight_Workshop_RF_Testing', 'Website_Product_Page', 'No_Conversion']",0
L005821,Priya Williams,NXPSe_Tech,Telecom,,,LinkedIn,"['Oscilloscope_Selector_Tool', 'DesignCon_Booth_Visit', 'IMS_Badge_Scan', 'Customer']",1
L005822,Sofia Williams,Tesla_Tech,Automotive,LATAM,,Sales Outreach,['No_Conversion'],0
L005823,Michael Patel,Samsung Electronics,Automotive,APAC,,Email Campaign,"['Oscilloscope_Selector_Tool', 'No_Conversion']",0
L005824,Sarah Lee,Broadcom GmbH,Automotive,,Oscilloscopes,LinkedIn,['No_Conversion'],0
L005825,Ravi Williams,Broadcom,,,,LinkedIn,"['Loaner_Unit_Evaluation', 'Technical_Demo', 'Oscilloscope_Selector_Tool', 'Oscilloscope_Selector_Tool', 'No_Conversion']",0
L005826,Michael Martinez,Bosch_Tech,,North America,Automotive Ethernet,Website,"['Oscilloscope_Selector_Tool', 'Application_Engineer_Call', 'IMS_Badge_Scan', 'Whitepaper_Download_5G_Test', 'LinkedIn_Ad_Click', 'Application_Engineer_Call', 'IMS_Badge_Scan', 'No_Conversion']",0
L005827,Maria Anders,Broadcom GmbH,Telecom,APAC,Automotive Ethernet,Email Campaign,"['IMS_Badge_Scan', 'Oscilloscope_Selector_Tool', 'Application_Engineer_Call', 'Keysight_University_Course', 'Keysight_University_Course', 'Application_Engineer_Call', 'SQL', 'MQL', 'DesignCon_Booth_Visit', 'No_Conversion']",0
L005828,Priya Ito,Infineon GmbH,Electronics,North America,5G Testbeds,Event,"['PathWave_Trial_Request', 'AutoSens_Tech_Talk', 'Website_Product_Page', 'Technical_Demo', 'Oscilloscope_Selector_Tool', 'Loaner_Unit_Evaluation', 'Customer']",1
L005829,Sarah Chen,Samsung Electronics,Aerospace,,Automotive Ethernet,Website,['No_Conversion'],0
L005830,Sofia Khan,,,LATAM,Automotive Ethernet,Website,"['Keysight_University_Course', 'Opportunity', 'Keysight_University_Course', 'SQL', 'PathWave_Trial_Request', 'Whitepaper_Download_5G_Test', 'No_Conversion']",0
L005831,Sofia Anders,Qualcomm GmbH,Telecom,Europe,Automotive Ethernet,LinkedIn,"['AutoSens_Tech_Talk', 'Application_Engineer_Call', 'Whitepaper_Download_5G_Test', 'PathWave_Trial_Request', 'SQL', 'PathWave_Trial_Request', 'Customer']",1
L005832,,Bosch,Aerospace,Europe,PathWave Software,LinkedIn,"['Keysight_Workshop_RF_Testing', 'MQL', 'Opportunity', 'Customer']",1
L005833,Chen Garcia,,Telecom,LATAM,PathWave Software,,"['Whitepaper_Download_5G_Test', 'SQL', 'Keysight_Workshop_RF_Testing', 'Website_Product_Page', 'Opportunity', 'No_Conversion']",0
L005834,Priya Tanaka,Qualc_Tech,Electronics,Europe,5G Testbeds,Webinar,"['Opportunity', 'MQL', 'LinkedIn_Ad_Click', 'IMS_Badge_Scan', 'Customer']",1
L005835,Daniel Singh,Qualc_Tech,,LATAM,,,"['SQL', 'Website_Product_Page', 'Customer']",1
L005836,Kenji Singh,Rayth_Tech,Semiconductor,LATAM,5G Testbeds,LinkedIn,['Customer'],1
L005837,Michael Patel,MetaC_Tech,,LATAM,PathWave Software,LinkedIn,['No_Conversion'],0
L005838,Sarah Khan,Qualcomm,Telecom,North America,Automotive Ethernet,Email Campaign,"['DesignCon_Booth_Visit', 'Keysight_University_Course', 'No_Conversion']",0
L005839,Laura Johnson,,Electronics,Europe,PathWave Software,Sales Outreach,"['SQL', 'Website_Product_Page', 'Lab_Integration_Discussion', 'Keysight_University_Course', 'Website_Product_Page', 'Opportunity', 'Technical_Demo', 'No_Conversion']",0
L005840,Daniel Singh,Samsung Electronics,Electronics,APAC,,Event,"['SQL', 'IMS_Badge_Scan', 'No_Conversion']",0
L005841,Chen Garcia,Rayth_Tech,,,5G Testbeds,Sales Outreach,"['Keysight_Workshop_RF_Testing', 'Loaner_Unit_Evaluation', 'PathWave_Trial_Request', 'MQL', 'Website_Product_Page', 'MQL', 'No_Conversion']",0
L005842,,Infineon GmbH,Telecom,Europe,Automotive Ethernet,Email Campaign,"['Whitepaper_Download_5G_Test', 'IMS_Badge_Scan', 'LinkedIn_Ad_Click', 'Oscilloscope_Selector_Tool', 'No_Conversion']",0
L005843,Sofia Lee,Samsung Electronics GmbH,Automotive,,,Website,"['Application_Engineer_Call', 'Lab_Integration_Discussion', 'Application_Engineer_Call', 'LinkedIn_Ad_Click', 'Opportunity', 'No_Conversion']",0
L005844,Kenji Khan,Sony,Telecom,,PathWave Software,Event,"['Lab_Integration_Discussion', 'Keysight_Workshop_RF_Testing', 'DesignCon_Booth_Visit', 'Whitepaper_Download_5G_Test', 'Whitepaper_Download_5G_Test', 'Website_Product_Page', 'No_Conversion']",0
L005845,Hiroshi Garcia,,Electronics,LATAM,Oscilloscopes,LinkedIn,"['Technical_Demo', 'Loaner_Unit_Evaluation', 'IMS_Badge_Scan', 'IMS_Badge_Scan', 'Oscilloscope_Selector_Tool', 'No_Conversion']",0
L005846,Maria Chen,,Semiconductor,APAC,,Sales Outreach,"['Application_Engineer_Call', 'AutoSens_Tech_Talk', 'Keysight_University_Course', 'IMS_Badge_Scan', 'PathWave_Trial_Request', 'Opportunity', 'No_Conversion']",0
L005847,Priya Williams,Sony GmbH,Electronics,Europe,5G Testbeds,Email Campaign,"['Loaner_Unit_Evaluation', 'MQL', 'Loaner_Unit_Evaluation', 'Technical_Demo', 'Oscilloscope_Selector_Tool', 'Whitepaper_Download_5G_Test', 'Technical_Demo', 'Lab_Integration_Discussion', 'No_Conversion']",0
L005848,Maria Martinez,NXP Semiconductors,Electronics,Europe,,Sales Outreach,"['IMS_Badge_Scan', 'Lab_Integration_Discussion', 'PathWave_Trial_Request', 'Keysight_Workshop_RF_Testing', 'Technical_Demo', 'Keysight_University_Course', 'Loaner_Unit_Evaluation', 'Technical_Demo', 'Whitepaper_Download_5G_Test', 'Customer']",1
L005849,Daniel Anders,Tesla_Tech,Automotive,LATAM,Automotive Ethernet,Sales Outreach,"['Technical_Demo', 'Website_Product_Page', 'IMS_Badge_Scan', 'Loaner_Unit_Evaluation', 'Application_Engineer_Call', 'No_Conversion']",0
L005850,Daniel Ito,Qualcomm,,LATAM,5G Testbeds,Email Campaign,['No_Conversion'],0
L005851,Hiroshi Ito,Bosch,,,Automotive Ethernet,,"['DesignCon_Booth_Visit', 'Oscilloscope_Selector_Tool', 'Oscilloscope_Selector_Tool', 'No_Conversion']",0
L005852,Sarah Singh,,Aerospace,Europe,Automotive Ethernet,Email Campaign,"['Opportunity', 'Technical_Demo', 'MQL', 'Customer']",1
L005853,Michael Chen,NXPSe_Tech,Electronics,APAC,,Sales Outreach,"['Keysight_University_Course', 'Customer']",1
L005854,Maria Chen,Broadcom GmbH,Telecom,APAC,PathWave Software,Sales Outreach,"['Keysight_University_Course', 'Loaner_Unit_Evaluation', 'Application_Engineer_Call', 'Whitepaper_Download_5G_Test', 'Technical_Demo', 'Customer']",1
L005855,Daniel Anders,Raytheon,,,,Email Campaign,['No_Conversion'],0
L005856,Chen Garcia,,Telecom,,5G Testbeds,Event,"['AutoSens_Tech_Talk', 'Keysight_University_Course', 'Website_Product_Page', 'No_Conversion']",0
L005857,Michael Singh,Rayth_Tech,Automotive,,5G Testbeds,Sales Outreach,"['Keysight_Workshop_RF_Testing', 'PathWave_Trial_Request', 'DesignCon_Booth_Visit', 'PathWave_Trial_Request', 'Website_Product_Page', 'Keysight_University_Course', 'PathWave_Trial_Request', 'AutoSens_Tech_Talk', 'Keysight_Workshop_RF_Testing', 'No_Conversion']",0
L005858,,Qualcomm GmbH,Automotive,North America,,,"['AutoSens_Tech_Talk', 'Loaner_Unit_Evaluation', 'Customer']",1
L005859,Kenji Singh,Raytheon,Semiconductor,,,Website,"['PathWave_Trial_Request', 'Website_Product_Page', 'Customer']",1
L005860,Sofia Martinez,Meta Connectivity Labs GmbH,,APAC,Oscilloscopes,Website,"['PathWave_Trial_Request', 'PathWave_Trial_Request', 'LinkedIn_Ad_Click', 'Keysight_Workshop_RF_Testing', 'No_Conversion']",0
L005861,Ahmed Martinez,NXPSe_Tech,,LATAM,,Webinar,"['AutoSens_Tech_Talk', 'Whitepaper_Download_5G_Test', 'PathWave_Trial_Request', 'Customer']",1
L005862,Laura Singh,Bosch_Tech,,APAC,,Sales Outreach,"['Keysight_University_Course', 'MQL', 'AutoSens_Tech_Talk', 'No_Conversion']",0
L005863,Ahmed Ito,,Telecom,,,Website,"['Application_Engineer_Call', 'Technical_Demo', 'Website_Product_Page', 'IMS_Badge_Scan', 'Lab_Integration_Discussion', 'Technical_Demo', 'AutoSens_Tech_Talk', 'IMS_Badge_Scan', 'Customer']",1
L005864,Ahmed Martinez,,Aerospace,Europe,,Event,"['SQL', 'SQL', 'SQL', 'DesignCon_Booth_Visit', 'AutoSens_Tech_Talk', 'Customer']",1
L005865,Ravi Johnson,Bosch,Automotive,,Oscilloscopes,,"['AutoSens_Tech_Talk', 'Website_Product_Page', 'MQL', 'Customer']",1
L005866,,Samsung Electronics,Electronics,Europe,PathWave Software,Website,"['Keysight_Workshop_RF_Testing', 'MQL', 'PathWave_Trial_Request', 'Loaner_Unit_Evaluation', 'PathWave_Trial_Request', 'Technical_Demo', 'DesignCon_Booth_Visit', 'Customer']",1
L005867,Maria Tanaka,Qualc_Tech,Semiconductor,APAC,,Email Campaign,"['Keysight_University_Course', 'Website_Product_Page', 'Whitepaper_Download_5G_Test', 'Oscilloscope_Selector_Tool', 'Customer']",1
L005868,Priya Williams,Meta Connectivity Labs GmbH,Telecom,APAC,Automotive Ethernet,Sales Outreach,"['LinkedIn_Ad_Click', 'IMS_Badge_Scan', 'Customer']",1
L005869,Daniel Patel,NXP Semiconductors,,North America,5G Testbeds,Website,"['Oscilloscope_Selector_Tool', 'Keysight_University_Course', 'No_Conversion']",0
L005870,Daniel Singh,,,LATAM,Automotive Ethernet,,"['Loaner_Unit_Evaluation', 'Whitepaper_Download_5G_Test', 'Loaner_Unit_Evaluation', 'Opportunity', 'Whitepaper_Download_5G_Test', 'Customer']",1
L005871,Daniel Tanaka,Meta Connectivity Labs,Aerospace,APAC,PathWave Software,Sales Outreach,"['Website_Product_Page', 'Lab_Integration_Discussion', 'SQL', 'Application_Engineer_Call', 'Loaner_Unit_Evaluation', 'Website_Product_Page', 'DesignCon_Booth_Visit', 'Opportunity', 'Customer']",1
L005872,,,,Europe,,Email Campaign,"['DesignCon_Booth_Visit', 'Lab_Integration_Discussion', 'Website_Product_Page', 'AutoSens_Tech_Talk', 'Keysight_University_Course', 'PathWave_Trial_Request', 'Customer']",1
L005873,Sarah Chen,Rayth_Tech,Aerospace,Europe,PathWave Software,Sales Outreach,"['PathWave_Trial_Request', 'SQL', 'Keysight_University_Course', 'Whitepaper_Download_5G_Test', 'Keysight_University_Course', 'Whitepaper_Download_5G_Test', 'IMS_Badge_Scan', 'IMS_Badge_Scan', 'Loaner_Unit_Evaluation', 'DesignCon_Booth_Visit', 'Customer']",1
L005874,Ahmed Anders,,Electronics,APAC,Oscilloscopes,,"['Loaner_Unit_Evaluation', 'Customer']",1
L005875,Sofia Lee,Infineon GmbH,Telecom,Europe,5G Testbeds,LinkedIn,"['Oscilloscope_Selector_Tool', 'Customer']",1
L005876,Ahmed Tanaka,NXPSe_Tech,Automotive,LATAM,PathWave Software,LinkedIn,"['AutoSens_Tech_Talk', 'Loaner_Unit_Evaluation', 'PathWave_Trial_Request', 'Whitepaper_Download_5G_Test', 'Customer']",1
L005877,,Sony GmbH,Aerospace,APAC,Oscilloscopes,,"['Lab_Integration_Discussion', 'Technical_Demo', 'PathWave_Trial_Request', 'PathWave_Trial_Request', 'Loaner_Unit_Evaluation', 'Lab_Integration_Discussion', 'AutoSens_Tech_Talk', 'Customer']",1
L005878,Laura Williams,Samsu_Tech,Electronics,,Automotive Ethernet,LinkedIn,"['IMS_Badge_Scan', 'Customer']",1
L005879,,,Semiconductor,APAC,Automotive Ethernet,Sales Outreach,"['Keysight_Workshop_RF_Testing', 'Keysight_Workshop_RF_Testing', 'DesignCon_Booth_Visit', 'SQL', 'Customer']",1
L005880,Sofia Garcia,Raytheon GmbH,,Europe,Oscilloscopes,Webinar,"['Oscilloscope_Selector_Tool', 'LinkedIn_Ad_Click', 'Loaner_Unit_Evaluation', 'Keysight_University_Course', 'PathWave_Trial_Request', 'Keysight_Workshop_RF_Testing', 'SQL', 'Customer']",1
L005881,Maria Chen,Samsung Electronics,Semiconductor,North America,5G Testbeds,Website,"['MQL', 'LinkedIn_Ad_Click', 'LinkedIn_Ad_Click', 'Loaner_Unit_Evaluation', 'AutoSens_Tech_Talk', 'MQL', 'Opportunity', 'MQL', 'PathWave_Trial_Request', 'No_Conversion']",0
L005882,Daniel Chen,Qualcomm GmbH,Electronics,North America,5G Testbeds,LinkedIn,"['MQL', 'Loaner_Unit_Evaluation', 'DesignCon_Booth_Visit', 'PathWave_Trial_Request', 'Loaner_Unit_Evaluation', 'No_Conversion']",0
L005883,Chen Garcia,Infineon GmbH,Electronics,,Oscilloscopes,LinkedIn,"['AutoSens_Tech_Talk', 'LinkedIn_Ad_Click', 'PathWave_Trial_Request', 'MQL', 'Customer']",1
L005884,Ahmed Patel,Qualcomm GmbH,Aerospace,,5G Testbeds,Webinar,"['Loaner_Unit_Evaluation', 'Customer']",1
L005885,,Qualcomm GmbH,,Europe,Oscilloscopes,Webinar,"['Oscilloscope_Selector_Tool', 'Application_Engineer_Call', 'LinkedIn_Ad_Click', 'Whitepaper_Download_5G_Test', 'PathWave_Trial_Request', 'No_Conversion']",0
L005886,Kenji Anders,NXPSe_Tech,,,,LinkedIn,"['Whitepaper_Download_5G_Test', 'SQL', 'SQL', 'Keysight_University_Course', 'Opportunity', 'Whitepaper_Download_5G_Test', 'Technical_Demo', 'Technical_Demo', 'AutoSens_Tech_Talk', 'Customer']",1
L005887,Laura Chen,Sony_Tech,Aerospace,Europe,PathWave Software,Website,"['Website_Product_Page', 'Opportunity', 'AutoSens_Tech_Talk', 'No_Conversion']",0
L005888,Priya Williams,Tesla Energy,Automotive,LATAM,5G Testbeds,Website,['Customer'],1
L005889,Maria Johnson,Samsu_Tech,Electronics,LATAM,5G Testbeds,Event,"['Lab_Integration_Discussion', 'Application_Engineer_Call', 'Whitepaper_Download_5G_Test', 'Lab_Integration_Discussion', 'No_Conversion']",0
L005890,Daniel Williams,,Semiconductor,LATAM,PathWave Software,Event,"['Oscilloscope_Selector_Tool', 'Application_Engineer_Call', 'IMS_Badge_Scan', 'AutoSens_Tech_Talk', 'Customer']",1
L005891,,Tesla Energy,,APAC,Oscilloscopes,Website,"['LinkedIn_Ad_Click', 'LinkedIn_Ad_Click', 'AutoSens_Tech_Talk', 'Application_Engineer_Call', 'No_Conversion']",0
L005892,Chen Patel,Qualcomm,Electronics,LATAM,,Email Campaign,"['LinkedIn_Ad_Click', 'Oscilloscope_Selector_Tool', 'Whitepaper_Download_5G_Test', 'MQL', 'LinkedIn_Ad_Click', 'Website_Product_Page', 'Application_Engineer_Call', 'LinkedIn_Ad_Click', 'Keysight_Workshop_RF_Testing', 'Keysight_University_Course', 'No_Conversion']",0
L005893,,Samsung Electronics,Aerospace,Europe,5G Testbeds,Sales Outreach,"['IMS_Badge_Scan', 'Whitepaper_Download_5G_Test', 'Opportunity', 'No_Conversion']",0
L005894,Kenji Khan,Bosch_Tech,Semiconductor,LATAM,Oscilloscopes,Website,['No_Conversion'],0
L005895,Michael Garcia,Sony_Tech,Semiconductor,,Oscilloscopes,,"['SQL', 'DesignCon_Booth_Visit', 'Opportunity', 'Customer']",1
L005896,Maria Anders,Infineon GmbH,Telecom,APAC,Oscilloscopes,,"['Oscilloscope_Selector_Tool', 'IMS_Badge_Scan', 'Customer']",1
L005897,,Infineon GmbH,,LATAM,,Sales Outreach,"['Application_Engineer_Call', 'Technical_Demo', 'Whitepaper_Download_5G_Test', 'Lab_Integration_Discussion', 'Customer']",1
L005898,Ahmed Chen,Raytheon,Semiconductor,,Oscilloscopes,LinkedIn,"['MQL', 'PathWave_Trial_Request', 'PathWave_Trial_Request', 'Whitepaper_Download_5G_Test', 'Oscilloscope_Selector_Tool', 'Keysight_University_Course', 'Keysight_University_Course', 'Keysight_University_Course', 'Customer']",1
L005899,Chen Chen,,,,Automotive Ethernet,Email Campaign,"['Whitepaper_Download_5G_Test', 'DesignCon_Booth_Visit', 'MQL', 'Customer']",1
L005900,Sofia Garcia,Infin_Tech,Telecom,Europe,,Website,"['Lab_Integration_Discussion', 'Loaner_Unit_Evaluation', 'Technical_Demo', 'Website_Product_Page', 'No_Conversion']",0
L005901,,,Semiconductor,LATAM,5G Testbeds,Email Campaign,"['AutoSens_Tech_Talk', 'Lab_Integration_Discussion', 'Oscilloscope_Selector_Tool', 'Customer']",1
L005902,Ahmed Garcia,,Aerospace,LATAM,5G Testbeds,Email Campaign,"['IMS_Badge_Scan', 'SQL', 'IMS_Badge_Scan', 'No_Conversion']",0
L005903,Chen Johnson,NXP Semiconductors,Electronics,,PathWave Software,Email Campaign,"['MQL', 'Oscilloscope_Selector_Tool', 'Whitepaper_Download_5G_Test', 'AutoSens_Tech_Talk', 'No_Conversion']",0
L005904,Sofia Chen,,,LATAM,,LinkedIn,"['Oscilloscope_Selector_Tool', 'Opportunity', 'Opportunity', 'Customer']",1
L005905,Ahmed Ito,NXPSe_Tech,Telecom,,,,['Customer'],1
L005906,Maria Anders,Tesla Energy,,LATAM,5G Testbeds,Sales Outreach,"['Website_Product_Page', 'Application_Engineer_Call', 'Opportunity', 'Keysight_Workshop_RF_Testing', 'Keysight_University_Course', 'LinkedIn_Ad_Click', 'LinkedIn_Ad_Click', 'DesignCon_Booth_Visit', 'PathWave_Trial_Request', 'No_Conversion']",0
L005907,Kenji Ito,,Aerospace,North America,PathWave Software,LinkedIn,"['Loaner_Unit_Evaluation', 'LinkedIn_Ad_Click', 'Whitepaper_Download_5G_Test', 'Loaner_Unit_Evaluation', 'Technical_Demo', 'Customer']",1
L005908,Laura Johnson,,Telecom,APAC,5G Testbeds,LinkedIn,"['PathWave_Trial_Request', 'PathWave_Trial_Request', 'PathWave_Trial_Request', 'Website_Product_Page', 'No_Conversion']",0
L005909,Chen Garcia,Tesla Energy,Semiconductor,,5G Testbeds,Event,"['AutoSens_Tech_Talk', 'PathWave_Trial_Request', 'DesignCon_Booth_Visit', 'No_Conversion']",0
L005910,Maria Singh,Qualcomm GmbH,Telecom,APAC,,Sales Outreach,"['Whitepaper_Download_5G_Test', 'Customer']",1
L005911,Laura Anders,NXP Semiconductors,Electronics,APAC,5G Testbeds,,"['Loaner_Unit_Evaluation', 'Loaner_Unit_Evaluation', 'Opportunity', 'Keysight_University_Course', 'No_Conversion']",0
L005912,Priya Lee,Meta Connectivity Labs,,Europe,Oscilloscopes,Sales Outreach,"['Technical_Demo', 'AutoSens_Tech_Talk', 'Whitepaper_Download_5G_Test', 'Customer']",1
L005913,Ravi Johnson,Broadcom,Semiconductor,,5G Testbeds,Sales Outreach,"['Whitepaper_Download_5G_Test', 'LinkedIn_Ad_Click', 'Whitepaper_Download_5G_Test', 'Customer']",1
L005914,Laura Singh,NXPSe_Tech,Telecom,LATAM,,Webinar,"['MQL', 'Oscilloscope_Selector_Tool', 'No_Conversion']",0
L005915,Sofia Khan,Tesla Energy,Semiconductor,LATAM,Oscilloscopes,Webinar,['Customer'],1
L005916,Priya Patel,Infineon GmbH,,North America,Oscilloscopes,Sales Outreach,"['DesignCon_Booth_Visit', 'No_Conversion']",0
L005917,Michael Patel,,Semiconductor,LATAM,Oscilloscopes,Webinar,"['SQL', 'Opportunity', 'SQL', 'DesignCon_Booth_Visit', 'No_Conversion']",0
L005918,Maria Williams,,,North America,5G Testbeds,LinkedIn,"['AutoSens_Tech_Talk', 'MQL', 'MQL', 'AutoSens_Tech_Talk', 'SQL', 'Keysight_University_Course', 'Keysight_University_Course', 'No_Conversion']",0
L005919,Laura Khan,Sony_Tech,Electronics,APAC,,Website,"['Loaner_Unit_Evaluation', 'Whitepaper_Download_5G_Test', 'No_Conversion']",0
L005920,Hiroshi Johnson,Samsung Electronics,Automotive,,,,"['Application_Engineer_Call', 'LinkedIn_Ad_Click', 'Loaner_Unit_Evaluation', 'Technical_Demo', 'Keysight_University_Course', 'LinkedIn_Ad_Click', 'Lab_Integration_Discussion', 'Technical_Demo', 'Oscilloscope_Selector_Tool', 'Customer']",1
L005921,Maria Lee,Bosch GmbH,,Europe,Oscilloscopes,Email Campaign,"['Technical_Demo', 'Application_Engineer_Call', 'Whitepaper_Download_5G_Test', 'LinkedIn_Ad_Click', 'Loaner_Unit_Evaluation', 'Technical_Demo', 'No_Conversion']",0
L005922,Kenji Martinez,Broad_Tech,Automotive,North America,PathWave Software,Sales Outreach,"['Keysight_University_Course', 'Technical_Demo', 'Lab_Integration_Discussion', 'Keysight_University_Course', 'SQL', 'Loaner_Unit_Evaluation', 'DesignCon_Booth_Visit', 'Application_Engineer_Call', 'LinkedIn_Ad_Click', 'Whitepaper_Download_5G_Test', 'Customer']",1
L005923,,Infin_Tech,Automotive,North America,,Email Campaign,"['DesignCon_Booth_Visit', 'Keysight_Workshop_RF_Testing', 'MQL', 'No_Conversion']",0
L005924,,Meta Connectivity Labs,Aerospace,LATAM,Oscilloscopes,LinkedIn,"['AutoSens_Tech_Talk', 'Application_Engineer_Call', 'No_Conversion']",0
L005925,Priya Khan,Bosch_Tech,Aerospace,APAC,,Sales Outreach,"['Oscilloscope_Selector_Tool', 'Loaner_Unit_Evaluation', 'Keysight_Workshop_RF_Testing', 'Keysight_Workshop_RF_Testing', 'PathWave_Trial_Request', 'SQL', 'No_Conversion']",0
L005926,Sarah Lee,Meta Connectivity Labs,,North America,Oscilloscopes,Webinar,"['IMS_Badge_Scan', 'LinkedIn_Ad_Click', 'Loaner_Unit_Evaluation', 'Opportunity', 'Keysight_Workshop_RF_Testing', 'Customer']",1
L005927,,Samsu_Tech,,Europe,,LinkedIn,"['MQL', 'IMS_Badge_Scan', 'MQL', 'Customer']",1
L005928,Ahmed Martinez,,Automotive,APAC,,LinkedIn,"['SQL', 'No_Conversion']",0
L005929,Daniel Johnson,Broadcom GmbH,,APAC,5G Testbeds,Webinar,"['Technical_Demo', 'Application_Engineer_Call', 'Whitepaper_Download_5G_Test', 'AutoSens_Tech_Talk', 'IMS_Badge_Scan', 'Technical_Demo', 'Technical_Demo', 'No_Conversion']",0
L005930,Michael Patel,Samsu_Tech,Automotive,APAC,5G Testbeds,,"['Loaner_Unit_Evaluation', 'AutoSens_Tech_Talk', 'Technical_Demo', 'Keysight_Workshop_RF_Testing', 'No_Conversion']",0
L005931,Maria Garcia,Samsung Electronics,Aerospace,APAC,Automotive Ethernet,LinkedIn,"['Whitepaper_Download_5G_Test', 'Lab_Integration_Discussion', 'SQL', 'Customer']",1
L005932,Maria Lee,,Aerospace,North America,,,"['AutoSens_Tech_Talk', 'DesignCon_Booth_Visit', 'No_Conversion']",0
L005933,Ahmed Lee,,Aerospace,,,Website,"['Technical_Demo', 'Technical_Demo', 'Website_Product_Page', 'PathWave_Trial_Request', 'Application_Engineer_Call', 'Keysight_Workshop_RF_Testing', 'Customer']",1
L005934,Sofia Singh,Meta Connectivity Labs,Electronics,LATAM,,Webinar,"['DesignCon_Booth_Visit', 'Website_Product_Page', 'LinkedIn_Ad_Click', 'Loaner_Unit_Evaluation', 'Lab_Integration_Discussion', 'DesignCon_Booth_Visit', 'No_Conversion']",0
L005935,Sarah Chen,Infineon GmbH,,,5G Testbeds,LinkedIn,"['DesignCon_Booth_Visit', 'Keysight_Workshop_RF_Testing', 'No_Conversion']",0
L005936,Sofia Garcia,Sony GmbH,Aerospace,,,Event,"['Website_Product_Page', 'Whitepaper_Download_5G_Test', 'Customer']",1
L005937,Laura Singh,Sony GmbH,Automotive,LATAM,5G Testbeds,Sales Outreach,"['Whitepaper_Download_5G_Test', 'Oscilloscope_Selector_Tool', 'IMS_Badge_Scan', 'PathWave_Trial_Request', 'Customer']",1
L005938,Ahmed Chen,Qualcomm,,,,Event,"['Keysight_Workshop_RF_Testing', 'Loaner_Unit_Evaluation', 'LinkedIn_Ad_Click', 'Keysight_University_Course', 'Oscilloscope_Selector_Tool', 'Customer']",1
L005939,,Sony GmbH,,,Automotive Ethernet,Email Campaign,"['MQL', 'Application_Engineer_Call', 'PathWave_Trial_Request', 'Customer']",1
L005940,Ravi Johnson,NXP Semiconductors,Semiconductor,,,Event,"['Keysight_University_Course', 'Keysight_Workshop_RF_Testing', 'IMS_Badge_Scan', 'Loaner_Unit_Evaluation', 'Customer']",1
L005941,Michael Singh,Infin_Tech,Automotive,APAC,5G Testbeds,Website,"['DesignCon_Booth_Visit', 'Lab_Integration_Discussion', 'PathWave_Trial_Request', 'Whitepaper_Download_5G_Test', 'MQL', 'DesignCon_Booth_Visit', 'Customer']",1
L005942,Michael Williams,Meta Connectivity Labs,Aerospace,APAC,PathWave Software,Sales Outreach,['Customer'],1
L005943,,Qualc_Tech,Automotive,Europe,,Website,"['Lab_Integration_Discussion', 'Customer']",1
L005944,Michael Singh,Infineon,Automotive,LATAM,Automotive Ethernet,Webinar,"['IMS_Badge_Scan', 'IMS_Badge_Scan', 'Customer']",1
L005945,Hiroshi Tanaka,,Semiconductor,,Oscilloscopes,Webinar,"['LinkedIn_Ad_Click', 'Keysight_University_Course', 'IMS_Badge_Scan', 'Customer']",1
L005946,Chen Lee,Rayth_Tech,,,,LinkedIn,"['DesignCon_Booth_Visit', 'Application_Engineer_Call', 'Whitepaper_Download_5G_Test', 'SQL', 'Opportunity', 'Website_Product_Page', 'PathWave_Trial_Request', 'Keysight_University_Course', 'Customer']",1
L005947,Hiroshi Singh,Tesla Energy GmbH,Automotive,North America,5G Testbeds,Email Campaign,"['Keysight_University_Course', 'Keysight_Workshop_RF_Testing', 'No_Conversion']",0
L005948,Laura Williams,Qualcomm GmbH,Electronics,North America,Oscilloscopes,Event,"['Keysight_University_Course', 'Keysight_Workshop_RF_Testing', 'Customer']",1
L005949,Hiroshi Garcia,Samsung Electronics,Semiconductor,,Automotive Ethernet,Sales Outreach,"['Application_Engineer_Call', 'Lab_Integration_Discussion', 'Lab_Integration_Discussion', 'Technical_Demo', 'Customer']",1
L005950,Chen Patel,Qualcomm,Semiconductor,APAC,,Sales Outreach,['No_Conversion'],0
L005951,Kenji Martinez,Tesla Energy,Aerospace,APAC,,LinkedIn,"['PathWave_Trial_Request', 'Opportunity', 'Customer']",1
L005952,Ravi Johnson,,,North America,Automotive Ethernet,Email Campaign,"['Whitepaper_Download_5G_Test', 'DesignCon_Booth_Visit', 'MQL', 'Opportunity', 'SQL', 'MQL', 'IMS_Badge_Scan', 'LinkedIn_Ad_Click', 'SQL', 'Website_Product_Page', 'Customer']",1
L005953,Kenji Johnson,Qualc_Tech,,Europe,,Webinar,"['PathWave_Trial_Request', 'Opportunity', 'Website_Product_Page', 'Customer']",1
L005954,Laura Lee,,Telecom,,Oscilloscopes,,"['MQL', 'Lab_Integration_Discussion', 'Customer']",1
L005955,Daniel Chen,Samsu_Tech,,Europe,Automotive Ethernet,Website,"['Oscilloscope_Selector_Tool', 'Keysight_Workshop_RF_Testing', 'Application_Engineer_Call', 'Technical_Demo', 'DesignCon_Booth_Visit', 'Keysight_Workshop_RF_Testing', 'Customer']",1
L005956,Michael Anders,Samsu_Tech,Semiconductor,APAC,PathWave Software,LinkedIn,"['Whitepaper_Download_5G_Test', 'Keysight_Workshop_RF_Testing', 'Keysight_Workshop_RF_Testing', 'Loaner_Unit_Evaluation', 'Whitepaper_Download_5G_Test', 'No_Conversion']",0
L005957,,Infineon,Automotive,North America,,Webinar,"['AutoSens_Tech_Talk', 'AutoSens_Tech_Talk', 'No_Conversion']",0
L005958,Chen Martinez,Tesla Energy GmbH,Aerospace,APAC,5G Testbeds,Website,"['MQL', 'SQL', 'Oscilloscope_Selector_Tool', 'Keysight_Workshop_RF_Testing', 'AutoSens_Tech_Talk', 'SQL', 'MQL', 'Application_Engineer_Call', 'SQL', 'IMS_Badge_Scan', 'Customer']",1
L005959,Kenji Chen,Bosch_Tech,Automotive,LATAM,5G Testbeds,Website,"['Website_Product_Page', 'Whitepaper_Download_5G_Test', 'LinkedIn_Ad_Click', 'Keysight_University_Course', 'DesignCon_Booth_Visit', 'DesignCon_Booth_Visit', 'SQL', 'Keysight_University_Course', 'No_Conversion']",0
L005960,Chen Anders,MetaC_Tech,,APAC,PathWave Software,,"['Whitepaper_Download_5G_Test', 'Application_Engineer_Call', 'Keysight_University_Course', 'Keysight_University_Course', 'Keysight_University_Course', 'Keysight_Workshop_RF_Testing', 'LinkedIn_Ad_Click', 'DesignCon_Booth_Visit', 'LinkedIn_Ad_Click', 'MQL', 'No_Conversion']",0
L005961,Ahmed Lee,,,,,LinkedIn,"['DesignCon_Booth_Visit', 'Website_Product_Page', 'SQL', 'Website_Product_Page', 'Application_Engineer_Call', 'Website_Product_Page', 'PathWave_Trial_Request', 'Whitepaper_Download_5G_Test', 'No_Conversion']",0
L005962,Ahmed Lee,NXPSe_Tech,Semiconductor,Europe,Automotive Ethernet,Website,"['LinkedIn_Ad_Click', 'Lab_Integration_Discussion', 'No_Conversion']",0
L005963,Chen Khan,Rayth_Tech,,APAC,PathWave Software,LinkedIn,"['DesignCon_Booth_Visit', 'LinkedIn_Ad_Click', 'Technical_Demo', 'IMS_Badge_Scan', 'Loaner_Unit_Evaluation', 'Website_Product_Page', 'Oscilloscope_Selector_Tool', 'Lab_Integration_Discussion', 'LinkedIn_Ad_Click', 'Customer']",1
L005964,Kenji Martinez,,,Europe,,Event,"['PathWave_Trial_Request', 'AutoSens_Tech_Talk', 'Technical_Demo', 'Whitepaper_Download_5G_Test', 'Oscilloscope_Selector_Tool', 'No_Conversion']",0
L005965,,Qualc_Tech,,LATAM,,Email Campaign,"['IMS_Badge_Scan', 'No_Conversion']",0
L005966,Chen Anders,,Semiconductor,,,Email Campaign,"['IMS_Badge_Scan', 'Opportunity', 'LinkedIn_Ad_Click', 'Website_Product_Page', 'No_Conversion']",0
L005967,Chen Garcia,Broadcom GmbH,Aerospace,North America,Automotive Ethernet,,"['Website_Product_Page', 'Customer']",1
L005968,Sofia Tanaka,,Electronics,Europe,5G Testbeds,Event,"['IMS_Badge_Scan', 'Website_Product_Page', 'Loaner_Unit_Evaluation', 'Whitepaper_Download_5G_Test', 'No_Conversion']",0
L005969,Maria Garcia,Broadcom GmbH,Telecom,Europe,Automotive Ethernet,Email Campaign,"['Website_Product_Page', 'Application_Engineer_Call', 'AutoSens_Tech_Talk', 'Keysight_Workshop_RF_Testing', 'Customer']",1
L005970,Laura Williams,Rayth_Tech,Telecom,APAC,,Event,"['Oscilloscope_Selector_Tool', 'Website_Product_Page', 'PathWave_Trial_Request', 'DesignCon_Booth_Visit', 'IMS_Badge_Scan', 'Application_Engineer_Call', 'No_Conversion']",0
L005971,Maria Ito,,Electronics,Europe,PathWave Software,Website,"['IMS_Badge_Scan', 'SQL', 'Application_Engineer_Call', 'Customer']",1
L005972,Sofia Patel,Infin_Tech,,North America,,Website,"['DesignCon_Booth_Visit', 'Whitepaper_Download_5G_Test', 'Loaner_Unit_Evaluation', 'Keysight_University_Course', 'Keysight_Workshop_RF_Testing', 'Customer']",1
L005973,Maria Chen,Broad_Tech,Semiconductor,APAC,,,"['DesignCon_Booth_Visit', 'No_Conversion']",0
L005974,,,,Europe,,,"['SQL', 'SQL', 'PathWave_Trial_Request', 'DesignCon_Booth_Visit', 'Customer']",1
L005975,Hiroshi Khan,Infineon GmbH,Telecom,,Oscilloscopes,LinkedIn,"['SQL', 'IMS_Badge_Scan', 'Loaner_Unit_Evaluation', 'No_Conversion']",0
L005976,Sarah Martinez,Rayth_Tech,Electronics,Europe,PathWave Software,Webinar,"['AutoSens_Tech_Talk', 'Oscilloscope_Selector_Tool', 'MQL', 'IMS_Badge_Scan', 'No_Conversion']",0
L005977,Sarah Tanaka,,Aerospace,APAC,PathWave Software,Email Campaign,"['PathWave_Trial_Request', 'Keysight_Workshop_RF_Testing', 'Loaner_Unit_Evaluation', 'Whitepaper_Download_5G_Test', 'DesignCon_Booth_Visit', 'No_Conversion']",0
L005978,Ravi Lee,Qualcomm GmbH,Aerospace,Europe,,Event,"['Keysight_Workshop_RF_Testing', 'Customer']",1
L005979,Laura Patel,Infineon,,Europe,Automotive Ethernet,Webinar,['No_Conversion'],0
L005980,Ahmed Martinez,Infineon,Automotive,APAC,5G Testbeds,Email Campaign,"['Opportunity', 'MQL', 'Website_Product_Page', 'Oscilloscope_Selector_Tool', 'Oscilloscope_Selector_Tool', 'No_Conversion']",0
L005981,Maria Chen,Sony_Tech,Telecom,,,Event,"['Technical_Demo', 'MQL', 'IMS_Badge_Scan', 'No_Conversion']",0
L005982,,Infineon,,,PathWave Software,Sales Outreach,"['Oscilloscope_Selector_Tool', 'Whitepaper_Download_5G_Test', 'Keysight_University_Course', 'Customer']",1
L005983,Sofia Tanaka,Infin_Tech,,,Oscilloscopes,Sales Outreach,"['Application_Engineer_Call', 'Keysight_Workshop_RF_Testing', 'LinkedIn_Ad_Click', 'IMS_Badge_Scan', 'Application_Engineer_Call', 'Customer']",1
L005984,Hiroshi Garcia,,Semiconductor,Europe,,Sales Outreach,"['Keysight_University_Course', 'IMS_Badge_Scan', 'Keysight_University_Course', 'SQL', 'Application_Engineer_Call', 'Technical_Demo', 'AutoSens_Tech_Talk', 'Keysight_University_Course', 'IMS_Badge_Scan', 'PathWave_Trial_Request', 'Customer']",1
L005985,Ahmed Chen,Meta Connectivity Labs,,Europe,Automotive Ethernet,Event,"['Opportunity', 'Customer']",1
L005986,Hiroshi Anders,Broadcom GmbH,Automotive,Europe,PathWave Software,,"['Application_Engineer_Call', 'DesignCon_Booth_Visit', 'MQL', 'MQL', 'No_Conversion']",0
L005987,Michael Singh,Sony_Tech,Automotive,LATAM,Automotive Ethernet,Website,"['Keysight_Workshop_RF_Testing', 'Customer']",1
L005988,Ravi Johnson,MetaC_Tech,,North America,PathWave Software,Webinar,"['PathWave_Trial_Request', 'AutoSens_Tech_Talk', 'No_Conversion']",0
L005989,Michael Garcia,,,LATAM,5G Testbeds,Event,['No_Conversion'],0
L005990,,Rayth_Tech,Electronics,,Oscilloscopes,,"['Keysight_Workshop_RF_Testing', 'Application_Engineer_Call', 'Keysight_University_Course', 'Whitepaper_Download_5G_Test', 'Lab_Integration_Discussion', 'No_Conversion']",0
L005991,Hiroshi Ito,Qualc_Tech,,APAC,,Email Campaign,"['Keysight_University_Course', 'MQL', 'Application_Engineer_Call', 'Application_Engineer_Call', 'AutoSens_Tech_Talk', 'Lab_Integration_Discussion', 'Customer']",1
L005992,Hiroshi Singh,Meta Connectivity Labs GmbH,,APAC,,Sales Outreach,"['Opportunity', 'LinkedIn_Ad_Click', 'Website_Product_Page', 'Application_Engineer_Call', 'Oscilloscope_Selector_Tool', 'Keysight_Workshop_RF_Testing', 'Application_Engineer_Call', 'No_Conversion']",0
L005993,Laura Patel,Broadcom,,,,Website,"['MQL', 'SQL', 'Keysight_Workshop_RF_Testing', 'Loaner_Unit_Evaluation', 'PathWave_Trial_Request', 'Customer']",1
L005994,,,,,,Event,['Customer'],1
L005995,Priya Ito,NXP Semiconductors,Automotive,Europe,Automotive Ethernet,Email Campaign,"['Keysight_Workshop_RF_Testing', 'Lab_Integration_Discussion', 'Loaner_Unit_Evaluation', 'Lab_Integration_Discussion', 'Application_Engineer_Call', 'PathWave_Trial_Request', 'Loaner_Unit_Evaluation', 'PathWave_Trial_Request', 'Keysight_University_Course', 'No_Conversion']",0
L005996,Maria Johnson,Broadcom GmbH,,Europe,,Webinar,"['Lab_Integration_Discussion', 'AutoSens_Tech_Talk', 'AutoSens_Tech_Talk', 'Keysight_University_Course', 'AutoSens_Tech_Talk', 'Lab_Integration_Discussion', 'SQL', 'Customer']",1
L005997,Kenji Lee,,,LATAM,,Webinar,['Customer'],1
L005998,Hiroshi Martinez,Raytheon,Telecom,LATAM,Automotive Ethernet,Event,"['IMS_Badge_Scan', 'Keysight_University_Course', 'Website_Product_Page', 'LinkedIn_Ad_Click', 'LinkedIn_Ad_Click', 'Keysight_Workshop_RF_Testing', 'Technical_Demo', 'DesignCon_Booth_Visit', 'Lab_Integration_Discussion', 'Whitepaper_Download_5G_Test', 'Customer']",1
L005999,,Bosch GmbH,Telecom,Europe,,Sales Outreach,"['Keysight_University_Course', 'AutoSens_Tech_Talk', 'No_Conversion']",0
L006000,Laura Johnson,Infineon GmbH,Aerospace,North America,PathWave Software,,"['Lab_Integration_Discussion', 'No_Conversion']",0
L006001,Ravi Johnson,Samsung Electronics GmbH,Semiconductor,,Automotive Ethernet,LinkedIn,"['Loaner_Unit_Evaluation', 'AutoSens_Tech_Talk', 'Keysight_Workshop_RF_Testing', 'Customer']",1
L006002,Sofia Williams,Qualc_Tech,,,Automotive Ethernet,Website,"['Technical_Demo', 'No_Conversion']",0
L006003,Chen Patel,,,APAC,Oscilloscopes,,"['Oscilloscope_Selector_Tool', 'AutoSens_Tech_Talk', 'Whitepaper_Download_5G_Test', 'LinkedIn_Ad_Click', 'Website_Product_Page', 'No_Conversion']",0
L006004,Hiroshi Garcia,Infineon,Automotive,North America,PathWave Software,Website,"['PathWave_Trial_Request', 'Keysight_University_Course', 'MQL', 'MQL', 'Website_Product_Page', 'Customer']",1
L006005,Hiroshi Khan,NXP Semiconductors GmbH,Electronics,LATAM,5G Testbeds,Email Campaign,"['MQL', 'Lab_Integration_Discussion', 'Application_Engineer_Call', 'AutoSens_Tech_Talk', 'AutoSens_Tech_Talk', 'Keysight_University_Course', 'MQL', 'Lab_Integration_Discussion', 'Keysight_University_Course', 'Oscilloscope_Selector_Tool', 'Customer']",1
L006006,Ravi Tanaka,Samsu_Tech,,North America,Oscilloscopes,Email Campaign,"['Oscilloscope_Selector_Tool', 'No_Conversion']",0
L006007,Laura Ito,Bosch,Semiconductor,,Oscilloscopes,Webinar,"['Oscilloscope_Selector_Tool', 'Website_Product_Page', 'Oscilloscope_Selector_Tool', 'DesignCon_Booth_Visit', 'No_Conversion']",0
L006008,Chen Chen,,,North America,,Website,"['Oscilloscope_Selector_Tool', 'Oscilloscope_Selector_Tool', 'Whitepaper_Download_5G_Test', 'Customer']",1
L006009,Daniel Patel,Meta Connectivity Labs,,Europe,,LinkedIn,"['LinkedIn_Ad_Click', 'Opportunity', 'Customer']",1
L006010,Priya Chen,MetaC_Tech,Semiconductor,LATAM,,Email Campaign,"['MQL', 'SQL', 'Customer']",1
L006011,Daniel Khan,,Telecom,North America,PathWave Software,Website,"['IMS_Badge_Scan', 'Keysight_Workshop_RF_Testing', 'MQL', 'No_Conversion']",0
L006012,Sarah Patel,Infin_Tech,,,,Sales Outreach,"['SQL', 'Website_Product_Page', 'Technical_Demo', 'Technical_Demo', 'LinkedIn_Ad_Click', 'SQL', 'LinkedIn_Ad_Click', 'Opportunity', 'Keysight_Workshop_RF_Testing', 'No_Conversion']",0
L006013,,Sony GmbH,Aerospace,Europe,,Email Campaign,"['DesignCon_Booth_Visit', 'No_Conversion']",0
L006014,Michael Williams,,Aerospace,North America,,Event,['No_Conversion'],0
L006015,Michael Williams,NXP Semiconductors,,APAC,Oscilloscopes,LinkedIn,['No_Conversion'],0
L006016,Kenji Garcia,Tesla_Tech,Semiconductor,Europe,,Email Campaign,"['DesignCon_Booth_Visit', 'Whitepaper_Download_5G_Test', 'Oscilloscope_Selector_Tool', 'PathWave_Trial_Request', 'Technical_Demo', 'Keysight_Workshop_RF_Testing', 'Lab_Integration_Discussion', 'MQL', 'Technical_Demo', 'Customer']",1
L006017,Ahmed Lee,Raytheon,,North America,,Email Campaign,"['Loaner_Unit_Evaluation', 'Opportunity', 'DesignCon_Booth_Visit', 'Keysight_University_Course', 'Oscilloscope_Selector_Tool', 'Loaner_Unit_Evaluation', 'Keysight_Workshop_RF_Testing', 'PathWave_Trial_Request', 'No_Conversion']",0
L006018,Maria Martinez,,Aerospace,North America,Automotive Ethernet,LinkedIn,"['IMS_Badge_Scan', 'AutoSens_Tech_Talk', 'PathWave_Trial_Request', 'No_Conversion']",0
L006019,Sofia Martinez,Samsung Electronics,Automotive,,5G Testbeds,LinkedIn,"['AutoSens_Tech_Talk', 'Application_Engineer_Call', 'LinkedIn_Ad_Click', 'IMS_Badge_Scan', 'Keysight_Workshop_RF_Testing', 'Whitepaper_Download_5G_Test', 'MQL', 'Technical_Demo', 'Whitepaper_Download_5G_Test', 'No_Conversion']",0
L006020,Kenji Lee,Sony GmbH,,APAC,Oscilloscopes,LinkedIn,"['Lab_Integration_Discussion', 'Loaner_Unit_Evaluation', 'Oscilloscope_Selector_Tool', 'Website_Product_Page', 'Keysight_University_Course', 'MQL', 'Whitepaper_Download_5G_Test', 'LinkedIn_Ad_Click', 'Loaner_Unit_Evaluation', 'PathWave_Trial_Request', 'Customer']",1
L006021,Chen Johnson,Infineon,Electronics,,PathWave Software,Website,"['MQL', 'Loaner_Unit_Evaluation', 'Keysight_University_Course', 'MQL', 'Opportunity', 'AutoSens_Tech_Talk', 'Application_Engineer_Call', 'Keysight_Workshop_RF_Testing', 'No_Conversion']",0
L006022,Ravi Williams,NXP Semiconductors GmbH,Automotive,APAC,,,"['Loaner_Unit_Evaluation', 'Customer']",1
L006023,Priya Anders,,Semiconductor,North America,Oscilloscopes,Webinar,"['SQL', 'Whitepaper_Download_5G_Test', 'LinkedIn_Ad_Click', 'PathWave_Trial_Request', 'Technical_Demo', 'IMS_Badge_Scan', 'Whitepaper_Download_5G_Test', 'PathWave_Trial_Request', 'SQL', 'No_Conversion']",0
L006024,Sofia Ito,Qualcomm,,North America,Automotive Ethernet,Email Campaign,"['Whitepaper_Download_5G_Test', 'Whitepaper_Download_5G_Test', 'Oscilloscope_Selector_Tool', 'AutoSens_Tech_Talk', 'Oscilloscope_Selector_Tool', 'Whitepaper_Download_5G_Test', 'DesignCon_Booth_Visit', 'No_Conversion']",0
L006025,Ravi Ito,Raytheon,Semiconductor,Europe,,LinkedIn,"['AutoSens_Tech_Talk', 'SQL', 'Oscilloscope_Selector_Tool', 'IMS_Badge_Scan', 'No_Conversion']",0
L006026,Maria Chen,,Automotive,North America,PathWave Software,Sales Outreach,"['Lab_Integration_Discussion', 'IMS_Badge_Scan', 'Website_Product_Page', 'MQL', 'Keysight_Workshop_RF_Testing', 'DesignCon_Booth_Visit', 'Technical_Demo', 'Whitepaper_Download_5G_Test', 'IMS_Badge_Scan', 'No_Conversion']",0
L006027,Chen Johnson,Broadcom GmbH,Telecom,APAC,5G Testbeds,LinkedIn,"['Loaner_Unit_Evaluation', 'Lab_Integration_Discussion', 'MQL', 'MQL', 'Whitepaper_Download_5G_Test', 'Application_Engineer_Call', 'Keysight_University_Course', 'Keysight_Workshop_RF_Testing', 'PathWave_Trial_Request', 'No_Conversion']",0
L006028,Sofia Anders,Qualcomm GmbH,Telecom,,,Webinar,"['Opportunity', 'Technical_Demo', 'Loaner_Unit_Evaluation', 'No_Conversion']",0
L006029,Ahmed Singh,Qualc_Tech,Semiconductor,Europe,Automotive Ethernet,Sales Outreach,"['AutoSens_Tech_Talk', 'MQL', 'Lab_Integration_Discussion', 'SQL', 'MQL', 'PathWave_Trial_Request', 'LinkedIn_Ad_Click', 'Customer']",1
L006030,,,,LATAM,PathWave Software,Website,"['DesignCon_Booth_Visit', 'Lab_Integration_Discussion', 'Keysight_Workshop_RF_Testing', 'Customer']",1
L006031,Ahmed Lee,Sony_Tech,Aerospace,,,LinkedIn,"['MQL', 'AutoSens_Tech_Talk', 'Loaner_Unit_Evaluation', 'Website_Product_Page', 'Opportunity', 'Keysight_University_Course', 'Keysight_Workshop_RF_Testing', 'Opportunity', 'Customer']",1
L006032,Laura Khan,,Electronics,APAC,,Website,"['AutoSens_Tech_Talk', 'Website_Product_Page', 'Customer']",1
L006033,Ahmed Chen,Meta Connectivity Labs,,LATAM,Automotive Ethernet,,"['PathWave_Trial_Request', 'Opportunity', 'Website_Product_Page', 'Application_Engineer_Call', 'Application_Engineer_Call', 'Website_Product_Page', 'LinkedIn_Ad_Click', 'PathWave_Trial_Request', 'DesignCon_Booth_Visit', 'No_Conversion']",0
L006034,Kenji Singh,Qualcomm GmbH,Semiconductor,Europe,,Sales Outreach,"['SQL', 'Application_Engineer_Call', 'Keysight_Workshop_RF_Testing', 'Customer']",1
L006035,Priya Chen,Meta Connectivity Labs,Aerospace,,Oscilloscopes,,"['DesignCon_Booth_Visit', 'Customer']",1
L006036,Daniel Williams,,Automotive,North America,,Webinar,['Customer'],1
L006037,Hiroshi Khan,Raytheon,,North America,Oscilloscopes,Event,"['Loaner_Unit_Evaluation', 'Keysight_Workshop_RF_Testing', 'Oscilloscope_Selector_Tool', 'DesignCon_Booth_Visit', 'Technical_Demo', 'Technical_Demo', 'Loaner_Unit_Evaluation', 'Website_Product_Page', 'IMS_Badge_Scan', 'SQL', 'Customer']",1
L006038,Priya Anders,Qualc_Tech,Aerospace,North America,,LinkedIn,"['LinkedIn_Ad_Click', 'No_Conversion']",0
L006039,Ahmed Ito,NXPSe_Tech,Semiconductor,,,Sales Outreach,['No_Conversion'],0
L006040,Chen Singh,Qualcomm,,Europe,Oscilloscopes,Email Campaign,"['Lab_Integration_Discussion', 'Oscilloscope_Selector_Tool', 'Oscilloscope_Selector_Tool', 'Oscilloscope_Selector_Tool', 'Opportunity', 'IMS_Badge_Scan', 'No_Conversion']",0
L006041,Kenji Khan,Sony GmbH,Electronics,North America,,Email Campaign,['No_Conversion'],0
L006042,,Qualc_Tech,Aerospace,LATAM,,,"['Loaner_Unit_Evaluation', 'Customer']",1
L006043,Michael Patel,,Semiconductor,,,Website,"['IMS_Badge_Scan', 'Opportunity', 'Customer']",1
L006044,Maria Johnson,,,,Automotive Ethernet,Sales Outreach,"['PathWave_Trial_Request', 'Website_Product_Page', 'IMS_Badge_Scan', 'SQL', 'Opportunity', 'AutoSens_Tech_Talk', 'Keysight_Workshop_RF_Testing', 'LinkedIn_Ad_Click', 'No_Conversion']",0
L006045,,Broad_Tech,,,Oscilloscopes,Email Campaign,"['Technical_Demo', 'Keysight_Workshop_RF_Testing', 'LinkedIn_Ad_Click', 'Loaner_Unit_Evaluation', 'SQL', 'Application_Engineer_Call', 'LinkedIn_Ad_Click', 'Customer']",1
L006046,Sarah Anders,,,LATAM,PathWave Software,,"['IMS_Badge_Scan', 'LinkedIn_Ad_Click', 'Whitepaper_Download_5G_Test', 'LinkedIn_Ad_Click', 'Customer']",1
L006047,Sofia Garcia,NXP Semiconductors,Aerospace,Europe,,Event,"['IMS_Badge_Scan', 'Oscilloscope_Selector_Tool', 'DesignCon_Booth_Visit', 'DesignCon_Booth_Visit', 'Oscilloscope_Selector_Tool', 'SQL', 'No_Conversion']",0
L006048,Laura Khan,,Automotive,,,Webinar,"['Keysight_University_Course', 'DesignCon_Booth_Visit', 'Website_Product_Page', 'Application_Engineer_Call', 'MQL', 'Customer']",1
L006049,Daniel Ito,Bosch GmbH,,North America,Oscilloscopes,Website,"['Oscilloscope_Selector_Tool', 'DesignCon_Booth_Visit', 'SQL', 'Customer']",1
L006050,Hiroshi Martinez,Broadcom GmbH,Aerospace,APAC,Oscilloscopes,,"['Website_Product_Page', 'Lab_Integration_Discussion', 'Opportunity', 'IMS_Badge_Scan', 'PathWave_Trial_Request', 'Opportunity', 'No_Conversion']",0
L006051,Priya Williams,Sony GmbH,Electronics,North America,,Website,"['Whitepaper_Download_5G_Test', 'IMS_Badge_Scan', 'MQL', 'DesignCon_Booth_Visit', 'Oscilloscope_Selector_Tool', 'Application_Engineer_Call', 'Keysight_Workshop_RF_Testing', 'Keysight_University_Course', 'No_Conversion']",0
L006052,,Infineon,,,Automotive Ethernet,Website,"['Opportunity', 'Keysight_University_Course', 'MQL', 'Keysight_Workshop_RF_Testing', 'No_Conversion']",0
L006053,Sofia Singh,,,APAC,Automotive Ethernet,Sales Outreach,"['Keysight_Workshop_RF_Testing', 'PathWave_Trial_Request', 'No_Conversion']",0
L006054,Sofia Chen,,Automotive,North America,5G Testbeds,Sales Outreach,"['AutoSens_Tech_Talk', 'AutoSens_Tech_Talk', 'Oscilloscope_Selector_Tool', 'No_Conversion']",0
L006055,Ravi Patel,Qualcomm,Electronics,LATAM,Automotive Ethernet,Website,"['LinkedIn_Ad_Click', 'Keysight_Workshop_RF_Testing', 'PathWave_Trial_Request', 'SQL', 'MQL', 'DesignCon_Booth_Visit', 'MQL', 'LinkedIn_Ad_Click', 'Oscilloscope_Selector_Tool', 'MQL', 'Customer']",1
L006056,,Sony_Tech,,North America,Oscilloscopes,LinkedIn,"['Oscilloscope_Selector_Tool', 'PathWave_Trial_Request', 'LinkedIn_Ad_Click', 'Opportunity', 'Customer']",1
L006057,Laura Anders,,,North America,,,"['Website_Product_Page', 'No_Conversion']",0
L006058,Ravi Johnson,Sony,,North America,5G Testbeds,Sales Outreach,"['Website_Product_Page', 'Technical_Demo', 'Lab_Integration_Discussion', 'Customer']",1
L006059,Priya Khan,Tesla Energy,Electronics,LATAM,5G Testbeds,,"['Opportunity', 'MQL', 'Lab_Integration_Discussion', 'Application_Engineer_Call', 'Oscilloscope_Selector_Tool', 'SQL', 'Technical_Demo', 'Lab_Integration_Discussion', 'No_Conversion']",0
L006060,Maria Chen,Broad_Tech,Electronics,,,,"['Keysight_University_Course', 'Keysight_Workshop_RF_Testing', 'Oscilloscope_Selector_Tool', 'Keysight_Workshop_RF_Testing', 'Technical_Demo', 'PathWave_Trial_Request', 'Oscilloscope_Selector_Tool', 'Technical_Demo', 'Keysight_University_Course', 'Technical_Demo', 'No_Conversion']",0
L006061,Laura Martinez,Qualcomm,Telecom,LATAM,5G Testbeds,Sales Outreach,"['Whitepaper_Download_5G_Test', 'Website_Product_Page', 'Whitepaper_Download_5G_Test', 'Lab_Integration_Discussion', 'Customer']",1
L006062,Ahmed Martinez,Qualcomm,,Europe,,LinkedIn,"['LinkedIn_Ad_Click', 'Whitepaper_Download_5G_Test', 'Lab_Integration_Discussion', 'Opportunity', 'MQL', 'Oscilloscope_Selector_Tool', 'SQL', 'Customer']",1
L006063,Laura Johnson,Infineon GmbH,Aerospace,LATAM,,Website,"['Opportunity', 'No_Conversion']",0
L006064,,Bosch GmbH,,North America,,,"['Application_Engineer_Call', 'SQL', 'IMS_Badge_Scan', 'Loaner_Unit_Evaluation', 'No_Conversion']",0
L006065,,,Electronics,North America,,Sales Outreach,['No_Conversion'],0
L006066,Sarah Anders,Broadcom GmbH,Automotive,,PathWave Software,Webinar,"['Website_Product_Page', 'Website_Product_Page', 'Whitepaper_Download_5G_Test', 'Technical_Demo', 'Loaner_Unit_Evaluation', 'Customer']",1
L006067,Chen Lee,Meta Connectivity Labs,Telecom,North America,Automotive Ethernet,Event,"['Keysight_Workshop_RF_Testing', 'IMS_Badge_Scan', 'Website_Product_Page', 'Website_Product_Page', 'Loaner_Unit_Evaluation', 'Technical_Demo', 'No_Conversion']",0
L006068,Sarah Tanaka,,Aerospace,Europe,Oscilloscopes,Email Campaign,"['Application_Engineer_Call', 'Website_Product_Page', 'Technical_Demo', 'No_Conversion']",0
L006069,Daniel Khan,,,Europe,,Event,"['Opportunity', 'Lab_Integration_Discussion', 'Opportunity', 'No_Conversion']",0
L006070,Maria Lee,,Telecom,North America,,Sales Outreach,"['PathWave_Trial_Request', 'Whitepaper_Download_5G_Test', 'MQL', 'Lab_Integration_Discussion', 'Customer']",1
L006071,Kenji Martinez,Bosch GmbH,Aerospace,Europe,PathWave Software,Email Campaign,"['AutoSens_Tech_Talk', 'Keysight_Workshop_RF_Testing', 'IMS_Badge_Scan', 'PathWave_Trial_Request', 'Customer']",1
L006072,Priya Khan,Meta Connectivity Labs,Automotive,Europe,,Sales Outreach,"['Whitepaper_Download_5G_Test', 'Oscilloscope_Selector_Tool', 'IMS_Badge_Scan', 'No_Conversion']",0
L006073,Sofia Williams,Sony_Tech,,Europe,,LinkedIn,"['Application_Engineer_Call', 'Customer']",1
L006074,Laura Ito,Meta Connectivity Labs GmbH,Aerospace,APAC,,LinkedIn,"['Application_Engineer_Call', 'Oscilloscope_Selector_Tool', 'Whitepaper_Download_5G_Test', 'DesignCon_Booth_Visit', 'Technical_Demo', 'MQL', 'Keysight_Workshop_RF_Testing', 'Keysight_Workshop_RF_Testing', 'MQL', 'IMS_Badge_Scan', 'Customer']",1
L006075,Priya Williams,Tesla_Tech,Electronics,North America,Oscilloscopes,LinkedIn,"['DesignCon_Booth_Visit', 'Lab_Integration_Discussion', 'Whitepaper_Download_5G_Test', 'Opportunity', 'No_Conversion']",0
L006076,Laura Lee,Broadcom,Aerospace,,,Webinar,"['SQL', 'IMS_Badge_Scan', 'MQL', 'IMS_Badge_Scan', 'LinkedIn_Ad_Click', 'MQL', 'PathWave_Trial_Request', 'Technical_Demo', 'No_Conversion']",0
L006077,Maria Anders,Meta Connectivity Labs GmbH,Automotive,APAC,Oscilloscopes,,['No_Conversion'],0
L006078,Chen Ito,,Telecom,North America,,Webinar,"['PathWave_Trial_Request', 'SQL', 'Website_Product_Page', 'Keysight_Workshop_RF_Testing', 'Customer']",1
L006079,Priya Martinez,Samsu_Tech,,Europe,,Webinar,"['DesignCon_Booth_Visit', 'Keysight_University_Course', 'Oscilloscope_Selector_Tool', 'DesignCon_Booth_Visit', 'No_Conversion']",0
L006080,Ravi Khan,Samsung Electronics GmbH,,North America,5G Testbeds,Website,"['Oscilloscope_Selector_Tool', 'Keysight_Workshop_RF_Testing', 'Technical_Demo', 'MQL', 'Customer']",1
L006081,Sofia Tanaka,NXP Semiconductors GmbH,Telecom,APAC,Automotive Ethernet,Email Campaign,"['Oscilloscope_Selector_Tool', 'MQL', 'PathWave_Trial_Request', 'No_Conversion']",0
L006082,Daniel Tanaka,Raytheon GmbH,Aerospace,APAC,,,"['Oscilloscope_Selector_Tool', 'PathWave_Trial_Request', 'AutoSens_Tech_Talk', 'DesignCon_Booth_Visit', 'Application_Engineer_Call', 'Loaner_Unit_Evaluation', 'Website_Product_Page', 'Keysight_University_Course', 'Customer']",1
L006083,Ahmed Martinez,,Semiconductor,North America,,LinkedIn,"['AutoSens_Tech_Talk', 'Oscilloscope_Selector_Tool', 'Whitepaper_Download_5G_Test', 'Technical_Demo', 'Customer']",1
L006084,Daniel Tanaka,Raytheon,,APAC,Oscilloscopes,Website,"['Lab_Integration_Discussion', 'Website_Product_Page', 'Oscilloscope_Selector_Tool', 'Loaner_Unit_Evaluation', 'Customer']",1
L006085,,Infineon GmbH,,North America,Oscilloscopes,,"['SQL', 'Oscilloscope_Selector_Tool', 'Keysight_University_Course', 'Oscilloscope_Selector_Tool', 'Oscilloscope_Selector_Tool', 'No_Conversion']",0
L006086,Sofia Singh,Sony_Tech,Telecom,,PathWave Software,Email Campaign,"['IMS_Badge_Scan', 'PathWave_Trial_Request', 'LinkedIn_Ad_Click', 'Customer']",1
L006087,Ravi Williams,Raytheon,,,Oscilloscopes,Website,['No_Conversion'],0
L006088,Kenji Tanaka,,Electronics,,,,['Customer'],1
L006089,Sarah Khan,,,APAC,,Event,"['Website_Product_Page', 'SQL', 'Oscilloscope_Selector_Tool', 'MQL', 'Customer']",1
L006090,Sofia Khan,MetaC_Tech,Telecom,APAC,PathWave Software,Website,"['Whitepaper_Download_5G_Test', 'Opportunity', 'Website_Product_Page', 'Keysight_Workshop_RF_Testing', 'Opportunity', 'Loaner_Unit_Evaluation', 'Technical_Demo', 'Loaner_Unit_Evaluation', 'Lab_Integration_Discussion', 'Whitepaper_Download_5G_Test', 'Customer']",1
L006091,Sofia Martinez,Meta Connectivity Labs,Aerospace,Europe,,Event,"['PathWave_Trial_Request', 'Application_Engineer_Call', 'PathWave_Trial_Request', 'Application_Engineer_Call', 'Customer']",1
L006092,Chen Tanaka,Tesla_Tech,Automotive,Europe,PathWave Software,Webinar,"['Keysight_Workshop_RF_Testing', 'SQL', 'Opportunity', 'IMS_Badge_Scan', 'No_Conversion']",0
L006093,Sarah Ito,Samsung Electronics,,APAC,,,"['AutoSens_Tech_Talk', 'Technical_Demo', 'Customer']",1
L006094,Michael Khan,Sony GmbH,Aerospace,North America,,LinkedIn,['Customer'],1
L006095,,,Automotive,Europe,Automotive Ethernet,Webinar,['No_Conversion'],0
L006096,Daniel Lee,NXP Semiconductors,Semiconductor,,5G Testbeds,Event,"['Website_Product_Page', 'Keysight_Workshop_RF_Testing', 'Keysight_University_Course', 'Customer']",1
L006097,Ravi Ito,Raytheon,Semiconductor,North America,Automotive Ethernet,Event,"['IMS_Badge_Scan', 'Whitepaper_Download_5G_Test', 'Keysight_Workshop_RF_Testing', 'Keysight_University_Course', 'Whitepaper_Download_5G_Test', 'LinkedIn_Ad_Click', 'Customer']",1
L006098,Chen Johnson,,,LATAM,,Website,"['Website_Product_Page', 'Technical_Demo', 'LinkedIn_Ad_Click', 'Loaner_Unit_Evaluation', 'No_Conversion']",0
L006099,Ahmed Tanaka,Meta Connectivity Labs GmbH,Electronics,,PathWave Software,Website,"['Website_Product_Page', 'Opportunity', 'IMS_Badge_Scan', 'Keysight_University_Course', 'PathWave_Trial_Request', 'Technical_Demo', 'AutoSens_Tech_Talk', 'Lab_Integration_Discussion', 'LinkedIn_Ad_Click', 'No_Conversion']",0
L006100,Sofia Garcia,Bosch,Automotive,,Oscilloscopes,,"['Whitepaper_Download_5G_Test', 'IMS_Badge_Scan', 'Loaner_Unit_Evaluation', 'Customer']",1
L006101,Hiroshi Ito,Sony GmbH,Semiconductor,LATAM,PathWave Software,,"['Lab_Integration_Discussion', 'Oscilloscope_Selector_Tool', 'Opportunity', 'IMS_Badge_Scan', 'IMS_Badge_Scan', 'DesignCon_Booth_Visit', 'Application_Engineer_Call', 'Customer']",1
L006102,Chen Garcia,Tesla Energy GmbH,Electronics,APAC,,Webinar,"['DesignCon_Booth_Visit', 'Keysight_Workshop_RF_Testing', 'DesignCon_Booth_Visit', 'Loaner_Unit_Evaluation', 'Oscilloscope_Selector_Tool', 'Customer']",1
L006103,Laura Patel,Sony GmbH,,APAC,,Webinar,"['Oscilloscope_Selector_Tool', 'Keysight_Workshop_RF_Testing', 'Loaner_Unit_Evaluation', 'Customer']",1
L006104,Hiroshi Tanaka,Sony_Tech,Automotive,APAC,Automotive Ethernet,Event,"['LinkedIn_Ad_Click', 'MQL', 'IMS_Badge_Scan', 'Application_Engineer_Call', 'No_Conversion']",0
L006105,Chen Khan,Bosch,,North America,,Website,"['LinkedIn_Ad_Click', 'AutoSens_Tech_Talk', 'Oscilloscope_Selector_Tool', 'IMS_Badge_Scan', 'No_Conversion']",0
L006106,Hiroshi Singh,,Semiconductor,APAC,Oscilloscopes,,"['LinkedIn_Ad_Click', 'Lab_Integration_Discussion', 'MQL', 'DesignCon_Booth_Visit', 'Loaner_Unit_Evaluation', 'Technical_Demo', 'DesignCon_Booth_Visit', 'Application_Engineer_Call', 'No_Conversion']",0
L006107,Sarah Tanaka,Samsung Electronics,,North America,Oscilloscopes,,"['DesignCon_Booth_Visit', 'Whitepaper_Download_5G_Test', 'Oscilloscope_Selector_Tool', 'SQL', 'Whitepaper_Download_5G_Test', 'Whitepaper_Download_5G_Test', 'Customer']",1
L006108,Maria Johnson,,Aerospace,North America,Oscilloscopes,Email Campaign,"['Keysight_Workshop_RF_Testing', 'Lab_Integration_Discussion', 'Whitepaper_Download_5G_Test', 'Website_Product_Page', 'Customer']",1
L006109,Sarah Johnson,Bosch GmbH,Semiconductor,,5G Testbeds,Sales Outreach,"['PathWave_Trial_Request', 'Technical_Demo', 'PathWave_Trial_Request', 'Lab_Integration_Discussion', 'Customer']",1
L006110,Michael Khan,Meta Connectivity Labs,Semiconductor,North America,Automotive Ethernet,Event,"['IMS_Badge_Scan', 'Lab_Integration_Discussion', 'PathWave_Trial_Request', 'Technical_Demo', 'LinkedIn_Ad_Click', 'SQL', 'Application_Engineer_Call', 'Opportunity', 'Keysight_University_Course', 'Customer']",1
L006111,Priya Lee,Samsung Electronics GmbH,Automotive,,,Event,"['Website_Product_Page', 'Keysight_University_Course', 'Technical_Demo', 'LinkedIn_Ad_Click', 'DesignCon_Booth_Visit', 'Opportunity', 'Oscilloscope_Selector_Tool', 'Keysight_Workshop_RF_Testing', 'MQL', 'Application_Engineer_Call', 'Customer']",1
L006112,Daniel Tanaka,,Semiconductor,Europe,Oscilloscopes,Website,"['Loaner_Unit_Evaluation', 'MQL', 'MQL', 'IMS_Badge_Scan', 'Lab_Integration_Discussion', 'AutoSens_Tech_Talk', 'No_Conversion']",0
L006113,,Sony,,LATAM,5G Testbeds,Event,"['Keysight_University_Course', 'No_Conversion']",0
L006114,Ahmed Ito,NXP Semiconductors GmbH,Aerospace,Europe,,Email Campaign,"['Opportunity', 'IMS_Badge_Scan', 'Customer']",1
L006115,Daniel Martinez,NXP Semiconductors GmbH,,APAC,Automotive Ethernet,Webinar,"['Loaner_Unit_Evaluation', 'Keysight_University_Course', 'Technical_Demo', 'IMS_Badge_Scan', 'LinkedIn_Ad_Click', 'LinkedIn_Ad_Click', 'DesignCon_Booth_Visit', 'No_Conversion']",0
L006116,,Qualcomm GmbH,Aerospace,North America,Automotive Ethernet,Webinar,"['Opportunity', 'LinkedIn_Ad_Click', 'AutoSens_Tech_Talk', 'LinkedIn_Ad_Click', 'Application_Engineer_Call', 'Loaner_Unit_Evaluation', 'Lab_Integration_Discussion', 'No_Conversion']",0
L006117,Laura Johnson,,Semiconductor,APAC,,,"['Application_Engineer_Call', 'Whitepaper_Download_5G_Test', 'No_Conversion']",0
L006118,,Infineon GmbH,Telecom,,,Website,"['Oscilloscope_Selector_Tool', 'Whitepaper_Download_5G_Test', 'Website_Product_Page', 'Customer']",1
L006119,Sarah Garcia,Qualcomm,,APAC,,Website,"['LinkedIn_Ad_Click', 'Loaner_Unit_Evaluation', 'Oscilloscope_Selector_Tool', 'Keysight_Workshop_RF_Testing', 'Customer']",1
L006120,Ravi Martinez,,Automotive,APAC,5G Testbeds,LinkedIn,"['Loaner_Unit_Evaluation', 'DesignCon_Booth_Visit', 'Application_Engineer_Call', 'Customer']",1
L006121,,,Aerospace,Europe,,LinkedIn,"['MQL', 'DesignCon_Booth_Visit', 'LinkedIn_Ad_Click', 'LinkedIn_Ad_Click', 'No_Conversion']",0
L006122,Ravi Tanaka,Raytheon,Telecom,APAC,,Website,"['Loaner_Unit_Evaluation', 'Oscilloscope_Selector_Tool', 'Customer']",1
L006123,Michael Patel,,Automotive,,,Email Campaign,"['PathWave_Trial_Request', 'Keysight_Workshop_RF_Testing', 'Loaner_Unit_Evaluation', 'Application_Engineer_Call', 'IMS_Badge_Scan', 'Technical_Demo', 'No_Conversion']",0
L006124,Ahmed Singh,NXPSe_Tech,Telecom,,Automotive Ethernet,,"['Lab_Integration_Discussion', 'Keysight_Workshop_RF_Testing', 'Keysight_Workshop_RF_Testing', 'Oscilloscope_Selector_Tool', 'Technical_Demo', 'No_Conversion']",0
L006125,Ravi Williams,NXPSe_Tech,,APAC,Oscilloscopes,,"['Opportunity', 'DesignCon_Booth_Visit', 'IMS_Badge_Scan', 'Whitepaper_Download_5G_Test', 'Keysight_University_Course', 'IMS_Badge_Scan', 'PathWave_Trial_Request', 'Keysight_Workshop_RF_Testing', 'Technical_Demo', 'Customer']",1
L006126,Laura Johnson,,Semiconductor,,,Event,"['Oscilloscope_Selector_Tool', 'Opportunity', 'PathWave_Trial_Request', 'Oscilloscope_Selector_Tool', 'AutoSens_Tech_Talk', 'Application_Engineer_Call', 'Oscilloscope_Selector_Tool', 'Technical_Demo', 'No_Conversion']",0
L006127,Hiroshi Johnson,,,LATAM,Automotive Ethernet,LinkedIn,"['Oscilloscope_Selector_Tool', 'Oscilloscope_Selector_Tool', 'Loaner_Unit_Evaluation', 'Loaner_Unit_Evaluation', 'SQL', 'AutoSens_Tech_Talk', 'Opportunity', 'Application_Engineer_Call', 'LinkedIn_Ad_Click', 'Lab_Integration_Discussion', 'Customer']",1
L006128,Ahmed Martinez,NXP Semiconductors,Semiconductor,,PathWave Software,,"['Website_Product_Page', 'Keysight_University_Course', 'LinkedIn_Ad_Click', 'No_Conversion']",0
L006129,Kenji Khan,Bosch GmbH,Aerospace,,5G Testbeds,Event,"['Whitepaper_Download_5G_Test', 'Keysight_Workshop_RF_Testing', 'PathWave_Trial_Request', 'Application_Engineer_Call', 'SQL', 'Keysight_Workshop_RF_Testing', 'Loaner_Unit_Evaluation', 'No_Conversion']",0
L006130,Michael Khan,Infin_Tech,,APAC,PathWave Software,,"['MQL', 'Website_Product_Page', 'Keysight_University_Course', 'PathWave_Trial_Request', 'DesignCon_Booth_Visit', 'Technical_Demo', 'AutoSens_Tech_Talk', 'Customer']",1
L006131,Maria Singh,,Telecom,LATAM,,Sales Outreach,"['Oscilloscope_Selector_Tool', 'Customer']",1
L006132,Daniel Williams,Broad_Tech,Aerospace,APAC,PathWave Software,LinkedIn,"['Whitepaper_Download_5G_Test', 'Whitepaper_Download_5G_Test', 'Customer']",1
L006133,Michael Johnson,Samsu_Tech,,,,Webinar,"['DesignCon_Booth_Visit', 'Application_Engineer_Call', 'Oscilloscope_Selector_Tool', 'Oscilloscope_Selector_Tool', 'Oscilloscope_Selector_Tool', 'Application_Engineer_Call', 'No_Conversion']",0
L006134,Kenji Garcia,Samsung Electronics,Automotive,LATAM,,Event,['No_Conversion'],0
L006135,Priya Khan,NXP Semiconductors GmbH,Telecom,,,,"['Whitepaper_Download_5G_Test', 'Opportunity', 'Loaner_Unit_Evaluation', 'Loaner_Unit_Evaluation', 'No_Conversion']",0
L006136,Sarah Lee,Sony,Automotive,North America,,Website,['No_Conversion'],0
L006137,Daniel Garcia,Samsu_Tech,,Europe,,LinkedIn,['Customer'],1
L006138,Sofia Lee,,Electronics,North America,,Webinar,"['Keysight_University_Course', 'Application_Engineer_Call', 'Website_Product_Page', 'No_Conversion']",0
L006139,Kenji Williams,Raytheon GmbH,,LATAM,5G Testbeds,LinkedIn,"['LinkedIn_Ad_Click', 'SQL', 'DesignCon_Booth_Visit', 'Technical_Demo', 'Keysight_Workshop_RF_Testing', 'Whitepaper_Download_5G_Test', 'PathWave_Trial_Request', 'Customer']",1
L006140,Michael Garcia,Raytheon GmbH,Electronics,,,Event,"['MQL', 'Keysight_University_Course', 'PathWave_Trial_Request', 'Lab_Integration_Discussion', 'Customer']",1
L006141,Hiroshi Chen,Meta Connectivity Labs,Aerospace,LATAM,,Webinar,"['DesignCon_Booth_Visit', 'AutoSens_Tech_Talk', 'Loaner_Unit_Evaluation', 'Keysight_Workshop_RF_Testing', 'Keysight_Workshop_RF_Testing', 'LinkedIn_Ad_Click', 'Keysight_Workshop_RF_Testing', 'DesignCon_Booth_Visit', 'No_Conversion']",0
L006142,Ravi Anders,Meta Connectivity Labs,Semiconductor,LATAM,,LinkedIn,"['Loaner_Unit_Evaluation', 'SQL', 'Whitepaper_Download_5G_Test', 'Website_Product_Page', 'Keysight_University_Course', 'Lab_Integration_Discussion', 'PathWave_Trial_Request', 'No_Conversion']",0
L006143,Priya Martinez,,,LATAM,Oscilloscopes,Webinar,"['Keysight_Workshop_RF_Testing', 'Oscilloscope_Selector_Tool', 'Technical_Demo', 'PathWave_Trial_Request', 'IMS_Badge_Scan', 'Technical_Demo', 'Keysight_Workshop_RF_Testing', 'LinkedIn_Ad_Click', 'Customer']",1
L006144,Kenji Patel,Infin_Tech,,APAC,,Sales Outreach,"['Application_Engineer_Call', 'Technical_Demo', 'SQL', 'Technical_Demo', 'Loaner_Unit_Evaluation', 'Keysight_Workshop_RF_Testing', 'Opportunity', 'No_Conversion']",0
L006145,,,,LATAM,Automotive Ethernet,Sales Outreach,"['Oscilloscope_Selector_Tool', 'No_Conversion']",0
L006146,Chen Garcia,Bosch GmbH,,Europe,Automotive Ethernet,Website,"['Website_Product_Page', 'Lab_Integration_Discussion', 'Website_Product_Page', 'Customer']",1
L006147,Ahmed Lee,Tesla Energy GmbH,Semiconductor,APAC,Oscilloscopes,Email Campaign,"['Opportunity', 'Whitepaper_Download_5G_Test', 'Whitepaper_Download_5G_Test', 'No_Conversion']",0
L006148,Maria Patel,Raytheon,Semiconductor,APAC,PathWave Software,Email Campaign,"['Lab_Integration_Discussion', 'IMS_Badge_Scan', 'Keysight_Workshop_RF_Testing', 'AutoSens_Tech_Talk', 'Lab_Integration_Discussion', 'Oscilloscope_Selector_Tool', 'MQL', 'Whitepaper_Download_5G_Test', 'Technical_Demo', 'No_Conversion']",0
L006149,Kenji Ito,Bosch GmbH,Electronics,Europe,,Event,"['Whitepaper_Download_5G_Test', 'No_Conversion']",0
L006150,Laura Lee,Meta Connectivity Labs GmbH,,North America,,,"['DesignCon_Booth_Visit', 'Customer']",1
L006151,,Infineon,Telecom,North America,PathWave Software,Email Campaign,"['Application_Engineer_Call', 'Customer']",1
L006152,Maria Johnson,,Aerospace,,PathWave Software,Event,"['Technical_Demo', 'Whitepaper_Download_5G_Test', 'SQL', 'Whitepaper_Download_5G_Test', 'Loaner_Unit_Evaluation', 'Loaner_Unit_Evaluation', 'PathWave_Trial_Request', 'LinkedIn_Ad_Click', 'No_Conversion']",0
L006153,Kenji Singh,Sony_Tech,,LATAM,Automotive Ethernet,LinkedIn,['Customer'],1
L006154,,Broadcom GmbH,,,,LinkedIn,['No_Conversion'],0
L006155,Ahmed Singh,,,,,Event,"['Oscilloscope_Selector_Tool', 'Oscilloscope_Selector_Tool', 'Technical_Demo', 'Customer']",1
L006156,Ravi Lee,,,,Automotive Ethernet,Event,"['Opportunity', 'Technical_Demo', 'Opportunity', 'Customer']",1
L006157,Sofia Martinez,Samsu_Tech,,Europe,Oscilloscopes,Event,"['AutoSens_Tech_Talk', 'AutoSens_Tech_Talk', 'Keysight_University_Course', 'Application_Engineer_Call', 'SQL', 'MQL', 'Customer']",1
L006158,Chen Lee,Qualc_Tech,,,PathWave Software,Event,['Customer'],1
L006159,Daniel Lee,Infineon GmbH,,Europe,PathWave Software,LinkedIn,['Customer'],1
L006160,Laura Patel,Sony_Tech,Automotive,APAC,,Sales Outreach,"['SQL', 'Loaner_Unit_Evaluation', 'Keysight_Workshop_RF_Testing', 'No_Conversion']",0
L006161,Daniel Patel,Bosch GmbH,Electronics,,5G Testbeds,Website,['Customer'],1
L006162,Ravi Anders,,Aerospace,,,Sales Outreach,['No_Conversion'],0
L006163,Laura Martinez,Infin_Tech,,Europe,,LinkedIn,['No_Conversion'],0
L006164,Ahmed Khan,Sony_Tech,,APAC,,Webinar,"['Lab_Integration_Discussion', 'Customer']",1
L006165,Sofia Patel,Infineon,Telecom,Europe,5G Testbeds,Sales Outreach,"['SQL', 'Oscilloscope_Selector_Tool', 'No_Conversion']",0
L006166,Maria Khan,Bosch_Tech,,Europe,PathWave Software,Sales Outreach,"['AutoSens_Tech_Talk', 'Loaner_Unit_Evaluation', 'AutoSens_Tech_Talk', 'No_Conversion']",0
L006167,,NXPSe_Tech,Electronics,,Automotive Ethernet,Webinar,"['MQL', 'DesignCon_Booth_Visit', 'Keysight_Workshop_RF_Testing', 'Keysight_Workshop_RF_Testing', 'Customer']",1
L006168,Chen Chen,,Semiconductor,,Oscilloscopes,Webinar,"['MQL', 'Application_Engineer_Call', 'Keysight_Workshop_RF_Testing', 'Keysight_Workshop_RF_Testing', 'AutoSens_Tech_Talk', 'Keysight_University_Course', 'Loaner_Unit_Evaluation', 'No_Conversion']",0
L006169,Priya Lee,Meta Connectivity Labs GmbH,Electronics,,,Website,"['PathWave_Trial_Request', 'Application_Engineer_Call', 'PathWave_Trial_Request', 'Website_Product_Page', 'Customer']",1
L006170,Sarah Ito,Sony GmbH,Aerospace,North America,Automotive Ethernet,Website,"['AutoSens_Tech_Talk', 'Loaner_Unit_Evaluation', 'MQL', 'Oscilloscope_Selector_Tool', 'Opportunity', 'Whitepaper_Download_5G_Test', 'MQL', 'Keysight_Workshop_RF_Testing', 'Customer']",1
L006171,Priya Chen,Rayth_Tech,Semiconductor,North America,PathWave Software,Website,"['Oscilloscope_Selector_Tool', 'Website_Product_Page', 'PathWave_Trial_Request', 'Loaner_Unit_Evaluation', 'Application_Engineer_Call', 'LinkedIn_Ad_Click', 'AutoSens_Tech_Talk', 'AutoSens_Tech_Talk', 'SQL', 'Customer']",1
L006172,Sofia Patel,,,APAC,,Email Campaign,"['Application_Engineer_Call', 'Keysight_University_Course', 'AutoSens_Tech_Talk', 'PathWave_Trial_Request', 'Application_Engineer_Call', 'AutoSens_Tech_Talk', 'AutoSens_Tech_Talk', 'IMS_Badge_Scan', 'Loaner_Unit_Evaluation', 'Lab_Integration_Discussion', 'Customer']",1
L006173,Ahmed Williams,Qualcomm GmbH,Automotive,,5G Testbeds,,['Customer'],1
L006174,Ravi Singh,Infin_Tech,Aerospace,Europe,,Email Campaign,"['Keysight_Workshop_RF_Testing', 'IMS_Badge_Scan', 'IMS_Badge_Scan', 'Keysight_Workshop_RF_Testing', 'Keysight_Workshop_RF_Testing', 'DesignCon_Booth_Visit', 'Opportunity', 'Lab_Integration_Discussion', 'Customer']",1
L006175,Sofia Garcia,Meta Connectivity Labs,Automotive,APAC,Oscilloscopes,Sales Outreach,"['Oscilloscope_Selector_Tool', 'No_Conversion']",0
L006176,Daniel Ito,Sony_Tech,Automotive,LATAM,Automotive Ethernet,,"['AutoSens_Tech_Talk', 'PathWave_Trial_Request', 'Loaner_Unit_Evaluation', 'Keysight_Workshop_RF_Testing', 'LinkedIn_Ad_Click', 'Loaner_Unit_Evaluation', 'Whitepaper_Download_5G_Test', 'DesignCon_Booth_Visit', 'Customer']",1
L006177,,Infin_Tech,Semiconductor,,Oscilloscopes,Website,"['SQL', 'Keysight_Workshop_RF_Testing', 'AutoSens_Tech_Talk', 'Lab_Integration_Discussion', 'Website_Product_Page', 'Whitepaper_Download_5G_Test', 'Keysight_University_Course', 'Loaner_Unit_Evaluation', 'AutoSens_Tech_Talk', 'Lab_Integration_Discussion', 'Customer']",1
L006178,Daniel Tanaka,Raytheon GmbH,Aerospace,North America,Oscilloscopes,Website,"['LinkedIn_Ad_Click', 'Customer']",1
L006179,Laura Khan,,Aerospace,LATAM,,Event,['No_Conversion'],0
L006180,Hiroshi Singh,Broadcom GmbH,Aerospace,,PathWave Software,Email Campaign,"['Whitepaper_Download_5G_Test', 'LinkedIn_Ad_Click', 'Loaner_Unit_Evaluation', 'LinkedIn_Ad_Click', 'Technical_Demo', 'LinkedIn_Ad_Click', 'Keysight_Workshop_RF_Testing', 'Customer']",1
L006181,Daniel Anders,,Telecom,,5G Testbeds,Website,"['SQL', 'Oscilloscope_Selector_Tool', 'Whitepaper_Download_5G_Test', 'Website_Product_Page', 'Website_Product_Page', 'LinkedIn_Ad_Click', 'LinkedIn_Ad_Click', 'Customer']",1
L006182,Ravi Patel,Meta Connectivity Labs GmbH,,LATAM,,Website,"['MQL', 'LinkedIn_Ad_Click', 'DesignCon_Booth_Visit', 'PathWave_Trial_Request', 'Oscilloscope_Selector_Tool', 'Application_Engineer_Call', 'SQL', 'Customer']",1
L006183,Hiroshi Lee,Rayth_Tech,Automotive,APAC,Automotive Ethernet,Event,"['LinkedIn_Ad_Click', 'Keysight_University_Course', 'Keysight_Workshop_RF_Testing', 'Whitepaper_Download_5G_Test', 'LinkedIn_Ad_Click', 'Whitepaper_Download_5G_Test', 'Customer']",1
L006184,Sofia Ito,Sony GmbH,,Europe,PathWave Software,Website,['No_Conversion'],0
L006185,Ravi Williams,Tesla Energy,Automotive,,Automotive Ethernet,Sales Outreach,"['Technical_Demo', 'Technical_Demo', 'Lab_Integration_Discussion', 'DesignCon_Booth_Visit', 'MQL', 'Lab_Integration_Discussion', 'Website_Product_Page', 'No_Conversion']",0
L006186,Sarah Anders,Qualcomm,Electronics,LATAM,,Email Campaign,"['PathWave_Trial_Request', 'Application_Engineer_Call', 'AutoSens_Tech_Talk', 'MQL', 'Loaner_Unit_Evaluation', 'No_Conversion']",0
L006187,Sarah Singh,Infineon GmbH,Semiconductor,North America,Automotive Ethernet,Sales Outreach,"['PathWave_Trial_Request', 'Application_Engineer_Call', 'Website_Product_Page', 'Loaner_Unit_Evaluation', 'Keysight_University_Course', 'No_Conversion']",0
L006188,Ahmed Williams,MetaC_Tech,Aerospace,APAC,Automotive Ethernet,Website,"['Lab_Integration_Discussion', 'Application_Engineer_Call', 'AutoSens_Tech_Talk', 'Opportunity', 'Application_Engineer_Call', 'Technical_Demo', 'No_Conversion']",0
L006189,Daniel Lee,Sony_Tech,Semiconductor,,PathWave Software,Sales Outreach,"['Keysight_University_Course', 'Application_Engineer_Call', 'Technical_Demo', 'MQL', 'Website_Product_Page', 'AutoSens_Tech_Talk', 'LinkedIn_Ad_Click', 'Application_Engineer_Call', 'No_Conversion']",0
L006190,Ahmed Singh,NXPSe_Tech,Telecom,,Automotive Ethernet,Event,"['MQL', 'Keysight_University_Course', 'Keysight_University_Course', 'SQL', 'Opportunity', 'PathWave_Trial_Request', 'DesignCon_Booth_Visit', 'IMS_Badge_Scan', 'No_Conversion']",0
L006191,Sarah Patel,NXPSe_Tech,Electronics,North America,,Webinar,"['MQL', 'DesignCon_Booth_Visit', 'LinkedIn_Ad_Click', 'No_Conversion']",0
L006192,Chen Ito,Infineon GmbH,,Europe,,Sales Outreach,['No_Conversion'],0
L006193,Chen Patel,NXP Semiconductors,Automotive,,,Website,"['Technical_Demo', 'MQL', 'Customer']",1
L006194,Kenji Chen,Infineon,Aerospace,APAC,,Webinar,['Customer'],1
L006195,,Infin_Tech,Aerospace,,,Sales Outreach,"['PathWave_Trial_Request', 'Keysight_University_Course', 'Lab_Integration_Discussion', 'Whitepaper_Download_5G_Test', 'Lab_Integration_Discussion', 'Loaner_Unit_Evaluation', 'PathWave_Trial_Request', 'Oscilloscope_Selector_Tool', 'Customer']",1
L006196,Daniel Chen,,,LATAM,Automotive Ethernet,Website,"['Lab_Integration_Discussion', 'Whitepaper_Download_5G_Test', 'MQL', 'Customer']",1
L006197,Daniel Ito,Infineon GmbH,Semiconductor,LATAM,,Sales Outreach,"['Keysight_Workshop_RF_Testing', 'Loaner_Unit_Evaluation', 'Application_Engineer_Call', 'Customer']",1
L006198,Ravi Johnson,,,APAC,5G Testbeds,Email Campaign,"['AutoSens_Tech_Talk', 'SQL', 'AutoSens_Tech_Talk', 'Application_Engineer_Call', 'No_Conversion']",0
L006199,Chen Khan,,,North America,Oscilloscopes,Webinar,"['PathWave_Trial_Request', 'Lab_Integration_Discussion', 'LinkedIn_Ad_Click', 'Opportunity', 'Technical_Demo', 'Lab_Integration_Discussion', 'Keysight_University_Course', 'No_Conversion']",0
L006200,Chen Williams,Samsung Electronics,Semiconductor,,5G Testbeds,LinkedIn,"['Whitepaper_Download_5G_Test', 'Application_Engineer_Call', 'No_Conversion']",0
L006201,Hiroshi Garcia,,Automotive,LATAM,,Webinar,"['DesignCon_Booth_Visit', 'Oscilloscope_Selector_Tool', 'Technical_Demo', 'Keysight_Workshop_RF_Testing', 'No_Conversion']",0
L006202,Ravi Singh,Qualc_Tech,Telecom,APAC,,Email Campaign,"['Technical_Demo', 'Oscilloscope_Selector_Tool', 'LinkedIn_Ad_Click', 'Customer']",1
L006203,Daniel Garcia,,Semiconductor,North America,Oscilloscopes,Event,"['Keysight_Workshop_RF_Testing', 'Whitepaper_Download_5G_Test', 'DesignCon_Booth_Visit', 'Keysight_Workshop_RF_Testing', 'Customer']",1
L006204,Laura Khan,,,APAC,,Event,"['Whitepaper_Download_5G_Test', 'Oscilloscope_Selector_Tool', 'SQL', 'Keysight_Workshop_RF_Testing', 'SQL', 'Customer']",1
L006205,Laura Patel,Qualcomm,Semiconductor,,,Webinar,"['Opportunity', 'Keysight_Workshop_RF_Testing', 'Application_Engineer_Call', 'Opportunity', 'AutoSens_Tech_Talk', 'AutoSens_Tech_Talk', 'AutoSens_Tech_Talk', 'LinkedIn_Ad_Click', 'Customer']",1
L006206,Kenji Ito,NXPSe_Tech,Aerospace,North America,Oscilloscopes,Email Campaign,"['LinkedIn_Ad_Click', 'Opportunity', 'Application_Engineer_Call', 'Website_Product_Page', 'Application_Engineer_Call', 'Website_Product_Page', 'Technical_Demo', 'Keysight_University_Course', 'PathWave_Trial_Request', 'No_Conversion']",0
L006207,Ravi Tanaka,,Semiconductor,,Oscilloscopes,,"['Lab_Integration_Discussion', 'No_Conversion']",0
L006208,Daniel Khan,Qualcomm GmbH,,APAC,,Email Campaign,"['MQL', 'Lab_Integration_Discussion', 'Loaner_Unit_Evaluation', 'PathWave_Trial_Request', 'Website_Product_Page', 'Lab_Integration_Discussion', 'Customer']",1
L006209,,Samsung Electronics GmbH,Automotive,LATAM,PathWave Software,Email Campaign,"['AutoSens_Tech_Talk', 'Oscilloscope_Selector_Tool', 'LinkedIn_Ad_Click', 'LinkedIn_Ad_Click', 'Customer']",1
L006210,,Samsu_Tech,Semiconductor,APAC,5G Testbeds,Website,"['Oscilloscope_Selector_Tool', 'Loaner_Unit_Evaluation', 'No_Conversion']",0
L006211,Kenji Singh,,,Europe,PathWave Software,Sales Outreach,"['SQL', 'Oscilloscope_Selector_Tool', 'Application_Engineer_Call', 'DesignCon_Booth_Visit', 'Technical_Demo', 'Opportunity', 'MQL', 'SQL', 'Customer']",1
L006212,Hiroshi Anders,Infineon GmbH,Semiconductor,Europe,Automotive Ethernet,,"['IMS_Badge_Scan', 'SQL', 'No_Conversion']",0
L006213,Hiroshi Singh,Meta Connectivity Labs,Aerospace,,,Website,"['IMS_Badge_Scan', 'No_Conversion']",0
L006214,Sarah Anders,Broadcom,Telecom,North America,PathWave Software,Website,"['Whitepaper_Download_5G_Test', 'No_Conversion']",0
L006215,Chen Williams,Qualc_Tech,Automotive,Europe,PathWave Software,LinkedIn,"['Lab_Integration_Discussion', 'Keysight_University_Course', 'Lab_Integration_Discussion', 'Lab_Integration_Discussion', 'Opportunity', 'SQL', 'Keysight_Workshop_RF_Testing', 'Website_Product_Page', 'No_Conversion']",0
L006216,Kenji Garcia,Samsu_Tech,Electronics,LATAM,PathWave Software,,"['Keysight_University_Course', 'Keysight_Workshop_RF_Testing', 'Whitepaper_Download_5G_Test', 'LinkedIn_Ad_Click', 'Loaner_Unit_Evaluation', 'Customer']",1
L006217,Ahmed Chen,Sony GmbH,Aerospace,Europe,PathWave Software,Event,"['Loaner_Unit_Evaluation', 'Whitepaper_Download_5G_Test', 'No_Conversion']",0
L006218,Sarah Williams,,Aerospace,APAC,,LinkedIn,"['Loaner_Unit_Evaluation', 'Technical_Demo', 'PathWave_Trial_Request', 'IMS_Badge_Scan', 'MQL', 'Oscilloscope_Selector_Tool', 'Application_Engineer_Call', 'Application_Engineer_Call', 'Whitepaper_Download_5G_Test', 'MQL', 'Customer']",1
L006219,Sofia Garcia,Bosch_Tech,Semiconductor,,Oscilloscopes,,"['Whitepaper_Download_5G_Test', 'LinkedIn_Ad_Click', 'PathWave_Trial_Request', 'Oscilloscope_Selector_Tool', 'Loaner_Unit_Evaluation', 'IMS_Badge_Scan', 'Loaner_Unit_Evaluation', 'Website_Product_Page', 'Customer']",1
L006220,Kenji Patel,Broadcom,Aerospace,,Oscilloscopes,,"['Lab_Integration_Discussion', 'AutoSens_Tech_Talk', 'Technical_Demo', 'MQL', 'Whitepaper_Download_5G_Test', 'Oscilloscope_Selector_Tool', 'No_Conversion']",0
L006221,Ahmed Garcia,,,APAC,PathWave Software,LinkedIn,"['SQL', 'SQL', 'Oscilloscope_Selector_Tool', 'Application_Engineer_Call', 'Customer']",1
L006222,Laura Martinez,Broadcom,Aerospace,APAC,PathWave Software,Website,"['Website_Product_Page', 'PathWave_Trial_Request', 'No_Conversion']",0
L006223,,Sony,Aerospace,,,Email Campaign,"['Whitepaper_Download_5G_Test', 'Customer']",1
L006224,Priya Martinez,Qualcomm,,Europe,5G Testbeds,Sales Outreach,"['Keysight_Workshop_RF_Testing', 'Website_Product_Page', 'AutoSens_Tech_Talk', 'Technical_Demo', 'Customer']",1
L006225,Maria Williams,Meta Connectivity Labs GmbH,,APAC,Automotive Ethernet,Sales Outreach,"['Opportunity', 'Technical_Demo', 'Website_Product_Page', 'Keysight_University_Course', 'Opportunity', 'DesignCon_Booth_Visit', 'Whitepaper_Download_5G_Test', 'SQL', 'Technical_Demo', 'IMS_Badge_Scan', 'Customer']",1
L006226,Ravi Ito,,Electronics,APAC,,Email Campaign,"['LinkedIn_Ad_Click', 'Oscilloscope_Selector_Tool', 'PathWave_Trial_Request', 'DesignCon_Booth_Visit', 'No_Conversion']",0
L006227,Daniel Lee,Tesla Energy GmbH,Electronics,APAC,,Website,"['Website_Product_Page', 'Opportunity', 'Application_Engineer_Call', 'Application_Engineer_Call', 'Customer']",1
L006228,Ravi Garcia,Meta Connectivity Labs GmbH,,Europe,,LinkedIn,['Customer'],1
L006229,Sofia Martinez,Meta Connectivity Labs GmbH,Automotive,North America,Oscilloscopes,Webinar,['No_Conversion'],0
L006230,Maria Ito,Sony GmbH,,Europe,5G Testbeds,LinkedIn,"['Opportunity', 'IMS_Badge_Scan', 'Technical_Demo', 'No_Conversion']",0
L006231,Ravi Chen,,,North America,PathWave Software,Event,"['AutoSens_Tech_Talk', 'Application_Engineer_Call', 'Oscilloscope_Selector_Tool', 'No_Conversion']",0
L006232,Sarah Tanaka,Meta Connectivity Labs,,North America,,Email Campaign,['Customer'],1
L006233,Sofia Lee,,Telecom,LATAM,5G Testbeds,Sales Outreach,"['SQL', 'Keysight_University_Course', 'Website_Product_Page', 'Keysight_University_Course', 'Keysight_University_Course', 'Application_Engineer_Call', 'SQL', 'Loaner_Unit_Evaluation', 'Customer']",1
L006234,,NXP Semiconductors,Automotive,Europe,,Sales Outreach,"['PathWave_Trial_Request', 'LinkedIn_Ad_Click', 'Keysight_University_Course', 'Application_Engineer_Call', 'Whitepaper_Download_5G_Test', 'Website_Product_Page', 'IMS_Badge_Scan', 'No_Conversion']",0
L006235,Michael Williams,Bosch,,,PathWave Software,,"['Whitepaper_Download_5G_Test', 'LinkedIn_Ad_Click', 'DesignCon_Booth_Visit', 'DesignCon_Booth_Visit', 'Loaner_Unit_Evaluation', 'MQL', 'Loaner_Unit_Evaluation', 'Whitepaper_Download_5G_Test', 'No_Conversion']",0
L006236,Sofia Singh,Broad_Tech,Telecom,North America,,,"['MQL', 'No_Conversion']",0
L006237,Daniel Tanaka,Sony GmbH,Automotive,,Oscilloscopes,Website,"['Website_Product_Page', 'PathWave_Trial_Request', 'AutoSens_Tech_Talk', 'SQL', 'Keysight_University_Course', 'No_Conversion']",0
L006238,Kenji Johnson,,Aerospace,APAC,,Website,"['LinkedIn_Ad_Click', 'No_Conversion']",0
L006239,Sofia Martinez,Rayth_Tech,,LATAM,PathWave Software,Website,"['Loaner_Unit_Evaluation', 'MQL', 'Technical_Demo', 'Keysight_Workshop_RF_Testing', 'AutoSens_Tech_Talk', 'Technical_Demo', 'LinkedIn_Ad_Click', 'MQL', 'No_Conversion']",0
L006240,Laura Patel,,Automotive,North America,5G Testbeds,Sales Outreach,"['AutoSens_Tech_Talk', 'Website_Product_Page', 'AutoSens_Tech_Talk', 'Customer']",1
L006241,Priya Williams,Meta Connectivity Labs,Electronics,Europe,,,"['IMS_Badge_Scan', 'Loaner_Unit_Evaluation', 'LinkedIn_Ad_Click', 'No_Conversion']",0
L006242,Chen Martinez,Infineon,Aerospace,Europe,PathWave Software,Webinar,"['SQL', 'Keysight_Workshop_RF_Testing', 'Keysight_University_Course', 'No_Conversion']",0
L006243,Hiroshi Khan,,,,Oscilloscopes,Sales Outreach,"['Application_Engineer_Call', 'Lab_Integration_Discussion', 'SQL', 'IMS_Badge_Scan', 'Customer']",1
L006244,Hiroshi Khan,Sony GmbH,Semiconductor,APAC,,LinkedIn,"['Loaner_Unit_Evaluation', 'Customer']",1
L006245,Chen Khan,Tesla Energy,Automotive,Europe,,LinkedIn,"['Whitepaper_Download_5G_Test', 'SQL', 'AutoSens_Tech_Talk', 'Website_Product_Page', 'LinkedIn_Ad_Click', 'Keysight_University_Course', 'Loaner_Unit_Evaluation', 'Customer']",1
L006246,Sofia Singh,Bosch GmbH,Telecom,,,Sales Outreach,"['Technical_Demo', 'Keysight_Workshop_RF_Testing', 'Keysight_University_Course', 'SQL', 'IMS_Badge_Scan', 'AutoSens_Tech_Talk', 'MQL', 'PathWave_Trial_Request', 'Lab_Integration_Discussion', 'Customer']",1
L006247,Laura Singh,,Semiconductor,APAC,5G Testbeds,Webinar,['Customer'],1
L006248,Daniel Garcia,,,,Oscilloscopes,Webinar,"['Opportunity', 'DesignCon_Booth_Visit', 'LinkedIn_Ad_Click', 'Technical_Demo', 'Keysight_Workshop_RF_Testing', 'Opportunity', 'DesignCon_Booth_Visit', 'Lab_Integration_Discussion', 'DesignCon_Booth_Visit', 'Application_Engineer_Call', 'No_Conversion']",0
L006249,Chen Martinez,Tesla_Tech,Aerospace,APAC,Automotive Ethernet,Website,['No_Conversion'],0
L006250,Ravi Tanaka,MetaC_Tech,Automotive,North America,,Event,"['Whitepaper_Download_5G_Test', 'Keysight_University_Course', 'Customer']",1
L006251,Priya Anders,NXPSe_Tech,Automotive,North America,5G Testbeds,,"['SQL', 'DesignCon_Booth_Visit', 'Keysight_Workshop_RF_Testing', 'LinkedIn_Ad_Click', 'Opportunity', 'No_Conversion']",0
L006252,Sarah Chen,Meta Connectivity Labs GmbH,Telecom,North America,,LinkedIn,"['Technical_Demo', 'Opportunity', 'Opportunity', 'PathWave_Trial_Request', 'No_Conversion']",0
L006253,Ravi Ito,NXP Semiconductors GmbH,Telecom,LATAM,Automotive Ethernet,Email Campaign,"['Whitepaper_Download_5G_Test', 'Website_Product_Page', 'SQL', 'Keysight_University_Course', 'SQL', 'Keysight_University_Course', 'IMS_Badge_Scan', 'Customer']",1
L006254,Sarah Lee,NXPSe_Tech,Electronics,,,Sales Outreach,"['SQL', 'IMS_Badge_Scan', 'Loaner_Unit_Evaluation', 'No_Conversion']",0
L006255,Kenji Tanaka,Qualc_Tech,,Europe,5G Testbeds,Sales Outreach,"['MQL', 'SQL', 'PathWave_Trial_Request', 'AutoSens_Tech_Talk', 'Customer']",1
L006256,Priya Singh,Sony_Tech,,,Automotive Ethernet,Sales Outreach,"['PathWave_Trial_Request', 'Application_Engineer_Call', 'Keysight_Workshop_RF_Testing', 'Customer']",1
L006257,Sofia Tanaka,Broadcom,Aerospace,,Oscilloscopes,LinkedIn,"['Application_Engineer_Call', 'Whitepaper_Download_5G_Test', 'DesignCon_Booth_Visit', 'Keysight_University_Course', 'Loaner_Unit_Evaluation', 'Application_Engineer_Call', 'MQL', 'Whitepaper_Download_5G_Test', 'No_Conversion']",0
L006258,Chen Patel,Samsung Electronics,Electronics,Europe,,,"['AutoSens_Tech_Talk', 'Keysight_University_Course', 'Customer']",1
L006259,Kenji Johnson,Broadcom GmbH,Automotive,,,LinkedIn,"['Keysight_Workshop_RF_Testing', 'LinkedIn_Ad_Click', 'MQL', 'DesignCon_Booth_Visit', 'PathWave_Trial_Request', 'No_Conversion']",0
L006260,Ahmed Martinez,NXP Semiconductors,,APAC,PathWave Software,,"['Loaner_Unit_Evaluation', 'AutoSens_Tech_Talk', 'Website_Product_Page', 'Lab_Integration_Discussion', 'Keysight_Workshop_RF_Testing', 'PathWave_Trial_Request', 'No_Conversion']",0
L006261,Michael Johnson,Broadcom GmbH,Aerospace,LATAM,5G Testbeds,Webinar,"['Whitepaper_Download_5G_Test', 'Whitepaper_Download_5G_Test', 'Whitepaper_Download_5G_Test', 'No_Conversion']",0
L006262,Hiroshi Williams,,Telecom,,,LinkedIn,"['DesignCon_Booth_Visit', 'Loaner_Unit_Evaluation', 'No_Conversion']",0
L006263,Priya Lee,Bosch GmbH,Aerospace,North America,,Sales Outreach,"['Technical_Demo', 'Lab_Integration_Discussion', 'Customer']",1
L006264,Ahmed Lee,Qualcomm GmbH,Electronics,LATAM,,Sales Outreach,"['AutoSens_Tech_Talk', 'AutoSens_Tech_Talk', 'Opportunity', 'SQL', 'Technical_Demo', 'MQL', 'Opportunity', 'No_Conversion']",0
L006265,Daniel Singh,NXP Semiconductors,Aerospace,LATAM,Automotive Ethernet,Sales Outreach,"['Opportunity', 'MQL', 'Keysight_University_Course', 'No_Conversion']",0
L006266,Ravi Lee,,Aerospace,APAC,,Event,"['Opportunity', 'Keysight_Workshop_RF_Testing', 'Keysight_Workshop_RF_Testing', 'AutoSens_Tech_Talk', 'Website_Product_Page', 'Lab_Integration_Discussion', 'Oscilloscope_Selector_Tool', 'DesignCon_Booth_Visit', 'MQL', 'Customer']",1
L006267,Maria Patel,Samsung Electronics GmbH,Aerospace,,PathWave Software,Website,"['MQL', 'IMS_Badge_Scan', 'No_Conversion']",0
L006268,Sofia Patel,Raytheon,Electronics,APAC,5G Testbeds,Webinar,"['Application_Engineer_Call', 'IMS_Badge_Scan', 'Customer']",1
L006269,Chen Khan,,Aerospace,,,Event,"['Whitepaper_Download_5G_Test', 'Loaner_Unit_Evaluation', 'MQL', 'Opportunity', 'Customer']",1
L006270,Laura Tanaka,,Telecom,,,LinkedIn,"['Website_Product_Page', 'Technical_Demo', 'Technical_Demo', 'No_Conversion']",0
L006271,Priya Johnson,Raytheon GmbH,,APAC,Automotive Ethernet,LinkedIn,"['Opportunity', 'LinkedIn_Ad_Click', 'MQL', 'PathWave_Trial_Request', 'SQL', 'Technical_Demo', 'SQL', 'AutoSens_Tech_Talk', 'IMS_Badge_Scan', 'Keysight_University_Course', 'Customer']",1
L006272,Hiroshi Ito,,Electronics,APAC,Automotive Ethernet,Sales Outreach,"['IMS_Badge_Scan', 'Website_Product_Page', 'Whitepaper_Download_5G_Test', 'Whitepaper_Download_5G_Test', 'No_Conversion']",0
L006273,Ahmed Martinez,,Aerospace,LATAM,,,"['PathWave_Trial_Request', 'SQL', 'Keysight_Workshop_RF_Testing', 'No_Conversion']",0
L006274,,,Aerospace,LATAM,Oscilloscopes,Sales Outreach,"['Website_Product_Page', 'Keysight_University_Course', 'MQL', 'SQL', 'Opportunity', 'No_Conversion']",0
L006275,Chen Williams,NXP Semiconductors,,APAC,Automotive Ethernet,Email Campaign,"['Whitepaper_Download_5G_Test', 'PathWave_Trial_Request', 'PathWave_Trial_Request', 'Oscilloscope_Selector_Tool', 'LinkedIn_Ad_Click', 'No_Conversion']",0
L006276,Ravi Ito,Tesla Energy GmbH,,,,Webinar,"['Keysight_Workshop_RF_Testing', 'Technical_Demo', 'LinkedIn_Ad_Click', 'Loaner_Unit_Evaluation', 'AutoSens_Tech_Talk', 'Customer']",1
L006277,Ahmed Anders,,Telecom,LATAM,Oscilloscopes,Website,['No_Conversion'],0
L006278,Kenji Lee,Sony GmbH,Telecom,Europe,,Webinar,"['Oscilloscope_Selector_Tool', 'Customer']",1
L006279,Laura Lee,,Automotive,Europe,,Website,"['Oscilloscope_Selector_Tool', 'No_Conversion']",0
L006280,Ahmed Singh,Qualcomm GmbH,,North America,Automotive Ethernet,Website,"['Technical_Demo', 'MQL', 'Application_Engineer_Call', 'Customer']",1
L006281,Chen Singh,Meta Connectivity Labs GmbH,Automotive,Europe,PathWave Software,,"['Whitepaper_Download_5G_Test', 'Customer']",1
L006282,Kenji Garcia,,Aerospace,,5G Testbeds,Website,"['Loaner_Unit_Evaluation', 'Lab_Integration_Discussion', 'Keysight_Workshop_RF_Testing', 'Customer']",1
L006283,Sarah Lee,Samsu_Tech,Automotive,LATAM,Automotive Ethernet,Sales Outreach,"['Oscilloscope_Selector_Tool', 'Website_Product_Page', 'PathWave_Trial_Request', 'Lab_Integration_Discussion', 'No_Conversion']",0
L006284,Sarah Tanaka,Samsung Electronics,Telecom,LATAM,,LinkedIn,"['Whitepaper_Download_5G_Test', 'Opportunity', 'AutoSens_Tech_Talk', 'IMS_Badge_Scan', 'AutoSens_Tech_Talk', 'MQL', 'Opportunity', 'AutoSens_Tech_Talk', 'Keysight_Workshop_RF_Testing', 'LinkedIn_Ad_Click', 'Customer']",1
L006285,Hiroshi Khan,Sony GmbH,,North America,Automotive Ethernet,Event,['No_Conversion'],0
L006286,Maria Tanaka,Infineon,Semiconductor,LATAM,5G Testbeds,LinkedIn,"['Keysight_University_Course', 'Technical_Demo', 'IMS_Badge_Scan', 'Technical_Demo', 'Keysight_Workshop_RF_Testing', 'Lab_Integration_Discussion', 'Customer']",1
L006287,Daniel Johnson,Qualc_Tech,,APAC,Oscilloscopes,Webinar,"['Oscilloscope_Selector_Tool', 'LinkedIn_Ad_Click', 'AutoSens_Tech_Talk', 'LinkedIn_Ad_Click', 'Lab_Integration_Discussion', 'DesignCon_Booth_Visit', 'No_Conversion']",0
L006288,Maria Johnson,,,Europe,,Email Campaign,"['Loaner_Unit_Evaluation', 'Keysight_University_Course', 'PathWave_Trial_Request', 'No_Conversion']",0
L006289,Sarah Anders,Raytheon,,Europe,PathWave Software,,['Customer'],1
L006290,Maria Patel,Tesla Energy,Electronics,Europe,,,"['MQL', 'LinkedIn_Ad_Click', 'Oscilloscope_Selector_Tool', 'Oscilloscope_Selector_Tool', 'Customer']",1
L006291,Laura Singh,,,APAC,,,"['Keysight_Workshop_RF_Testing', 'Oscilloscope_Selector_Tool', 'Keysight_University_Course', 'Application_Engineer_Call', 'DesignCon_Booth_Visit', 'AutoSens_Tech_Talk', 'Opportunity', 'Customer']",1
L006292,,Broadcom GmbH,Telecom,Europe,,,"['Technical_Demo', 'SQL', 'AutoSens_Tech_Talk', 'Loaner_Unit_Evaluation', 'Oscilloscope_Selector_Tool', 'Lab_Integration_Discussion', 'Opportunity', 'No_Conversion']",0
L006293,Hiroshi Lee,Broadcom GmbH,Aerospace,North America,5G Testbeds,Webinar,"['Application_Engineer_Call', 'Oscilloscope_Selector_Tool', 'AutoSens_Tech_Talk', 'Keysight_University_Course', 'IMS_Badge_Scan', 'Whitepaper_Download_5G_Test', 'SQL', 'Opportunity', 'Technical_Demo', 'Customer']",1
L006294,,,Automotive,APAC,,Website,"['Whitepaper_Download_5G_Test', 'Whitepaper_Download_5G_Test', 'PathWave_Trial_Request', 'No_Conversion']",0
L006295,Hiroshi Lee,,Semiconductor,LATAM,,Event,"['MQL', 'PathWave_Trial_Request', 'MQL', 'Whitepaper_Download_5G_Test', 'Lab_Integration_Discussion', 'Customer']",1
L006296,Ahmed Williams,,Electronics,,PathWave Software,Email Campaign,"['Loaner_Unit_Evaluation', 'PathWave_Trial_Request', 'PathWave_Trial_Request', 'Website_Product_Page', 'No_Conversion']",0
L006297,,Bosch,,LATAM,Automotive Ethernet,,"['LinkedIn_Ad_Click', 'AutoSens_Tech_Talk', 'PathWave_Trial_Request', 'Customer']",1
L006298,Priya Singh,Qualcomm,Electronics,North America,Oscilloscopes,Webinar,"['AutoSens_Tech_Talk', 'Keysight_University_Course', 'No_Conversion']",0
L006299,Daniel Khan,NXP Semiconductors GmbH,Telecom,APAC,Oscilloscopes,Webinar,"['MQL', 'IMS_Badge_Scan', 'LinkedIn_Ad_Click', 'DesignCon_Booth_Visit', 'Customer']",1
L006300,,Samsung Electronics GmbH,,,Automotive Ethernet,Website,"['IMS_Badge_Scan', 'Customer']",1
L006301,Laura Williams,Tesla_Tech,Automotive,North America,Oscilloscopes,Website,"['PathWave_Trial_Request', 'Whitepaper_Download_5G_Test', 'SQL', 'LinkedIn_Ad_Click', 'SQL', 'Lab_Integration_Discussion', 'Customer']",1
L006302,Daniel Chen,,Automotive,,,Event,"['DesignCon_Booth_Visit', 'LinkedIn_Ad_Click', 'MQL', 'Technical_Demo', 'IMS_Badge_Scan', 'Technical_Demo', 'SQL', 'Keysight_Workshop_RF_Testing', 'No_Conversion']",0
L006303,Sofia Garcia,Broad_Tech,,Europe,Automotive Ethernet,Event,['Customer'],1
L006304,Priya Ito,Qualc_Tech,Aerospace,Europe,Automotive Ethernet,Webinar,"['Technical_Demo', 'Oscilloscope_Selector_Tool', 'Oscilloscope_Selector_Tool', 'AutoSens_Tech_Talk', 'Whitepaper_Download_5G_Test', 'SQL', 'Technical_Demo', 'Technical_Demo', 'Customer']",1
L006305,Sofia Williams,Broadcom,Aerospace,North America,,Email Campaign,"['Loaner_Unit_Evaluation', 'DesignCon_Booth_Visit', 'IMS_Badge_Scan', 'SQL', 'Loaner_Unit_Evaluation', 'Loaner_Unit_Evaluation', 'No_Conversion']",0
L006306,Ahmed Anders,Broad_Tech,Aerospace,,,Sales Outreach,"['Opportunity', 'Oscilloscope_Selector_Tool', 'PathWave_Trial_Request', 'Technical_Demo', 'No_Conversion']",0
L006307,,Bosch GmbH,,,PathWave Software,Email Campaign,"['LinkedIn_Ad_Click', 'PathWave_Trial_Request', 'Oscilloscope_Selector_Tool', 'MQL', 'Customer']",1
L006308,Ahmed Singh,,Aerospace,North America,PathWave Software,Website,"['Technical_Demo', 'DesignCon_Booth_Visit', 'Website_Product_Page', 'Loaner_Unit_Evaluation', 'Whitepaper_Download_5G_Test', 'Oscilloscope_Selector_Tool', 'No_Conversion']",0
L006309,Ravi Johnson,,Electronics,,Automotive Ethernet,Event,"['Keysight_Workshop_RF_Testing', 'No_Conversion']",0
L006310,Kenji Anders,,,Europe,Automotive Ethernet,Email Campaign,"['LinkedIn_Ad_Click', 'Lab_Integration_Discussion', 'Application_Engineer_Call', 'AutoSens_Tech_Talk', 'PathWave_Trial_Request', 'Opportunity', 'Technical_Demo', 'No_Conversion']",0
L006311,Ahmed Khan,Qualcomm GmbH,,LATAM,5G Testbeds,Email Campaign,"['Website_Product_Page', 'Technical_Demo', 'IMS_Badge_Scan', 'Customer']",1
L006312,Ahmed Johnson,Samsung Electronics,,,,Webinar,"['SQL', 'Website_Product_Page', 'Technical_Demo', 'Keysight_University_Course', 'SQL', 'Website_Product_Page', 'No_Conversion']",0
L006313,,Bosch_Tech,Aerospace,APAC,,Webinar,"['AutoSens_Tech_Talk', 'Loaner_Unit_Evaluation', 'Opportunity', 'Application_Engineer_Call', 'AutoSens_Tech_Talk', 'Loaner_Unit_Evaluation', 'DesignCon_Booth_Visit', 'Oscilloscope_Selector_Tool', 'SQL', 'No_Conversion']",0
L006314,,Infin_Tech,Aerospace,,Automotive Ethernet,Email Campaign,"['Technical_Demo', 'No_Conversion']",0
L006315,Ahmed Tanaka,Raytheon GmbH,Electronics,APAC,PathWave Software,Webinar,"['Oscilloscope_Selector_Tool', 'Website_Product_Page', 'Whitepaper_Download_5G_Test', 'No_Conversion']",0
L006316,,Sony,Semiconductor,APAC,Oscilloscopes,Event,"['Keysight_Workshop_RF_Testing', 'DesignCon_Booth_Visit', 'Opportunity', 'No_Conversion']",0
L006317,Sofia Garcia,Tesla Energy,Semiconductor,,,Email Campaign,['Customer'],1
L006318,Ravi Chen,,,,PathWave Software,LinkedIn,"['MQL', 'IMS_Badge_Scan', 'Loaner_Unit_Evaluation', 'Website_Product_Page', 'No_Conversion']",0
L006319,Sarah Singh,Raytheon GmbH,Telecom,North America,,LinkedIn,"['Loaner_Unit_Evaluation', 'Technical_Demo', 'Keysight_Workshop_RF_Testing', 'PathWave_Trial_Request', 'Technical_Demo', 'PathWave_Trial_Request', 'Technical_Demo', 'Loaner_Unit_Evaluation', 'No_Conversion']",0
L006320,Daniel Williams,,Telecom,,Oscilloscopes,Email Campaign,"['IMS_Badge_Scan', 'Keysight_Workshop_RF_Testing', 'Loaner_Unit_Evaluation', 'Website_Product_Page', 'Customer']",1
L006321,Sarah Singh,Broadcom GmbH,Telecom,APAC,,Website,"['SQL', 'DesignCon_Booth_Visit', 'Application_Engineer_Call', 'Oscilloscope_Selector_Tool', 'SQL', 'Loaner_Unit_Evaluation', 'SQL', 'No_Conversion']",0
L006322,Daniel Khan,Qualcomm,,,Automotive Ethernet,Event,"['Website_Product_Page', 'Keysight_Workshop_RF_Testing', 'Lab_Integration_Discussion', 'No_Conversion']",0
L006323,Kenji Martinez,Broadcom,,Europe,,Webinar,"['Application_Engineer_Call', 'No_Conversion']",0
L006324,Sarah Patel,Qualcomm GmbH,,North America,5G Testbeds,LinkedIn,"['IMS_Badge_Scan', 'Opportunity', 'DesignCon_Booth_Visit', 'AutoSens_Tech_Talk', 'Customer']",1
L006325,,NXP Semiconductors GmbH,Telecom,Europe,,Sales Outreach,"['SQL', 'AutoSens_Tech_Talk', 'LinkedIn_Ad_Click', 'Oscilloscope_Selector_Tool', 'Lab_Integration_Discussion', 'Oscilloscope_Selector_Tool', 'Application_Engineer_Call', 'PathWave_Trial_Request', 'No_Conversion']",0
L006326,,Bosch_Tech,,Europe,PathWave Software,Event,['Customer'],1
L006327,Chen Chen,Qualcomm GmbH,Automotive,North America,,Webinar,"['PathWave_Trial_Request', 'Keysight_Workshop_RF_Testing', 'IMS_Badge_Scan', 'Technical_Demo', 'Customer']",1
L006328,,,Semiconductor,APAC,,LinkedIn,['Customer'],1
L006329,Maria Lee,,Aerospace,Europe,Oscilloscopes,Email Campaign,"['LinkedIn_Ad_Click', 'MQL', 'Whitepaper_Download_5G_Test', 'Oscilloscope_Selector_Tool', 'Whitepaper_Download_5G_Test', 'Opportunity', 'Oscilloscope_Selector_Tool', 'Whitepaper_Download_5G_Test', 'No_Conversion']",0
L006330,Priya Chen,Sony GmbH,Semiconductor,APAC,Oscilloscopes,Webinar,"['Keysight_Workshop_RF_Testing', 'Application_Engineer_Call', 'No_Conversion']",0
L006331,Daniel Williams,NXP Semiconductors GmbH,Semiconductor,LATAM,5G Testbeds,Webinar,"['Loaner_Unit_Evaluation', 'Oscilloscope_Selector_Tool', 'Keysight_Workshop_RF_Testing', 'LinkedIn_Ad_Click', 'Whitepaper_Download_5G_Test', 'No_Conversion']",0
L006332,Priya Garcia,Infin_Tech,Automotive,LATAM,Automotive Ethernet,Website,"['Website_Product_Page', 'Opportunity', 'Keysight_Workshop_RF_Testing', 'AutoSens_Tech_Talk', 'Keysight_Workshop_RF_Testing', 'Keysight_University_Course', 'PathWave_Trial_Request', 'No_Conversion']",0
L006333,,Bosch,Electronics,,Oscilloscopes,LinkedIn,"['Technical_Demo', 'Keysight_Workshop_RF_Testing', 'LinkedIn_Ad_Click', 'AutoSens_Tech_Talk', 'Loaner_Unit_Evaluation', 'Loaner_Unit_Evaluation', 'Opportunity', 'Customer']",1
L006334,Ahmed Martinez,Bosch_Tech,,Europe,Automotive Ethernet,Event,"['IMS_Badge_Scan', 'Keysight_Workshop_RF_Testing', 'Application_Engineer_Call', 'Oscilloscope_Selector_Tool', 'Technical_Demo', 'No_Conversion']",0
L006335,Laura Lee,NXP Semiconductors GmbH,,LATAM,5G Testbeds,Website,"['DesignCon_Booth_Visit', 'Oscilloscope_Selector_Tool', 'Website_Product_Page', 'Customer']",1
L006336,Laura Martinez,Tesla_Tech,Semiconductor,APAC,,Email Campaign,"['Application_Engineer_Call', 'Keysight_Workshop_RF_Testing', 'DesignCon_Booth_Visit', 'Lab_Integration_Discussion', 'IMS_Badge_Scan', 'Opportunity', 'Lab_Integration_Discussion', 'Website_Product_Page', 'Website_Product_Page', 'AutoSens_Tech_Talk', 'No_Conversion']",0
L006337,Priya Lee,,Automotive,Europe,Automotive Ethernet,Event,"['IMS_Badge_Scan', 'Keysight_Workshop_RF_Testing', 'Keysight_Workshop_RF_Testing', 'LinkedIn_Ad_Click', 'No_Conversion']",0
L006338,Sarah Chen,,,,Oscilloscopes,Website,"['Technical_Demo', 'Website_Product_Page', 'Application_Engineer_Call', 'PathWave_Trial_Request', 'AutoSens_Tech_Talk', 'Lab_Integration_Discussion', 'LinkedIn_Ad_Click', 'AutoSens_Tech_Talk', 'No_Conversion']",0
L006339,Hiroshi Patel,Broadcom GmbH,Aerospace,,5G Testbeds,LinkedIn,"['Lab_Integration_Discussion', 'SQL', 'PathWave_Trial_Request', 'Application_Engineer_Call', 'No_Conversion']",0
L006340,Priya Singh,NXP Semiconductors,Semiconductor,,,Email Campaign,"['Technical_Demo', 'Lab_Integration_Discussion', 'SQL', 'Application_Engineer_Call', 'Keysight_University_Course', 'No_Conversion']",0
L006341,Laura Garcia,,,APAC,,Email Campaign,"['AutoSens_Tech_Talk', 'DesignCon_Booth_Visit', 'Technical_Demo', 'Application_Engineer_Call', 'Opportunity', 'No_Conversion']",0
L006342,Kenji Tanaka,,Telecom,APAC,,Website,"['DesignCon_Booth_Visit', 'DesignCon_Booth_Visit', 'Website_Product_Page', 'AutoSens_Tech_Talk', 'DesignCon_Booth_Visit', 'Customer']",1
L006343,Sofia Garcia,NXP Semiconductors,,APAC,,,"['PathWave_Trial_Request', 'Website_Product_Page', 'IMS_Badge_Scan', 'Technical_Demo', 'AutoSens_Tech_Talk', 'Application_Engineer_Call', 'Customer']",1
L006344,Hiroshi Patel,,Aerospace,North America,Automotive Ethernet,Email Campaign,"['SQL', 'SQL', 'SQL', 'Keysight_Workshop_RF_Testing', 'SQL', 'Application_Engineer_Call', 'Customer']",1
L006345,Laura Singh,Samsung Electronics GmbH,Automotive,LATAM,,Webinar,"['IMS_Badge_Scan', 'IMS_Badge_Scan', 'Whitepaper_Download_5G_Test', 'Keysight_Workshop_RF_Testing', 'Loaner_Unit_Evaluation', 'IMS_Badge_Scan', 'No_Conversion']",0
L006346,Kenji Johnson,,,North America,,Website,"['Opportunity', 'Lab_Integration_Discussion', 'AutoSens_Tech_Talk', 'Website_Product_Page', 'Application_Engineer_Call', 'Keysight_University_Course', 'Technical_Demo', 'Website_Product_Page', 'IMS_Badge_Scan', 'Whitepaper_Download_5G_Test', 'No_Conversion']",0
L006347,Laura Khan,,Automotive,LATAM,,Sales Outreach,['No_Conversion'],0
L006348,Sarah Patel,Infineon,Automotive,North America,Automotive Ethernet,Website,"['DesignCon_Booth_Visit', 'Customer']",1
L006349,Chen Chen,Infineon GmbH,Automotive,LATAM,Oscilloscopes,Webinar,"['Keysight_Workshop_RF_Testing', 'Technical_Demo', 'Website_Product_Page', 'Whitepaper_Download_5G_Test', 'Technical_Demo', 'DesignCon_Booth_Visit', 'No_Conversion']",0
L006350,Priya Williams,,Electronics,,Oscilloscopes,Sales Outreach,"['Opportunity', 'Loaner_Unit_Evaluation', 'PathWave_Trial_Request', 'Website_Product_Page', 'Keysight_University_Course', 'AutoSens_Tech_Talk', 'No_Conversion']",0
L006351,,Qualcomm,Semiconductor,,,Webinar,['Customer'],1
L006352,Daniel Patel,Sony GmbH,Semiconductor,APAC,PathWave Software,Email Campaign,"['AutoSens_Tech_Talk', 'AutoSens_Tech_Talk', 'Loaner_Unit_Evaluation', 'Lab_Integration_Discussion', 'Customer']",1
L006353,Priya Ito,Sony_Tech,,APAC,5G Testbeds,Website,"['MQL', 'Whitepaper_Download_5G_Test', 'SQL', 'MQL', 'SQL', 'SQL', 'Application_Engineer_Call', 'No_Conversion']",0
L006354,Ravi Williams,,,,,Event,['No_Conversion'],0
L006355,Kenji Ito,Broadcom GmbH,Electronics,,,Website,"['Lab_Integration_Discussion', 'Keysight_University_Course', 'Technical_Demo', 'PathWave_Trial_Request', 'Application_Engineer_Call', 'Opportunity', 'Whitepaper_Download_5G_Test', 'Keysight_Workshop_RF_Testing', 'Customer']",1
L006356,Hiroshi Singh,NXP Semiconductors,Telecom,APAC,Automotive Ethernet,Event,['No_Conversion'],0
L006357,Chen Chen,Infin_Tech,Automotive,Europe,Oscilloscopes,Event,"['SQL', 'Loaner_Unit_Evaluation', 'IMS_Badge_Scan', 'MQL', 'No_Conversion']",0
L006358,Laura Patel,,Aerospace,Europe,,Email Campaign,"['Keysight_University_Course', 'MQL', 'Technical_Demo', 'IMS_Badge_Scan', 'No_Conversion']",0
L006359,Hiroshi Garcia,Sony,Aerospace,APAC,5G Testbeds,,['No_Conversion'],0
L006360,Sarah Johnson,Broadcom,Automotive,LATAM,PathWave Software,,"['PathWave_Trial_Request', 'SQL', 'AutoSens_Tech_Talk', 'SQL', 'Customer']",1
L006361,Sarah Garcia,Sony,Aerospace,APAC,,,"['PathWave_Trial_Request', 'No_Conversion']",0
L006362,,Bosch_Tech,,Europe,,Email Campaign,"['Lab_Integration_Discussion', 'AutoSens_Tech_Talk', 'LinkedIn_Ad_Click', 'Keysight_Workshop_RF_Testing', 'Keysight_University_Course', 'Lab_Integration_Discussion', 'Customer']",1
L006363,,NXPSe_Tech,,,,Website,"['PathWave_Trial_Request', 'PathWave_Trial_Request', 'SQL', 'SQL', 'Whitepaper_Download_5G_Test', 'PathWave_Trial_Request', 'Keysight_University_Course', 'Keysight_University_Course', 'No_Conversion']",0
L006364,Chen Martinez,Infineon,Aerospace,LATAM,,Event,"['Lab_Integration_Discussion', 'Application_Engineer_Call', 'Technical_Demo', 'Opportunity', 'Application_Engineer_Call', 'Loaner_Unit_Evaluation', 'Customer']",1
L006365,Priya Chen,Broadcom,,LATAM,Automotive Ethernet,Event,"['SQL', 'Technical_Demo', 'Loaner_Unit_Evaluation', 'Customer']",1
L006366,Sofia Singh,Tesla_Tech,Electronics,North America,,Event,"['Website_Product_Page', 'Keysight_University_Course', 'Keysight_Workshop_RF_Testing', 'PathWave_Trial_Request', 'No_Conversion']",0
L006367,Ravi Ito,Samsung Electronics,Electronics,,5G Testbeds,Event,"['IMS_Badge_Scan', 'Customer']",1
L006368,Kenji Garcia,Samsung Electronics GmbH,,,5G Testbeds,Email Campaign,"['DesignCon_Booth_Visit', 'IMS_Badge_Scan', 'Application_Engineer_Call', 'Technical_Demo', 'MQL', 'Customer']",1
L006369,,NXPSe_Tech,,North America,Oscilloscopes,LinkedIn,['No_Conversion'],0
L006370,Sofia Johnson,Rayth_Tech,Aerospace,North America,,Webinar,['Customer'],1
L006371,Maria Lee,Meta Connectivity Labs,Semiconductor,APAC,,Email Campaign,"['Opportunity', 'Lab_Integration_Discussion', 'Loaner_Unit_Evaluation', 'SQL', 'PathWave_Trial_Request', 'IMS_Badge_Scan', 'Customer']",1
L006372,Maria Patel,Infineon GmbH,Telecom,,5G Testbeds,Email Campaign,"['AutoSens_Tech_Talk', 'Technical_Demo', 'PathWave_Trial_Request', 'LinkedIn_Ad_Click', 'SQL', 'No_Conversion']",0
L006373,Priya Chen,Sony GmbH,Semiconductor,LATAM,,Event,"['Oscilloscope_Selector_Tool', 'MQL', 'Technical_Demo', 'PathWave_Trial_Request', 'Technical_Demo', 'IMS_Badge_Scan', 'Application_Engineer_Call', 'Oscilloscope_Selector_Tool', 'LinkedIn_Ad_Click', 'Oscilloscope_Selector_Tool', 'Customer']",1
L006374,Laura Lee,Qualcomm GmbH,,LATAM,Oscilloscopes,Email Campaign,"['PathWave_Trial_Request', 'Keysight_Workshop_RF_Testing', 'MQL', 'Lab_Integration_Discussion', 'Customer']",1
L006375,Maria Chen,Qualcomm GmbH,Telecom,,Automotive Ethernet,Sales Outreach,"['Lab_Integration_Discussion', 'MQL', 'Keysight_Workshop_RF_Testing', 'No_Conversion']",0
L006376,Kenji Khan,Tesla Energy,,Europe,PathWave Software,LinkedIn,['Customer'],1
L006377,Sarah Singh,Sony_Tech,Electronics,North America,,Website,"['SQL', 'No_Conversion']",0
L006378,Ahmed Khan,Broadcom,,,Oscilloscopes,Email Campaign,"['PathWave_Trial_Request', 'Lab_Integration_Discussion', 'SQL', 'PathWave_Trial_Request', 'LinkedIn_Ad_Click', 'PathWave_Trial_Request', 'Customer']",1
L006379,Priya Garcia,Raytheon,Automotive,North America,5G Testbeds,Website,"['Opportunity', 'Loaner_Unit_Evaluation', 'Oscilloscope_Selector_Tool', 'IMS_Badge_Scan', 'DesignCon_Booth_Visit', 'Customer']",1
L006380,,Qualcomm GmbH,,North America,5G Testbeds,Webinar,"['PathWave_Trial_Request', 'Whitepaper_Download_5G_Test', 'Technical_Demo', 'Whitepaper_Download_5G_Test', 'Website_Product_Page', 'Keysight_University_Course', 'IMS_Badge_Scan', 'Customer']",1
L006381,,NXP Semiconductors,Telecom,Europe,Automotive Ethernet,LinkedIn,"['Lab_Integration_Discussion', 'SQL', 'Whitepaper_Download_5G_Test', 'Oscilloscope_Selector_Tool', 'Keysight_University_Course', 'Technical_Demo', 'SQL', 'Customer']",1
L006382,Maria Chen,NXP Semiconductors GmbH,,Europe,Oscilloscopes,Email Campaign,"['PathWave_Trial_Request', 'LinkedIn_Ad_Click', 'Website_Product_Page', 'Technical_Demo', 'SQL', 'Application_Engineer_Call', 'IMS_Badge_Scan', 'Website_Product_Page', 'No_Conversion']",0
L006383,Ravi Ito,Broad_Tech,Aerospace,LATAM,Oscilloscopes,Website,"['Keysight_University_Course', 'Customer']",1
L006384,Michael Tanaka,MetaC_Tech,,,,Sales Outreach,"['Keysight_University_Course', 'Lab_Integration_Discussion', 'Loaner_Unit_Evaluation', 'Keysight_University_Course', 'Opportunity', 'Customer']",1
L006385,Sofia Patel,Bosch GmbH,Aerospace,,5G Testbeds,Webinar,"['IMS_Badge_Scan', 'Oscilloscope_Selector_Tool', 'Customer']",1
L006386,Kenji Singh,Infin_Tech,,,5G Testbeds,Webinar,"['Keysight_University_Course', 'Opportunity', 'Loaner_Unit_Evaluation', 'SQL', 'IMS_Badge_Scan', 'Loaner_Unit_Evaluation', 'Customer']",1
L006387,Laura Patel,Raytheon,Automotive,,,Sales Outreach,"['IMS_Badge_Scan', 'Website_Product_Page', 'LinkedIn_Ad_Click', 'Application_Engineer_Call', 'No_Conversion']",0
L006388,Ravi Anders,Meta Connectivity Labs GmbH,Telecom,Europe,Automotive Ethernet,Website,"['MQL', 'SQL', 'Keysight_Workshop_RF_Testing', 'Loaner_Unit_Evaluation', 'LinkedIn_Ad_Click', 'Keysight_University_Course', 'Application_Engineer_Call', 'Customer']",1
L006389,Ravi Anders,,Telecom,,,Sales Outreach,"['IMS_Badge_Scan', 'LinkedIn_Ad_Click', 'SQL', 'Application_Engineer_Call', 'Loaner_Unit_Evaluation', 'Loaner_Unit_Evaluation', 'Whitepaper_Download_5G_Test', 'Customer']",1
L006390,Chen Patel,Bosch_Tech,Automotive,LATAM,Automotive Ethernet,Webinar,"['Loaner_Unit_Evaluation', 'Keysight_University_Course', 'Oscilloscope_Selector_Tool', 'Keysight_Workshop_RF_Testing', 'Application_Engineer_Call', 'No_Conversion']",0
L006391,Ravi Tanaka,Samsung Electronics GmbH,Electronics,North America,PathWave Software,Website,"['Technical_Demo', 'Whitepaper_Download_5G_Test', 'Keysight_Workshop_RF_Testing', 'Whitepaper_Download_5G_Test', 'Whitepaper_Download_5G_Test', 'Oscilloscope_Selector_Tool', 'No_Conversion']",0
L006392,Ahmed Ito,Meta Connectivity Labs,Aerospace,,,Event,['No_Conversion'],0
L006393,Hiroshi Lee,Samsung Electronics,Aerospace,Europe,Automotive Ethernet,Webinar,"['Keysight_Workshop_RF_Testing', 'LinkedIn_Ad_Click', 'Whitepaper_Download_5G_Test', 'Oscilloscope_Selector_Tool', 'Customer']",1
L006394,Hiroshi Johnson,Samsung Electronics,Semiconductor,Europe,Automotive Ethernet,Sales Outreach,"['Loaner_Unit_Evaluation', 'AutoSens_Tech_Talk', 'Technical_Demo', 'Whitepaper_Download_5G_Test', 'Lab_Integration_Discussion', 'No_Conversion']",0
L006395,Hiroshi Williams,Tesla Energy GmbH,,Europe,,Event,"['Whitepaper_Download_5G_Test', 'No_Conversion']",0
L006396,Priya Khan,Infin_Tech,Electronics,Europe,Oscilloscopes,LinkedIn,"['Opportunity', 'Lab_Integration_Discussion', 'Keysight_Workshop_RF_Testing', 'PathWave_Trial_Request', 'MQL', 'Opportunity', 'No_Conversion']",0
L006397,Daniel Ito,Broadcom,Electronics,Europe,Automotive Ethernet,Event,"['DesignCon_Booth_Visit', 'DesignCon_Booth_Visit', 'Loaner_Unit_Evaluation', 'MQL', 'Lab_Integration_Discussion', 'Technical_Demo', 'Customer']",1
L006398,,,Aerospace,North America,5G Testbeds,Sales Outreach,"['DesignCon_Booth_Visit', 'DesignCon_Booth_Visit', 'Application_Engineer_Call', 'Oscilloscope_Selector_Tool', 'MQL', 'No_Conversion']",0
L006399,Priya Singh,Infin_Tech,Electronics,LATAM,Automotive Ethernet,Webinar,['No_Conversion'],0
L006400,Priya Patel,Infin_Tech,Electronics,,,Website,"['Application_Engineer_Call', 'SQL', 'Lab_Integration_Discussion', 'SQL', 'Oscilloscope_Selector_Tool', 'Website_Product_Page', 'Keysight_Workshop_RF_Testing', 'DesignCon_Booth_Visit', 'Customer']",1
L006401,Chen Martinez,Qualcomm,,North America,Oscilloscopes,Email Campaign,"['DesignCon_Booth_Visit', 'Oscilloscope_Selector_Tool', 'Opportunity', 'Customer']",1
L006402,Sofia Martinez,,Aerospace,APAC,,Webinar,"['DesignCon_Booth_Visit', 'Oscilloscope_Selector_Tool', 'DesignCon_Booth_Visit', 'Customer']",1
L006403,Chen Martinez,NXP Semiconductors GmbH,,North America,,,"['SQL', 'PathWave_Trial_Request', 'MQL', 'Whitepaper_Download_5G_Test', 'PathWave_Trial_Request', 'Application_Engineer_Call', 'Oscilloscope_Selector_Tool', 'Oscilloscope_Selector_Tool', 'Keysight_University_Course', 'No_Conversion']",0
L006404,Ahmed Tanaka,Infineon,Aerospace,LATAM,,Website,['No_Conversion'],0
L006405,Ravi Singh,Samsung Electronics GmbH,,LATAM,PathWave Software,Webinar,"['AutoSens_Tech_Talk', 'Website_Product_Page', 'Technical_Demo', 'Technical_Demo', 'No_Conversion']",0
L006406,Hiroshi Lee,Tesla Energy,Telecom,Europe,,Event,"['LinkedIn_Ad_Click', 'LinkedIn_Ad_Click', 'Technical_Demo', 'MQL', 'Loaner_Unit_Evaluation', 'IMS_Badge_Scan', 'SQL', 'PathWave_Trial_Request', 'DesignCon_Booth_Visit', 'Customer']",1
L006407,,,Electronics,Europe,PathWave Software,LinkedIn,"['Application_Engineer_Call', 'AutoSens_Tech_Talk', 'Opportunity', 'No_Conversion']",0
L006408,Maria Patel,,,North America,5G Testbeds,Website,"['Keysight_Workshop_RF_Testing', 'Application_Engineer_Call', 'Opportunity', 'Application_Engineer_Call', 'SQL', 'Website_Product_Page', 'DesignCon_Booth_Visit', 'Loaner_Unit_Evaluation', 'DesignCon_Booth_Visit', 'Customer']",1
L006409,Chen Lee,NXPSe_Tech,,APAC,5G Testbeds,Event,"['AutoSens_Tech_Talk', 'Customer']",1
L006410,Ahmed Lee,NXPSe_Tech,Automotive,Europe,Oscilloscopes,Email Campaign,"['SQL', 'SQL', 'Technical_Demo', 'Application_Engineer_Call', 'DesignCon_Booth_Visit', 'SQL', 'Technical_Demo', 'Technical_Demo', 'Customer']",1
L006411,Michael Singh,Broadcom,,,Automotive Ethernet,,"['Website_Product_Page', 'Oscilloscope_Selector_Tool', 'Lab_Integration_Discussion', 'Technical_Demo', 'PathWave_Trial_Request', 'AutoSens_Tech_Talk', 'AutoSens_Tech_Talk', 'PathWave_Trial_Request', 'No_Conversion']",0
L006412,Hiroshi Patel,Bosch GmbH,,LATAM,,Website,"['IMS_Badge_Scan', 'Whitepaper_Download_5G_Test', 'Customer']",1
L006413,Laura Martinez,,Semiconductor,North America,,Email Campaign,"['Technical_Demo', 'LinkedIn_Ad_Click', 'Keysight_Workshop_RF_Testing', 'Opportunity', 'Technical_Demo', 'Opportunity', 'Customer']",1
L006414,Chen Chen,NXP Semiconductors GmbH,,APAC,Oscilloscopes,Event,"['Keysight_Workshop_RF_Testing', 'Lab_Integration_Discussion', 'PathWave_Trial_Request', 'Whitepaper_Download_5G_Test', 'IMS_Badge_Scan', 'IMS_Badge_Scan', 'Customer']",1
L006415,Ravi Williams,Samsu_Tech,,LATAM,5G Testbeds,Sales Outreach,['Customer'],1
L006416,Laura Tanaka,Tesla_Tech,Semiconductor,LATAM,5G Testbeds,Event,"['Keysight_Workshop_RF_Testing', 'Opportunity', 'Opportunity', 'AutoSens_Tech_Talk', 'Application_Engineer_Call', 'No_Conversion']",0
L006417,Daniel Lee,Meta Connectivity Labs,Automotive,LATAM,Automotive Ethernet,Website,"['Keysight_University_Course', 'Opportunity', 'Loaner_Unit_Evaluation', 'Loaner_Unit_Evaluation', 'Technical_Demo', 'Keysight_University_Course', 'Technical_Demo', 'Whitepaper_Download_5G_Test', 'DesignCon_Booth_Visit', 'No_Conversion']",0
L006418,Hiroshi Ito,,Semiconductor,,,Email Campaign,"['SQL', 'AutoSens_Tech_Talk', 'LinkedIn_Ad_Click', 'Loaner_Unit_Evaluation', 'PathWave_Trial_Request', 'AutoSens_Tech_Talk', 'Lab_Integration_Discussion', 'Customer']",1
L006419,Michael Ito,Qualc_Tech,Semiconductor,Europe,PathWave Software,Event,"['Keysight_University_Course', 'Keysight_University_Course', 'Oscilloscope_Selector_Tool', 'LinkedIn_Ad_Click', 'Lab_Integration_Discussion', 'Lab_Integration_Discussion', 'IMS_Badge_Scan', 'Application_Engineer_Call', 'Lab_Integration_Discussion', 'Opportunity', 'Customer']",1
L006420,Ravi Anders,Broad_Tech,Semiconductor,,5G Testbeds,LinkedIn,"['IMS_Badge_Scan', 'SQL', 'IMS_Badge_Scan', 'Lab_Integration_Discussion', 'No_Conversion']",0
L006421,Laura Patel,Meta Connectivity Labs,Aerospace,LATAM,Oscilloscopes,Website,"['SQL', 'No_Conversion']",0
L006422,Priya Lee,NXP Semiconductors GmbH,Electronics,North America,Oscilloscopes,Website,"['Oscilloscope_Selector_Tool', 'Whitepaper_Download_5G_Test', 'Keysight_Workshop_RF_Testing', 'Keysight_University_Course', 'AutoSens_Tech_Talk', 'No_Conversion']",0
L006423,Laura Singh,NXP Semiconductors GmbH,,APAC,,Event,"['AutoSens_Tech_Talk', 'SQL', 'Keysight_Workshop_RF_Testing', 'Opportunity', 'Customer']",1
L006424,Priya Singh,,Automotive,Europe,Automotive Ethernet,Event,"['Website_Product_Page', 'Keysight_Workshop_RF_Testing', 'LinkedIn_Ad_Click', 'LinkedIn_Ad_Click', 'Customer']",1
L006425,Priya Martinez,Bosch,Electronics,APAC,5G Testbeds,Sales Outreach,"['LinkedIn_Ad_Click', 'Lab_Integration_Discussion', 'Lab_Integration_Discussion', 'Opportunity', 'Keysight_University_Course', 'No_Conversion']",0
L006426,Laura Anders,Infin_Tech,Aerospace,LATAM,Oscilloscopes,LinkedIn,"['SQL', 'IMS_Badge_Scan', 'DesignCon_Booth_Visit', 'Oscilloscope_Selector_Tool', 'Application_Engineer_Call', 'No_Conversion']",0
L006427,Daniel Patel,,Telecom,LATAM,Automotive Ethernet,Email Campaign,"['Opportunity', 'Oscilloscope_Selector_Tool', 'Technical_Demo', 'SQL', 'Website_Product_Page', 'Application_Engineer_Call', 'Technical_Demo', 'Whitepaper_Download_5G_Test', 'Opportunity', 'Keysight_Workshop_RF_Testing', 'Customer']",1
L006428,Priya Lee,NXPSe_Tech,Electronics,North America,,,"['AutoSens_Tech_Talk', 'SQL', 'Application_Engineer_Call', 'DesignCon_Booth_Visit', 'MQL', 'No_Conversion']",0
L006429,Michael Martinez,Qualcomm GmbH,,North America,5G Testbeds,,"['Loaner_Unit_Evaluation', 'No_Conversion']",0
L006430,Ravi Johnson,Meta Connectivity Labs GmbH,Automotive,APAC,5G Testbeds,Webinar,"['IMS_Badge_Scan', 'Oscilloscope_Selector_Tool', 'Lab_Integration_Discussion', 'Lab_Integration_Discussion', 'No_Conversion']",0
L006431,Chen Garcia,,,LATAM,,LinkedIn,"['SQL', 'PathWave_Trial_Request', 'Lab_Integration_Discussion', 'SQL', 'MQL', 'AutoSens_Tech_Talk', 'Customer']",1
L006432,Ahmed Khan,Samsu_Tech,,Europe,,LinkedIn,['No_Conversion'],0
L006433,Michael Singh,Sony_Tech,,North America,PathWave Software,LinkedIn,"['Keysight_Workshop_RF_Testing', 'Lab_Integration_Discussion', 'No_Conversion']",0
L006434,Maria Johnson,Raytheon,Semiconductor,LATAM,5G Testbeds,Webinar,"['Application_Engineer_Call', 'No_Conversion']",0
L006435,,Sony_Tech,Semiconductor,North America,Oscilloscopes,Webinar,"['Loaner_Unit_Evaluation', 'Opportunity', 'MQL', 'Customer']",1
L006436,,,Aerospace,APAC,Automotive Ethernet,Webinar,"['PathWave_Trial_Request', 'DesignCon_Booth_Visit', 'Customer']",1
L006437,Laura Anders,,Telecom,,,Webinar,"['Website_Product_Page', 'Oscilloscope_Selector_Tool', 'No_Conversion']",0
L006438,Ahmed Anders,Meta Connectivity Labs GmbH,Telecom,,5G Testbeds,Sales Outreach,['No_Conversion'],0
L006439,,Raytheon,Aerospace,North America,PathWave Software,LinkedIn,"['Keysight_University_Course', 'LinkedIn_Ad_Click', 'Application_Engineer_Call', 'Lab_Integration_Discussion', 'IMS_Badge_Scan', 'No_Conversion']",0
L006440,Laura Williams,,Telecom,North America,,Sales Outreach,"['MQL', 'Loaner_Unit_Evaluation', 'Loaner_Unit_Evaluation', 'Whitepaper_Download_5G_Test', 'No_Conversion']",0
L006441,Michael Johnson,Infineon,Electronics,North America,5G Testbeds,Website,"['Loaner_Unit_Evaluation', 'PathWave_Trial_Request', 'Technical_Demo', 'No_Conversion']",0
L006442,Kenji Martinez,,Aerospace,Europe,,Sales Outreach,"['Loaner_Unit_Evaluation', 'IMS_Badge_Scan', 'SQL', 'Technical_Demo', 'Customer']",1
L006443,Sarah Singh,Tesla_Tech,,LATAM,Automotive Ethernet,Event,"['Oscilloscope_Selector_Tool', 'Loaner_Unit_Evaluation', 'IMS_Badge_Scan', 'Technical_Demo', 'IMS_Badge_Scan', 'MQL', 'MQL', 'Website_Product_Page', 'DesignCon_Booth_Visit', 'Customer']",1
L006444,Chen Chen,Tesla_Tech,,,5G Testbeds,Sales Outreach,"['Website_Product_Page', 'Application_Engineer_Call', 'Whitepaper_Download_5G_Test', 'DesignCon_Booth_Visit', 'Oscilloscope_Selector_Tool', 'IMS_Badge_Scan', 'Keysight_University_Course', 'Application_Engineer_Call', 'Oscilloscope_Selector_Tool', 'SQL', 'No_Conversion']",0
L006445,Michael Patel,,Electronics,APAC,,LinkedIn,"['Lab_Integration_Discussion', 'PathWave_Trial_Request', 'AutoSens_Tech_Talk', 'No_Conversion']",0
L006446,Chen Lee,Broadcom,,Europe,,Email Campaign,"['Oscilloscope_Selector_Tool', 'Keysight_Workshop_RF_Testing', 'Technical_Demo', 'LinkedIn_Ad_Click', 'Oscilloscope_Selector_Tool', 'Oscilloscope_Selector_Tool', 'Keysight_Workshop_RF_Testing', 'No_Conversion']",0
L006447,Sofia Johnson,,Semiconductor,Europe,PathWave Software,Webinar,"['PathWave_Trial_Request', 'LinkedIn_Ad_Click', 'Technical_Demo', 'Opportunity', 'Loaner_Unit_Evaluation', 'Oscilloscope_Selector_Tool', 'AutoSens_Tech_Talk', 'Technical_Demo', 'Keysight_Workshop_RF_Testing', 'No_Conversion']",0
L006448,Ravi Tanaka,Tesla Energy,,APAC,,Event,"['DesignCon_Booth_Visit', 'Keysight_University_Course', 'Opportunity', 'Application_Engineer_Call', 'Customer']",1
L006449,Priya Garcia,,,North America,PathWave Software,Event,"['Whitepaper_Download_5G_Test', 'No_Conversion']",0
L006450,Ravi Patel,,Electronics,APAC,Oscilloscopes,,"['DesignCon_Booth_Visit', 'Technical_Demo', 'Oscilloscope_Selector_Tool', 'LinkedIn_Ad_Click', 'LinkedIn_Ad_Click', 'Oscilloscope_Selector_Tool', 'DesignCon_Booth_Visit', 'LinkedIn_Ad_Click', 'No_Conversion']",0
L006451,Daniel Khan,Broadcom GmbH,Aerospace,LATAM,,Sales Outreach,"['Opportunity', 'Website_Product_Page', 'Application_Engineer_Call', 'Lab_Integration_Discussion', 'Opportunity', 'Whitepaper_Download_5G_Test', 'Keysight_University_Course', 'Technical_Demo', 'Technical_Demo', 'No_Conversion']",0
L006452,Kenji Chen,Bosch_Tech,,Europe,,Sales Outreach,"['Application_Engineer_Call', 'Opportunity', 'DesignCon_Booth_Visit', 'Customer']",1
L006453,Chen Anders,Raytheon,Semiconductor,LATAM,5G Testbeds,,"['Loaner_Unit_Evaluation', 'Oscilloscope_Selector_Tool', 'PathWave_Trial_Request', 'No_Conversion']",0
L006454,Maria Lee,Samsung Electronics GmbH,,APAC,5G Testbeds,Event,"['SQL', 'Application_Engineer_Call', 'Opportunity', 'Keysight_University_Course', 'PathWave_Trial_Request', 'Customer']",1
L006455,Ravi Martinez,,Semiconductor,North America,Automotive Ethernet,Event,"['Lab_Integration_Discussion', 'SQL', 'PathWave_Trial_Request', 'AutoSens_Tech_Talk', 'Keysight_University_Course', 'Oscilloscope_Selector_Tool', 'Website_Product_Page', 'Keysight_Workshop_RF_Testing', 'Opportunity', 'Customer']",1
L006456,Daniel Tanaka,,Electronics,Europe,PathWave Software,Website,"['AutoSens_Tech_Talk', 'Keysight_Workshop_RF_Testing', 'No_Conversion']",0
L006457,Michael Lee,Bosch,Telecom,Europe,Oscilloscopes,Event,"['Keysight_Workshop_RF_Testing', 'Keysight_University_Course', 'LinkedIn_Ad_Click', 'AutoSens_Tech_Talk', 'AutoSens_Tech_Talk', 'Keysight_Workshop_RF_Testing', 'No_Conversion']",0
L006458,Sofia Lee,MetaC_Tech,Aerospace,APAC,5G Testbeds,Event,"['IMS_Badge_Scan', 'Customer']",1
L006459,Hiroshi Ito,Qualc_Tech,,,Automotive Ethernet,Event,"['Oscilloscope_Selector_Tool', 'LinkedIn_Ad_Click', 'Keysight_Workshop_RF_Testing', 'Customer']",1
L006460,Hiroshi Ito,Raytheon GmbH,,,PathWave Software,Website,['No_Conversion'],0
L006461,Laura Chen,Sony_Tech,Electronics,,Automotive Ethernet,Webinar,"['Website_Product_Page', 'MQL', 'Keysight_Workshop_RF_Testing', 'Whitepaper_Download_5G_Test', 'Technical_Demo', 'No_Conversion']",0
L006462,Daniel Garcia,NXPSe_Tech,Telecom,APAC,,Event,"['IMS_Badge_Scan', 'Application_Engineer_Call', 'LinkedIn_Ad_Click', 'Customer']",1
L006463,Hiroshi Patel,Sony_Tech,,Europe,Automotive Ethernet,Sales Outreach,"['DesignCon_Booth_Visit', 'Loaner_Unit_Evaluation', 'Application_Engineer_Call', 'Keysight_Workshop_RF_Testing', 'Loaner_Unit_Evaluation', 'Website_Product_Page', 'Customer']",1
L006464,Chen Anders,Tesla_Tech,Automotive,North America,,Email Campaign,"['Website_Product_Page', 'No_Conversion']",0
L006465,Michael Ito,Raytheon,Automotive,APAC,,Event,"['Loaner_Unit_Evaluation', 'Opportunity', 'MQL', 'Whitepaper_Download_5G_Test', 'Customer']",1
L006466,Kenji Patel,Qualc_Tech,Semiconductor,North America,PathWave Software,Sales Outreach,"['Application_Engineer_Call', 'IMS_Badge_Scan', 'Whitepaper_Download_5G_Test', 'No_Conversion']",0
L006467,Ravi Chen,Meta Connectivity Labs GmbH,Semiconductor,,,Email Campaign,"['LinkedIn_Ad_Click', 'AutoSens_Tech_Talk', 'IMS_Badge_Scan', 'PathWave_Trial_Request', 'MQL', 'Website_Product_Page', 'Oscilloscope_Selector_Tool', 'PathWave_Trial_Request', 'No_Conversion']",0
L006468,Chen Khan,Broad_Tech,Telecom,,,Webinar,"['Whitepaper_Download_5G_Test', 'PathWave_Trial_Request', 'Lab_Integration_Discussion', 'DesignCon_Booth_Visit', 'Loaner_Unit_Evaluation', 'Whitepaper_Download_5G_Test', 'Technical_Demo', 'Customer']",1
L006469,Daniel Tanaka,Bosch,Aerospace,APAC,,Email Campaign,"['Keysight_University_Course', 'Keysight_University_Course', 'PathWave_Trial_Request', 'AutoSens_Tech_Talk', 'Opportunity', 'LinkedIn_Ad_Click', 'Opportunity', 'Application_Engineer_Call', 'Whitepaper_Download_5G_Test', 'No_Conversion']",0
L006470,Kenji Singh,Sony,,,,Webinar,"['Keysight_Workshop_RF_Testing', 'LinkedIn_Ad_Click', 'Whitepaper_Download_5G_Test', 'LinkedIn_Ad_Click', 'Lab_Integration_Discussion', 'Customer']",1
L006471,,,,North America,,Email Campaign,"['Oscilloscope_Selector_Tool', 'Technical_Demo', 'Oscilloscope_Selector_Tool', 'LinkedIn_Ad_Click', 'DesignCon_Booth_Visit', 'Keysight_Workshop_RF_Testing', 'LinkedIn_Ad_Click', 'Whitepaper_Download_5G_Test', 'Keysight_Workshop_RF_Testing', 'Website_Product_Page', 'No_Conversion']",0
L006472,Ahmed Singh,Samsung Electronics,Automotive,North America,,Event,"['Application_Engineer_Call', 'Opportunity', 'IMS_Badge_Scan', 'Keysight_University_Course', 'Opportunity', 'Customer']",1
L006473,Laura Singh,Bosch_Tech,,Europe,PathWave Software,LinkedIn,"['Application_Engineer_Call', 'IMS_Badge_Scan', 'Website_Product_Page', 'Oscilloscope_Selector_Tool', 'Customer']",1
L006474,Hiroshi Khan,Infineon GmbH,,LATAM,5G Testbeds,Sales Outreach,"['MQL', 'Customer']",1
L006475,Ahmed Chen,Samsu_Tech,Electronics,APAC,,,"['PathWave_Trial_Request', 'Lab_Integration_Discussion', 'Oscilloscope_Selector_Tool', 'LinkedIn_Ad_Click', 'Website_Product_Page', 'No_Conversion']",0
L006476,Sarah Williams,Raytheon GmbH,Telecom,LATAM,Automotive Ethernet,Sales Outreach,"['Opportunity', 'AutoSens_Tech_Talk', 'IMS_Badge_Scan', 'Oscilloscope_Selector_Tool', 'SQL', 'Application_Engineer_Call', 'Keysight_Workshop_RF_Testing', 'No_Conversion']",0
L006477,Chen Singh,Qualcomm,Automotive,North America,Oscilloscopes,LinkedIn,"['DesignCon_Booth_Visit', 'Keysight_University_Course', 'No_Conversion']",0
L006478,,Qualcomm,Aerospace,,,,"['Keysight_University_Course', 'Keysight_Workshop_RF_Testing', 'AutoSens_Tech_Talk', 'Loaner_Unit_Evaluation', 'Keysight_Workshop_RF_Testing', 'PathWave_Trial_Request', 'Application_Engineer_Call', 'LinkedIn_Ad_Click', 'Customer']",1
L006479,Sarah Garcia,Meta Connectivity Labs,Automotive,Europe,,Webinar,['Customer'],1
L006480,Chen Patel,Bosch_Tech,Semiconductor,LATAM,,Event,"['Technical_Demo', 'Application_Engineer_Call', 'LinkedIn_Ad_Click', 'Oscilloscope_Selector_Tool', 'SQL', 'Application_Engineer_Call', 'No_Conversion']",0
L006481,Ravi Khan,,Telecom,APAC,,,"['Whitepaper_Download_5G_Test', 'Customer']",1
L006482,Daniel Garcia,,,LATAM,PathWave Software,,"['MQL', 'Application_Engineer_Call', 'SQL', 'Customer']",1
L006483,,Raytheon GmbH,Automotive,Europe,5G Testbeds,Event,"['Application_Engineer_Call', 'AutoSens_Tech_Talk', 'Application_Engineer_Call', 'MQL', 'No_Conversion']",0
L006484,Hiroshi Williams,Qualcomm,Automotive,LATAM,PathWave Software,LinkedIn,"['MQL', 'Keysight_University_Course', 'Lab_Integration_Discussion', 'PathWave_Trial_Request', 'Customer']",1
L006485,,Raytheon GmbH,Automotive,LATAM,Automotive Ethernet,LinkedIn,"['Website_Product_Page', 'Whitepaper_Download_5G_Test', 'Customer']",1
L006486,Chen Ito,,Automotive,,5G Testbeds,,"['Loaner_Unit_Evaluation', 'LinkedIn_Ad_Click', 'MQL', 'Lab_Integration_Discussion', 'Oscilloscope_Selector_Tool', 'PathWave_Trial_Request', 'MQL', 'Application_Engineer_Call', 'DesignCon_Booth_Visit', 'No_Conversion']",0
L006487,Daniel Garcia,Broadcom GmbH,,Europe,5G Testbeds,,"['Application_Engineer_Call', 'Oscilloscope_Selector_Tool', 'MQL', 'Customer']",1
L006488,Sofia Chen,Qualc_Tech,Aerospace,APAC,,Sales Outreach,"['PathWave_Trial_Request', 'Keysight_University_Course', 'Loaner_Unit_Evaluation', 'Application_Engineer_Call', 'No_Conversion']",0
L006489,Kenji Anders,Sony_Tech,Semiconductor,,,Event,"['SQL', 'Opportunity', 'AutoSens_Tech_Talk', 'Loaner_Unit_Evaluation', 'Loaner_Unit_Evaluation', 'Technical_Demo', 'Customer']",1
L006490,,Meta Connectivity Labs,Telecom,,Automotive Ethernet,Webinar,"['Whitepaper_Download_5G_Test', 'Opportunity', 'DesignCon_Booth_Visit', 'Whitepaper_Download_5G_Test', 'IMS_Badge_Scan', 'Lab_Integration_Discussion', 'No_Conversion']",0
L006491,Sofia Singh,Tesla_Tech,Automotive,North America,,,"['Technical_Demo', 'DesignCon_Booth_Visit', 'Loaner_Unit_Evaluation', 'Technical_Demo', 'Website_Product_Page', 'Whitepaper_Download_5G_Test', 'No_Conversion']",0
L006492,Sarah Lee,Meta Connectivity Labs,Automotive,,Automotive Ethernet,Email Campaign,"['DesignCon_Booth_Visit', 'Application_Engineer_Call', 'Opportunity', 'Website_Product_Page', 'MQL', 'AutoSens_Tech_Talk', 'DesignCon_Booth_Visit', 'Customer']",1
L006493,Kenji Singh,Broadcom,,LATAM,,Website,"['MQL', 'Keysight_Workshop_RF_Testing', 'Keysight_Workshop_RF_Testing', 'No_Conversion']",0
L006494,Maria Chen,Tesla_Tech,Aerospace,LATAM,,Webinar,"['Application_Engineer_Call', 'IMS_Badge_Scan', 'Keysight_University_Course', 'Keysight_Workshop_RF_Testing', 'Customer']",1
L006495,Laura Martinez,Bosch_Tech,Semiconductor,,PathWave Software,Sales Outreach,"['AutoSens_Tech_Talk', 'Loaner_Unit_Evaluation', 'MQL', 'Lab_Integration_Discussion', 'Customer']",1
L006496,Sarah Tanaka,Sony GmbH,Aerospace,North America,Oscilloscopes,Email Campaign,"['SQL', 'LinkedIn_Ad_Click', 'AutoSens_Tech_Talk', 'No_Conversion']",0
L006497,Ahmed Lee,Raytheon GmbH,,,Oscilloscopes,Sales Outreach,"['Loaner_Unit_Evaluation', 'DesignCon_Booth_Visit', 'Keysight_Workshop_RF_Testing', 'Whitepaper_Download_5G_Test', 'Whitepaper_Download_5G_Test', 'Keysight_Workshop_RF_Testing', 'Website_Product_Page', 'Opportunity', 'LinkedIn_Ad_Click', 'SQL', 'No_Conversion']",0
L006498,Priya Khan,MetaC_Tech,Automotive,,PathWave Software,,"['Whitepaper_Download_5G_Test', 'Customer']",1
L006499,,Bosch GmbH,Telecom,,5G Testbeds,,"['Oscilloscope_Selector_Tool', 'IMS_Badge_Scan', 'Loaner_Unit_Evaluation', 'SQL', 'Technical_Demo', 'Lab_Integration_Discussion', 'SQL', 'Application_Engineer_Call', 'Oscilloscope_Selector_Tool', 'Whitepaper_Download_5G_Test', 'No_Conversion']",0
L006500,Priya Johnson,Samsung Electronics GmbH,,APAC,PathWave Software,Email Campaign,"['Oscilloscope_Selector_Tool', 'AutoSens_Tech_Talk', 'LinkedIn_Ad_Click', 'DesignCon_Booth_Visit', 'DesignCon_Booth_Visit', 'Customer']",1
L006501,Priya Tanaka,Sony_Tech,Aerospace,North America,Automotive Ethernet,Email Campaign,"['Lab_Integration_Discussion', 'SQL', 'MQL', 'No_Conversion']",0
L006502,Sarah Garcia,Raytheon,Telecom,APAC,Automotive Ethernet,,"['AutoSens_Tech_Talk', 'Loaner_Unit_Evaluation', 'Opportunity', 'Keysight_University_Course', 'No_Conversion']",0
L006503,Laura Williams,Broadcom,,APAC,5G Testbeds,Email Campaign,"['Whitepaper_Download_5G_Test', 'Customer']",1
L006504,Kenji Williams,Tesla_Tech,,,,Website,['No_Conversion'],0
L006505,Michael Khan,Broadcom,Automotive,,Oscilloscopes,Event,"['Oscilloscope_Selector_Tool', 'MQL', 'Opportunity', 'Keysight_Workshop_RF_Testing', 'Technical_Demo', 'No_Conversion']",0
L006506,Ahmed Johnson,,Aerospace,LATAM,Automotive Ethernet,Sales Outreach,"['LinkedIn_Ad_Click', 'Loaner_Unit_Evaluation', 'Loaner_Unit_Evaluation', 'MQL', 'AutoSens_Tech_Talk', 'Technical_Demo', 'Lab_Integration_Discussion', 'Oscilloscope_Selector_Tool', 'AutoSens_Tech_Talk', 'Oscilloscope_Selector_Tool', 'No_Conversion']",0
L006507,Sarah Ito,Infineon GmbH,Automotive,LATAM,Oscilloscopes,Event,"['PathWave_Trial_Request', 'Technical_Demo', 'Website_Product_Page', 'MQL', 'Application_Engineer_Call', 'Customer']",1
L006508,Sarah Patel,Tesla_Tech,,LATAM,Oscilloscopes,LinkedIn,"['Application_Engineer_Call', 'SQL', 'Oscilloscope_Selector_Tool', 'DesignCon_Booth_Visit', 'Keysight_University_Course', 'No_Conversion']",0
L006509,Hiroshi Singh,NXPSe_Tech,Telecom,Europe,Automotive Ethernet,,"['Website_Product_Page', 'Keysight_University_Course', 'Technical_Demo', 'Keysight_University_Course', 'PathWave_Trial_Request', 'Keysight_University_Course', 'Loaner_Unit_Evaluation', 'SQL', 'Whitepaper_Download_5G_Test', 'Customer']",1
L006510,Sarah Ito,Sony,Semiconductor,North America,,Event,"['Loaner_Unit_Evaluation', 'Keysight_University_Course', 'Technical_Demo', 'Website_Product_Page', 'No_Conversion']",0
L006511,Sarah Ito,,Automotive,,,Event,"['Application_Engineer_Call', 'PathWave_Trial_Request', 'Whitepaper_Download_5G_Test', 'Website_Product_Page', 'Customer']",1
L006512,,Bosch GmbH,Telecom,,Automotive Ethernet,,"['Technical_Demo', 'AutoSens_Tech_Talk', 'IMS_Badge_Scan', 'DesignCon_Booth_Visit', 'No_Conversion']",0
L006513,Kenji Ito,Samsung Electronics GmbH,,APAC,,,"['LinkedIn_Ad_Click', 'Technical_Demo', 'Customer']",1
L006514,Laura Chen,Meta Connectivity Labs GmbH,Electronics,,Automotive Ethernet,Webinar,['Customer'],1
L006515,Ravi Tanaka,Bosch,Electronics,Europe,5G Testbeds,LinkedIn,"['Application_Engineer_Call', 'Loaner_Unit_Evaluation', 'Loaner_Unit_Evaluation', 'No_Conversion']",0
L006516,Michael Singh,Bosch,Aerospace,Europe,Automotive Ethernet,Event,"['Keysight_University_Course', 'Loaner_Unit_Evaluation', 'Technical_Demo', 'DesignCon_Booth_Visit', 'SQL', 'Keysight_University_Course', 'AutoSens_Tech_Talk', 'Application_Engineer_Call', 'Oscilloscope_Selector_Tool', 'No_Conversion']",0
L006517,Hiroshi Singh,,Telecom,,,Sales Outreach,"['MQL', 'Keysight_University_Course', 'Website_Product_Page', 'Website_Product_Page', 'PathWave_Trial_Request', 'PathWave_Trial_Request', 'No_Conversion']",0
L006518,Maria Anders,MetaC_Tech,Electronics,,5G Testbeds,Email Campaign,"['Application_Engineer_Call', 'Whitepaper_Download_5G_Test', 'Website_Product_Page', 'Loaner_Unit_Evaluation', 'Customer']",1
L006519,Hiroshi Patel,Bosch_Tech,,LATAM,Automotive Ethernet,Email Campaign,"['AutoSens_Tech_Talk', 'SQL', 'No_Conversion']",0
L006520,Laura Singh,Bosch GmbH,,North America,,Website,"['Keysight_University_Course', 'Website_Product_Page', 'Website_Product_Page', 'No_Conversion']",0
L006521,,Tesla Energy,Telecom,Europe,5G Testbeds,Sales Outreach,"['Lab_Integration_Discussion', 'DesignCon_Booth_Visit', 'Website_Product_Page', 'LinkedIn_Ad_Click', 'Oscilloscope_Selector_Tool', 'Application_Engineer_Call', 'Website_Product_Page', 'Loaner_Unit_Evaluation', 'Technical_Demo', 'No_Conversion']",0
L006522,,Meta Connectivity Labs,Semiconductor,APAC,Oscilloscopes,Webinar,"['Keysight_Workshop_RF_Testing', 'Opportunity', 'Opportunity', 'Application_Engineer_Call', 'Website_Product_Page', 'Website_Product_Page', 'Whitepaper_Download_5G_Test', 'Keysight_University_Course', 'Customer']",1
L006523,Ahmed Williams,NXP Semiconductors GmbH,,LATAM,5G Testbeds,Email Campaign,"['DesignCon_Booth_Visit', 'Whitepaper_Download_5G_Test', 'DesignCon_Booth_Visit', 'Customer']",1
L006524,,,Electronics,Europe,,Email Campaign,"['Loaner_Unit_Evaluation', 'Lab_Integration_Discussion', 'Website_Product_Page', 'Loaner_Unit_Evaluation', 'LinkedIn_Ad_Click', 'Loaner_Unit_Evaluation', 'No_Conversion']",0
L006525,Sarah Lee,Infin_Tech,Telecom,APAC,Oscilloscopes,Email Campaign,"['AutoSens_Tech_Talk', 'Technical_Demo', 'Website_Product_Page', 'Opportunity', 'Opportunity', 'SQL', 'Loaner_Unit_Evaluation', 'Customer']",1
L006526,Maria Anders,Infin_Tech,Aerospace,North America,PathWave Software,Event,"['Opportunity', 'Oscilloscope_Selector_Tool', 'No_Conversion']",0
L006527,Ahmed Khan,Sony,,North America,,Email Campaign,"['Keysight_University_Course', 'Whitepaper_Download_5G_Test', 'PathWave_Trial_Request', 'No_Conversion']",0
L006528,Maria Anders,Infin_Tech,,,,Email Campaign,"['Application_Engineer_Call', 'Application_Engineer_Call', 'Customer']",1
L006529,Chen Martinez,Qualc_Tech,Telecom,LATAM,Automotive Ethernet,LinkedIn,"['AutoSens_Tech_Talk', 'Loaner_Unit_Evaluation', 'LinkedIn_Ad_Click', 'LinkedIn_Ad_Click', 'Customer']",1
L006530,,NXPSe_Tech,Semiconductor,North America,5G Testbeds,Webinar,"['Technical_Demo', 'DesignCon_Booth_Visit', 'PathWave_Trial_Request', 'IMS_Badge_Scan', 'Loaner_Unit_Evaluation', 'Keysight_University_Course', 'IMS_Badge_Scan', 'SQL', 'Lab_Integration_Discussion', 'No_Conversion']",0
L006531,,Broad_Tech,Aerospace,APAC,Oscilloscopes,LinkedIn,"['Loaner_Unit_Evaluation', 'Opportunity', 'Whitepaper_Download_5G_Test', 'DesignCon_Booth_Visit', 'Technical_Demo', 'IMS_Badge_Scan', 'No_Conversion']",0
L006532,Sarah Lee,Bosch,Semiconductor,Europe,,LinkedIn,"['Website_Product_Page', 'Keysight_Workshop_RF_Testing', 'Opportunity', 'Application_Engineer_Call', 'Technical_Demo', 'DesignCon_Booth_Visit', 'Technical_Demo', 'Customer']",1
L006533,Sofia Garcia,Samsung Electronics GmbH,Aerospace,APAC,Automotive Ethernet,Website,"['Whitepaper_Download_5G_Test', 'LinkedIn_Ad_Click', 'SQL', 'Application_Engineer_Call', 'IMS_Badge_Scan', 'No_Conversion']",0
L006534,Priya Khan,Samsung Electronics,,APAC,Oscilloscopes,Website,"['Application_Engineer_Call', 'Technical_Demo', 'PathWave_Trial_Request', 'Customer']",1
L006535,Sarah Anders,Qualcomm,Aerospace,,,LinkedIn,"['Oscilloscope_Selector_Tool', 'Oscilloscope_Selector_Tool', 'DesignCon_Booth_Visit', 'MQL', 'Keysight_University_Course', 'AutoSens_Tech_Talk', 'Opportunity', 'IMS_Badge_Scan', 'Customer']",1
L006536,Maria Garcia,Infineon,Semiconductor,APAC,Automotive Ethernet,Sales Outreach,"['Whitepaper_Download_5G_Test', 'Whitepaper_Download_5G_Test', 'MQL', 'No_Conversion']",0
L006537,Chen Garcia,Samsu_Tech,,North America,,Email Campaign,"['Website_Product_Page', 'SQL', 'SQL', 'Keysight_University_Course', 'LinkedIn_Ad_Click', 'Customer']",1
L006538,Michael Chen,,,Europe,Oscilloscopes,LinkedIn,"['SQL', 'Loaner_Unit_Evaluation', 'Loaner_Unit_Evaluation', 'Oscilloscope_Selector_Tool', 'Application_Engineer_Call', 'PathWave_Trial_Request', 'Keysight_Workshop_RF_Testing', 'DesignCon_Booth_Visit', 'MQL', 'Opportunity', 'No_Conversion']",0
L006539,Ravi Chen,,Telecom,North America,,LinkedIn,"['Opportunity', 'LinkedIn_Ad_Click', 'AutoSens_Tech_Talk', 'Keysight_Workshop_RF_Testing', 'LinkedIn_Ad_Click', 'DesignCon_Booth_Visit', 'PathWave_Trial_Request', 'Customer']",1
L006540,Kenji Patel,Infin_Tech,Aerospace,,Oscilloscopes,Website,"['Keysight_Workshop_RF_Testing', 'Opportunity', 'Loaner_Unit_Evaluation', 'DesignCon_Booth_Visit', 'No_Conversion']",0
L006541,Sarah Patel,Qualcomm,Automotive,Europe,,Email Campaign,['No_Conversion'],0
L006542,Michael Martinez,NXP Semiconductors,Electronics,LATAM,PathWave Software,Sales Outreach,"['Loaner_Unit_Evaluation', 'Lab_Integration_Discussion', 'Loaner_Unit_Evaluation', 'Whitepaper_Download_5G_Test', 'Lab_Integration_Discussion', 'Loaner_Unit_Evaluation', 'DesignCon_Booth_Visit', 'Application_Engineer_Call', 'Oscilloscope_Selector_Tool', 'MQL', 'Customer']",1
L006543,Ahmed Johnson,,Semiconductor,APAC,,Event,"['Lab_Integration_Discussion', 'Loaner_Unit_Evaluation', 'DesignCon_Booth_Visit', 'MQL', 'Lab_Integration_Discussion', 'No_Conversion']",0
L006544,Kenji Johnson,,,Europe,5G Testbeds,Website,"['Oscilloscope_Selector_Tool', 'Opportunity', 'Loaner_Unit_Evaluation', 'No_Conversion']",0
L006545,Michael Singh,,Automotive,LATAM,5G Testbeds,,"['MQL', 'MQL', 'MQL', 'Keysight_Workshop_RF_Testing', 'Oscilloscope_Selector_Tool', 'Keysight_Workshop_RF_Testing', 'No_Conversion']",0
L006546,Hiroshi Garcia,Bosch,Electronics,,,,"['Whitepaper_Download_5G_Test', 'MQL', 'IMS_Badge_Scan', 'Loaner_Unit_Evaluation', 'AutoSens_Tech_Talk', 'Website_Product_Page', 'MQL', 'Website_Product_Page', 'No_Conversion']",0
L006547,Chen Singh,Raytheon GmbH,Telecom,Europe,PathWave Software,LinkedIn,"['Lab_Integration_Discussion', 'Opportunity', 'Customer']",1
L006548,Sarah Martinez,Sony_Tech,Aerospace,LATAM,Automotive Ethernet,,"['Technical_Demo', 'MQL', 'SQL', 'LinkedIn_Ad_Click', 'LinkedIn_Ad_Click', 'No_Conversion']",0
L006549,Daniel Tanaka,Infin_Tech,Automotive,Europe,Oscilloscopes,LinkedIn,"['Keysight_Workshop_RF_Testing', 'Technical_Demo', 'Application_Engineer_Call', 'Lab_Integration_Discussion', 'PathWave_Trial_Request', 'AutoSens_Tech_Talk', 'IMS_Badge_Scan', 'AutoSens_Tech_Talk', 'Lab_Integration_Discussion', 'No_Conversion']",0
L006550,Daniel Tanaka,NXPSe_Tech,,North America,Oscilloscopes,Email Campaign,"['Application_Engineer_Call', 'AutoSens_Tech_Talk', 'SQL', 'Opportunity', 'LinkedIn_Ad_Click', 'Whitepaper_Download_5G_Test', 'Keysight_Workshop_RF_Testing', 'Website_Product_Page', 'No_Conversion']",0
L006551,Ahmed Singh,Samsung Electronics,,,5G Testbeds,Webinar,"['Technical_Demo', 'MQL', 'SQL', 'Technical_Demo', 'Whitepaper_Download_5G_Test', 'Opportunity', 'Opportunity', 'Technical_Demo', 'Keysight_Workshop_RF_Testing', 'No_Conversion']",0
L006552,,,Automotive,LATAM,5G Testbeds,,"['MQL', 'PathWave_Trial_Request', 'SQL', 'Opportunity', 'MQL', 'MQL', 'LinkedIn_Ad_Click', 'Application_Engineer_Call', 'Website_Product_Page', 'No_Conversion']",0
L006553,Laura Singh,Broadcom GmbH,,Europe,,Event,"['Loaner_Unit_Evaluation', 'SQL', 'Oscilloscope_Selector_Tool', 'Whitepaper_Download_5G_Test', 'Customer']",1
L006554,Kenji Patel,Qualc_Tech,Electronics,Europe,,Website,"['Keysight_University_Course', 'Website_Product_Page', 'IMS_Badge_Scan', 'Loaner_Unit_Evaluation', 'SQL', 'Oscilloscope_Selector_Tool', 'Opportunity', 'IMS_Badge_Scan', 'Keysight_Workshop_RF_Testing', 'No_Conversion']",0
L006555,Priya Garcia,NXP Semiconductors,Telecom,Europe,,LinkedIn,"['Application_Engineer_Call', 'Opportunity', 'Website_Product_Page', 'No_Conversion']",0
L006556,,Samsu_Tech,Automotive,LATAM,Oscilloscopes,LinkedIn,['Customer'],1
L006557,Priya Johnson,Samsu_Tech,,APAC,,Website,"['Oscilloscope_Selector_Tool', 'Loaner_Unit_Evaluation', 'PathWave_Trial_Request', 'IMS_Badge_Scan', 'DesignCon_Booth_Visit', 'IMS_Badge_Scan', 'Website_Product_Page', 'No_Conversion']",0
L006558,Laura Patel,MetaC_Tech,Automotive,Europe,,Website,"['PathWave_Trial_Request', 'Website_Product_Page', 'Keysight_University_Course', 'Keysight_Workshop_RF_Testing', 'Keysight_Workshop_RF_Testing', 'Opportunity', 'DesignCon_Booth_Visit', 'LinkedIn_Ad_Click', 'Customer']",1
L006559,Priya Chen,Samsu_Tech,Semiconductor,Europe,Oscilloscopes,Event,"['Keysight_University_Course', 'MQL', 'MQL', 'SQL', 'Keysight_University_Course', 'Keysight_Workshop_RF_Testing', 'No_Conversion']",0
L006560,Ravi Chen,Meta Connectivity Labs,,,,LinkedIn,"['IMS_Badge_Scan', 'DesignCon_Booth_Visit', 'Opportunity', 'IMS_Badge_Scan', 'MQL', 'No_Conversion']",0
L006561,Daniel Patel,Raytheon,,,Oscilloscopes,Event,"['DesignCon_Booth_Visit', 'Loaner_Unit_Evaluation', 'Application_Engineer_Call', 'No_Conversion']",0
L006562,Sarah Khan,Tesla Energy GmbH,Automotive,LATAM,5G Testbeds,Webinar,"['IMS_Badge_Scan', 'Application_Engineer_Call', 'MQL', 'IMS_Badge_Scan', 'No_Conversion']",0
L006563,Hiroshi Singh,Raytheon GmbH,Electronics,,,LinkedIn,"['SQL', 'PathWave_Trial_Request', 'Keysight_Workshop_RF_Testing', 'Website_Product_Page', 'Customer']",1
L006564,Hiroshi Williams,MetaC_Tech,Electronics,LATAM,,LinkedIn,['No_Conversion'],0
L006565,Hiroshi Khan,Meta Connectivity Labs GmbH,,Europe,,Event,"['AutoSens_Tech_Talk', 'Keysight_Workshop_RF_Testing', 'LinkedIn_Ad_Click', 'Keysight_University_Course', 'Loaner_Unit_Evaluation', 'PathWave_Trial_Request', 'Loaner_Unit_Evaluation', 'Oscilloscope_Selector_Tool', 'Customer']",1
L006566,Michael Johnson,NXPSe_Tech,Aerospace,North America,,Event,"['DesignCon_Booth_Visit', 'Whitepaper_Download_5G_Test', 'AutoSens_Tech_Talk', 'IMS_Badge_Scan', 'Technical_Demo', 'Whitepaper_Download_5G_Test', 'LinkedIn_Ad_Click', 'Opportunity', 'No_Conversion']",0
L006567,Michael Patel,NXP Semiconductors GmbH,Telecom,North America,,LinkedIn,"['Website_Product_Page', 'Keysight_Workshop_RF_Testing', 'Loaner_Unit_Evaluation', 'Website_Product_Page', 'MQL', 'Technical_Demo', 'Keysight_Workshop_RF_Testing', 'Keysight_Workshop_RF_Testing', 'Loaner_Unit_Evaluation', 'Keysight_Workshop_RF_Testing', 'Customer']",1
L006568,,Rayth_Tech,Telecom,,Oscilloscopes,LinkedIn,"['IMS_Badge_Scan', 'SQL', 'AutoSens_Tech_Talk', 'Lab_Integration_Discussion', 'Whitepaper_Download_5G_Test', 'No_Conversion']",0
L006569,Ahmed Ito,Infineon GmbH,Aerospace,Europe,PathWave Software,Website,"['PathWave_Trial_Request', 'Oscilloscope_Selector_Tool', 'Lab_Integration_Discussion', 'Customer']",1
L006570,Hiroshi Anders,,Automotive,LATAM,,Event,"['Loaner_Unit_Evaluation', 'DesignCon_Booth_Visit', 'Loaner_Unit_Evaluation', 'No_Conversion']",0
L006571,Maria Patel,,,Europe,PathWave Software,Website,['Customer'],1
L006572,Priya Lee,Tesla Energy,,LATAM,,Webinar,"['SQL', 'Website_Product_Page', 'Loaner_Unit_Evaluation', 'DesignCon_Booth_Visit', 'Technical_Demo', 'DesignCon_Booth_Visit', 'Application_Engineer_Call', 'MQL', 'Customer']",1
L006573,Sofia Martinez,Broadcom GmbH,Telecom,LATAM,Automotive Ethernet,,"['MQL', 'SQL', 'No_Conversion']",0
L006574,Maria Singh,Samsung Electronics GmbH,,,,LinkedIn,"['DesignCon_Booth_Visit', 'SQL', 'Website_Product_Page', 'Customer']",1
L006575,Sofia Tanaka,NXPSe_Tech,Aerospace,APAC,Automotive Ethernet,Email Campaign,['No_Conversion'],0
L006576,Sofia Tanaka,Meta Connectivity Labs GmbH,Aerospace,North America,Automotive Ethernet,Email Campaign,"['Whitepaper_Download_5G_Test', 'IMS_Badge_Scan', 'Application_Engineer_Call', 'Whitepaper_Download_5G_Test', 'MQL', 'MQL', 'Whitepaper_Download_5G_Test', 'Oscilloscope_Selector_Tool', 'Opportunity', 'No_Conversion']",0
L006577,Ravi Ito,,Telecom,North America,,Website,"['Technical_Demo', 'Oscilloscope_Selector_Tool', 'Customer']",1
L006578,Daniel Patel,Qualcomm GmbH,,Europe,,,"['Application_Engineer_Call', 'LinkedIn_Ad_Click', 'DesignCon_Booth_Visit', 'No_Conversion']",0
L006579,Sarah Khan,Tesla Energy GmbH,,APAC,,Webinar,['Customer'],1
L006580,Daniel Khan,Broad_Tech,Automotive,Europe,PathWave Software,Sales Outreach,"['Loaner_Unit_Evaluation', 'Application_Engineer_Call', 'Whitepaper_Download_5G_Test', 'MQL', 'Loaner_Unit_Evaluation', 'SQL', 'MQL', 'Oscilloscope_Selector_Tool', 'Customer']",1
L006581,Daniel Singh,Tesla Energy GmbH,Telecom,Europe,PathWave Software,Website,"['PathWave_Trial_Request', 'MQL', 'Technical_Demo', 'Website_Product_Page', 'Oscilloscope_Selector_Tool', 'PathWave_Trial_Request', 'No_Conversion']",0
L006582,Sarah Khan,Broadcom GmbH,Telecom,APAC,,Email Campaign,"['Application_Engineer_Call', 'LinkedIn_Ad_Click', 'Keysight_University_Course', 'Loaner_Unit_Evaluation', 'LinkedIn_Ad_Click', 'Customer']",1
L006583,Maria Johnson,Bosch,Aerospace,,,,"['Application_Engineer_Call', 'Application_Engineer_Call', 'Keysight_University_Course', 'Application_Engineer_Call', 'Loaner_Unit_Evaluation', 'MQL', 'DesignCon_Booth_Visit', 'DesignCon_Booth_Visit', 'DesignCon_Booth_Visit', 'Technical_Demo', 'No_Conversion']",0
L006584,Daniel Patel,Samsu_Tech,Electronics,LATAM,Automotive Ethernet,Sales Outreach,"['Application_Engineer_Call', 'Lab_Integration_Discussion', 'SQL', 'No_Conversion']",0
L006585,Sofia Ito,,Aerospace,Europe,Automotive Ethernet,Sales Outreach,"['IMS_Badge_Scan', 'Customer']",1
L006586,Hiroshi Singh,,Electronics,North America,,Webinar,"['Oscilloscope_Selector_Tool', 'Keysight_University_Course', 'AutoSens_Tech_Talk', 'Whitepaper_Download_5G_Test', 'Website_Product_Page', 'Keysight_Workshop_RF_Testing', 'Customer']",1
L006587,Daniel Anders,,,LATAM,,,"['Technical_Demo', 'Lab_Integration_Discussion', 'Application_Engineer_Call', 'DesignCon_Booth_Visit', 'LinkedIn_Ad_Click', 'MQL', 'Application_Engineer_Call', 'Customer']",1
L006588,Priya Johnson,Broadcom GmbH,Telecom,LATAM,Automotive Ethernet,Sales Outreach,"['PathWave_Trial_Request', 'Lab_Integration_Discussion', 'Customer']",1
L006589,Ahmed Ito,Samsung Electronics GmbH,,APAC,,Website,"['AutoSens_Tech_Talk', 'PathWave_Trial_Request', 'MQL', 'No_Conversion']",0
L006590,Priya Singh,Meta Connectivity Labs GmbH,Semiconductor,,PathWave Software,Website,"['IMS_Badge_Scan', 'Lab_Integration_Discussion', 'DesignCon_Booth_Visit', 'Oscilloscope_Selector_Tool', 'PathWave_Trial_Request', 'Keysight_University_Course', 'LinkedIn_Ad_Click', 'AutoSens_Tech_Talk', 'Customer']",1
L006591,Chen Garcia,Bosch_Tech,Telecom,,Automotive Ethernet,LinkedIn,"['LinkedIn_Ad_Click', 'Website_Product_Page', 'SQL', 'Technical_Demo', 'Customer']",1
L006592,Michael Patel,Tesla_Tech,,LATAM,,Website,"['Opportunity', 'Lab_Integration_Discussion', 'Loaner_Unit_Evaluation', 'MQL', 'Customer']",1
L006593,Maria Williams,Meta Connectivity Labs,,,Automotive Ethernet,,['Customer'],1
L006594,Priya Martinez,Broad_Tech,,,5G Testbeds,Webinar,"['Lab_Integration_Discussion', 'PathWave_Trial_Request', 'LinkedIn_Ad_Click', 'LinkedIn_Ad_Click', 'Customer']",1
L006595,Sofia Johnson,Qualc_Tech,Automotive,North America,,Event,"['MQL', 'Opportunity', 'Application_Engineer_Call', 'Loaner_Unit_Evaluation', 'MQL', 'LinkedIn_Ad_Click', 'SQL', 'Customer']",1
L006596,Hiroshi Chen,,,Europe,,Event,"['Loaner_Unit_Evaluation', 'No_Conversion']",0
L006597,Sarah Patel,,Electronics,North America,PathWave Software,Webinar,"['LinkedIn_Ad_Click', 'Oscilloscope_Selector_Tool', 'No_Conversion']",0
L006598,Laura Williams,NXP Semiconductors,,,Automotive Ethernet,Event,"['Lab_Integration_Discussion', 'IMS_Badge_Scan', 'Application_Engineer_Call', 'SQL', 'IMS_Badge_Scan', 'LinkedIn_Ad_Click', 'Lab_Integration_Discussion', 'Lab_Integration_Discussion', 'Lab_Integration_Discussion', 'Technical_Demo', 'No_Conversion']",0
L006599,Ravi Lee,Tesla_Tech,,,Automotive Ethernet,Event,"['Keysight_University_Course', 'Keysight_University_Course', 'MQL', 'DesignCon_Booth_Visit', 'Loaner_Unit_Evaluation', 'Application_Engineer_Call', 'AutoSens_Tech_Talk', 'Keysight_University_Course', 'No_Conversion']",0
L006600,Priya Singh,Samsung Electronics GmbH,Telecom,Europe,,LinkedIn,['No_Conversion'],0
L006601,Ravi Williams,Samsung Electronics GmbH,,North America,,Event,"['Keysight_Workshop_RF_Testing', 'IMS_Badge_Scan', 'Whitepaper_Download_5G_Test', 'PathWave_Trial_Request', 'DesignCon_Booth_Visit', 'MQL', 'No_Conversion']",0
L006602,Maria Chen,NXP Semiconductors GmbH,,LATAM,,,"['PathWave_Trial_Request', 'Opportunity', 'Oscilloscope_Selector_Tool', 'Whitepaper_Download_5G_Test', 'MQL', 'Lab_Integration_Discussion', 'Website_Product_Page', 'No_Conversion']",0
L006603,Sofia Williams,Bosch GmbH,,Europe,PathWave Software,Email Campaign,"['Oscilloscope_Selector_Tool', 'Lab_Integration_Discussion', 'Lab_Integration_Discussion', 'LinkedIn_Ad_Click', 'Oscilloscope_Selector_Tool', 'Application_Engineer_Call', 'No_Conversion']",0
L006604,Daniel Ito,,Semiconductor,Europe,5G Testbeds,Webinar,"['Oscilloscope_Selector_Tool', 'Website_Product_Page', 'Oscilloscope_Selector_Tool', 'Whitepaper_Download_5G_Test', 'IMS_Badge_Scan', 'Application_Engineer_Call', 'LinkedIn_Ad_Click', 'PathWave_Trial_Request', 'Website_Product_Page', 'Customer']",1
L006605,Michael Williams,Meta Connectivity Labs GmbH,,APAC,Oscilloscopes,Webinar,"['Whitepaper_Download_5G_Test', 'Oscilloscope_Selector_Tool', 'Loaner_Unit_Evaluation', 'Keysight_Workshop_RF_Testing', 'No_Conversion']",0
L006606,Daniel Lee,Sony GmbH,,APAC,Automotive Ethernet,Email Campaign,"['Keysight_Workshop_RF_Testing', 'Customer']",1
L006607,Chen Anders,Tesla Energy GmbH,Semiconductor,Europe,Oscilloscopes,Webinar,"['IMS_Badge_Scan', 'PathWave_Trial_Request', 'Website_Product_Page', 'LinkedIn_Ad_Click', 'Lab_Integration_Discussion', 'No_Conversion']",0
L006608,Michael Khan,Samsung Electronics GmbH,Aerospace,,,Webinar,"['Whitepaper_Download_5G_Test', 'IMS_Badge_Scan', 'Lab_Integration_Discussion', 'PathWave_Trial_Request', 'SQL', 'IMS_Badge_Scan', 'No_Conversion']",0
L006609,Hiroshi Patel,,Telecom,APAC,,Sales Outreach,"['IMS_Badge_Scan', 'Keysight_Workshop_RF_Testing', 'Opportunity', 'SQL', 'No_Conversion']",0
L006610,Hiroshi Lee,Tesla_Tech,Telecom,,5G Testbeds,Webinar,"['LinkedIn_Ad_Click', 'LinkedIn_Ad_Click', 'Keysight_Workshop_RF_Testing', 'Customer']",1
L006611,Sofia Chen,Broadcom GmbH,Telecom,North America,,Sales Outreach,"['Oscilloscope_Selector_Tool', 'Keysight_University_Course', 'Whitepaper_Download_5G_Test', 'Oscilloscope_Selector_Tool', 'No_Conversion']",0
L006612,Michael Martinez,,Aerospace,APAC,Automotive Ethernet,Webinar,"['Whitepaper_Download_5G_Test', 'Customer']",1
L006613,Michael Martinez,Tesla_Tech,Telecom,Europe,5G Testbeds,Email Campaign,"['Opportunity', 'PathWave_Trial_Request', 'AutoSens_Tech_Talk', 'Website_Product_Page', 'Opportunity', 'AutoSens_Tech_Talk', 'No_Conversion']",0
L006614,Ravi Lee,Qualcomm GmbH,Electronics,,,Sales Outreach,"['Opportunity', 'Whitepaper_Download_5G_Test', 'No_Conversion']",0
L006615,Michael Lee,,Semiconductor,North America,Oscilloscopes,,"['MQL', 'AutoSens_Tech_Talk', 'Opportunity', 'LinkedIn_Ad_Click', 'Customer']",1
L006616,Chen Ito,Qualcomm,Aerospace,North America,PathWave Software,Website,['No_Conversion'],0
L006617,Ravi Chen,,,,Oscilloscopes,Event,"['LinkedIn_Ad_Click', 'Lab_Integration_Discussion', 'LinkedIn_Ad_Click', 'No_Conversion']",0
L006618,Sarah Ito,,,North America,,,"['PathWave_Trial_Request', 'Oscilloscope_Selector_Tool', 'DesignCon_Booth_Visit', 'Oscilloscope_Selector_Tool', 'SQL', 'SQL', 'Oscilloscope_Selector_Tool', 'Technical_Demo', 'Loaner_Unit_Evaluation', 'AutoSens_Tech_Talk', 'No_Conversion']",0
L006619,Ahmed Anders,Bosch GmbH,,North America,Automotive Ethernet,,"['Whitepaper_Download_5G_Test', 'Oscilloscope_Selector_Tool', 'Lab_Integration_Discussion', 'MQL', 'Customer']",1
L006620,Ravi Johnson,Bosch GmbH,Electronics,Europe,,LinkedIn,"['SQL', 'Opportunity', 'Oscilloscope_Selector_Tool', 'Keysight_Workshop_RF_Testing', 'Oscilloscope_Selector_Tool', 'Technical_Demo', 'No_Conversion']",0
L006621,,NXPSe_Tech,,Europe,5G Testbeds,Email Campaign,"['Lab_Integration_Discussion', 'Oscilloscope_Selector_Tool', 'Whitepaper_Download_5G_Test', 'Keysight_Workshop_RF_Testing', 'Website_Product_Page', 'Customer']",1
L006622,Daniel Garcia,NXP Semiconductors,,Europe,Oscilloscopes,Email Campaign,"['LinkedIn_Ad_Click', 'IMS_Badge_Scan', 'LinkedIn_Ad_Click', 'SQL', 'Technical_Demo', 'No_Conversion']",0
L006623,Kenji Lee,,Aerospace,North America,,Event,"['LinkedIn_Ad_Click', 'Loaner_Unit_Evaluation', 'No_Conversion']",0
L006624,Ahmed Ito,Tesla Energy GmbH,,,Automotive Ethernet,Webinar,"['SQL', 'Website_Product_Page', 'Loaner_Unit_Evaluation', 'Technical_Demo', 'Customer']",1
L006625,Michael Anders,,Telecom,Europe,,Website,"['Website_Product_Page', 'Opportunity', 'Website_Product_Page', 'PathWave_Trial_Request', 'Keysight_Workshop_RF_Testing', 'Lab_Integration_Discussion', 'Lab_Integration_Discussion', 'Keysight_Workshop_RF_Testing', 'Customer']",1
L006626,Maria Khan,Infin_Tech,Automotive,APAC,PathWave Software,Sales Outreach,"['SQL', 'Loaner_Unit_Evaluation', 'No_Conversion']",0
L006627,Maria Anders,Broadcom GmbH,Telecom,APAC,,Email Campaign,"['Opportunity', 'Application_Engineer_Call', 'Website_Product_Page', 'No_Conversion']",0
L006628,Chen Anders,,Aerospace,,PathWave Software,,"['LinkedIn_Ad_Click', 'Keysight_Workshop_RF_Testing', 'Keysight_Workshop_RF_Testing', 'Loaner_Unit_Evaluation', 'Lab_Integration_Discussion', 'Loaner_Unit_Evaluation', 'LinkedIn_Ad_Click', 'AutoSens_Tech_Talk', 'Loaner_Unit_Evaluation', 'Customer']",1
L006629,Sofia Johnson,Samsu_Tech,Aerospace,,,Event,"['Opportunity', 'Oscilloscope_Selector_Tool', 'Opportunity', 'Technical_Demo', 'IMS_Badge_Scan', 'Keysight_Workshop_RF_Testing', 'Lab_Integration_Discussion', 'AutoSens_Tech_Talk', 'PathWave_Trial_Request', 'No_Conversion']",0
L006630,Daniel Singh,Sony,,APAC,PathWave Software,Email Campaign,"['Website_Product_Page', 'Technical_Demo', 'IMS_Badge_Scan', 'AutoSens_Tech_Talk', 'PathWave_Trial_Request', 'Technical_Demo', 'LinkedIn_Ad_Click', 'Technical_Demo', 'Customer']",1
L006631,,Samsung Electronics GmbH,Telecom,,5G Testbeds,,"['Website_Product_Page', 'IMS_Badge_Scan', 'Oscilloscope_Selector_Tool', 'AutoSens_Tech_Talk', 'No_Conversion']",0
L006632,Sofia Ito,Sony GmbH,Telecom,,PathWave Software,Sales Outreach,"['Keysight_Workshop_RF_Testing', 'Keysight_University_Course', 'SQL', 'Lab_Integration_Discussion', 'SQL', 'Technical_Demo', 'AutoSens_Tech_Talk', 'No_Conversion']",0
L006633,Chen Williams,,,,,Website,"['IMS_Badge_Scan', 'PathWave_Trial_Request', 'Keysight_University_Course', 'Opportunity', 'Customer']",1
L006634,Chen Williams,Raytheon,Aerospace,,Automotive Ethernet,LinkedIn,"['Lab_Integration_Discussion', 'Application_Engineer_Call', 'AutoSens_Tech_Talk', 'No_Conversion']",0
L006635,Hiroshi Ito,Broadcom,Automotive,North America,,Website,"['Keysight_Workshop_RF_Testing', 'Technical_Demo', 'Opportunity', 'SQL', 'Application_Engineer_Call', 'Customer']",1
L006636,Michael Williams,,Semiconductor,North America,PathWave Software,LinkedIn,"['Lab_Integration_Discussion', 'LinkedIn_Ad_Click', 'Customer']",1
L006637,Ravi Garcia,Rayth_Tech,Aerospace,APAC,PathWave Software,Event,['Customer'],1
L006638,Sofia Garcia,Rayth_Tech,Electronics,APAC,PathWave Software,,['Customer'],1
L006639,,Qualcomm,Telecom,Europe,,Webinar,"['Loaner_Unit_Evaluation', 'PathWave_Trial_Request', 'LinkedIn_Ad_Click', 'Whitepaper_Download_5G_Test', 'MQL', 'Keysight_Workshop_RF_Testing', 'Oscilloscope_Selector_Tool', 'SQL', 'Customer']",1
L006640,,Sony GmbH,,Europe,,LinkedIn,"['AutoSens_Tech_Talk', 'Application_Engineer_Call', 'Lab_Integration_Discussion', 'Whitepaper_Download_5G_Test', 'PathWave_Trial_Request', 'Website_Product_Page', 'Keysight_Workshop_RF_Testing', 'Loaner_Unit_Evaluation', 'Opportunity', 'Customer']",1
L006641,Ravi Garcia,Samsung Electronics,Automotive,North America,5G Testbeds,Email Campaign,"['AutoSens_Tech_Talk', 'SQL', 'Opportunity', 'Opportunity', 'Customer']",1
L006642,Laura Johnson,,Telecom,North America,,LinkedIn,['Customer'],1
L006643,Hiroshi Lee,Infineon,,,Oscilloscopes,Website,"['SQL', 'LinkedIn_Ad_Click', 'Keysight_Workshop_RF_Testing', 'No_Conversion']",0
L006644,Priya Martinez,Meta Connectivity Labs,Electronics,LATAM,Oscilloscopes,Website,"['Keysight_Workshop_RF_Testing', 'AutoSens_Tech_Talk', 'LinkedIn_Ad_Click', 'Customer']",1
L006645,Kenji Lee,Sony GmbH,Aerospace,North America,,LinkedIn,"['Lab_Integration_Discussion', 'Customer']",1
L006646,Sofia Williams,Qualc_Tech,,,5G Testbeds,Event,"['Keysight_University_Course', 'SQL', 'Application_Engineer_Call', 'MQL', 'Opportunity', 'Oscilloscope_Selector_Tool', 'Lab_Integration_Discussion', 'Opportunity', 'AutoSens_Tech_Talk', 'No_Conversion']",0
L006647,,,Aerospace,North America,,Event,"['DesignCon_Booth_Visit', 'No_Conversion']",0
L006648,Maria Chen,MetaC_Tech,,Europe,5G Testbeds,Event,"['LinkedIn_Ad_Click', 'Website_Product_Page', 'Keysight_Workshop_RF_Testing', 'Customer']",1
L006649,Ravi Ito,Infin_Tech,Telecom,,Automotive Ethernet,LinkedIn,"['IMS_Badge_Scan', 'Customer']",1
L006650,,NXP Semiconductors GmbH,Automotive,,,Website,"['MQL', 'Application_Engineer_Call', 'Oscilloscope_Selector_Tool', 'No_Conversion']",0
L006651,Daniel Khan,Samsung Electronics GmbH,Semiconductor,,Oscilloscopes,Website,"['Keysight_University_Course', 'Lab_Integration_Discussion', 'PathWave_Trial_Request', 'AutoSens_Tech_Talk', 'SQL', 'Lab_Integration_Discussion', 'Customer']",1
L006652,Ravi Ito,Tesla Energy GmbH,Telecom,,Oscilloscopes,Website,"['PathWave_Trial_Request', 'Keysight_Workshop_RF_Testing', 'SQL', 'No_Conversion']",0
L006653,Chen Ito,Infin_Tech,,,,Website,"['Opportunity', 'AutoSens_Tech_Talk', 'DesignCon_Booth_Visit', 'Keysight_University_Course', 'Customer']",1
L006654,Hiroshi Ito,Samsu_Tech,Aerospace,APAC,,Sales Outreach,"['PathWave_Trial_Request', 'Keysight_University_Course', 'IMS_Badge_Scan', 'Technical_Demo', 'Customer']",1
L006655,Ravi Singh,Broadcom GmbH,Semiconductor,LATAM,,LinkedIn,"['Oscilloscope_Selector_Tool', 'MQL', 'Application_Engineer_Call', 'Application_Engineer_Call', 'SQL', 'Technical_Demo', 'AutoSens_Tech_Talk', 'Keysight_University_Course', 'DesignCon_Booth_Visit', 'AutoSens_Tech_Talk', 'No_Conversion']",0
L006656,Hiroshi Ito,,Automotive,Europe,,,"['Whitepaper_Download_5G_Test', 'PathWave_Trial_Request', 'Lab_Integration_Discussion', 'Customer']",1
L006657,Laura Ito,NXPSe_Tech,,LATAM,,,"['Loaner_Unit_Evaluation', 'AutoSens_Tech_Talk', 'Oscilloscope_Selector_Tool', 'SQL', 'MQL', 'No_Conversion']",0
L006658,Kenji Tanaka,,Aerospace,,Oscilloscopes,,"['Whitepaper_Download_5G_Test', 'DesignCon_Booth_Visit', 'Customer']",1
L006659,Kenji Lee,Samsung Electronics,Semiconductor,APAC,,Website,"['Loaner_Unit_Evaluation', 'Lab_Integration_Discussion', 'Whitepaper_Download_5G_Test', 'No_Conversion']",0
L006660,Sofia Ito,Sony,Telecom,LATAM,Automotive Ethernet,Website,"['DesignCon_Booth_Visit', 'DesignCon_Booth_Visit', 'DesignCon_Booth_Visit', 'Oscilloscope_Selector_Tool', 'Customer']",1
L006661,Maria Singh,Broadcom,Automotive,LATAM,5G Testbeds,Event,"['Oscilloscope_Selector_Tool', 'DesignCon_Booth_Visit', 'IMS_Badge_Scan', 'Keysight_University_Course', 'Lab_Integration_Discussion', 'Opportunity', 'Keysight_University_Course', 'Technical_Demo', 'Lab_Integration_Discussion', 'No_Conversion']",0
L006662,Daniel Ito,Sony,Automotive,APAC,,Event,"['AutoSens_Tech_Talk', 'LinkedIn_Ad_Click', 'Opportunity', 'Oscilloscope_Selector_Tool', 'Customer']",1
L006663,Ravi Anders,Qualcomm GmbH,Semiconductor,North America,,Webinar,"['Technical_Demo', 'MQL', 'AutoSens_Tech_Talk', 'Application_Engineer_Call', 'Oscilloscope_Selector_Tool', 'Loaner_Unit_Evaluation', 'DesignCon_Booth_Visit', 'Application_Engineer_Call', 'Whitepaper_Download_5G_Test', 'Customer']",1
L006664,Ahmed Patel,Sony GmbH,,APAC,PathWave Software,Email Campaign,"['Oscilloscope_Selector_Tool', 'Website_Product_Page', 'PathWave_Trial_Request', 'Website_Product_Page', 'Customer']",1
L006665,Chen Johnson,Tesla_Tech,Telecom,North America,5G Testbeds,Sales Outreach,"['AutoSens_Tech_Talk', 'Whitepaper_Download_5G_Test', 'No_Conversion']",0
L006666,,MetaC_Tech,Semiconductor,LATAM,,Website,"['Application_Engineer_Call', 'IMS_Badge_Scan', 'Customer']",1
L006667,Chen Lee,Samsu_Tech,Telecom,LATAM,,Webinar,"['MQL', 'No_Conversion']",0
L006668,Sofia Williams,Bosch_Tech,Automotive,,,Webinar,"['Keysight_University_Course', 'DesignCon_Booth_Visit', 'Technical_Demo', 'Whitepaper_Download_5G_Test', 'Oscilloscope_Selector_Tool', 'Website_Product_Page', 'PathWave_Trial_Request', 'Customer']",1
L006669,Laura Lee,Samsung Electronics GmbH,Automotive,Europe,Automotive Ethernet,Webinar,"['MQL', 'LinkedIn_Ad_Click', 'SQL', 'Whitepaper_Download_5G_Test', 'Customer']",1
L006670,Ahmed Lee,Sony_Tech,Telecom,LATAM,,Email Campaign,"['Keysight_University_Course', 'AutoSens_Tech_Talk', 'SQL', 'Oscilloscope_Selector_Tool', 'Whitepaper_Download_5G_Test', 'Customer']",1
L006671,,Sony_Tech,Electronics,LATAM,5G Testbeds,Sales Outreach,"['DesignCon_Booth_Visit', 'No_Conversion']",0
L006672,Sarah Singh,,Electronics,LATAM,Oscilloscopes,LinkedIn,"['Keysight_University_Course', 'No_Conversion']",0
L006673,Hiroshi Williams,,Semiconductor,North America,Automotive Ethernet,Sales Outreach,"['Oscilloscope_Selector_Tool', 'PathWave_Trial_Request', 'AutoSens_Tech_Talk', 'Keysight_University_Course', 'Loaner_Unit_Evaluation', 'No_Conversion']",0
L006674,,Broadcom GmbH,Electronics,Europe,,Event,['No_Conversion'],0
L006675,Daniel Khan,Bosch_Tech,Telecom,LATAM,,LinkedIn,"['PathWave_Trial_Request', 'Website_Product_Page', 'SQL', 'Keysight_Workshop_RF_Testing', 'Customer']",1
L006676,Laura Tanaka,,,APAC,Oscilloscopes,Webinar,['No_Conversion'],0
L006677,Hiroshi Garcia,NXP Semiconductors GmbH,Aerospace,LATAM,,Email Campaign,"['SQL', 'AutoSens_Tech_Talk', 'Loaner_Unit_Evaluation', 'MQL', 'Keysight_University_Course', 'LinkedIn_Ad_Click', 'Website_Product_Page', 'Keysight_Workshop_RF_Testing', 'No_Conversion']",0
L006678,Laura Chen,NXPSe_Tech,Telecom,Europe,Automotive Ethernet,LinkedIn,"['LinkedIn_Ad_Click', 'LinkedIn_Ad_Click', 'Application_Engineer_Call', 'AutoSens_Tech_Talk', 'PathWave_Trial_Request', 'Keysight_Workshop_RF_Testing', 'LinkedIn_Ad_Click', 'Keysight_Workshop_RF_Testing', 'Customer']",1
L006679,Ahmed Khan,Tesla Energy,Telecom,Europe,,Sales Outreach,"['Lab_Integration_Discussion', 'Website_Product_Page', 'MQL', 'Whitepaper_Download_5G_Test', 'Customer']",1
L006680,,,Automotive,,Oscilloscopes,Email Campaign,"['SQL', 'Website_Product_Page', 'IMS_Badge_Scan', 'Loaner_Unit_Evaluation', 'MQL', 'AutoSens_Tech_Talk', 'No_Conversion']",0
L006681,Chen Williams,NXP Semiconductors,,Europe,,Webinar,"['Loaner_Unit_Evaluation', 'Lab_Integration_Discussion', 'Application_Engineer_Call', 'No_Conversion']",0
L006682,Priya Singh,Qualcomm,,APAC,,LinkedIn,"['PathWave_Trial_Request', 'Technical_Demo', 'Opportunity', 'SQL', 'SQL', 'LinkedIn_Ad_Click', 'No_Conversion']",0
L006683,Kenji Singh,Samsu_Tech,,North America,Automotive Ethernet,LinkedIn,['No_Conversion'],0
L006684,Ravi Williams,Tesla Energy,,APAC,,Event,"['Opportunity', 'SQL', 'Opportunity', 'MQL', 'Loaner_Unit_Evaluation', 'LinkedIn_Ad_Click', 'Customer']",1
L006685,,Tesla Energy GmbH,Telecom,APAC,PathWave Software,Webinar,"['Lab_Integration_Discussion', 'Opportunity', 'Whitepaper_Download_5G_Test', 'IMS_Badge_Scan', 'Keysight_University_Course', 'AutoSens_Tech_Talk', 'Customer']",1
L006686,Priya Singh,Sony,,,PathWave Software,Website,['Customer'],1
L006687,Kenji Lee,Broad_Tech,Automotive,LATAM,Oscilloscopes,LinkedIn,"['Technical_Demo', 'IMS_Badge_Scan', 'PathWave_Trial_Request', 'SQL', 'No_Conversion']",0
L006688,Laura Lee,Meta Connectivity Labs GmbH,Electronics,APAC,,LinkedIn,"['LinkedIn_Ad_Click', 'Customer']",1
L006689,Kenji Khan,Meta Connectivity Labs GmbH,,LATAM,,Website,"['Website_Product_Page', 'AutoSens_Tech_Talk', 'Application_Engineer_Call', 'No_Conversion']",0
L006690,Hiroshi Tanaka,NXP Semiconductors GmbH,Electronics,North America,Oscilloscopes,Event,"['IMS_Badge_Scan', 'No_Conversion']",0
L006691,Laura Tanaka,,Semiconductor,,5G Testbeds,,"['Whitepaper_Download_5G_Test', 'Whitepaper_Download_5G_Test', 'Keysight_Workshop_RF_Testing', 'Keysight_Workshop_RF_Testing', 'Technical_Demo', 'Keysight_University_Course', 'Customer']",1
L006692,Maria Lee,Raytheon GmbH,,North America,,Sales Outreach,"['Keysight_Workshop_RF_Testing', 'No_Conversion']",0
L006693,Kenji Garcia,Bosch_Tech,Aerospace,North America,5G Testbeds,Event,['No_Conversion'],0
L006694,Sarah Ito,Infin_Tech,Aerospace,APAC,5G Testbeds,,['Customer'],1
L006695,Daniel Lee,Qualcomm,,,,Email Campaign,"['Technical_Demo', 'IMS_Badge_Scan', 'No_Conversion']",0
L006696,Daniel Patel,Infineon GmbH,,North America,PathWave Software,Sales Outreach,"['PathWave_Trial_Request', 'LinkedIn_Ad_Click', 'Keysight_University_Course', 'MQL', 'No_Conversion']",0
L006697,Laura Martinez,Samsung Electronics GmbH,Electronics,LATAM,PathWave Software,LinkedIn,"['Website_Product_Page', 'Whitepaper_Download_5G_Test', 'Customer']",1
L006698,Sarah Anders,,Aerospace,,Oscilloscopes,LinkedIn,"['LinkedIn_Ad_Click', 'No_Conversion']",0
L006699,Maria Lee,,,LATAM,Automotive Ethernet,Website,"['MQL', 'LinkedIn_Ad_Click', 'Loaner_Unit_Evaluation', 'Oscilloscope_Selector_Tool', 'Technical_Demo', 'PathWave_Trial_Request', 'MQL', 'SQL', 'Whitepaper_Download_5G_Test', 'Customer']",1
L006700,Sarah Anders,Sony,Electronics,LATAM,PathWave Software,Sales Outreach,"['AutoSens_Tech_Talk', 'Application_Engineer_Call', 'Technical_Demo', 'Oscilloscope_Selector_Tool', 'No_Conversion']",0
L006701,Daniel Patel,Samsung Electronics GmbH,Electronics,Europe,5G Testbeds,LinkedIn,"['Lab_Integration_Discussion', 'Lab_Integration_Discussion', 'Lab_Integration_Discussion', 'Customer']",1
L006702,Michael Patel,,Aerospace,Europe,PathWave Software,,"['MQL', 'No_Conversion']",0
L006703,Daniel Garcia,Infin_Tech,Telecom,North America,PathWave Software,Event,"['Technical_Demo', 'Opportunity', 'Application_Engineer_Call', 'LinkedIn_Ad_Click', 'Whitepaper_Download_5G_Test', 'Loaner_Unit_Evaluation', 'No_Conversion']",0
L006704,Michael Johnson,Broad_Tech,Automotive,LATAM,Automotive Ethernet,Email Campaign,"['Oscilloscope_Selector_Tool', 'Customer']",1
L006705,Kenji Tanaka,Tesla_Tech,Aerospace,North America,,Website,"['DesignCon_Booth_Visit', 'PathWave_Trial_Request', 'Whitepaper_Download_5G_Test', 'Opportunity', 'IMS_Badge_Scan', 'IMS_Badge_Scan', 'Keysight_University_Course', 'Keysight_Workshop_RF_Testing', 'No_Conversion']",0
L006706,Ravi Khan,,Aerospace,LATAM,5G Testbeds,LinkedIn,"['Keysight_Workshop_RF_Testing', 'Keysight_Workshop_RF_Testing', 'Lab_Integration_Discussion', 'AutoSens_Tech_Talk', 'IMS_Badge_Scan', 'Customer']",1
L006707,Michael Williams,,Electronics,,Oscilloscopes,Website,"['Loaner_Unit_Evaluation', 'Customer']",1
L006708,Sarah Chen,MetaC_Tech,Electronics,,5G Testbeds,Sales Outreach,"['MQL', 'Opportunity', 'Application_Engineer_Call', 'Keysight_University_Course', 'DesignCon_Booth_Visit', 'MQL', 'Lab_Integration_Discussion', 'No_Conversion']",0
L006709,Chen Anders,Broadcom,Automotive,LATAM,Oscilloscopes,Sales Outreach,"['Loaner_Unit_Evaluation', 'Lab_Integration_Discussion', 'MQL', 'Opportunity', 'Lab_Integration_Discussion', 'Customer']",1
L006710,Kenji Patel,Qualcomm GmbH,,,PathWave Software,Email Campaign,"['PathWave_Trial_Request', 'Technical_Demo', 'Technical_Demo', 'SQL', 'Opportunity', 'Customer']",1
L006711,Ahmed Chen,Raytheon,,North America,PathWave Software,Event,"['Opportunity', 'PathWave_Trial_Request', 'IMS_Badge_Scan', 'LinkedIn_Ad_Click', 'LinkedIn_Ad_Click', 'Technical_Demo', 'Website_Product_Page', 'Whitepaper_Download_5G_Test', 'MQL', 'No_Conversion']",0
L006712,Ahmed Lee,,,,,LinkedIn,"['Application_Engineer_Call', 'AutoSens_Tech_Talk', 'Website_Product_Page', 'MQL', 'AutoSens_Tech_Talk', 'DesignCon_Booth_Visit', 'Customer']",1
L006713,Chen Lee,NXP Semiconductors,,North America,,,"['Loaner_Unit_Evaluation', 'AutoSens_Tech_Talk', 'Loaner_Unit_Evaluation', 'Loaner_Unit_Evaluation', 'Opportunity', 'DesignCon_Booth_Visit', 'DesignCon_Booth_Visit', 'Opportunity', 'Application_Engineer_Call', 'Customer']",1
L006714,Chen Tanaka,Samsung Electronics,Aerospace,Europe,Automotive Ethernet,Webinar,"['SQL', 'AutoSens_Tech_Talk', 'LinkedIn_Ad_Click', 'Application_Engineer_Call', 'Keysight_University_Course', 'Customer']",1
L006715,Kenji Khan,Tesla Energy,Automotive,Europe,,,"['AutoSens_Tech_Talk', 'Whitepaper_Download_5G_Test', 'Lab_Integration_Discussion', 'PathWave_Trial_Request', 'Customer']",1
L006716,Sarah Martinez,,,LATAM,,Webinar,"['AutoSens_Tech_Talk', 'Keysight_Workshop_RF_Testing', 'Technical_Demo', 'Oscilloscope_Selector_Tool', 'AutoSens_Tech_Talk', 'DesignCon_Booth_Visit', 'Oscilloscope_Selector_Tool', 'DesignCon_Booth_Visit', 'Website_Product_Page', 'MQL', 'Customer']",1
L006717,,NXP Semiconductors,,LATAM,5G Testbeds,Webinar,"['Lab_Integration_Discussion', 'Oscilloscope_Selector_Tool', 'DesignCon_Booth_Visit', 'No_Conversion']",0
L006718,Daniel Garcia,Raytheon,,APAC,,Website,"['MQL', 'Application_Engineer_Call', 'IMS_Badge_Scan', 'Oscilloscope_Selector_Tool', 'Lab_Integration_Discussion', 'SQL', 'SQL', 'DesignCon_Booth_Visit', 'Opportunity', 'No_Conversion']",0
L006719,Ravi Patel,MetaC_Tech,Automotive,,Oscilloscopes,Email Campaign,"['Oscilloscope_Selector_Tool', 'Keysight_Workshop_RF_Testing', 'Lab_Integration_Discussion', 'IMS_Badge_Scan', 'Customer']",1
L006720,Sarah Anders,Sony,Semiconductor,LATAM,,LinkedIn,"['SQL', 'SQL', 'Whitepaper_Download_5G_Test', 'Lab_Integration_Discussion', 'Application_Engineer_Call', 'Website_Product_Page', 'Loaner_Unit_Evaluation', 'No_Conversion']",0
L006721,Maria Chen,,Aerospace,North America,5G Testbeds,LinkedIn,"['SQL', 'MQL', 'Application_Engineer_Call', 'Opportunity', 'Technical_Demo', 'Oscilloscope_Selector_Tool', 'Oscilloscope_Selector_Tool', 'Loaner_Unit_Evaluation', 'LinkedIn_Ad_Click', 'No_Conversion']",0
L006722,Daniel Singh,,Semiconductor,,5G Testbeds,Email Campaign,"['AutoSens_Tech_Talk', 'Website_Product_Page', 'Loaner_Unit_Evaluation', 'Oscilloscope_Selector_Tool', 'MQL', 'No_Conversion']",0
L006723,,Raytheon GmbH,Electronics,,PathWave Software,Email Campaign,"['Technical_Demo', 'MQL', 'Customer']",1
L006724,Ahmed Singh,Meta Connectivity Labs,,North America,,Website,"['Technical_Demo', 'Technical_Demo', 'No_Conversion']",0
L006725,Michael Garcia,Rayth_Tech,,LATAM,Automotive Ethernet,Webinar,"['Loaner_Unit_Evaluation', 'Whitepaper_Download_5G_Test', 'Website_Product_Page', 'LinkedIn_Ad_Click', 'Oscilloscope_Selector_Tool', 'Customer']",1
L006726,Michael Khan,,Telecom,North America,Oscilloscopes,Event,"['Lab_Integration_Discussion', 'Loaner_Unit_Evaluation', 'Oscilloscope_Selector_Tool', 'Website_Product_Page', 'No_Conversion']",0
L006727,Ahmed Singh,Samsu_Tech,Telecom,APAC,5G Testbeds,Webinar,"['Keysight_Workshop_RF_Testing', 'Loaner_Unit_Evaluation', 'Keysight_University_Course', 'Customer']",1
L006728,Daniel Lee,Infineon,,APAC,,Email Campaign,['No_Conversion'],0
L006729,Priya Singh,,Automotive,North America,5G Testbeds,Event,['Customer'],1
L006730,Ahmed Anders,Infineon,,,Automotive Ethernet,,"['Loaner_Unit_Evaluation', 'Oscilloscope_Selector_Tool', 'MQL', 'DesignCon_Booth_Visit', 'SQL', 'No_Conversion']",0
L006731,Laura Williams,Qualcomm GmbH,Electronics,Europe,5G Testbeds,Website,['No_Conversion'],0
L006732,Hiroshi Williams,Infin_Tech,Aerospace,LATAM,Automotive Ethernet,Sales Outreach,"['Keysight_University_Course', 'Application_Engineer_Call', 'Customer']",1
L006733,Michael Tanaka,Meta Connectivity Labs GmbH,,LATAM,Oscilloscopes,Event,"['Whitepaper_Download_5G_Test', 'DesignCon_Booth_Visit', 'AutoSens_Tech_Talk', 'MQL', 'AutoSens_Tech_Talk', 'Customer']",1
L006734,Priya Tanaka,Samsung Electronics,,North America,,Email Campaign,"['Website_Product_Page', 'Customer']",1
L006735,Laura Tanaka,Tesla Energy GmbH,,,PathWave Software,Webinar,['No_Conversion'],0
L006736,Kenji Patel,Rayth_Tech,Telecom,APAC,PathWave Software,,"['DesignCon_Booth_Visit', 'Loaner_Unit_Evaluation', 'IMS_Badge_Scan', 'AutoSens_Tech_Talk', 'Customer']",1
L006737,Sofia Khan,Tesla Energy GmbH,Semiconductor,,,Website,"['IMS_Badge_Scan', 'IMS_Badge_Scan', 'DesignCon_Booth_Visit', 'Opportunity', 'Customer']",1
L006738,Maria Lee,Tesla Energy,,,,Event,['No_Conversion'],0
L006739,Sarah Garcia,,,North America,,LinkedIn,"['IMS_Badge_Scan', 'Technical_Demo', 'MQL', 'No_Conversion']",0
L006740,Sarah Lee,Qualcomm,Telecom,LATAM,,,"['Loaner_Unit_Evaluation', 'Whitepaper_Download_5G_Test', 'Keysight_University_Course', 'No_Conversion']",0
L006741,Michael Johnson,Samsung Electronics,Semiconductor,APAC,Automotive Ethernet,Email Campaign,"['Keysight_Workshop_RF_Testing', 'Whitepaper_Download_5G_Test', 'No_Conversion']",0
L006742,Laura Ito,,Telecom,North America,,Webinar,"['Whitepaper_Download_5G_Test', 'DesignCon_Booth_Visit', 'SQL', 'Technical_Demo', 'Website_Product_Page', 'Keysight_Workshop_RF_Testing', 'Lab_Integration_Discussion', 'PathWave_Trial_Request', 'No_Conversion']",0
L006743,,MetaC_Tech,Semiconductor,LATAM,5G Testbeds,Sales Outreach,['Customer'],1
L006744,Daniel Martinez,Rayth_Tech,,APAC,5G Testbeds,,"['AutoSens_Tech_Talk', 'Oscilloscope_Selector_Tool', 'Oscilloscope_Selector_Tool', 'Application_Engineer_Call', 'Loaner_Unit_Evaluation', 'LinkedIn_Ad_Click', 'Customer']",1
L006745,Sarah Patel,,Telecom,LATAM,,Sales Outreach,"['LinkedIn_Ad_Click', 'SQL', 'Application_Engineer_Call', 'Keysight_University_Course', 'MQL', 'Loaner_Unit_Evaluation', 'Loaner_Unit_Evaluation', 'Oscilloscope_Selector_Tool', 'IMS_Badge_Scan', 'No_Conversion']",0
L006746,Sofia Patel,Sony_Tech,Automotive,LATAM,PathWave Software,Website,"['Keysight_Workshop_RF_Testing', 'PathWave_Trial_Request', 'Keysight_University_Course', 'Lab_Integration_Discussion', 'LinkedIn_Ad_Click', 'Customer']",1
L006747,,Samsu_Tech,,LATAM,PathWave Software,Event,"['MQL', 'Keysight_University_Course', 'Lab_Integration_Discussion', 'No_Conversion']",0
L006748,Chen Johnson,Raytheon,Telecom,Europe,,LinkedIn,"['Keysight_Workshop_RF_Testing', 'No_Conversion']",0
L006749,Laura Martinez,Meta Connectivity Labs GmbH,Telecom,Europe,PathWave Software,Webinar,"['AutoSens_Tech_Talk', 'LinkedIn_Ad_Click', 'Website_Product_Page', 'DesignCon_Booth_Visit', 'SQL', 'LinkedIn_Ad_Click', 'Whitepaper_Download_5G_Test', 'Keysight_University_Course', 'Customer']",1
L006750,Michael Khan,Tesla_Tech,,North America,Automotive Ethernet,Email Campaign,"['Lab_Integration_Discussion', 'Oscilloscope_Selector_Tool', 'Whitepaper_Download_5G_Test', 'Keysight_University_Course', 'No_Conversion']",0
L006751,,Qualcomm GmbH,,LATAM,Automotive Ethernet,Webinar,"['DesignCon_Booth_Visit', 'PathWave_Trial_Request', 'DesignCon_Booth_Visit', 'Loaner_Unit_Evaluation', 'Loaner_Unit_Evaluation', 'Website_Product_Page', 'Customer']",1
L006752,Kenji Garcia,Sony GmbH,Electronics,,PathWave Software,Event,"['Keysight_Workshop_RF_Testing', 'PathWave_Trial_Request', 'Keysight_Workshop_RF_Testing', 'LinkedIn_Ad_Click', 'IMS_Badge_Scan', 'Loaner_Unit_Evaluation', 'No_Conversion']",0
L006753,Sarah Garcia,Qualcomm GmbH,,,PathWave Software,Webinar,['No_Conversion'],0
L006754,Michael Williams,Bosch,Telecom,Europe,5G Testbeds,LinkedIn,"['LinkedIn_Ad_Click', 'LinkedIn_Ad_Click', 'Opportunity', 'Keysight_Workshop_RF_Testing', 'No_Conversion']",0
L006755,Hiroshi Johnson,Tesla_Tech,,,PathWave Software,Webinar,"['LinkedIn_Ad_Click', 'DesignCon_Booth_Visit', 'Keysight_Workshop_RF_Testing', 'Oscilloscope_Selector_Tool', 'MQL', 'SQL', 'DesignCon_Booth_Visit', 'AutoSens_Tech_Talk', 'SQL', 'IMS_Badge_Scan', 'No_Conversion']",0
L006756,Daniel Singh,Infin_Tech,Automotive,LATAM,,Webinar,"['Website_Product_Page', 'Keysight_University_Course', 'Keysight_University_Course', 'MQL', 'Loaner_Unit_Evaluation', 'No_Conversion']",0
L006757,Ahmed Tanaka,,,,PathWave Software,LinkedIn,"['IMS_Badge_Scan', 'DesignCon_Booth_Visit', 'PathWave_Trial_Request', 'Customer']",1
L006758,Chen Patel,,Semiconductor,APAC,Automotive Ethernet,LinkedIn,"['Website_Product_Page', 'Keysight_Workshop_RF_Testing', 'Application_Engineer_Call', 'Customer']",1
L006759,Maria Garcia,Qualc_Tech,Telecom,,,Sales Outreach,"['PathWave_Trial_Request', 'LinkedIn_Ad_Click', 'Keysight_Workshop_RF_Testing', 'Oscilloscope_Selector_Tool', 'Opportunity', 'Customer']",1
L006760,Michael Ito,Infin_Tech,,APAC,Automotive Ethernet,Website,"['Keysight_Workshop_RF_Testing', 'Keysight_Workshop_RF_Testing', 'PathWave_Trial_Request', 'Customer']",1
L006761,Kenji Lee,,Automotive,,,Website,"['DesignCon_Booth_Visit', 'Lab_Integration_Discussion', 'Keysight_Workshop_RF_Testing', 'DesignCon_Booth_Visit', 'Whitepaper_Download_5G_Test', 'Website_Product_Page', 'LinkedIn_Ad_Click', 'No_Conversion']",0
L006762,Laura Singh,Meta Connectivity Labs GmbH,,Europe,PathWave Software,Webinar,"['DesignCon_Booth_Visit', 'PathWave_Trial_Request', 'Website_Product_Page', 'AutoSens_Tech_Talk', 'Whitepaper_Download_5G_Test', 'Whitepaper_Download_5G_Test', 'Customer']",1
L006763,Maria Lee,,Telecom,,Automotive Ethernet,,"['Loaner_Unit_Evaluation', 'Website_Product_Page', 'DesignCon_Booth_Visit', 'Keysight_Workshop_RF_Testing', 'PathWave_Trial_Request', 'No_Conversion']",0
L006764,,Broad_Tech,Automotive,Europe,,LinkedIn,"['Application_Engineer_Call', 'Whitepaper_Download_5G_Test', 'Whitepaper_Download_5G_Test', 'Customer']",1
L006765,Daniel Singh,Broadcom,Electronics,Europe,PathWave Software,Email Campaign,"['Oscilloscope_Selector_Tool', 'Website_Product_Page', 'Whitepaper_Download_5G_Test', 'LinkedIn_Ad_Click', 'DesignCon_Booth_Visit', 'Keysight_Workshop_RF_Testing', 'Customer']",1
L006766,Chen Tanaka,Raytheon,Semiconductor,,5G Testbeds,,['No_Conversion'],0
L006767,Michael Singh,Bosch_Tech,Telecom,,,,"['Technical_Demo', 'Website_Product_Page', 'AutoSens_Tech_Talk', 'Lab_Integration_Discussion', 'Lab_Integration_Discussion', 'No_Conversion']",0
L006768,Michael Johnson,Tesla_Tech,,LATAM,Oscilloscopes,LinkedIn,"['AutoSens_Tech_Talk', 'IMS_Badge_Scan', 'Keysight_Workshop_RF_Testing', 'Application_Engineer_Call', 'IMS_Badge_Scan', 'DesignCon_Booth_Visit', 'Technical_Demo', 'Loaner_Unit_Evaluation', 'Technical_Demo', 'Keysight_Workshop_RF_Testing', 'Customer']",1
L006769,Daniel Ito,,Telecom,LATAM,5G Testbeds,Sales Outreach,"['Keysight_Workshop_RF_Testing', 'Opportunity', 'Application_Engineer_Call', 'Technical_Demo', 'Application_Engineer_Call', 'Whitepaper_Download_5G_Test', 'MQL', 'MQL', 'Application_Engineer_Call', 'DesignCon_Booth_Visit', 'Customer']",1
L006770,Laura Garcia,Qualc_Tech,Aerospace,North America,5G Testbeds,Event,"['Application_Engineer_Call', 'Opportunity', 'SQL', 'Lab_Integration_Discussion', 'No_Conversion']",0
L006771,Chen Khan,Samsung Electronics GmbH,Semiconductor,,5G Testbeds,Event,"['IMS_Badge_Scan', 'PathWave_Trial_Request', 'Website_Product_Page', 'No_Conversion']",0
L006772,Laura Williams,,Electronics,North America,5G Testbeds,Webinar,"['Lab_Integration_Discussion', 'DesignCon_Booth_Visit', 'Keysight_University_Course', 'PathWave_Trial_Request', 'Loaner_Unit_Evaluation', 'Keysight_University_Course', 'Application_Engineer_Call', 'Keysight_Workshop_RF_Testing', 'Website_Product_Page', 'No_Conversion']",0
L006773,Daniel Chen,Raytheon,Semiconductor,North America,Oscilloscopes,Webinar,"['PathWave_Trial_Request', 'DesignCon_Booth_Visit', 'Customer']",1
L006774,Michael Ito,,Telecom,LATAM,Automotive Ethernet,Email Campaign,"['Keysight_Workshop_RF_Testing', 'AutoSens_Tech_Talk', 'No_Conversion']",0
L006775,Ahmed Anders,MetaC_Tech,Semiconductor,North America,,Webinar,"['Technical_Demo', 'Opportunity', 'LinkedIn_Ad_Click', 'IMS_Badge_Scan', 'Loaner_Unit_Evaluation', 'No_Conversion']",0
L006776,Ravi Lee,Broad_Tech,Aerospace,,PathWave Software,Email Campaign,"['Technical_Demo', 'LinkedIn_Ad_Click', 'Application_Engineer_Call', 'Website_Product_Page', 'Keysight_Workshop_RF_Testing', 'Website_Product_Page', 'No_Conversion']",0
L006777,,Broad_Tech,Telecom,North America,Oscilloscopes,Webinar,"['Website_Product_Page', 'Technical_Demo', 'Technical_Demo', 'Loaner_Unit_Evaluation', 'Oscilloscope_Selector_Tool', 'Customer']",1
L006778,Sofia Garcia,Sony GmbH,Telecom,APAC,Automotive Ethernet,Event,"['Application_Engineer_Call', 'Loaner_Unit_Evaluation', 'PathWave_Trial_Request', 'Loaner_Unit_Evaluation', 'Loaner_Unit_Evaluation', 'Loaner_Unit_Evaluation', 'Whitepaper_Download_5G_Test', 'MQL', 'Customer']",1
L006779,Kenji Johnson,,,LATAM,Oscilloscopes,Sales Outreach,"['SQL', 'Customer']",1
L006780,Sofia Ito,Bosch GmbH,Telecom,Europe,,Email Campaign,"['Website_Product_Page', 'Opportunity', 'Whitepaper_Download_5G_Test', 'Customer']",1
L006781,Hiroshi Singh,Tesla_Tech,Telecom,,,,"['IMS_Badge_Scan', 'Customer']",1
L006782,Daniel Johnson,Tesla Energy,Aerospace,,,,"['Lab_Integration_Discussion', 'LinkedIn_Ad_Click', 'MQL', 'No_Conversion']",0
L006783,Sarah Patel,Rayth_Tech,Automotive,LATAM,,,['No_Conversion'],0
L006784,Hiroshi Johnson,Tesla Energy GmbH,,Europe,5G Testbeds,Website,"['Website_Product_Page', 'PathWave_Trial_Request', 'AutoSens_Tech_Talk', 'Application_Engineer_Call', 'Website_Product_Page', 'IMS_Badge_Scan', 'Customer']",1
L006785,Kenji Tanaka,Tesla Energy,Electronics,APAC,PathWave Software,Website,"['PathWave_Trial_Request', 'Keysight_Workshop_RF_Testing', 'Loaner_Unit_Evaluation', 'Lab_Integration_Discussion', 'Lab_Integration_Discussion', 'Customer']",1
L006786,Chen Johnson,Raytheon GmbH,Electronics,APAC,5G Testbeds,Webinar,"['Keysight_Workshop_RF_Testing', 'SQL', 'PathWave_Trial_Request', 'MQL', 'Website_Product_Page', 'IMS_Badge_Scan', 'Customer']",1
L006787,Ahmed Tanaka,Bosch GmbH,Semiconductor,,PathWave Software,,"['Technical_Demo', 'IMS_Badge_Scan', 'AutoSens_Tech_Talk', 'LinkedIn_Ad_Click', 'Technical_Demo', 'Application_Engineer_Call', 'Keysight_Workshop_RF_Testing', 'No_Conversion']",0
L006788,Sofia Anders,Sony GmbH,,LATAM,,,"['MQL', 'Loaner_Unit_Evaluation', 'Whitepaper_Download_5G_Test', 'IMS_Badge_Scan', 'AutoSens_Tech_Talk', 'PathWave_Trial_Request', 'Customer']",1
L006789,Hiroshi Johnson,Qualcomm,Telecom,APAC,PathWave Software,LinkedIn,"['Application_Engineer_Call', 'SQL', 'Opportunity', 'DesignCon_Booth_Visit', 'Lab_Integration_Discussion', 'Whitepaper_Download_5G_Test', 'Customer']",1
L006790,Michael Garcia,Meta Connectivity Labs,Aerospace,Europe,5G Testbeds,Sales Outreach,"['Keysight_Workshop_RF_Testing', 'Website_Product_Page', 'Customer']",1
L006791,Sarah Khan,Tesla_Tech,Automotive,,,LinkedIn,"['Whitepaper_Download_5G_Test', 'Opportunity', 'Keysight_University_Course', 'Website_Product_Page', 'Loaner_Unit_Evaluation', 'IMS_Badge_Scan', 'Lab_Integration_Discussion', 'IMS_Badge_Scan', 'SQL', 'Customer']",1
L006792,Sarah Patel,,Telecom,,,Email Campaign,"['Opportunity', 'IMS_Badge_Scan', 'Loaner_Unit_Evaluation', 'Lab_Integration_Discussion', 'AutoSens_Tech_Talk', 'Keysight_University_Course', 'Customer']",1
L006793,Hiroshi Tanaka,,,APAC,5G Testbeds,,"['Keysight_University_Course', 'Oscilloscope_Selector_Tool', 'Keysight_University_Course', 'IMS_Badge_Scan', 'AutoSens_Tech_Talk', 'Whitepaper_Download_5G_Test', 'Loaner_Unit_Evaluation', 'Customer']",1
L006794,Laura Singh,,Telecom,,PathWave Software,LinkedIn,"['Opportunity', 'PathWave_Trial_Request', 'IMS_Badge_Scan', 'Technical_Demo', 'DesignCon_Booth_Visit', 'Loaner_Unit_Evaluation', 'Customer']",1
L006795,,,Telecom,APAC,,Website,['No_Conversion'],0
L006796,Chen Khan,Rayth_Tech,Electronics,Europe,Automotive Ethernet,Sales Outreach,"['Loaner_Unit_Evaluation', 'SQL', 'DesignCon_Booth_Visit', 'PathWave_Trial_Request', 'Whitepaper_Download_5G_Test', 'Website_Product_Page', 'MQL', 'Loaner_Unit_Evaluation', 'PathWave_Trial_Request', 'Keysight_Workshop_RF_Testing', 'No_Conversion']",0
L006797,Priya Ito,Raytheon,Automotive,,,LinkedIn,"['AutoSens_Tech_Talk', 'AutoSens_Tech_Talk', 'Customer']",1
L006798,Priya Singh,Raytheon,Telecom,,Automotive Ethernet,,"['MQL', 'Technical_Demo', 'Whitepaper_Download_5G_Test', 'IMS_Badge_Scan', 'Opportunity', 'Whitepaper_Download_5G_Test', 'Customer']",1
L006799,,Raytheon,Semiconductor,,Oscilloscopes,LinkedIn,"['PathWave_Trial_Request', 'DesignCon_Booth_Visit', 'IMS_Badge_Scan', 'Whitepaper_Download_5G_Test', 'AutoSens_Tech_Talk', 'AutoSens_Tech_Talk', 'Opportunity', 'No_Conversion']",0
L006800,Sofia Martinez,Meta Connectivity Labs,Semiconductor,Europe,5G Testbeds,Sales Outreach,"['Keysight_University_Course', 'Keysight_University_Course', 'LinkedIn_Ad_Click', 'DesignCon_Booth_Visit', 'AutoSens_Tech_Talk', 'PathWave_Trial_Request', 'Whitepaper_Download_5G_Test', 'Keysight_University_Course', 'No_Conversion']",0
L006801,Priya Williams,Meta Connectivity Labs,Telecom,Europe,5G Testbeds,Website,['Customer'],1
L006802,Sofia Chen,Bosch,Telecom,APAC,5G Testbeds,Sales Outreach,"['Application_Engineer_Call', 'MQL', 'IMS_Badge_Scan', 'Oscilloscope_Selector_Tool', 'Website_Product_Page', 'Customer']",1
L006803,Priya Johnson,Bosch,Electronics,LATAM,5G Testbeds,,"['Technical_Demo', 'Customer']",1
L006804,Sarah Ito,Qualc_Tech,Aerospace,Europe,,Webinar,"['Keysight_University_Course', 'Loaner_Unit_Evaluation', 'Lab_Integration_Discussion', 'Oscilloscope_Selector_Tool', 'No_Conversion']",0
L006805,Ravi Johnson,,,Europe,,,"['Technical_Demo', 'Opportunity', 'Technical_Demo', 'IMS_Badge_Scan', 'Keysight_Workshop_RF_Testing', 'Whitepaper_Download_5G_Test', 'Oscilloscope_Selector_Tool', 'No_Conversion']",0
L006806,Ravi Johnson,NXP Semiconductors GmbH,,,,Event,"['LinkedIn_Ad_Click', 'IMS_Badge_Scan', 'Technical_Demo', 'No_Conversion']",0
L006807,Daniel Tanaka,,Electronics,,,Webinar,"['SQL', 'Oscilloscope_Selector_Tool', 'Keysight_University_Course', 'Customer']",1
L006808,Maria Lee,Infin_Tech,,Europe,Automotive Ethernet,Email Campaign,"['SQL', 'MQL', 'Keysight_Workshop_RF_Testing', 'MQL', 'Loaner_Unit_Evaluation', 'No_Conversion']",0
L006809,Hiroshi Singh,Broadcom,Aerospace,,Automotive Ethernet,,"['IMS_Badge_Scan', 'DesignCon_Booth_Visit', 'Technical_Demo', 'PathWave_Trial_Request', 'No_Conversion']",0
L006810,Kenji Patel,,,North America,PathWave Software,Webinar,"['DesignCon_Booth_Visit', 'Whitepaper_Download_5G_Test', 'Opportunity', 'Keysight_Workshop_RF_Testing', 'Keysight_Workshop_RF_Testing', 'Application_Engineer_Call', 'PathWave_Trial_Request', 'Keysight_Workshop_RF_Testing', 'Customer']",1
L006811,Michael Singh,,Electronics,Europe,,,"['AutoSens_Tech_Talk', 'PathWave_Trial_Request', 'Keysight_Workshop_RF_Testing', 'IMS_Badge_Scan', 'Loaner_Unit_Evaluation', 'Technical_Demo', 'LinkedIn_Ad_Click', 'Opportunity', 'Customer']",1
L006812,Ravi Garcia,Tesla Energy GmbH,,APAC,Automotive Ethernet,Webinar,"['DesignCon_Booth_Visit', 'Opportunity', 'PathWave_Trial_Request', 'Customer']",1
L006813,Hiroshi Singh,Sony_Tech,,LATAM,5G Testbeds,Website,"['Lab_Integration_Discussion', 'Loaner_Unit_Evaluation', 'Keysight_Workshop_RF_Testing', 'Customer']",1
L006814,,,Telecom,,,Website,"['SQL', 'MQL', 'Keysight_University_Course', 'PathWave_Trial_Request', 'IMS_Badge_Scan', 'Customer']",1
L006815,Chen Chen,Tesla Energy,Semiconductor,APAC,5G Testbeds,Sales Outreach,"['DesignCon_Booth_Visit', 'MQL', 'Keysight_University_Course', 'Customer']",1
L006816,Sarah Chen,Qualc_Tech,,Europe,,LinkedIn,"['LinkedIn_Ad_Click', 'Oscilloscope_Selector_Tool', 'IMS_Badge_Scan', 'Lab_Integration_Discussion', 'Loaner_Unit_Evaluation', 'Website_Product_Page', 'No_Conversion']",0
L006817,Ravi Chen,Samsung Electronics,,LATAM,PathWave Software,Email Campaign,"['LinkedIn_Ad_Click', 'Technical_Demo', 'Keysight_Workshop_RF_Testing', 'Oscilloscope_Selector_Tool', 'Opportunity', 'Oscilloscope_Selector_Tool', 'Loaner_Unit_Evaluation', 'Customer']",1
L006818,Chen Martinez,Infineon,Telecom,APAC,Automotive Ethernet,Event,"['Website_Product_Page', 'Website_Product_Page', 'LinkedIn_Ad_Click', 'Technical_Demo', 'DesignCon_Booth_Visit', 'MQL', 'Technical_Demo', 'LinkedIn_Ad_Click', 'IMS_Badge_Scan', 'Lab_Integration_Discussion', 'Customer']",1
L006819,,Sony,,Europe,5G Testbeds,Email Campaign,"['AutoSens_Tech_Talk', 'IMS_Badge_Scan', 'Application_Engineer_Call', 'No_Conversion']",0
L006820,Chen Martinez,Raytheon GmbH,Semiconductor,North America,,Website,"['Website_Product_Page', 'Loaner_Unit_Evaluation', 'PathWave_Trial_Request', 'Keysight_University_Course', 'DesignCon_Booth_Visit', 'SQL', 'Keysight_Workshop_RF_Testing', 'PathWave_Trial_Request', 'Lab_Integration_Discussion', 'Opportunity', 'No_Conversion']",0
L006821,Ravi Martinez,Tesla_Tech,Automotive,North America,PathWave Software,,"['Lab_Integration_Discussion', 'MQL', 'Keysight_University_Course', 'No_Conversion']",0
L006822,Chen Garcia,Bosch GmbH,Automotive,North America,,Website,"['Website_Product_Page', 'Opportunity', 'Application_Engineer_Call', 'MQL', 'PathWave_Trial_Request', 'Lab_Integration_Discussion', 'MQL', 'SQL', 'AutoSens_Tech_Talk', 'No_Conversion']",0
L006823,Ahmed Lee,,Telecom,North America,Oscilloscopes,Event,"['Whitepaper_Download_5G_Test', 'Customer']",1
L006824,Laura Chen,,Semiconductor,,Automotive Ethernet,LinkedIn,"['Keysight_University_Course', 'SQL', 'Keysight_University_Course', 'Oscilloscope_Selector_Tool', 'No_Conversion']",0
L006825,Sofia Tanaka,Samsu_Tech,,,,LinkedIn,"['Loaner_Unit_Evaluation', 'SQL', 'IMS_Badge_Scan', 'MQL', 'PathWave_Trial_Request', 'No_Conversion']",0
L006826,Ravi Khan,,Telecom,LATAM,Oscilloscopes,Event,"['Opportunity', 'IMS_Badge_Scan', 'Website_Product_Page', 'SQL', 'Keysight_University_Course', 'DesignCon_Booth_Visit', 'Keysight_Workshop_RF_Testing', 'Loaner_Unit_Evaluation', 'Customer']",1
L006827,Hiroshi Anders,Infineon,,APAC,Oscilloscopes,Event,"['Oscilloscope_Selector_Tool', 'Loaner_Unit_Evaluation', 'Customer']",1
L006828,Sarah Khan,Rayth_Tech,Semiconductor,North America,Automotive Ethernet,Website,"['Website_Product_Page', 'Loaner_Unit_Evaluation', 'Website_Product_Page', 'IMS_Badge_Scan', 'Loaner_Unit_Evaluation', 'Oscilloscope_Selector_Tool', 'Application_Engineer_Call', 'LinkedIn_Ad_Click', 'Application_Engineer_Call', 'Whitepaper_Download_5G_Test', 'No_Conversion']",0
L006829,Maria Martinez,Samsu_Tech,,LATAM,,LinkedIn,"['Opportunity', 'Loaner_Unit_Evaluation', 'Opportunity', 'Customer']",1
L006830,Ahmed Khan,Qualc_Tech,Semiconductor,LATAM,PathWave Software,Webinar,"['Keysight_University_Course', 'AutoSens_Tech_Talk', 'AutoSens_Tech_Talk', 'Oscilloscope_Selector_Tool', 'Keysight_Workshop_RF_Testing', 'No_Conversion']",0
L006831,Priya Williams,Tesla Energy GmbH,,North America,,Webinar,['Customer'],1
L006832,Kenji Khan,Bosch GmbH,Automotive,APAC,,Email Campaign,"['Application_Engineer_Call', 'No_Conversion']",0
L006833,,Meta Connectivity Labs,Automotive,North America,PathWave Software,,"['Keysight_Workshop_RF_Testing', 'Keysight_University_Course', 'Oscilloscope_Selector_Tool', 'Oscilloscope_Selector_Tool', 'Loaner_Unit_Evaluation', 'Customer']",1
L006834,Sofia Garcia,Tesla Energy GmbH,,LATAM,Oscilloscopes,Sales Outreach,"['MQL', 'Technical_Demo', 'Oscilloscope_Selector_Tool', 'IMS_Badge_Scan', 'Customer']",1
L006835,Maria Tanaka,Raytheon,,APAC,Oscilloscopes,Sales Outreach,"['Oscilloscope_Selector_Tool', 'SQL', 'PathWave_Trial_Request', 'No_Conversion']",0
L006836,Maria Johnson,NXPSe_Tech,,APAC,,Webinar,"['DesignCon_Booth_Visit', 'SQL', 'Keysight_Workshop_RF_Testing', 'AutoSens_Tech_Talk', 'MQL', 'Oscilloscope_Selector_Tool', 'Lab_Integration_Discussion', 'SQL', 'Keysight_University_Course', 'Customer']",1
L006837,Priya Chen,Broad_Tech,,Europe,PathWave Software,Email Campaign,['Customer'],1
L006838,Sofia Lee,Tesla Energy GmbH,Electronics,,5G Testbeds,Website,"['SQL', 'Lab_Integration_Discussion', 'LinkedIn_Ad_Click', 'Whitepaper_Download_5G_Test', 'Customer']",1
L006839,Sarah Khan,Raytheon GmbH,Telecom,North America,,LinkedIn,"['Keysight_University_Course', 'Oscilloscope_Selector_Tool', 'Lab_Integration_Discussion', 'Customer']",1
L006840,Daniel Lee,,Automotive,LATAM,PathWave Software,Email Campaign,['No_Conversion'],0
L006841,Hiroshi Chen,,,,,Email Campaign,"['LinkedIn_Ad_Click', 'Oscilloscope_Selector_Tool', 'Whitepaper_Download_5G_Test', 'No_Conversion']",0
L006842,Ravi Ito,NXPSe_Tech,Electronics,LATAM,,Email Campaign,"['Loaner_Unit_Evaluation', 'Lab_Integration_Discussion', 'Keysight_University_Course', 'Website_Product_Page', 'Whitepaper_Download_5G_Test', 'No_Conversion']",0
L006843,Daniel Patel,Qualcomm,,,Oscilloscopes,LinkedIn,"['PathWave_Trial_Request', 'MQL', 'Opportunity', 'Oscilloscope_Selector_Tool', 'Website_Product_Page', 'No_Conversion']",0
L006844,Priya Singh,Broadcom GmbH,Aerospace,North America,,,"['MQL', 'Keysight_University_Course', 'Application_Engineer_Call', 'Technical_Demo', 'No_Conversion']",0
L006845,Ravi Chen,Samsung Electronics GmbH,,Europe,PathWave Software,,"['Loaner_Unit_Evaluation', 'No_Conversion']",0
L006846,Ravi Singh,Samsung Electronics,,Europe,,LinkedIn,"['Keysight_Workshop_RF_Testing', 'Oscilloscope_Selector_Tool', 'PathWave_Trial_Request', 'Oscilloscope_Selector_Tool', 'PathWave_Trial_Request', 'Customer']",1
L006847,Maria Chen,Raytheon,,North America,Oscilloscopes,Webinar,"['MQL', 'Website_Product_Page', 'IMS_Badge_Scan', 'No_Conversion']",0
L006848,Kenji Ito,,Automotive,LATAM,,Website,"['LinkedIn_Ad_Click', 'Keysight_Workshop_RF_Testing', 'Website_Product_Page', 'Oscilloscope_Selector_Tool', 'MQL', 'MQL', 'LinkedIn_Ad_Click', 'IMS_Badge_Scan', 'SQL', 'Whitepaper_Download_5G_Test', 'Customer']",1
L006849,Laura Lee,,Automotive,LATAM,,Webinar,"['AutoSens_Tech_Talk', 'No_Conversion']",0
L006850,Chen Anders,Meta Connectivity Labs,Electronics,APAC,5G Testbeds,,"['Loaner_Unit_Evaluation', 'MQL', 'Whitepaper_Download_5G_Test', 'PathWave_Trial_Request', 'LinkedIn_Ad_Click', 'Lab_Integration_Discussion', 'No_Conversion']",0
L006851,Michael Williams,Meta Connectivity Labs GmbH,Telecom,,,Sales Outreach,"['Application_Engineer_Call', 'Website_Product_Page', 'No_Conversion']",0
L006852,Sarah Singh,,Aerospace,,,LinkedIn,['Customer'],1
L006853,Laura Khan,Tesla_Tech,,North America,Oscilloscopes,Event,"['Oscilloscope_Selector_Tool', 'Keysight_Workshop_RF_Testing', 'DesignCon_Booth_Visit', 'Keysight_University_Course', 'LinkedIn_Ad_Click', 'Customer']",1
L006854,Ravi Ito,Sony_Tech,Electronics,APAC,,Event,"['SQL', 'LinkedIn_Ad_Click', 'No_Conversion']",0
L006855,Sarah Patel,Bosch GmbH,Electronics,Europe,PathWave Software,Email Campaign,"['Keysight_University_Course', 'Keysight_Workshop_RF_Testing', 'SQL', 'SQL', 'MQL', 'Lab_Integration_Discussion', 'Technical_Demo', 'SQL', 'Application_Engineer_Call', 'Customer']",1
L006856,Laura Lee,Samsung Electronics GmbH,Telecom,North America,Automotive Ethernet,LinkedIn,"['AutoSens_Tech_Talk', 'Whitepaper_Download_5G_Test', 'Website_Product_Page', 'Lab_Integration_Discussion', 'No_Conversion']",0
L006857,Maria Lee,,Semiconductor,APAC,Automotive Ethernet,Sales Outreach,"['Technical_Demo', 'AutoSens_Tech_Talk', 'Keysight_Workshop_RF_Testing', 'Oscilloscope_Selector_Tool', 'Customer']",1
L006858,Ravi Anders,,Electronics,APAC,,Webinar,"['PathWave_Trial_Request', 'SQL', 'PathWave_Trial_Request', 'DesignCon_Booth_Visit', 'Loaner_Unit_Evaluation', 'Customer']",1
L006859,,Samsu_Tech,,Europe,5G Testbeds,,"['Application_Engineer_Call', 'AutoSens_Tech_Talk', 'Whitepaper_Download_5G_Test', 'PathWave_Trial_Request', 'Keysight_University_Course', 'Customer']",1
L006860,,Broad_Tech,Telecom,,5G Testbeds,,['No_Conversion'],0
L006861,Michael Martinez,Tesla Energy GmbH,Telecom,,PathWave Software,Sales Outreach,"['SQL', 'No_Conversion']",0
L006862,Sarah Johnson,Sony_Tech,,APAC,5G Testbeds,Sales Outreach,"['AutoSens_Tech_Talk', 'AutoSens_Tech_Talk', 'Technical_Demo', 'No_Conversion']",0
L006863,Sofia Lee,Infin_Tech,Automotive,,Oscilloscopes,Sales Outreach,"['Application_Engineer_Call', 'DesignCon_Booth_Visit', 'No_Conversion']",0
L006864,Ravi Williams,Tesla Energy GmbH,Electronics,Europe,,Webinar,"['Keysight_University_Course', 'Lab_Integration_Discussion', 'No_Conversion']",0
L006865,Hiroshi Johnson,MetaC_Tech,Semiconductor,,,LinkedIn,"['SQL', 'Oscilloscope_Selector_Tool', 'Lab_Integration_Discussion', 'Website_Product_Page', 'SQL', 'Customer']",1
L006866,Laura Ito,Sony,,APAC,PathWave Software,Sales Outreach,['Customer'],1
L006867,Maria Khan,Samsung Electronics GmbH,Automotive,North America,Oscilloscopes,,"['Keysight_Workshop_RF_Testing', 'Customer']",1
L006868,Ravi Tanaka,Infineon GmbH,Semiconductor,LATAM,Oscilloscopes,Event,"['AutoSens_Tech_Talk', 'Oscilloscope_Selector_Tool', 'SQL', 'AutoSens_Tech_Talk', 'Opportunity', 'LinkedIn_Ad_Click', 'Loaner_Unit_Evaluation', 'Keysight_Workshop_RF_Testing', 'Keysight_Workshop_RF_Testing', 'Whitepaper_Download_5G_Test', 'Customer']",1
L006869,Hiroshi Chen,Raytheon GmbH,Telecom,,5G Testbeds,,"['Keysight_University_Course', 'AutoSens_Tech_Talk', 'Technical_Demo', 'AutoSens_Tech_Talk', 'AutoSens_Tech_Talk', 'DesignCon_Booth_Visit', 'Keysight_University_Course', 'No_Conversion']",0
L006870,Chen Khan,Tesla Energy GmbH,Electronics,LATAM,5G Testbeds,Sales Outreach,"['Opportunity', 'LinkedIn_Ad_Click', 'Website_Product_Page', 'Keysight_Workshop_RF_Testing', 'IMS_Badge_Scan', 'IMS_Badge_Scan', 'PathWave_Trial_Request', 'Keysight_Workshop_RF_Testing', 'Customer']",1
L006871,Ravi Khan,Broadcom GmbH,Aerospace,,,Website,"['Application_Engineer_Call', 'IMS_Badge_Scan', 'DesignCon_Booth_Visit', 'AutoSens_Tech_Talk', 'Lab_Integration_Discussion', 'Application_Engineer_Call', 'No_Conversion']",0
L006872,Hiroshi Anders,Samsung Electronics,Automotive,Europe,,Website,"['SQL', 'Keysight_Workshop_RF_Testing', 'LinkedIn_Ad_Click', 'IMS_Badge_Scan', 'SQL', 'AutoSens_Tech_Talk', 'Opportunity', 'No_Conversion']",0
L006873,Maria Martinez,Qualc_Tech,Electronics,North America,Automotive Ethernet,Event,"['Loaner_Unit_Evaluation', 'No_Conversion']",0
L006874,Maria Williams,Sony,Aerospace,,,Event,"['Whitepaper_Download_5G_Test', 'Application_Engineer_Call', 'DesignCon_Booth_Visit', 'Keysight_Workshop_RF_Testing', 'PathWave_Trial_Request', 'No_Conversion']",0
L006875,Sofia Khan,Bosch GmbH,Aerospace,,,LinkedIn,"['Technical_Demo', 'IMS_Badge_Scan', 'PathWave_Trial_Request', 'AutoSens_Tech_Talk', 'Opportunity', 'AutoSens_Tech_Talk', 'Opportunity', 'Technical_Demo', 'No_Conversion']",0
L006876,Laura Garcia,Samsu_Tech,Electronics,North America,Oscilloscopes,Event,"['Loaner_Unit_Evaluation', 'Customer']",1
L006877,Laura Williams,MetaC_Tech,,North America,5G Testbeds,Sales Outreach,"['Website_Product_Page', 'AutoSens_Tech_Talk', 'Technical_Demo', 'Customer']",1
L006878,Chen Ito,NXP Semiconductors GmbH,Automotive,Europe,Oscilloscopes,,"['Technical_Demo', 'Whitepaper_Download_5G_Test', 'Technical_Demo', 'Keysight_Workshop_RF_Testing', 'SQL', 'Loaner_Unit_Evaluation', 'Application_Engineer_Call', 'IMS_Badge_Scan', 'Customer']",1
L006879,Kenji Johnson,Infineon,Aerospace,APAC,5G Testbeds,Sales Outreach,"['Website_Product_Page', 'Application_Engineer_Call', 'Loaner_Unit_Evaluation', 'Customer']",1
L006880,Sofia Martinez,NXP Semiconductors,,North America,,,"['Application_Engineer_Call', 'Opportunity', 'Application_Engineer_Call', 'DesignCon_Booth_Visit', 'No_Conversion']",0
L006881,Ravi Lee,Rayth_Tech,Semiconductor,LATAM,Automotive Ethernet,Sales Outreach,"['SQL', 'MQL', 'PathWave_Trial_Request', 'Loaner_Unit_Evaluation', 'Technical_Demo', 'Oscilloscope_Selector_Tool', 'Customer']",1
L006882,Daniel Anders,Tesla_Tech,,Europe,5G Testbeds,Website,"['Website_Product_Page', 'MQL', 'AutoSens_Tech_Talk', 'LinkedIn_Ad_Click', 'MQL', 'IMS_Badge_Scan', 'Whitepaper_Download_5G_Test', 'AutoSens_Tech_Talk', 'Customer']",1
L006883,Maria Tanaka,,,APAC,,Website,['Customer'],1
L006884,Sarah Williams,Raytheon,,Europe,PathWave Software,Event,"['PathWave_Trial_Request', 'SQL', 'DesignCon_Booth_Visit', 'Whitepaper_Download_5G_Test', 'AutoSens_Tech_Talk', 'Website_Product_Page', 'Whitepaper_Download_5G_Test', 'No_Conversion']",0
L006885,Daniel Williams,Broadcom GmbH,Telecom,LATAM,5G Testbeds,Email Campaign,"['Oscilloscope_Selector_Tool', 'Keysight_Workshop_RF_Testing', 'Website_Product_Page', 'Lab_Integration_Discussion', 'No_Conversion']",0
L006886,Kenji Lee,Sony_Tech,,APAC,PathWave Software,Sales Outreach,"['PathWave_Trial_Request', 'Application_Engineer_Call', 'SQL', 'Whitepaper_Download_5G_Test', 'PathWave_Trial_Request', 'SQL', 'Opportunity', 'Keysight_Workshop_RF_Testing', 'Customer']",1
L006887,Sarah Singh,NXPSe_Tech,Telecom,APAC,Oscilloscopes,Website,"['Technical_Demo', 'LinkedIn_Ad_Click', 'Customer']",1
L006888,Laura Anders,,,Europe,,LinkedIn,"['LinkedIn_Ad_Click', 'Keysight_Workshop_RF_Testing', 'Whitepaper_Download_5G_Test', 'Customer']",1
L006889,,,Electronics,APAC,PathWave Software,LinkedIn,"['LinkedIn_Ad_Click', 'AutoSens_Tech_Talk', 'Keysight_Workshop_RF_Testing', 'Website_Product_Page', 'No_Conversion']",0
L006890,Ravi Lee,,Telecom,,PathWave Software,,['Customer'],1
L006891,Sofia Garcia,Infin_Tech,,LATAM,,Sales Outreach,"['SQL', 'Lab_Integration_Discussion', 'SQL', 'No_Conversion']",0
L006892,Laura Patel,Raytheon,Electronics,LATAM,,Event,"['Application_Engineer_Call', 'AutoSens_Tech_Talk', 'Customer']",1
L006893,,,,APAC,5G Testbeds,Email Campaign,"['IMS_Badge_Scan', 'SQL', 'PathWave_Trial_Request', 'DesignCon_Booth_Visit', 'Application_Engineer_Call', 'AutoSens_Tech_Talk', 'Application_Engineer_Call', 'Oscilloscope_Selector_Tool', 'SQL', 'AutoSens_Tech_Talk', 'No_Conversion']",0
L006894,Laura Martinez,NXP Semiconductors GmbH,Electronics,LATAM,Automotive Ethernet,,"['Keysight_University_Course', 'PathWave_Trial_Request', 'Application_Engineer_Call', 'Keysight_University_Course', 'Opportunity', 'No_Conversion']",0
L006895,Daniel Anders,Bosch GmbH,Aerospace,LATAM,,Event,"['AutoSens_Tech_Talk', 'LinkedIn_Ad_Click', 'Website_Product_Page', 'Technical_Demo', 'Application_Engineer_Call', 'IMS_Badge_Scan', 'No_Conversion']",0
L006896,Daniel Anders,,,APAC,PathWave Software,Webinar,"['Keysight_University_Course', 'Lab_Integration_Discussion', 'No_Conversion']",0
L006897,Ravi Williams,NXP Semiconductors GmbH,Semiconductor,LATAM,,,"['Application_Engineer_Call', 'Oscilloscope_Selector_Tool', 'No_Conversion']",0
L006898,Ahmed Williams,Qualcomm GmbH,,,Automotive Ethernet,Email Campaign,"['Oscilloscope_Selector_Tool', 'AutoSens_Tech_Talk', 'Keysight_University_Course', 'Loaner_Unit_Evaluation', 'Lab_Integration_Discussion', 'Lab_Integration_Discussion', 'DesignCon_Booth_Visit', 'Website_Product_Page', 'No_Conversion']",0
L006899,Ravi Johnson,Tesla_Tech,Automotive,Europe,,Email Campaign,"['AutoSens_Tech_Talk', 'PathWave_Trial_Request', 'Application_Engineer_Call', 'Whitepaper_Download_5G_Test', 'Whitepaper_Download_5G_Test', 'Lab_Integration_Discussion', 'DesignCon_Booth_Visit', 'DesignCon_Booth_Visit', 'No_Conversion']",0
L006900,Sarah Singh,,Automotive,LATAM,Oscilloscopes,Webinar,['Customer'],1
L006901,,,,Europe,5G Testbeds,Event,['No_Conversion'],0
L006902,Hiroshi Patel,,Semiconductor,LATAM,,,"['Technical_Demo', 'Application_Engineer_Call', 'Website_Product_Page', 'Lab_Integration_Discussion', 'MQL', 'No_Conversion']",0
L006903,Laura Williams,Samsung Electronics GmbH,Semiconductor,APAC,Automotive Ethernet,,"['Lab_Integration_Discussion', 'IMS_Badge_Scan', 'Whitepaper_Download_5G_Test', 'Opportunity', 'PathWave_Trial_Request', 'Customer']",1
L006904,Sofia Anders,Sony GmbH,,,,,"['Oscilloscope_Selector_Tool', 'MQL', 'No_Conversion']",0
L006905,Ahmed Johnson,Broadcom,Automotive,,Oscilloscopes,Webinar,['No_Conversion'],0
L006906,Daniel Williams,,Telecom,APAC,PathWave Software,Webinar,"['Whitepaper_Download_5G_Test', 'PathWave_Trial_Request', 'Whitepaper_Download_5G_Test', 'IMS_Badge_Scan', 'IMS_Badge_Scan', 'Whitepaper_Download_5G_Test', 'Customer']",1
L006907,Daniel Chen,NXPSe_Tech,Automotive,Europe,,Sales Outreach,"['AutoSens_Tech_Talk', 'PathWave_Trial_Request', 'Application_Engineer_Call', 'No_Conversion']",0
L006908,Priya Chen,Bosch_Tech,,Europe,5G Testbeds,LinkedIn,"['PathWave_Trial_Request', 'No_Conversion']",0
L006909,Kenji Tanaka,Qualc_Tech,Automotive,APAC,5G Testbeds,,"['LinkedIn_Ad_Click', 'AutoSens_Tech_Talk', 'AutoSens_Tech_Talk', 'Keysight_University_Course', 'SQL', 'Lab_Integration_Discussion', 'IMS_Badge_Scan', 'IMS_Badge_Scan', 'Keysight_University_Course', 'Customer']",1
L006910,Chen Johnson,Infin_Tech,Telecom,APAC,,Sales Outreach,"['SQL', 'IMS_Badge_Scan', 'No_Conversion']",0
L006911,Laura Ito,,Electronics,Europe,,Sales Outreach,"['Technical_Demo', 'Opportunity', 'MQL', 'Loaner_Unit_Evaluation', 'Whitepaper_Download_5G_Test', 'Technical_Demo', 'SQL', 'IMS_Badge_Scan', 'Website_Product_Page', 'Oscilloscope_Selector_Tool', 'Customer']",1
L006912,Priya Patel,NXP Semiconductors,Semiconductor,LATAM,,,"['Technical_Demo', 'AutoSens_Tech_Talk', 'Keysight_Workshop_RF_Testing', 'Lab_Integration_Discussion', 'No_Conversion']",0
L006913,,,Automotive,LATAM,,Sales Outreach,"['IMS_Badge_Scan', 'Lab_Integration_Discussion', 'Keysight_Workshop_RF_Testing', 'AutoSens_Tech_Talk', 'No_Conversion']",0
L006914,Ahmed Johnson,,Semiconductor,,PathWave Software,Sales Outreach,"['PathWave_Trial_Request', 'Whitepaper_Download_5G_Test', 'DesignCon_Booth_Visit', 'Opportunity', 'Opportunity', 'Lab_Integration_Discussion', 'Opportunity', 'Customer']",1
L006915,Hiroshi Garcia,Qualc_Tech,,,PathWave Software,LinkedIn,"['SQL', 'LinkedIn_Ad_Click', 'LinkedIn_Ad_Click', 'DesignCon_Booth_Visit', 'Customer']",1
L006916,Maria Chen,Bosch_Tech,Semiconductor,APAC,,Sales Outreach,"['Website_Product_Page', 'No_Conversion']",0
L006917,Priya Johnson,,,APAC,5G Testbeds,Event,"['Keysight_Workshop_RF_Testing', 'Loaner_Unit_Evaluation', 'MQL', 'No_Conversion']",0
L006918,Sarah Ito,,Automotive,Europe,Oscilloscopes,Event,"['AutoSens_Tech_Talk', 'IMS_Badge_Scan', 'Keysight_University_Course', 'No_Conversion']",0
L006919,,,Automotive,,,Event,"['PathWave_Trial_Request', 'Application_Engineer_Call', 'Keysight_Workshop_RF_Testing', 'Oscilloscope_Selector_Tool', 'Lab_Integration_Discussion', 'Oscilloscope_Selector_Tool', 'Loaner_Unit_Evaluation', 'No_Conversion']",0
L006920,Kenji Patel,NXP Semiconductors GmbH,Semiconductor,,,Sales Outreach,['Customer'],1
L006921,Sofia Singh,Infineon,,North America,Oscilloscopes,,"['LinkedIn_Ad_Click', 'Keysight_University_Course', 'IMS_Badge_Scan', 'DesignCon_Booth_Visit', 'Website_Product_Page', 'IMS_Badge_Scan', 'Technical_Demo', 'Oscilloscope_Selector_Tool', 'No_Conversion']",0
L006922,Michael Martinez,,,APAC,,Event,['No_Conversion'],0
L006923,Kenji Singh,Sony,Electronics,,Oscilloscopes,Email Campaign,"['Website_Product_Page', 'Website_Product_Page', 'No_Conversion']",0
L006924,Kenji Lee,,Automotive,Europe,PathWave Software,Webinar,"['PathWave_Trial_Request', 'Keysight_Workshop_RF_Testing', 'Website_Product_Page', 'Lab_Integration_Discussion', 'Keysight_Workshop_RF_Testing', 'Opportunity', 'Opportunity', 'Technical_Demo', 'Application_Engineer_Call', 'Customer']",1
L006925,Hiroshi Garcia,,Automotive,LATAM,Oscilloscopes,Email Campaign,"['MQL', 'No_Conversion']",0
L006926,Kenji Tanaka,Raytheon,Aerospace,Europe,,,"['Loaner_Unit_Evaluation', 'Opportunity', 'SQL', 'Application_Engineer_Call', 'Opportunity', 'No_Conversion']",0
L006927,Ravi Tanaka,Infineon,Electronics,,,Event,"['SQL', 'Loaner_Unit_Evaluation', 'Website_Product_Page', 'Lab_Integration_Discussion', 'Oscilloscope_Selector_Tool', 'DesignCon_Booth_Visit', 'DesignCon_Booth_Visit', 'SQL', 'Customer']",1
L006928,Chen Anders,Samsung Electronics GmbH,,LATAM,5G Testbeds,Email Campaign,"['Lab_Integration_Discussion', 'LinkedIn_Ad_Click', 'No_Conversion']",0
L006929,Laura Tanaka,NXP Semiconductors,Aerospace,Europe,Oscilloscopes,Email Campaign,"['Lab_Integration_Discussion', 'PathWave_Trial_Request', 'Website_Product_Page', 'Application_Engineer_Call', 'Website_Product_Page', 'Website_Product_Page', 'No_Conversion']",0
L006930,Sofia Chen,Samsu_Tech,Telecom,,,Sales Outreach,"['LinkedIn_Ad_Click', 'Website_Product_Page', 'LinkedIn_Ad_Click', 'DesignCon_Booth_Visit', 'Oscilloscope_Selector_Tool', 'No_Conversion']",0
L006931,Michael Williams,NXP Semiconductors GmbH,,APAC,Oscilloscopes,Sales Outreach,"['LinkedIn_Ad_Click', 'Whitepaper_Download_5G_Test', 'DesignCon_Booth_Visit', 'AutoSens_Tech_Talk', 'Loaner_Unit_Evaluation', 'PathWave_Trial_Request', 'MQL', 'Customer']",1
L006932,Michael Khan,,Electronics,APAC,,LinkedIn,"['DesignCon_Booth_Visit', 'AutoSens_Tech_Talk', 'LinkedIn_Ad_Click', 'Keysight_Workshop_RF_Testing', 'No_Conversion']",0
L006933,Kenji Chen,NXPSe_Tech,Automotive,APAC,,Website,"['Loaner_Unit_Evaluation', 'DesignCon_Booth_Visit', 'MQL', 'Customer']",1
L006934,Kenji Tanaka,,Telecom,Europe,PathWave Software,LinkedIn,"['Technical_Demo', 'Keysight_University_Course', 'Website_Product_Page', 'MQL', 'MQL', 'No_Conversion']",0
L006935,Michael Khan,Meta Connectivity Labs GmbH,,,5G Testbeds,Webinar,"['IMS_Badge_Scan', 'DesignCon_Booth_Visit', 'PathWave_Trial_Request', 'Application_Engineer_Call', 'No_Conversion']",0
L006936,Laura Patel,NXPSe_Tech,,Europe,5G Testbeds,Sales Outreach,"['MQL', 'Oscilloscope_Selector_Tool', 'Opportunity', 'Website_Product_Page', 'No_Conversion']",0
L006937,Sarah Ito,,Electronics,APAC,PathWave Software,Sales Outreach,"['PathWave_Trial_Request', 'Lab_Integration_Discussion', 'DesignCon_Booth_Visit', 'MQL', 'Opportunity', 'No_Conversion']",0
L006938,Hiroshi Williams,Bosch GmbH,,,5G Testbeds,Event,"['Opportunity', 'AutoSens_Tech_Talk', 'Whitepaper_Download_5G_Test', 'Loaner_Unit_Evaluation', 'No_Conversion']",0
L006939,Ravi Chen,Raytheon GmbH,Semiconductor,North America,5G Testbeds,LinkedIn,"['Oscilloscope_Selector_Tool', 'Application_Engineer_Call', 'Loaner_Unit_Evaluation', 'SQL', 'DesignCon_Booth_Visit', 'Customer']",1
L006940,Kenji Lee,Raytheon GmbH,Semiconductor,LATAM,,Event,"['Website_Product_Page', 'Website_Product_Page', 'SQL', 'Lab_Integration_Discussion', 'Customer']",1
L006941,Sarah Singh,,Electronics,APAC,,Sales Outreach,"['Oscilloscope_Selector_Tool', 'Website_Product_Page', 'SQL', 'Technical_Demo', 'Technical_Demo', 'DesignCon_Booth_Visit', 'LinkedIn_Ad_Click', 'SQL', 'AutoSens_Tech_Talk', 'No_Conversion']",0
L006942,Hiroshi Anders,Bosch GmbH,Aerospace,APAC,PathWave Software,Email Campaign,"['MQL', 'MQL', 'Customer']",1
L006943,Hiroshi Lee,,Electronics,,Oscilloscopes,Website,"['DesignCon_Booth_Visit', 'LinkedIn_Ad_Click', 'Keysight_University_Course', 'No_Conversion']",0
L006944,Michael Williams,Samsung Electronics GmbH,Aerospace,,PathWave Software,LinkedIn,['No_Conversion'],0
L006945,,Tesla Energy,,APAC,,,"['Lab_Integration_Discussion', 'Application_Engineer_Call', 'No_Conversion']",0
L006946,Kenji Garcia,Broadcom GmbH,Telecom,APAC,PathWave Software,,"['Whitepaper_Download_5G_Test', 'SQL', 'AutoSens_Tech_Talk', 'No_Conversion']",0
L006947,Sofia Anders,Tesla Energy,Semiconductor,North America,Automotive Ethernet,Event,"['Loaner_Unit_Evaluation', 'Loaner_Unit_Evaluation', 'Keysight_Workshop_RF_Testing', 'Whitepaper_Download_5G_Test', 'Lab_Integration_Discussion', 'MQL', 'Customer']",1
L006948,Laura Lee,,Aerospace,North America,Automotive Ethernet,Webinar,"['Loaner_Unit_Evaluation', 'Customer']",1
L006949,Hiroshi Anders,Rayth_Tech,Aerospace,,Oscilloscopes,Website,['No_Conversion'],0
L006950,Sofia Ito,Sony,Automotive,North America,,Website,"['DesignCon_Booth_Visit', 'No_Conversion']",0
L006951,Daniel Ito,NXP Semiconductors,,,Automotive Ethernet,Webinar,"['Application_Engineer_Call', 'Application_Engineer_Call', 'Whitepaper_Download_5G_Test', 'Lab_Integration_Discussion', 'Website_Product_Page', 'No_Conversion']",0
L006952,Kenji Tanaka,Broadcom GmbH,Aerospace,Europe,5G Testbeds,LinkedIn,"['IMS_Badge_Scan', 'Application_Engineer_Call', 'Loaner_Unit_Evaluation', 'Keysight_University_Course', 'Keysight_Workshop_RF_Testing', 'IMS_Badge_Scan', 'AutoSens_Tech_Talk', 'Customer']",1
L006953,,Tesla_Tech,,,,Webinar,"['Keysight_University_Course', 'MQL', 'SQL', 'Oscilloscope_Selector_Tool', 'Customer']",1
L006954,Daniel Martinez,,Semiconductor,APAC,,,"['IMS_Badge_Scan', 'PathWave_Trial_Request', 'Technical_Demo', 'No_Conversion']",0
L006955,Michael Tanaka,Bosch_Tech,,North America,5G Testbeds,Email Campaign,"['Whitepaper_Download_5G_Test', 'IMS_Badge_Scan', 'Website_Product_Page', 'No_Conversion']",0
L006956,Priya Tanaka,,Semiconductor,,,Event,"['IMS_Badge_Scan', 'No_Conversion']",0
L006957,Ahmed Chen,NXP Semiconductors,,LATAM,,Event,"['LinkedIn_Ad_Click', 'Keysight_Workshop_RF_Testing', 'Customer']",1
L006958,Priya Martinez,Samsung Electronics GmbH,Automotive,APAC,PathWave Software,,"['PathWave_Trial_Request', 'IMS_Badge_Scan', 'Keysight_University_Course', 'Keysight_University_Course', 'Keysight_Workshop_RF_Testing', 'LinkedIn_Ad_Click', 'Application_Engineer_Call', 'LinkedIn_Ad_Click', 'No_Conversion']",0
L006959,Kenji Williams,,Telecom,APAC,Automotive Ethernet,Webinar,"['Keysight_University_Course', 'IMS_Badge_Scan', 'AutoSens_Tech_Talk', 'Website_Product_Page', 'Customer']",1
L006960,,NXP Semiconductors GmbH,Semiconductor,,PathWave Software,,"['Whitepaper_Download_5G_Test', 'LinkedIn_Ad_Click', 'DesignCon_Booth_Visit', 'Loaner_Unit_Evaluation', 'No_Conversion']",0
L006961,Maria Singh,Bosch,,LATAM,,Email Campaign,"['Keysight_Workshop_RF_Testing', 'SQL', 'Keysight_Workshop_RF_Testing', 'PathWave_Trial_Request', 'Technical_Demo', 'Application_Engineer_Call', 'Whitepaper_Download_5G_Test', 'AutoSens_Tech_Talk', 'Customer']",1
L006962,Ravi Ito,Infineon GmbH,,North America,Oscilloscopes,Webinar,"['SQL', 'IMS_Badge_Scan', 'No_Conversion']",0
L006963,Daniel Lee,Tesla_Tech,Telecom,Europe,,Website,"['PathWave_Trial_Request', 'Oscilloscope_Selector_Tool', 'Whitepaper_Download_5G_Test', 'AutoSens_Tech_Talk', 'PathWave_Trial_Request', 'Opportunity', 'Keysight_University_Course', 'Keysight_Workshop_RF_Testing', 'Customer']",1
L006964,Maria Tanaka,NXP Semiconductors,Semiconductor,Europe,Automotive Ethernet,Webinar,"['Website_Product_Page', 'DesignCon_Booth_Visit', 'PathWave_Trial_Request', 'DesignCon_Booth_Visit', 'Keysight_Workshop_RF_Testing', 'Opportunity', 'SQL', 'No_Conversion']",0
L006965,Maria Garcia,Samsung Electronics,Electronics,Europe,Oscilloscopes,Event,"['Whitepaper_Download_5G_Test', 'Keysight_University_Course', 'AutoSens_Tech_Talk', 'LinkedIn_Ad_Click', 'No_Conversion']",0
L006966,Sarah Tanaka,Meta Connectivity Labs,Electronics,APAC,Automotive Ethernet,Sales Outreach,"['Oscilloscope_Selector_Tool', 'Loaner_Unit_Evaluation', 'Keysight_University_Course', 'Customer']",1
L006967,Kenji Singh,Qualcomm GmbH,,Europe,PathWave Software,Email Campaign,"['AutoSens_Tech_Talk', 'IMS_Badge_Scan', 'Website_Product_Page', 'SQL', 'Whitepaper_Download_5G_Test', 'No_Conversion']",0
L006968,Sarah Garcia,,Electronics,APAC,,LinkedIn,"['IMS_Badge_Scan', 'Lab_Integration_Discussion', 'Keysight_Workshop_RF_Testing', 'IMS_Badge_Scan', 'Opportunity', 'LinkedIn_Ad_Click', 'Keysight_Workshop_RF_Testing', 'Customer']",1
L006969,Daniel Williams,,Aerospace,APAC,Oscilloscopes,Event,"['Oscilloscope_Selector_Tool', 'Technical_Demo', 'Opportunity', 'Loaner_Unit_Evaluation', 'Customer']",1
L006970,Sarah Patel,,,Europe,Oscilloscopes,Webinar,"['Technical_Demo', 'IMS_Badge_Scan', 'LinkedIn_Ad_Click', 'Customer']",1
L006971,Ahmed Martinez,NXP Semiconductors,Telecom,North America,,Event,"['AutoSens_Tech_Talk', 'IMS_Badge_Scan', 'Lab_Integration_Discussion', 'Lab_Integration_Discussion', 'AutoSens_Tech_Talk', 'PathWave_Trial_Request', 'Customer']",1
L006972,Chen Chen,Tesla Energy,,,,,"['MQL', 'Website_Product_Page', 'AutoSens_Tech_Talk', 'No_Conversion']",0
L006973,Ravi Tanaka,Bosch,,LATAM,,Event,"['Keysight_University_Course', 'DesignCon_Booth_Visit', 'No_Conversion']",0
L006974,Kenji Khan,Tesla Energy,Electronics,,PathWave Software,Email Campaign,"['Opportunity', 'MQL', 'Lab_Integration_Discussion', 'No_Conversion']",0
L006975,,Raytheon GmbH,,,Oscilloscopes,Webinar,['Customer'],1
L006976,Michael Chen,Bosch,Telecom,LATAM,PathWave Software,,"['Whitepaper_Download_5G_Test', 'Website_Product_Page', 'Keysight_Workshop_RF_Testing', 'No_Conversion']",0
L006977,Chen Martinez,Qualcomm GmbH,,,5G Testbeds,LinkedIn,['No_Conversion'],0
L006978,Laura Ito,Bosch GmbH,Aerospace,APAC,Automotive Ethernet,,"['Website_Product_Page', 'LinkedIn_Ad_Click', 'SQL', 'Application_Engineer_Call', 'PathWave_Trial_Request', 'Keysight_University_Course', 'Loaner_Unit_Evaluation', 'No_Conversion']",0
L006979,Kenji Ito,Tesla Energy,,,Automotive Ethernet,Sales Outreach,"['Opportunity', 'MQL', 'Application_Engineer_Call', 'Technical_Demo', 'Oscilloscope_Selector_Tool', 'IMS_Badge_Scan', 'AutoSens_Tech_Talk', 'Application_Engineer_Call', 'IMS_Badge_Scan', 'Oscilloscope_Selector_Tool', 'Customer']",1
L006980,,Samsu_Tech,Semiconductor,North America,Oscilloscopes,Event,"['Keysight_University_Course', 'Oscilloscope_Selector_Tool', 'MQL', 'Opportunity', 'Keysight_University_Course', 'IMS_Badge_Scan', 'Website_Product_Page', 'Oscilloscope_Selector_Tool', 'Application_Engineer_Call', 'No_Conversion']",0
L006981,,MetaC_Tech,,Europe,,Event,"['Keysight_University_Course', 'Whitepaper_Download_5G_Test', 'No_Conversion']",0
L006982,,NXP Semiconductors,Aerospace,North America,,Website,"['SQL', 'Technical_Demo', 'Customer']",1
L006983,Ravi Khan,Sony,Automotive,Europe,5G Testbeds,Website,"['Lab_Integration_Discussion', 'IMS_Badge_Scan', 'Technical_Demo', 'Whitepaper_Download_5G_Test', 'Technical_Demo', 'No_Conversion']",0
L006984,Maria Patel,Tesla_Tech,Aerospace,LATAM,Oscilloscopes,Event,"['IMS_Badge_Scan', 'Lab_Integration_Discussion', 'Lab_Integration_Discussion', 'MQL', 'Application_Engineer_Call', 'MQL', 'No_Conversion']",0
L006985,Maria Martinez,Qualcomm,,,PathWave Software,LinkedIn,"['MQL', 'MQL', 'SQL', 'Customer']",1
L006986,Sofia Williams,,Electronics,,Oscilloscopes,Email Campaign,"['Loaner_Unit_Evaluation', 'Website_Product_Page', 'Whitepaper_Download_5G_Test', 'Application_Engineer_Call', 'AutoSens_Tech_Talk', 'Website_Product_Page', 'Keysight_University_Course', 'LinkedIn_Ad_Click', 'No_Conversion']",0
L006987,Ravi Khan,,Semiconductor,APAC,,Email Campaign,"['Keysight_Workshop_RF_Testing', 'Lab_Integration_Discussion', 'PathWave_Trial_Request', 'Keysight_University_Course', 'No_Conversion']",0
L006988,Michael Williams,NXPSe_Tech,Aerospace,,PathWave Software,Webinar,"['Application_Engineer_Call', 'Oscilloscope_Selector_Tool', 'Opportunity', 'No_Conversion']",0
L006989,Sofia Anders,Sony,Aerospace,Europe,,LinkedIn,"['LinkedIn_Ad_Click', 'Customer']",1
L006990,,,,APAC,PathWave Software,Webinar,"['DesignCon_Booth_Visit', 'DesignCon_Booth_Visit', 'PathWave_Trial_Request', 'Customer']",1
L006991,,Bosch,Electronics,,,,"['Website_Product_Page', 'No_Conversion']",0
L006992,Michael Johnson,Broadcom GmbH,Telecom,APAC,5G Testbeds,Email Campaign,"['DesignCon_Booth_Visit', 'Whitepaper_Download_5G_Test', 'Customer']",1
L006993,Kenji Tanaka,Tesla Energy,,APAC,5G Testbeds,Email Campaign,"['Keysight_University_Course', 'SQL', 'Technical_Demo', 'Technical_Demo', 'Application_Engineer_Call', 'Opportunity', 'Application_Engineer_Call', 'MQL', 'Customer']",1
L006994,Sofia Williams,Broad_Tech,Aerospace,APAC,5G Testbeds,Website,"['AutoSens_Tech_Talk', 'MQL', 'Lab_Integration_Discussion', 'No_Conversion']",0
L006995,Daniel Williams,Samsung Electronics GmbH,Telecom,Europe,,Website,"['IMS_Badge_Scan', 'No_Conversion']",0
L006996,,Tesla Energy GmbH,,Europe,,Event,"['Lab_Integration_Discussion', 'Keysight_University_Course', 'Whitepaper_Download_5G_Test', 'Lab_Integration_Discussion', 'No_Conversion']",0
L006997,Sarah Khan,NXPSe_Tech,,North America,Oscilloscopes,Event,"['MQL', 'IMS_Badge_Scan', 'Technical_Demo', 'Lab_Integration_Discussion', 'Customer']",1
L006998,Hiroshi Garcia,Tesla Energy GmbH,,,5G Testbeds,,"['AutoSens_Tech_Talk', 'Application_Engineer_Call', 'Application_Engineer_Call', 'Technical_Demo', 'Whitepaper_Download_5G_Test', 'No_Conversion']",0
L006999,Kenji Williams,Samsung Electronics GmbH,Semiconductor,,Automotive Ethernet,LinkedIn,"['LinkedIn_Ad_Click', 'SQL', 'Technical_Demo', 'Website_Product_Page', 'AutoSens_Tech_Talk', 'Application_Engineer_Call', 'No_Conversion']",0
L007000,Ravi Ito,,,North America,Automotive Ethernet,Event,"['Lab_Integration_Discussion', 'SQL', 'LinkedIn_Ad_Click', 'Technical_Demo', 'PathWave_Trial_Request', 'Website_Product_Page', 'Website_Product_Page', 'Customer']",1
L007001,Ravi Johnson,Bosch_Tech,Automotive,APAC,PathWave Software,Sales Outreach,"['Lab_Integration_Discussion', 'Keysight_Workshop_RF_Testing', 'Customer']",1
L007002,Daniel Chen,Bosch_Tech,,APAC,Oscilloscopes,,"['Whitepaper_Download_5G_Test', 'No_Conversion']",0
L007003,Ravi Johnson,,Aerospace,North America,,Event,"['Application_Engineer_Call', 'AutoSens_Tech_Talk', 'SQL', 'Customer']",1
L007004,Maria Patel,,,APAC,5G Testbeds,Sales Outreach,"['Lab_Integration_Discussion', 'Oscilloscope_Selector_Tool', 'Application_Engineer_Call', 'IMS_Badge_Scan', 'Application_Engineer_Call', 'Keysight_University_Course', 'LinkedIn_Ad_Click', 'Application_Engineer_Call', 'IMS_Badge_Scan', 'Website_Product_Page', 'Customer']",1
L007005,Ravi Singh,NXP Semiconductors,,APAC,Oscilloscopes,Website,"['Opportunity', 'Loaner_Unit_Evaluation', 'AutoSens_Tech_Talk', 'PathWave_Trial_Request', 'Loaner_Unit_Evaluation', 'Oscilloscope_Selector_Tool', 'Customer']",1
L007006,,Meta Connectivity Labs,,Europe,Oscilloscopes,Website,"['Oscilloscope_Selector_Tool', 'Keysight_Workshop_RF_Testing', 'IMS_Badge_Scan', 'Application_Engineer_Call', 'Customer']",1
L007007,Kenji Garcia,Bosch_Tech,Telecom,,PathWave Software,Event,"['AutoSens_Tech_Talk', 'AutoSens_Tech_Talk', 'Loaner_Unit_Evaluation', 'PathWave_Trial_Request', 'Technical_Demo', 'Whitepaper_Download_5G_Test', 'Customer']",1
L007008,Priya Patel,Tesla Energy GmbH,,Europe,,Sales Outreach,"['PathWave_Trial_Request', 'Technical_Demo', 'PathWave_Trial_Request', 'Keysight_University_Course', 'SQL', 'PathWave_Trial_Request', 'DesignCon_Booth_Visit', 'Keysight_Workshop_RF_Testing', 'Oscilloscope_Selector_Tool', 'IMS_Badge_Scan', 'No_Conversion']",0
L007009,Daniel Ito,Rayth_Tech,Telecom,North America,5G Testbeds,Webinar,"['Lab_Integration_Discussion', 'AutoSens_Tech_Talk', 'Loaner_Unit_Evaluation', 'Technical_Demo', 'Customer']",1
L007010,Michael Khan,Qualcomm,,,,Sales Outreach,"['Application_Engineer_Call', 'Technical_Demo', 'Opportunity', 'DesignCon_Booth_Visit', 'No_Conversion']",0
L007011,Maria Johnson,,Automotive,LATAM,5G Testbeds,Sales Outreach,"['Technical_Demo', 'Lab_Integration_Discussion', 'AutoSens_Tech_Talk', 'Customer']",1
L007012,Kenji Martinez,NXP Semiconductors GmbH,Telecom,,Oscilloscopes,Email Campaign,['No_Conversion'],0
L007013,Ahmed Ito,Raytheon,,North America,PathWave Software,Website,"['Whitepaper_Download_5G_Test', 'Application_Engineer_Call', 'Technical_Demo', 'Whitepaper_Download_5G_Test', 'Keysight_Workshop_RF_Testing', 'Keysight_University_Course', 'Customer']",1
L007014,Sarah Tanaka,Samsung Electronics GmbH,Semiconductor,North America,5G Testbeds,LinkedIn,"['MQL', 'MQL', 'LinkedIn_Ad_Click', 'Whitepaper_Download_5G_Test', 'Customer']",1
L007015,Daniel Johnson,Sony_Tech,Semiconductor,LATAM,Automotive Ethernet,Email Campaign,"['AutoSens_Tech_Talk', 'No_Conversion']",0
L007016,Kenji Johnson,Meta Connectivity Labs,Aerospace,North America,,,"['AutoSens_Tech_Talk', 'Website_Product_Page', 'Website_Product_Page', 'Loaner_Unit_Evaluation', 'No_Conversion']",0
L007017,Hiroshi Khan,Sony GmbH,Automotive,APAC,Automotive Ethernet,Email Campaign,"['DesignCon_Booth_Visit', 'Technical_Demo', 'Keysight_Workshop_RF_Testing', 'IMS_Badge_Scan', 'Customer']",1
L007018,Hiroshi Chen,Broadcom GmbH,Semiconductor,North America,,Webinar,"['Oscilloscope_Selector_Tool', 'Keysight_Workshop_RF_Testing', 'Application_Engineer_Call', 'IMS_Badge_Scan', 'No_Conversion']",0
L007019,,,Semiconductor,APAC,5G Testbeds,Sales Outreach,"['Opportunity', 'PathWave_Trial_Request', 'DesignCon_Booth_Visit', 'Keysight_University_Course', 'Oscilloscope_Selector_Tool', 'AutoSens_Tech_Talk', 'SQL', 'Customer']",1
L007020,Laura Garcia,Broadcom,Semiconductor,APAC,,Webinar,"['Loaner_Unit_Evaluation', 'LinkedIn_Ad_Click', 'DesignCon_Booth_Visit', 'Technical_Demo', 'AutoSens_Tech_Talk', 'SQL', 'Keysight_University_Course', 'Customer']",1
L007021,Sarah Williams,,,APAC,,Event,"['Lab_Integration_Discussion', 'Opportunity', 'No_Conversion']",0
L007022,Michael Martinez,Rayth_Tech,Telecom,APAC,Oscilloscopes,Website,"['Loaner_Unit_Evaluation', 'Loaner_Unit_Evaluation', 'Customer']",1
L007023,Priya Ito,Qualc_Tech,Electronics,,,Sales Outreach,"['Loaner_Unit_Evaluation', 'Customer']",1
L007024,Maria Lee,,,North America,Automotive Ethernet,LinkedIn,"['Keysight_Workshop_RF_Testing', 'DesignCon_Booth_Visit', 'Oscilloscope_Selector_Tool', 'Keysight_Workshop_RF_Testing', 'PathWave_Trial_Request', 'Keysight_University_Course', 'No_Conversion']",0
L007025,Ravi Singh,Tesla Energy,,LATAM,,LinkedIn,"['PathWave_Trial_Request', 'SQL', 'Keysight_Workshop_RF_Testing', 'Application_Engineer_Call', 'No_Conversion']",0
L007026,Kenji Garcia,Samsung Electronics,,North America,,,"['Lab_Integration_Discussion', 'Whitepaper_Download_5G_Test', 'Lab_Integration_Discussion', 'No_Conversion']",0
L007027,,,Automotive,APAC,,Event,"['Lab_Integration_Discussion', 'Keysight_University_Course', 'LinkedIn_Ad_Click', 'DesignCon_Booth_Visit', 'MQL', 'Lab_Integration_Discussion', 'Loaner_Unit_Evaluation', 'SQL', 'No_Conversion']",0
L007028,Hiroshi Garcia,Samsung Electronics GmbH,,LATAM,Oscilloscopes,LinkedIn,['Customer'],1
L007029,Sofia Williams,,Semiconductor,,Oscilloscopes,Email Campaign,"['Technical_Demo', 'Loaner_Unit_Evaluation', 'Loaner_Unit_Evaluation', 'No_Conversion']",0
L007030,,Bosch,,,5G Testbeds,Email Campaign,"['PathWave_Trial_Request', 'Website_Product_Page', 'Loaner_Unit_Evaluation', 'AutoSens_Tech_Talk', 'Website_Product_Page', 'Customer']",1
L007031,Sarah Garcia,Tesla Energy GmbH,,Europe,Automotive Ethernet,Email Campaign,"['MQL', 'Application_Engineer_Call', 'MQL', 'No_Conversion']",0
L007032,Maria Khan,Infineon,Telecom,,Automotive Ethernet,Website,"['Oscilloscope_Selector_Tool', 'Technical_Demo', 'LinkedIn_Ad_Click', 'Keysight_Workshop_RF_Testing', 'DesignCon_Booth_Visit', 'PathWave_Trial_Request', 'Keysight_University_Course', 'DesignCon_Booth_Visit', 'Application_Engineer_Call', 'Customer']",1
L007033,Maria Garcia,Qualcomm GmbH,Aerospace,Europe,,Event,"['Keysight_Workshop_RF_Testing', 'AutoSens_Tech_Talk', 'Keysight_University_Course', 'Customer']",1
L007034,Ahmed Williams,Rayth_Tech,,,,LinkedIn,['Customer'],1
L007035,Ravi Johnson,Sony,Automotive,Europe,,Webinar,"['Whitepaper_Download_5G_Test', 'PathWave_Trial_Request', 'Application_Engineer_Call', 'Technical_Demo', 'Website_Product_Page', 'Technical_Demo', 'Customer']",1
L007036,Daniel Patel,,,Europe,,Website,"['IMS_Badge_Scan', 'Customer']",1
L007037,Daniel Ito,,Electronics,North America,,Webinar,"['AutoSens_Tech_Talk', 'MQL', 'No_Conversion']",0
L007038,Ravi Tanaka,Infineon,,,,Event,['No_Conversion'],0
L007039,Kenji Singh,,Automotive,LATAM,Oscilloscopes,Event,"['Keysight_Workshop_RF_Testing', 'SQL', 'Opportunity', 'Application_Engineer_Call', 'Loaner_Unit_Evaluation', 'Keysight_Workshop_RF_Testing', 'Keysight_University_Course', 'No_Conversion']",0
L007040,,,,North America,Automotive Ethernet,Sales Outreach,"['LinkedIn_Ad_Click', 'Keysight_University_Course', 'MQL', 'Oscilloscope_Selector_Tool', 'DesignCon_Booth_Visit', 'Technical_Demo', 'Keysight_Workshop_RF_Testing', 'No_Conversion']",0
L007041,Ravi Ito,NXPSe_Tech,,North America,PathWave Software,Website,"['MQL', 'Loaner_Unit_Evaluation', 'Keysight_Workshop_RF_Testing', 'No_Conversion']",0
L007042,Hiroshi Martinez,Tesla Energy GmbH,,Europe,5G Testbeds,LinkedIn,"['Opportunity', 'Technical_Demo', 'Whitepaper_Download_5G_Test', 'Customer']",1
L007043,Daniel Chen,Bosch_Tech,Electronics,Europe,,,['No_Conversion'],0
L007044,Michael Lee,Raytheon GmbH,Telecom,,Oscilloscopes,LinkedIn,"['Whitepaper_Download_5G_Test', 'Opportunity', 'Lab_Integration_Discussion', 'SQL', 'No_Conversion']",0
L007045,Sarah Williams,NXP Semiconductors,Electronics,Europe,,LinkedIn,"['Oscilloscope_Selector_Tool', 'Lab_Integration_Discussion', 'Customer']",1
L007046,Michael Singh,Qualcomm GmbH,Semiconductor,LATAM,Automotive Ethernet,Webinar,"['Oscilloscope_Selector_Tool', 'Opportunity', 'Whitepaper_Download_5G_Test', 'SQL', 'Technical_Demo', 'PathWave_Trial_Request', 'AutoSens_Tech_Talk', 'LinkedIn_Ad_Click', 'Application_Engineer_Call', 'Keysight_Workshop_RF_Testing', 'No_Conversion']",0
L007047,Hiroshi Chen,NXP Semiconductors,Automotive,APAC,PathWave Software,Website,"['AutoSens_Tech_Talk', 'MQL', 'Oscilloscope_Selector_Tool', 'Customer']",1
L007048,Laura Anders,,Automotive,North America,,,['Customer'],1
L007049,Ravi Lee,,,Europe,PathWave Software,Email Campaign,"['PathWave_Trial_Request', 'Whitepaper_Download_5G_Test', 'Keysight_Workshop_RF_Testing', 'No_Conversion']",0
L007050,Hiroshi Khan,Infineon,Electronics,LATAM,,Website,"['Oscilloscope_Selector_Tool', 'LinkedIn_Ad_Click', 'Website_Product_Page', 'Application_Engineer_Call', 'DesignCon_Booth_Visit', 'PathWave_Trial_Request', 'Application_Engineer_Call', 'Whitepaper_Download_5G_Test', 'Customer']",1
L007051,Laura Lee,Infineon,,North America,PathWave Software,Email Campaign,"['SQL', 'IMS_Badge_Scan', 'Customer']",1
L007052,Ravi Chen,Samsung Electronics GmbH,Semiconductor,APAC,Automotive Ethernet,Email Campaign,['Customer'],1
L007053,,Sony GmbH,Electronics,APAC,Automotive Ethernet,Website,"['Whitepaper_Download_5G_Test', 'Opportunity', 'Keysight_Workshop_RF_Testing', 'No_Conversion']",0
L007054,Laura Patel,Bosch,Automotive,Europe,,Email Campaign,"['Loaner_Unit_Evaluation', 'Customer']",1
L007055,Michael Martinez,Bosch,Semiconductor,North America,5G Testbeds,,"['Lab_Integration_Discussion', 'AutoSens_Tech_Talk', 'Whitepaper_Download_5G_Test', 'SQL', 'IMS_Badge_Scan', 'Website_Product_Page', 'SQL', 'Opportunity', 'Keysight_Workshop_RF_Testing', 'No_Conversion']",0
L007056,Michael Johnson,,Semiconductor,North America,Automotive Ethernet,Webinar,"['Lab_Integration_Discussion', 'PathWave_Trial_Request', 'LinkedIn_Ad_Click', 'Keysight_University_Course', 'Customer']",1
L007057,Kenji Williams,Tesla_Tech,,,,Email Campaign,"['IMS_Badge_Scan', 'Oscilloscope_Selector_Tool', 'Keysight_University_Course', 'Website_Product_Page', 'Customer']",1
L007058,Ravi Patel,Raytheon,,Europe,,Sales Outreach,"['Keysight_University_Course', 'Oscilloscope_Selector_Tool', 'SQL', 'Technical_Demo', 'No_Conversion']",0
L007059,Hiroshi Tanaka,Meta Connectivity Labs,Electronics,Europe,,Sales Outreach,"['DesignCon_Booth_Visit', 'Keysight_University_Course', 'Oscilloscope_Selector_Tool', 'No_Conversion']",0
L007060,Laura Ito,Sony,,LATAM,Automotive Ethernet,LinkedIn,['No_Conversion'],0
L007061,Priya Chen,,,Europe,,LinkedIn,"['MQL', 'DesignCon_Booth_Visit', 'SQL', 'Keysight_University_Course', 'Opportunity', 'MQL', 'No_Conversion']",0
L007062,Hiroshi Khan,Sony,Semiconductor,,Automotive Ethernet,Event,"['Opportunity', 'SQL', 'Oscilloscope_Selector_Tool', 'No_Conversion']",0
L007063,Laura Ito,,,APAC,5G Testbeds,Website,"['Keysight_Workshop_RF_Testing', 'Application_Engineer_Call', 'AutoSens_Tech_Talk', 'No_Conversion']",0
L007064,Laura Martinez,Infin_Tech,Automotive,North America,,Event,"['Keysight_Workshop_RF_Testing', 'Customer']",1
L007065,Kenji Garcia,,,LATAM,,Event,"['AutoSens_Tech_Talk', 'DesignCon_Booth_Visit', 'PathWave_Trial_Request', 'AutoSens_Tech_Talk', 'PathWave_Trial_Request', 'Loaner_Unit_Evaluation', 'No_Conversion']",0
L007066,Laura Lee,,Electronics,LATAM,5G Testbeds,Email Campaign,"['Keysight_University_Course', 'DesignCon_Booth_Visit', 'Loaner_Unit_Evaluation', 'No_Conversion']",0
L007067,Hiroshi Ito,Sony GmbH,,,,,"['Technical_Demo', 'No_Conversion']",0
L007068,Kenji Lee,Samsu_Tech,,APAC,PathWave Software,,"['IMS_Badge_Scan', 'MQL', 'Application_Engineer_Call', 'Keysight_University_Course', 'MQL', 'No_Conversion']",0
L007069,Michael Khan,NXP Semiconductors,Aerospace,North America,,Sales Outreach,['No_Conversion'],0
L007070,Kenji Khan,MetaC_Tech,Electronics,,,Sales Outreach,"['Keysight_University_Course', 'Technical_Demo', 'Technical_Demo', 'Loaner_Unit_Evaluation', 'Application_Engineer_Call', 'Loaner_Unit_Evaluation', 'No_Conversion']",0
L007071,,,,Europe,Automotive Ethernet,Website,"['PathWave_Trial_Request', 'Loaner_Unit_Evaluation', 'No_Conversion']",0
L007072,Laura Singh,Sony,,,Oscilloscopes,LinkedIn,"['Loaner_Unit_Evaluation', 'Opportunity', 'LinkedIn_Ad_Click', 'AutoSens_Tech_Talk', 'MQL', 'Lab_Integration_Discussion', 'No_Conversion']",0
L007073,,Rayth_Tech,Aerospace,APAC,PathWave Software,Webinar,"['SQL', 'Keysight_University_Course', 'Lab_Integration_Discussion', 'Customer']",1
L007074,Daniel Khan,Raytheon GmbH,,,,Email Campaign,['No_Conversion'],0
L007075,Kenji Lee,Tesla Energy GmbH,Automotive,LATAM,PathWave Software,Webinar,['Customer'],1
L007076,Sarah Patel,Broad_Tech,Telecom,Europe,5G Testbeds,LinkedIn,"['Lab_Integration_Discussion', 'DesignCon_Booth_Visit', 'PathWave_Trial_Request', 'Website_Product_Page', 'No_Conversion']",0
L007077,Sarah Lee,Raytheon,Automotive,Europe,5G Testbeds,Email Campaign,"['Keysight_Workshop_RF_Testing', 'MQL', 'Opportunity', 'Whitepaper_Download_5G_Test', 'IMS_Badge_Scan', 'AutoSens_Tech_Talk', 'Keysight_Workshop_RF_Testing', 'Keysight_Workshop_RF_Testing', 'Customer']",1
L007078,,,Electronics,APAC,,,"['Loaner_Unit_Evaluation', 'PathWave_Trial_Request', 'Keysight_University_Course', 'Customer']",1
L007079,Ravi Williams,Qualc_Tech,,,,Event,"['LinkedIn_Ad_Click', 'Keysight_Workshop_RF_Testing', 'SQL', 'Customer']",1
L007080,Sofia Anders,,Semiconductor,North America,PathWave Software,LinkedIn,"['SQL', 'DesignCon_Booth_Visit', 'Opportunity', 'No_Conversion']",0
L007081,Maria Ito,Qualc_Tech,Automotive,North America,5G Testbeds,Event,"['IMS_Badge_Scan', 'Opportunity', 'SQL', 'AutoSens_Tech_Talk', 'Lab_Integration_Discussion', 'Customer']",1
L007082,,,Electronics,LATAM,Oscilloscopes,Sales Outreach,"['Oscilloscope_Selector_Tool', 'Customer']",1
L007083,Ahmed Anders,Samsu_Tech,,LATAM,Automotive Ethernet,Event,"['Keysight_University_Course', 'Whitepaper_Download_5G_Test', 'Website_Product_Page', 'Customer']",1
L007084,Chen Garcia,NXPSe_Tech,Semiconductor,Europe,PathWave Software,Website,"['AutoSens_Tech_Talk', 'AutoSens_Tech_Talk', 'Application_Engineer_Call', 'No_Conversion']",0
L007085,Chen Garcia,,Automotive,Europe,,,"['Lab_Integration_Discussion', 'IMS_Badge_Scan', 'Whitepaper_Download_5G_Test', 'Customer']",1
L007086,Hiroshi Patel,,Semiconductor,North America,,,"['Whitepaper_Download_5G_Test', 'AutoSens_Tech_Talk', 'Opportunity', 'Technical_Demo', 'IMS_Badge_Scan', 'Loaner_Unit_Evaluation', 'Customer']",1
L007087,Kenji Johnson,,Aerospace,Europe,Automotive Ethernet,,"['PathWave_Trial_Request', 'Keysight_Workshop_RF_Testing', 'Loaner_Unit_Evaluation', 'Keysight_University_Course', 'Whitepaper_Download_5G_Test', 'DesignCon_Booth_Visit', 'Keysight_University_Course', 'MQL', 'Application_Engineer_Call', 'AutoSens_Tech_Talk', 'No_Conversion']",0
L007088,Ravi Williams,Bosch,,APAC,Automotive Ethernet,Webinar,"['PathWave_Trial_Request', 'AutoSens_Tech_Talk', 'No_Conversion']",0
L007089,,,Semiconductor,,5G Testbeds,Sales Outreach,['Customer'],1
L007090,Sarah Williams,Infineon,Semiconductor,,,Webinar,"['Keysight_University_Course', 'Opportunity', 'AutoSens_Tech_Talk', 'Opportunity', 'Lab_Integration_Discussion', 'Keysight_University_Course', 'PathWave_Trial_Request', 'Keysight_University_Course', 'No_Conversion']",0
L007091,Hiroshi Martinez,Qualc_Tech,,APAC,5G Testbeds,,"['Website_Product_Page', 'AutoSens_Tech_Talk', 'Opportunity', 'IMS_Badge_Scan', 'Keysight_University_Course', 'DesignCon_Booth_Visit', 'Keysight_Workshop_RF_Testing', 'MQL', 'Whitepaper_Download_5G_Test', 'No_Conversion']",0
L007092,Kenji Khan,,,LATAM,,LinkedIn,['Customer'],1
L007093,Michael Tanaka,Qualcomm GmbH,Automotive,Europe,,Sales Outreach,"['LinkedIn_Ad_Click', 'SQL', 'IMS_Badge_Scan', 'No_Conversion']",0
L007094,Michael Patel,,,North America,PathWave Software,Event,"['PathWave_Trial_Request', 'No_Conversion']",0
L007095,Laura Johnson,,Telecom,APAC,PathWave Software,Sales Outreach,"['LinkedIn_Ad_Click', 'SQL', 'Lab_Integration_Discussion', 'Website_Product_Page', 'Loaner_Unit_Evaluation', 'Opportunity', 'No_Conversion']",0
L007096,Ravi Tanaka,Samsung Electronics GmbH,Aerospace,LATAM,,Webinar,"['DesignCon_Booth_Visit', 'SQL', 'Customer']",1
L007097,Ahmed Khan,Sony_Tech,,APAC,,LinkedIn,['Customer'],1
L007098,Hiroshi Chen,,,Europe,PathWave Software,Email Campaign,"['Whitepaper_Download_5G_Test', 'Website_Product_Page', 'Technical_Demo', 'PathWave_Trial_Request', 'Website_Product_Page', 'Customer']",1
L007099,Kenji Garcia,Bosch_Tech,Telecom,LATAM,PathWave Software,Sales Outreach,"['LinkedIn_Ad_Click', 'DesignCon_Booth_Visit', 'MQL', 'LinkedIn_Ad_Click', 'Oscilloscope_Selector_Tool', 'Lab_Integration_Discussion', 'Oscilloscope_Selector_Tool', 'Application_Engineer_Call', 'Lab_Integration_Discussion', 'Lab_Integration_Discussion', 'Customer']",1
L007100,Sarah Khan,Broad_Tech,Telecom,Europe,,Sales Outreach,"['Keysight_Workshop_RF_Testing', 'Oscilloscope_Selector_Tool', 'DesignCon_Booth_Visit', 'MQL', 'AutoSens_Tech_Talk', 'Lab_Integration_Discussion', 'IMS_Badge_Scan', 'PathWave_Trial_Request', 'PathWave_Trial_Request', 'Customer']",1
L007101,Laura Ito,Raytheon GmbH,Electronics,Europe,PathWave Software,Website,"['Keysight_University_Course', 'Customer']",1
L007102,Michael Tanaka,,Semiconductor,APAC,5G Testbeds,Sales Outreach,"['SQL', 'LinkedIn_Ad_Click', 'Keysight_University_Course', 'Website_Product_Page', 'Oscilloscope_Selector_Tool', 'AutoSens_Tech_Talk', 'Keysight_Workshop_RF_Testing', 'Customer']",1
L007103,Daniel Johnson,Samsung Electronics GmbH,,LATAM,5G Testbeds,Event,"['Oscilloscope_Selector_Tool', 'AutoSens_Tech_Talk', 'DesignCon_Booth_Visit', 'No_Conversion']",0
L007104,Laura Williams,Infineon GmbH,,,5G Testbeds,Email Campaign,"['Keysight_Workshop_RF_Testing', 'Loaner_Unit_Evaluation', 'Application_Engineer_Call', 'Customer']",1
L007105,Kenji Anders,Samsu_Tech,Semiconductor,Europe,PathWave Software,Webinar,"['Oscilloscope_Selector_Tool', 'Website_Product_Page', 'Loaner_Unit_Evaluation', 'Customer']",1
L007106,Sarah Patel,Raytheon GmbH,Automotive,North America,5G Testbeds,Webinar,"['Technical_Demo', 'No_Conversion']",0
L007107,,Sony,Automotive,North America,,Event,"['Application_Engineer_Call', 'DesignCon_Booth_Visit', 'PathWave_Trial_Request', 'No_Conversion']",0
L007108,Kenji Singh,Infineon,Aerospace,North America,PathWave Software,,"['Keysight_University_Course', 'Technical_Demo', 'Customer']",1
L007109,Priya Martinez,Qualc_Tech,,Europe,,,"['Whitepaper_Download_5G_Test', 'Website_Product_Page', 'Opportunity', 'No_Conversion']",0
L007110,Maria Khan,Meta Connectivity Labs,Automotive,North America,,Email Campaign,"['Technical_Demo', 'Keysight_University_Course', 'SQL', 'Application_Engineer_Call', 'PathWave_Trial_Request', 'Loaner_Unit_Evaluation', 'Customer']",1
L007111,Daniel Patel,NXP Semiconductors GmbH,Aerospace,Europe,,LinkedIn,"['PathWave_Trial_Request', 'Technical_Demo', 'PathWave_Trial_Request', 'Keysight_University_Course', 'LinkedIn_Ad_Click', 'Customer']",1
L007112,Sofia Anders,,Electronics,North America,,LinkedIn,"['Whitepaper_Download_5G_Test', 'SQL', 'Website_Product_Page', 'Customer']",1
L007113,Ahmed Lee,Tesla_Tech,,APAC,Automotive Ethernet,Email Campaign,"['Website_Product_Page', 'Oscilloscope_Selector_Tool', 'Application_Engineer_Call', 'No_Conversion']",0
L007114,Kenji Patel,Qualc_Tech,Aerospace,Europe,,LinkedIn,['Customer'],1
L007115,Ravi Chen,Sony GmbH,Aerospace,LATAM,5G Testbeds,LinkedIn,"['Loaner_Unit_Evaluation', 'Customer']",1
L007116,Daniel Williams,Tesla_Tech,,Europe,Automotive Ethernet,Webinar,"['LinkedIn_Ad_Click', 'Whitepaper_Download_5G_Test', 'Loaner_Unit_Evaluation', 'SQL', 'Lab_Integration_Discussion', 'Application_Engineer_Call', 'Technical_Demo', 'Customer']",1
L007117,Maria Anders,Broad_Tech,Telecom,,,,"['MQL', 'Website_Product_Page', 'Whitepaper_Download_5G_Test', 'Customer']",1
L007118,Hiroshi Garcia,,Aerospace,North America,,LinkedIn,"['Technical_Demo', 'Opportunity', 'DesignCon_Booth_Visit', 'Lab_Integration_Discussion', 'Loaner_Unit_Evaluation', 'SQL', 'AutoSens_Tech_Talk', 'SQL', 'No_Conversion']",0
L007119,Laura Chen,Bosch GmbH,Automotive,North America,,Event,"['Lab_Integration_Discussion', 'PathWave_Trial_Request', 'Loaner_Unit_Evaluation', 'LinkedIn_Ad_Click', 'Keysight_Workshop_RF_Testing', 'PathWave_Trial_Request', 'SQL', 'No_Conversion']",0
L007120,Kenji Ito,,Semiconductor,APAC,,Website,"['LinkedIn_Ad_Click', 'SQL', 'MQL', 'MQL', 'Customer']",1
L007121,Michael Chen,NXPSe_Tech,,APAC,5G Testbeds,Sales Outreach,['No_Conversion'],0
L007122,Maria Garcia,Qualcomm GmbH,Automotive,LATAM,5G Testbeds,Webinar,"['SQL', 'Lab_Integration_Discussion', 'IMS_Badge_Scan', 'Keysight_Workshop_RF_Testing', 'LinkedIn_Ad_Click', 'IMS_Badge_Scan', 'No_Conversion']",0
L007123,,NXP Semiconductors GmbH,Telecom,LATAM,Automotive Ethernet,Email Campaign,"['IMS_Badge_Scan', 'Application_Engineer_Call', 'Keysight_Workshop_RF_Testing', 'Website_Product_Page', 'Customer']",1
L007124,Sarah Patel,Infineon GmbH,Automotive,,,Event,"['Opportunity', 'Oscilloscope_Selector_Tool', 'Keysight_University_Course', 'Opportunity', 'No_Conversion']",0
L007125,Chen Singh,,Semiconductor,APAC,PathWave Software,Event,"['Technical_Demo', 'PathWave_Trial_Request', 'Opportunity', 'Lab_Integration_Discussion', 'No_Conversion']",0
L007126,Hiroshi Ito,,Telecom,APAC,,LinkedIn,"['Opportunity', 'Loaner_Unit_Evaluation', 'Whitepaper_Download_5G_Test', 'SQL', 'PathWave_Trial_Request', 'PathWave_Trial_Request', 'Technical_Demo', 'Customer']",1
L007127,Ahmed Chen,Qualcomm GmbH,,Europe,Automotive Ethernet,LinkedIn,['No_Conversion'],0
L007128,Michael Khan,Sony,Telecom,North America,Automotive Ethernet,Email Campaign,"['Opportunity', 'Lab_Integration_Discussion', 'No_Conversion']",0
L007129,,Rayth_Tech,,,Oscilloscopes,Email Campaign,"['Website_Product_Page', 'AutoSens_Tech_Talk', 'SQL', 'Whitepaper_Download_5G_Test', 'Customer']",1
L007130,Chen Chen,Tesla Energy GmbH,,North America,,Webinar,"['Technical_Demo', 'Loaner_Unit_Evaluation', 'Opportunity', 'No_Conversion']",0
L007131,,Samsung Electronics GmbH,Aerospace,APAC,,Sales Outreach,"['IMS_Badge_Scan', 'Technical_Demo', 'MQL', 'PathWave_Trial_Request', 'LinkedIn_Ad_Click', 'Customer']",1
L007132,Ahmed Johnson,,,Europe,Automotive Ethernet,Sales Outreach,"['Oscilloscope_Selector_Tool', 'Oscilloscope_Selector_Tool', 'IMS_Badge_Scan', 'Technical_Demo', 'Loaner_Unit_Evaluation', 'No_Conversion']",0
L007133,Hiroshi Chen,NXPSe_Tech,Automotive,LATAM,Oscilloscopes,LinkedIn,"['Loaner_Unit_Evaluation', 'No_Conversion']",0
L007134,Laura Singh,,,,Oscilloscopes,LinkedIn,"['Website_Product_Page', 'No_Conversion']",0
L007135,Sofia Martinez,Broadcom GmbH,Semiconductor,APAC,,Website,"['Keysight_University_Course', 'MQL', 'No_Conversion']",0
L007136,Ahmed Patel,NXP Semiconductors,Semiconductor,APAC,,Webinar,"['Technical_Demo', 'PathWave_Trial_Request', 'IMS_Badge_Scan', 'Customer']",1
L007137,Ravi Martinez,Meta Connectivity Labs GmbH,,Europe,,Email Campaign,"['Opportunity', 'SQL', 'DesignCon_Booth_Visit', 'No_Conversion']",0
L007138,Chen Khan,Qualcomm,,North America,,Webinar,"['Keysight_University_Course', 'PathWave_Trial_Request', 'IMS_Badge_Scan', 'MQL', 'PathWave_Trial_Request', 'Customer']",1
L007139,Sofia Singh,Samsung Electronics GmbH,Automotive,,Oscilloscopes,,"['Loaner_Unit_Evaluation', 'LinkedIn_Ad_Click', 'DesignCon_Booth_Visit', 'Customer']",1
L007140,Michael Anders,Broadcom,Automotive,LATAM,PathWave Software,,['No_Conversion'],0
L007141,Michael Anders,Bosch GmbH,Electronics,APAC,,LinkedIn,"['SQL', 'SQL', 'AutoSens_Tech_Talk', 'MQL', 'Keysight_Workshop_RF_Testing', 'Keysight_University_Course', 'Opportunity', 'Customer']",1
L007142,Ahmed Williams,Sony GmbH,,,,Webinar,"['AutoSens_Tech_Talk', 'Lab_Integration_Discussion', 'Technical_Demo', 'Website_Product_Page', 'PathWave_Trial_Request', 'LinkedIn_Ad_Click', 'No_Conversion']",0
L007143,Ravi Anders,Bosch GmbH,,APAC,,LinkedIn,"['SQL', 'SQL', 'AutoSens_Tech_Talk', 'No_Conversion']",0
L007144,Daniel Patel,Sony,Electronics,APAC,PathWave Software,Webinar,"['PathWave_Trial_Request', 'No_Conversion']",0
L007145,Daniel Singh,,,APAC,,Sales Outreach,"['Application_Engineer_Call', 'Oscilloscope_Selector_Tool', 'Application_Engineer_Call', 'Keysight_Workshop_RF_Testing', 'Lab_Integration_Discussion', 'DesignCon_Booth_Visit', 'Website_Product_Page', 'Oscilloscope_Selector_Tool', 'Application_Engineer_Call', 'No_Conversion']",0
L007146,Hiroshi Martinez,Infineon GmbH,Electronics,Europe,,Webinar,"['Technical_Demo', 'Application_Engineer_Call', 'MQL', 'No_Conversion']",0
L007147,Sarah Martinez,Meta Connectivity Labs,,,PathWave Software,Website,"['Website_Product_Page', 'Application_Engineer_Call', 'LinkedIn_Ad_Click', 'LinkedIn_Ad_Click', 'Loaner_Unit_Evaluation', 'Loaner_Unit_Evaluation', 'Customer']",1
L007148,Sofia Garcia,,Semiconductor,APAC,PathWave Software,Website,"['DesignCon_Booth_Visit', 'DesignCon_Booth_Visit', 'MQL', 'Customer']",1
L007149,Kenji Lee,,,Europe,5G Testbeds,Event,"['Website_Product_Page', 'IMS_Badge_Scan', 'Keysight_Workshop_RF_Testing', 'Lab_Integration_Discussion', 'Customer']",1
L007150,Laura Johnson,Sony GmbH,Aerospace,Europe,5G Testbeds,Event,"['AutoSens_Tech_Talk', 'SQL', 'IMS_Badge_Scan', 'Oscilloscope_Selector_Tool', 'LinkedIn_Ad_Click', 'No_Conversion']",0
L007151,Kenji Ito,Rayth_Tech,Automotive,APAC,PathWave Software,Event,"['MQL', 'Lab_Integration_Discussion', 'PathWave_Trial_Request', 'Customer']",1
L007152,Sofia Garcia,Qualcomm,Aerospace,North America,,Event,"['Loaner_Unit_Evaluation', 'Technical_Demo', 'MQL', 'Lab_Integration_Discussion', 'LinkedIn_Ad_Click', 'MQL', 'Customer']",1
L007153,Sofia Chen,,Electronics,North America,,,"['Loaner_Unit_Evaluation', 'Customer']",1
L007154,Daniel Singh,Infineon,,LATAM,PathWave Software,Website,"['SQL', 'IMS_Badge_Scan', 'Loaner_Unit_Evaluation', 'Customer']",1
L007155,Sarah Williams,NXPSe_Tech,Semiconductor,,5G Testbeds,Webinar,['Customer'],1
L007156,Maria Williams,NXP Semiconductors GmbH,Aerospace,,5G Testbeds,,['No_Conversion'],0
L007157,Hiroshi Singh,Meta Connectivity Labs,Automotive,LATAM,Automotive Ethernet,Website,"['PathWave_Trial_Request', 'IMS_Badge_Scan', 'Customer']",1
L007158,Maria Martinez,Broadcom GmbH,,Europe,5G Testbeds,Sales Outreach,"['Loaner_Unit_Evaluation', 'Lab_Integration_Discussion', 'MQL', 'Oscilloscope_Selector_Tool', 'MQL', 'Technical_Demo', 'LinkedIn_Ad_Click', 'Customer']",1
L007159,Sofia Lee,,,Europe,5G Testbeds,Website,"['LinkedIn_Ad_Click', 'LinkedIn_Ad_Click', 'DesignCon_Booth_Visit', 'IMS_Badge_Scan', 'LinkedIn_Ad_Click', 'MQL', 'Customer']",1
L007160,Maria Martinez,Bosch_Tech,,APAC,,,"['Application_Engineer_Call', 'PathWave_Trial_Request', 'LinkedIn_Ad_Click', 'Website_Product_Page', 'Keysight_University_Course', 'Opportunity', 'No_Conversion']",0
L007161,Maria Garcia,Broadcom GmbH,Electronics,,5G Testbeds,Email Campaign,"['Application_Engineer_Call', 'PathWave_Trial_Request', 'Application_Engineer_Call', 'Website_Product_Page', 'Technical_Demo', 'Technical_Demo', 'Customer']",1
L007162,,,Semiconductor,APAC,,Event,"['DesignCon_Booth_Visit', 'Website_Product_Page', 'No_Conversion']",0
L007163,Kenji Anders,Infin_Tech,Aerospace,Europe,,Sales Outreach,"['AutoSens_Tech_Talk', 'No_Conversion']",0
L007164,Hiroshi Johnson,Broadcom GmbH,,Europe,PathWave Software,Website,"['Loaner_Unit_Evaluation', 'AutoSens_Tech_Talk', 'Lab_Integration_Discussion', 'Loaner_Unit_Evaluation', 'No_Conversion']",0
L007165,Priya Khan,,Electronics,Europe,,LinkedIn,"['Opportunity', 'Keysight_University_Course', 'SQL', 'Keysight_University_Course', 'IMS_Badge_Scan', 'Application_Engineer_Call', 'No_Conversion']",0
L007166,Laura Garcia,,,,Automotive Ethernet,Webinar,"['Keysight_University_Course', 'Opportunity', 'Customer']",1
L007167,Chen Lee,Samsung Electronics GmbH,,,,Sales Outreach,"['Application_Engineer_Call', 'Loaner_Unit_Evaluation', 'Oscilloscope_Selector_Tool', 'Lab_Integration_Discussion', 'DesignCon_Booth_Visit', 'Whitepaper_Download_5G_Test', 'AutoSens_Tech_Talk', 'Customer']",1
L007168,,Qualcomm GmbH,Telecom,Europe,Oscilloscopes,Website,"['Keysight_Workshop_RF_Testing', 'Keysight_Workshop_RF_Testing', 'Keysight_University_Course', 'Technical_Demo', 'Technical_Demo', 'Customer']",1
L007169,Chen Martinez,Qualcomm,,LATAM,Automotive Ethernet,Sales Outreach,['Customer'],1
L007170,Michael Anders,Qualcomm,Aerospace,,5G Testbeds,,"['SQL', 'SQL', 'SQL', 'IMS_Badge_Scan', 'Oscilloscope_Selector_Tool', 'SQL', 'No_Conversion']",0
L007171,Michael Ito,Infin_Tech,Automotive,Europe,,Website,['Customer'],1
L007172,Ravi Williams,,Aerospace,North America,PathWave Software,LinkedIn,"['AutoSens_Tech_Talk', 'Whitepaper_Download_5G_Test', 'Customer']",1
L007173,Sarah Khan,Rayth_Tech,,North America,,Email Campaign,"['PathWave_Trial_Request', 'Technical_Demo', 'Technical_Demo', 'No_Conversion']",0
L007174,Hiroshi Tanaka,Rayth_Tech,Telecom,Europe,,LinkedIn,"['DesignCon_Booth_Visit', 'Opportunity', 'DesignCon_Booth_Visit', 'Customer']",1
L007175,Chen Chen,Sony_Tech,Aerospace,APAC,PathWave Software,LinkedIn,"['MQL', 'Opportunity', 'Opportunity', 'Oscilloscope_Selector_Tool', 'LinkedIn_Ad_Click', 'No_Conversion']",0
L007176,Hiroshi Williams,Sony_Tech,Aerospace,,,Website,"['Application_Engineer_Call', 'IMS_Badge_Scan', 'Customer']",1
L007177,Sofia Singh,Raytheon,,Europe,5G Testbeds,Event,['Customer'],1
L007178,Hiroshi Ito,Qualcomm,Automotive,LATAM,,Webinar,"['Opportunity', 'Lab_Integration_Discussion', 'Loaner_Unit_Evaluation', 'Customer']",1
L007179,Sofia Lee,,Telecom,Europe,,Event,"['Website_Product_Page', 'Technical_Demo', 'Opportunity', 'Lab_Integration_Discussion', 'MQL', 'Application_Engineer_Call', 'DesignCon_Booth_Visit', 'Customer']",1
L007180,Ravi Garcia,,Aerospace,LATAM,Oscilloscopes,Email Campaign,"['PathWave_Trial_Request', 'PathWave_Trial_Request', 'MQL', 'Oscilloscope_Selector_Tool', 'Lab_Integration_Discussion', 'Customer']",1
L007181,Sarah Garcia,NXP Semiconductors GmbH,,North America,,Website,['No_Conversion'],0
L007182,,,,LATAM,Automotive Ethernet,Event,"['Loaner_Unit_Evaluation', 'Technical_Demo', 'AutoSens_Tech_Talk', 'Technical_Demo', 'Keysight_University_Course', 'Oscilloscope_Selector_Tool', 'LinkedIn_Ad_Click', 'Customer']",1
L007183,Priya Chen,Sony,Semiconductor,,Automotive Ethernet,Webinar,['Customer'],1
L007184,Kenji Ito,,Electronics,APAC,Oscilloscopes,LinkedIn,"['PathWave_Trial_Request', 'AutoSens_Tech_Talk', 'AutoSens_Tech_Talk', 'Whitepaper_Download_5G_Test', 'No_Conversion']",0
L007185,Sarah Johnson,Infin_Tech,Semiconductor,North America,,Website,"['Oscilloscope_Selector_Tool', 'Whitepaper_Download_5G_Test', 'Loaner_Unit_Evaluation', 'No_Conversion']",0
L007186,Hiroshi Ito,Broadcom,Telecom,,,LinkedIn,"['PathWave_Trial_Request', 'Customer']",1
L007187,Chen Garcia,NXP Semiconductors,Semiconductor,Europe,Automotive Ethernet,Sales Outreach,"['Application_Engineer_Call', 'LinkedIn_Ad_Click', 'Keysight_University_Course', 'Keysight_University_Course', 'No_Conversion']",0
L007188,Ahmed Martinez,Raytheon,,LATAM,Oscilloscopes,Sales Outreach,"['Keysight_Workshop_RF_Testing', 'DesignCon_Booth_Visit', 'Whitepaper_Download_5G_Test', 'Keysight_Workshop_RF_Testing', 'No_Conversion']",0
L007189,Kenji Patel,Infineon,Automotive,APAC,Oscilloscopes,Sales Outreach,['No_Conversion'],0
L007190,Sofia Anders,,,,PathWave Software,LinkedIn,"['Technical_Demo', 'MQL', 'Website_Product_Page', 'Customer']",1
L007191,Ahmed Lee,Qualcomm GmbH,,North America,PathWave Software,,"['Keysight_Workshop_RF_Testing', 'Customer']",1
L007192,Laura Williams,,Electronics,,,Webinar,"['Lab_Integration_Discussion', 'Oscilloscope_Selector_Tool', 'Technical_Demo', 'No_Conversion']",0
L007193,Maria Tanaka,Qualc_Tech,,Europe,PathWave Software,,"['Technical_Demo', 'IMS_Badge_Scan', 'PathWave_Trial_Request', 'Whitepaper_Download_5G_Test', 'Customer']",1
L007194,Laura Tanaka,Infineon GmbH,Semiconductor,North America,5G Testbeds,,"['MQL', 'Oscilloscope_Selector_Tool', 'PathWave_Trial_Request', 'No_Conversion']",0
L007195,,,,APAC,,,"['Application_Engineer_Call', 'Opportunity', 'Lab_Integration_Discussion', 'LinkedIn_Ad_Click', 'SQL', 'MQL', 'MQL', 'No_Conversion']",0
L007196,Ahmed Lee,NXPSe_Tech,Electronics,North America,,Webinar,"['DesignCon_Booth_Visit', 'Lab_Integration_Discussion', 'Application_Engineer_Call', 'Opportunity', 'Customer']",1
L007197,Maria Khan,Raytheon GmbH,Automotive,Europe,Automotive Ethernet,Email Campaign,"['Technical_Demo', 'Oscilloscope_Selector_Tool', 'LinkedIn_Ad_Click', 'Lab_Integration_Discussion', 'Technical_Demo', 'Keysight_Workshop_RF_Testing', 'LinkedIn_Ad_Click', 'No_Conversion']",0
L007198,Daniel Martinez,Qualc_Tech,Semiconductor,,Automotive Ethernet,LinkedIn,"['Website_Product_Page', 'AutoSens_Tech_Talk', 'Keysight_Workshop_RF_Testing', 'Keysight_Workshop_RF_Testing', 'Website_Product_Page', 'Customer']",1
L007199,Michael Anders,Bosch,,North America,,,"['Whitepaper_Download_5G_Test', 'Keysight_Workshop_RF_Testing', 'IMS_Badge_Scan', 'LinkedIn_Ad_Click', 'MQL', 'Technical_Demo', 'AutoSens_Tech_Talk', 'No_Conversion']",0
L007200,Sarah Anders,Raytheon GmbH,Automotive,Europe,PathWave Software,,"['SQL', 'No_Conversion']",0
L007201,Chen Lee,Broad_Tech,,LATAM,5G Testbeds,Webinar,"['AutoSens_Tech_Talk', 'Customer']",1
L007202,Laura Chen,Rayth_Tech,Telecom,Europe,Automotive Ethernet,Email Campaign,"['Keysight_Workshop_RF_Testing', 'SQL', 'PathWave_Trial_Request', 'DesignCon_Booth_Visit', 'Customer']",1
L007203,Maria Williams,Meta Connectivity Labs,Semiconductor,,,Event,"['Keysight_Workshop_RF_Testing', 'Oscilloscope_Selector_Tool', 'LinkedIn_Ad_Click', 'Customer']",1
L007204,,,Electronics,LATAM,Oscilloscopes,Sales Outreach,"['Whitepaper_Download_5G_Test', 'Technical_Demo', 'Customer']",1
L007205,Chen Singh,Raytheon,,LATAM,,Webinar,"['Website_Product_Page', 'MQL', 'Loaner_Unit_Evaluation', 'Application_Engineer_Call', 'Customer']",1
L007206,Laura Williams,Broad_Tech,Aerospace,,Oscilloscopes,Event,"['AutoSens_Tech_Talk', 'Website_Product_Page', 'Application_Engineer_Call', 'Website_Product_Page', 'Loaner_Unit_Evaluation', 'DesignCon_Booth_Visit', 'Customer']",1
L007207,Michael Tanaka,Rayth_Tech,Semiconductor,APAC,,Website,"['IMS_Badge_Scan', 'LinkedIn_Ad_Click', 'Opportunity', 'Keysight_Workshop_RF_Testing', 'No_Conversion']",0
L007208,Ravi Martinez,Rayth_Tech,Automotive,North America,Oscilloscopes,LinkedIn,['No_Conversion'],0
L007209,Ravi Lee,Samsu_Tech,Telecom,North America,Oscilloscopes,,"['MQL', 'Technical_Demo', 'SQL', 'Loaner_Unit_Evaluation', 'Customer']",1
L007210,Kenji Lee,,Automotive,Europe,,Webinar,"['IMS_Badge_Scan', 'Whitepaper_Download_5G_Test', 'MQL', 'Lab_Integration_Discussion', 'DesignCon_Booth_Visit', 'Lab_Integration_Discussion', 'DesignCon_Booth_Visit', 'Keysight_University_Course', 'Customer']",1
L007211,Ahmed Khan,Tesla Energy,Telecom,North America,PathWave Software,LinkedIn,"['Keysight_University_Course', 'Application_Engineer_Call', 'Lab_Integration_Discussion', 'PathWave_Trial_Request', 'No_Conversion']",0
L007212,,,,North America,PathWave Software,,"['Application_Engineer_Call', 'Keysight_Workshop_RF_Testing', 'SQL', 'Technical_Demo', 'Loaner_Unit_Evaluation', 'PathWave_Trial_Request', 'Whitepaper_Download_5G_Test', 'Keysight_Workshop_RF_Testing', 'Customer']",1
L007213,Chen Williams,NXP Semiconductors,Telecom,,,Website,"['MQL', 'Loaner_Unit_Evaluation', 'Application_Engineer_Call', 'PathWave_Trial_Request', 'Keysight_Workshop_RF_Testing', 'Customer']",1
L007214,Daniel Johnson,,Telecom,Europe,PathWave Software,Webinar,"['SQL', 'Whitepaper_Download_5G_Test', 'Whitepaper_Download_5G_Test', 'Keysight_University_Course', 'Customer']",1
L007215,Sarah Chen,Sony_Tech,,North America,5G Testbeds,Website,"['Oscilloscope_Selector_Tool', 'AutoSens_Tech_Talk', 'Keysight_University_Course', 'Application_Engineer_Call', 'Application_Engineer_Call', 'Oscilloscope_Selector_Tool', 'No_Conversion']",0
L007216,Ahmed Chen,,,LATAM,5G Testbeds,Email Campaign,"['AutoSens_Tech_Talk', 'IMS_Badge_Scan', 'Oscilloscope_Selector_Tool', 'LinkedIn_Ad_Click', 'LinkedIn_Ad_Click', 'DesignCon_Booth_Visit', 'Loaner_Unit_Evaluation', 'MQL', 'Customer']",1
L007217,Laura Khan,Tesla Energy GmbH,Electronics,North America,Automotive Ethernet,Website,"['Keysight_Workshop_RF_Testing', 'Keysight_University_Course', 'Opportunity', 'Website_Product_Page', 'No_Conversion']",0
L007218,Sarah Ito,Rayth_Tech,Automotive,North America,PathWave Software,Sales Outreach,"['Keysight_Workshop_RF_Testing', 'MQL', 'MQL', 'Keysight_University_Course', 'Website_Product_Page', 'No_Conversion']",0
L007219,Ravi Ito,Meta Connectivity Labs GmbH,Telecom,,Oscilloscopes,LinkedIn,['Customer'],1
L007220,Chen Anders,Raytheon,Electronics,Europe,5G Testbeds,Webinar,"['Keysight_Workshop_RF_Testing', 'LinkedIn_Ad_Click', 'DesignCon_Booth_Visit', 'Whitepaper_Download_5G_Test', 'LinkedIn_Ad_Click', 'SQL', 'DesignCon_Booth_Visit', 'Opportunity', 'Loaner_Unit_Evaluation', 'Keysight_University_Course', 'Customer']",1
L007221,Kenji Lee,Meta Connectivity Labs,,North America,Oscilloscopes,Website,"['AutoSens_Tech_Talk', 'Oscilloscope_Selector_Tool', 'SQL', 'Loaner_Unit_Evaluation', 'No_Conversion']",0
L007222,Laura Ito,Tesla Energy GmbH,Telecom,LATAM,PathWave Software,Sales Outreach,"['AutoSens_Tech_Talk', 'Opportunity', 'Whitepaper_Download_5G_Test', 'Opportunity', 'Technical_Demo', 'SQL', 'DesignCon_Booth_Visit', 'Application_Engineer_Call', 'SQL', 'Loaner_Unit_Evaluation', 'Customer']",1
L007223,Sofia Garcia,Sony,Semiconductor,APAC,Automotive Ethernet,Webinar,"['Whitepaper_Download_5G_Test', 'Customer']",1
L007224,Laura Williams,Sony GmbH,Electronics,LATAM,5G Testbeds,Webinar,"['Keysight_University_Course', 'Website_Product_Page', 'Keysight_University_Course', 'Website_Product_Page', 'PathWave_Trial_Request', 'No_Conversion']",0
L007225,Daniel Chen,,Automotive,,PathWave Software,Event,"['Keysight_Workshop_RF_Testing', 'Whitepaper_Download_5G_Test', 'IMS_Badge_Scan', 'AutoSens_Tech_Talk', 'Keysight_Workshop_RF_Testing', 'Technical_Demo', 'No_Conversion']",0
L007226,,Tesla_Tech,,,,,"['Oscilloscope_Selector_Tool', 'Loaner_Unit_Evaluation', 'Website_Product_Page', 'Customer']",1
L007227,Daniel Patel,Broad_Tech,Aerospace,APAC,,Website,"['DesignCon_Booth_Visit', 'Oscilloscope_Selector_Tool', 'Application_Engineer_Call', 'Lab_Integration_Discussion', 'AutoSens_Tech_Talk', 'LinkedIn_Ad_Click', 'No_Conversion']",0
L007228,Laura Singh,,,Europe,,,"['Application_Engineer_Call', 'Loaner_Unit_Evaluation', 'Technical_Demo', 'PathWave_Trial_Request', 'Website_Product_Page', 'IMS_Badge_Scan', 'Opportunity', 'Opportunity', 'Technical_Demo', 'PathWave_Trial_Request', 'No_Conversion']",0
L007229,Daniel Johnson,Qualcomm,,APAC,PathWave Software,Webinar,"['SQL', 'Technical_Demo', 'Whitepaper_Download_5G_Test', 'No_Conversion']",0
L007230,Chen Chen,Rayth_Tech,Telecom,Europe,PathWave Software,LinkedIn,"['Keysight_Workshop_RF_Testing', 'MQL', 'LinkedIn_Ad_Click', 'Whitepaper_Download_5G_Test', 'No_Conversion']",0
L007231,Priya Lee,,Electronics,LATAM,Automotive Ethernet,Event,"['Lab_Integration_Discussion', 'LinkedIn_Ad_Click', 'SQL', 'Lab_Integration_Discussion', 'Customer']",1
L007232,Priya Williams,Broadcom GmbH,Telecom,North America,,,"['Oscilloscope_Selector_Tool', 'Opportunity', 'AutoSens_Tech_Talk', 'Keysight_University_Course', 'Oscilloscope_Selector_Tool', 'SQL', 'No_Conversion']",0
L007233,Ravi Tanaka,Sony_Tech,Semiconductor,LATAM,Automotive Ethernet,Event,"['SQL', 'IMS_Badge_Scan', 'Keysight_Workshop_RF_Testing', 'MQL', 'Customer']",1
L007234,Priya Williams,,Semiconductor,North America,Automotive Ethernet,Email Campaign,"['Technical_Demo', 'Website_Product_Page', 'Website_Product_Page', 'Website_Product_Page', 'Lab_Integration_Discussion', 'Website_Product_Page', 'No_Conversion']",0
L007235,Daniel Chen,,Aerospace,LATAM,5G Testbeds,LinkedIn,"['Whitepaper_Download_5G_Test', 'LinkedIn_Ad_Click', 'IMS_Badge_Scan', 'Technical_Demo', 'Opportunity', 'Customer']",1
L007236,Daniel Chen,Raytheon GmbH,Automotive,LATAM,Oscilloscopes,Email Campaign,"['Whitepaper_Download_5G_Test', 'Loaner_Unit_Evaluation', 'Keysight_University_Course', 'Application_Engineer_Call', 'IMS_Badge_Scan', 'Opportunity', 'DesignCon_Booth_Visit', 'Keysight_Workshop_RF_Testing', 'Website_Product_Page', 'No_Conversion']",0
L007237,Daniel Garcia,Meta Connectivity Labs GmbH,Semiconductor,,5G Testbeds,Event,"['MQL', 'PathWave_Trial_Request', 'Customer']",1
L007238,Kenji Johnson,Broadcom GmbH,Automotive,LATAM,,LinkedIn,['Customer'],1
L007239,Hiroshi Martinez,NXPSe_Tech,Automotive,APAC,,Sales Outreach,"['Whitepaper_Download_5G_Test', 'DesignCon_Booth_Visit', 'DesignCon_Booth_Visit', 'IMS_Badge_Scan', 'IMS_Badge_Scan', 'DesignCon_Booth_Visit', 'DesignCon_Booth_Visit', 'SQL', 'IMS_Badge_Scan', 'No_Conversion']",0
L007240,Kenji Anders,Qualc_Tech,,Europe,,Event,"['IMS_Badge_Scan', 'IMS_Badge_Scan', 'SQL', 'Application_Engineer_Call', 'Customer']",1
L007241,,Qualc_Tech,,LATAM,Automotive Ethernet,Sales Outreach,"['AutoSens_Tech_Talk', 'Keysight_Workshop_RF_Testing', 'Application_Engineer_Call', 'Loaner_Unit_Evaluation', 'Customer']",1
L007242,Chen Ito,Samsung Electronics GmbH,Telecom,,Automotive Ethernet,Webinar,"['AutoSens_Tech_Talk', 'Technical_Demo', 'AutoSens_Tech_Talk', 'DesignCon_Booth_Visit', 'DesignCon_Booth_Visit', 'PathWave_Trial_Request', 'Technical_Demo', 'LinkedIn_Ad_Click', 'Technical_Demo', 'No_Conversion']",0
L007243,Laura Garcia,NXPSe_Tech,,North America,Automotive Ethernet,Webinar,"['LinkedIn_Ad_Click', 'Lab_Integration_Discussion', 'No_Conversion']",0
L007244,Sofia Tanaka,,Telecom,,,Webinar,"['Website_Product_Page', 'Website_Product_Page', 'DesignCon_Booth_Visit', 'AutoSens_Tech_Talk', 'No_Conversion']",0
L007245,,,Electronics,North America,Automotive Ethernet,LinkedIn,['Customer'],1
L007246,Priya Ito,Bosch,Automotive,North America,Oscilloscopes,LinkedIn,"['AutoSens_Tech_Talk', 'Keysight_Workshop_RF_Testing', 'Customer']",1
L007247,Chen Singh,,Automotive,LATAM,Automotive Ethernet,Email Campaign,"['IMS_Badge_Scan', 'Whitepaper_Download_5G_Test', 'Whitepaper_Download_5G_Test', 'PathWave_Trial_Request', 'LinkedIn_Ad_Click', 'Website_Product_Page', 'No_Conversion']",0
L007248,Ahmed Garcia,,Automotive,LATAM,PathWave Software,LinkedIn,"['Keysight_Workshop_RF_Testing', 'Keysight_Workshop_RF_Testing', 'Oscilloscope_Selector_Tool', 'Technical_Demo', 'Website_Product_Page', 'AutoSens_Tech_Talk', 'DesignCon_Booth_Visit', 'AutoSens_Tech_Talk', 'Technical_Demo', 'No_Conversion']",0
L007249,Ahmed Johnson,Qualc_Tech,,APAC,Oscilloscopes,LinkedIn,"['DesignCon_Booth_Visit', 'Technical_Demo', 'Lab_Integration_Discussion', 'Customer']",1
L007250,Laura Lee,Tesla Energy GmbH,,,PathWave Software,Event,"['Lab_Integration_Discussion', 'IMS_Badge_Scan', 'PathWave_Trial_Request', 'PathWave_Trial_Request', 'Oscilloscope_Selector_Tool', 'No_Conversion']",0
L007251,Hiroshi Martinez,Broadcom,,North America,Automotive Ethernet,Website,"['Keysight_University_Course', 'SQL', 'IMS_Badge_Scan', 'Whitepaper_Download_5G_Test', 'Keysight_Workshop_RF_Testing', 'MQL', 'Technical_Demo', 'IMS_Badge_Scan', 'Customer']",1
L007252,Daniel Khan,MetaC_Tech,,Europe,Automotive Ethernet,Sales Outreach,"['DesignCon_Booth_Visit', 'Website_Product_Page', 'PathWave_Trial_Request', 'No_Conversion']",0
L007253,Laura Khan,Qualcomm GmbH,Telecom,,,Email Campaign,"['AutoSens_Tech_Talk', 'Keysight_University_Course', 'LinkedIn_Ad_Click', 'Loaner_Unit_Evaluation', 'IMS_Badge_Scan', 'Technical_Demo', 'Opportunity', 'Website_Product_Page', 'IMS_Badge_Scan', 'No_Conversion']",0
L007254,Chen Anders,Qualc_Tech,,Europe,Automotive Ethernet,Webinar,['No_Conversion'],0
L007255,Chen Martinez,Bosch,Telecom,,Automotive Ethernet,Event,"['Keysight_Workshop_RF_Testing', 'Website_Product_Page', 'Keysight_Workshop_RF_Testing', 'DesignCon_Booth_Visit', 'Customer']",1
L007256,Sofia Chen,Samsung Electronics,Semiconductor,LATAM,Automotive Ethernet,Sales Outreach,"['MQL', 'Customer']",1
L007257,Laura Chen,,,Europe,5G Testbeds,,"['LinkedIn_Ad_Click', 'AutoSens_Tech_Talk', 'LinkedIn_Ad_Click', 'Lab_Integration_Discussion', 'Customer']",1
L007258,Laura Anders,,Telecom,North America,Automotive Ethernet,Sales Outreach,"['LinkedIn_Ad_Click', 'DesignCon_Booth_Visit', 'DesignCon_Booth_Visit', 'LinkedIn_Ad_Click', 'Customer']",1
L007259,Sofia Khan,Infineon GmbH,Electronics,North America,Automotive Ethernet,Webinar,"['PathWave_Trial_Request', 'Oscilloscope_Selector_Tool', 'Customer']",1
L007260,Sofia Martinez,Bosch_Tech,,Europe,Automotive Ethernet,Email Campaign,['Customer'],1
L007261,Daniel Anders,Bosch,,Europe,,Sales Outreach,"['Application_Engineer_Call', 'Technical_Demo', 'AutoSens_Tech_Talk', 'Website_Product_Page', 'IMS_Badge_Scan', 'Whitepaper_Download_5G_Test', 'Customer']",1
L007262,Sarah Anders,,Electronics,,,Webinar,"['Opportunity', 'Website_Product_Page', 'PathWave_Trial_Request', 'No_Conversion']",0
L007263,Laura Anders,Broadcom,,,,Email Campaign,"['Keysight_University_Course', 'Technical_Demo', 'Application_Engineer_Call', 'Lab_Integration_Discussion', 'No_Conversion']",0
L007264,Ravi Singh,Samsung Electronics,,Europe,PathWave Software,Event,"['PathWave_Trial_Request', 'Oscilloscope_Selector_Tool', 'PathWave_Trial_Request', 'No_Conversion']",0
L007265,Priya Anders,Tesla Energy GmbH,Telecom,APAC,PathWave Software,Email Campaign,"['Lab_Integration_Discussion', 'Oscilloscope_Selector_Tool', 'IMS_Badge_Scan', 'Oscilloscope_Selector_Tool', 'Website_Product_Page', 'Application_Engineer_Call', 'No_Conversion']",0
L007266,Kenji Chen,Samsu_Tech,Automotive,Europe,PathWave Software,Email Campaign,"['LinkedIn_Ad_Click', 'AutoSens_Tech_Talk', 'IMS_Badge_Scan', 'Keysight_Workshop_RF_Testing', 'No_Conversion']",0
L007267,Daniel Khan,Samsung Electronics,Semiconductor,APAC,,Website,"['Opportunity', 'No_Conversion']",0
L007268,,NXPSe_Tech,,APAC,5G Testbeds,Website,"['DesignCon_Booth_Visit', 'Oscilloscope_Selector_Tool', 'LinkedIn_Ad_Click', 'LinkedIn_Ad_Click', 'Whitepaper_Download_5G_Test', 'No_Conversion']",0
L007269,Michael Ito,Samsung Electronics GmbH,Automotive,,5G Testbeds,,"['Loaner_Unit_Evaluation', 'LinkedIn_Ad_Click', 'Application_Engineer_Call', 'Lab_Integration_Discussion', 'MQL', 'MQL', 'Loaner_Unit_Evaluation', 'Opportunity', 'Technical_Demo', 'Whitepaper_Download_5G_Test', 'No_Conversion']",0
L007270,Hiroshi Tanaka,,Telecom,North America,,Webinar,['No_Conversion'],0
L007271,Laura Martinez,Meta Connectivity Labs,Aerospace,North America,,,"['Lab_Integration_Discussion', 'Oscilloscope_Selector_Tool', 'SQL', 'LinkedIn_Ad_Click', 'SQL', 'PathWave_Trial_Request', 'IMS_Badge_Scan', 'Opportunity', 'Website_Product_Page', 'Customer']",1
L007272,Sofia Martinez,Infineon GmbH,,Europe,Automotive Ethernet,Website,"['MQL', 'Website_Product_Page', 'AutoSens_Tech_Talk', 'No_Conversion']",0
L007273,Laura Johnson,Bosch,,,,Event,"['MQL', 'Loaner_Unit_Evaluation', 'Whitepaper_Download_5G_Test', 'Opportunity', 'Keysight_University_Course', 'Loaner_Unit_Evaluation', 'No_Conversion']",0
L007274,Laura Tanaka,Broadcom GmbH,Aerospace,North America,,Webinar,"['Keysight_Workshop_RF_Testing', 'SQL', 'DesignCon_Booth_Visit', 'Whitepaper_Download_5G_Test', 'Oscilloscope_Selector_Tool', 'No_Conversion']",0
L007275,Kenji Martinez,MetaC_Tech,Automotive,LATAM,,,"['Website_Product_Page', 'Keysight_University_Course', 'Keysight_Workshop_RF_Testing', 'LinkedIn_Ad_Click', 'IMS_Badge_Scan', 'Opportunity', 'Lab_Integration_Discussion', 'No_Conversion']",0
L007276,Ahmed Garcia,NXP Semiconductors GmbH,Telecom,Europe,Automotive Ethernet,LinkedIn,"['Keysight_Workshop_RF_Testing', 'Customer']",1
L007277,Michael Tanaka,Rayth_Tech,Automotive,LATAM,5G Testbeds,Website,"['Keysight_University_Course', 'Customer']",1
L007278,Maria Chen,,,North America,PathWave Software,Event,"['PathWave_Trial_Request', 'Loaner_Unit_Evaluation', 'Website_Product_Page', 'Application_Engineer_Call', 'Lab_Integration_Discussion', 'MQL', 'LinkedIn_Ad_Click', 'No_Conversion']",0
L007279,Maria Chen,Qualc_Tech,Semiconductor,Europe,PathWave Software,LinkedIn,"['PathWave_Trial_Request', 'Oscilloscope_Selector_Tool', 'DesignCon_Booth_Visit', 'LinkedIn_Ad_Click', 'No_Conversion']",0
L007280,Daniel Tanaka,,Electronics,,,Email Campaign,"['Lab_Integration_Discussion', 'Application_Engineer_Call', 'Website_Product_Page', 'Loaner_Unit_Evaluation', 'Technical_Demo', 'AutoSens_Tech_Talk', 'AutoSens_Tech_Talk', 'Customer']",1
L007281,Sofia Tanaka,Sony GmbH,Semiconductor,APAC,,LinkedIn,"['SQL', 'Loaner_Unit_Evaluation', 'IMS_Badge_Scan', 'Keysight_University_Course', 'PathWave_Trial_Request', 'Customer']",1
L007282,Chen Khan,Infineon GmbH,Automotive,LATAM,,Email Campaign,"['PathWave_Trial_Request', 'LinkedIn_Ad_Click', 'DesignCon_Booth_Visit', 'Lab_Integration_Discussion', 'Opportunity', 'MQL', 'LinkedIn_Ad_Click', 'No_Conversion']",0
L007283,Priya Williams,,Aerospace,Europe,,Sales Outreach,"['Whitepaper_Download_5G_Test', 'Customer']",1
L007284,Michael Martinez,NXP Semiconductors,Automotive,APAC,,Webinar,"['Lab_Integration_Discussion', 'SQL', 'SQL', 'Oscilloscope_Selector_Tool', 'Whitepaper_Download_5G_Test', 'DesignCon_Booth_Visit', 'No_Conversion']",0
L007285,Laura Tanaka,Broadcom,Aerospace,APAC,,Website,"['Technical_Demo', 'Keysight_Workshop_RF_Testing', 'AutoSens_Tech_Talk', 'Loaner_Unit_Evaluation', 'DesignCon_Booth_Visit', 'Customer']",1
L007286,Hiroshi Ito,Sony GmbH,Telecom,APAC,,,"['Keysight_University_Course', 'Lab_Integration_Discussion', 'Application_Engineer_Call', 'Loaner_Unit_Evaluation', 'No_Conversion']",0
L007287,Daniel Khan,Broadcom,,North America,PathWave Software,Sales Outreach,"['Whitepaper_Download_5G_Test', 'Whitepaper_Download_5G_Test', 'No_Conversion']",0
L007288,Chen Chen,Tesla Energy GmbH,Telecom,,,Event,"['Keysight_University_Course', 'Website_Product_Page', 'Application_Engineer_Call', 'Whitepaper_Download_5G_Test', 'Oscilloscope_Selector_Tool', 'Technical_Demo', 'IMS_Badge_Scan', 'Customer']",1
L007289,Michael Khan,,,LATAM,,,"['DesignCon_Booth_Visit', 'Application_Engineer_Call', 'AutoSens_Tech_Talk', 'Keysight_Workshop_RF_Testing', 'No_Conversion']",0
L007290,,Tesla Energy,Electronics,Europe,,Webinar,"['MQL', 'Keysight_Workshop_RF_Testing', 'Technical_Demo', 'Loaner_Unit_Evaluation', 'AutoSens_Tech_Talk', 'PathWave_Trial_Request', 'AutoSens_Tech_Talk', 'IMS_Badge_Scan', 'Customer']",1
L007291,,,,,,Webinar,"['PathWave_Trial_Request', 'Lab_Integration_Discussion', 'Technical_Demo', 'MQL', 'Customer']",1
L007292,Hiroshi Singh,,,North America,Oscilloscopes,Sales Outreach,"['DesignCon_Booth_Visit', 'No_Conversion']",0
L007293,Sofia Khan,Raytheon,Semiconductor,Europe,,LinkedIn,"['IMS_Badge_Scan', 'DesignCon_Booth_Visit', 'Customer']",1
L007294,Hiroshi Chen,Tesla_Tech,Semiconductor,,Oscilloscopes,LinkedIn,"['MQL', 'Keysight_Workshop_RF_Testing', 'Opportunity', 'Technical_Demo', 'SQL', 'Lab_Integration_Discussion', 'DesignCon_Booth_Visit', 'Whitepaper_Download_5G_Test', 'No_Conversion']",0
L007295,Kenji Khan,,Automotive,APAC,,Sales Outreach,"['Keysight_Workshop_RF_Testing', 'SQL', 'MQL', 'Loaner_Unit_Evaluation', 'Oscilloscope_Selector_Tool', 'Customer']",1
L007296,Laura Lee,Broadcom,Telecom,APAC,Automotive Ethernet,,['Customer'],1
L007297,Michael Johnson,Samsung Electronics GmbH,Aerospace,Europe,Oscilloscopes,Event,"['Keysight_University_Course', 'Loaner_Unit_Evaluation', 'LinkedIn_Ad_Click', 'Lab_Integration_Discussion', 'Application_Engineer_Call', 'Oscilloscope_Selector_Tool', 'No_Conversion']",0
L007298,Sarah Chen,,Aerospace,Europe,5G Testbeds,,"['Keysight_Workshop_RF_Testing', 'MQL', 'LinkedIn_Ad_Click', 'Customer']",1
L007299,Laura Anders,Broadcom GmbH,Telecom,North America,5G Testbeds,Sales Outreach,"['Technical_Demo', 'SQL', 'IMS_Badge_Scan', 'Loaner_Unit_Evaluation', 'Customer']",1
L007300,Sofia Khan,Infineon,Semiconductor,North America,,Email Campaign,['No_Conversion'],0
L007301,Sarah Garcia,Rayth_Tech,,APAC,Automotive Ethernet,Website,"['PathWave_Trial_Request', 'DesignCon_Booth_Visit', 'PathWave_Trial_Request', 'AutoSens_Tech_Talk', 'Keysight_University_Course', 'No_Conversion']",0
L007302,Hiroshi Anders,Qualc_Tech,,,PathWave Software,Email Campaign,['Customer'],1
L007303,Laura Anders,Sony_Tech,Aerospace,LATAM,,LinkedIn,"['Whitepaper_Download_5G_Test', 'Customer']",1
L007304,Michael Anders,Samsung Electronics GmbH,Aerospace,,5G Testbeds,,"['MQL', 'Loaner_Unit_Evaluation', 'Oscilloscope_Selector_Tool', 'Opportunity', 'AutoSens_Tech_Talk', 'Loaner_Unit_Evaluation', 'IMS_Badge_Scan', 'AutoSens_Tech_Talk', 'AutoSens_Tech_Talk', 'No_Conversion']",0
L007305,Chen Anders,Bosch_Tech,Automotive,APAC,Oscilloscopes,Email Campaign,"['Loaner_Unit_Evaluation', 'Whitepaper_Download_5G_Test', 'Application_Engineer_Call', 'PathWave_Trial_Request', 'Loaner_Unit_Evaluation', 'Customer']",1
L007306,,Meta Connectivity Labs,,North America,5G Testbeds,,"['PathWave_Trial_Request', 'SQL', 'Oscilloscope_Selector_Tool', 'Keysight_University_Course', 'Opportunity', 'No_Conversion']",0
L007307,Kenji Singh,,Aerospace,Europe,,Sales Outreach,"['Opportunity', 'Loaner_Unit_Evaluation', 'PathWave_Trial_Request', 'Whitepaper_Download_5G_Test', 'Customer']",1
L007308,Ravi Anders,,Automotive,LATAM,Automotive Ethernet,Email Campaign,['Customer'],1
L007309,Ravi Ito,Meta Connectivity Labs GmbH,,,,Website,['Customer'],1
L007310,Laura Williams,NXPSe_Tech,,,Automotive Ethernet,Website,"['LinkedIn_Ad_Click', 'Whitepaper_Download_5G_Test', 'DesignCon_Booth_Visit', 'Keysight_Workshop_RF_Testing', 'Customer']",1
L007311,Laura Khan,MetaC_Tech,,Europe,,Email Campaign,"['Technical_Demo', 'Customer']",1
L007312,Sarah Patel,Qualcomm GmbH,Telecom,,,Event,"['PathWave_Trial_Request', 'Opportunity', 'Technical_Demo', 'Customer']",1
L007313,Maria Tanaka,Broadcom,,,PathWave Software,Webinar,"['Website_Product_Page', 'Keysight_Workshop_RF_Testing', 'AutoSens_Tech_Talk', 'Customer']",1
L007314,Hiroshi Ito,Infin_Tech,Electronics,,,Email Campaign,"['PathWave_Trial_Request', 'Application_Engineer_Call', 'Keysight_Workshop_RF_Testing', 'DesignCon_Booth_Visit', 'Keysight_Workshop_RF_Testing', 'MQL', 'LinkedIn_Ad_Click', 'No_Conversion']",0
L007315,Ahmed Johnson,Infin_Tech,Aerospace,LATAM,,LinkedIn,"['Oscilloscope_Selector_Tool', 'Keysight_Workshop_RF_Testing', 'Lab_Integration_Discussion', 'No_Conversion']",0
L007316,Ravi Anders,,,APAC,PathWave Software,Sales Outreach,"['Keysight_Workshop_RF_Testing', 'Technical_Demo', 'Lab_Integration_Discussion', 'IMS_Badge_Scan', 'Oscilloscope_Selector_Tool', 'No_Conversion']",0
L007317,Daniel Garcia,Raytheon GmbH,Telecom,,Automotive Ethernet,Event,"['PathWave_Trial_Request', 'Loaner_Unit_Evaluation', 'MQL', 'Application_Engineer_Call', 'IMS_Badge_Scan', 'Oscilloscope_Selector_Tool', 'Whitepaper_Download_5G_Test', 'Keysight_Workshop_RF_Testing', 'Lab_Integration_Discussion', 'Loaner_Unit_Evaluation', 'Customer']",1
L007318,Sarah Patel,Qualc_Tech,Telecom,,PathWave Software,Sales Outreach,"['Opportunity', 'Loaner_Unit_Evaluation', 'Technical_Demo', 'MQL', 'Lab_Integration_Discussion', 'Keysight_Workshop_RF_Testing', 'Opportunity', 'Customer']",1
L007319,Laura Garcia,Infin_Tech,Aerospace,Europe,PathWave Software,,"['LinkedIn_Ad_Click', 'AutoSens_Tech_Talk', 'Website_Product_Page', 'Application_Engineer_Call', 'MQL', 'Customer']",1
L007320,Priya Martinez,,,,,Webinar,"['Oscilloscope_Selector_Tool', 'Technical_Demo', 'Customer']",1
L007321,Priya Khan,Bosch_Tech,,North America,,LinkedIn,"['Application_Engineer_Call', 'IMS_Badge_Scan', 'MQL', 'Opportunity', 'Loaner_Unit_Evaluation', 'Keysight_Workshop_RF_Testing', 'MQL', 'Keysight_Workshop_RF_Testing', 'Website_Product_Page', 'Keysight_University_Course', 'Customer']",1
L007322,Laura Garcia,Rayth_Tech,Telecom,Europe,Automotive Ethernet,Webinar,"['Whitepaper_Download_5G_Test', 'Lab_Integration_Discussion', 'Application_Engineer_Call', 'Loaner_Unit_Evaluation', 'Website_Product_Page', 'Customer']",1
L007323,Hiroshi Anders,NXPSe_Tech,Automotive,,,Sales Outreach,"['IMS_Badge_Scan', 'Keysight_University_Course', 'Opportunity', 'Application_Engineer_Call', 'IMS_Badge_Scan', 'Customer']",1
L007324,Ravi Singh,Qualcomm GmbH,,,PathWave Software,,"['Keysight_University_Course', 'Technical_Demo', 'LinkedIn_Ad_Click', 'Application_Engineer_Call', 'DesignCon_Booth_Visit', 'Technical_Demo', 'Oscilloscope_Selector_Tool', 'No_Conversion']",0
L007325,Chen Patel,Broadcom,,,,Email Campaign,"['Oscilloscope_Selector_Tool', 'Application_Engineer_Call', 'Oscilloscope_Selector_Tool', 'Whitepaper_Download_5G_Test', 'AutoSens_Tech_Talk', 'Technical_Demo', 'Lab_Integration_Discussion', 'Website_Product_Page', 'No_Conversion']",0
L007326,Hiroshi Singh,Tesla Energy,,APAC,Automotive Ethernet,,"['Opportunity', 'No_Conversion']",0
L007327,Sarah Khan,Broadcom,,LATAM,,Email Campaign,"['Loaner_Unit_Evaluation', 'Lab_Integration_Discussion', 'Keysight_Workshop_RF_Testing', 'Customer']",1
L007328,Hiroshi Singh,Sony,,,Oscilloscopes,Website,['Customer'],1
L007329,Hiroshi Lee,Raytheon,,,PathWave Software,Email Campaign,"['LinkedIn_Ad_Click', 'Opportunity', 'Customer']",1
L007330,Sarah Williams,Broad_Tech,Aerospace,APAC,,Webinar,"['SQL', 'Application_Engineer_Call', 'Opportunity', 'Technical_Demo', 'IMS_Badge_Scan', 'No_Conversion']",0
L007331,Sarah Chen,Sony GmbH,Electronics,Europe,,Webinar,"['MQL', 'Whitepaper_Download_5G_Test', 'DesignCon_Booth_Visit', 'Oscilloscope_Selector_Tool', 'Oscilloscope_Selector_Tool', 'Oscilloscope_Selector_Tool', 'Customer']",1
L007332,Sarah Tanaka,Sony_Tech,Aerospace,Europe,,Email Campaign,"['Technical_Demo', 'Oscilloscope_Selector_Tool', 'MQL', 'Loaner_Unit_Evaluation', 'Technical_Demo', 'No_Conversion']",0
L007333,,,,North America,Automotive Ethernet,Website,"['PathWave_Trial_Request', 'Keysight_Workshop_RF_Testing', 'Keysight_Workshop_RF_Testing', 'Customer']",1
L007334,Laura Anders,Sony_Tech,,,5G Testbeds,Website,"['IMS_Badge_Scan', 'DesignCon_Booth_Visit', 'DesignCon_Booth_Visit', 'SQL', 'Application_Engineer_Call', 'Customer']",1
L007335,,,Semiconductor,Europe,,Website,['Customer'],1
L007336,Kenji Chen,Raytheon GmbH,,APAC,,,"['IMS_Badge_Scan', 'AutoSens_Tech_Talk', 'Keysight_Workshop_RF_Testing', 'LinkedIn_Ad_Click', 'No_Conversion']",0
L007337,Michael Johnson,Sony,,APAC,Oscilloscopes,LinkedIn,"['Website_Product_Page', 'IMS_Badge_Scan', 'Technical_Demo', 'Opportunity', 'PathWave_Trial_Request', 'LinkedIn_Ad_Click', 'Whitepaper_Download_5G_Test', 'Keysight_University_Course', 'DesignCon_Booth_Visit', 'No_Conversion']",0
L007338,Ravi Lee,NXPSe_Tech,,Europe,,Webinar,"['Lab_Integration_Discussion', 'Technical_Demo', 'Application_Engineer_Call', 'AutoSens_Tech_Talk', 'Customer']",1
L007339,Ravi Garcia,,Telecom,North America,Oscilloscopes,,"['Keysight_Workshop_RF_Testing', 'Lab_Integration_Discussion', 'IMS_Badge_Scan', 'LinkedIn_Ad_Click', 'Keysight_Workshop_RF_Testing', 'No_Conversion']",0
L007340,Daniel Garcia,Qualcomm,,North America,PathWave Software,,"['Whitepaper_Download_5G_Test', 'DesignCon_Booth_Visit', 'Customer']",1
L007341,Chen Anders,Broad_Tech,,LATAM,,Email Campaign,"['DesignCon_Booth_Visit', 'MQL', 'Keysight_University_Course', 'Opportunity', 'Keysight_University_Course', 'Customer']",1
L007342,Priya Anders,Rayth_Tech,Telecom,APAC,,LinkedIn,['No_Conversion'],0
L007343,Laura Anders,Samsung Electronics,Semiconductor,Europe,Oscilloscopes,Webinar,"['Website_Product_Page', 'Customer']",1
L007344,Kenji Garcia,Samsung Electronics GmbH,Semiconductor,Europe,,Webinar,"['Technical_Demo', 'Application_Engineer_Call', 'No_Conversion']",0
L007345,Ravi Khan,NXP Semiconductors GmbH,,LATAM,Automotive Ethernet,Website,"['Keysight_Workshop_RF_Testing', 'LinkedIn_Ad_Click', 'Whitepaper_Download_5G_Test', 'PathWave_Trial_Request', 'No_Conversion']",0
L007346,Ahmed Chen,NXP Semiconductors,Electronics,North America,,LinkedIn,"['Opportunity', 'No_Conversion']",0
L007347,Hiroshi Singh,NXP Semiconductors,Electronics,,,,['No_Conversion'],0
L007348,Sarah Johnson,Bosch_Tech,,Europe,,Sales Outreach,"['Keysight_University_Course', 'No_Conversion']",0
L007349,,Meta Connectivity Labs,Electronics,LATAM,,Email Campaign,"['Whitepaper_Download_5G_Test', 'No_Conversion']",0
L007350,Ravi Garcia,Sony_Tech,Aerospace,APAC,PathWave Software,Event,"['AutoSens_Tech_Talk', 'Lab_Integration_Discussion', 'Technical_Demo', 'IMS_Badge_Scan', 'Whitepaper_Download_5G_Test', 'Oscilloscope_Selector_Tool', 'Lab_Integration_Discussion', 'AutoSens_Tech_Talk', 'Keysight_Workshop_RF_Testing', 'Application_Engineer_Call', 'Customer']",1
L007351,Sofia Williams,Bosch,Aerospace,APAC,,Website,"['Whitepaper_Download_5G_Test', 'IMS_Badge_Scan', 'PathWave_Trial_Request', 'Loaner_Unit_Evaluation', 'Oscilloscope_Selector_Tool', 'Lab_Integration_Discussion', 'IMS_Badge_Scan', 'Whitepaper_Download_5G_Test', 'Whitepaper_Download_5G_Test', 'No_Conversion']",0
L007352,Hiroshi Ito,Qualcomm GmbH,Automotive,North America,,Website,"['DesignCon_Booth_Visit', 'Keysight_University_Course', 'MQL', 'Keysight_University_Course', 'Loaner_Unit_Evaluation', 'PathWave_Trial_Request', 'IMS_Badge_Scan', 'Opportunity', 'Website_Product_Page', 'No_Conversion']",0
L007353,Maria Chen,MetaC_Tech,,North America,Oscilloscopes,Webinar,"['PathWave_Trial_Request', 'Customer']",1
L007354,Chen Khan,Tesla Energy,,North America,Oscilloscopes,,"['DesignCon_Booth_Visit', 'MQL', 'AutoSens_Tech_Talk', 'DesignCon_Booth_Visit', 'Customer']",1
L007355,Michael Martinez,Bosch,Electronics,North America,5G Testbeds,,"['Opportunity', 'LinkedIn_Ad_Click', 'IMS_Badge_Scan', 'Oscilloscope_Selector_Tool', 'No_Conversion']",0
L007356,Maria Khan,,Automotive,North America,PathWave Software,LinkedIn,"['Keysight_Workshop_RF_Testing', 'Technical_Demo', 'Application_Engineer_Call', 'Website_Product_Page', 'Loaner_Unit_Evaluation', 'IMS_Badge_Scan', 'SQL', 'IMS_Badge_Scan', 'No_Conversion']",0
L007357,Chen Anders,Bosch GmbH,Aerospace,North America,Oscilloscopes,,"['SQL', 'Opportunity', 'LinkedIn_Ad_Click', 'Opportunity', 'No_Conversion']",0
L007358,Priya Lee,Samsung Electronics,Automotive,North America,5G Testbeds,Webinar,"['Application_Engineer_Call', 'AutoSens_Tech_Talk', 'MQL', 'Whitepaper_Download_5G_Test', 'No_Conversion']",0
L007359,Sarah Khan,Meta Connectivity Labs GmbH,Semiconductor,LATAM,,Email Campaign,"['Website_Product_Page', 'PathWave_Trial_Request', 'IMS_Badge_Scan', 'PathWave_Trial_Request', 'PathWave_Trial_Request', 'DesignCon_Booth_Visit', 'Website_Product_Page', 'Application_Engineer_Call', 'Opportunity', 'Customer']",1
L007360,Laura Johnson,Bosch,Semiconductor,Europe,Automotive Ethernet,Webinar,['No_Conversion'],0
L007361,Chen Garcia,Broadcom,,Europe,,Webinar,"['Website_Product_Page', 'LinkedIn_Ad_Click', 'Whitepaper_Download_5G_Test', 'MQL', 'IMS_Badge_Scan', 'Keysight_Workshop_RF_Testing', 'No_Conversion']",0
L007362,,Samsung Electronics GmbH,,LATAM,,Event,"['Opportunity', 'Website_Product_Page', 'AutoSens_Tech_Talk', 'Website_Product_Page', 'Customer']",1
L007363,Priya Lee,Qualcomm GmbH,Semiconductor,APAC,PathWave Software,Event,['Customer'],1
L007364,Laura Singh,Tesla Energy GmbH,,Europe,Oscilloscopes,Website,"['IMS_Badge_Scan', 'SQL', 'PathWave_Trial_Request', 'No_Conversion']",0
L007365,Laura Chen,,Electronics,APAC,Automotive Ethernet,Sales Outreach,"['Keysight_University_Course', 'Keysight_University_Course', 'Keysight_University_Course', 'Whitepaper_Download_5G_Test', 'Technical_Demo', 'LinkedIn_Ad_Click', 'Keysight_Workshop_RF_Testing', 'Keysight_University_Course', 'MQL', 'No_Conversion']",0
L007366,Michael Anders,Tesla_Tech,,APAC,Automotive Ethernet,Email Campaign,"['IMS_Badge_Scan', 'AutoSens_Tech_Talk', 'MQL', 'Customer']",1
L007367,Chen Lee,Tesla Energy,Aerospace,LATAM,5G Testbeds,Email Campaign,"['Keysight_Workshop_RF_Testing', 'No_Conversion']",0
L007368,Maria Tanaka,Infineon,Electronics,APAC,,Sales Outreach,['No_Conversion'],0
L007369,Ahmed Ito,Samsung Electronics GmbH,Telecom,APAC,PathWave Software,Event,"['Keysight_Workshop_RF_Testing', 'PathWave_Trial_Request', 'Application_Engineer_Call', 'SQL', 'Keysight_Workshop_RF_Testing', 'Keysight_Workshop_RF_Testing', 'Technical_Demo', 'No_Conversion']",0
L007370,Sarah Anders,NXPSe_Tech,,North America,Automotive Ethernet,LinkedIn,['Customer'],1
L007371,Hiroshi Garcia,Qualcomm,Aerospace,Europe,Oscilloscopes,,['Customer'],1
L007372,Hiroshi Lee,Bosch_Tech,,,,Email Campaign,"['LinkedIn_Ad_Click', 'No_Conversion']",0
L007373,Daniel Ito,NXP Semiconductors GmbH,,LATAM,PathWave Software,LinkedIn,"['Opportunity', 'Application_Engineer_Call', 'Technical_Demo', 'Lab_Integration_Discussion', 'PathWave_Trial_Request', 'SQL', 'SQL', 'No_Conversion']",0
L007374,Laura Ito,Sony_Tech,Semiconductor,,5G Testbeds,LinkedIn,['Customer'],1
L007375,Maria Khan,Tesla_Tech,Semiconductor,Europe,,Webinar,['No_Conversion'],0
L007376,Kenji Johnson,Raytheon,,North America,Oscilloscopes,Sales Outreach,"['Technical_Demo', 'Technical_Demo', 'SQL', 'MQL', 'IMS_Badge_Scan', 'Website_Product_Page', 'SQL', 'No_Conversion']",0
L007377,Ahmed Chen,NXPSe_Tech,Aerospace,LATAM,Oscilloscopes,Event,"['AutoSens_Tech_Talk', 'MQL', 'Website_Product_Page', 'Loaner_Unit_Evaluation', 'Customer']",1
L007378,Ravi Garcia,Meta Connectivity Labs,Electronics,APAC,Oscilloscopes,LinkedIn,"['Keysight_Workshop_RF_Testing', 'AutoSens_Tech_Talk', 'AutoSens_Tech_Talk', 'Lab_Integration_Discussion', 'No_Conversion']",0
L007379,Daniel Garcia,NXPSe_Tech,Electronics,LATAM,Automotive Ethernet,LinkedIn,['Customer'],1
L007380,Chen Khan,Tesla Energy GmbH,Semiconductor,,PathWave Software,Email Campaign,"['Technical_Demo', 'Oscilloscope_Selector_Tool', 'MQL', 'Whitepaper_Download_5G_Test', 'No_Conversion']",0
L007381,Ravi Lee,Broadcom GmbH,Telecom,North America,Oscilloscopes,Webinar,"['Keysight_Workshop_RF_Testing', 'Keysight_University_Course', 'Oscilloscope_Selector_Tool', 'AutoSens_Tech_Talk', 'No_Conversion']",0
L007382,Laura Martinez,Samsung Electronics,Semiconductor,APAC,,LinkedIn,"['MQL', 'IMS_Badge_Scan', 'SQL', 'Whitepaper_Download_5G_Test', 'Keysight_Workshop_RF_Testing', 'No_Conversion']",0
L007383,,MetaC_Tech,Electronics,North America,Oscilloscopes,Sales Outreach,"['Application_Engineer_Call', 'Loaner_Unit_Evaluation', 'DesignCon_Booth_Visit', 'Loaner_Unit_Evaluation', 'No_Conversion']",0
L007384,Hiroshi Patel,Broadcom GmbH,,LATAM,Oscilloscopes,,"['SQL', 'Oscilloscope_Selector_Tool', 'Keysight_University_Course', 'LinkedIn_Ad_Click', 'PathWave_Trial_Request', 'No_Conversion']",0
L007385,Sarah Patel,NXP Semiconductors,,LATAM,PathWave Software,,"['AutoSens_Tech_Talk', 'Loaner_Unit_Evaluation', 'Technical_Demo', 'Loaner_Unit_Evaluation', 'Website_Product_Page', 'No_Conversion']",0
L007386,Hiroshi Williams,,,North America,Automotive Ethernet,Sales Outreach,"['Application_Engineer_Call', 'DesignCon_Booth_Visit', 'MQL', 'Keysight_University_Course', 'No_Conversion']",0
L007387,Kenji Williams,,,Europe,Oscilloscopes,LinkedIn,['No_Conversion'],0
L007388,,Tesla Energy GmbH,Aerospace,APAC,Oscilloscopes,Webinar,"['Loaner_Unit_Evaluation', 'AutoSens_Tech_Talk', 'IMS_Badge_Scan', 'Application_Engineer_Call', 'Whitepaper_Download_5G_Test', 'PathWave_Trial_Request', 'Lab_Integration_Discussion', 'No_Conversion']",0
L007389,Chen Tanaka,Sony,Semiconductor,APAC,,Email Campaign,"['SQL', 'Website_Product_Page', 'Whitepaper_Download_5G_Test', 'Whitepaper_Download_5G_Test', 'Keysight_University_Course', 'Oscilloscope_Selector_Tool', 'SQL', 'AutoSens_Tech_Talk', 'Keysight_Workshop_RF_Testing', 'Customer']",1
L007390,Michael Johnson,,Aerospace,North America,5G Testbeds,LinkedIn,"['DesignCon_Booth_Visit', 'Whitepaper_Download_5G_Test', 'AutoSens_Tech_Talk', 'Whitepaper_Download_5G_Test', 'Opportunity', 'Website_Product_Page', 'Whitepaper_Download_5G_Test', 'No_Conversion']",0
L007391,Daniel Ito,,Electronics,LATAM,Oscilloscopes,Website,"['MQL', 'Website_Product_Page', 'DesignCon_Booth_Visit', 'No_Conversion']",0
L007392,Ravi Singh,Samsung Electronics GmbH,,APAC,,Event,['Customer'],1
L007393,Michael Garcia,Raytheon GmbH,Telecom,North America,,Event,"['Keysight_University_Course', 'SQL', 'Customer']",1
L007394,Priya Khan,Qualc_Tech,,,PathWave Software,,"['DesignCon_Booth_Visit', 'No_Conversion']",0
L007395,Hiroshi Singh,,Telecom,,5G Testbeds,Sales Outreach,"['LinkedIn_Ad_Click', 'AutoSens_Tech_Talk', 'Keysight_University_Course', 'PathWave_Trial_Request', 'Keysight_Workshop_RF_Testing', 'LinkedIn_Ad_Click', 'Opportunity', 'Technical_Demo', 'Application_Engineer_Call', 'No_Conversion']",0
L007396,Hiroshi Chen,Sony,,Europe,,,"['Technical_Demo', 'Customer']",1
L007397,Laura Williams,Sony_Tech,Semiconductor,Europe,5G Testbeds,Email Campaign,"['Website_Product_Page', 'Lab_Integration_Discussion', 'PathWave_Trial_Request', 'AutoSens_Tech_Talk', 'IMS_Badge_Scan', 'Whitepaper_Download_5G_Test', 'No_Conversion']",0
L007398,Daniel Ito,Raytheon,Electronics,,5G Testbeds,Website,"['Opportunity', 'Website_Product_Page', 'Keysight_Workshop_RF_Testing', 'IMS_Badge_Scan', 'Application_Engineer_Call', 'Technical_Demo', 'Opportunity', 'Lab_Integration_Discussion', 'Customer']",1
L007399,Kenji Tanaka,,Electronics,,Oscilloscopes,,"['Lab_Integration_Discussion', 'Website_Product_Page', 'Customer']",1
L007400,Sarah Williams,NXP Semiconductors,,,,Website,"['Oscilloscope_Selector_Tool', 'Keysight_Workshop_RF_Testing', 'Keysight_Workshop_RF_Testing', 'Oscilloscope_Selector_Tool', 'Opportunity', 'Application_Engineer_Call', 'IMS_Badge_Scan', 'Customer']",1
L007401,Maria Chen,Rayth_Tech,Automotive,APAC,PathWave Software,Email Campaign,"['Lab_Integration_Discussion', 'PathWave_Trial_Request', 'DesignCon_Booth_Visit', 'No_Conversion']",0
L007402,Daniel Khan,,Electronics,Europe,Oscilloscopes,Sales Outreach,"['DesignCon_Booth_Visit', 'SQL', 'Oscilloscope_Selector_Tool', 'Website_Product_Page', 'Oscilloscope_Selector_Tool', 'SQL', 'Opportunity', 'Application_Engineer_Call', 'Keysight_Workshop_RF_Testing', 'Customer']",1
L007403,Priya Ito,Infineon,,LATAM,,,"['LinkedIn_Ad_Click', 'Customer']",1
L007404,Ravi Patel,Infineon,Telecom,North America,,Website,"['Keysight_University_Course', 'Lab_Integration_Discussion', 'Keysight_Workshop_RF_Testing', 'Customer']",1
L007405,Kenji Anders,Rayth_Tech,Telecom,,PathWave Software,Sales Outreach,"['MQL', 'SQL', 'Loaner_Unit_Evaluation', 'Lab_Integration_Discussion', 'Oscilloscope_Selector_Tool', 'Website_Product_Page', 'Lab_Integration_Discussion', 'Customer']",1
L007406,Maria Chen,Qualcomm,Semiconductor,,,Event,"['DesignCon_Booth_Visit', 'Customer']",1
L007407,Kenji Ito,NXP Semiconductors GmbH,Electronics,,,Email Campaign,"['AutoSens_Tech_Talk', 'Loaner_Unit_Evaluation', 'Keysight_Workshop_RF_Testing', 'Keysight_Workshop_RF_Testing', 'No_Conversion']",0
L007408,Ahmed Lee,Broadcom GmbH,Telecom,,PathWave Software,Event,"['Oscilloscope_Selector_Tool', 'Keysight_University_Course', 'No_Conversion']",0
L007409,Maria Tanaka,,,North America,,LinkedIn,"['Application_Engineer_Call', 'Website_Product_Page', 'IMS_Badge_Scan', 'Lab_Integration_Discussion', 'AutoSens_Tech_Talk', 'Opportunity', 'Customer']",1
L007410,Priya Ito,Infin_Tech,Semiconductor,,Oscilloscopes,Email Campaign,"['DesignCon_Booth_Visit', 'Whitepaper_Download_5G_Test', 'Application_Engineer_Call', 'Loaner_Unit_Evaluation', 'Technical_Demo', 'Customer']",1
L007411,Kenji Johnson,Qualc_Tech,Automotive,,PathWave Software,Website,"['DesignCon_Booth_Visit', 'Application_Engineer_Call', 'MQL', 'Website_Product_Page', 'Technical_Demo', 'Customer']",1
L007412,Chen Chen,Infin_Tech,Electronics,Europe,,LinkedIn,"['Website_Product_Page', 'Loaner_Unit_Evaluation', 'Loaner_Unit_Evaluation', 'IMS_Badge_Scan', 'AutoSens_Tech_Talk', 'DesignCon_Booth_Visit', 'Keysight_University_Course', 'No_Conversion']",0
L007413,Sarah Johnson,Broadcom GmbH,Telecom,North America,,Website,['No_Conversion'],0
L007414,,NXPSe_Tech,Telecom,North America,Automotive Ethernet,,"['Lab_Integration_Discussion', 'Lab_Integration_Discussion', 'No_Conversion']",0
L007415,Sofia Chen,NXPSe_Tech,,,Automotive Ethernet,Sales Outreach,"['Keysight_University_Course', 'No_Conversion']",0
L007416,Priya Martinez,Tesla Energy,,LATAM,,Webinar,"['Lab_Integration_Discussion', 'Oscilloscope_Selector_Tool', 'Website_Product_Page', 'DesignCon_Booth_Visit', 'Keysight_University_Course', 'IMS_Badge_Scan', 'Application_Engineer_Call', 'LinkedIn_Ad_Click', 'DesignCon_Booth_Visit', 'Customer']",1
L007417,Ravi Lee,Qualcomm GmbH,Semiconductor,,Automotive Ethernet,Sales Outreach,"['Whitepaper_Download_5G_Test', 'LinkedIn_Ad_Click', 'Loaner_Unit_Evaluation', 'Lab_Integration_Discussion', 'IMS_Badge_Scan', 'Keysight_University_Course', 'MQL', 'DesignCon_Booth_Visit', 'Website_Product_Page', 'No_Conversion']",0
L007418,Michael Anders,NXP Semiconductors GmbH,,APAC,5G Testbeds,Email Campaign,"['MQL', 'Website_Product_Page', 'Oscilloscope_Selector_Tool', 'Oscilloscope_Selector_Tool', 'LinkedIn_Ad_Click', 'DesignCon_Booth_Visit', 'Customer']",1
L007419,Priya Anders,Sony_Tech,Electronics,North America,Automotive Ethernet,Webinar,"['Oscilloscope_Selector_Tool', 'PathWave_Trial_Request', 'MQL', 'AutoSens_Tech_Talk', 'Opportunity', 'No_Conversion']",0
L007420,Ahmed Martinez,,,LATAM,5G Testbeds,Event,['Customer'],1
L007421,Priya Martinez,Sony GmbH,Aerospace,,,LinkedIn,"['Oscilloscope_Selector_Tool', 'IMS_Badge_Scan', 'Whitepaper_Download_5G_Test', 'Oscilloscope_Selector_Tool', 'Customer']",1
L007422,Hiroshi Anders,Tesla Energy GmbH,,APAC,Automotive Ethernet,Event,"['Opportunity', 'Oscilloscope_Selector_Tool', 'No_Conversion']",0
L007423,Kenji Martinez,Qualcomm GmbH,Automotive,Europe,Oscilloscopes,LinkedIn,"['Technical_Demo', 'Whitepaper_Download_5G_Test', 'IMS_Badge_Scan', 'IMS_Badge_Scan', 'No_Conversion']",0
L007424,Hiroshi Singh,Samsung Electronics GmbH,,,,Webinar,"['AutoSens_Tech_Talk', 'Customer']",1
L007425,,Meta Connectivity Labs GmbH,Automotive,,,Sales Outreach,"['DesignCon_Booth_Visit', 'MQL', 'Lab_Integration_Discussion', 'Loaner_Unit_Evaluation', 'Opportunity', 'Keysight_University_Course', 'Oscilloscope_Selector_Tool', 'Customer']",1
L007426,Laura Martinez,Broad_Tech,Telecom,North America,Automotive Ethernet,,"['PathWave_Trial_Request', 'DesignCon_Booth_Visit', 'LinkedIn_Ad_Click', 'Opportunity', 'Application_Engineer_Call', 'AutoSens_Tech_Talk', 'Whitepaper_Download_5G_Test', 'Keysight_University_Course', 'Customer']",1
L007427,Michael Johnson,,,Europe,Oscilloscopes,Email Campaign,"['AutoSens_Tech_Talk', 'Loaner_Unit_Evaluation', 'Keysight_University_Course', 'Technical_Demo', 'Customer']",1
L007428,Maria Johnson,,,Europe,5G Testbeds,Website,"['Application_Engineer_Call', 'DesignCon_Booth_Visit', 'Customer']",1
L007429,Ahmed Tanaka,Infin_Tech,Aerospace,,,,"['Application_Engineer_Call', 'Whitepaper_Download_5G_Test', 'Loaner_Unit_Evaluation', 'Loaner_Unit_Evaluation', 'DesignCon_Booth_Visit', 'Opportunity', 'DesignCon_Booth_Visit', 'Customer']",1
L007430,,,,APAC,PathWave Software,Event,['No_Conversion'],0
L007431,,Tesla Energy,Semiconductor,APAC,PathWave Software,Sales Outreach,"['Opportunity', 'Whitepaper_Download_5G_Test', 'LinkedIn_Ad_Click', 'Technical_Demo', 'PathWave_Trial_Request', 'SQL', 'Lab_Integration_Discussion', 'No_Conversion']",0
L007432,Hiroshi Chen,Infineon GmbH,Aerospace,,,,"['MQL', 'Technical_Demo', 'Keysight_University_Course', 'LinkedIn_Ad_Click', 'No_Conversion']",0
L007433,Priya Tanaka,,Semiconductor,North America,Oscilloscopes,Sales Outreach,"['Application_Engineer_Call', 'Oscilloscope_Selector_Tool', 'Lab_Integration_Discussion', 'Whitepaper_Download_5G_Test', 'Loaner_Unit_Evaluation', 'Customer']",1
L007434,,Tesla_Tech,Electronics,North America,,Event,"['Loaner_Unit_Evaluation', 'IMS_Badge_Scan', 'Whitepaper_Download_5G_Test', 'Application_Engineer_Call', 'AutoSens_Tech_Talk', 'No_Conversion']",0
L007435,Daniel Ito,,Aerospace,LATAM,Automotive Ethernet,Website,"['Whitepaper_Download_5G_Test', 'LinkedIn_Ad_Click', 'Customer']",1
L007436,Sofia Ito,Meta Connectivity Labs,Telecom,APAC,,Email Campaign,"['Technical_Demo', 'Oscilloscope_Selector_Tool', 'IMS_Badge_Scan', 'Whitepaper_Download_5G_Test', 'Technical_Demo', 'Customer']",1
L007437,Hiroshi Singh,,Aerospace,,Automotive Ethernet,Webinar,"['Oscilloscope_Selector_Tool', 'Whitepaper_Download_5G_Test', 'Keysight_University_Course', 'Opportunity', 'Loaner_Unit_Evaluation', 'PathWave_Trial_Request', 'MQL', 'Oscilloscope_Selector_Tool', 'Customer']",1
L007438,Ravi Williams,Tesla_Tech,Aerospace,Europe,5G Testbeds,Event,"['Keysight_Workshop_RF_Testing', 'Keysight_Workshop_RF_Testing', 'No_Conversion']",0
L007439,Chen Ito,Broadcom GmbH,Automotive,LATAM,PathWave Software,Event,"['DesignCon_Booth_Visit', 'Technical_Demo', 'SQL', 'SQL', 'Lab_Integration_Discussion', 'SQL', 'Opportunity', 'Website_Product_Page', 'Website_Product_Page', 'Opportunity', 'No_Conversion']",0
L007440,Daniel Lee,,Automotive,APAC,,Email Campaign,['No_Conversion'],0
L007441,Kenji Martinez,Samsung Electronics,Telecom,,5G Testbeds,LinkedIn,"['MQL', 'DesignCon_Booth_Visit', 'DesignCon_Booth_Visit', 'LinkedIn_Ad_Click', 'Customer']",1
L007442,Sarah Johnson,Raytheon,Telecom,Europe,5G Testbeds,Webinar,"['SQL', 'LinkedIn_Ad_Click', 'Opportunity', 'Whitepaper_Download_5G_Test', 'Keysight_Workshop_RF_Testing', 'AutoSens_Tech_Talk', 'Keysight_Workshop_RF_Testing', 'Customer']",1
L007443,Priya Martinez,Samsu_Tech,Semiconductor,Europe,Oscilloscopes,Sales Outreach,"['Technical_Demo', 'No_Conversion']",0
L007444,Ahmed Martinez,,Electronics,Europe,,Webinar,"['PathWave_Trial_Request', 'Oscilloscope_Selector_Tool', 'No_Conversion']",0
L007445,Chen Williams,Bosch_Tech,,Europe,Automotive Ethernet,Email Campaign,"['Oscilloscope_Selector_Tool', 'PathWave_Trial_Request', 'AutoSens_Tech_Talk', 'Technical_Demo', 'Keysight_University_Course', 'Customer']",1
L007446,Daniel Tanaka,MetaC_Tech,,Europe,,Website,"['Opportunity', 'SQL', 'AutoSens_Tech_Talk', 'Opportunity', 'No_Conversion']",0
L007447,Daniel Patel,Sony,,North America,Automotive Ethernet,Webinar,"['MQL', 'Technical_Demo', 'Technical_Demo', 'Keysight_University_Course', 'Technical_Demo', 'LinkedIn_Ad_Click', 'Loaner_Unit_Evaluation', 'Loaner_Unit_Evaluation', 'PathWave_Trial_Request', 'Customer']",1
L007448,Ravi Chen,Raytheon GmbH,Aerospace,LATAM,Automotive Ethernet,Website,"['Keysight_University_Course', 'SQL', 'MQL', 'Oscilloscope_Selector_Tool', 'PathWave_Trial_Request', 'SQL', 'Customer']",1
L007449,Ravi Johnson,MetaC_Tech,Telecom,LATAM,Oscilloscopes,Email Campaign,"['Keysight_Workshop_RF_Testing', 'Technical_Demo', 'MQL', 'Technical_Demo', 'No_Conversion']",0
L007450,Daniel Patel,Qualcomm,,North America,,LinkedIn,"['Opportunity', 'AutoSens_Tech_Talk', 'Oscilloscope_Selector_Tool', 'Customer']",1
L007451,Laura Patel,Broadcom,,LATAM,,LinkedIn,"['Keysight_University_Course', 'DesignCon_Booth_Visit', 'PathWave_Trial_Request', 'SQL', 'Customer']",1
L007452,Sofia Garcia,Qualcomm GmbH,Automotive,APAC,Oscilloscopes,Event,"['AutoSens_Tech_Talk', 'LinkedIn_Ad_Click', 'PathWave_Trial_Request', 'Customer']",1
L007453,,Infineon,Telecom,LATAM,,Website,"['AutoSens_Tech_Talk', 'Oscilloscope_Selector_Tool', 'IMS_Badge_Scan', 'PathWave_Trial_Request', 'IMS_Badge_Scan', 'IMS_Badge_Scan', 'Whitepaper_Download_5G_Test', 'MQL', 'MQL', 'Website_Product_Page', 'Customer']",1
L007454,Sofia Tanaka,Qualcomm GmbH,Telecom,APAC,,Webinar,"['LinkedIn_Ad_Click', 'Keysight_University_Course', 'Whitepaper_Download_5G_Test', 'AutoSens_Tech_Talk', 'Website_Product_Page', 'Customer']",1
L007455,Michael Tanaka,Samsu_Tech,,APAC,,Webinar,"['PathWave_Trial_Request', 'Website_Product_Page', 'Application_Engineer_Call', 'Customer']",1
L007456,Priya Tanaka,Qualcomm,Electronics,,,Webinar,"['IMS_Badge_Scan', 'AutoSens_Tech_Talk', 'SQL', 'No_Conversion']",0
L007457,Hiroshi Khan,NXPSe_Tech,,Europe,Oscilloscopes,Sales Outreach,"['LinkedIn_Ad_Click', 'Oscilloscope_Selector_Tool', 'Application_Engineer_Call', 'SQL', 'Customer']",1
L007458,Maria Lee,Infin_Tech,Semiconductor,North America,,Sales Outreach,"['MQL', 'Oscilloscope_Selector_Tool', 'Customer']",1
L007459,Maria Patel,,Aerospace,LATAM,5G Testbeds,Sales Outreach,"['Oscilloscope_Selector_Tool', 'Customer']",1
L007460,Chen Martinez,Meta Connectivity Labs GmbH,,,5G Testbeds,Event,"['Keysight_University_Course', 'DesignCon_Booth_Visit', 'SQL', 'MQL', 'Keysight_Workshop_RF_Testing', 'Website_Product_Page', 'Website_Product_Page', 'Lab_Integration_Discussion', 'Website_Product_Page', 'Customer']",1
L007461,Sofia Martinez,Bosch_Tech,Telecom,,Oscilloscopes,Sales Outreach,"['DesignCon_Booth_Visit', 'AutoSens_Tech_Talk', 'Technical_Demo', 'MQL', 'Whitepaper_Download_5G_Test', 'Customer']",1
L007462,Ravi Ito,,,APAC,PathWave Software,Email Campaign,"['Oscilloscope_Selector_Tool', 'PathWave_Trial_Request', 'No_Conversion']",0
L007463,Maria Williams,Sony GmbH,Aerospace,LATAM,,Webinar,"['SQL', 'Opportunity', 'Oscilloscope_Selector_Tool', 'Application_Engineer_Call', 'Keysight_Workshop_RF_Testing', 'Customer']",1
L007464,Ahmed Ito,Broadcom,,LATAM,,,"['DesignCon_Booth_Visit', 'AutoSens_Tech_Talk', 'Loaner_Unit_Evaluation', 'No_Conversion']",0
L007465,Ravi Chen,,Aerospace,North America,Oscilloscopes,,"['Oscilloscope_Selector_Tool', 'PathWave_Trial_Request', 'Keysight_University_Course', 'Lab_Integration_Discussion', 'Lab_Integration_Discussion', 'Website_Product_Page', 'Lab_Integration_Discussion', 'Oscilloscope_Selector_Tool', 'MQL', 'No_Conversion']",0
L007466,,Infin_Tech,Aerospace,APAC,5G Testbeds,Event,"['Lab_Integration_Discussion', 'Whitepaper_Download_5G_Test', 'AutoSens_Tech_Talk', 'Oscilloscope_Selector_Tool', 'Lab_Integration_Discussion', 'No_Conversion']",0
L007467,Sofia Williams,Qualcomm GmbH,,North America,,Sales Outreach,"['MQL', 'IMS_Badge_Scan', 'LinkedIn_Ad_Click', 'Customer']",1
L007468,Sofia Ito,Raytheon,Electronics,APAC,Automotive Ethernet,Sales Outreach,['No_Conversion'],0
L007469,Priya Tanaka,Infineon,,LATAM,5G Testbeds,Website,"['Oscilloscope_Selector_Tool', 'AutoSens_Tech_Talk', 'Lab_Integration_Discussion', 'Customer']",1
L007470,Kenji Martinez,Samsu_Tech,Semiconductor,,PathWave Software,,['No_Conversion'],0
L007471,Maria Anders,Sony,Automotive,,,Email Campaign,"['Lab_Integration_Discussion', 'Keysight_Workshop_RF_Testing', 'Keysight_University_Course', 'Website_Product_Page', 'Application_Engineer_Call', 'Keysight_University_Course', 'Customer']",1
L007472,Chen Chen,Tesla Energy GmbH,Telecom,,,Event,"['Website_Product_Page', 'Keysight_Workshop_RF_Testing', 'DesignCon_Booth_Visit', 'Customer']",1
L007473,Kenji Johnson,Broadcom,Automotive,APAC,Automotive Ethernet,LinkedIn,"['Technical_Demo', 'Loaner_Unit_Evaluation', 'No_Conversion']",0
L007474,Michael Lee,,Electronics,,PathWave Software,Event,"['PathWave_Trial_Request', 'Whitepaper_Download_5G_Test', 'Keysight_University_Course', 'SQL', 'SQL', 'Keysight_University_Course', 'PathWave_Trial_Request', 'Lab_Integration_Discussion', 'No_Conversion']",0
L007475,,Sony GmbH,Electronics,,,Website,"['Technical_Demo', 'Whitepaper_Download_5G_Test', 'LinkedIn_Ad_Click', 'Opportunity', 'Keysight_Workshop_RF_Testing', 'Website_Product_Page', 'No_Conversion']",0
L007476,Michael Garcia,Tesla_Tech,,North America,PathWave Software,Email Campaign,"['LinkedIn_Ad_Click', 'AutoSens_Tech_Talk', 'Whitepaper_Download_5G_Test', 'Loaner_Unit_Evaluation', 'Oscilloscope_Selector_Tool', 'IMS_Badge_Scan', 'AutoSens_Tech_Talk', 'Opportunity', 'Keysight_Workshop_RF_Testing', 'Keysight_University_Course', 'Customer']",1
L007477,Maria Anders,Infin_Tech,Electronics,North America,,Sales Outreach,"['Keysight_University_Course', 'Application_Engineer_Call', 'Website_Product_Page', 'Keysight_University_Course', 'AutoSens_Tech_Talk', 'No_Conversion']",0
L007478,,NXPSe_Tech,,Europe,PathWave Software,,"['Keysight_Workshop_RF_Testing', 'IMS_Badge_Scan', 'Website_Product_Page', 'Keysight_Workshop_RF_Testing', 'Application_Engineer_Call', 'MQL', 'No_Conversion']",0
L007479,Priya Ito,NXPSe_Tech,Electronics,Europe,PathWave Software,Webinar,"['Application_Engineer_Call', 'Keysight_University_Course', 'Customer']",1
L007480,Laura Johnson,Rayth_Tech,Telecom,Europe,,Email Campaign,"['Technical_Demo', 'Loaner_Unit_Evaluation', 'SQL', 'Opportunity', 'No_Conversion']",0
L007481,Daniel Khan,Samsung Electronics,Telecom,,Oscilloscopes,Webinar,"['DesignCon_Booth_Visit', 'SQL', 'MQL', 'Oscilloscope_Selector_Tool', 'Customer']",1
L007482,Sarah Anders,Tesla Energy,,North America,Oscilloscopes,Email Campaign,['Customer'],1
L007483,Sarah Lee,Qualc_Tech,,,PathWave Software,Sales Outreach,"['Lab_Integration_Discussion', 'Opportunity', 'LinkedIn_Ad_Click', 'LinkedIn_Ad_Click', 'Opportunity', 'IMS_Badge_Scan', 'IMS_Badge_Scan', 'Website_Product_Page', 'Technical_Demo', 'Customer']",1
L007484,Daniel Garcia,Tesla Energy GmbH,,LATAM,,LinkedIn,"['PathWave_Trial_Request', 'Whitepaper_Download_5G_Test', 'Technical_Demo', 'Loaner_Unit_Evaluation', 'PathWave_Trial_Request', 'DesignCon_Booth_Visit', 'LinkedIn_Ad_Click', 'No_Conversion']",0
L007485,Michael Tanaka,Bosch,,Europe,,,"['Opportunity', 'Keysight_University_Course', 'No_Conversion']",0
L007486,Chen Patel,Qualcomm,Semiconductor,Europe,Automotive Ethernet,Event,"['Application_Engineer_Call', 'Oscilloscope_Selector_Tool', 'DesignCon_Booth_Visit', 'SQL', 'Customer']",1
L007487,Ahmed Williams,Infin_Tech,Automotive,Europe,5G Testbeds,Event,"['Keysight_Workshop_RF_Testing', 'Technical_Demo', 'No_Conversion']",0
L007488,Daniel Ito,Tesla Energy GmbH,,APAC,Automotive Ethernet,Event,['No_Conversion'],0
L007489,Kenji Khan,Infineon,Aerospace,North America,,Webinar,"['MQL', 'Customer']",1
L007490,Chen Martinez,Samsung Electronics,Telecom,,,Webinar,"['Application_Engineer_Call', 'MQL', 'SQL', 'Keysight_University_Course', 'MQL', 'PathWave_Trial_Request', 'AutoSens_Tech_Talk', 'SQL', 'Opportunity', 'Technical_Demo', 'No_Conversion']",0
L007491,Hiroshi Khan,,Telecom,Europe,,Website,"['AutoSens_Tech_Talk', 'PathWave_Trial_Request', 'Keysight_University_Course', 'Website_Product_Page', 'LinkedIn_Ad_Click', 'Customer']",1
L007492,,,Telecom,,5G Testbeds,Website,"['Whitepaper_Download_5G_Test', 'MQL', 'Lab_Integration_Discussion', 'Opportunity', 'DesignCon_Booth_Visit', 'No_Conversion']",0
L007493,Ahmed Ito,Broadcom,,Europe,,Event,"['IMS_Badge_Scan', 'AutoSens_Tech_Talk', 'Keysight_Workshop_RF_Testing', 'Customer']",1
L007494,Sarah Garcia,Infineon GmbH,Automotive,,,Email Campaign,"['Application_Engineer_Call', 'Keysight_Workshop_RF_Testing', 'Loaner_Unit_Evaluation', 'Customer']",1
L007495,Maria Patel,,,Europe,,LinkedIn,"['Technical_Demo', 'LinkedIn_Ad_Click', 'Keysight_University_Course', 'No_Conversion']",0
L007496,Sarah Singh,Raytheon GmbH,Automotive,North America,Automotive Ethernet,Event,"['PathWave_Trial_Request', 'Keysight_Workshop_RF_Testing', 'LinkedIn_Ad_Click', 'Application_Engineer_Call', 'AutoSens_Tech_Talk', 'Customer']",1
L007497,,Tesla Energy GmbH,Telecom,Europe,,LinkedIn,"['AutoSens_Tech_Talk', 'Keysight_Workshop_RF_Testing', 'MQL', 'IMS_Badge_Scan', 'IMS_Badge_Scan', 'Loaner_Unit_Evaluation', 'Customer']",1
L007498,Sofia Tanaka,,Aerospace,LATAM,PathWave Software,Email Campaign,"['MQL', 'No_Conversion']",0
L007499,Ahmed Ito,Tesla Energy GmbH,,LATAM,,Sales Outreach,['Customer'],1
L007500,Ahmed Anders,Broadcom GmbH,Aerospace,North America,,Event,"['Oscilloscope_Selector_Tool', 'Keysight_Workshop_RF_Testing', 'No_Conversion']",0
L007501,Daniel Chen,Infin_Tech,,APAC,Oscilloscopes,Email Campaign,"['IMS_Badge_Scan', 'IMS_Badge_Scan', 'Oscilloscope_Selector_Tool', 'Customer']",1
L007502,Sofia Martinez,Broadcom,,Europe,,LinkedIn,"['Oscilloscope_Selector_Tool', 'Oscilloscope_Selector_Tool', 'Loaner_Unit_Evaluation', 'IMS_Badge_Scan', 'No_Conversion']",0
L007503,Kenji Johnson,Infin_Tech,Semiconductor,Europe,5G Testbeds,LinkedIn,"['LinkedIn_Ad_Click', 'Oscilloscope_Selector_Tool', 'Opportunity', 'PathWave_Trial_Request', 'DesignCon_Booth_Visit', 'Customer']",1
L007504,Ahmed Tanaka,Tesla Energy GmbH,,Europe,,Sales Outreach,"['Application_Engineer_Call', 'AutoSens_Tech_Talk', 'Keysight_University_Course', 'Website_Product_Page', 'No_Conversion']",0
L007505,,,Electronics,,5G Testbeds,Website,"['SQL', 'Opportunity', 'DesignCon_Booth_Visit', 'PathWave_Trial_Request', 'Keysight_University_Course', 'IMS_Badge_Scan', 'Lab_Integration_Discussion', 'Loaner_Unit_Evaluation', 'Keysight_Workshop_RF_Testing', 'Customer']",1
L007506,Hiroshi Patel,,Aerospace,APAC,,Email Campaign,"['LinkedIn_Ad_Click', 'No_Conversion']",0
L007507,,,Automotive,LATAM,Automotive Ethernet,Event,"['Whitepaper_Download_5G_Test', 'Application_Engineer_Call', 'No_Conversion']",0
L007508,Kenji Anders,Raytheon GmbH,Electronics,LATAM,Oscilloscopes,,"['Website_Product_Page', 'PathWave_Trial_Request', 'IMS_Badge_Scan', 'Whitepaper_Download_5G_Test', 'IMS_Badge_Scan', 'IMS_Badge_Scan', 'DesignCon_Booth_Visit', 'DesignCon_Booth_Visit', 'Loaner_Unit_Evaluation', 'Customer']",1
L007509,Ahmed Patel,,Automotive,,,Sales Outreach,"['LinkedIn_Ad_Click', 'Oscilloscope_Selector_Tool', 'PathWave_Trial_Request', 'Loaner_Unit_Evaluation', 'LinkedIn_Ad_Click', 'LinkedIn_Ad_Click', 'PathWave_Trial_Request', 'Customer']",1
L007510,Hiroshi Johnson,,,LATAM,Oscilloscopes,Webinar,"['MQL', 'LinkedIn_Ad_Click', 'Keysight_Workshop_RF_Testing', 'Technical_Demo', 'Loaner_Unit_Evaluation', 'Lab_Integration_Discussion', 'Technical_Demo', 'Customer']",1
L007511,Chen Patel,Sony_Tech,Automotive,,,Webinar,"['LinkedIn_Ad_Click', 'Opportunity', 'Keysight_Workshop_RF_Testing', 'Technical_Demo', 'Customer']",1
L007512,Sofia Singh,,Electronics,,Oscilloscopes,Sales Outreach,"['Oscilloscope_Selector_Tool', 'IMS_Badge_Scan', 'DesignCon_Booth_Visit', 'Loaner_Unit_Evaluation', 'Oscilloscope_Selector_Tool', 'Lab_Integration_Discussion', 'PathWave_Trial_Request', 'No_Conversion']",0
L007513,Chen Lee,,Semiconductor,,,Webinar,"['SQL', 'Keysight_University_Course', 'Keysight_Workshop_RF_Testing', 'Customer']",1
L007514,Hiroshi Johnson,Bosch GmbH,Automotive,APAC,Automotive Ethernet,LinkedIn,"['Whitepaper_Download_5G_Test', 'Keysight_Workshop_RF_Testing', 'AutoSens_Tech_Talk', 'No_Conversion']",0
L007515,Laura Martinez,,Automotive,Europe,,Sales Outreach,"['Opportunity', 'Opportunity', 'No_Conversion']",0
L007516,Maria Martinez,Bosch,Semiconductor,LATAM,Oscilloscopes,,"['Keysight_University_Course', 'Keysight_Workshop_RF_Testing', 'MQL', 'No_Conversion']",0
L007517,Priya Singh,Bosch GmbH,,APAC,,,['Customer'],1
L007518,Kenji Johnson,Bosch_Tech,Automotive,Europe,PathWave Software,,"['MQL', 'Technical_Demo', 'Website_Product_Page', 'Oscilloscope_Selector_Tool', 'No_Conversion']",0
L007519,Sarah Lee,,,,Automotive Ethernet,Email Campaign,['Customer'],1
L007520,Maria Williams,,,APAC,5G Testbeds,Email Campaign,"['Keysight_University_Course', 'Whitepaper_Download_5G_Test', 'Keysight_Workshop_RF_Testing', 'Oscilloscope_Selector_Tool', 'PathWave_Trial_Request', 'Keysight_Workshop_RF_Testing', 'PathWave_Trial_Request', 'Customer']",1
L007521,Laura Williams,Bosch GmbH,Aerospace,North America,,Email Campaign,"['PathWave_Trial_Request', 'Website_Product_Page', 'Application_Engineer_Call', 'Keysight_Workshop_RF_Testing', 'Application_Engineer_Call', 'Lab_Integration_Discussion', 'PathWave_Trial_Request', 'Oscilloscope_Selector_Tool', 'Customer']",1
L007522,Maria Anders,Broad_Tech,Semiconductor,APAC,PathWave Software,LinkedIn,"['DesignCon_Booth_Visit', 'LinkedIn_Ad_Click', 'No_Conversion']",0
L007523,Michael Garcia,Bosch_Tech,,North America,,Webinar,"['PathWave_Trial_Request', 'SQL', 'PathWave_Trial_Request', 'Loaner_Unit_Evaluation', 'MQL', 'Customer']",1
L007524,Ravi Patel,Qualcomm GmbH,Automotive,,5G Testbeds,Email Campaign,"['Whitepaper_Download_5G_Test', 'Website_Product_Page', 'LinkedIn_Ad_Click', 'Customer']",1
L007525,Laura Singh,,,APAC,,Website,"['LinkedIn_Ad_Click', 'Opportunity', 'Oscilloscope_Selector_Tool', 'Application_Engineer_Call', 'No_Conversion']",0
L007526,Sarah Chen,,,APAC,,,"['Whitepaper_Download_5G_Test', 'Loaner_Unit_Evaluation', 'DesignCon_Booth_Visit', 'Loaner_Unit_Evaluation', 'Whitepaper_Download_5G_Test', 'MQL', 'No_Conversion']",0
L007527,Sarah Chen,Broadcom,,,,Sales Outreach,"['DesignCon_Booth_Visit', 'Technical_Demo', 'Customer']",1
L007528,Priya Johnson,Raytheon GmbH,Electronics,APAC,5G Testbeds,Webinar,"['Loaner_Unit_Evaluation', 'No_Conversion']",0
L007529,Michael Ito,Sony_Tech,Automotive,APAC,,Website,"['IMS_Badge_Scan', 'No_Conversion']",0
L007530,Ravi Williams,Infin_Tech,,,,Website,"['Technical_Demo', 'No_Conversion']",0
L007531,Laura Ito,NXP Semiconductors,Automotive,North America,Oscilloscopes,Sales Outreach,"['Technical_Demo', 'MQL', 'Website_Product_Page', 'Keysight_Workshop_RF_Testing', 'Keysight_Workshop_RF_Testing', 'MQL', 'Lab_Integration_Discussion', 'No_Conversion']",0
L007532,Kenji Lee,,Automotive,,,Event,['Customer'],1
L007533,Kenji Johnson,,,APAC,PathWave Software,LinkedIn,"['Website_Product_Page', 'AutoSens_Tech_Talk', 'PathWave_Trial_Request', 'Application_Engineer_Call', 'No_Conversion']",0
L007534,Sofia Martinez,Broad_Tech,Aerospace,APAC,,Webinar,['No_Conversion'],0
L007535,Maria Lee,Meta Connectivity Labs,Aerospace,,Automotive Ethernet,LinkedIn,"['Opportunity', 'Whitepaper_Download_5G_Test', 'LinkedIn_Ad_Click', 'Customer']",1
L007536,Hiroshi Chen,,Aerospace,North America,PathWave Software,Webinar,['Customer'],1
L007537,Priya Anders,,Telecom,North America,,,"['PathWave_Trial_Request', 'SQL', 'SQL', 'Whitepaper_Download_5G_Test', 'Loaner_Unit_Evaluation', 'No_Conversion']",0
L007538,Kenji Patel,Meta Connectivity Labs,,,Oscilloscopes,,"['MQL', 'Keysight_University_Course', 'SQL', 'Technical_Demo', 'Lab_Integration_Discussion', 'AutoSens_Tech_Talk', 'Customer']",1
L007539,Maria Martinez,,Telecom,LATAM,,Sales Outreach,"['Application_Engineer_Call', 'Opportunity', 'MQL', 'LinkedIn_Ad_Click', 'SQL', 'IMS_Badge_Scan', 'Keysight_Workshop_RF_Testing', 'SQL', 'Application_Engineer_Call', 'Customer']",1
L007540,Priya Patel,,,,Automotive Ethernet,,"['Technical_Demo', 'AutoSens_Tech_Talk', 'Technical_Demo', 'Keysight_University_Course', 'Lab_Integration_Discussion', 'Opportunity', 'Customer']",1
L007541,Laura Martinez,NXP Semiconductors GmbH,Aerospace,LATAM,5G Testbeds,LinkedIn,"['IMS_Badge_Scan', 'Lab_Integration_Discussion', 'MQL', 'Technical_Demo', 'Technical_Demo', 'DesignCon_Booth_Visit', 'Application_Engineer_Call', 'Customer']",1
L007542,Maria Johnson,,,,Oscilloscopes,LinkedIn,"['AutoSens_Tech_Talk', 'Loaner_Unit_Evaluation', 'Oscilloscope_Selector_Tool', 'IMS_Badge_Scan', 'Website_Product_Page', 'DesignCon_Booth_Visit', 'No_Conversion']",0
L007543,Priya Martinez,Qualcomm,,North America,Automotive Ethernet,Webinar,"['SQL', 'MQL', 'Keysight_University_Course', 'No_Conversion']",0
L007544,Ahmed Martinez,Qualcomm GmbH,Electronics,Europe,Automotive Ethernet,,"['AutoSens_Tech_Talk', 'Keysight_Workshop_RF_Testing', 'Technical_Demo', 'Technical_Demo', 'No_Conversion']",0
L007545,,Bosch GmbH,Electronics,Europe,Automotive Ethernet,Email Campaign,['No_Conversion'],0
L007546,Laura Singh,Meta Connectivity Labs,Semiconductor,,Automotive Ethernet,Sales Outreach,"['Website_Product_Page', 'Opportunity', 'DesignCon_Booth_Visit', 'MQL', 'DesignCon_Booth_Visit', 'AutoSens_Tech_Talk', 'Keysight_University_Course', 'Keysight_University_Course', 'Keysight_University_Course', 'Customer']",1
L007547,Hiroshi Lee,,,LATAM,PathWave Software,Email Campaign,"['Keysight_University_Course', 'No_Conversion']",0
L007548,Daniel Garcia,Samsu_Tech,,North America,Oscilloscopes,Sales Outreach,"['MQL', 'Opportunity', 'PathWave_Trial_Request', 'Customer']",1
L007549,Ravi Martinez,Sony_Tech,Automotive,LATAM,Automotive Ethernet,LinkedIn,"['Technical_Demo', 'LinkedIn_Ad_Click', 'DesignCon_Booth_Visit', 'Application_Engineer_Call', 'IMS_Badge_Scan', 'PathWave_Trial_Request', 'LinkedIn_Ad_Click', 'Website_Product_Page', 'No_Conversion']",0
L007550,Sofia Garcia,,,APAC,,Webinar,['No_Conversion'],0
L007551,Priya Patel,Infin_Tech,,Europe,Oscilloscopes,Sales Outreach,"['Website_Product_Page', 'IMS_Badge_Scan', 'Whitepaper_Download_5G_Test', 'Loaner_Unit_Evaluation', 'No_Conversion']",0
L007552,Priya Martinez,Meta Connectivity Labs GmbH,Automotive,,,,"['Website_Product_Page', 'Keysight_University_Course', 'SQL', 'Oscilloscope_Selector_Tool', 'IMS_Badge_Scan', 'LinkedIn_Ad_Click', 'Opportunity', 'AutoSens_Tech_Talk', 'Keysight_Workshop_RF_Testing', 'No_Conversion']",0
L007553,Ahmed Martinez,Bosch,Telecom,North America,,Sales Outreach,"['Keysight_University_Course', 'LinkedIn_Ad_Click', 'Technical_Demo', 'Technical_Demo', 'Technical_Demo', 'Lab_Integration_Discussion', 'Keysight_University_Course', 'No_Conversion']",0
L007554,Kenji Lee,Meta Connectivity Labs GmbH,Telecom,Europe,,LinkedIn,"['Whitepaper_Download_5G_Test', 'SQL', 'Keysight_Workshop_RF_Testing', 'Technical_Demo', 'Customer']",1
L007555,Ravi Khan,NXPSe_Tech,Automotive,APAC,5G Testbeds,Email Campaign,"['Keysight_Workshop_RF_Testing', 'Loaner_Unit_Evaluation', 'LinkedIn_Ad_Click', 'AutoSens_Tech_Talk', 'Application_Engineer_Call', 'Loaner_Unit_Evaluation', 'SQL', 'Website_Product_Page', 'Customer']",1
L007556,Ahmed Tanaka,NXP Semiconductors GmbH,Automotive,Europe,,Event,"['SQL', 'No_Conversion']",0
L007557,Kenji Williams,Infineon GmbH,,Europe,Oscilloscopes,Website,"['Loaner_Unit_Evaluation', 'Opportunity', 'Keysight_University_Course', 'Customer']",1
L007558,Ravi Johnson,NXP Semiconductors,Electronics,North America,,Event,"['Keysight_University_Course', 'No_Conversion']",0
L007559,Sarah Williams,NXP Semiconductors,Semiconductor,North America,,Email Campaign,"['IMS_Badge_Scan', 'DesignCon_Booth_Visit', 'Application_Engineer_Call', 'Opportunity', 'AutoSens_Tech_Talk', 'No_Conversion']",0
L007560,Hiroshi Singh,Tesla Energy GmbH,Automotive,Europe,5G Testbeds,Email Campaign,"['Whitepaper_Download_5G_Test', 'DesignCon_Booth_Visit', 'Loaner_Unit_Evaluation', 'SQL', 'IMS_Badge_Scan', 'Technical_Demo', 'No_Conversion']",0
L007561,Ahmed Martinez,Infineon GmbH,Telecom,APAC,,Sales Outreach,"['Oscilloscope_Selector_Tool', 'Website_Product_Page', 'Oscilloscope_Selector_Tool', 'Loaner_Unit_Evaluation', 'AutoSens_Tech_Talk', 'Whitepaper_Download_5G_Test', 'Website_Product_Page', 'Customer']",1
L007562,Maria Khan,Qualcomm,Automotive,Europe,Automotive Ethernet,Email Campaign,"['LinkedIn_Ad_Click', 'Customer']",1
L007563,Sofia Khan,NXPSe_Tech,Semiconductor,LATAM,,,"['Keysight_University_Course', 'Customer']",1
L007564,Maria Lee,NXP Semiconductors GmbH,Telecom,Europe,,Event,"['DesignCon_Booth_Visit', 'DesignCon_Booth_Visit', 'Lab_Integration_Discussion', 'Website_Product_Page', 'No_Conversion']",0
L007565,Chen Singh,Sony_Tech,Semiconductor,LATAM,PathWave Software,Email Campaign,"['Whitepaper_Download_5G_Test', 'Keysight_Workshop_RF_Testing', 'Technical_Demo', 'IMS_Badge_Scan', 'DesignCon_Booth_Visit', 'Keysight_Workshop_RF_Testing', 'PathWave_Trial_Request', 'No_Conversion']",0
L007566,Sarah Johnson,MetaC_Tech,Telecom,LATAM,,,"['SQL', 'Application_Engineer_Call', 'Customer']",1
L007567,Daniel Singh,,Automotive,,Automotive Ethernet,LinkedIn,"['Application_Engineer_Call', 'LinkedIn_Ad_Click', 'Keysight_University_Course', 'No_Conversion']",0
L007568,Maria Johnson,Raytheon GmbH,Semiconductor,Europe,,Event,"['Lab_Integration_Discussion', 'IMS_Badge_Scan', 'Keysight_University_Course', 'DesignCon_Booth_Visit', 'Customer']",1
L007569,Chen Tanaka,NXPSe_Tech,Semiconductor,Europe,Oscilloscopes,LinkedIn,"['AutoSens_Tech_Talk', 'AutoSens_Tech_Talk', 'Keysight_University_Course', 'Website_Product_Page', 'Customer']",1
L007570,Daniel Garcia,Tesla Energy GmbH,Aerospace,,5G Testbeds,Website,"['LinkedIn_Ad_Click', 'Oscilloscope_Selector_Tool', 'Oscilloscope_Selector_Tool', 'No_Conversion']",0
L007571,Daniel Lee,Tesla Energy GmbH,,Europe,,,['No_Conversion'],0
L007572,Sofia Khan,NXP Semiconductors GmbH,Automotive,North America,5G Testbeds,Email Campaign,"['AutoSens_Tech_Talk', 'Keysight_Workshop_RF_Testing', 'SQL', 'Customer']",1
L007573,Ahmed Khan,NXPSe_Tech,Automotive,,,Webinar,"['Keysight_Workshop_RF_Testing', 'LinkedIn_Ad_Click', 'Keysight_University_Course', 'Customer']",1
L007574,Chen Singh,,,APAC,,LinkedIn,"['Lab_Integration_Discussion', 'Website_Product_Page', 'Website_Product_Page', 'Keysight_University_Course', 'AutoSens_Tech_Talk', 'Opportunity', 'Technical_Demo', 'Customer']",1
L007575,Ravi Ito,Rayth_Tech,,APAC,,Sales Outreach,['Customer'],1
L007576,Priya Lee,Tesla_Tech,Telecom,,,,"['Technical_Demo', 'Technical_Demo', 'LinkedIn_Ad_Click', 'Technical_Demo', 'AutoSens_Tech_Talk', 'No_Conversion']",0
L007577,Michael Williams,Bosch GmbH,,,PathWave Software,,"['Keysight_University_Course', 'Loaner_Unit_Evaluation', 'Keysight_University_Course', 'AutoSens_Tech_Talk', 'IMS_Badge_Scan', 'Customer']",1
L007578,Sarah Martinez,Broadcom GmbH,,,Oscilloscopes,Website,"['Keysight_Workshop_RF_Testing', 'LinkedIn_Ad_Click', 'LinkedIn_Ad_Click', 'No_Conversion']",0
L007579,Sofia Ito,Raytheon GmbH,,APAC,Oscilloscopes,Website,"['Technical_Demo', 'IMS_Badge_Scan', 'Customer']",1
L007580,Sarah Williams,,Semiconductor,,Oscilloscopes,LinkedIn,"['Website_Product_Page', 'SQL', 'Website_Product_Page', 'Technical_Demo', 'No_Conversion']",0
L007581,Michael Garcia,Tesla Energy GmbH,,APAC,,Event,"['Keysight_University_Course', 'Opportunity', 'Keysight_Workshop_RF_Testing', 'Keysight_Workshop_RF_Testing', 'Opportunity', 'Keysight_Workshop_RF_Testing', 'Keysight_University_Course', 'Customer']",1
L007582,Laura Martinez,,,APAC,Oscilloscopes,,"['LinkedIn_Ad_Click', 'Opportunity', 'PathWave_Trial_Request', 'Customer']",1
L007583,Daniel Williams,Infin_Tech,,APAC,PathWave Software,,"['Keysight_Workshop_RF_Testing', 'Customer']",1
L007584,,Infineon,Semiconductor,,,Sales Outreach,"['Keysight_Workshop_RF_Testing', 'Opportunity', 'Whitepaper_Download_5G_Test', 'PathWave_Trial_Request', 'No_Conversion']",0
L007585,Michael Williams,NXPSe_Tech,Automotive,,,Webinar,"['MQL', 'PathWave_Trial_Request', 'Website_Product_Page', 'Whitepaper_Download_5G_Test', 'SQL', 'Keysight_Workshop_RF_Testing', 'No_Conversion']",0
L007586,Ravi Ito,,Automotive,APAC,PathWave Software,Event,['Customer'],1
L007587,Hiroshi Patel,,Telecom,North America,PathWave Software,LinkedIn,"['Lab_Integration_Discussion', 'Keysight_University_Course', 'Keysight_Workshop_RF_Testing', 'MQL', 'Loaner_Unit_Evaluation', 'Loaner_Unit_Evaluation', 'Website_Product_Page', 'Customer']",1
L007588,Chen Anders,Tesla_Tech,Automotive,LATAM,,Website,['No_Conversion'],0
L007589,Michael Ito,Raytheon,,APAC,Oscilloscopes,Email Campaign,"['Website_Product_Page', 'Lab_Integration_Discussion', 'MQL', 'Keysight_Workshop_RF_Testing', 'LinkedIn_Ad_Click', 'Website_Product_Page', 'AutoSens_Tech_Talk', 'Customer']",1
L007590,,NXP Semiconductors GmbH,Aerospace,LATAM,,LinkedIn,"['Keysight_University_Course', 'No_Conversion']",0
L007591,Priya Williams,Samsu_Tech,,North America,Automotive Ethernet,LinkedIn,"['MQL', 'Keysight_University_Course', 'DesignCon_Booth_Visit', 'AutoSens_Tech_Talk', 'No_Conversion']",0
L007592,Sofia Johnson,Samsung Electronics GmbH,Electronics,Europe,,,"['Website_Product_Page', 'DesignCon_Booth_Visit', 'Keysight_Workshop_RF_Testing', 'Lab_Integration_Discussion', 'MQL', 'Loaner_Unit_Evaluation', 'Customer']",1
L007593,Sofia Garcia,Raytheon GmbH,Telecom,North America,5G Testbeds,LinkedIn,"['Keysight_Workshop_RF_Testing', 'Whitepaper_Download_5G_Test', 'Loaner_Unit_Evaluation', 'Loaner_Unit_Evaluation', 'DesignCon_Booth_Visit', 'Loaner_Unit_Evaluation', 'DesignCon_Booth_Visit', 'PathWave_Trial_Request', 'No_Conversion']",0
L007594,Sofia Garcia,Bosch_Tech,Semiconductor,LATAM,,Sales Outreach,"['Keysight_University_Course', 'Application_Engineer_Call', 'AutoSens_Tech_Talk', 'Opportunity', 'Whitepaper_Download_5G_Test', 'AutoSens_Tech_Talk', 'AutoSens_Tech_Talk', 'MQL', 'DesignCon_Booth_Visit', 'No_Conversion']",0
L007595,Ahmed Johnson,,Automotive,North America,PathWave Software,Website,"['LinkedIn_Ad_Click', 'MQL', 'Keysight_Workshop_RF_Testing', 'Application_Engineer_Call', 'Customer']",1
L007596,Chen Garcia,,,North America,,,"['Lab_Integration_Discussion', 'IMS_Badge_Scan', 'No_Conversion']",0
L007597,Daniel Khan,NXP Semiconductors,Electronics,Europe,,Sales Outreach,['Customer'],1
L007598,Laura Garcia,Samsung Electronics GmbH,Semiconductor,North America,Oscilloscopes,Event,"['IMS_Badge_Scan', 'Website_Product_Page', 'Application_Engineer_Call', 'Application_Engineer_Call', 'Keysight_University_Course', 'No_Conversion']",0
L007599,Hiroshi Ito,Rayth_Tech,Semiconductor,APAC,Oscilloscopes,Event,"['Loaner_Unit_Evaluation', 'Loaner_Unit_Evaluation', 'SQL', 'Keysight_University_Course', 'SQL', 'Whitepaper_Download_5G_Test', 'PathWave_Trial_Request', 'No_Conversion']",0
L007600,Sarah Garcia,,Aerospace,Europe,Automotive Ethernet,Email Campaign,"['Opportunity', 'DesignCon_Booth_Visit', 'Opportunity', 'PathWave_Trial_Request', 'No_Conversion']",0
L007601,Kenji Ito,Bosch_Tech,Semiconductor,Europe,,Event,['No_Conversion'],0
L007602,Ahmed Patel,Qualcomm GmbH,Automotive,North America,5G Testbeds,,"['Website_Product_Page', 'Loaner_Unit_Evaluation', 'Lab_Integration_Discussion', 'Whitepaper_Download_5G_Test', 'No_Conversion']",0
L007603,Maria Chen,Qualcomm,Electronics,North America,,Event,"['IMS_Badge_Scan', 'Application_Engineer_Call', 'Website_Product_Page', 'Oscilloscope_Selector_Tool', 'Whitepaper_Download_5G_Test', 'Opportunity', 'No_Conversion']",0
L007604,Ahmed Lee,Sony,Electronics,Europe,Oscilloscopes,Event,['Customer'],1
L007605,,,Electronics,Europe,Automotive Ethernet,Webinar,"['Loaner_Unit_Evaluation', 'Whitepaper_Download_5G_Test', 'Technical_Demo', 'No_Conversion']",0
L007606,Kenji Tanaka,Broadcom,,North America,5G Testbeds,LinkedIn,"['PathWave_Trial_Request', 'LinkedIn_Ad_Click', 'Oscilloscope_Selector_Tool', 'Application_Engineer_Call', 'No_Conversion']",0
L007607,Chen Martinez,Qualc_Tech,Automotive,APAC,Oscilloscopes,Sales Outreach,"['Keysight_Workshop_RF_Testing', 'Loaner_Unit_Evaluation', 'AutoSens_Tech_Talk', 'IMS_Badge_Scan', 'SQL', 'LinkedIn_Ad_Click', 'Technical_Demo', 'LinkedIn_Ad_Click', 'Customer']",1
L007608,Kenji Tanaka,NXP Semiconductors,Electronics,North America,,Event,"['SQL', 'Whitepaper_Download_5G_Test', 'Technical_Demo', 'Oscilloscope_Selector_Tool', 'Opportunity', 'Loaner_Unit_Evaluation', 'Application_Engineer_Call', 'Customer']",1
L007609,Sofia Garcia,Meta Connectivity Labs,,,PathWave Software,Sales Outreach,['No_Conversion'],0
L007610,Chen Martinez,Infin_Tech,Electronics,APAC,,,"['Whitepaper_Download_5G_Test', 'No_Conversion']",0
L007611,Chen Anders,Infineon GmbH,,,,LinkedIn,['No_Conversion'],0
L007612,Daniel Patel,Bosch_Tech,Aerospace,North America,,LinkedIn,['Customer'],1
L007613,Priya Singh,Infin_Tech,Electronics,APAC,Automotive Ethernet,Sales Outreach,"['Lab_Integration_Discussion', 'Keysight_Workshop_RF_Testing', 'Keysight_Workshop_RF_Testing', 'Keysight_Workshop_RF_Testing', 'Oscilloscope_Selector_Tool', 'Website_Product_Page', 'Lab_Integration_Discussion', 'Customer']",1
L007614,,Sony GmbH,Telecom,North America,,LinkedIn,"['Opportunity', 'Lab_Integration_Discussion', 'Keysight_Workshop_RF_Testing', 'Oscilloscope_Selector_Tool', 'MQL', 'Application_Engineer_Call', 'IMS_Badge_Scan', 'No_Conversion']",0
L007615,,,Automotive,North America,Automotive Ethernet,Event,"['LinkedIn_Ad_Click', 'Lab_Integration_Discussion', 'Website_Product_Page', 'Application_Engineer_Call', 'Whitepaper_Download_5G_Test', 'No_Conversion']",0
L007616,Daniel Martinez,MetaC_Tech,Semiconductor,LATAM,Automotive Ethernet,Email Campaign,"['MQL', 'IMS_Badge_Scan', 'MQL', 'Oscilloscope_Selector_Tool', 'Customer']",1
L007617,Kenji Khan,Rayth_Tech,Telecom,Europe,,,"['Website_Product_Page', 'Lab_Integration_Discussion', 'No_Conversion']",0
L007618,Priya Lee,Tesla_Tech,Aerospace,LATAM,Automotive Ethernet,Sales Outreach,['Customer'],1
L007619,,,Automotive,Europe,,LinkedIn,['Customer'],1
L007620,Ahmed Anders,Infineon GmbH,Semiconductor,APAC,Automotive Ethernet,LinkedIn,"['AutoSens_Tech_Talk', 'LinkedIn_Ad_Click', 'Keysight_University_Course', 'Loaner_Unit_Evaluation', 'PathWave_Trial_Request', 'Keysight_Workshop_RF_Testing', 'IMS_Badge_Scan', 'Customer']",1
L007621,Daniel Chen,Qualcomm,Semiconductor,LATAM,PathWave Software,Website,"['Website_Product_Page', 'LinkedIn_Ad_Click', 'DesignCon_Booth_Visit', 'Keysight_University_Course', 'SQL', 'Whitepaper_Download_5G_Test', 'No_Conversion']",0
L007622,Laura Chen,,Telecom,,5G Testbeds,Webinar,"['Application_Engineer_Call', 'Customer']",1
L007623,Ahmed Singh,Broad_Tech,,North America,Automotive Ethernet,Website,"['Lab_Integration_Discussion', 'AutoSens_Tech_Talk', 'LinkedIn_Ad_Click', 'Opportunity', 'DesignCon_Booth_Visit', 'No_Conversion']",0
L007624,Ravi Ito,Bosch GmbH,,North America,PathWave Software,,"['LinkedIn_Ad_Click', 'Loaner_Unit_Evaluation', 'SQL', 'Opportunity', 'Customer']",1
L007625,,NXP Semiconductors GmbH,,,Automotive Ethernet,Webinar,"['Loaner_Unit_Evaluation', 'Customer']",1
L007626,,Tesla Energy GmbH,,,Oscilloscopes,Event,['No_Conversion'],0
L007627,Priya Williams,Meta Connectivity Labs,Semiconductor,,,Sales Outreach,"['Keysight_Workshop_RF_Testing', 'Oscilloscope_Selector_Tool', 'Technical_Demo', 'Customer']",1
L007628,,Raytheon GmbH,Automotive,North America,,Sales Outreach,"['Keysight_Workshop_RF_Testing', 'Oscilloscope_Selector_Tool', 'Keysight_Workshop_RF_Testing', 'Website_Product_Page', 'SQL', 'No_Conversion']",0
L007629,Kenji Khan,,Aerospace,North America,,Website,['Customer'],1
L007630,Daniel Khan,,Telecom,Europe,Oscilloscopes,Sales Outreach,"['Keysight_Workshop_RF_Testing', 'Customer']",1
L007631,Daniel Khan,Sony GmbH,,Europe,Automotive Ethernet,Event,"['SQL', 'IMS_Badge_Scan', 'Application_Engineer_Call', 'AutoSens_Tech_Talk', 'PathWave_Trial_Request', 'Keysight_Workshop_RF_Testing', 'Lab_Integration_Discussion', 'Application_Engineer_Call', 'No_Conversion']",0
L007632,Michael Patel,Bosch_Tech,Semiconductor,APAC,Oscilloscopes,Email Campaign,"['Application_Engineer_Call', 'Technical_Demo', 'Keysight_University_Course', 'No_Conversion']",0
L007633,Sarah Tanaka,Qualcomm GmbH,Semiconductor,,,Event,"['PathWave_Trial_Request', 'MQL', 'DesignCon_Booth_Visit', 'No_Conversion']",0
L007634,Maria Tanaka,Tesla Energy GmbH,,,Oscilloscopes,Sales Outreach,"['Lab_Integration_Discussion', 'Keysight_University_Course', 'IMS_Badge_Scan', 'PathWave_Trial_Request', 'IMS_Badge_Scan', 'Oscilloscope_Selector_Tool', 'PathWave_Trial_Request', 'No_Conversion']",0
L007635,Laura Patel,,,North America,,Webinar,"['LinkedIn_Ad_Click', 'Lab_Integration_Discussion', 'SQL', 'No_Conversion']",0
L007636,Kenji Ito,Broadcom,,LATAM,Automotive Ethernet,Email Campaign,"['Opportunity', 'Lab_Integration_Discussion', 'Website_Product_Page', 'Customer']",1
L007637,Ravi Lee,,,APAC,,LinkedIn,"['Website_Product_Page', 'SQL', 'Keysight_University_Course', 'LinkedIn_Ad_Click', 'Technical_Demo', 'Customer']",1
L007638,Ahmed Garcia,,Electronics,Europe,5G Testbeds,Email Campaign,"['AutoSens_Tech_Talk', 'No_Conversion']",0
L007639,Michael Patel,,Semiconductor,Europe,PathWave Software,LinkedIn,"['Oscilloscope_Selector_Tool', 'Website_Product_Page', 'Application_Engineer_Call', 'Customer']",1
L007640,Maria Patel,Samsung Electronics,Telecom,Europe,5G Testbeds,LinkedIn,"['Opportunity', 'Customer']",1
L007641,Daniel Anders,NXPSe_Tech,Aerospace,LATAM,5G Testbeds,LinkedIn,"['AutoSens_Tech_Talk', 'LinkedIn_Ad_Click', 'Opportunity', 'LinkedIn_Ad_Click', 'MQL', 'PathWave_Trial_Request', 'Customer']",1
L007642,Michael Martinez,Broadcom,Aerospace,,Automotive Ethernet,,"['Whitepaper_Download_5G_Test', 'LinkedIn_Ad_Click', 'PathWave_Trial_Request', 'Loaner_Unit_Evaluation', 'No_Conversion']",0
L007643,Daniel Khan,Sony GmbH,Electronics,,5G Testbeds,Sales Outreach,"['Loaner_Unit_Evaluation', 'SQL', 'DesignCon_Booth_Visit', 'LinkedIn_Ad_Click', 'No_Conversion']",0
L007644,Hiroshi Patel,Sony,,APAC,,Website,"['Whitepaper_Download_5G_Test', 'SQL', 'Technical_Demo', 'DesignCon_Booth_Visit', 'No_Conversion']",0
L007645,Priya Patel,Qualcomm GmbH,,Europe,Oscilloscopes,Webinar,"['Loaner_Unit_Evaluation', 'Opportunity', 'Whitepaper_Download_5G_Test', 'Opportunity', 'Application_Engineer_Call', 'Website_Product_Page', 'PathWave_Trial_Request', 'PathWave_Trial_Request', 'No_Conversion']",0
L007646,Sofia Williams,,,North America,5G Testbeds,LinkedIn,"['Lab_Integration_Discussion', 'Loaner_Unit_Evaluation', 'Oscilloscope_Selector_Tool', 'Customer']",1
L007647,Kenji Chen,Qualcomm,Electronics,Europe,PathWave Software,Website,"['Application_Engineer_Call', 'IMS_Badge_Scan', 'Technical_Demo', 'Keysight_University_Course', 'IMS_Badge_Scan', 'IMS_Badge_Scan', 'Technical_Demo', 'Opportunity', 'SQL', 'No_Conversion']",0
L007648,Michael Ito,Samsu_Tech,Telecom,North America,,Webinar,"['AutoSens_Tech_Talk', 'AutoSens_Tech_Talk', 'Keysight_Workshop_RF_Testing', 'SQL', 'DesignCon_Booth_Visit', 'Loaner_Unit_Evaluation', 'Technical_Demo', 'Keysight_Workshop_RF_Testing', 'PathWave_Trial_Request', 'MQL', 'No_Conversion']",0
L007649,Ahmed Singh,,,LATAM,Automotive Ethernet,,['No_Conversion'],0
L007650,Chen Singh,Qualcomm,Automotive,North America,,Email Campaign,"['MQL', 'Whitepaper_Download_5G_Test', 'PathWave_Trial_Request', 'Keysight_Workshop_RF_Testing', 'Lab_Integration_Discussion', 'No_Conversion']",0
L007651,Ravi Garcia,,Aerospace,North America,,Event,"['Website_Product_Page', 'IMS_Badge_Scan', 'Application_Engineer_Call', 'Keysight_Workshop_RF_Testing', 'Loaner_Unit_Evaluation', 'SQL', 'AutoSens_Tech_Talk', 'Technical_Demo', 'MQL', 'Opportunity', 'No_Conversion']",0
L007652,Priya Tanaka,Raytheon,Electronics,Europe,,Webinar,"['Keysight_University_Course', 'DesignCon_Booth_Visit', 'AutoSens_Tech_Talk', 'Oscilloscope_Selector_Tool', 'Website_Product_Page', 'Customer']",1
L007653,,Bosch GmbH,Aerospace,,,Website,"['Technical_Demo', 'Oscilloscope_Selector_Tool', 'Lab_Integration_Discussion', 'MQL', 'Opportunity', 'Whitepaper_Download_5G_Test', 'Oscilloscope_Selector_Tool', 'Customer']",1
L007654,Ravi Tanaka,MetaC_Tech,,APAC,PathWave Software,,"['MQL', 'AutoSens_Tech_Talk', 'SQL', 'LinkedIn_Ad_Click', 'Whitepaper_Download_5G_Test', 'MQL', 'No_Conversion']",0
L007655,Michael Anders,Sony_Tech,Automotive,Europe,,,"['Website_Product_Page', 'PathWave_Trial_Request', 'PathWave_Trial_Request', 'IMS_Badge_Scan', 'MQL', 'IMS_Badge_Scan', 'LinkedIn_Ad_Click', 'Application_Engineer_Call', 'Customer']",1
L007656,Sarah Singh,NXP Semiconductors,Semiconductor,LATAM,5G Testbeds,Event,"['IMS_Badge_Scan', 'DesignCon_Booth_Visit', 'Lab_Integration_Discussion', 'Whitepaper_Download_5G_Test', 'Oscilloscope_Selector_Tool', 'No_Conversion']",0
L007657,Laura Singh,Bosch GmbH,Semiconductor,LATAM,Automotive Ethernet,Email Campaign,"['Oscilloscope_Selector_Tool', 'Customer']",1
L007658,Sarah Williams,Rayth_Tech,Semiconductor,APAC,PathWave Software,Event,"['Application_Engineer_Call', 'LinkedIn_Ad_Click', 'Website_Product_Page', 'No_Conversion']",0
L007659,,,Semiconductor,,5G Testbeds,Website,['No_Conversion'],0
L007660,Sofia Ito,,,APAC,,LinkedIn,"['MQL', 'PathWave_Trial_Request', 'Opportunity', 'IMS_Badge_Scan', 'SQL', 'Application_Engineer_Call', 'Application_Engineer_Call', 'Application_Engineer_Call', 'SQL', 'MQL', 'No_Conversion']",0
L007661,Maria Khan,Sony_Tech,Telecom,LATAM,Automotive Ethernet,Sales Outreach,"['LinkedIn_Ad_Click', 'Keysight_Workshop_RF_Testing', 'DesignCon_Booth_Visit', 'AutoSens_Tech_Talk', 'Whitepaper_Download_5G_Test', 'PathWave_Trial_Request', 'Website_Product_Page', 'IMS_Badge_Scan', 'IMS_Badge_Scan', 'Customer']",1
L007662,Sofia Garcia,Bosch GmbH,Automotive,,5G Testbeds,Webinar,"['Loaner_Unit_Evaluation', 'Keysight_Workshop_RF_Testing', 'No_Conversion']",0
L007663,Ahmed Ito,MetaC_Tech,,Europe,Automotive Ethernet,Sales Outreach,"['AutoSens_Tech_Talk', 'Whitepaper_Download_5G_Test', 'IMS_Badge_Scan', 'Website_Product_Page', 'Website_Product_Page', 'MQL', 'Keysight_University_Course', 'SQL', 'SQL', 'No_Conversion']",0
L007664,Priya Tanaka,Infin_Tech,Semiconductor,North America,,LinkedIn,"['MQL', 'Opportunity', 'MQL', 'IMS_Badge_Scan', 'MQL', 'No_Conversion']",0
L007665,Chen Chen,Sony GmbH,,Europe,,,"['Whitepaper_Download_5G_Test', 'PathWave_Trial_Request', 'Keysight_Workshop_RF_Testing', 'MQL', 'No_Conversion']",0
L007666,Priya Anders,Qualc_Tech,,Europe,,Sales Outreach,['Customer'],1
L007667,,Qualcomm,Electronics,LATAM,Automotive Ethernet,LinkedIn,"['Keysight_Workshop_RF_Testing', 'Whitepaper_Download_5G_Test', 'MQL', 'Lab_Integration_Discussion', 'Keysight_University_Course', 'Loaner_Unit_Evaluation', 'No_Conversion']",0
L007668,Maria Tanaka,NXP Semiconductors GmbH,,APAC,,Website,"['AutoSens_Tech_Talk', 'Keysight_Workshop_RF_Testing', 'Lab_Integration_Discussion', 'No_Conversion']",0
L007669,Hiroshi Khan,Infineon GmbH,Automotive,,Oscilloscopes,Webinar,"['DesignCon_Booth_Visit', 'No_Conversion']",0
L007670,Daniel Ito,Infineon,Automotive,,,Webinar,"['Opportunity', 'IMS_Badge_Scan', 'Website_Product_Page', 'Lab_Integration_Discussion', 'LinkedIn_Ad_Click', 'No_Conversion']",0
L007671,Sofia Khan,,Automotive,North America,Oscilloscopes,Webinar,"['LinkedIn_Ad_Click', 'PathWave_Trial_Request', 'DesignCon_Booth_Visit', 'No_Conversion']",0
L007672,Chen Patel,Bosch,Automotive,LATAM,,,"['SQL', 'Website_Product_Page', 'IMS_Badge_Scan', 'IMS_Badge_Scan', 'Oscilloscope_Selector_Tool', 'PathWave_Trial_Request', 'IMS_Badge_Scan', 'Technical_Demo', 'IMS_Badge_Scan', 'No_Conversion']",0
L007673,Priya Tanaka,MetaC_Tech,Aerospace,,5G Testbeds,LinkedIn,"['Technical_Demo', 'Loaner_Unit_Evaluation', 'LinkedIn_Ad_Click', 'AutoSens_Tech_Talk', 'Website_Product_Page', 'Application_Engineer_Call', 'Keysight_University_Course', 'No_Conversion']",0
L007674,Ahmed Williams,Qualc_Tech,Telecom,,,,"['DesignCon_Booth_Visit', 'DesignCon_Booth_Visit', 'Customer']",1
L007675,Ahmed Patel,Raytheon GmbH,,APAC,,LinkedIn,"['Keysight_Workshop_RF_Testing', 'Application_Engineer_Call', 'LinkedIn_Ad_Click', 'Lab_Integration_Discussion', 'PathWave_Trial_Request', 'AutoSens_Tech_Talk', 'Oscilloscope_Selector_Tool', 'MQL', 'MQL', 'Lab_Integration_Discussion', 'Customer']",1
L007676,Chen Khan,Rayth_Tech,Telecom,North America,Automotive Ethernet,LinkedIn,"['Application_Engineer_Call', 'Keysight_University_Course', 'IMS_Badge_Scan', 'Application_Engineer_Call', 'MQL', 'IMS_Badge_Scan', 'PathWave_Trial_Request', 'Opportunity', 'Keysight_University_Course', 'PathWave_Trial_Request', 'Customer']",1
L007677,,Bosch,,LATAM,,Sales Outreach,"['Keysight_University_Course', 'IMS_Badge_Scan', 'Oscilloscope_Selector_Tool', 'Oscilloscope_Selector_Tool', 'Technical_Demo', 'Opportunity', 'Loaner_Unit_Evaluation', 'Website_Product_Page', 'PathWave_Trial_Request', 'DesignCon_Booth_Visit', 'Customer']",1
L007678,Michael Singh,Meta Connectivity Labs,Telecom,North America,5G Testbeds,,"['Lab_Integration_Discussion', 'PathWave_Trial_Request', 'No_Conversion']",0
L007679,Kenji Johnson,Rayth_Tech,Aerospace,APAC,5G Testbeds,Website,"['PathWave_Trial_Request', 'Opportunity', 'DesignCon_Booth_Visit', 'No_Conversion']",0
L007680,Daniel Singh,Rayth_Tech,Telecom,North America,,LinkedIn,"['Lab_Integration_Discussion', 'PathWave_Trial_Request', 'Keysight_Workshop_RF_Testing', 'PathWave_Trial_Request', 'Website_Product_Page', 'Loaner_Unit_Evaluation', 'Oscilloscope_Selector_Tool', 'Opportunity', 'Lab_Integration_Discussion', 'AutoSens_Tech_Talk', 'No_Conversion']",0
L007681,Daniel Tanaka,NXP Semiconductors GmbH,,Europe,Automotive Ethernet,LinkedIn,['No_Conversion'],0
L007682,,,Aerospace,North America,Automotive Ethernet,Webinar,['Customer'],1
L007683,Chen Lee,NXPSe_Tech,Automotive,APAC,Oscilloscopes,Webinar,"['Website_Product_Page', 'Lab_Integration_Discussion', 'LinkedIn_Ad_Click', 'PathWave_Trial_Request', 'Opportunity', 'Application_Engineer_Call', 'No_Conversion']",0
L007684,Sofia Chen,Qualcomm,Telecom,APAC,PathWave Software,,"['Technical_Demo', 'Opportunity', 'DesignCon_Booth_Visit', 'Whitepaper_Download_5G_Test', 'Customer']",1
L007685,Chen Garcia,Infin_Tech,Telecom,North America,PathWave Software,Email Campaign,"['Lab_Integration_Discussion', 'Keysight_Workshop_RF_Testing', 'Oscilloscope_Selector_Tool', 'Lab_Integration_Discussion', 'No_Conversion']",0
L007686,Chen Garcia,,,LATAM,Automotive Ethernet,Webinar,"['MQL', 'No_Conversion']",0
L007687,Sarah Johnson,Sony,Telecom,Europe,PathWave Software,Email Campaign,['Customer'],1
L007688,Ravi Williams,Samsu_Tech,Aerospace,Europe,5G Testbeds,Sales Outreach,['Customer'],1
L007689,Chen Johnson,Raytheon GmbH,,APAC,Oscilloscopes,LinkedIn,"['Oscilloscope_Selector_Tool', 'Opportunity', 'Website_Product_Page', 'AutoSens_Tech_Talk', 'AutoSens_Tech_Talk', 'Keysight_Workshop_RF_Testing', 'Whitepaper_Download_5G_Test', 'DesignCon_Booth_Visit', 'Keysight_Workshop_RF_Testing', 'Customer']",1
L007690,Hiroshi Williams,,Automotive,APAC,,Website,['Customer'],1
L007691,,,Telecom,,PathWave Software,Email Campaign,"['Loaner_Unit_Evaluation', 'Website_Product_Page', 'No_Conversion']",0
L007692,Michael Garcia,Broadcom GmbH,,LATAM,,,"['Technical_Demo', 'IMS_Badge_Scan', 'Keysight_University_Course', 'Lab_Integration_Discussion', 'No_Conversion']",0
L007693,,Infin_Tech,Aerospace,,5G Testbeds,Website,"['Keysight_Workshop_RF_Testing', 'Oscilloscope_Selector_Tool', 'Lab_Integration_Discussion', 'Website_Product_Page', 'AutoSens_Tech_Talk', 'Application_Engineer_Call', 'No_Conversion']",0
L007694,,Qualcomm GmbH,Telecom,Europe,,,"['Lab_Integration_Discussion', 'Opportunity', 'DesignCon_Booth_Visit', 'PathWave_Trial_Request', 'IMS_Badge_Scan', 'LinkedIn_Ad_Click', 'No_Conversion']",0
L007695,Sofia Khan,NXP Semiconductors,,LATAM,5G Testbeds,Event,"['DesignCon_Booth_Visit', 'Application_Engineer_Call', 'Lab_Integration_Discussion', 'Oscilloscope_Selector_Tool', 'Customer']",1
L007696,,,Telecom,APAC,,LinkedIn,"['Application_Engineer_Call', 'AutoSens_Tech_Talk', 'Technical_Demo', 'SQL', 'DesignCon_Booth_Visit', 'MQL', 'LinkedIn_Ad_Click', 'Lab_Integration_Discussion', 'Customer']",1
L007697,Michael Patel,Broadcom,Electronics,North America,,LinkedIn,"['SQL', 'MQL', 'Lab_Integration_Discussion', 'Keysight_University_Course', 'Keysight_University_Course', 'MQL', 'SQL', 'LinkedIn_Ad_Click', 'Keysight_University_Course', 'Customer']",1
L007698,Kenji Ito,NXP Semiconductors GmbH,Semiconductor,,5G Testbeds,Sales Outreach,"['DesignCon_Booth_Visit', 'AutoSens_Tech_Talk', 'Whitepaper_Download_5G_Test', 'Technical_Demo', 'Keysight_Workshop_RF_Testing', 'AutoSens_Tech_Talk', 'AutoSens_Tech_Talk', 'IMS_Badge_Scan', 'Whitepaper_Download_5G_Test', 'No_Conversion']",0
L007699,Sofia Patel,Meta Connectivity Labs,,APAC,,Event,"['Keysight_Workshop_RF_Testing', 'Technical_Demo', 'Website_Product_Page', 'DesignCon_Booth_Visit', 'Application_Engineer_Call', 'No_Conversion']",0
L007700,Daniel Johnson,,Semiconductor,LATAM,Oscilloscopes,,"['Loaner_Unit_Evaluation', 'Application_Engineer_Call', 'DesignCon_Booth_Visit', 'PathWave_Trial_Request', 'DesignCon_Booth_Visit', 'AutoSens_Tech_Talk', 'IMS_Badge_Scan', 'Customer']",1
L007701,Maria Ito,Sony_Tech,Electronics,Europe,Automotive Ethernet,Webinar,"['Lab_Integration_Discussion', 'SQL', 'Opportunity', 'AutoSens_Tech_Talk', 'MQL', 'Website_Product_Page', 'Customer']",1
L007702,Ravi Patel,Sony_Tech,Electronics,Europe,Oscilloscopes,Website,"['Opportunity', 'Website_Product_Page', 'Whitepaper_Download_5G_Test', 'Application_Engineer_Call', 'Loaner_Unit_Evaluation', 'Keysight_University_Course', 'Technical_Demo', 'PathWave_Trial_Request', 'Customer']",1
L007703,Ahmed Singh,Infin_Tech,Automotive,,,,"['Website_Product_Page', 'No_Conversion']",0
L007704,Laura Khan,Bosch_Tech,Automotive,Europe,,Website,"['Website_Product_Page', 'Whitepaper_Download_5G_Test', 'AutoSens_Tech_Talk', 'Lab_Integration_Discussion', 'Lab_Integration_Discussion', 'SQL', 'LinkedIn_Ad_Click', 'No_Conversion']",0
L007705,Daniel Patel,MetaC_Tech,,,,Website,"['Keysight_Workshop_RF_Testing', 'Keysight_Workshop_RF_Testing', 'Technical_Demo', 'Loaner_Unit_Evaluation', 'MQL', 'Opportunity', 'SQL', 'SQL', 'IMS_Badge_Scan', 'Customer']",1
L007706,Michael Khan,Rayth_Tech,,,PathWave Software,Sales Outreach,"['Opportunity', 'Website_Product_Page', 'Keysight_University_Course', 'Technical_Demo', 'Opportunity', 'No_Conversion']",0
L007707,Ravi Lee,Sony_Tech,,North America,5G Testbeds,Email Campaign,"['Loaner_Unit_Evaluation', 'Application_Engineer_Call', 'DesignCon_Booth_Visit', 'Lab_Integration_Discussion', 'AutoSens_Tech_Talk', 'DesignCon_Booth_Visit', 'Application_Engineer_Call', 'Lab_Integration_Discussion', 'Whitepaper_Download_5G_Test', 'DesignCon_Booth_Visit', 'No_Conversion']",0
L007708,Ahmed Ito,Meta Connectivity Labs,Automotive,North America,PathWave Software,Website,"['Opportunity', 'AutoSens_Tech_Talk', 'Customer']",1
L007709,,,,,Automotive Ethernet,Event,"['Keysight_Workshop_RF_Testing', 'Customer']",1
L007710,Laura Garcia,Infin_Tech,Aerospace,APAC,,Webinar,"['Opportunity', 'Customer']",1
L007711,Sofia Anders,Broadcom,Electronics,,5G Testbeds,Event,"['SQL', 'IMS_Badge_Scan', 'No_Conversion']",0
L007712,,,Electronics,Europe,,Webinar,['No_Conversion'],0
L007713,Sarah Khan,Bosch_Tech,,Europe,,Sales Outreach,"['IMS_Badge_Scan', 'Keysight_Workshop_RF_Testing', 'Keysight_University_Course', 'Opportunity', 'Customer']",1
L007714,Laura Singh,Tesla Energy GmbH,Aerospace,North America,,Website,"['Oscilloscope_Selector_Tool', 'DesignCon_Booth_Visit', 'Keysight_Workshop_RF_Testing', 'Opportunity', 'No_Conversion']",0
L007715,Laura Chen,Meta Connectivity Labs,Telecom,LATAM,,,"['Whitepaper_Download_5G_Test', 'Technical_Demo', 'Keysight_University_Course', 'No_Conversion']",0
L007716,Michael Ito,Bosch,,Europe,5G Testbeds,Website,"['AutoSens_Tech_Talk', 'Opportunity', 'IMS_Badge_Scan', 'No_Conversion']",0
L007717,Maria Tanaka,,,North America,Automotive Ethernet,Email Campaign,['Customer'],1
L007718,Sarah Garcia,Rayth_Tech,Automotive,,Oscilloscopes,Event,"['Website_Product_Page', 'Website_Product_Page', 'MQL', 'Lab_Integration_Discussion', 'LinkedIn_Ad_Click', 'Customer']",1
L007719,Sarah Ito,NXP Semiconductors GmbH,Semiconductor,LATAM,Automotive Ethernet,Event,"['Application_Engineer_Call', 'PathWave_Trial_Request', 'MQL', 'No_Conversion']",0
L007720,Sarah Patel,Broadcom,,,5G Testbeds,Sales Outreach,"['Technical_Demo', 'SQL', 'Keysight_University_Course', 'No_Conversion']",0
L007721,Sarah Williams,Infineon,Automotive,LATAM,PathWave Software,Event,"['DesignCon_Booth_Visit', 'Lab_Integration_Discussion', 'LinkedIn_Ad_Click', 'No_Conversion']",0
L007722,Daniel Anders,,Telecom,North America,PathWave Software,Event,['Customer'],1
L007723,,NXPSe_Tech,Semiconductor,,Automotive Ethernet,Sales Outreach,"['Whitepaper_Download_5G_Test', 'Technical_Demo', 'Oscilloscope_Selector_Tool', 'Keysight_Workshop_RF_Testing', 'LinkedIn_Ad_Click', 'No_Conversion']",0
L007724,Hiroshi Johnson,Meta Connectivity Labs GmbH,,North America,5G Testbeds,Website,"['Keysight_University_Course', 'Opportunity', 'Opportunity', 'Technical_Demo', 'No_Conversion']",0
L007725,Michael Lee,Meta Connectivity Labs,Semiconductor,LATAM,Oscilloscopes,Sales Outreach,"['IMS_Badge_Scan', 'DesignCon_Booth_Visit', 'LinkedIn_Ad_Click', 'Loaner_Unit_Evaluation', 'Lab_Integration_Discussion', 'DesignCon_Booth_Visit', 'SQL', 'Technical_Demo', 'LinkedIn_Ad_Click', 'Oscilloscope_Selector_Tool', 'Customer']",1
L007726,Ahmed Tanaka,Infineon,,APAC,,Sales Outreach,"['DesignCon_Booth_Visit', 'Application_Engineer_Call', 'AutoSens_Tech_Talk', 'Keysight_Workshop_RF_Testing', 'Loaner_Unit_Evaluation', 'Customer']",1
L007727,,,Automotive,,Automotive Ethernet,Sales Outreach,"['PathWave_Trial_Request', 'Website_Product_Page', 'AutoSens_Tech_Talk', 'LinkedIn_Ad_Click', 'Customer']",1
L007728,Maria Anders,Samsu_Tech,Telecom,APAC,5G Testbeds,Email Campaign,"['Keysight_Workshop_RF_Testing', 'Oscilloscope_Selector_Tool', 'Keysight_University_Course', 'Customer']",1
L007729,Priya Chen,,Automotive,Europe,,LinkedIn,"['PathWave_Trial_Request', 'LinkedIn_Ad_Click', 'IMS_Badge_Scan', 'LinkedIn_Ad_Click', 'Website_Product_Page', 'Lab_Integration_Discussion', 'PathWave_Trial_Request', 'Lab_Integration_Discussion', 'No_Conversion']",0
L007730,Hiroshi Khan,Qualcomm GmbH,,,,Sales Outreach,"['Opportunity', 'Lab_Integration_Discussion', 'LinkedIn_Ad_Click', 'Whitepaper_Download_5G_Test', 'SQL', 'Application_Engineer_Call', 'DesignCon_Booth_Visit', 'Keysight_Workshop_RF_Testing', 'AutoSens_Tech_Talk', 'Customer']",1
L007731,Maria Tanaka,,Semiconductor,APAC,PathWave Software,Event,['Customer'],1
L007732,Hiroshi Singh,Broadcom GmbH,Automotive,LATAM,,Event,"['PathWave_Trial_Request', 'Application_Engineer_Call', 'LinkedIn_Ad_Click', 'Whitepaper_Download_5G_Test', 'Keysight_University_Course', 'LinkedIn_Ad_Click', 'IMS_Badge_Scan', 'Opportunity', 'PathWave_Trial_Request', 'No_Conversion']",0
L007733,Hiroshi Anders,Broad_Tech,Aerospace,,Oscilloscopes,Event,"['Keysight_University_Course', 'Technical_Demo', 'Keysight_Workshop_RF_Testing', 'Whitepaper_Download_5G_Test', 'Application_Engineer_Call', 'Technical_Demo', 'Loaner_Unit_Evaluation', 'No_Conversion']",0
L007734,Michael Singh,Bosch_Tech,,,,Webinar,['Customer'],1
L007735,Sofia Ito,,Telecom,,,,"['AutoSens_Tech_Talk', 'PathWave_Trial_Request', 'Whitepaper_Download_5G_Test', 'Technical_Demo', 'Application_Engineer_Call', 'Customer']",1
L007736,Daniel Anders,Sony,Aerospace,Europe,,LinkedIn,"['Opportunity', 'AutoSens_Tech_Talk', 'No_Conversion']",0
L007737,Kenji Williams,Qualcomm,Aerospace,,PathWave Software,Sales Outreach,['Customer'],1
L007738,Michael Martinez,Meta Connectivity Labs GmbH,,Europe,Oscilloscopes,Email Campaign,"['PathWave_Trial_Request', 'Technical_Demo', 'Whitepaper_Download_5G_Test', 'Oscilloscope_Selector_Tool', 'Website_Product_Page', 'MQL', 'No_Conversion']",0
L007739,Maria Johnson,Tesla Energy,Semiconductor,LATAM,,,"['Website_Product_Page', 'IMS_Badge_Scan', 'Lab_Integration_Discussion', 'Opportunity', 'Keysight_University_Course', 'Opportunity', 'Keysight_University_Course', 'SQL', 'MQL', 'PathWave_Trial_Request', 'Customer']",1
L007740,Sofia Lee,,Semiconductor,Europe,,Website,"['Keysight_Workshop_RF_Testing', 'LinkedIn_Ad_Click', 'Customer']",1
L007741,Ravi Singh,Infin_Tech,Semiconductor,APAC,Automotive Ethernet,Sales Outreach,"['Oscilloscope_Selector_Tool', 'Oscilloscope_Selector_Tool', 'SQL', 'Opportunity', 'LinkedIn_Ad_Click', 'AutoSens_Tech_Talk', 'MQL', 'Keysight_University_Course', 'DesignCon_Booth_Visit', 'Customer']",1
L007742,Kenji Anders,Bosch_Tech,,,PathWave Software,LinkedIn,"['AutoSens_Tech_Talk', 'Website_Product_Page', 'Opportunity', 'LinkedIn_Ad_Click', 'Customer']",1
L007743,Michael Singh,Infineon GmbH,Semiconductor,APAC,Oscilloscopes,Webinar,"['LinkedIn_Ad_Click', 'Lab_Integration_Discussion', 'Application_Engineer_Call', 'Opportunity', 'No_Conversion']",0
L007744,Chen Chen,Infineon,Semiconductor,LATAM,5G Testbeds,Website,"['LinkedIn_Ad_Click', 'AutoSens_Tech_Talk', 'IMS_Badge_Scan', 'Lab_Integration_Discussion', 'Application_Engineer_Call', 'Technical_Demo', 'Whitepaper_Download_5G_Test', 'No_Conversion']",0
L007745,Ahmed Lee,,Telecom,APAC,,Webinar,"['MQL', 'LinkedIn_Ad_Click', 'No_Conversion']",0
L007746,Kenji Ito,Samsung Electronics GmbH,,LATAM,Oscilloscopes,Website,"['Technical_Demo', 'Customer']",1
L007747,,,,,Automotive Ethernet,Webinar,"['Lab_Integration_Discussion', 'Website_Product_Page', 'DesignCon_Booth_Visit', 'Customer']",1
L007748,Chen Chen,Broadcom,Electronics,,,Webinar,"['Whitepaper_Download_5G_Test', 'Keysight_Workshop_RF_Testing', 'LinkedIn_Ad_Click', 'MQL', 'Opportunity', 'Opportunity', 'Customer']",1
L007749,Chen Patel,Bosch_Tech,Telecom,LATAM,,Email Campaign,"['Application_Engineer_Call', 'AutoSens_Tech_Talk', 'Technical_Demo', 'Customer']",1
L007750,Sarah Patel,Tesla Energy,Telecom,LATAM,Automotive Ethernet,,"['DesignCon_Booth_Visit', 'MQL', 'Opportunity', 'No_Conversion']",0
L007751,Laura Williams,Sony,Aerospace,APAC,,Webinar,"['Whitepaper_Download_5G_Test', 'Loaner_Unit_Evaluation', 'PathWave_Trial_Request', 'Keysight_University_Course', 'MQL', 'SQL', 'Customer']",1
L007752,Hiroshi Williams,Meta Connectivity Labs,,,,Website,"['Whitepaper_Download_5G_Test', 'Loaner_Unit_Evaluation', 'SQL', 'Keysight_University_Course', 'Oscilloscope_Selector_Tool', 'Customer']",1
L007753,Chen Williams,,,APAC,,Sales Outreach,"['Keysight_Workshop_RF_Testing', 'Application_Engineer_Call', 'SQL', 'No_Conversion']",0
L007754,Daniel Johnson,Raytheon GmbH,Automotive,North America,5G Testbeds,,"['Oscilloscope_Selector_Tool', 'Loaner_Unit_Evaluation', 'Opportunity', 'SQL', 'MQL', 'Whitepaper_Download_5G_Test', 'Lab_Integration_Discussion', 'No_Conversion']",0
L007755,Sarah Khan,,Semiconductor,LATAM,,,"['Application_Engineer_Call', 'Oscilloscope_Selector_Tool', 'SQL', 'PathWave_Trial_Request', 'Keysight_Workshop_RF_Testing', 'Technical_Demo', 'AutoSens_Tech_Talk', 'Customer']",1
L007756,Kenji Johnson,,Telecom,Europe,,Website,['Customer'],1
L007757,Hiroshi Ito,Meta Connectivity Labs,,North America,,LinkedIn,"['Whitepaper_Download_5G_Test', 'AutoSens_Tech_Talk', 'Keysight_Workshop_RF_Testing', 'Website_Product_Page', 'Opportunity', 'Keysight_Workshop_RF_Testing', 'Customer']",1
L007758,Ahmed Martinez,NXPSe_Tech,Telecom,,5G Testbeds,,['No_Conversion'],0
L007759,Priya Lee,,,LATAM,,Event,"['SQL', 'AutoSens_Tech_Talk', 'Keysight_University_Course', 'Customer']",1
L007760,,Tesla Energy GmbH,,LATAM,,Email Campaign,"['Website_Product_Page', 'SQL', 'LinkedIn_Ad_Click', 'Application_Engineer_Call', 'Keysight_Workshop_RF_Testing', 'Customer']",1
L007761,Ahmed Patel,Rayth_Tech,Automotive,North America,Automotive Ethernet,Event,"['MQL', 'Customer']",1
L007762,Sofia Tanaka,Bosch GmbH,Telecom,,,Website,"['IMS_Badge_Scan', 'IMS_Badge_Scan', 'Loaner_Unit_Evaluation', 'Lab_Integration_Discussion', 'No_Conversion']",0
L007763,Michael Singh,Meta Connectivity Labs GmbH,Automotive,Europe,PathWave Software,Event,"['Lab_Integration_Discussion', 'Keysight_University_Course', 'Keysight_Workshop_RF_Testing', 'Whitepaper_Download_5G_Test', 'LinkedIn_Ad_Click', 'Customer']",1
L007764,,Samsung Electronics GmbH,Aerospace,LATAM,Automotive Ethernet,,"['Loaner_Unit_Evaluation', 'Keysight_Workshop_RF_Testing', 'Oscilloscope_Selector_Tool', 'Website_Product_Page', 'No_Conversion']",0
L007765,Priya Garcia,Qualcomm,Semiconductor,,,LinkedIn,"['Keysight_Workshop_RF_Testing', 'Keysight_University_Course', 'Website_Product_Page', 'Keysight_University_Course', 'Whitepaper_Download_5G_Test', 'Oscilloscope_Selector_Tool', 'MQL', 'Whitepaper_Download_5G_Test', 'Customer']",1
L007766,Ahmed Patel,Rayth_Tech,Electronics,APAC,5G Testbeds,Webinar,"['Oscilloscope_Selector_Tool', 'Whitepaper_Download_5G_Test', 'IMS_Badge_Scan', 'Loaner_Unit_Evaluation', 'Whitepaper_Download_5G_Test', 'Customer']",1
L007767,Priya Singh,Meta Connectivity Labs GmbH,Semiconductor,North America,Automotive Ethernet,LinkedIn,"['Oscilloscope_Selector_Tool', 'LinkedIn_Ad_Click', 'Opportunity', 'MQL', 'Oscilloscope_Selector_Tool', 'DesignCon_Booth_Visit', 'AutoSens_Tech_Talk', 'SQL', 'Opportunity', 'Technical_Demo', 'Customer']",1
L007768,Kenji Lee,Broadcom,,North America,,Email Campaign,"['PathWave_Trial_Request', 'Opportunity', 'Technical_Demo', 'Lab_Integration_Discussion', 'Website_Product_Page', 'PathWave_Trial_Request', 'Opportunity', 'MQL', 'No_Conversion']",0
L007769,Ahmed Anders,Broadcom,Aerospace,,,Sales Outreach,"['Keysight_University_Course', 'Whitepaper_Download_5G_Test', 'Application_Engineer_Call', 'Opportunity', 'Technical_Demo', 'Customer']",1
L007770,,Broadcom GmbH,Automotive,,Oscilloscopes,Sales Outreach,"['Oscilloscope_Selector_Tool', 'SQL', 'Keysight_University_Course', 'LinkedIn_Ad_Click', 'Website_Product_Page', 'Technical_Demo', 'AutoSens_Tech_Talk', 'Whitepaper_Download_5G_Test', 'Lab_Integration_Discussion', 'No_Conversion']",0
L007771,,NXP Semiconductors,Aerospace,LATAM,,,"['Whitepaper_Download_5G_Test', 'Keysight_Workshop_RF_Testing', 'Keysight_Workshop_RF_Testing', 'MQL', 'No_Conversion']",0
L007772,,Sony GmbH,Telecom,LATAM,5G Testbeds,,"['LinkedIn_Ad_Click', 'Keysight_University_Course', 'SQL', 'LinkedIn_Ad_Click', 'No_Conversion']",0
L007773,Maria Johnson,Infin_Tech,Telecom,,Oscilloscopes,,"['Loaner_Unit_Evaluation', 'DesignCon_Booth_Visit', 'Technical_Demo', 'AutoSens_Tech_Talk', 'Keysight_Workshop_RF_Testing', 'Application_Engineer_Call', 'Application_Engineer_Call', 'Keysight_Workshop_RF_Testing', 'Oscilloscope_Selector_Tool', 'AutoSens_Tech_Talk', 'Customer']",1
L007774,Sofia Lee,,,North America,,,"['Application_Engineer_Call', 'IMS_Badge_Scan', 'Keysight_University_Course', 'SQL', 'DesignCon_Booth_Visit', 'MQL', 'Loaner_Unit_Evaluation', 'Customer']",1
L007775,Sarah Ito,Bosch_Tech,Electronics,LATAM,5G Testbeds,,"['PathWave_Trial_Request', 'Technical_Demo', 'Loaner_Unit_Evaluation', 'SQL', 'SQL', 'Oscilloscope_Selector_Tool', 'Keysight_University_Course', 'Customer']",1
L007776,Maria Tanaka,Bosch,Aerospace,LATAM,Oscilloscopes,LinkedIn,"['Keysight_Workshop_RF_Testing', 'MQL', 'Whitepaper_Download_5G_Test', 'AutoSens_Tech_Talk', 'Whitepaper_Download_5G_Test', 'Website_Product_Page', 'MQL', 'Keysight_Workshop_RF_Testing', 'Keysight_Workshop_RF_Testing', 'Customer']",1
L007777,Sarah Anders,Bosch,Semiconductor,APAC,5G Testbeds,Sales Outreach,"['Opportunity', 'IMS_Badge_Scan', 'IMS_Badge_Scan', 'Loaner_Unit_Evaluation', 'Keysight_University_Course', 'Customer']",1
L007778,Maria Williams,Broad_Tech,,LATAM,5G Testbeds,Event,"['Lab_Integration_Discussion', 'Opportunity', 'PathWave_Trial_Request', 'LinkedIn_Ad_Click', 'Keysight_University_Course', 'DesignCon_Booth_Visit', 'Technical_Demo', 'PathWave_Trial_Request', 'MQL', 'No_Conversion']",0
L007779,Chen Singh,NXP Semiconductors GmbH,Semiconductor,APAC,Automotive Ethernet,,['Customer'],1
L007780,Chen Ito,Qualcomm,,APAC,5G Testbeds,Email Campaign,"['MQL', 'No_Conversion']",0
L007781,Laura Ito,NXP Semiconductors GmbH,,North America,5G Testbeds,Event,"['Keysight_Workshop_RF_Testing', 'No_Conversion']",0
L007782,Maria Lee,Samsu_Tech,Semiconductor,,Automotive Ethernet,Website,"['Loaner_Unit_Evaluation', 'DesignCon_Booth_Visit', 'Technical_Demo', 'SQL', 'No_Conversion']",0
L007783,Priya Singh,,Automotive,Europe,5G Testbeds,,"['Keysight_Workshop_RF_Testing', 'PathWave_Trial_Request', 'Lab_Integration_Discussion', 'Customer']",1
L007784,Ravi Martinez,Samsung Electronics,Automotive,,,Webinar,"['Loaner_Unit_Evaluation', 'IMS_Badge_Scan', 'LinkedIn_Ad_Click', 'No_Conversion']",0
L007785,Sarah Lee,Infineon,Aerospace,North America,,Webinar,"['SQL', 'DesignCon_Booth_Visit', 'IMS_Badge_Scan', 'Whitepaper_Download_5G_Test', 'LinkedIn_Ad_Click', 'Customer']",1
L007786,Sarah Khan,Meta Connectivity Labs GmbH,,North America,Automotive Ethernet,Event,"['Loaner_Unit_Evaluation', 'Customer']",1
L007787,Michael Martinez,,,LATAM,,Sales Outreach,"['PathWave_Trial_Request', 'Website_Product_Page', 'Loaner_Unit_Evaluation', 'Oscilloscope_Selector_Tool', 'Oscilloscope_Selector_Tool', 'LinkedIn_Ad_Click', 'IMS_Badge_Scan', 'Customer']",1
L007788,Hiroshi Khan,Sony_Tech,Telecom,,5G Testbeds,,"['Application_Engineer_Call', 'Website_Product_Page', 'Oscilloscope_Selector_Tool', 'Customer']",1
L007789,Maria Chen,Rayth_Tech,Aerospace,North America,Automotive Ethernet,LinkedIn,"['Opportunity', 'No_Conversion']",0
L007790,Ravi Singh,,Telecom,LATAM,,LinkedIn,"['IMS_Badge_Scan', 'MQL', 'SQL', 'No_Conversion']",0
L007791,Sarah Ito,Infineon,Aerospace,LATAM,Automotive Ethernet,,"['Website_Product_Page', 'Oscilloscope_Selector_Tool', 'Keysight_University_Course', 'Application_Engineer_Call', 'Application_Engineer_Call', 'Oscilloscope_Selector_Tool', 'No_Conversion']",0
L007792,Maria Johnson,,Electronics,,PathWave Software,,"['SQL', 'Loaner_Unit_Evaluation', 'Loaner_Unit_Evaluation', 'DesignCon_Booth_Visit', 'Whitepaper_Download_5G_Test', 'No_Conversion']",0
L007793,Chen Garcia,Samsung Electronics,Telecom,APAC,Automotive Ethernet,Sales Outreach,"['LinkedIn_Ad_Click', 'Customer']",1
L007794,Sarah Singh,Sony_Tech,,North America,5G Testbeds,Event,"['Lab_Integration_Discussion', 'Opportunity', 'Whitepaper_Download_5G_Test', 'Keysight_University_Course', 'Customer']",1
L007795,Ahmed Patel,Infineon,Automotive,North America,,Webinar,"['Oscilloscope_Selector_Tool', 'PathWave_Trial_Request', 'Opportunity', 'Loaner_Unit_Evaluation', 'Opportunity', 'IMS_Badge_Scan', 'Application_Engineer_Call', 'No_Conversion']",0
L007796,Chen Garcia,,,,Automotive Ethernet,Webinar,"['Opportunity', 'IMS_Badge_Scan', 'PathWave_Trial_Request', 'Application_Engineer_Call', 'Website_Product_Page', 'Whitepaper_Download_5G_Test', 'Whitepaper_Download_5G_Test', 'Customer']",1
L007797,,NXP Semiconductors,Semiconductor,,Automotive Ethernet,Event,"['Opportunity', 'IMS_Badge_Scan', 'IMS_Badge_Scan', 'Loaner_Unit_Evaluation', 'DesignCon_Booth_Visit', 'Customer']",1
L007798,Kenji Lee,Raytheon,Electronics,,PathWave Software,Webinar,"['Keysight_University_Course', 'IMS_Badge_Scan', 'Opportunity', 'MQL', 'AutoSens_Tech_Talk', 'Technical_Demo', 'Customer']",1
L007799,,,Electronics,North America,Oscilloscopes,Event,"['SQL', 'PathWave_Trial_Request', 'Opportunity', 'Whitepaper_Download_5G_Test', 'LinkedIn_Ad_Click', 'Technical_Demo', 'Customer']",1
L007800,Maria Chen,Broadcom,,North America,,Website,"['Lab_Integration_Discussion', 'No_Conversion']",0
L007801,Sofia Johnson,,Electronics,APAC,,LinkedIn,['Customer'],1
L007802,Michael Anders,Meta Connectivity Labs GmbH,Automotive,APAC,,,"['Application_Engineer_Call', 'Technical_Demo', 'Keysight_Workshop_RF_Testing', 'No_Conversion']",0
L007803,Kenji Ito,Broadcom,,Europe,5G Testbeds,Webinar,"['Keysight_Workshop_RF_Testing', 'No_Conversion']",0
L007804,Sarah Ito,NXP Semiconductors,,Europe,5G Testbeds,Email Campaign,"['DesignCon_Booth_Visit', 'DesignCon_Booth_Visit', 'Customer']",1
L007805,Sofia Chen,Qualc_Tech,Semiconductor,,Automotive Ethernet,Event,"['Opportunity', 'AutoSens_Tech_Talk', 'Lab_Integration_Discussion', 'No_Conversion']",0
L007806,Sofia Chen,Bosch_Tech,Telecom,,Automotive Ethernet,Event,"['IMS_Badge_Scan', 'No_Conversion']",0
L007807,Hiroshi Khan,,,,5G Testbeds,Event,"['IMS_Badge_Scan', 'Keysight_University_Course', 'Technical_Demo', 'Technical_Demo', 'AutoSens_Tech_Talk', 'Application_Engineer_Call', 'AutoSens_Tech_Talk', 'Customer']",1
L007808,Kenji Tanaka,,Electronics,LATAM,PathWave Software,Event,"['Technical_Demo', 'Application_Engineer_Call', 'IMS_Badge_Scan', 'Keysight_Workshop_RF_Testing', 'MQL', 'Application_Engineer_Call', 'Customer']",1
L007809,Michael Tanaka,Infineon,,North America,Oscilloscopes,Website,"['Website_Product_Page', 'Keysight_Workshop_RF_Testing', 'Keysight_Workshop_RF_Testing', 'Whitepaper_Download_5G_Test', 'Website_Product_Page', 'Opportunity', 'Oscilloscope_Selector_Tool', 'IMS_Badge_Scan', 'MQL', 'No_Conversion']",0
L007810,Chen Anders,Raytheon,Aerospace,APAC,Oscilloscopes,LinkedIn,"['PathWave_Trial_Request', 'Application_Engineer_Call', 'AutoSens_Tech_Talk', 'PathWave_Trial_Request', 'Lab_Integration_Discussion', 'Customer']",1
L007811,Sofia Ito,Infin_Tech,,Europe,,Email Campaign,"['IMS_Badge_Scan', 'Website_Product_Page', 'Customer']",1
L007812,Hiroshi Anders,Sony GmbH,Telecom,APAC,,Website,"['AutoSens_Tech_Talk', 'Loaner_Unit_Evaluation', 'DesignCon_Booth_Visit', 'AutoSens_Tech_Talk', 'IMS_Badge_Scan', 'No_Conversion']",0
L007813,Laura Garcia,Rayth_Tech,Telecom,,,Event,"['Keysight_University_Course', 'Opportunity', 'Technical_Demo', 'Technical_Demo', 'Technical_Demo', 'No_Conversion']",0
L007814,Hiroshi Johnson,,Semiconductor,LATAM,5G Testbeds,Sales Outreach,"['LinkedIn_Ad_Click', 'Whitepaper_Download_5G_Test', 'Keysight_Workshop_RF_Testing', 'Loaner_Unit_Evaluation', 'Opportunity', 'Loaner_Unit_Evaluation', 'Customer']",1
L007815,Ahmed Johnson,Qualcomm,Telecom,,,Sales Outreach,"['Keysight_Workshop_RF_Testing', 'Opportunity', 'PathWave_Trial_Request', 'AutoSens_Tech_Talk', 'Loaner_Unit_Evaluation', 'Customer']",1
L007816,Sofia Johnson,,Automotive,Europe,,,['No_Conversion'],0
L007817,Michael Williams,Broadcom GmbH,,North America,PathWave Software,Email Campaign,['No_Conversion'],0
L007818,,,Automotive,APAC,Automotive Ethernet,Webinar,"['Website_Product_Page', 'DesignCon_Booth_Visit', 'Opportunity', 'Application_Engineer_Call', 'Opportunity', 'Technical_Demo', 'Oscilloscope_Selector_Tool', 'No_Conversion']",0
L007819,Priya Johnson,Bosch_Tech,Automotive,LATAM,Oscilloscopes,,"['Whitepaper_Download_5G_Test', 'Oscilloscope_Selector_Tool', 'Oscilloscope_Selector_Tool', 'DesignCon_Booth_Visit', 'No_Conversion']",0
L007820,Sarah Johnson,,Telecom,,,Webinar,"['Application_Engineer_Call', 'SQL', 'Opportunity', 'Oscilloscope_Selector_Tool', 'Keysight_Workshop_RF_Testing', 'Customer']",1
L007821,Maria Johnson,Infineon,,,Oscilloscopes,LinkedIn,"['SQL', 'Lab_Integration_Discussion', 'Keysight_Workshop_RF_Testing', 'Technical_Demo', 'Keysight_University_Course', 'No_Conversion']",0
L007822,,Samsu_Tech,Automotive,,PathWave Software,Event,"['Technical_Demo', 'IMS_Badge_Scan', 'PathWave_Trial_Request', 'Website_Product_Page', 'AutoSens_Tech_Talk', 'DesignCon_Booth_Visit', 'LinkedIn_Ad_Click', 'SQL', 'No_Conversion']",0
L007823,Priya Singh,Qualcomm,Telecom,North America,,Sales Outreach,"['MQL', 'Keysight_Workshop_RF_Testing', 'Keysight_University_Course', 'AutoSens_Tech_Talk', 'Keysight_University_Course', 'SQL', 'Whitepaper_Download_5G_Test', 'DesignCon_Booth_Visit', 'Application_Engineer_Call', 'No_Conversion']",0
L007824,Sofia Lee,Qualc_Tech,,APAC,5G Testbeds,,"['AutoSens_Tech_Talk', 'Website_Product_Page', 'No_Conversion']",0
L007825,,,Semiconductor,LATAM,Oscilloscopes,LinkedIn,"['SQL', 'Keysight_University_Course', 'Oscilloscope_Selector_Tool', 'Keysight_University_Course', 'No_Conversion']",0
L007826,Ravi Singh,Meta Connectivity Labs GmbH,Automotive,Europe,5G Testbeds,Sales Outreach,['Customer'],1
L007827,Daniel Khan,Raytheon,,North America,Oscilloscopes,Webinar,"['Loaner_Unit_Evaluation', 'No_Conversion']",0
L007828,Daniel Garcia,MetaC_Tech,,APAC,Oscilloscopes,Website,"['Keysight_Workshop_RF_Testing', 'SQL', 'DesignCon_Booth_Visit', 'Keysight_University_Course', 'No_Conversion']",0
L007829,Chen Williams,,Semiconductor,,Oscilloscopes,,"['LinkedIn_Ad_Click', 'AutoSens_Tech_Talk', 'Website_Product_Page', 'PathWave_Trial_Request', 'Whitepaper_Download_5G_Test', 'Technical_Demo', 'DesignCon_Booth_Visit', 'AutoSens_Tech_Talk', 'Loaner_Unit_Evaluation', 'Customer']",1
L007830,Laura Chen,,Automotive,North America,,Website,"['Oscilloscope_Selector_Tool', 'IMS_Badge_Scan', 'Loaner_Unit_Evaluation', 'No_Conversion']",0
L007831,Sarah Garcia,,,Europe,5G Testbeds,LinkedIn,"['Application_Engineer_Call', 'Oscilloscope_Selector_Tool', 'LinkedIn_Ad_Click', 'Opportunity', 'DesignCon_Booth_Visit', 'DesignCon_Booth_Visit', 'LinkedIn_Ad_Click', 'LinkedIn_Ad_Click', 'IMS_Badge_Scan', 'Loaner_Unit_Evaluation', 'Customer']",1
L007832,Kenji Ito,Samsu_Tech,Aerospace,LATAM,,Webinar,"['MQL', 'Keysight_Workshop_RF_Testing', 'Website_Product_Page', 'DesignCon_Booth_Visit', 'SQL', 'Whitepaper_Download_5G_Test', 'Website_Product_Page', 'No_Conversion']",0
L007833,Ravi Patel,,Semiconductor,LATAM,,LinkedIn,"['Whitepaper_Download_5G_Test', 'Opportunity', 'PathWave_Trial_Request', 'Keysight_Workshop_RF_Testing', 'DesignCon_Booth_Visit', 'Whitepaper_Download_5G_Test', 'Application_Engineer_Call', 'Lab_Integration_Discussion', 'No_Conversion']",0
L007834,Ahmed Martinez,Infineon GmbH,,,5G Testbeds,Event,"['Lab_Integration_Discussion', 'IMS_Badge_Scan', 'Keysight_Workshop_RF_Testing', 'Opportunity', 'Keysight_University_Course', 'Customer']",1
L007835,,Tesla Energy,Semiconductor,APAC,,Email Campaign,"['SQL', 'Website_Product_Page', 'MQL', 'Keysight_University_Course', 'Keysight_Workshop_RF_Testing', 'LinkedIn_Ad_Click', 'Website_Product_Page', 'No_Conversion']",0
L007836,Chen Garcia,Bosch,Telecom,Europe,Automotive Ethernet,,"['Keysight_Workshop_RF_Testing', 'Application_Engineer_Call', 'Opportunity', 'Opportunity', 'SQL', 'Customer']",1
L007837,Michael Khan,Bosch GmbH,Telecom,North America,5G Testbeds,Sales Outreach,"['LinkedIn_Ad_Click', 'Oscilloscope_Selector_Tool', 'Lab_Integration_Discussion', 'IMS_Badge_Scan', 'DesignCon_Booth_Visit', 'IMS_Badge_Scan', 'MQL', 'No_Conversion']",0
L007838,Hiroshi Lee,Sony GmbH,,North America,Automotive Ethernet,Event,"['Oscilloscope_Selector_Tool', 'No_Conversion']",0
L007839,Priya Williams,,Aerospace,Europe,,Email Campaign,"['Website_Product_Page', 'Keysight_Workshop_RF_Testing', 'Oscilloscope_Selector_Tool', 'Technical_Demo', 'Oscilloscope_Selector_Tool', 'Whitepaper_Download_5G_Test', 'Keysight_Workshop_RF_Testing', 'Customer']",1
L007840,Laura Johnson,,,,Automotive Ethernet,,"['DesignCon_Booth_Visit', 'DesignCon_Booth_Visit', 'MQL', 'SQL', 'Customer']",1
L007841,Ravi Johnson,Qualcomm GmbH,Telecom,APAC,,Email Campaign,"['AutoSens_Tech_Talk', 'Website_Product_Page', 'Whitepaper_Download_5G_Test', 'MQL', 'PathWave_Trial_Request', 'No_Conversion']",0
L007842,Kenji Ito,,,APAC,Automotive Ethernet,Email Campaign,"['Keysight_Workshop_RF_Testing', 'MQL', 'Website_Product_Page', 'Opportunity', 'Whitepaper_Download_5G_Test', 'Loaner_Unit_Evaluation', 'AutoSens_Tech_Talk', 'Customer']",1
L007843,Sarah Chen,,Telecom,North America,Automotive Ethernet,Webinar,"['Lab_Integration_Discussion', 'AutoSens_Tech_Talk', 'Whitepaper_Download_5G_Test', 'Application_Engineer_Call', 'Lab_Integration_Discussion', 'DesignCon_Booth_Visit', 'Customer']",1
L007844,Maria Khan,,,Europe,5G Testbeds,Website,"['Application_Engineer_Call', 'Loaner_Unit_Evaluation', 'Oscilloscope_Selector_Tool', 'Oscilloscope_Selector_Tool', 'Whitepaper_Download_5G_Test', 'AutoSens_Tech_Talk', 'MQL', 'LinkedIn_Ad_Click', 'Oscilloscope_Selector_Tool', 'Customer']",1
L007845,Sarah Ito,NXPSe_Tech,,,,Website,"['Technical_Demo', 'Website_Product_Page', 'Loaner_Unit_Evaluation', 'SQL', 'Customer']",1
L007846,Kenji Garcia,Bosch_Tech,,,,Website,"['Opportunity', 'AutoSens_Tech_Talk', 'LinkedIn_Ad_Click', 'LinkedIn_Ad_Click', 'Loaner_Unit_Evaluation', 'Oscilloscope_Selector_Tool', 'PathWave_Trial_Request', 'Customer']",1
L007847,Ahmed Johnson,NXP Semiconductors,,APAC,,Website,"['Loaner_Unit_Evaluation', 'Loaner_Unit_Evaluation', 'DesignCon_Booth_Visit', 'Customer']",1
L007848,Sofia Patel,Sony GmbH,,North America,,Website,"['Keysight_Workshop_RF_Testing', 'MQL', 'AutoSens_Tech_Talk', 'Technical_Demo', 'LinkedIn_Ad_Click', 'IMS_Badge_Scan', 'Keysight_University_Course', 'Customer']",1
L007849,Priya Ito,MetaC_Tech,Electronics,,Automotive Ethernet,LinkedIn,"['Application_Engineer_Call', 'Opportunity', 'LinkedIn_Ad_Click', 'No_Conversion']",0
L007850,Chen Tanaka,Infineon,Telecom,LATAM,PathWave Software,Sales Outreach,"['Website_Product_Page', 'Oscilloscope_Selector_Tool', 'Keysight_Workshop_RF_Testing', 'Technical_Demo', 'PathWave_Trial_Request', 'AutoSens_Tech_Talk', 'Lab_Integration_Discussion', 'Loaner_Unit_Evaluation', 'AutoSens_Tech_Talk', 'Customer']",1
L007851,Sarah Lee,Samsung Electronics GmbH,Telecom,North America,5G Testbeds,,"['AutoSens_Tech_Talk', 'Lab_Integration_Discussion', 'No_Conversion']",0
L007852,Ravi Garcia,,Automotive,,Automotive Ethernet,Email Campaign,"['Keysight_Workshop_RF_Testing', 'MQL', 'Technical_Demo', 'AutoSens_Tech_Talk', 'AutoSens_Tech_Talk', 'Keysight_Workshop_RF_Testing', 'Keysight_University_Course', 'Opportunity', 'No_Conversion']",0
L007853,Sofia Anders,Broad_Tech,Electronics,,Automotive Ethernet,Event,['Customer'],1
L007854,Ravi Khan,NXP Semiconductors,Telecom,APAC,Oscilloscopes,,"['Keysight_Workshop_RF_Testing', 'PathWave_Trial_Request', 'IMS_Badge_Scan', 'Customer']",1
L007855,Ahmed Ito,Broadcom GmbH,,APAC,,Email Campaign,"['Keysight_Workshop_RF_Testing', 'Website_Product_Page', 'SQL', 'PathWave_Trial_Request', 'Technical_Demo', 'No_Conversion']",0
L007856,Ahmed Lee,Infineon GmbH,,,,Email Campaign,"['Keysight_Workshop_RF_Testing', 'Technical_Demo', 'AutoSens_Tech_Talk', 'Customer']",1
L007857,Laura Garcia,Tesla_Tech,,LATAM,5G Testbeds,Event,['Customer'],1
L007858,,,,North America,PathWave Software,,"['Technical_Demo', 'Oscilloscope_Selector_Tool', 'No_Conversion']",0
L007859,Sofia Khan,Samsu_Tech,,North America,,,"['Loaner_Unit_Evaluation', 'Application_Engineer_Call', 'PathWave_Trial_Request', 'SQL', 'Keysight_University_Course', 'SQL', 'IMS_Badge_Scan', 'Customer']",1
L007860,Michael Tanaka,,Telecom,,Oscilloscopes,Website,"['IMS_Badge_Scan', 'Keysight_Workshop_RF_Testing', 'No_Conversion']",0
L007861,Michael Chen,,Automotive,North America,,Sales Outreach,"['AutoSens_Tech_Talk', 'Whitepaper_Download_5G_Test', 'Customer']",1
L007862,Hiroshi Tanaka,Rayth_Tech,Aerospace,,,Email Campaign,['Customer'],1
L007863,Daniel Ito,Tesla Energy,Telecom,North America,,Website,"['Website_Product_Page', 'Keysight_University_Course', 'AutoSens_Tech_Talk', 'Lab_Integration_Discussion', 'Keysight_University_Course', 'Keysight_Workshop_RF_Testing', 'Technical_Demo', 'Loaner_Unit_Evaluation', 'PathWave_Trial_Request', 'AutoSens_Tech_Talk', 'Customer']",1
L007864,Hiroshi Martinez,Bosch_Tech,,,Automotive Ethernet,LinkedIn,"['Technical_Demo', 'Lab_Integration_Discussion', 'Keysight_Workshop_RF_Testing', 'Whitepaper_Download_5G_Test', 'No_Conversion']",0
L007865,Kenji Ito,,Telecom,,,Webinar,"['Opportunity', 'No_Conversion']",0
L007866,Chen Anders,Tesla Energy GmbH,,North America,Oscilloscopes,Website,"['Keysight_Workshop_RF_Testing', 'AutoSens_Tech_Talk', 'SQL', 'Website_Product_Page', 'LinkedIn_Ad_Click', 'Customer']",1
L007867,Kenji Johnson,Raytheon,Electronics,APAC,Automotive Ethernet,Sales Outreach,"['LinkedIn_Ad_Click', 'Keysight_Workshop_RF_Testing', 'Opportunity', 'DesignCon_Booth_Visit', 'Website_Product_Page', 'DesignCon_Booth_Visit', 'Oscilloscope_Selector_Tool', 'IMS_Badge_Scan', 'Opportunity', 'AutoSens_Tech_Talk', 'No_Conversion']",0
L007868,Daniel Williams,Meta Connectivity Labs,,,,Event,"['Keysight_Workshop_RF_Testing', 'Keysight_University_Course', 'Application_Engineer_Call', 'No_Conversion']",0
L007869,Sofia Anders,,Automotive,Europe,Automotive Ethernet,Website,"['Application_Engineer_Call', 'Keysight_University_Course', 'Lab_Integration_Discussion', 'Technical_Demo', 'Customer']",1
L007870,Priya Chen,NXPSe_Tech,,,,,"['LinkedIn_Ad_Click', 'MQL', 'Oscilloscope_Selector_Tool', 'Whitepaper_Download_5G_Test', 'Oscilloscope_Selector_Tool', 'Application_Engineer_Call', 'Lab_Integration_Discussion', 'No_Conversion']",0
L007871,Laura Anders,Meta Connectivity Labs,,Europe,,LinkedIn,"['Website_Product_Page', 'SQL', 'AutoSens_Tech_Talk', 'Website_Product_Page', 'SQL', 'SQL', 'LinkedIn_Ad_Click', 'Website_Product_Page', 'Customer']",1
L007872,Sofia Williams,Infin_Tech,Automotive,,,,"['Opportunity', 'Website_Product_Page', 'Customer']",1
L007873,Ahmed Ito,Meta Connectivity Labs GmbH,Aerospace,APAC,5G Testbeds,Email Campaign,"['Opportunity', 'IMS_Badge_Scan', 'Lab_Integration_Discussion', 'Keysight_Workshop_RF_Testing', 'Whitepaper_Download_5G_Test', 'Loaner_Unit_Evaluation', 'SQL', 'Keysight_Workshop_RF_Testing', 'No_Conversion']",0
L007874,Daniel Anders,NXP Semiconductors,,APAC,Automotive Ethernet,,"['PathWave_Trial_Request', 'MQL', 'PathWave_Trial_Request', 'Oscilloscope_Selector_Tool', 'Customer']",1
L007875,Maria Anders,Sony_Tech,Electronics,,,Event,"['DesignCon_Booth_Visit', 'Website_Product_Page', 'Keysight_Workshop_RF_Testing', 'Application_Engineer_Call', 'Technical_Demo', 'No_Conversion']",0
L007876,Ravi Lee,Qualc_Tech,,LATAM,,Email Campaign,"['Website_Product_Page', 'No_Conversion']",0
L007877,Daniel Lee,,,,5G Testbeds,Sales Outreach,"['Whitepaper_Download_5G_Test', 'AutoSens_Tech_Talk', 'AutoSens_Tech_Talk', 'No_Conversion']",0
L007878,Maria Khan,Infineon,,APAC,5G Testbeds,Sales Outreach,"['Technical_Demo', 'Whitepaper_Download_5G_Test', 'SQL', 'Loaner_Unit_Evaluation', 'Whitepaper_Download_5G_Test', 'Customer']",1
L007879,Hiroshi Patel,Meta Connectivity Labs GmbH,Automotive,Europe,,LinkedIn,"['IMS_Badge_Scan', 'SQL', 'AutoSens_Tech_Talk', 'Lab_Integration_Discussion', 'Whitepaper_Download_5G_Test', 'No_Conversion']",0
L007880,Ahmed Patel,Meta Connectivity Labs GmbH,,,,Sales Outreach,"['LinkedIn_Ad_Click', 'PathWave_Trial_Request', 'Whitepaper_Download_5G_Test', 'Keysight_University_Course', 'No_Conversion']",0
L007881,Michael Williams,MetaC_Tech,,LATAM,Oscilloscopes,Email Campaign,['No_Conversion'],0
L007882,Priya Garcia,Qualc_Tech,Automotive,APAC,PathWave Software,LinkedIn,"['Whitepaper_Download_5G_Test', 'LinkedIn_Ad_Click', 'IMS_Badge_Scan', 'LinkedIn_Ad_Click', 'MQL', 'Oscilloscope_Selector_Tool', 'Customer']",1
L007883,Sofia Tanaka,Infineon GmbH,Semiconductor,APAC,,LinkedIn,"['AutoSens_Tech_Talk', 'Customer']",1
L007884,Hiroshi Tanaka,Qualcomm,,LATAM,,LinkedIn,"['Loaner_Unit_Evaluation', 'Technical_Demo', 'DesignCon_Booth_Visit', 'No_Conversion']",0
L007885,Sarah Singh,Bosch,Automotive,Europe,Automotive Ethernet,LinkedIn,"['Application_Engineer_Call', 'Oscilloscope_Selector_Tool', 'Loaner_Unit_Evaluation', 'Whitepaper_Download_5G_Test', 'MQL', 'Customer']",1
L007886,Michael Khan,NXP Semiconductors GmbH,Automotive,,,Email Campaign,"['Opportunity', 'Keysight_University_Course', 'AutoSens_Tech_Talk', 'Website_Product_Page', 'Whitepaper_Download_5G_Test', 'Keysight_Workshop_RF_Testing', 'Website_Product_Page', 'IMS_Badge_Scan', 'Lab_Integration_Discussion', 'No_Conversion']",0
L007887,Sofia Lee,Meta Connectivity Labs GmbH,Telecom,North America,PathWave Software,Website,"['Application_Engineer_Call', 'IMS_Badge_Scan', 'No_Conversion']",0
L007888,Chen Khan,,,LATAM,Oscilloscopes,Website,"['AutoSens_Tech_Talk', 'Opportunity', 'PathWave_Trial_Request', 'MQL', 'Customer']",1
L007889,Ahmed Khan,Broad_Tech,Aerospace,Europe,Automotive Ethernet,LinkedIn,"['Opportunity', 'Whitepaper_Download_5G_Test', 'Application_Engineer_Call', 'Application_Engineer_Call', 'SQL', 'Keysight_Workshop_RF_Testing', 'MQL', 'Application_Engineer_Call', 'MQL', 'Customer']",1
L007890,Laura Ito,Tesla_Tech,Electronics,North America,,,"['Whitepaper_Download_5G_Test', 'Technical_Demo', 'IMS_Badge_Scan', 'No_Conversion']",0
L007891,Michael Chen,Broadcom GmbH,Telecom,APAC,,LinkedIn,"['Opportunity', 'LinkedIn_Ad_Click', 'IMS_Badge_Scan', 'Customer']",1
L007892,,,,LATAM,Oscilloscopes,,"['Application_Engineer_Call', 'Website_Product_Page', 'Application_Engineer_Call', 'Loaner_Unit_Evaluation', 'Customer']",1
L007893,Ravi Patel,Broad_Tech,Telecom,LATAM,Oscilloscopes,Event,['No_Conversion'],0
L007894,Kenji Lee,NXPSe_Tech,Aerospace,APAC,,Sales Outreach,"['MQL', 'Keysight_Workshop_RF_Testing', 'Loaner_Unit_Evaluation', 'Application_Engineer_Call', 'Oscilloscope_Selector_Tool', 'No_Conversion']",0
L007895,Daniel Lee,Tesla Energy,,,Automotive Ethernet,,"['Application_Engineer_Call', 'Application_Engineer_Call', 'IMS_Badge_Scan', 'Loaner_Unit_Evaluation', 'Customer']",1
L007896,Hiroshi Patel,,Telecom,Europe,,Website,"['Whitepaper_Download_5G_Test', 'DesignCon_Booth_Visit', 'Loaner_Unit_Evaluation', 'Loaner_Unit_Evaluation', 'Lab_Integration_Discussion', 'Oscilloscope_Selector_Tool', 'IMS_Badge_Scan', 'No_Conversion']",0
L007897,Sarah Ito,NXP Semiconductors,,APAC,PathWave Software,Webinar,"['Keysight_University_Course', 'No_Conversion']",0
L007898,Sarah Anders,,Telecom,North America,Oscilloscopes,Sales Outreach,"['SQL', 'Oscilloscope_Selector_Tool', 'Technical_Demo', 'Lab_Integration_Discussion', 'Lab_Integration_Discussion', 'PathWave_Trial_Request', 'PathWave_Trial_Request', 'Lab_Integration_Discussion', 'PathWave_Trial_Request', 'No_Conversion']",0
L007899,Michael Chen,,Automotive,,,Email Campaign,"['AutoSens_Tech_Talk', 'Website_Product_Page', 'AutoSens_Tech_Talk', 'Technical_Demo', 'No_Conversion']",0
L007900,Kenji Chen,Meta Connectivity Labs,,APAC,Automotive Ethernet,Webinar,"['SQL', 'No_Conversion']",0
L007901,Sarah Ito,Samsung Electronics,,,,Webinar,['Customer'],1
L007902,Ahmed Johnson,Infineon,,LATAM,5G Testbeds,Webinar,"['Lab_Integration_Discussion', 'Lab_Integration_Discussion', 'Loaner_Unit_Evaluation', 'DesignCon_Booth_Visit', 'DesignCon_Booth_Visit', 'Keysight_Workshop_RF_Testing', 'LinkedIn_Ad_Click', 'PathWave_Trial_Request', 'Customer']",1
L007903,Sofia Martinez,Meta Connectivity Labs GmbH,Electronics,North America,Automotive Ethernet,LinkedIn,"['Lab_Integration_Discussion', 'Keysight_University_Course', 'SQL', 'Whitepaper_Download_5G_Test', 'Technical_Demo', 'Customer']",1
L007904,Ravi Patel,Samsung Electronics,,North America,Automotive Ethernet,Website,"['SQL', 'Application_Engineer_Call', 'Keysight_Workshop_RF_Testing', 'PathWave_Trial_Request', 'Customer']",1
L007905,Ahmed Lee,Qualc_Tech,,North America,5G Testbeds,Sales Outreach,"['Oscilloscope_Selector_Tool', 'Customer']",1
L007906,Michael Garcia,Broadcom,Electronics,Europe,PathWave Software,Webinar,"['Application_Engineer_Call', 'Opportunity', 'SQL', 'SQL', 'No_Conversion']",0
L007907,Hiroshi Singh,Tesla Energy,,LATAM,,Website,"['IMS_Badge_Scan', 'Application_Engineer_Call', 'Oscilloscope_Selector_Tool', 'Opportunity', 'Customer']",1
L007908,Daniel Anders,,Automotive,,,,"['Loaner_Unit_Evaluation', 'MQL', 'Technical_Demo', 'Customer']",1
L007909,Michael Ito,Samsu_Tech,Telecom,APAC,5G Testbeds,Webinar,['Customer'],1
L007910,Sarah Anders,Qualcomm GmbH,Automotive,Europe,PathWave Software,Sales Outreach,"['Website_Product_Page', 'Keysight_Workshop_RF_Testing', 'Application_Engineer_Call', 'Lab_Integration_Discussion', 'No_Conversion']",0
L007911,Ravi Ito,Tesla Energy GmbH,Aerospace,Europe,5G Testbeds,Website,"['Loaner_Unit_Evaluation', 'SQL', 'SQL', 'Customer']",1
L007912,Ahmed Chen,Raytheon GmbH,,North America,Oscilloscopes,Webinar,"['SQL', 'Oscilloscope_Selector_Tool', 'IMS_Badge_Scan', 'Technical_Demo', 'Keysight_Workshop_RF_Testing', 'AutoSens_Tech_Talk', 'Application_Engineer_Call', 'Oscilloscope_Selector_Tool', 'Customer']",1
L007913,Ravi Ito,NXP Semiconductors GmbH,Aerospace,Europe,Oscilloscopes,Email Campaign,"['SQL', 'PathWave_Trial_Request', 'Keysight_Workshop_RF_Testing', 'Customer']",1
L007914,Maria Johnson,,Electronics,LATAM,PathWave Software,Event,"['MQL', 'Customer']",1
L007915,Ravi Williams,Infineon,Automotive,LATAM,PathWave Software,Webinar,"['AutoSens_Tech_Talk', 'Oscilloscope_Selector_Tool', 'Keysight_Workshop_RF_Testing', 'MQL', 'IMS_Badge_Scan', 'Technical_Demo', 'IMS_Badge_Scan', 'AutoSens_Tech_Talk', 'PathWave_Trial_Request', 'Oscilloscope_Selector_Tool', 'No_Conversion']",0
L007916,Kenji Garcia,Tesla_Tech,,North America,PathWave Software,Website,"['IMS_Badge_Scan', 'PathWave_Trial_Request', 'AutoSens_Tech_Talk', 'Oscilloscope_Selector_Tool', 'Website_Product_Page', 'IMS_Badge_Scan', 'PathWave_Trial_Request', 'Customer']",1
L007917,,,Semiconductor,,,Event,"['PathWave_Trial_Request', 'Technical_Demo', 'Whitepaper_Download_5G_Test', 'Oscilloscope_Selector_Tool', 'Technical_Demo', 'Customer']",1
L007918,Kenji Khan,NXP Semiconductors GmbH,Automotive,LATAM,5G Testbeds,,"['Opportunity', 'No_Conversion']",0
L007919,Kenji Ito,Bosch GmbH,Automotive,LATAM,,Webinar,"['Loaner_Unit_Evaluation', 'PathWave_Trial_Request', 'MQL', 'Whitepaper_Download_5G_Test', 'Loaner_Unit_Evaluation', 'No_Conversion']",0
L007920,Sarah Garcia,Broad_Tech,,,Automotive Ethernet,,"['Oscilloscope_Selector_Tool', 'PathWave_Trial_Request', 'Application_Engineer_Call', 'No_Conversion']",0
L007921,Priya Patel,,Telecom,,Oscilloscopes,Sales Outreach,"['Whitepaper_Download_5G_Test', 'DesignCon_Booth_Visit', 'Keysight_University_Course', 'Lab_Integration_Discussion', 'Application_Engineer_Call', 'Application_Engineer_Call', 'Loaner_Unit_Evaluation', 'Customer']",1
L007922,Maria Ito,Infineon,Semiconductor,,,LinkedIn,"['MQL', 'Keysight_University_Course', 'PathWave_Trial_Request', 'IMS_Badge_Scan', 'Keysight_University_Course', 'Keysight_Workshop_RF_Testing', 'No_Conversion']",0
L007923,Ahmed Lee,Infin_Tech,Electronics,LATAM,Oscilloscopes,Event,"['Lab_Integration_Discussion', 'Technical_Demo', 'LinkedIn_Ad_Click', 'IMS_Badge_Scan', 'No_Conversion']",0
L007924,Hiroshi Ito,Qualc_Tech,Telecom,APAC,Automotive Ethernet,Event,"['Application_Engineer_Call', 'Keysight_University_Course', 'Application_Engineer_Call', 'DesignCon_Booth_Visit', 'Lab_Integration_Discussion', 'MQL', 'Technical_Demo', 'Loaner_Unit_Evaluation', 'Opportunity', 'PathWave_Trial_Request', 'No_Conversion']",0
L007925,Laura Patel,NXP Semiconductors,,Europe,Automotive Ethernet,LinkedIn,"['Oscilloscope_Selector_Tool', 'Keysight_University_Course', 'PathWave_Trial_Request', 'Technical_Demo', 'PathWave_Trial_Request', 'IMS_Badge_Scan', 'Application_Engineer_Call', 'SQL', 'Opportunity', 'SQL', 'No_Conversion']",0
L007926,Kenji Chen,Infin_Tech,Automotive,,Automotive Ethernet,,"['Keysight_University_Course', 'SQL', 'Keysight_Workshop_RF_Testing', 'LinkedIn_Ad_Click', 'PathWave_Trial_Request', 'Customer']",1
L007927,Ahmed Johnson,Infin_Tech,,North America,,Sales Outreach,"['PathWave_Trial_Request', 'Lab_Integration_Discussion', 'Oscilloscope_Selector_Tool', 'No_Conversion']",0
L007928,Sarah Martinez,Samsung Electronics GmbH,,Europe,,Email Campaign,"['Keysight_Workshop_RF_Testing', 'Keysight_Workshop_RF_Testing', 'SQL', 'Application_Engineer_Call', 'Opportunity', 'Customer']",1
L007929,Ravi Khan,Broadcom,Semiconductor,LATAM,Automotive Ethernet,Event,"['MQL', 'Customer']",1
L007930,Kenji Ito,,Semiconductor,,,LinkedIn,"['SQL', 'Keysight_University_Course', 'Customer']",1
L007931,Kenji Lee,,Aerospace,,,Email Campaign,"['AutoSens_Tech_Talk', 'MQL', 'Keysight_Workshop_RF_Testing', 'Oscilloscope_Selector_Tool', 'IMS_Badge_Scan', 'No_Conversion']",0
L007932,Ravi Williams,Infineon GmbH,,,,Event,"['Loaner_Unit_Evaluation', 'Application_Engineer_Call', 'Opportunity', 'LinkedIn_Ad_Click', 'No_Conversion']",0
L007933,Maria Chen,Infineon GmbH,,,Automotive Ethernet,Webinar,"['Whitepaper_Download_5G_Test', 'Keysight_Workshop_RF_Testing', 'DesignCon_Booth_Visit', 'Oscilloscope_Selector_Tool', 'Application_Engineer_Call', 'Opportunity', 'DesignCon_Booth_Visit', 'No_Conversion']",0
L007934,Sofia Martinez,Qualcomm,Electronics,LATAM,Oscilloscopes,Webinar,"['Website_Product_Page', 'Technical_Demo', 'LinkedIn_Ad_Click', 'Oscilloscope_Selector_Tool', 'Loaner_Unit_Evaluation', 'Customer']",1
L007935,Daniel Anders,Samsu_Tech,,Europe,,Website,"['Technical_Demo', 'Application_Engineer_Call', 'MQL', 'Customer']",1
L007936,Sarah Ito,Infineon,Telecom,,PathWave Software,Webinar,"['Whitepaper_Download_5G_Test', 'Customer']",1
L007937,Ravi Khan,,Semiconductor,Europe,5G Testbeds,Website,"['Whitepaper_Download_5G_Test', 'IMS_Badge_Scan', 'Application_Engineer_Call', 'MQL', 'No_Conversion']",0
L007938,,Bosch_Tech,,,5G Testbeds,Email Campaign,"['Opportunity', 'Customer']",1
L007939,Ravi Johnson,,Electronics,Europe,Oscilloscopes,Webinar,['Customer'],1
L007940,Laura Martinez,,,Europe,,Event,['No_Conversion'],0
L007941,,Broadcom GmbH,Electronics,LATAM,5G Testbeds,,['No_Conversion'],0
L007942,Maria Chen,Broad_Tech,,North America,PathWave Software,Email Campaign,"['Loaner_Unit_Evaluation', 'MQL', 'Loaner_Unit_Evaluation', 'Customer']",1
L007943,Ravi Patel,NXPSe_Tech,Aerospace,,5G Testbeds,Event,"['DesignCon_Booth_Visit', 'MQL', 'Customer']",1
L007944,Priya Ito,Infin_Tech,Automotive,,Oscilloscopes,,"['Lab_Integration_Discussion', 'Keysight_University_Course', 'PathWave_Trial_Request', 'Whitepaper_Download_5G_Test', 'SQL', 'Keysight_Workshop_RF_Testing', 'SQL', 'No_Conversion']",0
L007945,Kenji Chen,,Electronics,North America,Automotive Ethernet,Website,['Customer'],1
L007946,Kenji Singh,Bosch GmbH,Semiconductor,North America,,Webinar,"['Technical_Demo', 'Customer']",1
L007947,Laura Ito,Qualcomm,Electronics,LATAM,,Website,"['Opportunity', 'SQL', 'Oscilloscope_Selector_Tool', 'Customer']",1
L007948,Sarah Garcia,,Aerospace,Europe,Oscilloscopes,LinkedIn,"['Lab_Integration_Discussion', 'No_Conversion']",0
L007949,Chen Anders,,Automotive,North America,,,"['Keysight_Workshop_RF_Testing', 'Keysight_University_Course', 'Lab_Integration_Discussion', 'IMS_Badge_Scan', 'Website_Product_Page', 'Lab_Integration_Discussion', 'Lab_Integration_Discussion', 'Customer']",1
L007950,Maria Anders,,Telecom,North America,,Email Campaign,"['LinkedIn_Ad_Click', 'Oscilloscope_Selector_Tool', 'Loaner_Unit_Evaluation', 'Customer']",1
L007951,Maria Patel,Samsung Electronics GmbH,Aerospace,North America,PathWave Software,Event,"['Website_Product_Page', 'MQL', 'AutoSens_Tech_Talk', 'No_Conversion']",0
L007952,Laura Ito,Sony_Tech,Automotive,LATAM,,Event,"['Loaner_Unit_Evaluation', 'AutoSens_Tech_Talk', 'Opportunity', 'Application_Engineer_Call', 'No_Conversion']",0
L007953,Sofia Patel,Infineon,,,5G Testbeds,,"['Oscilloscope_Selector_Tool', 'AutoSens_Tech_Talk', 'Opportunity', 'IMS_Badge_Scan', 'LinkedIn_Ad_Click', 'Customer']",1
L007954,Chen Johnson,Broad_Tech,Automotive,APAC,Oscilloscopes,Sales Outreach,"['MQL', 'Whitepaper_Download_5G_Test', 'Technical_Demo', 'LinkedIn_Ad_Click', 'Application_Engineer_Call', 'Keysight_Workshop_RF_Testing', 'Loaner_Unit_Evaluation', 'Whitepaper_Download_5G_Test', 'No_Conversion']",0
L007955,Priya Martinez,Sony_Tech,Electronics,Europe,Automotive Ethernet,Email Campaign,"['Opportunity', 'PathWave_Trial_Request', 'Lab_Integration_Discussion', 'PathWave_Trial_Request', 'Whitepaper_Download_5G_Test', 'PathWave_Trial_Request', 'Opportunity', 'Oscilloscope_Selector_Tool', 'Whitepaper_Download_5G_Test', 'Keysight_University_Course', 'No_Conversion']",0
L007956,Ravi Williams,Infin_Tech,Electronics,,Automotive Ethernet,Sales Outreach,"['Loaner_Unit_Evaluation', 'PathWave_Trial_Request', 'Application_Engineer_Call', 'PathWave_Trial_Request', 'Lab_Integration_Discussion', 'Customer']",1
L007957,Michael Martinez,Bosch_Tech,,LATAM,Oscilloscopes,Email Campaign,['Customer'],1
L007958,Sarah Johnson,Bosch GmbH,Automotive,,,Sales Outreach,"['LinkedIn_Ad_Click', 'AutoSens_Tech_Talk', 'Oscilloscope_Selector_Tool', 'Keysight_University_Course', 'Loaner_Unit_Evaluation', 'Keysight_University_Course', 'Whitepaper_Download_5G_Test', 'Website_Product_Page', 'DesignCon_Booth_Visit', 'Lab_Integration_Discussion', 'No_Conversion']",0
L007959,Sarah Khan,Qualc_Tech,Semiconductor,LATAM,5G Testbeds,Website,"['DesignCon_Booth_Visit', 'Loaner_Unit_Evaluation', 'Keysight_Workshop_RF_Testing', 'LinkedIn_Ad_Click', 'Opportunity', 'Loaner_Unit_Evaluation', 'IMS_Badge_Scan', 'Customer']",1
L007960,Sarah Williams,,,Europe,PathWave Software,,"['Loaner_Unit_Evaluation', 'PathWave_Trial_Request', 'Opportunity', 'Oscilloscope_Selector_Tool', 'LinkedIn_Ad_Click', 'No_Conversion']",0
L007961,,Raytheon GmbH,Semiconductor,APAC,,Email Campaign,"['Technical_Demo', 'Customer']",1
L007962,Ravi Johnson,NXP Semiconductors,,,,,"['Whitepaper_Download_5G_Test', 'IMS_Badge_Scan', 'Technical_Demo', 'Customer']",1
L007963,Priya Johnson,Meta Connectivity Labs,Electronics,LATAM,Oscilloscopes,Event,['Customer'],1
L007964,,Qualcomm,Telecom,,Oscilloscopes,,"['Application_Engineer_Call', 'Application_Engineer_Call', 'DesignCon_Booth_Visit', 'Oscilloscope_Selector_Tool', 'DesignCon_Booth_Visit', 'Website_Product_Page', 'No_Conversion']",0
L007965,Maria Garcia,,,Europe,,Website,"['Website_Product_Page', 'IMS_Badge_Scan', 'Opportunity', 'PathWave_Trial_Request', 'Oscilloscope_Selector_Tool', 'Oscilloscope_Selector_Tool', 'Whitepaper_Download_5G_Test', 'Technical_Demo', 'LinkedIn_Ad_Click', 'No_Conversion']",0
L007966,Kenji Lee,,Electronics,North America,,Sales Outreach,"['Application_Engineer_Call', 'SQL', 'Website_Product_Page', 'No_Conversion']",0
L007967,Sarah Williams,NXP Semiconductors,Semiconductor,APAC,,Website,"['DesignCon_Booth_Visit', 'Lab_Integration_Discussion', 'Technical_Demo', 'AutoSens_Tech_Talk', 'No_Conversion']",0
L007968,Sofia Garcia,,Semiconductor,APAC,,Email Campaign,"['Loaner_Unit_Evaluation', 'Whitepaper_Download_5G_Test', 'DesignCon_Booth_Visit', 'Customer']",1
L007969,Laura Martinez,Samsung Electronics,Aerospace,,,Sales Outreach,"['PathWave_Trial_Request', 'Keysight_University_Course', 'No_Conversion']",0
L007970,,,Telecom,,Automotive Ethernet,,"['Website_Product_Page', 'PathWave_Trial_Request', 'Keysight_University_Course', 'Opportunity', 'IMS_Badge_Scan', 'AutoSens_Tech_Talk', 'Customer']",1
L007971,Chen Chen,Samsung Electronics,,,PathWave Software,Website,"['AutoSens_Tech_Talk', 'Loaner_Unit_Evaluation', 'DesignCon_Booth_Visit', 'Loaner_Unit_Evaluation', 'No_Conversion']",0
L007972,Sarah Chen,,Semiconductor,,Automotive Ethernet,Website,"['IMS_Badge_Scan', 'DesignCon_Booth_Visit', 'Oscilloscope_Selector_Tool', 'Application_Engineer_Call', 'Customer']",1
L007973,Kenji Johnson,Bosch_Tech,Aerospace,APAC,PathWave Software,Website,"['Website_Product_Page', 'LinkedIn_Ad_Click', 'Whitepaper_Download_5G_Test', 'Application_Engineer_Call', 'Customer']",1
L007974,Sarah Singh,NXP Semiconductors GmbH,,Europe,Automotive Ethernet,Email Campaign,"['PathWave_Trial_Request', 'Loaner_Unit_Evaluation', 'Loaner_Unit_Evaluation', 'LinkedIn_Ad_Click', 'Lab_Integration_Discussion', 'No_Conversion']",0
L007975,Sofia Chen,Sony GmbH,,APAC,,Event,['Customer'],1
L007976,Maria Garcia,Broad_Tech,Aerospace,LATAM,,Sales Outreach,"['Technical_Demo', 'PathWave_Trial_Request', 'Loaner_Unit_Evaluation', 'Oscilloscope_Selector_Tool', 'Technical_Demo', 'Customer']",1
L007977,Hiroshi Garcia,Bosch_Tech,Semiconductor,APAC,PathWave Software,Event,"['LinkedIn_Ad_Click', 'Opportunity', 'Application_Engineer_Call', 'Loaner_Unit_Evaluation', 'Technical_Demo', 'Loaner_Unit_Evaluation', 'DesignCon_Booth_Visit', 'DesignCon_Booth_Visit', 'IMS_Badge_Scan', 'Customer']",1
L007978,Laura Lee,Bosch GmbH,,Europe,PathWave Software,,"['AutoSens_Tech_Talk', 'Keysight_Workshop_RF_Testing', 'Loaner_Unit_Evaluation', 'PathWave_Trial_Request', 'Oscilloscope_Selector_Tool', 'Application_Engineer_Call', 'LinkedIn_Ad_Click', 'LinkedIn_Ad_Click', 'Customer']",1
L007979,Ahmed Lee,Broadcom,,,Oscilloscopes,Website,"['Lab_Integration_Discussion', 'IMS_Badge_Scan', 'SQL', 'Whitepaper_Download_5G_Test', 'Keysight_University_Course', 'Opportunity', 'Loaner_Unit_Evaluation', 'Opportunity', 'Whitepaper_Download_5G_Test', 'Customer']",1
L007980,Ahmed Singh,Bosch,,,,Event,"['Opportunity', 'SQL', 'Application_Engineer_Call', 'Oscilloscope_Selector_Tool', 'No_Conversion']",0
L007981,Maria Williams,Samsung Electronics,Aerospace,Europe,PathWave Software,Webinar,['Customer'],1
L007982,Ahmed Patel,NXPSe_Tech,Aerospace,APAC,,LinkedIn,"['Website_Product_Page', 'Oscilloscope_Selector_Tool', 'Keysight_Workshop_RF_Testing', 'Keysight_Workshop_RF_Testing', 'No_Conversion']",0
L007983,,,Semiconductor,North America,,Email Campaign,"['Loaner_Unit_Evaluation', 'Website_Product_Page', 'SQL', 'LinkedIn_Ad_Click', 'Oscilloscope_Selector_Tool', 'MQL', 'Opportunity', 'Loaner_Unit_Evaluation', 'Customer']",1
L007984,Hiroshi Tanaka,Meta Connectivity Labs GmbH,,Europe,,Email Campaign,"['DesignCon_Booth_Visit', 'Keysight_Workshop_RF_Testing', 'LinkedIn_Ad_Click', 'IMS_Badge_Scan', 'Technical_Demo', 'Customer']",1
L007985,Sofia Martinez,Tesla Energy GmbH,,Europe,Automotive Ethernet,Event,"['Application_Engineer_Call', 'Technical_Demo', 'Whitepaper_Download_5G_Test', 'IMS_Badge_Scan', 'Lab_Integration_Discussion', 'No_Conversion']",0
L007986,Michael Martinez,Infineon GmbH,Electronics,LATAM,PathWave Software,Website,"['Technical_Demo', 'PathWave_Trial_Request', 'Customer']",1
L007987,Ahmed Khan,Samsung Electronics GmbH,,LATAM,Automotive Ethernet,LinkedIn,"['Keysight_University_Course', 'Keysight_Workshop_RF_Testing', 'Customer']",1
L007988,Ravi Anders,,,Europe,PathWave Software,Email Campaign,"['SQL', 'PathWave_Trial_Request', 'Oscilloscope_Selector_Tool', 'No_Conversion']",0
L007989,Priya Williams,Broad_Tech,Semiconductor,LATAM,,LinkedIn,"['IMS_Badge_Scan', 'Opportunity', 'Keysight_University_Course', 'PathWave_Trial_Request', 'Technical_Demo', 'Customer']",1
L007990,Laura Patel,Broadcom,Telecom,North America,Automotive Ethernet,,"['LinkedIn_Ad_Click', 'Website_Product_Page', 'Keysight_Workshop_RF_Testing', 'DesignCon_Booth_Visit', 'SQL', 'MQL', 'Customer']",1
L007991,Sarah Anders,,,,Automotive Ethernet,Event,"['Website_Product_Page', 'Opportunity', 'Keysight_University_Course', 'Application_Engineer_Call', 'Whitepaper_Download_5G_Test', 'AutoSens_Tech_Talk', 'MQL', 'Customer']",1
L007992,Maria Ito,,Electronics,,Oscilloscopes,,"['Oscilloscope_Selector_Tool', 'LinkedIn_Ad_Click', 'SQL', 'AutoSens_Tech_Talk', 'Keysight_University_Course', 'MQL', 'Lab_Integration_Discussion', 'No_Conversion']",0
L007993,Sarah Anders,,Automotive,,5G Testbeds,Website,"['PathWave_Trial_Request', 'Technical_Demo', 'Customer']",1
L007994,Hiroshi Patel,,Electronics,,Automotive Ethernet,Email Campaign,"['MQL', 'Keysight_Workshop_RF_Testing', 'Customer']",1
L007995,Ahmed Lee,Bosch GmbH,,North America,,Event,"['Technical_Demo', 'IMS_Badge_Scan', 'Technical_Demo', 'Whitepaper_Download_5G_Test', 'PathWave_Trial_Request', 'Opportunity', 'Application_Engineer_Call', 'No_Conversion']",0
L007996,Chen Khan,Tesla_Tech,Automotive,Europe,,Email Campaign,"['Website_Product_Page', 'AutoSens_Tech_Talk', 'Keysight_Workshop_RF_Testing', 'Website_Product_Page', 'LinkedIn_Ad_Click', 'DesignCon_Booth_Visit', 'Oscilloscope_Selector_Tool', 'AutoSens_Tech_Talk', 'Customer']",1
L007997,Kenji Anders,Qualc_Tech,,APAC,Oscilloscopes,Sales Outreach,"['Keysight_Workshop_RF_Testing', 'Whitepaper_Download_5G_Test', 'Loaner_Unit_Evaluation', 'Oscilloscope_Selector_Tool', 'Keysight_Workshop_RF_Testing', 'Application_Engineer_Call', 'PathWave_Trial_Request', 'Keysight_University_Course', 'Customer']",1
L007998,Chen Tanaka,Meta Connectivity Labs GmbH,,,5G Testbeds,Webinar,"['AutoSens_Tech_Talk', 'Whitepaper_Download_5G_Test', 'Whitepaper_Download_5G_Test', 'Technical_Demo', 'MQL', 'Opportunity', 'Customer']",1
L007999,Michael Singh,Infineon GmbH,Electronics,,Oscilloscopes,Event,"['Keysight_University_Course', 'MQL', 'Opportunity', 'Technical_Demo', 'Loaner_Unit_Evaluation', 'Customer']",1
L008000,,MetaC_Tech,Electronics,,,,"['MQL', 'LinkedIn_Ad_Click', 'Loaner_Unit_Evaluation', 'Technical_Demo', 'IMS_Badge_Scan', 'Customer']",1
L008001,Priya Johnson,Rayth_Tech,Telecom,,Oscilloscopes,Event,"['Whitepaper_Download_5G_Test', 'Lab_Integration_Discussion', 'Whitepaper_Download_5G_Test', 'No_Conversion']",0
L008002,Priya Singh,,Automotive,APAC,,Webinar,"['PathWave_Trial_Request', 'Application_Engineer_Call', 'MQL', 'Oscilloscope_Selector_Tool', 'No_Conversion']",0
L008003,Daniel Ito,,,Europe,5G Testbeds,Website,"['SQL', 'LinkedIn_Ad_Click', 'Technical_Demo', 'Oscilloscope_Selector_Tool', 'DesignCon_Booth_Visit', 'Whitepaper_Download_5G_Test', 'No_Conversion']",0
L008004,Maria Garcia,,,North America,,Sales Outreach,"['Whitepaper_Download_5G_Test', 'No_Conversion']",0
L008005,Chen Anders,Meta Connectivity Labs GmbH,,North America,PathWave Software,,"['IMS_Badge_Scan', 'SQL', 'Opportunity', 'LinkedIn_Ad_Click', 'SQL', 'Customer']",1
L008006,Michael Martinez,Samsung Electronics,,North America,Automotive Ethernet,Event,['Customer'],1
L008007,Michael Martinez,Broad_Tech,,,,Website,"['AutoSens_Tech_Talk', 'Lab_Integration_Discussion', 'LinkedIn_Ad_Click', 'No_Conversion']",0
L008008,Laura Khan,Raytheon GmbH,,,,Sales Outreach,"['Application_Engineer_Call', 'Whitepaper_Download_5G_Test', 'Keysight_University_Course', 'Lab_Integration_Discussion', 'Keysight_Workshop_RF_Testing', 'Technical_Demo', 'Application_Engineer_Call', 'Customer']",1
L008009,Ahmed Patel,Bosch,Electronics,,5G Testbeds,LinkedIn,"['Keysight_University_Course', 'AutoSens_Tech_Talk', 'SQL', 'Keysight_Workshop_RF_Testing', 'Customer']",1
L008010,Priya Singh,NXP Semiconductors GmbH,Telecom,APAC,PathWave Software,Email Campaign,"['LinkedIn_Ad_Click', 'Website_Product_Page', 'Opportunity', 'Keysight_Workshop_RF_Testing', 'Opportunity', 'Lab_Integration_Discussion', 'Technical_Demo', 'Website_Product_Page', 'Opportunity', 'Customer']",1
L008011,Chen Khan,,,APAC,5G Testbeds,Email Campaign,"['Website_Product_Page', 'LinkedIn_Ad_Click', 'Technical_Demo', 'Customer']",1
L008012,Ahmed Chen,Samsung Electronics,Aerospace,APAC,Automotive Ethernet,Sales Outreach,"['SQL', 'MQL', 'Oscilloscope_Selector_Tool', 'Customer']",1
L008013,,Meta Connectivity Labs GmbH,Semiconductor,,,Website,"['Keysight_University_Course', 'Application_Engineer_Call', 'SQL', 'IMS_Badge_Scan', 'Customer']",1
L008014,Priya Martinez,Infin_Tech,,,Automotive Ethernet,,"['Keysight_Workshop_RF_Testing', 'Lab_Integration_Discussion', 'Website_Product_Page', 'MQL', 'Website_Product_Page', 'Loaner_Unit_Evaluation', 'Loaner_Unit_Evaluation', 'PathWave_Trial_Request', 'Application_Engineer_Call', 'AutoSens_Tech_Talk', 'No_Conversion']",0
L008015,Hiroshi Singh,NXP Semiconductors,,APAC,PathWave Software,Event,"['Lab_Integration_Discussion', 'IMS_Badge_Scan', 'Oscilloscope_Selector_Tool', 'SQL', 'Opportunity', 'Loaner_Unit_Evaluation', 'No_Conversion']",0
L008016,Kenji Garcia,,,APAC,5G Testbeds,Webinar,"['Website_Product_Page', 'Technical_Demo', 'Whitepaper_Download_5G_Test', 'Oscilloscope_Selector_Tool', 'AutoSens_Tech_Talk', 'Technical_Demo', 'AutoSens_Tech_Talk', 'Customer']",1
L008017,Chen Garcia,Infineon GmbH,,,5G Testbeds,,"['Application_Engineer_Call', 'PathWave_Trial_Request', 'Customer']",1
L008018,,,Aerospace,Europe,,Email Campaign,"['SQL', 'Application_Engineer_Call', 'Lab_Integration_Discussion', 'Keysight_University_Course', 'Loaner_Unit_Evaluation', 'Opportunity', 'Opportunity', 'Customer']",1
L008019,Ravi Khan,Tesla_Tech,,Europe,,Email Campaign,"['Whitepaper_Download_5G_Test', 'Whitepaper_Download_5G_Test', 'AutoSens_Tech_Talk', 'No_Conversion']",0
L008020,Maria Johnson,Broadcom GmbH,Electronics,North America,Oscilloscopes,Sales Outreach,"['SQL', 'Lab_Integration_Discussion', 'AutoSens_Tech_Talk', 'Customer']",1
L008021,Kenji Chen,Infineon GmbH,Aerospace,North America,Automotive Ethernet,LinkedIn,"['Keysight_Workshop_RF_Testing', 'No_Conversion']",0
L008022,Sofia Williams,Sony,Telecom,North America,Automotive Ethernet,Website,"['LinkedIn_Ad_Click', 'Customer']",1
L008023,Ahmed Martinez,Samsung Electronics GmbH,,North America,PathWave Software,Sales Outreach,"['Keysight_University_Course', 'No_Conversion']",0
L008024,Ahmed Ito,,Automotive,,5G Testbeds,Event,"['Technical_Demo', 'Application_Engineer_Call', 'Website_Product_Page', 'Technical_Demo', 'Customer']",1
L008025,Hiroshi Khan,Qualcomm GmbH,Semiconductor,APAC,,Email Campaign,"['Keysight_Workshop_RF_Testing', 'Opportunity', 'Opportunity', 'Oscilloscope_Selector_Tool', 'Oscilloscope_Selector_Tool', 'PathWave_Trial_Request', 'DesignCon_Booth_Visit', 'DesignCon_Booth_Visit', 'Loaner_Unit_Evaluation', 'MQL', 'No_Conversion']",0
L008026,Kenji Garcia,Samsung Electronics GmbH,,APAC,Oscilloscopes,Event,"['MQL', 'Customer']",1
L008027,,Broad_Tech,Aerospace,Europe,5G Testbeds,Sales Outreach,"['Loaner_Unit_Evaluation', 'Keysight_University_Course', 'Keysight_Workshop_RF_Testing', 'Customer']",1
L008028,,Qualc_Tech,,LATAM,,Sales Outreach,"['Keysight_University_Course', 'Opportunity', 'Application_Engineer_Call', 'Customer']",1
L008029,Kenji Chen,,Automotive,North America,Oscilloscopes,Email Campaign,"['Keysight_Workshop_RF_Testing', 'Technical_Demo', 'AutoSens_Tech_Talk', 'Loaner_Unit_Evaluation', 'Keysight_Workshop_RF_Testing', 'Website_Product_Page', 'Oscilloscope_Selector_Tool', 'Whitepaper_Download_5G_Test', 'Customer']",1
L008030,Hiroshi Martinez,,Aerospace,North America,,Email Campaign,"['Loaner_Unit_Evaluation', 'IMS_Badge_Scan', 'DesignCon_Booth_Visit', 'Website_Product_Page', 'Website_Product_Page', 'Lab_Integration_Discussion', 'MQL', 'Application_Engineer_Call', 'No_Conversion']",0
L008031,Ahmed Garcia,Broadcom,,North America,,Email Campaign,"['SQL', 'DesignCon_Booth_Visit', 'AutoSens_Tech_Talk', 'Oscilloscope_Selector_Tool', 'No_Conversion']",0
L008032,Chen Lee,Infin_Tech,,Europe,,Website,"['DesignCon_Booth_Visit', 'Oscilloscope_Selector_Tool', 'Website_Product_Page', 'Website_Product_Page', 'PathWave_Trial_Request', 'Oscilloscope_Selector_Tool', 'Keysight_University_Course', 'Keysight_University_Course', 'No_Conversion']",0
L008033,Chen Lee,Broadcom GmbH,Aerospace,LATAM,Oscilloscopes,Event,"['Website_Product_Page', 'PathWave_Trial_Request', 'Application_Engineer_Call', 'IMS_Badge_Scan', 'AutoSens_Tech_Talk', 'Customer']",1
L008034,Daniel Chen,,,LATAM,5G Testbeds,LinkedIn,"['SQL', 'DesignCon_Booth_Visit', 'Lab_Integration_Discussion', 'Customer']",1
L008035,Michael Garcia,,Electronics,North America,,Sales Outreach,"['PathWave_Trial_Request', 'IMS_Badge_Scan', 'Technical_Demo', 'DesignCon_Booth_Visit', 'Keysight_University_Course', 'Keysight_University_Course', 'Customer']",1
L008036,Kenji Garcia,Qualc_Tech,,North America,Oscilloscopes,Website,"['Keysight_Workshop_RF_Testing', 'Opportunity', 'Website_Product_Page', 'No_Conversion']",0
L008037,Kenji Martinez,Infin_Tech,,,Automotive Ethernet,Event,"['AutoSens_Tech_Talk', 'Application_Engineer_Call', 'Oscilloscope_Selector_Tool', 'SQL', 'Whitepaper_Download_5G_Test', 'Customer']",1
L008038,Sarah Lee,,Electronics,Europe,5G Testbeds,Email Campaign,"['Loaner_Unit_Evaluation', 'Technical_Demo', 'MQL', 'Keysight_University_Course', 'No_Conversion']",0
L008039,Michael Patel,Broadcom GmbH,Electronics,LATAM,,LinkedIn,"['Opportunity', 'Customer']",1
L008040,Sarah Singh,,Electronics,APAC,PathWave Software,Webinar,"['Opportunity', 'Keysight_University_Course', 'IMS_Badge_Scan', 'No_Conversion']",0
L008041,,Meta Connectivity Labs GmbH,Electronics,Europe,PathWave Software,Webinar,['Customer'],1
L008042,,Raytheon GmbH,,LATAM,,Sales Outreach,"['Loaner_Unit_Evaluation', 'Website_Product_Page', 'AutoSens_Tech_Talk', 'Customer']",1
L008043,Sofia Ito,Broadcom,Semiconductor,Europe,Oscilloscopes,Sales Outreach,['Customer'],1
L008044,Hiroshi Singh,Sony,Automotive,,,Webinar,"['DesignCon_Booth_Visit', 'DesignCon_Booth_Visit', 'MQL', 'DesignCon_Booth_Visit', 'PathWave_Trial_Request', 'Technical_Demo', 'Keysight_Workshop_RF_Testing', 'No_Conversion']",0
L008045,Maria Ito,Raytheon,,,PathWave Software,Sales Outreach,"['Technical_Demo', 'Oscilloscope_Selector_Tool', 'Application_Engineer_Call', 'Technical_Demo', 'IMS_Badge_Scan', 'IMS_Badge_Scan', 'Keysight_University_Course', 'Opportunity', 'IMS_Badge_Scan', 'PathWave_Trial_Request', 'No_Conversion']",0
L008046,Hiroshi Anders,Meta Connectivity Labs GmbH,Electronics,North America,Automotive Ethernet,Event,['Customer'],1
L008047,,NXPSe_Tech,Electronics,LATAM,Oscilloscopes,Email Campaign,['Customer'],1
L008048,Maria Williams,Bosch_Tech,,North America,5G Testbeds,Email Campaign,"['PathWave_Trial_Request', 'Keysight_University_Course', 'PathWave_Trial_Request', 'SQL', 'LinkedIn_Ad_Click', 'Oscilloscope_Selector_Tool', 'SQL', 'Application_Engineer_Call', 'Customer']",1
L008049,Hiroshi Singh,Tesla Energy,Semiconductor,Europe,,Event,"['MQL', 'Keysight_University_Course', 'SQL', 'AutoSens_Tech_Talk', 'No_Conversion']",0
L008050,Priya Williams,MetaC_Tech,Automotive,,PathWave Software,Email Campaign,"['MQL', 'Website_Product_Page', 'SQL', 'Opportunity', 'Keysight_Workshop_RF_Testing', 'Customer']",1
L008051,Priya Singh,Tesla Energy,Telecom,Europe,5G Testbeds,,"['Keysight_University_Course', 'Keysight_Workshop_RF_Testing', 'AutoSens_Tech_Talk', 'Lab_Integration_Discussion', 'No_Conversion']",0
L008052,Daniel Williams,,Aerospace,APAC,,Webinar,"['Loaner_Unit_Evaluation', 'AutoSens_Tech_Talk', 'Oscilloscope_Selector_Tool', 'Website_Product_Page', 'SQL', 'Website_Product_Page', 'Website_Product_Page', 'Customer']",1
L008053,Sofia Tanaka,NXP Semiconductors GmbH,,Europe,PathWave Software,LinkedIn,"['Lab_Integration_Discussion', 'PathWave_Trial_Request', 'Opportunity', 'Technical_Demo', 'Technical_Demo', 'DesignCon_Booth_Visit', 'Whitepaper_Download_5G_Test', 'Oscilloscope_Selector_Tool', 'Oscilloscope_Selector_Tool', 'Application_Engineer_Call', 'No_Conversion']",0
L008054,Sarah Patel,Samsu_Tech,Semiconductor,North America,Automotive Ethernet,Webinar,"['Keysight_Workshop_RF_Testing', 'Opportunity', 'AutoSens_Tech_Talk', 'MQL', 'Opportunity', 'Keysight_University_Course', 'Loaner_Unit_Evaluation', 'Customer']",1
L008055,,Bosch GmbH,Telecom,,5G Testbeds,Sales Outreach,"['Loaner_Unit_Evaluation', 'Oscilloscope_Selector_Tool', 'PathWave_Trial_Request', 'DesignCon_Booth_Visit', 'SQL', 'Website_Product_Page', 'DesignCon_Booth_Visit', 'Keysight_Workshop_RF_Testing', 'SQL', 'No_Conversion']",0
L008056,Ravi Tanaka,Sony GmbH,Aerospace,LATAM,,Sales Outreach,"['Technical_Demo', 'Application_Engineer_Call', 'SQL', 'Opportunity', 'Website_Product_Page', 'IMS_Badge_Scan', 'Lab_Integration_Discussion', 'Whitepaper_Download_5G_Test', 'Customer']",1
L008057,Sofia Johnson,,Aerospace,APAC,5G Testbeds,Event,"['Loaner_Unit_Evaluation', 'Lab_Integration_Discussion', 'Opportunity', 'SQL', 'Customer']",1
L008058,Sarah Williams,NXP Semiconductors,Semiconductor,LATAM,PathWave Software,Website,['No_Conversion'],0
L008059,Priya Garcia,Tesla Energy,Semiconductor,APAC,PathWave Software,Website,"['Website_Product_Page', 'Loaner_Unit_Evaluation', 'IMS_Badge_Scan', 'MQL', 'SQL', 'Keysight_Workshop_RF_Testing', 'Loaner_Unit_Evaluation', 'Opportunity', 'Customer']",1
L008060,Chen Ito,Samsung Electronics,Semiconductor,,,Email Campaign,"['Loaner_Unit_Evaluation', 'Opportunity', 'Loaner_Unit_Evaluation', 'Technical_Demo', 'Technical_Demo', 'Opportunity', 'DesignCon_Booth_Visit', 'No_Conversion']",0
L008061,Sarah Khan,,Aerospace,,,Email Campaign,['Customer'],1
L008062,Sofia Johnson,Raytheon GmbH,,LATAM,Oscilloscopes,Website,"['Technical_Demo', 'Application_Engineer_Call', 'MQL', 'LinkedIn_Ad_Click', 'Keysight_University_Course', 'MQL', 'PathWave_Trial_Request', 'AutoSens_Tech_Talk', 'Customer']",1
L008063,Ravi Tanaka,,,North America,,Event,"['Keysight_University_Course', 'PathWave_Trial_Request', 'PathWave_Trial_Request', 'Customer']",1
L008064,Laura Ito,Bosch GmbH,Automotive,APAC,Oscilloscopes,,['Customer'],1
L008065,Maria Singh,Qualcomm,Semiconductor,North America,Automotive Ethernet,LinkedIn,"['PathWave_Trial_Request', 'Application_Engineer_Call', 'SQL', 'SQL', 'Opportunity', 'Opportunity', 'LinkedIn_Ad_Click', 'PathWave_Trial_Request', 'IMS_Badge_Scan', 'Application_Engineer_Call', 'Customer']",1
L008066,Michael Williams,,Electronics,APAC,,Email Campaign,"['DesignCon_Booth_Visit', 'Keysight_University_Course', 'LinkedIn_Ad_Click', 'DesignCon_Booth_Visit', 'SQL', 'Customer']",1
L008067,,Meta Connectivity Labs,Electronics,LATAM,Oscilloscopes,Sales Outreach,['No_Conversion'],0
L008068,Hiroshi Patel,Bosch,,APAC,PathWave Software,LinkedIn,['Customer'],1
L008069,Hiroshi Patel,Samsung Electronics,Telecom,LATAM,Automotive Ethernet,Webinar,"['IMS_Badge_Scan', 'Whitepaper_Download_5G_Test', 'Whitepaper_Download_5G_Test', 'PathWave_Trial_Request', 'Application_Engineer_Call', 'DesignCon_Booth_Visit', 'Whitepaper_Download_5G_Test', 'LinkedIn_Ad_Click', 'Technical_Demo', 'Customer']",1
L008070,Ravi Ito,Qualc_Tech,,North America,,Event,"['Application_Engineer_Call', 'Website_Product_Page', 'Application_Engineer_Call', 'Technical_Demo', 'Opportunity', 'Loaner_Unit_Evaluation', 'Website_Product_Page', 'Customer']",1
L008071,Ravi Singh,,,,,Website,"['Oscilloscope_Selector_Tool', 'Lab_Integration_Discussion', 'AutoSens_Tech_Talk', 'Website_Product_Page', 'DesignCon_Booth_Visit', 'Loaner_Unit_Evaluation', 'DesignCon_Booth_Visit', 'Loaner_Unit_Evaluation', 'Loaner_Unit_Evaluation', 'No_Conversion']",0
L008072,Sofia Patel,Broad_Tech,Semiconductor,APAC,5G Testbeds,Event,"['Technical_Demo', 'Application_Engineer_Call', 'No_Conversion']",0
L008073,Priya Williams,Broadcom,Electronics,LATAM,PathWave Software,Sales Outreach,"['Application_Engineer_Call', 'SQL', 'Website_Product_Page', 'Whitepaper_Download_5G_Test', 'No_Conversion']",0
L008074,Hiroshi Chen,Infineon GmbH,,North America,Automotive Ethernet,Email Campaign,['Customer'],1
L008075,Ahmed Lee,Samsung Electronics,Electronics,,PathWave Software,Webinar,"['PathWave_Trial_Request', 'IMS_Badge_Scan', 'MQL', 'AutoSens_Tech_Talk', 'Whitepaper_Download_5G_Test', 'No_Conversion']",0
L008076,Sofia Lee,Bosch GmbH,,North America,PathWave Software,Website,"['Whitepaper_Download_5G_Test', 'Technical_Demo', 'Oscilloscope_Selector_Tool', 'Application_Engineer_Call', 'Keysight_University_Course', 'DesignCon_Booth_Visit', 'MQL', 'Customer']",1
L008077,Kenji Patel,Infin_Tech,Telecom,APAC,5G Testbeds,Sales Outreach,"['Website_Product_Page', 'Application_Engineer_Call', 'Website_Product_Page', 'IMS_Badge_Scan', 'Application_Engineer_Call', 'SQL', 'PathWave_Trial_Request', 'Customer']",1
L008078,Laura Anders,Samsung Electronics,,North America,,LinkedIn,"['Website_Product_Page', 'Loaner_Unit_Evaluation', 'Keysight_Workshop_RF_Testing', 'AutoSens_Tech_Talk', 'Technical_Demo', 'Keysight_University_Course', 'LinkedIn_Ad_Click', 'No_Conversion']",0
L008079,Maria Singh,MetaC_Tech,Aerospace,APAC,Oscilloscopes,Webinar,"['Lab_Integration_Discussion', 'DesignCon_Booth_Visit', 'Opportunity', 'Keysight_University_Course', 'MQL', 'Opportunity', 'Customer']",1
L008080,,Samsu_Tech,Electronics,Europe,PathWave Software,Webinar,"['Oscilloscope_Selector_Tool', 'LinkedIn_Ad_Click', 'Keysight_University_Course', 'Customer']",1
L008081,Kenji Patel,NXP Semiconductors,,APAC,Oscilloscopes,Email Campaign,"['Lab_Integration_Discussion', 'Keysight_Workshop_RF_Testing', 'LinkedIn_Ad_Click', 'Application_Engineer_Call', 'AutoSens_Tech_Talk', 'DesignCon_Booth_Visit', 'Whitepaper_Download_5G_Test', 'DesignCon_Booth_Visit', 'Customer']",1
L008082,Hiroshi Patel,Infineon GmbH,,LATAM,Automotive Ethernet,Sales Outreach,"['AutoSens_Tech_Talk', 'Keysight_University_Course', 'No_Conversion']",0
L008083,Priya Garcia,,Aerospace,APAC,,Webinar,"['IMS_Badge_Scan', 'MQL', 'MQL', 'DesignCon_Booth_Visit', 'Technical_Demo', 'Technical_Demo', 'Website_Product_Page', 'Lab_Integration_Discussion', 'No_Conversion']",0
L008084,Sarah Johnson,,Telecom,Europe,Oscilloscopes,Event,"['SQL', 'Keysight_University_Course', 'No_Conversion']",0
L008085,Ravi Johnson,Meta Connectivity Labs GmbH,Electronics,APAC,Automotive Ethernet,Webinar,['Customer'],1
L008086,Sofia Khan,NXPSe_Tech,Automotive,Europe,PathWave Software,Webinar,"['Oscilloscope_Selector_Tool', 'LinkedIn_Ad_Click', 'PathWave_Trial_Request', 'MQL', 'PathWave_Trial_Request', 'No_Conversion']",0
L008087,Ravi Garcia,Qualcomm,,,,Sales Outreach,"['AutoSens_Tech_Talk', 'AutoSens_Tech_Talk', 'Technical_Demo', 'No_Conversion']",0
L008088,Chen Chen,Bosch_Tech,Semiconductor,,Automotive Ethernet,LinkedIn,"['SQL', 'Whitepaper_Download_5G_Test', 'Loaner_Unit_Evaluation', 'Keysight_Workshop_RF_Testing', 'Customer']",1
L008089,Priya Garcia,Bosch GmbH,Telecom,North America,5G Testbeds,Webinar,"['MQL', 'Whitepaper_Download_5G_Test', 'Whitepaper_Download_5G_Test', 'Keysight_Workshop_RF_Testing', 'Customer']",1
L008090,Hiroshi Williams,,Telecom,,,Website,"['AutoSens_Tech_Talk', 'MQL', 'Lab_Integration_Discussion', 'Keysight_University_Course', 'LinkedIn_Ad_Click', 'Technical_Demo', 'No_Conversion']",0
L008091,Kenji Chen,,Aerospace,,,LinkedIn,"['MQL', 'PathWave_Trial_Request', 'AutoSens_Tech_Talk', 'Website_Product_Page', 'Opportunity', 'PathWave_Trial_Request', 'Oscilloscope_Selector_Tool', 'Keysight_Workshop_RF_Testing', 'Customer']",1
L008092,Maria Williams,Broad_Tech,Electronics,,,LinkedIn,"['Keysight_University_Course', 'IMS_Badge_Scan', 'Website_Product_Page', 'MQL', 'Customer']",1
L008093,Michael Williams,Rayth_Tech,Automotive,APAC,,Sales Outreach,"['PathWave_Trial_Request', 'Keysight_Workshop_RF_Testing', 'Keysight_Workshop_RF_Testing', 'MQL', 'Whitepaper_Download_5G_Test', 'LinkedIn_Ad_Click', 'IMS_Badge_Scan', 'Lab_Integration_Discussion', 'Technical_Demo', 'LinkedIn_Ad_Click', 'No_Conversion']",0
L008094,,Meta Connectivity Labs,Semiconductor,,PathWave Software,,['Customer'],1
L008095,Hiroshi Chen,Meta Connectivity Labs,Automotive,APAC,,Event,"['Technical_Demo', 'PathWave_Trial_Request', 'Lab_Integration_Discussion', 'Customer']",1
L008096,Laura Patel,,Aerospace,APAC,,Webinar,"['IMS_Badge_Scan', 'Opportunity', 'Lab_Integration_Discussion', 'Opportunity', 'No_Conversion']",0
L008097,Sofia Anders,,Aerospace,,,Website,"['AutoSens_Tech_Talk', 'Technical_Demo', 'Oscilloscope_Selector_Tool', 'MQL', 'No_Conversion']",0
L008098,Maria Johnson,,,,,,"['Keysight_University_Course', 'Oscilloscope_Selector_Tool', 'No_Conversion']",0
L008099,Daniel Chen,Samsung Electronics GmbH,,Europe,Oscilloscopes,Webinar,"['MQL', 'Loaner_Unit_Evaluation', 'LinkedIn_Ad_Click', 'Keysight_University_Course', 'AutoSens_Tech_Talk', 'PathWave_Trial_Request', 'AutoSens_Tech_Talk', 'Customer']",1
L008100,Chen Johnson,,Automotive,,PathWave Software,,"['Oscilloscope_Selector_Tool', 'Keysight_University_Course', 'Website_Product_Page', 'IMS_Badge_Scan', 'Keysight_Workshop_RF_Testing', 'AutoSens_Tech_Talk', 'Customer']",1
L008101,,Samsung Electronics GmbH,Automotive,North America,Oscilloscopes,Event,['Customer'],1
L008102,Sarah Williams,,Telecom,North America,5G Testbeds,,"['LinkedIn_Ad_Click', 'Whitepaper_Download_5G_Test', 'AutoSens_Tech_Talk', 'No_Conversion']",0
L008103,Sarah Khan,Sony,,LATAM,Oscilloscopes,Website,['Customer'],1
L008104,Ravi Johnson,Meta Connectivity Labs,Aerospace,APAC,Oscilloscopes,,"['Technical_Demo', 'LinkedIn_Ad_Click', 'Loaner_Unit_Evaluation', 'Whitepaper_Download_5G_Test', 'Loaner_Unit_Evaluation', 'LinkedIn_Ad_Click', 'Website_Product_Page', 'Technical_Demo', 'Keysight_Workshop_RF_Testing', 'No_Conversion']",0
L008105,Maria Singh,Tesla Energy,,Europe,,LinkedIn,"['MQL', 'Oscilloscope_Selector_Tool', 'Keysight_Workshop_RF_Testing', 'SQL', 'DesignCon_Booth_Visit', 'No_Conversion']",0
L008106,Maria Khan,Samsu_Tech,,,,Sales Outreach,"['LinkedIn_Ad_Click', 'Application_Engineer_Call', 'PathWave_Trial_Request', 'Keysight_Workshop_RF_Testing', 'MQL', 'Whitepaper_Download_5G_Test', 'No_Conversion']",0
L008107,Michael Khan,Sony GmbH,,Europe,,Sales Outreach,"['DesignCon_Booth_Visit', 'Whitepaper_Download_5G_Test', 'MQL', 'Customer']",1
L008108,Sofia Martinez,Sony,Aerospace,North America,,LinkedIn,"['Website_Product_Page', 'SQL', 'Website_Product_Page', 'Technical_Demo', 'Whitepaper_Download_5G_Test', 'Loaner_Unit_Evaluation', 'No_Conversion']",0
L008109,Hiroshi Patel,,Aerospace,Europe,PathWave Software,Sales Outreach,"['DesignCon_Booth_Visit', 'Technical_Demo', 'SQL', 'Customer']",1
L008110,Priya Johnson,NXP Semiconductors,Semiconductor,,5G Testbeds,Email Campaign,['No_Conversion'],0
L008111,Kenji Chen,Broadcom,Telecom,North America,,Sales Outreach,"['Loaner_Unit_Evaluation', 'Whitepaper_Download_5G_Test', 'Website_Product_Page', 'Oscilloscope_Selector_Tool', 'Website_Product_Page', 'Oscilloscope_Selector_Tool', 'DesignCon_Booth_Visit', 'Oscilloscope_Selector_Tool', 'Website_Product_Page', 'Customer']",1
L008112,Hiroshi Garcia,Tesla Energy GmbH,Automotive,North America,Oscilloscopes,Email Campaign,"['PathWave_Trial_Request', 'DesignCon_Booth_Visit', 'DesignCon_Booth_Visit', 'DesignCon_Booth_Visit', 'Lab_Integration_Discussion', 'LinkedIn_Ad_Click', 'SQL', 'Lab_Integration_Discussion', 'Application_Engineer_Call', 'Keysight_Workshop_RF_Testing', 'Customer']",1
L008113,Maria Williams,MetaC_Tech,Electronics,APAC,Oscilloscopes,,"['Keysight_Workshop_RF_Testing', 'MQL', 'Opportunity', 'Keysight_University_Course', 'Customer']",1
L008114,Hiroshi Ito,Infineon GmbH,Telecom,LATAM,PathWave Software,Email Campaign,"['Whitepaper_Download_5G_Test', 'DesignCon_Booth_Visit', 'IMS_Badge_Scan', 'Technical_Demo', 'No_Conversion']",0
L008115,Sofia Khan,NXP Semiconductors,,Europe,,Email Campaign,"['Loaner_Unit_Evaluation', 'Whitepaper_Download_5G_Test', 'Technical_Demo', 'PathWave_Trial_Request', 'Customer']",1
L008116,Priya Khan,,Telecom,,,LinkedIn,"['Keysight_University_Course', 'SQL', 'Whitepaper_Download_5G_Test', 'AutoSens_Tech_Talk', 'Application_Engineer_Call', 'Opportunity', 'IMS_Badge_Scan', 'DesignCon_Booth_Visit', 'LinkedIn_Ad_Click', 'Whitepaper_Download_5G_Test', 'Customer']",1
L008117,Maria Anders,,Automotive,North America,,Website,"['DesignCon_Booth_Visit', 'Oscilloscope_Selector_Tool', 'MQL', 'MQL', 'Whitepaper_Download_5G_Test', 'Loaner_Unit_Evaluation', 'LinkedIn_Ad_Click', 'DesignCon_Booth_Visit', 'AutoSens_Tech_Talk', 'Keysight_University_Course', 'Customer']",1
L008118,Priya Patel,NXPSe_Tech,Semiconductor,APAC,Automotive Ethernet,Webinar,"['MQL', 'Oscilloscope_Selector_Tool', 'Loaner_Unit_Evaluation', 'Lab_Integration_Discussion', 'SQL', 'Opportunity', 'Customer']",1
L008119,Sofia Singh,Meta Connectivity Labs GmbH,Automotive,LATAM,,Email Campaign,"['Oscilloscope_Selector_Tool', 'Lab_Integration_Discussion', 'Lab_Integration_Discussion', 'PathWave_Trial_Request', 'SQL', 'Loaner_Unit_Evaluation', 'Keysight_Workshop_RF_Testing', 'PathWave_Trial_Request', 'SQL', 'No_Conversion']",0
L008120,Maria Khan,Tesla_Tech,Electronics,,,Sales Outreach,"['Keysight_University_Course', 'AutoSens_Tech_Talk', 'MQL', 'Application_Engineer_Call', 'PathWave_Trial_Request', 'PathWave_Trial_Request', 'Keysight_Workshop_RF_Testing', 'No_Conversion']",0
L008121,,,,Europe,Automotive Ethernet,Sales Outreach,['Customer'],1
L008122,Chen Williams,NXP Semiconductors GmbH,Electronics,LATAM,Automotive Ethernet,LinkedIn,"['PathWave_Trial_Request', 'Lab_Integration_Discussion', 'Whitepaper_Download_5G_Test', 'LinkedIn_Ad_Click', 'Customer']",1
L008123,Ravi Ito,,,APAC,5G Testbeds,Webinar,"['PathWave_Trial_Request', 'Lab_Integration_Discussion', 'Loaner_Unit_Evaluation', 'Customer']",1
L008124,Hiroshi Tanaka,Sony,Aerospace,APAC,,LinkedIn,"['Opportunity', 'Loaner_Unit_Evaluation', 'PathWave_Trial_Request', 'AutoSens_Tech_Talk', 'Opportunity', 'Technical_Demo', 'Website_Product_Page', 'Oscilloscope_Selector_Tool', 'Application_Engineer_Call', 'LinkedIn_Ad_Click', 'No_Conversion']",0
L008125,,Samsu_Tech,Electronics,Europe,PathWave Software,Email Campaign,"['Lab_Integration_Discussion', 'Whitepaper_Download_5G_Test', 'Application_Engineer_Call', 'Opportunity', 'Keysight_University_Course', 'PathWave_Trial_Request', 'No_Conversion']",0
L008126,Michael Williams,,Automotive,,PathWave Software,Webinar,"['IMS_Badge_Scan', 'PathWave_Trial_Request', 'MQL', 'Keysight_University_Course', 'Application_Engineer_Call', 'No_Conversion']",0
L008127,Sofia Khan,,,,5G Testbeds,Sales Outreach,"['Opportunity', 'LinkedIn_Ad_Click', 'DesignCon_Booth_Visit', 'No_Conversion']",0
L008128,Kenji Garcia,,Electronics,North America,Oscilloscopes,,"['Website_Product_Page', 'IMS_Badge_Scan', 'Customer']",1
L008129,Ahmed Lee,NXP Semiconductors GmbH,Automotive,LATAM,Oscilloscopes,Website,"['AutoSens_Tech_Talk', 'Keysight_University_Course', 'Loaner_Unit_Evaluation', 'Website_Product_Page', 'Customer']",1
L008130,Chen Williams,Infin_Tech,,APAC,5G Testbeds,Website,"['Application_Engineer_Call', 'Customer']",1
L008131,Ravi Anders,Sony GmbH,Telecom,APAC,,Event,['Customer'],1
L008132,,Qualcomm,Automotive,North America,Automotive Ethernet,,['Customer'],1
L008133,Daniel Johnson,,,APAC,5G Testbeds,Event,['Customer'],1
L008134,Hiroshi Singh,Qualcomm GmbH,,North America,Oscilloscopes,,"['Website_Product_Page', 'Customer']",1
L008135,,Broad_Tech,,APAC,PathWave Software,,"['Website_Product_Page', 'SQL', 'Website_Product_Page', 'DesignCon_Booth_Visit', 'AutoSens_Tech_Talk', 'Customer']",1
L008136,Daniel Anders,,Electronics,,,Website,"['DesignCon_Booth_Visit', 'SQL', 'Customer']",1
L008137,Maria Patel,,,,PathWave Software,,"['MQL', 'Customer']",1
L008138,,Meta Connectivity Labs GmbH,Electronics,Europe,,,"['PathWave_Trial_Request', 'Whitepaper_Download_5G_Test', 'Website_Product_Page', 'No_Conversion']",0
L008139,Ravi Garcia,Tesla Energy GmbH,Automotive,Europe,Oscilloscopes,Webinar,"['AutoSens_Tech_Talk', 'Keysight_Workshop_RF_Testing', 'Keysight_University_Course', 'DesignCon_Booth_Visit', 'AutoSens_Tech_Talk', 'No_Conversion']",0
L008140,Ravi Anders,Sony GmbH,Telecom,North America,PathWave Software,Sales Outreach,"['LinkedIn_Ad_Click', 'Opportunity', 'Lab_Integration_Discussion', 'DesignCon_Booth_Visit', 'Keysight_University_Course', 'IMS_Badge_Scan', 'Keysight_University_Course', 'LinkedIn_Ad_Click', 'Customer']",1
L008141,Michael Khan,,Electronics,Europe,,Email Campaign,"['Website_Product_Page', 'MQL', 'IMS_Badge_Scan', 'Opportunity', 'Oscilloscope_Selector_Tool', 'Customer']",1
L008142,Sarah Ito,Broadcom,Semiconductor,North America,Automotive Ethernet,Event,"['Lab_Integration_Discussion', 'Whitepaper_Download_5G_Test', 'PathWave_Trial_Request', 'Opportunity', 'SQL', 'SQL', 'Customer']",1
L008143,Priya Ito,Qualc_Tech,,LATAM,Oscilloscopes,Sales Outreach,"['PathWave_Trial_Request', 'No_Conversion']",0
L008144,,Qualcomm GmbH,Electronics,LATAM,Oscilloscopes,LinkedIn,"['Oscilloscope_Selector_Tool', 'Customer']",1
L008145,Ravi Garcia,Infineon GmbH,,,,Website,"['Technical_Demo', 'SQL', 'LinkedIn_Ad_Click', 'Keysight_University_Course', 'Opportunity', 'PathWave_Trial_Request', 'Oscilloscope_Selector_Tool', 'Keysight_Workshop_RF_Testing', 'Customer']",1
L008146,Kenji Ito,Sony GmbH,Electronics,Europe,,Email Campaign,"['AutoSens_Tech_Talk', 'Lab_Integration_Discussion', 'LinkedIn_Ad_Click', 'Customer']",1
L008147,Kenji Patel,Meta Connectivity Labs,Semiconductor,Europe,,Sales Outreach,"['Application_Engineer_Call', 'AutoSens_Tech_Talk', 'SQL', 'Keysight_Workshop_RF_Testing', 'Keysight_Workshop_RF_Testing', 'No_Conversion']",0
L008148,Daniel Chen,Sony_Tech,,,PathWave Software,Website,"['Technical_Demo', 'PathWave_Trial_Request', 'Lab_Integration_Discussion', 'Whitepaper_Download_5G_Test', 'IMS_Badge_Scan', 'Customer']",1
L008149,Hiroshi Johnson,Sony,Automotive,,Oscilloscopes,LinkedIn,"['Application_Engineer_Call', 'PathWave_Trial_Request', 'IMS_Badge_Scan', 'No_Conversion']",0
L008150,Chen Khan,,,Europe,PathWave Software,,"['PathWave_Trial_Request', 'Customer']",1
L008151,Ravi Johnson,Infineon GmbH,Automotive,Europe,,Sales Outreach,"['Keysight_University_Course', 'IMS_Badge_Scan', 'Customer']",1
L008152,Ahmed Martinez,Sony,Electronics,Europe,Automotive Ethernet,Website,"['SQL', 'MQL', 'Loaner_Unit_Evaluation', 'MQL', 'LinkedIn_Ad_Click', 'Keysight_University_Course', 'No_Conversion']",0
L008153,Ahmed Patel,,Automotive,,Oscilloscopes,Event,"['Oscilloscope_Selector_Tool', 'Customer']",1
L008154,Laura Patel,Meta Connectivity Labs,,APAC,PathWave Software,Event,"['DesignCon_Booth_Visit', 'Oscilloscope_Selector_Tool', 'Application_Engineer_Call', 'LinkedIn_Ad_Click', 'Customer']",1
L008155,Laura Patel,Samsung Electronics GmbH,Automotive,APAC,Oscilloscopes,LinkedIn,"['LinkedIn_Ad_Click', 'Lab_Integration_Discussion', 'Keysight_University_Course', 'DesignCon_Booth_Visit', 'MQL', 'MQL', 'No_Conversion']",0
L008156,Hiroshi Martinez,Raytheon GmbH,,LATAM,5G Testbeds,,"['AutoSens_Tech_Talk', 'Customer']",1
L008157,,,Electronics,Europe,Oscilloscopes,Email Campaign,"['Technical_Demo', 'Keysight_University_Course', 'Customer']",1
L008158,Ravi Chen,Bosch GmbH,Semiconductor,North America,5G Testbeds,,"['Website_Product_Page', 'Customer']",1
L008159,,Bosch_Tech,Electronics,Europe,,Sales Outreach,"['Oscilloscope_Selector_Tool', 'Application_Engineer_Call', 'Loaner_Unit_Evaluation', 'Customer']",1
L008160,Priya Garcia,Meta Connectivity Labs GmbH,,Europe,PathWave Software,Website,"['Application_Engineer_Call', 'LinkedIn_Ad_Click', 'SQL', 'Loaner_Unit_Evaluation', 'Keysight_Workshop_RF_Testing', 'MQL', 'No_Conversion']",0
L008161,Hiroshi Anders,Rayth_Tech,,Europe,,Website,"['Keysight_University_Course', 'PathWave_Trial_Request', 'Application_Engineer_Call', 'Loaner_Unit_Evaluation', 'Website_Product_Page', 'MQL', 'Application_Engineer_Call', 'No_Conversion']",0
L008162,Michael Patel,Broad_Tech,Semiconductor,APAC,Automotive Ethernet,Event,"['Loaner_Unit_Evaluation', 'Application_Engineer_Call', 'MQL', 'Keysight_Workshop_RF_Testing', 'No_Conversion']",0
L008163,Chen Martinez,,Aerospace,,Automotive Ethernet,Sales Outreach,"['Keysight_Workshop_RF_Testing', 'MQL', 'IMS_Badge_Scan', 'No_Conversion']",0
L008164,Hiroshi Garcia,Bosch_Tech,Electronics,,5G Testbeds,LinkedIn,"['Whitepaper_Download_5G_Test', 'SQL', 'Keysight_University_Course', 'Keysight_University_Course', 'LinkedIn_Ad_Click', 'SQL', 'Loaner_Unit_Evaluation', 'Lab_Integration_Discussion', 'PathWave_Trial_Request', 'Customer']",1
L008165,Kenji Martinez,Bosch_Tech,Automotive,North America,Automotive Ethernet,Webinar,"['Oscilloscope_Selector_Tool', 'Customer']",1
L008166,Sofia Tanaka,Broadcom GmbH,Telecom,North America,5G Testbeds,LinkedIn,"['AutoSens_Tech_Talk', 'LinkedIn_Ad_Click', 'Customer']",1
L008167,Sofia Anders,Rayth_Tech,,,PathWave Software,Event,"['Oscilloscope_Selector_Tool', 'MQL', 'Oscilloscope_Selector_Tool', 'Oscilloscope_Selector_Tool', 'Lab_Integration_Discussion', 'Opportunity', 'Application_Engineer_Call', 'Customer']",1
L008168,Sofia Johnson,Broad_Tech,Semiconductor,,,Sales Outreach,"['Lab_Integration_Discussion', 'Lab_Integration_Discussion', 'No_Conversion']",0
L008169,Daniel Singh,,,,5G Testbeds,Sales Outreach,"['Application_Engineer_Call', 'Lab_Integration_Discussion', 'Keysight_Workshop_RF_Testing', 'Loaner_Unit_Evaluation', 'Customer']",1
L008170,Daniel Garcia,Bosch,Electronics,Europe,5G Testbeds,,"['PathWave_Trial_Request', 'PathWave_Trial_Request', 'Keysight_Workshop_RF_Testing', 'Loaner_Unit_Evaluation', 'Keysight_Workshop_RF_Testing', 'SQL', 'No_Conversion']",0
L008171,Laura Martinez,Sony_Tech,Semiconductor,North America,Oscilloscopes,Website,"['Website_Product_Page', 'Keysight_University_Course', 'Lab_Integration_Discussion', 'Customer']",1
L008172,Kenji Garcia,Broad_Tech,Telecom,Europe,PathWave Software,LinkedIn,"['Application_Engineer_Call', 'Customer']",1
L008173,Ravi Khan,Raytheon GmbH,,North America,Automotive Ethernet,,"['LinkedIn_Ad_Click', 'IMS_Badge_Scan', 'Whitepaper_Download_5G_Test', 'No_Conversion']",0
L008174,Ravi Chen,Sony GmbH,Telecom,North America,Oscilloscopes,LinkedIn,"['SQL', 'DesignCon_Booth_Visit', 'Technical_Demo', 'DesignCon_Booth_Visit', 'No_Conversion']",0
L008175,Priya Singh,NXP Semiconductors GmbH,Electronics,APAC,5G Testbeds,Website,"['Oscilloscope_Selector_Tool', 'Keysight_Workshop_RF_Testing', 'Keysight_University_Course', 'Customer']",1
L008176,Chen Garcia,,Semiconductor,,Oscilloscopes,Sales Outreach,"['Technical_Demo', 'Technical_Demo', 'Customer']",1
L008177,Kenji Singh,Broadcom GmbH,,LATAM,,,"['Lab_Integration_Discussion', 'Oscilloscope_Selector_Tool', 'Application_Engineer_Call', 'Keysight_Workshop_RF_Testing', 'Keysight_University_Course', 'Customer']",1
L008178,,,,APAC,Oscilloscopes,Email Campaign,"['Keysight_Workshop_RF_Testing', 'No_Conversion']",0
L008179,Michael Williams,,Telecom,North America,,Webinar,"['SQL', 'LinkedIn_Ad_Click', 'Loaner_Unit_Evaluation', 'Oscilloscope_Selector_Tool', 'No_Conversion']",0
L008180,Ahmed Johnson,Rayth_Tech,Semiconductor,,Automotive Ethernet,Webinar,"['Whitepaper_Download_5G_Test', 'Customer']",1
L008181,Hiroshi Martinez,,Telecom,Europe,,Website,"['Keysight_University_Course', 'Application_Engineer_Call', 'IMS_Badge_Scan', 'Opportunity', 'Whitepaper_Download_5G_Test', 'Customer']",1
L008182,Laura Garcia,Meta Connectivity Labs GmbH,Automotive,Europe,Automotive Ethernet,Sales Outreach,"['Lab_Integration_Discussion', 'Website_Product_Page', 'Customer']",1
L008183,Chen Tanaka,Qualcomm,,,,,"['PathWave_Trial_Request', 'Keysight_University_Course', 'No_Conversion']",0
L008184,Daniel Singh,NXP Semiconductors GmbH,Semiconductor,,Oscilloscopes,LinkedIn,"['Loaner_Unit_Evaluation', 'Keysight_Workshop_RF_Testing', 'MQL', 'AutoSens_Tech_Talk', 'Keysight_Workshop_RF_Testing', 'Customer']",1
L008185,Daniel Johnson,,,,,Website,"['Keysight_Workshop_RF_Testing', 'Technical_Demo', 'AutoSens_Tech_Talk', 'Application_Engineer_Call', 'Keysight_Workshop_RF_Testing', 'Customer']",1
L008186,Priya Ito,Raytheon GmbH,Telecom,,Automotive Ethernet,Website,"['AutoSens_Tech_Talk', 'Customer']",1
L008187,Sarah Johnson,Meta Connectivity Labs GmbH,,APAC,Automotive Ethernet,LinkedIn,"['LinkedIn_Ad_Click', 'Technical_Demo', 'IMS_Badge_Scan', 'Website_Product_Page', 'Keysight_Workshop_RF_Testing', 'Loaner_Unit_Evaluation', 'Opportunity', 'LinkedIn_Ad_Click', 'No_Conversion']",0
L008188,Ahmed Tanaka,Meta Connectivity Labs,,Europe,Oscilloscopes,Website,"['DesignCon_Booth_Visit', 'SQL', 'Application_Engineer_Call', 'No_Conversion']",0
L008189,Michael Tanaka,Sony GmbH,Telecom,APAC,Automotive Ethernet,Webinar,"['Technical_Demo', 'Opportunity', 'Application_Engineer_Call', 'LinkedIn_Ad_Click', 'No_Conversion']",0
L008190,Ahmed Johnson,Sony GmbH,Electronics,North America,,,"['Application_Engineer_Call', 'Customer']",1
L008191,Michael Tanaka,Raytheon,,APAC,PathWave Software,Sales Outreach,"['PathWave_Trial_Request', 'SQL', 'Keysight_University_Course', 'Loaner_Unit_Evaluation', 'Lab_Integration_Discussion', 'No_Conversion']",0
L008192,Daniel Patel,Tesla Energy GmbH,Aerospace,Europe,Oscilloscopes,Webinar,"['Application_Engineer_Call', 'SQL', 'LinkedIn_Ad_Click', 'Whitepaper_Download_5G_Test', 'Opportunity', 'No_Conversion']",0
L008193,,Qualcomm GmbH,Electronics,LATAM,,Email Campaign,"['SQL', 'Application_Engineer_Call', 'No_Conversion']",0
L008194,Maria Tanaka,,Electronics,APAC,Oscilloscopes,Event,['No_Conversion'],0
L008195,Michael Singh,Qualc_Tech,Semiconductor,Europe,PathWave Software,Website,"['Opportunity', 'Loaner_Unit_Evaluation', 'Website_Product_Page', 'PathWave_Trial_Request', 'No_Conversion']",0
L008196,Priya Anders,,,,5G Testbeds,Sales Outreach,"['Oscilloscope_Selector_Tool', 'LinkedIn_Ad_Click', 'No_Conversion']",0
L008197,Maria Martinez,,Semiconductor,APAC,Automotive Ethernet,Email Campaign,['No_Conversion'],0
L008198,Michael Khan,,,North America,,Website,"['Technical_Demo', 'IMS_Badge_Scan', 'Technical_Demo', 'SQL', 'No_Conversion']",0
L008199,,,Electronics,North America,,LinkedIn,"['LinkedIn_Ad_Click', 'Application_Engineer_Call', 'Keysight_University_Course', 'IMS_Badge_Scan', 'Customer']",1
L008200,Ravi Singh,,Semiconductor,North America,PathWave Software,Email Campaign,"['Whitepaper_Download_5G_Test', 'Opportunity', 'Application_Engineer_Call', 'Technical_Demo', 'Loaner_Unit_Evaluation', 'Whitepaper_Download_5G_Test', 'LinkedIn_Ad_Click', 'Keysight_University_Course', 'No_Conversion']",0
L008201,Ravi Garcia,NXP Semiconductors,Telecom,North America,5G Testbeds,LinkedIn,"['Oscilloscope_Selector_Tool', 'AutoSens_Tech_Talk', 'PathWave_Trial_Request', 'PathWave_Trial_Request', 'AutoSens_Tech_Talk', 'Keysight_University_Course', 'Keysight_Workshop_RF_Testing', 'Opportunity', 'Technical_Demo', 'AutoSens_Tech_Talk', 'No_Conversion']",0
L008202,Chen Lee,,,APAC,Oscilloscopes,LinkedIn,"['Whitepaper_Download_5G_Test', 'Application_Engineer_Call', 'DesignCon_Booth_Visit', 'Website_Product_Page', 'No_Conversion']",0
L008203,Ravi Patel,,Semiconductor,North America,,Event,"['Whitepaper_Download_5G_Test', 'Lab_Integration_Discussion', 'DesignCon_Booth_Visit', 'Website_Product_Page', 'Whitepaper_Download_5G_Test', 'LinkedIn_Ad_Click', 'Customer']",1
L008204,Chen Martinez,Qualcomm GmbH,,LATAM,,Email Campaign,"['Opportunity', 'Opportunity', 'Website_Product_Page', 'AutoSens_Tech_Talk', 'Website_Product_Page', 'Loaner_Unit_Evaluation', 'Keysight_Workshop_RF_Testing', 'No_Conversion']",0
L008205,Hiroshi Chen,Rayth_Tech,Telecom,LATAM,,LinkedIn,"['Keysight_Workshop_RF_Testing', 'AutoSens_Tech_Talk', 'Lab_Integration_Discussion', 'Keysight_Workshop_RF_Testing', 'AutoSens_Tech_Talk', 'Customer']",1
L008206,Maria Khan,Infin_Tech,Aerospace,,Oscilloscopes,,"['MQL', 'Application_Engineer_Call', 'Website_Product_Page', 'Customer']",1
L008207,Sofia Ito,,Telecom,North America,Automotive Ethernet,,"['Whitepaper_Download_5G_Test', 'Loaner_Unit_Evaluation', 'AutoSens_Tech_Talk', 'Customer']",1
L008208,Priya Lee,,Semiconductor,LATAM,,LinkedIn,"['Application_Engineer_Call', 'AutoSens_Tech_Talk', 'Oscilloscope_Selector_Tool', 'Customer']",1
L008209,Ahmed Johnson,Rayth_Tech,,APAC,,Email Campaign,"['Technical_Demo', 'Lab_Integration_Discussion', 'No_Conversion']",0
L008210,Priya Patel,Bosch GmbH,,North America,PathWave Software,Website,"['PathWave_Trial_Request', 'IMS_Badge_Scan', 'No_Conversion']",0
L008211,Priya Anders,Qualcomm GmbH,Aerospace,,PathWave Software,Website,"['Website_Product_Page', 'DesignCon_Booth_Visit', 'No_Conversion']",0
L008212,Hiroshi Patel,Bosch GmbH,,,PathWave Software,Sales Outreach,"['IMS_Badge_Scan', 'Website_Product_Page', 'Technical_Demo', 'PathWave_Trial_Request', 'Loaner_Unit_Evaluation', 'PathWave_Trial_Request', 'Keysight_Workshop_RF_Testing', 'Whitepaper_Download_5G_Test', 'Customer']",1
L008213,Chen Singh,,Telecom,LATAM,PathWave Software,LinkedIn,"['PathWave_Trial_Request', 'Lab_Integration_Discussion', 'DesignCon_Booth_Visit', 'Whitepaper_Download_5G_Test', 'Whitepaper_Download_5G_Test', 'Loaner_Unit_Evaluation', 'PathWave_Trial_Request', 'Lab_Integration_Discussion', 'Customer']",1
L008214,Ravi Johnson,,Automotive,APAC,,Webinar,"['AutoSens_Tech_Talk', 'Customer']",1
L008215,Sofia Garcia,Infin_Tech,Semiconductor,APAC,,,"['Loaner_Unit_Evaluation', 'SQL', 'Opportunity', 'Customer']",1
L008216,Maria Garcia,Samsung Electronics GmbH,,,,Sales Outreach,['No_Conversion'],0
L008217,,Qualcomm GmbH,Telecom,Europe,5G Testbeds,Webinar,"['Lab_Integration_Discussion', 'Website_Product_Page', 'Technical_Demo', 'IMS_Badge_Scan', 'Application_Engineer_Call', 'Customer']",1
L008218,Priya Tanaka,NXPSe_Tech,,APAC,Automotive Ethernet,LinkedIn,"['Lab_Integration_Discussion', 'Website_Product_Page', 'Customer']",1
L008219,Ahmed Anders,Qualcomm,Automotive,,5G Testbeds,Website,"['PathWave_Trial_Request', 'Opportunity', 'IMS_Badge_Scan', 'Keysight_University_Course', 'No_Conversion']",0
L008220,Laura Tanaka,Samsung Electronics GmbH,,,PathWave Software,,"['Website_Product_Page', 'Keysight_University_Course', 'Technical_Demo', 'Keysight_University_Course', 'Website_Product_Page', 'Oscilloscope_Selector_Tool', 'IMS_Badge_Scan', 'No_Conversion']",0
L008221,Ravi Singh,Bosch,Electronics,APAC,5G Testbeds,,"['IMS_Badge_Scan', 'Whitepaper_Download_5G_Test', 'No_Conversion']",0
L008222,Daniel Martinez,Infineon,,North America,5G Testbeds,Sales Outreach,"['Loaner_Unit_Evaluation', 'Oscilloscope_Selector_Tool', 'Keysight_Workshop_RF_Testing', 'IMS_Badge_Scan', 'SQL', 'MQL', 'No_Conversion']",0
L008223,Daniel Anders,,Automotive,North America,PathWave Software,Event,"['Technical_Demo', 'DesignCon_Booth_Visit', 'Loaner_Unit_Evaluation', 'Keysight_University_Course', 'Customer']",1
L008224,Michael Tanaka,Bosch GmbH,Aerospace,LATAM,,,"['Keysight_University_Course', 'Website_Product_Page', 'PathWave_Trial_Request', 'MQL', 'DesignCon_Booth_Visit', 'Customer']",1
L008225,Ravi Williams,Qualcomm GmbH,Automotive,,Oscilloscopes,Email Campaign,"['Opportunity', 'Website_Product_Page', 'Oscilloscope_Selector_Tool', 'Whitepaper_Download_5G_Test', 'DesignCon_Booth_Visit', 'Oscilloscope_Selector_Tool', 'No_Conversion']",0
L008226,Sarah Patel,,,,,Website,"['Oscilloscope_Selector_Tool', 'Customer']",1
L008227,Maria Lee,,Electronics,LATAM,Oscilloscopes,,"['Loaner_Unit_Evaluation', 'LinkedIn_Ad_Click', 'Oscilloscope_Selector_Tool', 'Application_Engineer_Call', 'PathWave_Trial_Request', 'SQL', 'Customer']",1
L008228,Kenji Patel,Infin_Tech,Electronics,LATAM,,Webinar,"['Keysight_University_Course', 'Keysight_University_Course', 'Application_Engineer_Call', 'PathWave_Trial_Request', 'Oscilloscope_Selector_Tool', 'PathWave_Trial_Request', 'Lab_Integration_Discussion', 'Loaner_Unit_Evaluation', 'No_Conversion']",0
L008229,Ravi Chen,Samsu_Tech,Semiconductor,APAC,PathWave Software,,"['Application_Engineer_Call', 'MQL', 'Keysight_Workshop_RF_Testing', 'Customer']",1
L008230,Ahmed Patel,Sony_Tech,,LATAM,Oscilloscopes,Sales Outreach,"['Whitepaper_Download_5G_Test', 'Technical_Demo', 'LinkedIn_Ad_Click', 'Oscilloscope_Selector_Tool', 'SQL', 'No_Conversion']",0
L008231,Chen Khan,,Aerospace,,Automotive Ethernet,LinkedIn,"['Oscilloscope_Selector_Tool', 'PathWave_Trial_Request', 'Opportunity', 'PathWave_Trial_Request', 'Customer']",1
L008232,Sofia Ito,NXP Semiconductors GmbH,,Europe,Automotive Ethernet,Email Campaign,"['Application_Engineer_Call', 'Website_Product_Page', 'Customer']",1
L008233,Priya Garcia,,Aerospace,North America,PathWave Software,Website,"['Keysight_Workshop_RF_Testing', 'IMS_Badge_Scan', 'Keysight_University_Course', 'No_Conversion']",0
L008234,Priya Chen,,,APAC,,,"['SQL', 'AutoSens_Tech_Talk', 'Lab_Integration_Discussion', 'Lab_Integration_Discussion', 'IMS_Badge_Scan', 'Loaner_Unit_Evaluation', 'Customer']",1
L008235,Chen Lee,Rayth_Tech,Automotive,North America,Oscilloscopes,Website,"['IMS_Badge_Scan', 'Website_Product_Page', 'Oscilloscope_Selector_Tool', 'DesignCon_Booth_Visit', 'No_Conversion']",0
L008236,,,,Europe,,,"['Technical_Demo', 'PathWave_Trial_Request', 'Whitepaper_Download_5G_Test', 'No_Conversion']",0
L008237,Hiroshi Martinez,Tesla Energy GmbH,Aerospace,North America,Automotive Ethernet,LinkedIn,"['SQL', 'AutoSens_Tech_Talk', 'No_Conversion']",0
L008238,Ravi Ito,,,APAC,Oscilloscopes,Webinar,"['Oscilloscope_Selector_Tool', 'Opportunity', 'Technical_Demo', 'LinkedIn_Ad_Click', 'LinkedIn_Ad_Click', 'PathWave_Trial_Request', 'Customer']",1
L008239,Priya Lee,NXPSe_Tech,Telecom,Europe,Oscilloscopes,Website,"['Keysight_University_Course', 'Application_Engineer_Call', 'SQL', 'LinkedIn_Ad_Click', 'Opportunity', 'Oscilloscope_Selector_Tool', 'Opportunity', 'No_Conversion']",0
L008240,Chen Williams,,Automotive,APAC,,,"['Lab_Integration_Discussion', 'Loaner_Unit_Evaluation', 'Keysight_Workshop_RF_Testing', 'Keysight_Workshop_RF_Testing', 'Lab_Integration_Discussion', 'Lab_Integration_Discussion', 'Application_Engineer_Call', 'Loaner_Unit_Evaluation', 'Keysight_Workshop_RF_Testing', 'AutoSens_Tech_Talk', 'No_Conversion']",0
L008241,Chen Singh,Samsung Electronics GmbH,Electronics,APAC,5G Testbeds,Event,"['Whitepaper_Download_5G_Test', 'AutoSens_Tech_Talk', 'Website_Product_Page', 'Application_Engineer_Call', 'Opportunity', 'Keysight_University_Course', 'Customer']",1
L008242,Ahmed Khan,Bosch,Telecom,APAC,,Webinar,"['Opportunity', 'No_Conversion']",0
L008243,Sofia Williams,Bosch,,APAC,Oscilloscopes,Sales Outreach,"['IMS_Badge_Scan', 'DesignCon_Booth_Visit', 'Keysight_University_Course', 'MQL', 'No_Conversion']",0
L008244,Hiroshi Singh,Infineon,,LATAM,PathWave Software,Website,['Customer'],1
L008245,Ravi Williams,,Semiconductor,North America,Oscilloscopes,Webinar,"['MQL', 'Lab_Integration_Discussion', 'SQL', 'IMS_Badge_Scan', 'AutoSens_Tech_Talk', 'No_Conversion']",0
L008246,Priya Khan,,,LATAM,Oscilloscopes,Website,"['Application_Engineer_Call', 'Opportunity', 'PathWave_Trial_Request', 'AutoSens_Tech_Talk', 'PathWave_Trial_Request', 'Opportunity', 'No_Conversion']",0
L008247,Laura Patel,Meta Connectivity Labs GmbH,Telecom,North America,PathWave Software,Email Campaign,"['Technical_Demo', 'SQL', 'Customer']",1
L008248,Sarah Garcia,Infineon,,Europe,Automotive Ethernet,Sales Outreach,"['Lab_Integration_Discussion', 'Website_Product_Page', 'Keysight_University_Course', 'LinkedIn_Ad_Click', 'AutoSens_Tech_Talk', 'Keysight_Workshop_RF_Testing', 'LinkedIn_Ad_Click', 'Customer']",1
L008249,Kenji Patel,Broad_Tech,Semiconductor,North America,,Email Campaign,"['Loaner_Unit_Evaluation', 'Lab_Integration_Discussion', 'Customer']",1
L008250,Ravi Williams,Bosch_Tech,Electronics,North America,,Webinar,"['Oscilloscope_Selector_Tool', 'Keysight_Workshop_RF_Testing', 'PathWave_Trial_Request', 'No_Conversion']",0
L008251,Chen Garcia,Bosch GmbH,Semiconductor,Europe,,,"['LinkedIn_Ad_Click', 'Lab_Integration_Discussion', 'MQL', 'Application_Engineer_Call', 'IMS_Badge_Scan', 'AutoSens_Tech_Talk', 'Application_Engineer_Call', 'No_Conversion']",0
L008252,,Sony GmbH,,APAC,Oscilloscopes,Sales Outreach,"['Lab_Integration_Discussion', 'IMS_Badge_Scan', 'Lab_Integration_Discussion', 'AutoSens_Tech_Talk', 'IMS_Badge_Scan', 'PathWave_Trial_Request', 'Technical_Demo', 'No_Conversion']",0
L008253,Priya Patel,,Electronics,,5G Testbeds,LinkedIn,"['Loaner_Unit_Evaluation', 'PathWave_Trial_Request', 'Keysight_University_Course', 'SQL', 'LinkedIn_Ad_Click', 'Keysight_University_Course', 'Oscilloscope_Selector_Tool', 'Customer']",1
L008254,Daniel Martinez,,,APAC,Oscilloscopes,Email Campaign,['No_Conversion'],0
L008255,Hiroshi Khan,Broadcom,Automotive,North America,Oscilloscopes,Sales Outreach,"['LinkedIn_Ad_Click', 'Customer']",1
L008256,Maria Tanaka,,,,Oscilloscopes,Webinar,"['Whitepaper_Download_5G_Test', 'No_Conversion']",0
L008257,Laura Williams,Meta Connectivity Labs GmbH,Semiconductor,,PathWave Software,Website,"['Oscilloscope_Selector_Tool', 'Technical_Demo', 'Technical_Demo', 'AutoSens_Tech_Talk', 'IMS_Badge_Scan', 'Customer']",1
L008258,Hiroshi Anders,Infineon,Semiconductor,APAC,,Webinar,"['Loaner_Unit_Evaluation', 'Keysight_University_Course', 'Oscilloscope_Selector_Tool', 'No_Conversion']",0
L008259,Sofia Tanaka,Infineon GmbH,Automotive,APAC,,Email Campaign,['Customer'],1
L008260,,Meta Connectivity Labs GmbH,Aerospace,North America,PathWave Software,Event,"['SQL', 'Website_Product_Page', 'PathWave_Trial_Request', 'Whitepaper_Download_5G_Test', 'PathWave_Trial_Request', 'SQL', 'Customer']",1
L008261,Daniel Khan,Qualc_Tech,,North America,,Event,"['Website_Product_Page', 'AutoSens_Tech_Talk', 'PathWave_Trial_Request', 'AutoSens_Tech_Talk', 'PathWave_Trial_Request', 'Whitepaper_Download_5G_Test', 'No_Conversion']",0
L008262,Michael Johnson,,Automotive,LATAM,5G Testbeds,LinkedIn,"['Lab_Integration_Discussion', 'LinkedIn_Ad_Click', 'PathWave_Trial_Request', 'Keysight_Workshop_RF_Testing', 'SQL', 'Keysight_Workshop_RF_Testing', 'No_Conversion']",0
L008263,Sarah Ito,,,APAC,Oscilloscopes,Email Campaign,"['DesignCon_Booth_Visit', 'LinkedIn_Ad_Click', 'Whitepaper_Download_5G_Test', 'PathWave_Trial_Request', 'No_Conversion']",0
L008264,Daniel Chen,Tesla Energy,Semiconductor,Europe,,Webinar,['Customer'],1
L008265,Laura Williams,Bosch,Semiconductor,APAC,PathWave Software,,"['IMS_Badge_Scan', 'Oscilloscope_Selector_Tool', 'Oscilloscope_Selector_Tool', 'No_Conversion']",0
L008266,Priya Johnson,Broadcom,,,Oscilloscopes,Website,"['Oscilloscope_Selector_Tool', 'Whitepaper_Download_5G_Test', 'Technical_Demo', 'Application_Engineer_Call', 'MQL', 'Technical_Demo', 'Customer']",1
L008267,Hiroshi Tanaka,MetaC_Tech,,,,Website,"['DesignCon_Booth_Visit', 'Loaner_Unit_Evaluation', 'Technical_Demo', 'SQL', 'Customer']",1
L008268,Ahmed Garcia,Bosch_Tech,Electronics,LATAM,PathWave Software,Website,"['Keysight_University_Course', 'SQL', 'DesignCon_Booth_Visit', 'Technical_Demo', 'Technical_Demo', 'Lab_Integration_Discussion', 'Customer']",1
L008269,,,Telecom,APAC,,LinkedIn,"['DesignCon_Booth_Visit', 'Application_Engineer_Call', 'Opportunity', 'MQL', 'Opportunity', 'LinkedIn_Ad_Click', 'AutoSens_Tech_Talk', 'Technical_Demo', 'Customer']",1
L008270,Sarah Anders,Broad_Tech,Automotive,APAC,,Webinar,"['Loaner_Unit_Evaluation', 'Whitepaper_Download_5G_Test', 'Oscilloscope_Selector_Tool', 'Customer']",1
L008271,Laura Garcia,Tesla Energy GmbH,Semiconductor,LATAM,,Event,"['Whitepaper_Download_5G_Test', 'DesignCon_Booth_Visit', 'MQL', 'Customer']",1
L008272,,Raytheon GmbH,,North America,Automotive Ethernet,,"['PathWave_Trial_Request', 'MQL', 'Application_Engineer_Call', 'Website_Product_Page', 'PathWave_Trial_Request', 'Keysight_Workshop_RF_Testing', 'Customer']",1
L008273,Maria Patel,Bosch_Tech,,APAC,Automotive Ethernet,Website,"['Keysight_University_Course', 'No_Conversion']",0
L008274,Sarah Patel,Infin_Tech,Automotive,North America,,Website,"['Keysight_Workshop_RF_Testing', 'Whitepaper_Download_5G_Test', 'PathWave_Trial_Request', 'PathWave_Trial_Request', 'SQL', 'No_Conversion']",0
L008275,,Broadcom,Semiconductor,Europe,PathWave Software,Sales Outreach,"['Application_Engineer_Call', 'No_Conversion']",0
L008276,Ravi Khan,Tesla_Tech,,APAC,,Website,"['Application_Engineer_Call', 'IMS_Badge_Scan', 'Lab_Integration_Discussion', 'Website_Product_Page', 'MQL', 'LinkedIn_Ad_Click', 'Website_Product_Page', 'Customer']",1
L008277,Laura Tanaka,Samsu_Tech,Aerospace,North America,PathWave Software,,"['Technical_Demo', 'Technical_Demo', 'Loaner_Unit_Evaluation', 'Whitepaper_Download_5G_Test', 'Keysight_University_Course', 'LinkedIn_Ad_Click', 'Website_Product_Page', 'Opportunity', 'Customer']",1
L008278,,Bosch_Tech,Aerospace,APAC,Oscilloscopes,Sales Outreach,"['AutoSens_Tech_Talk', 'IMS_Badge_Scan', 'Loaner_Unit_Evaluation', 'DesignCon_Booth_Visit', 'Oscilloscope_Selector_Tool', 'IMS_Badge_Scan', 'Technical_Demo', 'IMS_Badge_Scan', 'Customer']",1
L008279,,,Automotive,LATAM,5G Testbeds,Website,"['Keysight_Workshop_RF_Testing', 'Loaner_Unit_Evaluation', 'LinkedIn_Ad_Click', 'PathWave_Trial_Request', 'MQL', 'Customer']",1
L008280,Ravi Garcia,Meta Connectivity Labs GmbH,Telecom,APAC,,,"['Website_Product_Page', 'MQL', 'MQL', 'Customer']",1
L008281,Ahmed Lee,,Aerospace,APAC,,Website,"['IMS_Badge_Scan', 'Application_Engineer_Call', 'Technical_Demo', 'LinkedIn_Ad_Click', 'Keysight_Workshop_RF_Testing', 'LinkedIn_Ad_Click', 'Customer']",1
L008282,Ahmed Chen,,Telecom,North America,Automotive Ethernet,Email Campaign,"['MQL', 'AutoSens_Tech_Talk', 'AutoSens_Tech_Talk', 'Loaner_Unit_Evaluation', 'IMS_Badge_Scan', 'No_Conversion']",0
L008283,Daniel Johnson,,Semiconductor,North America,Automotive Ethernet,Website,"['Loaner_Unit_Evaluation', 'DesignCon_Booth_Visit', 'PathWave_Trial_Request', 'DesignCon_Booth_Visit', 'Keysight_Workshop_RF_Testing', 'Whitepaper_Download_5G_Test', 'Loaner_Unit_Evaluation', 'Customer']",1
L008284,Chen Ito,Meta Connectivity Labs,Electronics,North America,5G Testbeds,Webinar,"['Technical_Demo', 'Website_Product_Page', 'LinkedIn_Ad_Click', 'DesignCon_Booth_Visit', 'Website_Product_Page', 'Keysight_University_Course', 'No_Conversion']",0
L008285,Maria Singh,Bosch,,APAC,,LinkedIn,"['MQL', 'Oscilloscope_Selector_Tool', 'Whitepaper_Download_5G_Test', 'Lab_Integration_Discussion', 'Customer']",1
L008286,Laura Lee,Bosch,,,Automotive Ethernet,Website,"['Technical_Demo', 'IMS_Badge_Scan', 'Oscilloscope_Selector_Tool', 'Customer']",1
L008287,,NXP Semiconductors,,North America,Automotive Ethernet,Event,"['Application_Engineer_Call', 'LinkedIn_Ad_Click', 'AutoSens_Tech_Talk', 'SQL', 'Technical_Demo', 'AutoSens_Tech_Talk', 'Customer']",1
L008288,Daniel Martinez,NXP Semiconductors,,LATAM,,Webinar,"['Lab_Integration_Discussion', 'DesignCon_Booth_Visit', 'IMS_Badge_Scan', 'Customer']",1
L008289,Sarah Ito,Tesla_Tech,Electronics,North America,Oscilloscopes,Sales Outreach,"['DesignCon_Booth_Visit', 'Application_Engineer_Call', 'Keysight_University_Course', 'No_Conversion']",0
L008290,Ravi Williams,Qualcomm GmbH,,North America,Oscilloscopes,Website,"['PathWave_Trial_Request', 'Technical_Demo', 'Whitepaper_Download_5G_Test', 'MQL', 'Application_Engineer_Call', 'Keysight_Workshop_RF_Testing', 'Customer']",1
L008291,Chen Ito,Sony,Aerospace,LATAM,Oscilloscopes,LinkedIn,['No_Conversion'],0
L008292,Ravi Anders,,,LATAM,5G Testbeds,Webinar,"['MQL', 'Customer']",1
L008293,Daniel Ito,Qualcomm GmbH,Telecom,North America,PathWave Software,,"['Keysight_Workshop_RF_Testing', 'Customer']",1
L008294,Michael Garcia,,Aerospace,,5G Testbeds,,"['Website_Product_Page', 'Keysight_Workshop_RF_Testing', 'Whitepaper_Download_5G_Test', 'Whitepaper_Download_5G_Test', 'IMS_Badge_Scan', 'No_Conversion']",0
L008295,Priya Martinez,NXPSe_Tech,Semiconductor,LATAM,,Webinar,['Customer'],1
L008296,Daniel Williams,,Semiconductor,,,Sales Outreach,['No_Conversion'],0
L008297,Chen Ito,Sony GmbH,Automotive,North America,,Sales Outreach,"['Loaner_Unit_Evaluation', 'Oscilloscope_Selector_Tool', 'MQL', 'SQL', 'Website_Product_Page', 'Website_Product_Page', 'Website_Product_Page', 'DesignCon_Booth_Visit', 'No_Conversion']",0
L008298,Kenji Anders,,,Europe,,LinkedIn,"['Keysight_University_Course', 'No_Conversion']",0
L008299,Priya Ito,,Electronics,APAC,,Webinar,"['Lab_Integration_Discussion', 'Loaner_Unit_Evaluation', 'Application_Engineer_Call', 'Loaner_Unit_Evaluation', 'Loaner_Unit_Evaluation', 'Customer']",1
L008300,Priya Chen,Tesla_Tech,,North America,Oscilloscopes,Webinar,"['LinkedIn_Ad_Click', 'Keysight_University_Course', 'No_Conversion']",0
L008301,Kenji Garcia,,Aerospace,APAC,Automotive Ethernet,Event,"['Opportunity', 'MQL', 'SQL', 'Customer']",1
L008302,Kenji Ito,Meta Connectivity Labs,Semiconductor,,Automotive Ethernet,Website,['No_Conversion'],0
L008303,Maria Williams,NXP Semiconductors GmbH,,,,LinkedIn,"['Keysight_University_Course', 'AutoSens_Tech_Talk', 'AutoSens_Tech_Talk', 'SQL', 'PathWave_Trial_Request', 'AutoSens_Tech_Talk', 'No_Conversion']",0
L008304,Ahmed Garcia,Qualcomm,Electronics,LATAM,,Website,"['Opportunity', 'Keysight_University_Course', 'Keysight_University_Course', 'Whitepaper_Download_5G_Test', 'SQL', 'No_Conversion']",0
L008305,Kenji Patel,Tesla_Tech,Electronics,APAC,Oscilloscopes,Webinar,"['SQL', 'Application_Engineer_Call', 'Customer']",1
L008306,Michael Khan,NXP Semiconductors GmbH,Automotive,,,LinkedIn,"['SQL', 'Customer']",1
L008307,Daniel Chen,,,North America,Oscilloscopes,Event,"['SQL', 'Opportunity', 'MQL', 'Application_Engineer_Call', 'Oscilloscope_Selector_Tool', 'Customer']",1
L008308,Laura Singh,MetaC_Tech,Semiconductor,North America,5G Testbeds,,"['Keysight_Workshop_RF_Testing', 'Keysight_University_Course', 'IMS_Badge_Scan', 'Customer']",1
L008309,Maria Williams,Qualcomm GmbH,Telecom,North America,,Event,"['Application_Engineer_Call', 'SQL', 'Application_Engineer_Call', 'Opportunity', 'Customer']",1
L008310,Chen Chen,,Aerospace,LATAM,Oscilloscopes,Event,"['Opportunity', 'MQL', 'Application_Engineer_Call', 'Keysight_University_Course', 'Oscilloscope_Selector_Tool', 'MQL', 'Customer']",1
L008311,Maria Johnson,Broadcom,,,Oscilloscopes,Sales Outreach,['No_Conversion'],0
L008312,Daniel Chen,,,Europe,,Sales Outreach,"['Whitepaper_Download_5G_Test', 'Customer']",1
L008313,Ravi Johnson,Raytheon,,,,Sales Outreach,"['IMS_Badge_Scan', 'PathWave_Trial_Request', 'Application_Engineer_Call', 'Application_Engineer_Call', 'SQL', 'DesignCon_Booth_Visit', 'Technical_Demo', 'Customer']",1
L008314,Ahmed Singh,Qualc_Tech,Aerospace,LATAM,5G Testbeds,Email Campaign,"['MQL', 'PathWave_Trial_Request', 'IMS_Badge_Scan', 'Keysight_Workshop_RF_Testing', 'Keysight_University_Course', 'Opportunity', 'No_Conversion']",0
L008315,Daniel Williams,,Electronics,LATAM,5G Testbeds,,"['IMS_Badge_Scan', 'Technical_Demo', 'Opportunity', 'No_Conversion']",0
L008316,Maria Singh,Bosch_Tech,Semiconductor,,5G Testbeds,LinkedIn,"['Opportunity', 'PathWave_Trial_Request', 'Technical_Demo', 'SQL', 'Loaner_Unit_Evaluation', 'Customer']",1
L008317,,Qualcomm GmbH,,,PathWave Software,,"['SQL', 'Lab_Integration_Discussion', 'Lab_Integration_Discussion', 'IMS_Badge_Scan', 'Lab_Integration_Discussion', 'MQL', 'Keysight_Workshop_RF_Testing', 'Keysight_Workshop_RF_Testing', 'Keysight_Workshop_RF_Testing', 'PathWave_Trial_Request', 'No_Conversion']",0
L008318,Laura Lee,,,Europe,Oscilloscopes,Sales Outreach,"['Keysight_University_Course', 'Customer']",1
L008319,Kenji Lee,Tesla Energy,Aerospace,North America,PathWave Software,LinkedIn,"['Keysight_Workshop_RF_Testing', 'Keysight_University_Course', 'MQL', 'No_Conversion']",0
L008320,Kenji Singh,,Automotive,North America,Automotive Ethernet,,"['PathWave_Trial_Request', 'Website_Product_Page', 'No_Conversion']",0
L008321,Kenji Tanaka,Infin_Tech,Telecom,,,LinkedIn,"['Loaner_Unit_Evaluation', 'Website_Product_Page', 'Technical_Demo', 'Keysight_University_Course', 'Technical_Demo', 'Opportunity', 'Application_Engineer_Call', 'Customer']",1
L008322,,NXP Semiconductors GmbH,Automotive,,PathWave Software,Sales Outreach,"['IMS_Badge_Scan', 'Keysight_Workshop_RF_Testing', 'AutoSens_Tech_Talk', 'Whitepaper_Download_5G_Test', 'PathWave_Trial_Request', 'No_Conversion']",0
L008323,Maria Garcia,Raytheon GmbH,Telecom,LATAM,Oscilloscopes,Email Campaign,"['AutoSens_Tech_Talk', 'Application_Engineer_Call', 'DesignCon_Booth_Visit', 'IMS_Badge_Scan', 'Application_Engineer_Call', 'Application_Engineer_Call', 'AutoSens_Tech_Talk', 'AutoSens_Tech_Talk', 'AutoSens_Tech_Talk', 'Customer']",1
L008324,Sarah Tanaka,Qualcomm,,APAC,,,"['Whitepaper_Download_5G_Test', 'SQL', 'IMS_Badge_Scan', 'No_Conversion']",0
L008325,Sarah Ito,Samsu_Tech,Semiconductor,LATAM,,Website,"['Technical_Demo', 'Opportunity', 'Application_Engineer_Call', 'Loaner_Unit_Evaluation', 'Oscilloscope_Selector_Tool', 'Opportunity', 'IMS_Badge_Scan', 'Application_Engineer_Call', 'No_Conversion']",0
L008326,Priya Johnson,Samsung Electronics,Telecom,LATAM,,Event,"['IMS_Badge_Scan', 'Whitepaper_Download_5G_Test', 'MQL', 'AutoSens_Tech_Talk', 'No_Conversion']",0
L008327,Sarah Lee,,Automotive,Europe,PathWave Software,Webinar,"['Oscilloscope_Selector_Tool', 'PathWave_Trial_Request', 'Lab_Integration_Discussion', 'Whitepaper_Download_5G_Test', 'Opportunity', 'Keysight_Workshop_RF_Testing', 'Customer']",1
L008328,Kenji Lee,Qualc_Tech,Automotive,LATAM,Oscilloscopes,Email Campaign,"['MQL', 'PathWave_Trial_Request', 'Website_Product_Page', 'Customer']",1
L008329,Ravi Lee,Meta Connectivity Labs,,APAC,,Email Campaign,"['IMS_Badge_Scan', 'PathWave_Trial_Request', 'LinkedIn_Ad_Click', 'Loaner_Unit_Evaluation', 'Application_Engineer_Call', 'AutoSens_Tech_Talk', 'IMS_Badge_Scan', 'AutoSens_Tech_Talk', 'No_Conversion']",0
L008330,Michael Johnson,Bosch GmbH,Aerospace,LATAM,5G Testbeds,Event,"['Application_Engineer_Call', 'SQL', 'Loaner_Unit_Evaluation', 'Whitepaper_Download_5G_Test', 'DesignCon_Booth_Visit', 'AutoSens_Tech_Talk', 'AutoSens_Tech_Talk', 'Opportunity', 'Website_Product_Page', 'MQL', 'No_Conversion']",0
L008331,Maria Garcia,Qualc_Tech,Semiconductor,,PathWave Software,LinkedIn,"['Lab_Integration_Discussion', 'No_Conversion']",0
L008332,Ahmed Johnson,Broad_Tech,,LATAM,,,"['DesignCon_Booth_Visit', 'Technical_Demo', 'MQL', 'Customer']",1
L008333,Michael Anders,Samsung Electronics,,Europe,5G Testbeds,,"['MQL', 'Oscilloscope_Selector_Tool', 'Opportunity', 'Customer']",1
L008334,Chen Patel,Bosch,,Europe,5G Testbeds,Sales Outreach,"['AutoSens_Tech_Talk', 'Whitepaper_Download_5G_Test', 'DesignCon_Booth_Visit', 'SQL', 'Lab_Integration_Discussion', 'Application_Engineer_Call', 'DesignCon_Booth_Visit', 'No_Conversion']",0
L008335,,Broad_Tech,Automotive,LATAM,Automotive Ethernet,LinkedIn,"['MQL', 'IMS_Badge_Scan', 'No_Conversion']",0
L008336,Chen Johnson,Infineon,Aerospace,LATAM,,Website,"['IMS_Badge_Scan', 'AutoSens_Tech_Talk', 'Technical_Demo', 'No_Conversion']",0
L008337,Ahmed Anders,NXP Semiconductors GmbH,Telecom,Europe,PathWave Software,LinkedIn,['Customer'],1
L008338,Kenji Khan,Samsung Electronics,Electronics,APAC,,Event,"['LinkedIn_Ad_Click', 'Application_Engineer_Call', 'Application_Engineer_Call', 'No_Conversion']",0
L008339,Priya Singh,,Automotive,,,,"['LinkedIn_Ad_Click', 'No_Conversion']",0
L008340,Ravi Patel,Samsu_Tech,Telecom,,,Event,"['Website_Product_Page', 'Lab_Integration_Discussion', 'SQL', 'Customer']",1
L008341,Sarah Martinez,NXP Semiconductors,Electronics,North America,,Sales Outreach,"['Oscilloscope_Selector_Tool', 'Technical_Demo', 'Loaner_Unit_Evaluation', 'Oscilloscope_Selector_Tool', 'Keysight_Workshop_RF_Testing', 'No_Conversion']",0
L008342,Sarah Lee,Qualcomm GmbH,Automotive,Europe,,Webinar,"['SQL', 'Keysight_University_Course', 'No_Conversion']",0
L008343,Sofia Singh,Infineon,Telecom,APAC,PathWave Software,Website,"['DesignCon_Booth_Visit', 'PathWave_Trial_Request', 'DesignCon_Booth_Visit', 'MQL', 'Technical_Demo', 'Application_Engineer_Call', 'Customer']",1
L008344,Michael Anders,Sony,,LATAM,,Event,"['SQL', 'No_Conversion']",0
L008345,,,Electronics,APAC,5G Testbeds,Email Campaign,"['Technical_Demo', 'Opportunity', 'Loaner_Unit_Evaluation', 'Loaner_Unit_Evaluation', 'DesignCon_Booth_Visit', 'AutoSens_Tech_Talk', 'IMS_Badge_Scan', 'Customer']",1
L008346,Priya Williams,Qualcomm,Aerospace,Europe,Automotive Ethernet,Webinar,"['AutoSens_Tech_Talk', 'Keysight_University_Course', 'Opportunity', 'Oscilloscope_Selector_Tool', 'Loaner_Unit_Evaluation', 'LinkedIn_Ad_Click', 'Lab_Integration_Discussion', 'Customer']",1
L008347,Chen Singh,,,LATAM,Oscilloscopes,,"['Technical_Demo', 'Keysight_University_Course', 'Website_Product_Page', 'Customer']",1
L008348,Hiroshi Martinez,Infineon GmbH,Electronics,Europe,5G Testbeds,Sales Outreach,"['SQL', 'Opportunity', 'LinkedIn_Ad_Click', 'Lab_Integration_Discussion', 'No_Conversion']",0
L008349,Sofia Patel,,,APAC,Oscilloscopes,,"['Keysight_University_Course', 'Whitepaper_Download_5G_Test', 'DesignCon_Booth_Visit', 'No_Conversion']",0
L008350,,,Semiconductor,APAC,,,"['Keysight_Workshop_RF_Testing', 'MQL', 'AutoSens_Tech_Talk', 'Keysight_University_Course', 'Lab_Integration_Discussion', 'SQL', 'Whitepaper_Download_5G_Test', 'No_Conversion']",0
L008351,Priya Lee,Meta Connectivity Labs GmbH,Semiconductor,LATAM,Oscilloscopes,LinkedIn,"['Keysight_Workshop_RF_Testing', 'LinkedIn_Ad_Click', 'Keysight_University_Course', 'Website_Product_Page', 'No_Conversion']",0
L008352,Ravi Lee,MetaC_Tech,Automotive,,Oscilloscopes,,"['MQL', 'PathWave_Trial_Request', 'DesignCon_Booth_Visit', 'SQL', 'IMS_Badge_Scan', 'Customer']",1
L008353,Maria Singh,Samsu_Tech,Automotive,APAC,PathWave Software,Website,"['Lab_Integration_Discussion', 'AutoSens_Tech_Talk', 'Keysight_Workshop_RF_Testing', 'DesignCon_Booth_Visit', 'AutoSens_Tech_Talk', 'Application_Engineer_Call', 'Customer']",1
L008354,Ravi Johnson,Raytheon GmbH,,LATAM,PathWave Software,Email Campaign,"['MQL', 'MQL', 'Opportunity', 'MQL', 'Keysight_Workshop_RF_Testing', 'MQL', 'Application_Engineer_Call', 'No_Conversion']",0
L008355,Laura Garcia,MetaC_Tech,,Europe,,Webinar,"['SQL', 'DesignCon_Booth_Visit', 'No_Conversion']",0
L008356,,,Automotive,,,Sales Outreach,"['Website_Product_Page', 'Opportunity', 'DesignCon_Booth_Visit', 'Keysight_University_Course', 'No_Conversion']",0
L008357,Sofia Patel,Qualc_Tech,,North America,PathWave Software,Email Campaign,"['Keysight_Workshop_RF_Testing', 'SQL', 'DesignCon_Booth_Visit', 'MQL', 'Customer']",1
L008358,Sarah Lee,,Automotive,APAC,PathWave Software,Webinar,"['PathWave_Trial_Request', 'Technical_Demo', 'Whitepaper_Download_5G_Test', 'No_Conversion']",0
L008359,Daniel Patel,Sony_Tech,,Europe,5G Testbeds,Sales Outreach,"['Keysight_University_Course', 'LinkedIn_Ad_Click', 'Website_Product_Page', 'Website_Product_Page', 'Customer']",1
L008360,Ravi Khan,Samsu_Tech,Electronics,,5G Testbeds,Website,"['Whitepaper_Download_5G_Test', 'No_Conversion']",0
L008361,Sofia Martinez,,Automotive,,PathWave Software,Email Campaign,['No_Conversion'],0
L008362,Priya Lee,Sony GmbH,,,Automotive Ethernet,Email Campaign,"['Opportunity', 'Whitepaper_Download_5G_Test', 'No_Conversion']",0
L008363,Maria Lee,Samsung Electronics GmbH,Automotive,LATAM,PathWave Software,Event,['No_Conversion'],0
L008364,Sarah Lee,MetaC_Tech,Electronics,LATAM,Oscilloscopes,LinkedIn,"['DesignCon_Booth_Visit', 'IMS_Badge_Scan', 'Loaner_Unit_Evaluation', 'Customer']",1
L008365,,Broadcom GmbH,Electronics,Europe,,LinkedIn,"['Opportunity', 'Whitepaper_Download_5G_Test', 'No_Conversion']",0
L008366,Hiroshi Lee,Meta Connectivity Labs,Electronics,,,,"['Oscilloscope_Selector_Tool', 'Loaner_Unit_Evaluation', 'Keysight_Workshop_RF_Testing', 'Customer']",1
L008367,Laura Anders,Raytheon GmbH,Electronics,APAC,,,"['Keysight_Workshop_RF_Testing', 'Lab_Integration_Discussion', 'Keysight_University_Course', 'Website_Product_Page', 'Keysight_Workshop_RF_Testing', 'LinkedIn_Ad_Click', 'Application_Engineer_Call', 'Keysight_University_Course', 'IMS_Badge_Scan', 'Customer']",1
L008368,Daniel Martinez,Raytheon GmbH,Electronics,North America,PathWave Software,,"['Keysight_University_Course', 'Website_Product_Page', 'Application_Engineer_Call', 'IMS_Badge_Scan', 'No_Conversion']",0
L008369,Chen Tanaka,Meta Connectivity Labs,Aerospace,North America,Oscilloscopes,Event,"['Keysight_University_Course', 'LinkedIn_Ad_Click', 'Opportunity', 'Oscilloscope_Selector_Tool', 'AutoSens_Tech_Talk', 'Customer']",1
L008370,Hiroshi Chen,Bosch,,North America,,Webinar,"['Opportunity', 'MQL', 'SQL', 'No_Conversion']",0
L008371,Michael Lee,Sony_Tech,,,PathWave Software,LinkedIn,"['Application_Engineer_Call', 'Keysight_University_Course', 'Keysight_Workshop_RF_Testing', 'No_Conversion']",0
L008372,Kenji Anders,Meta Connectivity Labs GmbH,Automotive,North America,,Sales Outreach,"['LinkedIn_Ad_Click', 'No_Conversion']",0
L008373,Daniel Chen,Infineon,Automotive,Europe,,Event,"['Loaner_Unit_Evaluation', 'DesignCon_Booth_Visit', 'Loaner_Unit_Evaluation', 'Lab_Integration_Discussion', 'MQL', 'No_Conversion']",0
L008374,Michael Khan,Bosch GmbH,Electronics,North America,5G Testbeds,Webinar,"['Keysight_University_Course', 'Whitepaper_Download_5G_Test', 'Website_Product_Page', 'Lab_Integration_Discussion', 'Lab_Integration_Discussion', 'Lab_Integration_Discussion', 'Lab_Integration_Discussion', 'Technical_Demo', 'Website_Product_Page', 'Customer']",1
L008375,Sofia Johnson,,Semiconductor,LATAM,Automotive Ethernet,Website,"['AutoSens_Tech_Talk', 'No_Conversion']",0
L008376,Chen Tanaka,Meta Connectivity Labs GmbH,Telecom,Europe,Oscilloscopes,,"['AutoSens_Tech_Talk', 'AutoSens_Tech_Talk', 'Whitepaper_Download_5G_Test', 'Application_Engineer_Call', 'Whitepaper_Download_5G_Test', 'No_Conversion']",0
L008377,Priya Patel,Samsu_Tech,Automotive,North America,Automotive Ethernet,Sales Outreach,"['Application_Engineer_Call', 'No_Conversion']",0
L008378,Sofia Anders,Broad_Tech,Electronics,North America,,Website,"['Loaner_Unit_Evaluation', 'Whitepaper_Download_5G_Test', 'LinkedIn_Ad_Click', 'LinkedIn_Ad_Click', 'Application_Engineer_Call', 'Website_Product_Page', 'Whitepaper_Download_5G_Test', 'Website_Product_Page', 'Loaner_Unit_Evaluation', 'No_Conversion']",0
L008379,,NXP Semiconductors,,,Automotive Ethernet,Event,"['Lab_Integration_Discussion', 'DesignCon_Booth_Visit', 'Whitepaper_Download_5G_Test', 'Keysight_University_Course', 'No_Conversion']",0
L008380,,NXP Semiconductors,,Europe,5G Testbeds,Sales Outreach,"['MQL', 'Oscilloscope_Selector_Tool', 'IMS_Badge_Scan', 'Customer']",1
L008381,Daniel Martinez,Samsung Electronics GmbH,Semiconductor,APAC,,Email Campaign,"['Website_Product_Page', 'IMS_Badge_Scan', 'Lab_Integration_Discussion', 'SQL', 'LinkedIn_Ad_Click', 'DesignCon_Booth_Visit', 'No_Conversion']",0
L008382,,,Telecom,APAC,,LinkedIn,"['AutoSens_Tech_Talk', 'LinkedIn_Ad_Click', 'Technical_Demo', 'Technical_Demo', 'DesignCon_Booth_Visit', 'IMS_Badge_Scan', 'Application_Engineer_Call', 'Customer']",1
L008383,Ravi Patel,Meta Connectivity Labs GmbH,Telecom,APAC,PathWave Software,Email Campaign,"['Whitepaper_Download_5G_Test', 'Website_Product_Page', 'SQL', 'Keysight_University_Course', 'Keysight_Workshop_RF_Testing', 'AutoSens_Tech_Talk', 'IMS_Badge_Scan', 'Customer']",1
L008384,Priya Patel,Tesla Energy,Telecom,Europe,Oscilloscopes,LinkedIn,"['Lab_Integration_Discussion', 'Loaner_Unit_Evaluation', 'Technical_Demo', 'SQL', 'Technical_Demo', 'AutoSens_Tech_Talk', 'LinkedIn_Ad_Click', 'IMS_Badge_Scan', 'Customer']",1
L008385,Ahmed Williams,MetaC_Tech,Electronics,LATAM,5G Testbeds,Email Campaign,"['Loaner_Unit_Evaluation', 'Application_Engineer_Call', 'MQL', 'MQL', 'LinkedIn_Ad_Click', 'IMS_Badge_Scan', 'Customer']",1
L008386,Maria Williams,Qualcomm GmbH,Electronics,Europe,,Webinar,"['DesignCon_Booth_Visit', 'LinkedIn_Ad_Click', 'DesignCon_Booth_Visit', 'MQL', 'Keysight_University_Course', 'Website_Product_Page', 'DesignCon_Booth_Visit', 'Lab_Integration_Discussion', 'Loaner_Unit_Evaluation', 'Oscilloscope_Selector_Tool', 'Customer']",1
L008387,Sofia Chen,,Electronics,Europe,Automotive Ethernet,Email Campaign,['Customer'],1
L008388,Maria Khan,Tesla Energy GmbH,Automotive,APAC,Automotive Ethernet,LinkedIn,"['Technical_Demo', 'Application_Engineer_Call', 'No_Conversion']",0
L008389,Laura Tanaka,,Aerospace,Europe,,Webinar,['No_Conversion'],0
L008390,Hiroshi Singh,Sony_Tech,Automotive,Europe,Oscilloscopes,LinkedIn,"['AutoSens_Tech_Talk', 'Whitepaper_Download_5G_Test', 'Oscilloscope_Selector_Tool', 'Loaner_Unit_Evaluation', 'Whitepaper_Download_5G_Test', 'Opportunity', 'MQL', 'No_Conversion']",0
L008391,Maria Tanaka,Bosch GmbH,,Europe,Automotive Ethernet,Webinar,"['IMS_Badge_Scan', 'Customer']",1
L008392,Priya Martinez,Broadcom GmbH,Aerospace,,,Website,"['Lab_Integration_Discussion', 'MQL', 'Loaner_Unit_Evaluation', 'Oscilloscope_Selector_Tool', 'DesignCon_Booth_Visit', 'IMS_Badge_Scan', 'Lab_Integration_Discussion', 'SQL', 'PathWave_Trial_Request', 'No_Conversion']",0
L008393,Maria Ito,Tesla Energy,Aerospace,Europe,PathWave Software,Event,"['Whitepaper_Download_5G_Test', 'Customer']",1
L008394,Daniel Lee,Broadcom,,Europe,,LinkedIn,"['DesignCon_Booth_Visit', 'Customer']",1
L008395,Michael Johnson,Sony GmbH,Electronics,Europe,PathWave Software,Event,"['Loaner_Unit_Evaluation', 'SQL', 'SQL', 'Customer']",1
L008396,Chen Williams,,Electronics,LATAM,,Sales Outreach,"['Lab_Integration_Discussion', 'SQL', 'Loaner_Unit_Evaluation', 'Keysight_Workshop_RF_Testing', 'No_Conversion']",0
L008397,Laura Williams,NXP Semiconductors GmbH,Electronics,Europe,5G Testbeds,Sales Outreach,"['Whitepaper_Download_5G_Test', 'IMS_Badge_Scan', 'Customer']",1
L008398,Kenji Singh,Broadcom,,Europe,Automotive Ethernet,Webinar,"['Keysight_University_Course', 'Technical_Demo', 'PathWave_Trial_Request', 'No_Conversion']",0
L008399,,Infineon GmbH,,North America,Automotive Ethernet,Email Campaign,['Customer'],1
L008400,Ravi Tanaka,Bosch_Tech,Semiconductor,,PathWave Software,Website,"['Website_Product_Page', 'Technical_Demo', 'MQL', 'Lab_Integration_Discussion', 'Keysight_University_Course', 'Customer']",1
L008401,Priya Singh,MetaC_Tech,Telecom,,,Event,"['Keysight_University_Course', 'PathWave_Trial_Request', 'Technical_Demo', 'MQL', 'Customer']",1
L008402,Priya Ito,Sony GmbH,Electronics,APAC,PathWave Software,,"['Website_Product_Page', 'Loaner_Unit_Evaluation', 'PathWave_Trial_Request', 'Customer']",1
L008403,Hiroshi Ito,Meta Connectivity Labs,,Europe,,Sales Outreach,"['Keysight_Workshop_RF_Testing', 'Application_Engineer_Call', 'Application_Engineer_Call', 'Lab_Integration_Discussion', 'PathWave_Trial_Request', 'AutoSens_Tech_Talk', 'Lab_Integration_Discussion', 'Customer']",1
L008404,Sarah Chen,Raytheon GmbH,,Europe,,Sales Outreach,['Customer'],1
L008405,Priya Anders,Sony_Tech,Aerospace,North America,,Sales Outreach,"['LinkedIn_Ad_Click', 'Technical_Demo', 'SQL', 'Whitepaper_Download_5G_Test', 'Website_Product_Page', 'IMS_Badge_Scan', 'No_Conversion']",0
L008406,Daniel Patel,Infin_Tech,,LATAM,Oscilloscopes,LinkedIn,['No_Conversion'],0
L008407,Daniel Ito,Qualcomm GmbH,Aerospace,,Oscilloscopes,Sales Outreach,"['Website_Product_Page', 'Keysight_Workshop_RF_Testing', 'IMS_Badge_Scan', 'No_Conversion']",0
L008408,Sofia Williams,Broad_Tech,,APAC,,LinkedIn,"['IMS_Badge_Scan', 'Website_Product_Page', 'IMS_Badge_Scan', 'LinkedIn_Ad_Click', 'Customer']",1
L008409,Ahmed Patel,NXPSe_Tech,Automotive,Europe,5G Testbeds,LinkedIn,"['Whitepaper_Download_5G_Test', 'SQL', 'Opportunity', 'Whitepaper_Download_5G_Test', 'SQL', 'Website_Product_Page', 'Opportunity', 'Oscilloscope_Selector_Tool', 'Customer']",1
L008410,Chen Lee,Sony,Automotive,North America,Oscilloscopes,Website,"['Opportunity', 'Opportunity', 'AutoSens_Tech_Talk', 'Customer']",1
L008411,Daniel Garcia,MetaC_Tech,Telecom,,Automotive Ethernet,Event,['Customer'],1
L008412,Priya Khan,Broadcom GmbH,Telecom,Europe,,LinkedIn,['Customer'],1
L008413,Maria Williams,NXP Semiconductors GmbH,Telecom,Europe,PathWave Software,,"['Lab_Integration_Discussion', 'MQL', 'No_Conversion']",0
L008414,,Sony,Automotive,Europe,,,"['DesignCon_Booth_Visit', 'IMS_Badge_Scan', 'Whitepaper_Download_5G_Test', 'Customer']",1
L008415,Sofia Anders,Tesla Energy,Electronics,,,LinkedIn,"['Whitepaper_Download_5G_Test', 'Keysight_Workshop_RF_Testing', 'Lab_Integration_Discussion', 'SQL', 'Application_Engineer_Call', 'SQL', 'IMS_Badge_Scan', 'Lab_Integration_Discussion', 'Customer']",1
L008416,Ravi Anders,Qualcomm GmbH,Automotive,North America,,Website,"['Lab_Integration_Discussion', 'Opportunity', 'Keysight_University_Course', 'Oscilloscope_Selector_Tool', 'Website_Product_Page', 'AutoSens_Tech_Talk', 'SQL', 'Oscilloscope_Selector_Tool', 'Customer']",1
L008417,Chen Khan,Tesla_Tech,Electronics,,5G Testbeds,LinkedIn,"['Lab_Integration_Discussion', 'Keysight_University_Course', 'Website_Product_Page', 'Keysight_Workshop_RF_Testing', 'Customer']",1
L008418,Ahmed Anders,,,LATAM,PathWave Software,,"['LinkedIn_Ad_Click', 'No_Conversion']",0
L008419,Ahmed Tanaka,,,LATAM,5G Testbeds,Sales Outreach,"['Whitepaper_Download_5G_Test', 'Lab_Integration_Discussion', 'SQL', 'Lab_Integration_Discussion', 'DesignCon_Booth_Visit', 'MQL', 'Oscilloscope_Selector_Tool', 'Whitepaper_Download_5G_Test', 'No_Conversion']",0
L008420,Sofia Johnson,Sony GmbH,Electronics,North America,Automotive Ethernet,Sales Outreach,['No_Conversion'],0
L008421,Ahmed Patel,,Telecom,,PathWave Software,LinkedIn,"['LinkedIn_Ad_Click', 'SQL', 'AutoSens_Tech_Talk', 'Oscilloscope_Selector_Tool', 'Customer']",1
L008422,Laura Lee,Infineon GmbH,,,Automotive Ethernet,Email Campaign,"['Loaner_Unit_Evaluation', 'Keysight_University_Course', 'Keysight_Workshop_RF_Testing', 'Keysight_Workshop_RF_Testing', 'Oscilloscope_Selector_Tool', 'No_Conversion']",0
L008423,Chen Anders,Samsu_Tech,Telecom,LATAM,Automotive Ethernet,Email Campaign,"['Loaner_Unit_Evaluation', 'SQL', 'SQL', 'AutoSens_Tech_Talk', 'Whitepaper_Download_5G_Test', 'Oscilloscope_Selector_Tool', 'Customer']",1
L008424,,Qualcomm,Telecom,APAC,,Sales Outreach,"['Opportunity', 'Technical_Demo', 'Keysight_Workshop_RF_Testing', 'SQL', 'No_Conversion']",0
L008425,Laura Lee,,Electronics,LATAM,PathWave Software,Email Campaign,"['Keysight_University_Course', 'Website_Product_Page', 'MQL', 'Customer']",1
L008426,Chen Garcia,NXP Semiconductors,Electronics,North America,,Webinar,"['IMS_Badge_Scan', 'MQL', 'Opportunity', 'LinkedIn_Ad_Click', 'PathWave_Trial_Request', 'Technical_Demo', 'DesignCon_Booth_Visit', 'Technical_Demo', 'Loaner_Unit_Evaluation', 'Customer']",1
L008427,Ahmed Anders,NXP Semiconductors GmbH,Aerospace,Europe,5G Testbeds,Sales Outreach,"['MQL', 'Technical_Demo', 'Keysight_Workshop_RF_Testing', 'Application_Engineer_Call', 'Customer']",1
L008428,Sarah Martinez,Infineon,,APAC,Oscilloscopes,Email Campaign,"['SQL', 'PathWave_Trial_Request', 'Keysight_University_Course', 'Customer']",1
L008429,,,Telecom,APAC,Oscilloscopes,LinkedIn,"['Oscilloscope_Selector_Tool', 'Keysight_University_Course', 'No_Conversion']",0
L008430,Sofia Anders,Meta Connectivity Labs GmbH,Telecom,LATAM,PathWave Software,Email Campaign,"['Keysight_Workshop_RF_Testing', 'Lab_Integration_Discussion', 'No_Conversion']",0
L008431,,NXP Semiconductors GmbH,Automotive,APAC,,Email Campaign,"['AutoSens_Tech_Talk', 'Keysight_Workshop_RF_Testing', 'Keysight_Workshop_RF_Testing', 'AutoSens_Tech_Talk', 'Opportunity', 'Lab_Integration_Discussion', 'Lab_Integration_Discussion', 'LinkedIn_Ad_Click', 'Customer']",1
L008432,Ahmed Lee,Qualc_Tech,Telecom,LATAM,,,"['Keysight_University_Course', 'Whitepaper_Download_5G_Test', 'Oscilloscope_Selector_Tool', 'DesignCon_Booth_Visit', 'Whitepaper_Download_5G_Test', 'Customer']",1
L008433,Hiroshi Williams,NXP Semiconductors GmbH,Telecom,,,Website,"['Keysight_University_Course', 'IMS_Badge_Scan', 'SQL', 'SQL', 'Loaner_Unit_Evaluation', 'Website_Product_Page', 'IMS_Badge_Scan', 'SQL', 'No_Conversion']",0
L008434,Sarah Chen,Meta Connectivity Labs GmbH,,North America,Automotive Ethernet,Website,['No_Conversion'],0
L008435,Laura Williams,Tesla Energy GmbH,Aerospace,,PathWave Software,Website,['No_Conversion'],0
L008436,Sofia Lee,NXP Semiconductors,Automotive,LATAM,PathWave Software,Sales Outreach,"['Keysight_University_Course', 'MQL', 'Customer']",1
L008437,Laura Singh,Meta Connectivity Labs GmbH,Semiconductor,North America,PathWave Software,,"['DesignCon_Booth_Visit', 'Keysight_Workshop_RF_Testing', 'AutoSens_Tech_Talk', 'Whitepaper_Download_5G_Test', 'Technical_Demo', 'DesignCon_Booth_Visit', 'Customer']",1
L008438,Chen Ito,Sony GmbH,Aerospace,North America,PathWave Software,LinkedIn,"['IMS_Badge_Scan', 'Application_Engineer_Call', 'MQL', 'No_Conversion']",0
L008439,Sofia Patel,NXP Semiconductors,,,Automotive Ethernet,Webinar,"['Website_Product_Page', 'IMS_Badge_Scan', 'Opportunity', 'Whitepaper_Download_5G_Test', 'Whitepaper_Download_5G_Test', 'Keysight_Workshop_RF_Testing', 'No_Conversion']",0
L008440,Sofia Anders,Infin_Tech,,LATAM,5G Testbeds,Sales Outreach,"['Loaner_Unit_Evaluation', 'DesignCon_Booth_Visit', 'No_Conversion']",0
L008441,Ahmed Patel,Qualc_Tech,Aerospace,,Oscilloscopes,Email Campaign,"['Lab_Integration_Discussion', 'SQL', 'PathWave_Trial_Request', 'AutoSens_Tech_Talk', 'DesignCon_Booth_Visit', 'SQL', 'AutoSens_Tech_Talk', 'Customer']",1
L008442,Priya Patel,Qualcomm GmbH,Telecom,APAC,,Email Campaign,"['PathWave_Trial_Request', 'Application_Engineer_Call', 'Opportunity', 'No_Conversion']",0
L008443,Hiroshi Johnson,Tesla_Tech,Telecom,,,Sales Outreach,['Customer'],1
L008444,Ahmed Anders,Infin_Tech,Aerospace,LATAM,5G Testbeds,,"['SQL', 'No_Conversion']",0
L008445,Sarah Lee,Broadcom,Electronics,North America,,Webinar,"['Website_Product_Page', 'Application_Engineer_Call', 'Technical_Demo', 'Technical_Demo', 'Website_Product_Page', 'IMS_Badge_Scan', 'Website_Product_Page', 'Keysight_Workshop_RF_Testing', 'Customer']",1
L008446,Kenji Ito,NXP Semiconductors,,Europe,,Website,"['MQL', 'Customer']",1
L008447,Priya Johnson,NXP Semiconductors GmbH,Aerospace,APAC,,Website,"['Keysight_Workshop_RF_Testing', 'Keysight_Workshop_RF_Testing', 'PathWave_Trial_Request', 'Website_Product_Page', 'Keysight_Workshop_RF_Testing', 'Customer']",1
L008448,,Raytheon,Automotive,Europe,,Event,"['PathWave_Trial_Request', 'Keysight_Workshop_RF_Testing', 'Loaner_Unit_Evaluation', 'Website_Product_Page', 'Application_Engineer_Call', 'SQL', 'PathWave_Trial_Request', 'No_Conversion']",0
L008449,Daniel Patel,Bosch_Tech,,LATAM,Oscilloscopes,Website,"['Oscilloscope_Selector_Tool', 'No_Conversion']",0
L008450,Ahmed Tanaka,NXP Semiconductors GmbH,Aerospace,,5G Testbeds,LinkedIn,"['Application_Engineer_Call', 'IMS_Badge_Scan', 'LinkedIn_Ad_Click', 'LinkedIn_Ad_Click', 'Loaner_Unit_Evaluation', 'Opportunity', 'IMS_Badge_Scan', 'PathWave_Trial_Request', 'Customer']",1
L008451,Kenji Singh,Qualcomm,Aerospace,LATAM,,Email Campaign,"['MQL', 'No_Conversion']",0
L008452,Daniel Tanaka,,Telecom,,Automotive Ethernet,Event,"['PathWave_Trial_Request', 'DesignCon_Booth_Visit', 'Whitepaper_Download_5G_Test', 'Whitepaper_Download_5G_Test', 'Oscilloscope_Selector_Tool', 'IMS_Badge_Scan', 'Whitepaper_Download_5G_Test', 'MQL', 'DesignCon_Booth_Visit', 'No_Conversion']",0
L008453,Michael Anders,,,APAC,5G Testbeds,Website,"['Technical_Demo', 'LinkedIn_Ad_Click', 'Oscilloscope_Selector_Tool', 'DesignCon_Booth_Visit', 'LinkedIn_Ad_Click', 'DesignCon_Booth_Visit', 'DesignCon_Booth_Visit', 'MQL', 'No_Conversion']",0
L008454,Maria Khan,,Telecom,Europe,,,"['Keysight_University_Course', 'No_Conversion']",0
L008455,Kenji Lee,Raytheon,Electronics,APAC,,Sales Outreach,"['LinkedIn_Ad_Click', 'LinkedIn_Ad_Click', 'MQL', 'Lab_Integration_Discussion', 'Lab_Integration_Discussion', 'Whitepaper_Download_5G_Test', 'Opportunity', 'Loaner_Unit_Evaluation', 'SQL', 'Customer']",1
L008456,Chen Singh,,,,,Sales Outreach,"['Oscilloscope_Selector_Tool', 'Opportunity', 'No_Conversion']",0
L008457,Michael Garcia,Infineon,,North America,,Website,['Customer'],1
L008458,Kenji Tanaka,Raytheon GmbH,,LATAM,Oscilloscopes,Webinar,"['Loaner_Unit_Evaluation', 'DesignCon_Booth_Visit', 'Keysight_University_Course', 'MQL', 'Application_Engineer_Call', 'Oscilloscope_Selector_Tool', 'Keysight_University_Course', 'MQL', 'No_Conversion']",0
L008459,Daniel Singh,NXPSe_Tech,,,5G Testbeds,Website,"['IMS_Badge_Scan', 'IMS_Badge_Scan', 'MQL', 'Opportunity', 'Keysight_Workshop_RF_Testing', 'SQL', 'Customer']",1
L008460,Laura Tanaka,Infineon,,APAC,Oscilloscopes,Sales Outreach,"['MQL', 'Keysight_Workshop_RF_Testing', 'Whitepaper_Download_5G_Test', 'No_Conversion']",0
L008461,Maria Lee,Samsung Electronics,,,5G Testbeds,Website,"['DesignCon_Booth_Visit', 'Technical_Demo', 'DesignCon_Booth_Visit', 'Application_Engineer_Call', 'Keysight_Workshop_RF_Testing', 'Loaner_Unit_Evaluation', 'Technical_Demo', 'No_Conversion']",0
L008462,Ravi Chen,MetaC_Tech,Semiconductor,LATAM,Automotive Ethernet,Sales Outreach,"['MQL', 'Opportunity', 'IMS_Badge_Scan', 'Oscilloscope_Selector_Tool', 'No_Conversion']",0
L008463,Kenji Martinez,Infineon,Aerospace,LATAM,5G Testbeds,Email Campaign,"['Loaner_Unit_Evaluation', 'IMS_Badge_Scan', 'Application_Engineer_Call', 'IMS_Badge_Scan', 'Technical_Demo', 'DesignCon_Booth_Visit', 'No_Conversion']",0
L008464,Daniel Ito,,Semiconductor,,,Email Campaign,"['AutoSens_Tech_Talk', 'PathWave_Trial_Request', 'DesignCon_Booth_Visit', 'Oscilloscope_Selector_Tool', 'No_Conversion']",0
L008465,Kenji Patel,Sony_Tech,,LATAM,,,"['Whitepaper_Download_5G_Test', 'No_Conversion']",0
L008466,,Raytheon GmbH,Aerospace,,Automotive Ethernet,,"['Application_Engineer_Call', 'Technical_Demo', 'Oscilloscope_Selector_Tool', 'Keysight_University_Course', 'LinkedIn_Ad_Click', 'Whitepaper_Download_5G_Test', 'Customer']",1
L008467,Sofia Ito,Raytheon GmbH,Automotive,North America,,Sales Outreach,"['PathWave_Trial_Request', 'Whitepaper_Download_5G_Test', 'AutoSens_Tech_Talk', 'IMS_Badge_Scan', 'AutoSens_Tech_Talk', 'SQL', 'SQL', 'SQL', 'Whitepaper_Download_5G_Test', 'Customer']",1
L008468,,Rayth_Tech,Semiconductor,LATAM,PathWave Software,Website,['No_Conversion'],0
L008469,Ravi Garcia,,,,,,"['Opportunity', 'LinkedIn_Ad_Click', 'Lab_Integration_Discussion', 'MQL', 'DesignCon_Booth_Visit', 'MQL', 'Whitepaper_Download_5G_Test', 'SQL', 'Customer']",1
L008470,,,Automotive,APAC,Automotive Ethernet,Webinar,"['IMS_Badge_Scan', 'Customer']",1
L008471,,Meta Connectivity Labs,,APAC,,Event,"['Technical_Demo', 'AutoSens_Tech_Talk', 'Customer']",1
L008472,Maria Tanaka,Tesla Energy GmbH,,,5G Testbeds,Email Campaign,"['Opportunity', 'Application_Engineer_Call', 'Application_Engineer_Call', 'PathWave_Trial_Request', 'Lab_Integration_Discussion', 'No_Conversion']",0
L008473,Sarah Patel,Tesla Energy GmbH,Electronics,LATAM,Oscilloscopes,Event,"['AutoSens_Tech_Talk', 'Customer']",1
L008474,Laura Anders,Bosch GmbH,Electronics,Europe,,LinkedIn,"['Keysight_University_Course', 'MQL', 'Lab_Integration_Discussion', 'DesignCon_Booth_Visit', 'Customer']",1
L008475,Maria Chen,Bosch,Aerospace,Europe,,Sales Outreach,"['IMS_Badge_Scan', 'Opportunity', 'Technical_Demo', 'IMS_Badge_Scan', 'Keysight_Workshop_RF_Testing', 'Technical_Demo', 'Keysight_University_Course', 'Customer']",1
L008476,Maria Tanaka,Sony GmbH,,Europe,5G Testbeds,Sales Outreach,"['AutoSens_Tech_Talk', 'Lab_Integration_Discussion', 'Loaner_Unit_Evaluation', 'Lab_Integration_Discussion', 'SQL', 'Oscilloscope_Selector_Tool', 'DesignCon_Booth_Visit', 'No_Conversion']",0
L008477,Sarah Khan,,Aerospace,Europe,5G Testbeds,Website,"['Keysight_University_Course', 'Lab_Integration_Discussion', 'DesignCon_Booth_Visit', 'AutoSens_Tech_Talk', 'SQL', 'Customer']",1
L008478,Maria Martinez,Qualcomm,Semiconductor,LATAM,,LinkedIn,"['MQL', 'Opportunity', 'Opportunity', 'Customer']",1
L008479,Chen Anders,Broadcom GmbH,,,5G Testbeds,,"['Website_Product_Page', 'LinkedIn_Ad_Click', 'No_Conversion']",0
L008480,Ravi Singh,MetaC_Tech,,Europe,Automotive Ethernet,Sales Outreach,"['DesignCon_Booth_Visit', 'Whitepaper_Download_5G_Test', 'Application_Engineer_Call', 'Customer']",1
L008481,Hiroshi Garcia,Qualc_Tech,Semiconductor,North America,,LinkedIn,"['AutoSens_Tech_Talk', 'IMS_Badge_Scan', 'Technical_Demo', 'MQL', 'No_Conversion']",0
L008482,Chen Anders,,,APAC,,Sales Outreach,"['DesignCon_Booth_Visit', 'Application_Engineer_Call', 'Oscilloscope_Selector_Tool', 'Opportunity', 'Application_Engineer_Call', 'IMS_Badge_Scan', 'Technical_Demo', 'Oscilloscope_Selector_Tool', 'AutoSens_Tech_Talk', 'Customer']",1
L008483,Kenji Anders,,Telecom,LATAM,5G Testbeds,Website,"['Lab_Integration_Discussion', 'MQL', 'No_Conversion']",0
L008484,Michael Chen,Bosch GmbH,Telecom,LATAM,,LinkedIn,['Customer'],1
L008485,Ravi Williams,Qualcomm GmbH,Aerospace,APAC,5G Testbeds,Website,"['Website_Product_Page', 'Application_Engineer_Call', 'LinkedIn_Ad_Click', 'Oscilloscope_Selector_Tool', 'SQL', 'Keysight_University_Course', 'MQL', 'Keysight_Workshop_RF_Testing', 'Whitepaper_Download_5G_Test', 'Oscilloscope_Selector_Tool', 'No_Conversion']",0
L008486,Ravi Singh,Infineon,,Europe,PathWave Software,Sales Outreach,['No_Conversion'],0
L008487,,Tesla Energy GmbH,,LATAM,,Event,"['Lab_Integration_Discussion', 'PathWave_Trial_Request', 'MQL', 'Keysight_Workshop_RF_Testing', 'Whitepaper_Download_5G_Test', 'MQL', 'No_Conversion']",0
L008488,Laura Johnson,Infin_Tech,Aerospace,Europe,5G Testbeds,Website,"['Lab_Integration_Discussion', 'Technical_Demo', 'Keysight_Workshop_RF_Testing', 'Customer']",1
L008489,Sarah Martinez,Samsung Electronics GmbH,Electronics,,,Webinar,"['Loaner_Unit_Evaluation', 'SQL', 'Loaner_Unit_Evaluation', 'SQL', 'No_Conversion']",0
L008490,Ahmed Martinez,Broadcom,Aerospace,APAC,,Event,"['SQL', 'Keysight_University_Course', 'Keysight_University_Course', 'IMS_Badge_Scan', 'LinkedIn_Ad_Click', 'Website_Product_Page', 'Keysight_University_Course', 'LinkedIn_Ad_Click', 'Customer']",1
L008491,Ahmed Garcia,,Electronics,LATAM,PathWave Software,Website,"['PathWave_Trial_Request', 'PathWave_Trial_Request', 'PathWave_Trial_Request', 'DesignCon_Booth_Visit', 'MQL', 'PathWave_Trial_Request', 'Keysight_University_Course', 'No_Conversion']",0
L008492,Michael Chen,Samsung Electronics GmbH,,LATAM,5G Testbeds,Event,"['Loaner_Unit_Evaluation', 'Keysight_Workshop_RF_Testing', 'Oscilloscope_Selector_Tool', 'DesignCon_Booth_Visit', 'Oscilloscope_Selector_Tool', 'Lab_Integration_Discussion', 'SQL', 'Loaner_Unit_Evaluation', 'Lab_Integration_Discussion', 'LinkedIn_Ad_Click', 'No_Conversion']",0
L008493,,Bosch,Automotive,,Automotive Ethernet,LinkedIn,"['LinkedIn_Ad_Click', 'LinkedIn_Ad_Click', 'Opportunity', 'DesignCon_Booth_Visit', 'No_Conversion']",0
L008494,Priya Anders,,Electronics,LATAM,,Event,"['Application_Engineer_Call', 'No_Conversion']",0
L008495,Ravi Williams,,Aerospace,APAC,Automotive Ethernet,LinkedIn,"['Oscilloscope_Selector_Tool', 'Oscilloscope_Selector_Tool', 'Application_Engineer_Call', 'SQL', 'Customer']",1
L008496,Michael Garcia,Tesla Energy,,APAC,Automotive Ethernet,,"['AutoSens_Tech_Talk', 'Website_Product_Page', 'Loaner_Unit_Evaluation', 'Technical_Demo', 'Oscilloscope_Selector_Tool', 'LinkedIn_Ad_Click', 'Keysight_Workshop_RF_Testing', 'SQL', 'Customer']",1
L008497,Sofia Ito,,Semiconductor,APAC,Oscilloscopes,,"['Keysight_University_Course', 'Keysight_Workshop_RF_Testing', 'Application_Engineer_Call', 'DesignCon_Booth_Visit', 'SQL', 'Opportunity', 'Customer']",1
L008498,Daniel Anders,Broad_Tech,,,Automotive Ethernet,Webinar,"['PathWave_Trial_Request', 'DesignCon_Booth_Visit', 'Opportunity', 'Keysight_University_Course', 'No_Conversion']",0
L008499,Chen Ito,,Electronics,Europe,,LinkedIn,"['Keysight_Workshop_RF_Testing', 'Keysight_Workshop_RF_Testing', 'Whitepaper_Download_5G_Test', 'IMS_Badge_Scan', 'Customer']",1
L008500,Priya Patel,Raytheon,Aerospace,LATAM,,Email Campaign,"['IMS_Badge_Scan', 'No_Conversion']",0
L008501,Michael Lee,Tesla Energy GmbH,Electronics,North America,5G Testbeds,,"['Opportunity', 'PathWave_Trial_Request', 'PathWave_Trial_Request', 'AutoSens_Tech_Talk', 'SQL', 'LinkedIn_Ad_Click', 'Application_Engineer_Call', 'PathWave_Trial_Request', 'No_Conversion']",0
L008502,Maria Tanaka,Sony,Semiconductor,North America,Oscilloscopes,Email Campaign,"['PathWave_Trial_Request', 'Oscilloscope_Selector_Tool', 'Lab_Integration_Discussion', 'Keysight_University_Course', 'SQL', 'DesignCon_Booth_Visit', 'No_Conversion']",0
L008503,Daniel Lee,Qualcomm,,APAC,,Event,"['Lab_Integration_Discussion', 'Opportunity', 'DesignCon_Booth_Visit', 'PathWave_Trial_Request', 'MQL', 'Lab_Integration_Discussion', 'Lab_Integration_Discussion', 'Customer']",1
L008504,Ravi Lee,Qualcomm,Aerospace,,5G Testbeds,Event,"['Loaner_Unit_Evaluation', 'Keysight_University_Course', 'Opportunity', 'Application_Engineer_Call', 'Application_Engineer_Call', 'Customer']",1
L008505,Maria Tanaka,MetaC_Tech,Aerospace,Europe,Oscilloscopes,LinkedIn,"['Lab_Integration_Discussion', 'No_Conversion']",0
L008506,,Samsung Electronics,Automotive,,PathWave Software,Webinar,"['Opportunity', 'AutoSens_Tech_Talk', 'Technical_Demo', 'Customer']",1
L008507,Maria Chen,NXP Semiconductors GmbH,,APAC,Automotive Ethernet,Email Campaign,"['Keysight_Workshop_RF_Testing', 'Opportunity', 'AutoSens_Tech_Talk', 'Customer']",1
L008508,Kenji Tanaka,Sony GmbH,,,Oscilloscopes,Event,"['DesignCon_Booth_Visit', 'Customer']",1
L008509,Sofia Singh,NXP Semiconductors,Telecom,,PathWave Software,,"['Keysight_Workshop_RF_Testing', 'No_Conversion']",0
L008510,Laura Patel,Meta Connectivity Labs,,LATAM,,Sales Outreach,"['Keysight_University_Course', 'MQL', 'Technical_Demo', 'Opportunity', 'PathWave_Trial_Request', 'Customer']",1
L008511,,Meta Connectivity Labs GmbH,,North America,,LinkedIn,"['Loaner_Unit_Evaluation', 'Keysight_University_Course', 'PathWave_Trial_Request', 'No_Conversion']",0
L008512,Daniel Khan,Infineon GmbH,Automotive,APAC,,LinkedIn,"['Keysight_University_Course', 'Keysight_University_Course', 'IMS_Badge_Scan', 'No_Conversion']",0
L008513,Hiroshi Singh,MetaC_Tech,Semiconductor,,Oscilloscopes,Sales Outreach,"['Technical_Demo', 'AutoSens_Tech_Talk', 'Customer']",1
L008514,Priya Williams,Raytheon GmbH,Semiconductor,,Oscilloscopes,Website,"['Technical_Demo', 'No_Conversion']",0
L008515,Ravi Anders,Samsung Electronics GmbH,,Europe,,Event,"['Oscilloscope_Selector_Tool', 'SQL', 'SQL', 'Application_Engineer_Call', 'IMS_Badge_Scan', 'No_Conversion']",0
L008516,Daniel Anders,Raytheon GmbH,,Europe,Oscilloscopes,,"['Loaner_Unit_Evaluation', 'MQL', 'Customer']",1
L008517,Ahmed Lee,NXP Semiconductors,Semiconductor,Europe,Automotive Ethernet,LinkedIn,"['AutoSens_Tech_Talk', 'MQL', 'PathWave_Trial_Request', 'PathWave_Trial_Request', 'LinkedIn_Ad_Click', 'Loaner_Unit_Evaluation', 'Keysight_Workshop_RF_Testing', 'No_Conversion']",0
L008518,,Qualc_Tech,Electronics,Europe,,Sales Outreach,['No_Conversion'],0
L008519,Michael Singh,Qualcomm GmbH,,North America,,Sales Outreach,"['Keysight_University_Course', 'Oscilloscope_Selector_Tool', 'Whitepaper_Download_5G_Test', 'IMS_Badge_Scan', 'Oscilloscope_Selector_Tool', 'No_Conversion']",0
L008520,Laura Patel,Rayth_Tech,Telecom,APAC,Oscilloscopes,Event,"['Keysight_Workshop_RF_Testing', 'SQL', 'Lab_Integration_Discussion', 'Oscilloscope_Selector_Tool', 'Whitepaper_Download_5G_Test', 'Technical_Demo', 'No_Conversion']",0
L008521,Kenji Johnson,MetaC_Tech,,North America,PathWave Software,Sales Outreach,"['Lab_Integration_Discussion', 'MQL', 'DesignCon_Booth_Visit', 'No_Conversion']",0
L008522,Laura Williams,Bosch GmbH,,Europe,Automotive Ethernet,LinkedIn,"['PathWave_Trial_Request', 'No_Conversion']",0
L008523,Chen Patel,Tesla Energy,,LATAM,,Sales Outreach,"['SQL', 'Website_Product_Page', 'DesignCon_Booth_Visit', 'Keysight_University_Course', 'No_Conversion']",0
L008524,Sofia Khan,,Automotive,Europe,Automotive Ethernet,Email Campaign,"['MQL', 'Whitepaper_Download_5G_Test', 'Opportunity', 'Lab_Integration_Discussion', 'Oscilloscope_Selector_Tool', 'Opportunity', 'MQL', 'Loaner_Unit_Evaluation', 'Customer']",1
L008525,Laura Khan,,Automotive,North America,,Website,"['Application_Engineer_Call', 'Application_Engineer_Call', 'Opportunity', 'IMS_Badge_Scan', 'Technical_Demo', 'LinkedIn_Ad_Click', 'Keysight_Workshop_RF_Testing', 'Customer']",1
L008526,Laura Singh,Tesla_Tech,,,,Event,"['Whitepaper_Download_5G_Test', 'MQL', 'IMS_Badge_Scan', 'LinkedIn_Ad_Click', 'PathWave_Trial_Request', 'Lab_Integration_Discussion', 'LinkedIn_Ad_Click', 'Oscilloscope_Selector_Tool', 'Application_Engineer_Call', 'Customer']",1
L008527,Maria Anders,Meta Connectivity Labs GmbH,Automotive,,Oscilloscopes,Email Campaign,"['Technical_Demo', 'Technical_Demo', 'Opportunity', 'Technical_Demo', 'LinkedIn_Ad_Click', 'Application_Engineer_Call', 'Opportunity', 'Oscilloscope_Selector_Tool', 'Customer']",1
L008528,Chen Williams,,Electronics,APAC,Automotive Ethernet,Webinar,"['LinkedIn_Ad_Click', 'Lab_Integration_Discussion', 'LinkedIn_Ad_Click', 'AutoSens_Tech_Talk', 'Keysight_University_Course', 'Keysight_Workshop_RF_Testing', 'Keysight_Workshop_RF_Testing', 'Customer']",1
L008529,Ravi Tanaka,Raytheon,Automotive,North America,5G Testbeds,Event,['No_Conversion'],0
L008530,Laura Singh,Infin_Tech,Electronics,APAC,PathWave Software,Webinar,"['Keysight_University_Course', 'PathWave_Trial_Request', 'AutoSens_Tech_Talk', 'No_Conversion']",0
L008531,,Tesla Energy,Telecom,LATAM,Oscilloscopes,Webinar,['Customer'],1
L008532,Ahmed Lee,Qualc_Tech,Aerospace,,Oscilloscopes,Sales Outreach,"['SQL', 'Lab_Integration_Discussion', 'MQL', 'Keysight_University_Course', 'Website_Product_Page', 'Loaner_Unit_Evaluation', 'No_Conversion']",0
L008533,Priya Tanaka,Rayth_Tech,Aerospace,,Oscilloscopes,,"['MQL', 'AutoSens_Tech_Talk', 'Oscilloscope_Selector_Tool', 'Loaner_Unit_Evaluation', 'Customer']",1
L008534,Hiroshi Martinez,Qualcomm,Aerospace,APAC,PathWave Software,Email Campaign,"['Keysight_University_Course', 'Application_Engineer_Call', 'Website_Product_Page', 'No_Conversion']",0
L008535,Chen Anders,NXPSe_Tech,Telecom,Europe,PathWave Software,Event,"['DesignCon_Booth_Visit', 'Lab_Integration_Discussion', 'Website_Product_Page', 'Whitepaper_Download_5G_Test', 'AutoSens_Tech_Talk', 'Keysight_Workshop_RF_Testing', 'Customer']",1
L008536,Daniel Williams,Samsung Electronics,Telecom,APAC,PathWave Software,LinkedIn,"['DesignCon_Booth_Visit', 'MQL', 'Technical_Demo', 'AutoSens_Tech_Talk', 'Technical_Demo', 'Keysight_Workshop_RF_Testing', 'Keysight_University_Course', 'Customer']",1
L008537,Laura Garcia,Raytheon GmbH,Automotive,APAC,Oscilloscopes,Email Campaign,"['Oscilloscope_Selector_Tool', 'PathWave_Trial_Request', 'Whitepaper_Download_5G_Test', 'LinkedIn_Ad_Click', 'SQL', 'PathWave_Trial_Request', 'No_Conversion']",0
L008538,Ahmed Chen,Broad_Tech,,LATAM,,Sales Outreach,"['SQL', 'LinkedIn_Ad_Click', 'Customer']",1
L008539,Michael Ito,Meta Connectivity Labs,Aerospace,LATAM,,LinkedIn,"['IMS_Badge_Scan', 'Loaner_Unit_Evaluation', 'PathWave_Trial_Request', 'MQL', 'Lab_Integration_Discussion', 'AutoSens_Tech_Talk', 'AutoSens_Tech_Talk', 'Customer']",1
L008540,Ahmed Williams,Infineon,Telecom,LATAM,,Event,"['Whitepaper_Download_5G_Test', 'Loaner_Unit_Evaluation', 'MQL', 'Website_Product_Page', 'Loaner_Unit_Evaluation', 'Whitepaper_Download_5G_Test', 'No_Conversion']",0
L008541,Michael Lee,Qualcomm GmbH,Semiconductor,Europe,,Sales Outreach,"['DesignCon_Booth_Visit', 'Customer']",1
L008542,Sarah Khan,Samsu_Tech,,,Oscilloscopes,LinkedIn,"['Opportunity', 'DesignCon_Booth_Visit', 'DesignCon_Booth_Visit', 'Loaner_Unit_Evaluation', 'Oscilloscope_Selector_Tool', 'DesignCon_Booth_Visit', 'IMS_Badge_Scan', 'DesignCon_Booth_Visit', 'Loaner_Unit_Evaluation', 'DesignCon_Booth_Visit', 'Customer']",1
L008543,Sofia Lee,Meta Connectivity Labs GmbH,Semiconductor,,,Event,"['DesignCon_Booth_Visit', 'Website_Product_Page', 'Lab_Integration_Discussion', 'Application_Engineer_Call', 'LinkedIn_Ad_Click', 'Loaner_Unit_Evaluation', 'Keysight_Workshop_RF_Testing', 'Loaner_Unit_Evaluation', 'PathWave_Trial_Request', 'Customer']",1
L008544,Sofia Singh,Tesla Energy GmbH,,Europe,PathWave Software,Webinar,"['Loaner_Unit_Evaluation', 'Keysight_University_Course', 'PathWave_Trial_Request', 'No_Conversion']",0
L008545,Priya Martinez,Raytheon,Telecom,Europe,,Email Campaign,"['Lab_Integration_Discussion', 'Website_Product_Page', 'Opportunity', 'Keysight_Workshop_RF_Testing', 'Oscilloscope_Selector_Tool', 'Lab_Integration_Discussion', 'PathWave_Trial_Request', 'Loaner_Unit_Evaluation', 'Keysight_University_Course', 'Application_Engineer_Call', 'No_Conversion']",0
L008546,Chen Garcia,Qualcomm GmbH,Automotive,Europe,Oscilloscopes,Event,"['Keysight_University_Course', 'IMS_Badge_Scan', 'Application_Engineer_Call', 'Oscilloscope_Selector_Tool', 'No_Conversion']",0
L008547,Priya Singh,Qualcomm,,Europe,,LinkedIn,"['Keysight_University_Course', 'LinkedIn_Ad_Click', 'Customer']",1
L008548,Hiroshi Khan,,Semiconductor,Europe,,LinkedIn,"['Opportunity', 'Website_Product_Page', 'Keysight_Workshop_RF_Testing', 'Customer']",1
L008549,Priya Singh,,Semiconductor,LATAM,,Email Campaign,"['Keysight_Workshop_RF_Testing', 'Website_Product_Page', 'Loaner_Unit_Evaluation', 'DesignCon_Booth_Visit', 'Technical_Demo', 'Lab_Integration_Discussion', 'No_Conversion']",0
L008550,Maria Patel,Sony GmbH,,Europe,,Webinar,"['Keysight_Workshop_RF_Testing', 'PathWave_Trial_Request', 'Website_Product_Page', 'Website_Product_Page', 'IMS_Badge_Scan', 'No_Conversion']",0
L008551,Daniel Lee,Meta Connectivity Labs GmbH,Aerospace,North America,5G Testbeds,,"['Website_Product_Page', 'IMS_Badge_Scan', 'SQL', 'MQL', 'DesignCon_Booth_Visit', 'SQL', 'IMS_Badge_Scan', 'IMS_Badge_Scan', 'Customer']",1
L008552,Kenji Singh,Infineon,Telecom,North America,,LinkedIn,"['LinkedIn_Ad_Click', 'Technical_Demo', 'No_Conversion']",0
L008553,Maria Lee,Broad_Tech,Electronics,APAC,Automotive Ethernet,,"['DesignCon_Booth_Visit', 'Whitepaper_Download_5G_Test', 'AutoSens_Tech_Talk', 'Website_Product_Page', 'Whitepaper_Download_5G_Test', 'No_Conversion']",0
L008554,Ravi Singh,Sony GmbH,,APAC,Automotive Ethernet,Email Campaign,"['IMS_Badge_Scan', 'Website_Product_Page', 'Oscilloscope_Selector_Tool', 'LinkedIn_Ad_Click', 'Keysight_Workshop_RF_Testing', 'Customer']",1
L008555,Kenji Chen,,Automotive,APAC,Automotive Ethernet,Webinar,"['Keysight_University_Course', 'Opportunity', 'PathWave_Trial_Request', 'Keysight_Workshop_RF_Testing', 'DesignCon_Booth_Visit', 'PathWave_Trial_Request', 'PathWave_Trial_Request', 'Keysight_University_Course', 'No_Conversion']",0
L008556,Kenji Martinez,Bosch_Tech,Telecom,,,Sales Outreach,"['Website_Product_Page', 'IMS_Badge_Scan', 'Whitepaper_Download_5G_Test', 'LinkedIn_Ad_Click', 'DesignCon_Booth_Visit', 'MQL', 'MQL', 'Lab_Integration_Discussion', 'Oscilloscope_Selector_Tool', 'Customer']",1
L008557,Ahmed Garcia,Sony_Tech,Aerospace,,,Event,"['Lab_Integration_Discussion', 'Keysight_University_Course', 'AutoSens_Tech_Talk', 'Customer']",1
L008558,Chen Johnson,,Telecom,,5G Testbeds,LinkedIn,"['Loaner_Unit_Evaluation', 'Opportunity', 'PathWave_Trial_Request', 'Lab_Integration_Discussion', 'Website_Product_Page', 'Opportunity', 'Customer']",1
L008559,Daniel Martinez,Infin_Tech,Aerospace,Europe,Automotive Ethernet,Website,"['Loaner_Unit_Evaluation', 'Oscilloscope_Selector_Tool', 'Website_Product_Page', 'Keysight_University_Course', 'IMS_Badge_Scan', 'IMS_Badge_Scan', 'Application_Engineer_Call', 'Whitepaper_Download_5G_Test', 'PathWave_Trial_Request', 'Customer']",1
L008560,Ravi Singh,Infineon GmbH,Electronics,APAC,,,"['Lab_Integration_Discussion', 'Lab_Integration_Discussion', 'Whitepaper_Download_5G_Test', 'Keysight_Workshop_RF_Testing', 'Customer']",1
L008561,,Infineon,Electronics,,Automotive Ethernet,Webinar,"['PathWave_Trial_Request', 'Whitepaper_Download_5G_Test', 'IMS_Badge_Scan', 'Application_Engineer_Call', 'Whitepaper_Download_5G_Test', 'Technical_Demo', 'Customer']",1
L008562,Laura Lee,Tesla Energy GmbH,Aerospace,Europe,5G Testbeds,Sales Outreach,"['AutoSens_Tech_Talk', 'DesignCon_Booth_Visit', 'Whitepaper_Download_5G_Test', 'Website_Product_Page', 'Application_Engineer_Call', 'Website_Product_Page', 'Customer']",1
L008563,Priya Lee,Samsu_Tech,Semiconductor,LATAM,,Event,"['Website_Product_Page', 'DesignCon_Booth_Visit', 'PathWave_Trial_Request', 'Application_Engineer_Call', 'No_Conversion']",0
L008564,Chen Khan,Samsu_Tech,Electronics,Europe,,Email Campaign,"['Application_Engineer_Call', 'Technical_Demo', 'Keysight_Workshop_RF_Testing', 'Website_Product_Page', 'PathWave_Trial_Request', 'Customer']",1
L008565,Michael Chen,Meta Connectivity Labs,Aerospace,North America,,Sales Outreach,"['SQL', 'Application_Engineer_Call', 'Oscilloscope_Selector_Tool', 'AutoSens_Tech_Talk', 'Keysight_Workshop_RF_Testing', 'No_Conversion']",0
L008566,Ravi Johnson,Qualcomm GmbH,Telecom,,,Email Campaign,"['Loaner_Unit_Evaluation', 'Keysight_Workshop_RF_Testing', 'Customer']",1
L008567,Sofia Singh,Infin_Tech,,,Oscilloscopes,LinkedIn,"['Keysight_University_Course', 'Technical_Demo', 'Application_Engineer_Call', 'Loaner_Unit_Evaluation', 'IMS_Badge_Scan', 'Whitepaper_Download_5G_Test', 'Opportunity', 'MQL', 'Website_Product_Page', 'LinkedIn_Ad_Click', 'Customer']",1
L008568,Maria Chen,NXP Semiconductors,Telecom,North America,,LinkedIn,"['DesignCon_Booth_Visit', 'Lab_Integration_Discussion', 'Application_Engineer_Call', 'PathWave_Trial_Request', 'No_Conversion']",0
L008569,Priya Williams,Broadcom GmbH,,North America,Oscilloscopes,Webinar,"['PathWave_Trial_Request', 'AutoSens_Tech_Talk', 'Customer']",1
L008570,Ahmed Khan,Infineon,Semiconductor,Europe,Automotive Ethernet,,"['IMS_Badge_Scan', 'PathWave_Trial_Request', 'IMS_Badge_Scan', 'Customer']",1
L008571,Maria Martinez,Tesla Energy,,LATAM,PathWave Software,,"['PathWave_Trial_Request', 'AutoSens_Tech_Talk', 'Application_Engineer_Call', 'Customer']",1
L008572,Laura Johnson,Meta Connectivity Labs,Telecom,APAC,Automotive Ethernet,Webinar,"['Loaner_Unit_Evaluation', 'MQL', 'Whitepaper_Download_5G_Test', 'Keysight_University_Course', 'Keysight_Workshop_RF_Testing', 'No_Conversion']",0
L008573,Michael Ito,,,,,Email Campaign,"['DesignCon_Booth_Visit', 'AutoSens_Tech_Talk', 'Application_Engineer_Call', 'IMS_Badge_Scan', 'Keysight_University_Course', 'AutoSens_Tech_Talk', 'No_Conversion']",0
L008574,Laura Chen,Samsu_Tech,Automotive,,5G Testbeds,Email Campaign,"['Website_Product_Page', 'No_Conversion']",0
L008575,Kenji Chen,Broad_Tech,,LATAM,PathWave Software,Event,"['DesignCon_Booth_Visit', 'Customer']",1
L008576,Ravi Singh,,Aerospace,North America,,Event,"['SQL', 'No_Conversion']",0
L008577,,NXP Semiconductors GmbH,Automotive,,,Webinar,"['Opportunity', 'Keysight_University_Course', 'Oscilloscope_Selector_Tool', 'LinkedIn_Ad_Click', 'No_Conversion']",0
L008578,Laura Anders,Bosch GmbH,Electronics,,Automotive Ethernet,Webinar,"['Keysight_Workshop_RF_Testing', 'Opportunity', 'Oscilloscope_Selector_Tool', 'Opportunity', 'Customer']",1
L008579,Ahmed Ito,,Electronics,North America,,Email Campaign,"['PathWave_Trial_Request', 'Customer']",1
L008580,Sofia Khan,Broadcom,Electronics,,,Webinar,"['Application_Engineer_Call', 'Application_Engineer_Call', 'LinkedIn_Ad_Click', 'Whitepaper_Download_5G_Test', 'Customer']",1
L008581,Chen Patel,Qualcomm,Semiconductor,,Automotive Ethernet,Email Campaign,"['Oscilloscope_Selector_Tool', 'Opportunity', 'Technical_Demo', 'Opportunity', 'Keysight_University_Course', 'MQL', 'Application_Engineer_Call', 'LinkedIn_Ad_Click', 'AutoSens_Tech_Talk', 'Keysight_Workshop_RF_Testing', 'No_Conversion']",0
L008582,Laura Patel,Broadcom GmbH,Semiconductor,APAC,PathWave Software,,"['MQL', 'Opportunity', 'Keysight_Workshop_RF_Testing', 'Opportunity', 'No_Conversion']",0
L008583,Maria Chen,NXP Semiconductors,Aerospace,APAC,,Sales Outreach,"['Whitepaper_Download_5G_Test', 'Technical_Demo', 'Keysight_University_Course', 'Oscilloscope_Selector_Tool', 'Keysight_Workshop_RF_Testing', 'IMS_Badge_Scan', 'MQL', 'Website_Product_Page', 'Customer']",1
L008584,Kenji Singh,Bosch,Aerospace,APAC,,Email Campaign,"['IMS_Badge_Scan', 'PathWave_Trial_Request', 'Oscilloscope_Selector_Tool', 'Technical_Demo', 'DesignCon_Booth_Visit', 'No_Conversion']",0
L008585,Chen Singh,Raytheon GmbH,Electronics,Europe,PathWave Software,Website,"['AutoSens_Tech_Talk', 'DesignCon_Booth_Visit', 'SQL', 'PathWave_Trial_Request', 'Whitepaper_Download_5G_Test', 'Customer']",1
L008586,Priya Martinez,Raytheon GmbH,Automotive,LATAM,PathWave Software,Webinar,"['PathWave_Trial_Request', 'LinkedIn_Ad_Click', 'Keysight_Workshop_RF_Testing', 'AutoSens_Tech_Talk', 'Loaner_Unit_Evaluation', 'Keysight_University_Course', 'Customer']",1
L008587,Hiroshi Patel,Samsung Electronics,Electronics,North America,,LinkedIn,"['DesignCon_Booth_Visit', 'Website_Product_Page', 'PathWave_Trial_Request', 'Application_Engineer_Call', 'PathWave_Trial_Request', 'Customer']",1
L008588,Ahmed Ito,Qualcomm GmbH,Semiconductor,,Oscilloscopes,Sales Outreach,"['SQL', 'AutoSens_Tech_Talk', 'Keysight_University_Course', 'Opportunity', 'Customer']",1
L008589,Hiroshi Tanaka,Rayth_Tech,,LATAM,,LinkedIn,"['DesignCon_Booth_Visit', 'Technical_Demo', 'Customer']",1
L008590,Priya Garcia,Tesla Energy GmbH,Automotive,Europe,Oscilloscopes,LinkedIn,['Customer'],1
L008591,Hiroshi Johnson,MetaC_Tech,Telecom,LATAM,,Email Campaign,"['Opportunity', 'Keysight_University_Course', 'Opportunity', 'AutoSens_Tech_Talk', 'Keysight_Workshop_RF_Testing', 'IMS_Badge_Scan', 'Keysight_Workshop_RF_Testing', 'Customer']",1
L008592,Priya Garcia,Bosch,,Europe,5G Testbeds,Webinar,"['Technical_Demo', 'DesignCon_Booth_Visit', 'MQL', 'MQL', 'Loaner_Unit_Evaluation', 'Oscilloscope_Selector_Tool', 'No_Conversion']",0
L008593,Laura Garcia,Sony GmbH,,North America,,Sales Outreach,"['SQL', 'Loaner_Unit_Evaluation', 'IMS_Badge_Scan', 'MQL', 'MQL', 'Keysight_Workshop_RF_Testing', 'Technical_Demo', 'Website_Product_Page', 'Customer']",1
L008594,Sofia Tanaka,Raytheon GmbH,Semiconductor,Europe,Oscilloscopes,,"['Loaner_Unit_Evaluation', 'Customer']",1
L008595,Kenji Garcia,Tesla_Tech,Aerospace,LATAM,Oscilloscopes,LinkedIn,"['DesignCon_Booth_Visit', 'No_Conversion']",0
L008596,Chen Lee,Meta Connectivity Labs,Telecom,Europe,,Webinar,"['Opportunity', 'AutoSens_Tech_Talk', 'Oscilloscope_Selector_Tool', 'AutoSens_Tech_Talk', 'Loaner_Unit_Evaluation', 'DesignCon_Booth_Visit', 'Customer']",1
L008597,Kenji Lee,Qualcomm,Electronics,,PathWave Software,,"['IMS_Badge_Scan', 'Website_Product_Page', 'IMS_Badge_Scan', 'Lab_Integration_Discussion', 'Customer']",1
L008598,Priya Williams,,Aerospace,APAC,Oscilloscopes,Webinar,"['Application_Engineer_Call', 'PathWave_Trial_Request', 'Keysight_University_Course', 'Whitepaper_Download_5G_Test', 'Customer']",1
L008599,Priya Khan,Broadcom GmbH,Aerospace,LATAM,5G Testbeds,Sales Outreach,['No_Conversion'],0
L008600,,Rayth_Tech,Automotive,North America,PathWave Software,,"['Lab_Integration_Discussion', 'PathWave_Trial_Request', 'SQL', 'No_Conversion']",0
L008601,Maria Williams,Samsung Electronics,,APAC,5G Testbeds,LinkedIn,"['Website_Product_Page', 'Keysight_University_Course', 'Customer']",1
L008602,Kenji Chen,Tesla Energy,Electronics,APAC,PathWave Software,Email Campaign,"['LinkedIn_Ad_Click', 'Keysight_Workshop_RF_Testing', 'SQL', 'SQL', 'Customer']",1
L008603,Maria Lee,Sony_Tech,,,,Webinar,['Customer'],1
L008604,Kenji Chen,Infineon GmbH,Electronics,APAC,PathWave Software,Email Campaign,"['Lab_Integration_Discussion', 'Keysight_University_Course', 'MQL', 'IMS_Badge_Scan', 'MQL', 'Oscilloscope_Selector_Tool', 'SQL', 'Oscilloscope_Selector_Tool', 'Customer']",1
L008605,Daniel Martinez,NXP Semiconductors GmbH,Automotive,,Oscilloscopes,,"['Opportunity', 'Technical_Demo', 'Oscilloscope_Selector_Tool', 'No_Conversion']",0
L008606,Chen Singh,NXP Semiconductors,Electronics,APAC,,Email Campaign,"['DesignCon_Booth_Visit', 'Application_Engineer_Call', 'SQL', 'Website_Product_Page', 'Customer']",1
L008607,Laura Anders,Bosch_Tech,Automotive,APAC,Oscilloscopes,LinkedIn,"['Whitepaper_Download_5G_Test', 'Customer']",1
L008608,Michael Martinez,,,North America,,Website,['No_Conversion'],0
L008609,,Samsung Electronics GmbH,Electronics,APAC,Oscilloscopes,Website,"['Opportunity', 'Keysight_University_Course', 'MQL', 'Customer']",1
L008610,Maria Garcia,Samsung Electronics GmbH,Electronics,,,Website,"['Keysight_Workshop_RF_Testing', 'SQL', 'Customer']",1
L008611,Sofia Garcia,Broad_Tech,Telecom,North America,,Email Campaign,"['Opportunity', 'Oscilloscope_Selector_Tool', 'DesignCon_Booth_Visit', 'Opportunity', 'Opportunity', 'AutoSens_Tech_Talk', 'DesignCon_Booth_Visit', 'No_Conversion']",0
L008612,Ahmed Johnson,,Automotive,North America,5G Testbeds,Email Campaign,"['AutoSens_Tech_Talk', 'Keysight_Workshop_RF_Testing', 'Customer']",1
L008613,Sarah Chen,Sony,Electronics,LATAM,5G Testbeds,,"['AutoSens_Tech_Talk', 'PathWave_Trial_Request', 'SQL', 'DesignCon_Booth_Visit', 'SQL', 'Lab_Integration_Discussion', 'Website_Product_Page', 'Website_Product_Page', 'Loaner_Unit_Evaluation', 'DesignCon_Booth_Visit', 'Customer']",1
L008614,Kenji Williams,,Telecom,APAC,Automotive Ethernet,Email Campaign,['No_Conversion'],0
L008615,Sarah Anders,Samsung Electronics GmbH,,Europe,5G Testbeds,Webinar,"['Technical_Demo', 'AutoSens_Tech_Talk', 'Website_Product_Page', 'Opportunity', 'Loaner_Unit_Evaluation', 'Opportunity', 'Technical_Demo', 'No_Conversion']",0
L008616,Daniel Lee,Infineon,,LATAM,Oscilloscopes,Email Campaign,"['LinkedIn_Ad_Click', 'Keysight_University_Course', 'Website_Product_Page', 'Customer']",1
L008617,Daniel Johnson,,Aerospace,Europe,Oscilloscopes,Event,"['Technical_Demo', 'Oscilloscope_Selector_Tool', 'Loaner_Unit_Evaluation', 'MQL', 'Oscilloscope_Selector_Tool', 'DesignCon_Booth_Visit', 'MQL', 'Customer']",1
L008618,Ravi Patel,Samsung Electronics,Electronics,Europe,,Website,"['Keysight_University_Course', 'MQL', 'Opportunity', 'No_Conversion']",0
L008619,Chen Johnson,Bosch_Tech,Automotive,APAC,,Event,['Customer'],1
L008620,Sarah Williams,Samsu_Tech,,,Oscilloscopes,,"['Oscilloscope_Selector_Tool', 'Keysight_Workshop_RF_Testing', 'Whitepaper_Download_5G_Test', 'Customer']",1
L008621,Daniel Anders,MetaC_Tech,Aerospace,North America,,Event,"['Application_Engineer_Call', 'Loaner_Unit_Evaluation', 'Oscilloscope_Selector_Tool', 'Technical_Demo', 'Whitepaper_Download_5G_Test', 'Lab_Integration_Discussion', 'No_Conversion']",0
L008622,Chen Williams,Qualc_Tech,,,,Event,"['AutoSens_Tech_Talk', 'PathWave_Trial_Request', 'SQL', 'Application_Engineer_Call', 'MQL', 'Oscilloscope_Selector_Tool', 'Whitepaper_Download_5G_Test', 'Website_Product_Page', 'No_Conversion']",0
L008623,Ravi Khan,Broad_Tech,,North America,,Event,"['DesignCon_Booth_Visit', 'Keysight_University_Course', 'Lab_Integration_Discussion', 'Customer']",1
L008624,Hiroshi Singh,,Aerospace,Europe,PathWave Software,,['Customer'],1
L008625,Sofia Patel,NXP Semiconductors GmbH,Telecom,Europe,,Webinar,"['LinkedIn_Ad_Click', 'Keysight_Workshop_RF_Testing', 'Customer']",1
L008626,Chen Williams,Infin_Tech,Electronics,North America,Automotive Ethernet,Email Campaign,"['Keysight_Workshop_RF_Testing', 'Keysight_University_Course', 'IMS_Badge_Scan', 'Oscilloscope_Selector_Tool', 'Website_Product_Page', 'Opportunity', 'AutoSens_Tech_Talk', 'LinkedIn_Ad_Click', 'LinkedIn_Ad_Click', 'Customer']",1
L008627,Priya Garcia,Bosch,Aerospace,North America,,,"['AutoSens_Tech_Talk', 'Oscilloscope_Selector_Tool', 'Lab_Integration_Discussion', 'Customer']",1
L008628,Michael Patel,NXP Semiconductors,Semiconductor,Europe,,LinkedIn,"['Opportunity', 'PathWave_Trial_Request', 'Application_Engineer_Call', 'Customer']",1
L008629,Chen Tanaka,Bosch GmbH,Aerospace,,,Event,"['Keysight_University_Course', 'Application_Engineer_Call', 'Opportunity', 'PathWave_Trial_Request', 'Oscilloscope_Selector_Tool', 'Technical_Demo', 'Loaner_Unit_Evaluation', 'Lab_Integration_Discussion', 'Customer']",1
L008630,Ravi Garcia,Broadcom GmbH,,LATAM,5G Testbeds,,"['Loaner_Unit_Evaluation', 'Whitepaper_Download_5G_Test', 'Loaner_Unit_Evaluation', 'PathWave_Trial_Request', 'No_Conversion']",0
L008631,Kenji Lee,Broad_Tech,Aerospace,LATAM,5G Testbeds,Sales Outreach,"['Technical_Demo', 'AutoSens_Tech_Talk', 'SQL', 'Oscilloscope_Selector_Tool', 'No_Conversion']",0
L008632,Priya Johnson,Sony GmbH,,LATAM,Automotive Ethernet,Website,"['Oscilloscope_Selector_Tool', 'AutoSens_Tech_Talk', 'Website_Product_Page', 'Customer']",1
L008633,Daniel Patel,MetaC_Tech,Semiconductor,Europe,,Sales Outreach,"['Lab_Integration_Discussion', 'AutoSens_Tech_Talk', 'Opportunity', 'Oscilloscope_Selector_Tool', 'No_Conversion']",0
L008634,Ahmed Tanaka,Raytheon,Aerospace,North America,Automotive Ethernet,Webinar,['No_Conversion'],0
L008635,Hiroshi Garcia,Samsung Electronics GmbH,Semiconductor,,Automotive Ethernet,LinkedIn,"['Loaner_Unit_Evaluation', 'AutoSens_Tech_Talk', 'Website_Product_Page', 'AutoSens_Tech_Talk', 'AutoSens_Tech_Talk', 'PathWave_Trial_Request', 'LinkedIn_Ad_Click', 'Customer']",1
L008636,Maria Anders,Infin_Tech,,APAC,Automotive Ethernet,Webinar,['Customer'],1
L008637,Priya Singh,Meta Connectivity Labs,Telecom,North America,Oscilloscopes,Sales Outreach,['Customer'],1
L008638,Priya Williams,,,APAC,,LinkedIn,"['Oscilloscope_Selector_Tool', 'Oscilloscope_Selector_Tool', 'Keysight_Workshop_RF_Testing', 'Opportunity', 'MQL', 'SQL', 'No_Conversion']",0
L008639,,Sony GmbH,Telecom,LATAM,Oscilloscopes,Event,"['IMS_Badge_Scan', 'Keysight_Workshop_RF_Testing', 'SQL', 'SQL', 'Customer']",1
L008640,Chen Martinez,,Electronics,Europe,PathWave Software,LinkedIn,"['AutoSens_Tech_Talk', 'No_Conversion']",0
L008641,Daniel Khan,Sony,Telecom,Europe,,LinkedIn,['No_Conversion'],0
L008642,Michael Patel,Broadcom GmbH,,Europe,PathWave Software,Event,"['PathWave_Trial_Request', 'AutoSens_Tech_Talk', 'PathWave_Trial_Request', 'Technical_Demo', 'No_Conversion']",0
L008643,Kenji Singh,Raytheon GmbH,Telecom,LATAM,,Email Campaign,"['PathWave_Trial_Request', 'Technical_Demo', 'Technical_Demo', 'Technical_Demo', 'Whitepaper_Download_5G_Test', 'IMS_Badge_Scan', 'Keysight_Workshop_RF_Testing', 'Keysight_Workshop_RF_Testing', 'SQL', 'Customer']",1
L008644,Sofia Williams,Samsu_Tech,,,,,"['MQL', 'No_Conversion']",0
L008645,Hiroshi Johnson,Tesla Energy,,,Oscilloscopes,Email Campaign,"['LinkedIn_Ad_Click', 'SQL', 'Oscilloscope_Selector_Tool', 'Lab_Integration_Discussion', 'IMS_Badge_Scan', 'Technical_Demo', 'Keysight_University_Course', 'Customer']",1
L008646,Kenji Williams,Meta Connectivity Labs,,Europe,PathWave Software,Event,"['Website_Product_Page', 'Keysight_University_Course', 'IMS_Badge_Scan', 'Opportunity', 'PathWave_Trial_Request', 'Opportunity', 'Technical_Demo', 'Customer']",1
L008647,Sarah Patel,NXPSe_Tech,Aerospace,Europe,,LinkedIn,"['Keysight_University_Course', 'Website_Product_Page', 'SQL', 'Lab_Integration_Discussion', 'Oscilloscope_Selector_Tool', 'Technical_Demo', 'Customer']",1
L008648,Kenji Garcia,Raytheon,Telecom,,,,"['Keysight_Workshop_RF_Testing', 'Whitepaper_Download_5G_Test', 'IMS_Badge_Scan', 'AutoSens_Tech_Talk', 'Customer']",1
L008649,,,Semiconductor,North America,Oscilloscopes,Website,"['Application_Engineer_Call', 'Website_Product_Page', 'DesignCon_Booth_Visit', 'Keysight_Workshop_RF_Testing', 'No_Conversion']",0
L008650,Maria Anders,Infin_Tech,Semiconductor,APAC,,Email Campaign,"['Keysight_University_Course', 'Application_Engineer_Call', 'Loaner_Unit_Evaluation', 'Loaner_Unit_Evaluation', 'AutoSens_Tech_Talk', 'Lab_Integration_Discussion', 'LinkedIn_Ad_Click', 'Whitepaper_Download_5G_Test', 'AutoSens_Tech_Talk', 'No_Conversion']",0
L008651,Ahmed Martinez,Broad_Tech,Semiconductor,Europe,Oscilloscopes,LinkedIn,['No_Conversion'],0
L008652,Ahmed Lee,Samsung Electronics GmbH,,,,Event,"['Whitepaper_Download_5G_Test', 'Loaner_Unit_Evaluation', 'Loaner_Unit_Evaluation', 'DesignCon_Booth_Visit', 'Whitepaper_Download_5G_Test', 'Keysight_University_Course', 'No_Conversion']",0
L008653,Sofia Lee,Bosch_Tech,,,,Webinar,"['Lab_Integration_Discussion', 'Lab_Integration_Discussion', 'Keysight_University_Course', 'AutoSens_Tech_Talk', 'DesignCon_Booth_Visit', 'Technical_Demo', 'SQL', 'No_Conversion']",0
L008654,Maria Singh,,Electronics,APAC,5G Testbeds,Event,"['LinkedIn_Ad_Click', 'Lab_Integration_Discussion', 'Lab_Integration_Discussion', 'Lab_Integration_Discussion', 'Loaner_Unit_Evaluation', 'Lab_Integration_Discussion', 'Whitepaper_Download_5G_Test', 'DesignCon_Booth_Visit', 'Customer']",1
L008655,Priya Lee,Sony_Tech,Telecom,North America,Oscilloscopes,,"['Lab_Integration_Discussion', 'Lab_Integration_Discussion', 'Customer']",1
L008656,,,Automotive,LATAM,,,['No_Conversion'],0
L008657,Laura Johnson,Infineon,Semiconductor,LATAM,5G Testbeds,Email Campaign,"['Oscilloscope_Selector_Tool', 'IMS_Badge_Scan', 'Website_Product_Page', 'Application_Engineer_Call', 'SQL', 'Technical_Demo', 'PathWave_Trial_Request', 'Lab_Integration_Discussion', 'Lab_Integration_Discussion', 'Customer']",1
L008658,Sarah Garcia,Samsung Electronics,Electronics,Europe,,LinkedIn,"['Keysight_Workshop_RF_Testing', 'DesignCon_Booth_Visit', 'MQL', 'Customer']",1
L008659,Maria Patel,Tesla Energy,Telecom,APAC,PathWave Software,Email Campaign,"['Opportunity', 'SQL', 'Technical_Demo', 'Lab_Integration_Discussion', 'Customer']",1
L008660,Maria Johnson,,Automotive,,Automotive Ethernet,Email Campaign,"['AutoSens_Tech_Talk', 'Technical_Demo', 'PathWave_Trial_Request', 'LinkedIn_Ad_Click', 'No_Conversion']",0
L008661,Daniel Chen,Samsu_Tech,Electronics,LATAM,,Website,"['Opportunity', 'AutoSens_Tech_Talk', 'MQL', 'LinkedIn_Ad_Click', 'Opportunity', 'Customer']",1
L008662,Hiroshi Patel,Broadcom GmbH,Semiconductor,Europe,,LinkedIn,['Customer'],1
L008663,Priya Singh,,Automotive,,,Webinar,"['Loaner_Unit_Evaluation', 'PathWave_Trial_Request', 'AutoSens_Tech_Talk', 'Keysight_Workshop_RF_Testing', 'Loaner_Unit_Evaluation', 'PathWave_Trial_Request', 'DesignCon_Booth_Visit', 'LinkedIn_Ad_Click', 'LinkedIn_Ad_Click', 'Customer']",1
L008664,Sarah Johnson,Bosch GmbH,,Europe,Oscilloscopes,LinkedIn,"['DesignCon_Booth_Visit', 'Technical_Demo', 'Application_Engineer_Call', 'DesignCon_Booth_Visit', 'Whitepaper_Download_5G_Test', 'Opportunity', 'Whitepaper_Download_5G_Test', 'Loaner_Unit_Evaluation', 'No_Conversion']",0
L008665,Priya Singh,NXPSe_Tech,Telecom,North America,Oscilloscopes,Website,"['Website_Product_Page', 'PathWave_Trial_Request', 'Application_Engineer_Call', 'Technical_Demo', 'Keysight_Workshop_RF_Testing', 'Website_Product_Page', 'Customer']",1
L008666,Laura Patel,Raytheon GmbH,Electronics,Europe,PathWave Software,Email Campaign,"['Application_Engineer_Call', 'Lab_Integration_Discussion', 'Whitepaper_Download_5G_Test', 'Loaner_Unit_Evaluation', 'Lab_Integration_Discussion', 'Keysight_Workshop_RF_Testing', 'No_Conversion']",0
L008667,Ahmed Patel,,Semiconductor,Europe,Automotive Ethernet,,"['PathWave_Trial_Request', 'AutoSens_Tech_Talk', 'MQL', 'DesignCon_Booth_Visit', 'Customer']",1
L008668,Chen Johnson,,Automotive,,Oscilloscopes,Website,"['Keysight_University_Course', 'MQL', 'SQL', 'Keysight_Workshop_RF_Testing', 'Customer']",1
L008669,Daniel Patel,NXP Semiconductors,Automotive,Europe,,Email Campaign,"['Website_Product_Page', 'AutoSens_Tech_Talk', 'Keysight_Workshop_RF_Testing', 'Keysight_University_Course', 'MQL', 'PathWave_Trial_Request', 'Loaner_Unit_Evaluation', 'Keysight_University_Course', 'No_Conversion']",0
L008670,Ravi Tanaka,,,North America,Oscilloscopes,Email Campaign,"['Application_Engineer_Call', 'Keysight_Workshop_RF_Testing', 'MQL', 'Application_Engineer_Call', 'IMS_Badge_Scan', 'Opportunity', 'DesignCon_Booth_Visit', 'DesignCon_Booth_Visit', 'Technical_Demo', 'No_Conversion']",0
L008671,Laura Martinez,Infin_Tech,Electronics,,PathWave Software,Webinar,"['PathWave_Trial_Request', 'Oscilloscope_Selector_Tool', 'DesignCon_Booth_Visit', 'No_Conversion']",0
L008672,Ravi Chen,Broad_Tech,Semiconductor,LATAM,Oscilloscopes,Email Campaign,"['Technical_Demo', 'SQL', 'IMS_Badge_Scan', 'Keysight_Workshop_RF_Testing', 'No_Conversion']",0
L008673,Sofia Chen,,Telecom,North America,5G Testbeds,Website,"['Technical_Demo', 'Technical_Demo', 'Lab_Integration_Discussion', 'Oscilloscope_Selector_Tool', 'Keysight_Workshop_RF_Testing', 'Website_Product_Page', 'Customer']",1
L008674,Chen Williams,Infin_Tech,Telecom,,PathWave Software,Webinar,"['Keysight_Workshop_RF_Testing', 'SQL', 'IMS_Badge_Scan', 'Customer']",1
L008675,Michael Williams,Raytheon GmbH,Aerospace,North America,PathWave Software,Webinar,"['Whitepaper_Download_5G_Test', 'Oscilloscope_Selector_Tool', 'Customer']",1
L008676,Chen Williams,Broadcom,,,Automotive Ethernet,LinkedIn,"['Loaner_Unit_Evaluation', 'Oscilloscope_Selector_Tool', 'Application_Engineer_Call', 'Lab_Integration_Discussion', 'Customer']",1
L008677,Kenji Williams,Raytheon,Automotive,North America,Oscilloscopes,LinkedIn,"['Loaner_Unit_Evaluation', 'No_Conversion']",0
L008678,Kenji Anders,Infineon,Semiconductor,APAC,,Website,"['AutoSens_Tech_Talk', 'SQL', 'DesignCon_Booth_Visit', 'Lab_Integration_Discussion', 'Technical_Demo', 'Oscilloscope_Selector_Tool', 'Lab_Integration_Discussion', 'Keysight_University_Course', 'DesignCon_Booth_Visit', 'No_Conversion']",0
L008679,Michael Martinez,Tesla_Tech,Electronics,LATAM,,Email Campaign,['No_Conversion'],0
L008680,Hiroshi Lee,Tesla_Tech,Telecom,LATAM,PathWave Software,Event,"['MQL', 'Loaner_Unit_Evaluation', 'DesignCon_Booth_Visit', 'Keysight_Workshop_RF_Testing', 'No_Conversion']",0
L008681,Priya Garcia,Samsu_Tech,,,,Sales Outreach,"['Loaner_Unit_Evaluation', 'No_Conversion']",0
L008682,,,,,,,"['PathWave_Trial_Request', 'Customer']",1
L008683,Michael Williams,Infineon,Electronics,APAC,Oscilloscopes,Website,"['Oscilloscope_Selector_Tool', 'AutoSens_Tech_Talk', 'AutoSens_Tech_Talk', 'AutoSens_Tech_Talk', 'LinkedIn_Ad_Click', 'No_Conversion']",0
L008684,Kenji Williams,MetaC_Tech,Aerospace,,PathWave Software,LinkedIn,"['Website_Product_Page', 'Oscilloscope_Selector_Tool', 'PathWave_Trial_Request', 'Keysight_Workshop_RF_Testing', 'Application_Engineer_Call', 'DesignCon_Booth_Visit', 'Opportunity', 'SQL', 'LinkedIn_Ad_Click', 'PathWave_Trial_Request', 'No_Conversion']",0
L008685,,Infin_Tech,Semiconductor,LATAM,5G Testbeds,Event,['No_Conversion'],0
L008686,Ahmed Ito,Bosch GmbH,,,,LinkedIn,['No_Conversion'],0
L008687,Daniel Garcia,Raytheon,,Europe,PathWave Software,Sales Outreach,"['PathWave_Trial_Request', 'No_Conversion']",0
L008688,Daniel Martinez,Samsung Electronics GmbH,Aerospace,LATAM,5G Testbeds,Email Campaign,"['IMS_Badge_Scan', 'Application_Engineer_Call', 'Opportunity', 'Customer']",1
L008689,Michael Patel,Sony GmbH,Electronics,APAC,,Website,"['AutoSens_Tech_Talk', 'No_Conversion']",0
L008690,,Sony_Tech,Automotive,APAC,,Email Campaign,['No_Conversion'],0
L008691,Ravi Anders,Broad_Tech,Aerospace,,,Event,"['Whitepaper_Download_5G_Test', 'Application_Engineer_Call', 'Keysight_Workshop_RF_Testing', 'MQL', 'Customer']",1
L008692,Chen Anders,Qualcomm,Semiconductor,North America,5G Testbeds,LinkedIn,"['PathWave_Trial_Request', 'Application_Engineer_Call', 'Customer']",1
L008693,Priya Martinez,,Automotive,,,,"['Whitepaper_Download_5G_Test', 'SQL', 'Customer']",1
L008694,Laura Williams,Broadcom,Semiconductor,LATAM,5G Testbeds,LinkedIn,"['SQL', 'Application_Engineer_Call', 'SQL', 'DesignCon_Booth_Visit', 'IMS_Badge_Scan', 'LinkedIn_Ad_Click', 'Keysight_University_Course', 'Oscilloscope_Selector_Tool', 'Customer']",1
L008695,Priya Chen,Bosch GmbH,Semiconductor,,PathWave Software,Sales Outreach,"['MQL', 'MQL', 'IMS_Badge_Scan', 'Application_Engineer_Call', 'Customer']",1
L008696,Ahmed Khan,Sony_Tech,Automotive,North America,,Event,"['Lab_Integration_Discussion', 'LinkedIn_Ad_Click', 'Whitepaper_Download_5G_Test', 'Customer']",1
L008697,,NXPSe_Tech,Electronics,APAC,PathWave Software,,"['AutoSens_Tech_Talk', 'Keysight_Workshop_RF_Testing', 'Oscilloscope_Selector_Tool', 'Oscilloscope_Selector_Tool', 'LinkedIn_Ad_Click', 'Customer']",1
L008698,Sofia Chen,Sony,Automotive,North America,,LinkedIn,"['Opportunity', 'Loaner_Unit_Evaluation', 'LinkedIn_Ad_Click', 'SQL', 'Customer']",1
L008699,Sarah Anders,NXP Semiconductors,Semiconductor,North America,PathWave Software,,"['LinkedIn_Ad_Click', 'Whitepaper_Download_5G_Test', 'No_Conversion']",0
L008700,Sarah Lee,NXP Semiconductors,Electronics,LATAM,5G Testbeds,Event,"['Oscilloscope_Selector_Tool', 'Oscilloscope_Selector_Tool', 'MQL', 'Opportunity', 'Loaner_Unit_Evaluation', 'Loaner_Unit_Evaluation', 'Whitepaper_Download_5G_Test', 'No_Conversion']",0
L008701,Priya Anders,Broadcom,Telecom,Europe,,LinkedIn,"['Lab_Integration_Discussion', 'PathWave_Trial_Request', 'No_Conversion']",0
L008702,Ravi Ito,,Aerospace,APAC,Oscilloscopes,LinkedIn,"['LinkedIn_Ad_Click', 'AutoSens_Tech_Talk', 'Website_Product_Page', 'Keysight_Workshop_RF_Testing', 'Customer']",1
L008703,Kenji Patel,,Electronics,Europe,Automotive Ethernet,Event,"['Oscilloscope_Selector_Tool', 'AutoSens_Tech_Talk', 'Whitepaper_Download_5G_Test', 'Lab_Integration_Discussion', 'AutoSens_Tech_Talk', 'Technical_Demo', 'Lab_Integration_Discussion', 'Oscilloscope_Selector_Tool', 'Loaner_Unit_Evaluation', 'IMS_Badge_Scan', 'Customer']",1
L008704,Hiroshi Ito,Broadcom,Electronics,LATAM,Oscilloscopes,Webinar,"['Whitepaper_Download_5G_Test', 'Whitepaper_Download_5G_Test', 'Keysight_University_Course', 'Technical_Demo', 'PathWave_Trial_Request', 'Lab_Integration_Discussion', 'Customer']",1
L008705,Laura Chen,Infineon,Semiconductor,APAC,PathWave Software,,"['AutoSens_Tech_Talk', 'Technical_Demo', 'LinkedIn_Ad_Click', 'MQL', 'No_Conversion']",0
L008706,Priya Singh,,Electronics,North America,Oscilloscopes,Event,"['Oscilloscope_Selector_Tool', 'Keysight_University_Course', 'Keysight_University_Course', 'Oscilloscope_Selector_Tool', 'PathWave_Trial_Request', 'Website_Product_Page', 'Customer']",1
L008707,Kenji Patel,Tesla Energy,Aerospace,North America,,Sales Outreach,"['IMS_Badge_Scan', 'Website_Product_Page', 'Oscilloscope_Selector_Tool', 'Keysight_Workshop_RF_Testing', 'AutoSens_Tech_Talk', 'AutoSens_Tech_Talk', 'Keysight_University_Course', 'Customer']",1
L008708,Chen Anders,,,APAC,Oscilloscopes,Website,"['MQL', 'Opportunity', 'Keysight_University_Course', 'Oscilloscope_Selector_Tool', 'SQL', 'Loaner_Unit_Evaluation', 'No_Conversion']",0
L008709,,Broadcom GmbH,Telecom,,Automotive Ethernet,Webinar,"['SQL', 'PathWave_Trial_Request', 'Lab_Integration_Discussion', 'DesignCon_Booth_Visit', 'Oscilloscope_Selector_Tool', 'Keysight_University_Course', 'Technical_Demo', 'IMS_Badge_Scan', 'Customer']",1
L008710,Priya Patel,Infineon GmbH,Telecom,LATAM,5G Testbeds,Webinar,"['Lab_Integration_Discussion', 'Lab_Integration_Discussion', 'Keysight_University_Course', 'Opportunity', 'Customer']",1
L008711,Daniel Martinez,Bosch GmbH,,Europe,Oscilloscopes,LinkedIn,"['Whitepaper_Download_5G_Test', 'Keysight_Workshop_RF_Testing', 'AutoSens_Tech_Talk', 'Customer']",1
L008712,Michael Lee,Bosch_Tech,,,,,"['Technical_Demo', 'Whitepaper_Download_5G_Test', 'MQL', 'SQL', 'Customer']",1
L008713,Maria Johnson,,Aerospace,LATAM,Oscilloscopes,Event,['Customer'],1
L008714,Laura Lee,Bosch GmbH,,APAC,,Webinar,"['SQL', 'Technical_Demo', 'AutoSens_Tech_Talk', 'Whitepaper_Download_5G_Test', 'Oscilloscope_Selector_Tool', 'AutoSens_Tech_Talk', 'Customer']",1
L008715,Sofia Anders,Raytheon,Aerospace,LATAM,5G Testbeds,Webinar,"['Lab_Integration_Discussion', 'DesignCon_Booth_Visit', 'Keysight_University_Course', 'MQL', 'Oscilloscope_Selector_Tool', 'Opportunity', 'Customer']",1
L008716,Ahmed Singh,Meta Connectivity Labs,Aerospace,Europe,,Email Campaign,"['Whitepaper_Download_5G_Test', 'Application_Engineer_Call', 'Website_Product_Page', 'Keysight_Workshop_RF_Testing', 'LinkedIn_Ad_Click', 'MQL', 'Customer']",1
L008717,Ahmed Anders,NXPSe_Tech,,Europe,Automotive Ethernet,Website,"['LinkedIn_Ad_Click', 'AutoSens_Tech_Talk', 'Customer']",1
L008718,Michael Lee,Tesla_Tech,,Europe,,,"['Keysight_University_Course', 'Loaner_Unit_Evaluation', 'PathWave_Trial_Request', 'Oscilloscope_Selector_Tool', 'DesignCon_Booth_Visit', 'Loaner_Unit_Evaluation', 'Keysight_University_Course', 'Website_Product_Page', 'Keysight_Workshop_RF_Testing', 'No_Conversion']",0
L008719,Laura Garcia,,,North America,Oscilloscopes,LinkedIn,"['Application_Engineer_Call', 'Technical_Demo', 'Opportunity', 'Customer']",1
L008720,,Broadcom GmbH,Semiconductor,,PathWave Software,Event,"['Keysight_University_Course', 'Loaner_Unit_Evaluation', 'AutoSens_Tech_Talk', 'Keysight_University_Course', 'IMS_Badge_Scan', 'Oscilloscope_Selector_Tool', 'Technical_Demo', 'LinkedIn_Ad_Click', 'Website_Product_Page', 'Technical_Demo', 'No_Conversion']",0
L008721,Sarah Singh,Infin_Tech,Telecom,LATAM,5G Testbeds,Website,"['IMS_Badge_Scan', 'Website_Product_Page', 'Technical_Demo', 'Customer']",1
L008722,Ravi Chen,Bosch GmbH,Telecom,North America,,LinkedIn,"['Keysight_University_Course', 'AutoSens_Tech_Talk', 'Whitepaper_Download_5G_Test', 'No_Conversion']",0
L008723,Sofia Williams,,Telecom,Europe,5G Testbeds,Website,"['Oscilloscope_Selector_Tool', 'Loaner_Unit_Evaluation', 'Keysight_University_Course', 'Customer']",1
L008724,Michael Singh,,Electronics,,Oscilloscopes,Website,"['Technical_Demo', 'SQL', 'Website_Product_Page', 'Whitepaper_Download_5G_Test', 'MQL', 'DesignCon_Booth_Visit', 'Application_Engineer_Call', 'Loaner_Unit_Evaluation', 'Technical_Demo', 'Keysight_University_Course', 'No_Conversion']",0
L008725,Chen Williams,,,North America,Automotive Ethernet,LinkedIn,"['Technical_Demo', 'PathWave_Trial_Request', 'Technical_Demo', 'AutoSens_Tech_Talk', 'Application_Engineer_Call', 'PathWave_Trial_Request', 'Customer']",1
L008726,Ahmed Johnson,NXP Semiconductors,Telecom,Europe,PathWave Software,Webinar,"['Technical_Demo', 'PathWave_Trial_Request', 'Customer']",1
L008727,Priya Lee,Sony GmbH,Semiconductor,APAC,,Webinar,"['LinkedIn_Ad_Click', 'PathWave_Trial_Request', 'Whitepaper_Download_5G_Test', 'Keysight_Workshop_RF_Testing', 'DesignCon_Booth_Visit', 'PathWave_Trial_Request', 'Keysight_University_Course', 'Loaner_Unit_Evaluation', 'No_Conversion']",0
L008728,Sarah Khan,Qualcomm,,Europe,,Website,"['PathWave_Trial_Request', 'LinkedIn_Ad_Click', 'DesignCon_Booth_Visit', 'LinkedIn_Ad_Click', 'SQL', 'IMS_Badge_Scan', 'IMS_Badge_Scan', 'Application_Engineer_Call', 'Keysight_University_Course', 'Customer']",1
L008729,Ravi Singh,Infineon,Aerospace,,,Website,"['MQL', 'Keysight_University_Course', 'MQL', 'IMS_Badge_Scan', 'MQL', 'No_Conversion']",0
L008730,Maria Garcia,Raytheon GmbH,Electronics,LATAM,5G Testbeds,,['Customer'],1
L008731,Ahmed Chen,Sony,,Europe,,Website,"['SQL', 'IMS_Badge_Scan', 'Keysight_University_Course', 'Keysight_Workshop_RF_Testing', 'No_Conversion']",0
L008732,Michael Khan,,,,,Website,"['Opportunity', 'Technical_Demo', 'Lab_Integration_Discussion', 'No_Conversion']",0
L008733,Ravi Lee,,Aerospace,North America,Automotive Ethernet,LinkedIn,['No_Conversion'],0
L008734,Ahmed Martinez,,Telecom,,5G Testbeds,Website,"['AutoSens_Tech_Talk', 'SQL', 'Loaner_Unit_Evaluation', 'Application_Engineer_Call', 'Customer']",1
L008735,Laura Tanaka,,Electronics,,Oscilloscopes,,"['Website_Product_Page', 'Keysight_Workshop_RF_Testing', 'Application_Engineer_Call', 'SQL', 'Website_Product_Page', 'No_Conversion']",0
L008736,Hiroshi Patel,,Automotive,Europe,Oscilloscopes,Website,"['AutoSens_Tech_Talk', 'Keysight_Workshop_RF_Testing', 'Customer']",1
L008737,Ahmed Chen,Bosch,Telecom,,,Webinar,"['IMS_Badge_Scan', 'MQL', 'DesignCon_Booth_Visit', 'AutoSens_Tech_Talk', 'Oscilloscope_Selector_Tool', 'Oscilloscope_Selector_Tool', 'IMS_Badge_Scan', 'PathWave_Trial_Request', 'Customer']",1
L008738,Chen Singh,Infineon GmbH,Semiconductor,North America,5G Testbeds,Email Campaign,"['DesignCon_Booth_Visit', 'Keysight_Workshop_RF_Testing', 'DesignCon_Booth_Visit', 'LinkedIn_Ad_Click', 'LinkedIn_Ad_Click', 'Keysight_University_Course', 'No_Conversion']",0
L008739,Chen Garcia,Qualcomm,,LATAM,,Sales Outreach,"['PathWave_Trial_Request', 'Keysight_Workshop_RF_Testing', 'Website_Product_Page', 'Customer']",1
L008740,,Bosch,Aerospace,,,Email Campaign,"['LinkedIn_Ad_Click', 'Whitepaper_Download_5G_Test', 'Oscilloscope_Selector_Tool', 'Technical_Demo', 'Customer']",1
L008741,Daniel Chen,,Semiconductor,North America,PathWave Software,Event,['No_Conversion'],0
L008742,Sarah Martinez,Infineon GmbH,Electronics,Europe,,,"['SQL', 'AutoSens_Tech_Talk', 'Keysight_Workshop_RF_Testing', 'IMS_Badge_Scan', 'Lab_Integration_Discussion', 'Application_Engineer_Call', 'Technical_Demo', 'Website_Product_Page', 'MQL', 'Technical_Demo', 'Customer']",1
L008743,Kenji Patel,Broadcom,Automotive,North America,PathWave Software,Event,"['MQL', 'MQL', 'Oscilloscope_Selector_Tool', 'Oscilloscope_Selector_Tool', 'Customer']",1
L008744,Kenji Lee,Broadcom,Telecom,,,Webinar,"['SQL', 'Application_Engineer_Call', 'Whitepaper_Download_5G_Test', 'Website_Product_Page', 'No_Conversion']",0
L008745,Priya Singh,,Electronics,North America,Oscilloscopes,Website,"['MQL', 'Oscilloscope_Selector_Tool', 'Application_Engineer_Call', 'Technical_Demo', 'AutoSens_Tech_Talk', 'No_Conversion']",0
L008746,,Tesla_Tech,,North America,5G Testbeds,Webinar,"['Keysight_Workshop_RF_Testing', 'Oscilloscope_Selector_Tool', 'PathWave_Trial_Request', 'Customer']",1
L008747,Ravi Garcia,Sony_Tech,Electronics,North America,5G Testbeds,Webinar,"['SQL', 'Application_Engineer_Call', 'DesignCon_Booth_Visit', 'Customer']",1
L008748,Sofia Singh,Bosch,Automotive,North America,,Webinar,"['IMS_Badge_Scan', 'MQL', 'AutoSens_Tech_Talk', 'Technical_Demo', 'Website_Product_Page', 'PathWave_Trial_Request', 'Customer']",1
L008749,Ahmed Tanaka,Sony_Tech,Telecom,Europe,Automotive Ethernet,Event,['Customer'],1
L008750,Sofia Ito,Tesla Energy GmbH,,LATAM,,Webinar,['No_Conversion'],0
L008751,,Bosch,Semiconductor,,5G Testbeds,,"['Technical_Demo', 'Application_Engineer_Call', 'SQL', 'Oscilloscope_Selector_Tool', 'Customer']",1
L008752,Kenji Tanaka,NXP Semiconductors,,Europe,5G Testbeds,,"['Keysight_Workshop_RF_Testing', 'Keysight_University_Course', 'MQL', 'Website_Product_Page', 'Oscilloscope_Selector_Tool', 'No_Conversion']",0
L008753,Michael Garcia,,Aerospace,Europe,,Event,"['Loaner_Unit_Evaluation', 'Oscilloscope_Selector_Tool', 'IMS_Badge_Scan', 'Application_Engineer_Call', 'Keysight_Workshop_RF_Testing', 'Technical_Demo', 'Application_Engineer_Call', 'No_Conversion']",0
L008754,Sofia Tanaka,MetaC_Tech,,LATAM,5G Testbeds,Email Campaign,"['Oscilloscope_Selector_Tool', 'Oscilloscope_Selector_Tool', 'Loaner_Unit_Evaluation', 'Website_Product_Page', 'Keysight_University_Course', 'IMS_Badge_Scan', 'Customer']",1
L008755,Daniel Williams,,,,,Webinar,['No_Conversion'],0
L008756,Kenji Patel,,Semiconductor,APAC,Oscilloscopes,Webinar,"['IMS_Badge_Scan', 'DesignCon_Booth_Visit', 'DesignCon_Booth_Visit', 'MQL', 'Whitepaper_Download_5G_Test', 'Customer']",1
L008757,Ravi Chen,Samsung Electronics GmbH,Automotive,,Automotive Ethernet,Event,"['IMS_Badge_Scan', 'Oscilloscope_Selector_Tool', 'SQL', 'IMS_Badge_Scan', 'Lab_Integration_Discussion', 'MQL', 'Loaner_Unit_Evaluation', 'Oscilloscope_Selector_Tool', 'Lab_Integration_Discussion', 'No_Conversion']",0
L008758,Michael Garcia,Bosch_Tech,,Europe,,Sales Outreach,['Customer'],1
L008759,,Qualcomm,,,,Website,"['Oscilloscope_Selector_Tool', 'Website_Product_Page', 'PathWave_Trial_Request', 'No_Conversion']",0
L008760,Maria Chen,Sony,Automotive,Europe,,LinkedIn,['Customer'],1
L008761,Ahmed Williams,Qualc_Tech,Electronics,,,Sales Outreach,"['SQL', 'Website_Product_Page', 'Oscilloscope_Selector_Tool', 'Oscilloscope_Selector_Tool', 'No_Conversion']",0
L008762,Ahmed Ito,,,,Oscilloscopes,LinkedIn,"['Oscilloscope_Selector_Tool', 'Customer']",1
L008763,Sofia Tanaka,,Aerospace,,5G Testbeds,Email Campaign,['No_Conversion'],0
L008764,Sofia Williams,Raytheon,Aerospace,,Automotive Ethernet,,"['Lab_Integration_Discussion', 'Keysight_Workshop_RF_Testing', 'DesignCon_Booth_Visit', 'LinkedIn_Ad_Click', 'No_Conversion']",0
L008765,Chen Johnson,NXP Semiconductors,,LATAM,Automotive Ethernet,Event,"['IMS_Badge_Scan', 'Oscilloscope_Selector_Tool', 'Technical_Demo', 'Website_Product_Page', 'Whitepaper_Download_5G_Test', 'Loaner_Unit_Evaluation', 'Whitepaper_Download_5G_Test', 'Keysight_University_Course', 'Application_Engineer_Call', 'Customer']",1
L008766,Sarah Singh,Qualcomm GmbH,Semiconductor,APAC,,LinkedIn,['Customer'],1
L008767,Laura Singh,Raytheon GmbH,Aerospace,APAC,5G Testbeds,Email Campaign,"['Opportunity', 'PathWave_Trial_Request', 'No_Conversion']",0
L008768,Daniel Martinez,,Telecom,LATAM,,Webinar,"['Whitepaper_Download_5G_Test', 'Opportunity', 'Keysight_University_Course', 'SQL', 'Whitepaper_Download_5G_Test', 'Keysight_University_Course', 'Oscilloscope_Selector_Tool', 'No_Conversion']",0
L008769,Maria Martinez,,,Europe,PathWave Software,Webinar,"['Loaner_Unit_Evaluation', 'SQL', 'SQL', 'Website_Product_Page', 'Application_Engineer_Call', 'AutoSens_Tech_Talk', 'LinkedIn_Ad_Click', 'Opportunity', 'Keysight_Workshop_RF_Testing', 'No_Conversion']",0
L008770,Sarah Singh,,Electronics,North America,Oscilloscopes,Event,"['PathWave_Trial_Request', 'Technical_Demo', 'Loaner_Unit_Evaluation', 'Oscilloscope_Selector_Tool', 'Oscilloscope_Selector_Tool', 'Keysight_University_Course', 'No_Conversion']",0
L008771,Kenji Johnson,Sony,Electronics,APAC,,Email Campaign,"['PathWave_Trial_Request', 'DesignCon_Booth_Visit', 'Whitepaper_Download_5G_Test', 'Opportunity', 'Keysight_University_Course', 'Whitepaper_Download_5G_Test', 'Application_Engineer_Call', 'Customer']",1
L008772,Ravi Johnson,Tesla Energy,Aerospace,APAC,Oscilloscopes,Website,"['Website_Product_Page', 'Lab_Integration_Discussion', 'PathWave_Trial_Request', 'MQL', 'IMS_Badge_Scan', 'Opportunity', 'SQL', 'IMS_Badge_Scan', 'Customer']",1
L008773,,Infineon GmbH,Aerospace,North America,Automotive Ethernet,,"['AutoSens_Tech_Talk', 'MQL', 'LinkedIn_Ad_Click', 'Oscilloscope_Selector_Tool', 'Loaner_Unit_Evaluation', 'PathWave_Trial_Request', 'Keysight_University_Course', 'Customer']",1
L008774,Daniel Anders,MetaC_Tech,,APAC,,Event,"['Oscilloscope_Selector_Tool', 'Keysight_Workshop_RF_Testing', 'Oscilloscope_Selector_Tool', 'PathWave_Trial_Request', 'Keysight_University_Course', 'Lab_Integration_Discussion', 'AutoSens_Tech_Talk', 'Lab_Integration_Discussion', 'Application_Engineer_Call', 'Customer']",1
L008775,Sofia Martinez,,Telecom,,,LinkedIn,['Customer'],1
L008776,Ravi Garcia,Rayth_Tech,Automotive,North America,PathWave Software,Webinar,"['Technical_Demo', 'Loaner_Unit_Evaluation', 'Opportunity', 'Customer']",1
L008777,Chen Patel,Tesla_Tech,,,5G Testbeds,Webinar,"['MQL', 'Technical_Demo', 'Opportunity', 'IMS_Badge_Scan', 'Lab_Integration_Discussion', 'IMS_Badge_Scan', 'Keysight_Workshop_RF_Testing', 'No_Conversion']",0
L008778,Priya Chen,Raytheon GmbH,Electronics,North America,Automotive Ethernet,LinkedIn,"['Keysight_Workshop_RF_Testing', 'Keysight_Workshop_RF_Testing', 'No_Conversion']",0
L008779,Priya Patel,Meta Connectivity Labs GmbH,Telecom,APAC,,,"['DesignCon_Booth_Visit', 'Technical_Demo', 'Technical_Demo', 'MQL', 'Keysight_Workshop_RF_Testing', 'No_Conversion']",0
L008780,Kenji Garcia,,Electronics,North America,Automotive Ethernet,Sales Outreach,"['Application_Engineer_Call', 'LinkedIn_Ad_Click', 'LinkedIn_Ad_Click', 'No_Conversion']",0
L008781,Sofia Khan,Qualcomm,Semiconductor,,5G Testbeds,Email Campaign,['No_Conversion'],0
L008782,Ravi Garcia,Raytheon GmbH,,Europe,,Email Campaign,['Customer'],1
L008783,Kenji Johnson,Infineon GmbH,,,Oscilloscopes,Sales Outreach,"['Whitepaper_Download_5G_Test', 'SQL', 'Customer']",1
L008784,Sarah Johnson,Sony GmbH,,LATAM,Oscilloscopes,Webinar,"['Loaner_Unit_Evaluation', 'Whitepaper_Download_5G_Test', 'No_Conversion']",0
L008785,Michael Tanaka,Infineon GmbH,,APAC,Automotive Ethernet,Webinar,"['Oscilloscope_Selector_Tool', 'DesignCon_Booth_Visit', 'Loaner_Unit_Evaluation', 'Loaner_Unit_Evaluation', 'Application_Engineer_Call', 'No_Conversion']",0
L008786,Daniel Martinez,,Aerospace,LATAM,Automotive Ethernet,Website,"['LinkedIn_Ad_Click', 'MQL', 'No_Conversion']",0
L008787,Kenji Patel,Raytheon,Automotive,Europe,5G Testbeds,Sales Outreach,"['Loaner_Unit_Evaluation', 'Website_Product_Page', 'Opportunity', 'No_Conversion']",0
L008788,Michael Johnson,Samsu_Tech,,,Automotive Ethernet,Email Campaign,"['IMS_Badge_Scan', 'Lab_Integration_Discussion', 'No_Conversion']",0
L008789,,Rayth_Tech,,LATAM,PathWave Software,Website,"['Keysight_Workshop_RF_Testing', 'Website_Product_Page', 'Lab_Integration_Discussion', 'Opportunity', 'Customer']",1
L008790,,Sony_Tech,Semiconductor,LATAM,PathWave Software,Email Campaign,['No_Conversion'],0
L008791,Chen Williams,Samsu_Tech,,North America,Oscilloscopes,LinkedIn,"['Oscilloscope_Selector_Tool', 'SQL', 'Opportunity', 'DesignCon_Booth_Visit', 'PathWave_Trial_Request', 'Whitepaper_Download_5G_Test', 'PathWave_Trial_Request', 'Customer']",1
L008792,Kenji Patel,Broadcom GmbH,Electronics,LATAM,PathWave Software,LinkedIn,['Customer'],1
L008793,Laura Tanaka,Sony GmbH,Aerospace,North America,,LinkedIn,"['Keysight_University_Course', 'SQL', 'Whitepaper_Download_5G_Test', 'Customer']",1
L008794,Chen Williams,Qualc_Tech,Telecom,LATAM,Automotive Ethernet,Sales Outreach,"['MQL', 'Lab_Integration_Discussion', 'Lab_Integration_Discussion', 'AutoSens_Tech_Talk', 'Technical_Demo', 'Keysight_University_Course', 'Keysight_University_Course', 'Application_Engineer_Call', 'DesignCon_Booth_Visit', 'Customer']",1
L008795,Hiroshi Patel,Infineon,Automotive,,Oscilloscopes,Website,"['Lab_Integration_Discussion', 'Customer']",1
L008796,Daniel Patel,NXP Semiconductors GmbH,Semiconductor,North America,PathWave Software,Webinar,"['LinkedIn_Ad_Click', 'SQL', 'Customer']",1
L008797,Daniel Martinez,,Semiconductor,LATAM,,Sales Outreach,"['AutoSens_Tech_Talk', 'Keysight_Workshop_RF_Testing', 'AutoSens_Tech_Talk', 'Technical_Demo', 'Website_Product_Page', 'Lab_Integration_Discussion', 'Website_Product_Page', 'Loaner_Unit_Evaluation', 'SQL', 'Customer']",1
L008798,Kenji Lee,Sony GmbH,Electronics,North America,,LinkedIn,"['Whitepaper_Download_5G_Test', 'Website_Product_Page', 'Oscilloscope_Selector_Tool', 'MQL', 'PathWave_Trial_Request', 'No_Conversion']",0
L008799,Ravi Singh,Sony,Telecom,North America,5G Testbeds,Event,"['Loaner_Unit_Evaluation', 'Application_Engineer_Call', 'Technical_Demo', 'LinkedIn_Ad_Click', 'Keysight_Workshop_RF_Testing', 'Customer']",1
L008800,Laura Martinez,,,Europe,Oscilloscopes,LinkedIn,"['Whitepaper_Download_5G_Test', 'AutoSens_Tech_Talk', 'Keysight_University_Course', 'Application_Engineer_Call', 'Loaner_Unit_Evaluation', 'Customer']",1
L008801,Ravi Patel,Samsung Electronics,,LATAM,Oscilloscopes,Email Campaign,['Customer'],1
L008802,Michael Williams,Infin_Tech,Semiconductor,APAC,,,"['Opportunity', 'Keysight_University_Course', 'Lab_Integration_Discussion', 'No_Conversion']",0
L008803,Sarah Garcia,Broadcom GmbH,Aerospace,APAC,PathWave Software,Sales Outreach,"['Lab_Integration_Discussion', 'Technical_Demo', 'Whitepaper_Download_5G_Test', 'Technical_Demo', 'DesignCon_Booth_Visit', 'IMS_Badge_Scan', 'SQL', 'Whitepaper_Download_5G_Test', 'Technical_Demo', 'Opportunity', 'Customer']",1
L008804,Maria Garcia,,,Europe,,Sales Outreach,"['AutoSens_Tech_Talk', 'Technical_Demo', 'Loaner_Unit_Evaluation', 'Oscilloscope_Selector_Tool', 'Lab_Integration_Discussion', 'DesignCon_Booth_Visit', 'No_Conversion']",0
L008805,Chen Ito,Raytheon GmbH,Telecom,APAC,,Event,"['MQL', 'DesignCon_Booth_Visit', 'Opportunity', 'No_Conversion']",0
L008806,Daniel Chen,Infineon GmbH,Telecom,North America,,Sales Outreach,"['MQL', 'MQL', 'Opportunity', 'Whitepaper_Download_5G_Test', 'Technical_Demo', 'AutoSens_Tech_Talk', 'Keysight_Workshop_RF_Testing', 'PathWave_Trial_Request', 'AutoSens_Tech_Talk', 'AutoSens_Tech_Talk', 'Customer']",1
L008807,Michael Martinez,,,Europe,,Email Campaign,"['Lab_Integration_Discussion', 'Website_Product_Page', 'Keysight_Workshop_RF_Testing', 'PathWave_Trial_Request', 'Loaner_Unit_Evaluation', 'Technical_Demo', 'PathWave_Trial_Request', 'Keysight_University_Course', 'Opportunity', 'Whitepaper_Download_5G_Test', 'Customer']",1
L008808,Ravi Tanaka,Bosch,,North America,,Sales Outreach,['No_Conversion'],0
L008809,Chen Chen,Qualcomm,Electronics,North America,,,"['Whitepaper_Download_5G_Test', 'DesignCon_Booth_Visit', 'IMS_Badge_Scan', 'IMS_Badge_Scan', 'Keysight_Workshop_RF_Testing', 'Customer']",1
L008810,Michael Anders,,,Europe,Oscilloscopes,Website,"['Website_Product_Page', 'No_Conversion']",0
L008811,Kenji Garcia,MetaC_Tech,,Europe,Automotive Ethernet,,"['MQL', 'No_Conversion']",0
L008812,Hiroshi Khan,Samsu_Tech,Electronics,,,Event,"['Website_Product_Page', 'LinkedIn_Ad_Click', 'Application_Engineer_Call', 'PathWave_Trial_Request', 'MQL', 'No_Conversion']",0
L008813,Michael Chen,NXP Semiconductors GmbH,Electronics,APAC,Automotive Ethernet,Sales Outreach,"['Keysight_Workshop_RF_Testing', 'LinkedIn_Ad_Click', 'Keysight_Workshop_RF_Testing', 'MQL', 'Keysight_University_Course', 'PathWave_Trial_Request', 'No_Conversion']",0
L008814,,,,North America,Automotive Ethernet,Event,"['MQL', 'Lab_Integration_Discussion', 'Customer']",1
L008815,Hiroshi Lee,,Automotive,North America,,Webinar,"['PathWave_Trial_Request', 'DesignCon_Booth_Visit', 'Opportunity', 'Website_Product_Page', 'Loaner_Unit_Evaluation', 'Application_Engineer_Call', 'No_Conversion']",0
L008816,Kenji Tanaka,,Aerospace,Europe,Automotive Ethernet,Website,['No_Conversion'],0
L008817,Priya Khan,Raytheon GmbH,,North America,,LinkedIn,['No_Conversion'],0
L008818,Daniel Tanaka,Raytheon GmbH,Aerospace,,Oscilloscopes,Event,"['LinkedIn_Ad_Click', 'DesignCon_Booth_Visit', 'Lab_Integration_Discussion', 'Website_Product_Page', 'LinkedIn_Ad_Click', 'Loaner_Unit_Evaluation', 'Oscilloscope_Selector_Tool', 'No_Conversion']",0
L008819,Sarah Chen,Qualcomm GmbH,Semiconductor,Europe,,Event,"['Lab_Integration_Discussion', 'SQL', 'LinkedIn_Ad_Click', 'Keysight_University_Course', 'Keysight_Workshop_RF_Testing', 'Loaner_Unit_Evaluation', 'DesignCon_Booth_Visit', 'MQL', 'Loaner_Unit_Evaluation', 'Website_Product_Page', 'No_Conversion']",0
L008820,Michael Ito,NXP Semiconductors GmbH,,LATAM,5G Testbeds,LinkedIn,['No_Conversion'],0
L008821,Kenji Patel,,Electronics,LATAM,,,"['SQL', 'IMS_Badge_Scan', 'AutoSens_Tech_Talk', 'Loaner_Unit_Evaluation', 'SQL', 'Customer']",1
L008822,Priya Martinez,MetaC_Tech,,Europe,Oscilloscopes,,"['DesignCon_Booth_Visit', 'No_Conversion']",0
L008823,Ravi Lee,NXPSe_Tech,Telecom,North America,Oscilloscopes,,"['AutoSens_Tech_Talk', 'PathWave_Trial_Request', 'Whitepaper_Download_5G_Test', 'Loaner_Unit_Evaluation', 'Keysight_Workshop_RF_Testing', 'No_Conversion']",0
L008824,Ravi Williams,Bosch_Tech,Semiconductor,North America,Automotive Ethernet,Event,['Customer'],1
L008825,Hiroshi Martinez,Infineon,Semiconductor,Europe,Automotive Ethernet,LinkedIn,"['AutoSens_Tech_Talk', 'PathWave_Trial_Request', 'Keysight_Workshop_RF_Testing', 'DesignCon_Booth_Visit', 'Keysight_University_Course', 'No_Conversion']",0
L008826,Chen Tanaka,MetaC_Tech,,LATAM,,LinkedIn,"['IMS_Badge_Scan', 'Technical_Demo', 'Keysight_University_Course', 'Customer']",1
L008827,Sofia Singh,NXP Semiconductors,Electronics,North America,Oscilloscopes,LinkedIn,"['LinkedIn_Ad_Click', 'Whitepaper_Download_5G_Test', 'No_Conversion']",0
L008828,Sofia Chen,Sony_Tech,Semiconductor,,,Event,"['DesignCon_Booth_Visit', 'Keysight_University_Course', 'DesignCon_Booth_Visit', 'SQL', 'Technical_Demo', 'Whitepaper_Download_5G_Test', 'Customer']",1
L008829,Sofia Patel,Broadcom,,,5G Testbeds,Email Campaign,"['Loaner_Unit_Evaluation', 'MQL', 'Lab_Integration_Discussion', 'No_Conversion']",0
L008830,Chen Chen,Broad_Tech,Electronics,APAC,Automotive Ethernet,Sales Outreach,"['Whitepaper_Download_5G_Test', 'Loaner_Unit_Evaluation', 'AutoSens_Tech_Talk', 'Customer']",1
L008831,Maria Martinez,Infineon,Electronics,Europe,PathWave Software,Email Campaign,"['DesignCon_Booth_Visit', 'LinkedIn_Ad_Click', 'Customer']",1
L008832,Kenji Singh,Infin_Tech,Electronics,LATAM,Oscilloscopes,LinkedIn,"['Lab_Integration_Discussion', 'Keysight_Workshop_RF_Testing', 'Application_Engineer_Call', 'IMS_Badge_Scan', 'Oscilloscope_Selector_Tool', 'Loaner_Unit_Evaluation', 'Whitepaper_Download_5G_Test', 'No_Conversion']",0
L008833,Michael Martinez,Raytheon,Automotive,LATAM,,,"['Application_Engineer_Call', 'Keysight_Workshop_RF_Testing', 'Keysight_Workshop_RF_Testing', 'Loaner_Unit_Evaluation', 'PathWave_Trial_Request', 'PathWave_Trial_Request', 'Loaner_Unit_Evaluation', 'Application_Engineer_Call', 'No_Conversion']",0
L008834,Ravi Singh,Infineon GmbH,Semiconductor,North America,Automotive Ethernet,Sales Outreach,"['PathWave_Trial_Request', 'SQL', 'Keysight_University_Course', 'Lab_Integration_Discussion', 'AutoSens_Tech_Talk', 'AutoSens_Tech_Talk', 'MQL', 'No_Conversion']",0
L008835,,Sony,Semiconductor,North America,,Email Campaign,['Customer'],1
L008836,Sarah Anders,,,Europe,,Sales Outreach,"['IMS_Badge_Scan', 'Oscilloscope_Selector_Tool', 'Technical_Demo', 'Opportunity', 'AutoSens_Tech_Talk', 'Keysight_Workshop_RF_Testing', 'SQL', 'No_Conversion']",0
L008837,Ravi Khan,Tesla Energy,Telecom,North America,PathWave Software,Website,"['DesignCon_Booth_Visit', 'PathWave_Trial_Request', 'No_Conversion']",0
L008838,Maria Martinez,Samsung Electronics,,Europe,,Email Campaign,"['Keysight_University_Course', 'IMS_Badge_Scan', 'Website_Product_Page', 'Customer']",1
L008839,Sarah Chen,,,North America,,Email Campaign,"['Application_Engineer_Call', 'Oscilloscope_Selector_Tool', 'Whitepaper_Download_5G_Test', 'Keysight_Workshop_RF_Testing', 'Application_Engineer_Call', 'LinkedIn_Ad_Click', 'AutoSens_Tech_Talk', 'No_Conversion']",0
L008840,Hiroshi Ito,MetaC_Tech,Electronics,Europe,PathWave Software,Webinar,['Customer'],1
L008841,Ravi Lee,Infineon,Telecom,Europe,Oscilloscopes,LinkedIn,"['Keysight_Workshop_RF_Testing', 'Oscilloscope_Selector_Tool', 'LinkedIn_Ad_Click', 'Lab_Integration_Discussion', 'SQL', 'AutoSens_Tech_Talk', 'Customer']",1
L008842,Sarah Khan,Infineon,Aerospace,,Oscilloscopes,,"['Keysight_University_Course', 'PathWave_Trial_Request', 'No_Conversion']",0
L008843,Maria Johnson,Sony GmbH,,,5G Testbeds,Webinar,['No_Conversion'],0
L008844,,Meta Connectivity Labs,Electronics,North America,PathWave Software,LinkedIn,"['Oscilloscope_Selector_Tool', 'IMS_Badge_Scan', 'IMS_Badge_Scan', 'Loaner_Unit_Evaluation', 'MQL', 'Application_Engineer_Call', 'SQL', 'Whitepaper_Download_5G_Test', 'Oscilloscope_Selector_Tool', 'Customer']",1
L008845,Hiroshi Ito,Sony,Electronics,,PathWave Software,Email Campaign,"['Loaner_Unit_Evaluation', 'Keysight_Workshop_RF_Testing', 'Keysight_Workshop_RF_Testing', 'Opportunity', 'Technical_Demo', 'No_Conversion']",0
L008846,Priya Ito,,Aerospace,North America,,,"['Website_Product_Page', 'MQL', 'Oscilloscope_Selector_Tool', 'Lab_Integration_Discussion', 'No_Conversion']",0
L008847,Maria Martinez,NXP Semiconductors,Automotive,LATAM,,Sales Outreach,['No_Conversion'],0
L008848,Ahmed Chen,Infin_Tech,Semiconductor,North America,Automotive Ethernet,LinkedIn,"['Opportunity', 'MQL', 'Lab_Integration_Discussion', 'Customer']",1
L008849,Ahmed Lee,Samsung Electronics,,,Oscilloscopes,Website,"['Loaner_Unit_Evaluation', 'Customer']",1
L008850,Daniel Tanaka,Tesla Energy,Telecom,,Automotive Ethernet,Webinar,"['MQL', 'Whitepaper_Download_5G_Test', 'Lab_Integration_Discussion', 'Keysight_University_Course', 'Technical_Demo', 'Application_Engineer_Call', 'LinkedIn_Ad_Click', 'No_Conversion']",0
L008851,,Bosch GmbH,,APAC,,Webinar,"['Loaner_Unit_Evaluation', 'Whitepaper_Download_5G_Test', 'No_Conversion']",0
L008852,Maria Singh,,Electronics,LATAM,PathWave Software,Email Campaign,['No_Conversion'],0
L008853,Maria Chen,Meta Connectivity Labs,Telecom,LATAM,Automotive Ethernet,Email Campaign,"['Keysight_University_Course', 'Technical_Demo', 'Oscilloscope_Selector_Tool', 'Customer']",1
L008854,Sofia Johnson,,Telecom,North America,,Webinar,"['Website_Product_Page', 'MQL', 'MQL', 'Keysight_Workshop_RF_Testing', 'DesignCon_Booth_Visit', 'Website_Product_Page', 'Keysight_University_Course', 'No_Conversion']",0
L008855,,Tesla Energy,,APAC,,Email Campaign,['No_Conversion'],0
L008856,Kenji Garcia,Infin_Tech,Automotive,Europe,Oscilloscopes,Webinar,"['Website_Product_Page', 'IMS_Badge_Scan', 'DesignCon_Booth_Visit', 'Keysight_University_Course', 'AutoSens_Tech_Talk', 'Loaner_Unit_Evaluation', 'Application_Engineer_Call', 'Whitepaper_Download_5G_Test', 'No_Conversion']",0
L008857,Hiroshi Johnson,,Electronics,Europe,5G Testbeds,Website,"['Keysight_Workshop_RF_Testing', 'DesignCon_Booth_Visit', 'Lab_Integration_Discussion', 'PathWave_Trial_Request', 'Keysight_University_Course', 'Whitepaper_Download_5G_Test', 'Customer']",1
L008858,Priya Singh,Qualc_Tech,Aerospace,,Automotive Ethernet,Sales Outreach,"['Lab_Integration_Discussion', 'DesignCon_Booth_Visit', 'Oscilloscope_Selector_Tool', 'Technical_Demo', 'DesignCon_Booth_Visit', 'Keysight_Workshop_RF_Testing', 'DesignCon_Booth_Visit', 'Technical_Demo', 'LinkedIn_Ad_Click', 'Keysight_University_Course', 'Customer']",1
L008859,Kenji Garcia,Broad_Tech,,,,,"['Opportunity', 'IMS_Badge_Scan', 'Customer']",1
L008860,Ahmed Lee,,Electronics,LATAM,5G Testbeds,Website,"['PathWave_Trial_Request', 'Keysight_Workshop_RF_Testing', 'SQL', 'Opportunity', 'Oscilloscope_Selector_Tool', 'IMS_Badge_Scan', 'AutoSens_Tech_Talk', 'MQL', 'Oscilloscope_Selector_Tool', 'Opportunity', 'Customer']",1
L008861,Daniel Ito,Bosch GmbH,Telecom,,PathWave Software,Website,"['Technical_Demo', 'Lab_Integration_Discussion', 'Technical_Demo', 'MQL', 'MQL', 'PathWave_Trial_Request', 'IMS_Badge_Scan', 'Keysight_Workshop_RF_Testing', 'Customer']",1
L008862,Ahmed Patel,,Automotive,,,,"['Oscilloscope_Selector_Tool', 'MQL', 'Lab_Integration_Discussion', 'DesignCon_Booth_Visit', 'Keysight_University_Course', 'Whitepaper_Download_5G_Test', 'No_Conversion']",0
L008863,Michael Khan,Raytheon GmbH,,Europe,Oscilloscopes,Event,"['Lab_Integration_Discussion', 'Website_Product_Page', 'DesignCon_Booth_Visit', 'Loaner_Unit_Evaluation', 'No_Conversion']",0
L008864,Kenji Johnson,Infin_Tech,,North America,,Event,"['IMS_Badge_Scan', 'Application_Engineer_Call', 'Technical_Demo', 'Lab_Integration_Discussion', 'Customer']",1
L008865,Maria Martinez,,Semiconductor,LATAM,,Email Campaign,['No_Conversion'],0
L008866,Sofia Lee,Meta Connectivity Labs GmbH,,North America,Automotive Ethernet,LinkedIn,"['IMS_Badge_Scan', 'DesignCon_Booth_Visit', 'Oscilloscope_Selector_Tool', 'Oscilloscope_Selector_Tool', 'Technical_Demo', 'No_Conversion']",0
L008867,Kenji Tanaka,Infin_Tech,Electronics,APAC,PathWave Software,,"['Keysight_Workshop_RF_Testing', 'Application_Engineer_Call', 'SQL', 'Loaner_Unit_Evaluation', 'PathWave_Trial_Request', 'Keysight_University_Course', 'Application_Engineer_Call', 'Lab_Integration_Discussion', 'No_Conversion']",0
L008868,Chen Garcia,Sony_Tech,,APAC,Automotive Ethernet,,"['SQL', 'Technical_Demo', 'MQL', 'Keysight_University_Course', 'Oscilloscope_Selector_Tool', 'Opportunity', 'Customer']",1
L008869,Chen Garcia,Qualc_Tech,Semiconductor,,,LinkedIn,"['Loaner_Unit_Evaluation', 'No_Conversion']",0
L008870,,Raytheon GmbH,Aerospace,North America,,Website,"['SQL', 'MQL', 'Whitepaper_Download_5G_Test', 'IMS_Badge_Scan', 'Customer']",1
L008871,Michael Chen,Qualcomm GmbH,Semiconductor,North America,PathWave Software,Email Campaign,"['LinkedIn_Ad_Click', 'Oscilloscope_Selector_Tool', 'Loaner_Unit_Evaluation', 'Whitepaper_Download_5G_Test', 'No_Conversion']",0
L008872,Laura Garcia,Bosch GmbH,,North America,Automotive Ethernet,Sales Outreach,"['Application_Engineer_Call', 'Oscilloscope_Selector_Tool', 'Technical_Demo', 'LinkedIn_Ad_Click', 'MQL', 'Keysight_Workshop_RF_Testing', 'DesignCon_Booth_Visit', 'Technical_Demo', 'PathWave_Trial_Request', 'No_Conversion']",0
L008873,Sarah Patel,NXP Semiconductors,Semiconductor,APAC,,Event,"['Opportunity', 'PathWave_Trial_Request', 'Lab_Integration_Discussion', 'Customer']",1
L008874,Chen Ito,Sony,Aerospace,,5G Testbeds,Email Campaign,"['Website_Product_Page', 'LinkedIn_Ad_Click', 'SQL', 'IMS_Badge_Scan', 'AutoSens_Tech_Talk', 'MQL', 'Website_Product_Page', 'No_Conversion']",0
L008875,Kenji Anders,Meta Connectivity Labs,Telecom,LATAM,,Sales Outreach,"['Keysight_University_Course', 'DesignCon_Booth_Visit', 'Lab_Integration_Discussion', 'Keysight_Workshop_RF_Testing', 'Keysight_Workshop_RF_Testing', 'Technical_Demo', 'MQL', 'Customer']",1
L008876,Priya Ito,Meta Connectivity Labs GmbH,Electronics,North America,Oscilloscopes,Website,"['DesignCon_Booth_Visit', 'Oscilloscope_Selector_Tool', 'Lab_Integration_Discussion', 'LinkedIn_Ad_Click', 'Oscilloscope_Selector_Tool', 'No_Conversion']",0
L008877,Sofia Tanaka,NXP Semiconductors,Aerospace,APAC,,LinkedIn,"['LinkedIn_Ad_Click', 'SQL', 'LinkedIn_Ad_Click', 'Whitepaper_Download_5G_Test', 'Customer']",1
L008878,Michael Garcia,Infineon GmbH,Automotive,LATAM,,Sales Outreach,"['Technical_Demo', 'Oscilloscope_Selector_Tool', 'DesignCon_Booth_Visit', 'Technical_Demo', 'Loaner_Unit_Evaluation', 'Application_Engineer_Call', 'IMS_Badge_Scan', 'No_Conversion']",0
L008879,Ahmed Anders,Bosch_Tech,,,Oscilloscopes,Email Campaign,"['Keysight_University_Course', 'Keysight_Workshop_RF_Testing', 'Technical_Demo', 'SQL', 'Customer']",1
L008880,Ahmed Williams,Meta Connectivity Labs GmbH,Automotive,,,Website,"['Application_Engineer_Call', 'Application_Engineer_Call', 'Loaner_Unit_Evaluation', 'AutoSens_Tech_Talk', 'Loaner_Unit_Evaluation', 'Loaner_Unit_Evaluation', 'DesignCon_Booth_Visit', 'PathWave_Trial_Request', 'Oscilloscope_Selector_Tool', 'MQL', 'No_Conversion']",0
L008881,Priya Lee,Infineon GmbH,Semiconductor,,Automotive Ethernet,Event,"['Website_Product_Page', 'No_Conversion']",0
L008882,Kenji Anders,MetaC_Tech,Automotive,,Automotive Ethernet,LinkedIn,"['AutoSens_Tech_Talk', 'Keysight_Workshop_RF_Testing', 'MQL', 'Opportunity', 'Keysight_Workshop_RF_Testing', 'Oscilloscope_Selector_Tool', 'Opportunity', 'PathWave_Trial_Request', 'MQL', 'Loaner_Unit_Evaluation', 'No_Conversion']",0
L008883,Sarah Khan,Qualcomm,,LATAM,Automotive Ethernet,LinkedIn,"['Application_Engineer_Call', 'Keysight_Workshop_RF_Testing', 'Application_Engineer_Call', 'Website_Product_Page', 'PathWave_Trial_Request', 'AutoSens_Tech_Talk', 'AutoSens_Tech_Talk', 'SQL', 'Application_Engineer_Call', 'No_Conversion']",0
L008884,Ahmed Patel,Broadcom,Aerospace,North America,,Webinar,['No_Conversion'],0
L008885,Sofia Singh,MetaC_Tech,Semiconductor,,Automotive Ethernet,LinkedIn,['Customer'],1
L008886,Chen Johnson,Meta Connectivity Labs,,APAC,5G Testbeds,Email Campaign,"['Lab_Integration_Discussion', 'AutoSens_Tech_Talk', 'MQL', 'Whitepaper_Download_5G_Test', 'LinkedIn_Ad_Click', 'Customer']",1
L008887,Sofia Lee,Samsung Electronics,Semiconductor,APAC,5G Testbeds,Webinar,"['Application_Engineer_Call', 'DesignCon_Booth_Visit', 'Opportunity', 'SQL', 'Website_Product_Page', 'AutoSens_Tech_Talk', 'Customer']",1
L008888,Michael Khan,Infin_Tech,Aerospace,,PathWave Software,Email Campaign,"['Keysight_Workshop_RF_Testing', 'Customer']",1
L008889,Maria Martinez,NXP Semiconductors,Electronics,LATAM,,LinkedIn,"['Application_Engineer_Call', 'Lab_Integration_Discussion', 'DesignCon_Booth_Visit', 'Whitepaper_Download_5G_Test', 'Customer']",1
L008890,Sarah Williams,Broad_Tech,Aerospace,North America,Automotive Ethernet,Email Campaign,"['Website_Product_Page', 'No_Conversion']",0
L008891,Chen Anders,Qualcomm GmbH,Aerospace,,,,"['PathWave_Trial_Request', 'PathWave_Trial_Request', 'Keysight_Workshop_RF_Testing', 'DesignCon_Booth_Visit', 'Oscilloscope_Selector_Tool', 'Whitepaper_Download_5G_Test', 'Customer']",1
L008892,Ravi Ito,Bosch_Tech,Automotive,,,Webinar,"['Keysight_University_Course', 'MQL', 'SQL', 'No_Conversion']",0
L008893,Priya Ito,Bosch,Automotive,LATAM,PathWave Software,,"['Website_Product_Page', 'LinkedIn_Ad_Click', 'No_Conversion']",0
L008894,Michael Martinez,Infineon,Semiconductor,APAC,5G Testbeds,Webinar,"['Technical_Demo', 'Oscilloscope_Selector_Tool', 'Application_Engineer_Call', 'Whitepaper_Download_5G_Test', 'Lab_Integration_Discussion', 'No_Conversion']",0
L008895,Michael Anders,Infineon,,Europe,5G Testbeds,Email Campaign,"['SQL', 'LinkedIn_Ad_Click', 'Lab_Integration_Discussion', 'LinkedIn_Ad_Click', 'DesignCon_Booth_Visit', 'No_Conversion']",0
L008896,Kenji Anders,Meta Connectivity Labs GmbH,,LATAM,,LinkedIn,"['IMS_Badge_Scan', 'IMS_Badge_Scan', 'MQL', 'SQL', 'PathWave_Trial_Request', 'DesignCon_Booth_Visit', 'Customer']",1
L008897,Sofia Khan,Bosch,,,Automotive Ethernet,Webinar,"['Technical_Demo', 'Website_Product_Page', 'Loaner_Unit_Evaluation', 'AutoSens_Tech_Talk', 'LinkedIn_Ad_Click', 'Keysight_University_Course', 'Oscilloscope_Selector_Tool', 'DesignCon_Booth_Visit', 'LinkedIn_Ad_Click', 'Customer']",1
L008898,Laura Garcia,Bosch,Aerospace,APAC,,Email Campaign,"['Keysight_University_Course', 'IMS_Badge_Scan', 'SQL', 'Loaner_Unit_Evaluation', 'Opportunity', 'Whitepaper_Download_5G_Test', 'Lab_Integration_Discussion', 'Website_Product_Page', 'DesignCon_Booth_Visit', 'Lab_Integration_Discussion', 'No_Conversion']",0
L008899,Kenji Patel,Infineon,Aerospace,APAC,,Webinar,"['Application_Engineer_Call', 'PathWave_Trial_Request', 'SQL', 'SQL', 'Application_Engineer_Call', 'LinkedIn_Ad_Click', 'Customer']",1
L008900,Priya Garcia,Rayth_Tech,,LATAM,,Webinar,"['Keysight_University_Course', 'Website_Product_Page', 'Loaner_Unit_Evaluation', 'AutoSens_Tech_Talk', 'AutoSens_Tech_Talk', 'Technical_Demo', 'Customer']",1
L008901,,Broadcom,Semiconductor,LATAM,PathWave Software,Email Campaign,['Customer'],1
L008902,,,,,,Event,"['MQL', 'Customer']",1
L008903,Laura Chen,,,,,,"['PathWave_Trial_Request', 'Oscilloscope_Selector_Tool', 'SQL', 'Lab_Integration_Discussion', 'No_Conversion']",0
L008904,Hiroshi Garcia,Bosch GmbH,,North America,5G Testbeds,Website,"['Oscilloscope_Selector_Tool', 'MQL', 'Application_Engineer_Call', 'Customer']",1
L008905,Hiroshi Ito,Raytheon,Telecom,APAC,5G Testbeds,,['No_Conversion'],0
L008906,Michael Lee,Qualc_Tech,Automotive,,,Sales Outreach,"['Oscilloscope_Selector_Tool', 'AutoSens_Tech_Talk', 'Technical_Demo', 'Keysight_Workshop_RF_Testing', 'No_Conversion']",0
L008907,Chen Ito,Samsung Electronics,Electronics,Europe,5G Testbeds,LinkedIn,"['Keysight_Workshop_RF_Testing', 'Keysight_Workshop_RF_Testing', 'No_Conversion']",0
L008908,Ahmed Johnson,Broadcom GmbH,,Europe,Automotive Ethernet,Website,"['Keysight_Workshop_RF_Testing', 'Website_Product_Page', 'No_Conversion']",0
L008909,Sarah Singh,,Automotive,Europe,,Webinar,"['PathWave_Trial_Request', 'LinkedIn_Ad_Click', 'Opportunity', 'No_Conversion']",0
L008910,,Sony GmbH,Telecom,,PathWave Software,Webinar,"['SQL', 'IMS_Badge_Scan', 'Technical_Demo', 'Customer']",1
L008911,,Bosch_Tech,Semiconductor,LATAM,Oscilloscopes,Sales Outreach,"['Oscilloscope_Selector_Tool', 'Whitepaper_Download_5G_Test', 'No_Conversion']",0
L008912,Daniel Johnson,Infin_Tech,,LATAM,Automotive Ethernet,LinkedIn,['No_Conversion'],0
L008913,Priya Garcia,,Telecom,Europe,5G Testbeds,Webinar,"['MQL', 'IMS_Badge_Scan', 'Keysight_Workshop_RF_Testing', 'AutoSens_Tech_Talk', 'Opportunity', 'Lab_Integration_Discussion', 'Website_Product_Page', 'PathWave_Trial_Request', 'Keysight_University_Course', 'Customer']",1
L008914,Sofia Anders,,Telecom,APAC,Oscilloscopes,,"['Lab_Integration_Discussion', 'Keysight_University_Course', 'Opportunity', 'MQL', 'DesignCon_Booth_Visit', 'Oscilloscope_Selector_Tool', 'No_Conversion']",0
L008915,Ahmed Singh,Broadcom,Automotive,North America,Oscilloscopes,Email Campaign,"['Loaner_Unit_Evaluation', 'Loaner_Unit_Evaluation', 'Website_Product_Page', 'Technical_Demo', 'Keysight_University_Course', 'AutoSens_Tech_Talk', 'No_Conversion']",0
L008916,Daniel Khan,Rayth_Tech,Telecom,,PathWave Software,Webinar,"['Loaner_Unit_Evaluation', 'Technical_Demo', 'IMS_Badge_Scan', 'Customer']",1
L008917,Laura Martinez,,Electronics,Europe,,Webinar,"['SQL', 'Technical_Demo', 'LinkedIn_Ad_Click', 'DesignCon_Booth_Visit', 'DesignCon_Booth_Visit', 'Website_Product_Page', 'Customer']",1
L008918,Sarah Tanaka,Tesla_Tech,Aerospace,APAC,,Email Campaign,"['Application_Engineer_Call', 'Customer']",1
L008919,Priya Williams,,,LATAM,Automotive Ethernet,,"['Website_Product_Page', 'Technical_Demo', 'Loaner_Unit_Evaluation', 'SQL', 'MQL', 'Opportunity', 'AutoSens_Tech_Talk', 'DesignCon_Booth_Visit', 'Whitepaper_Download_5G_Test', 'Application_Engineer_Call', 'No_Conversion']",0
L008920,Laura Singh,NXP Semiconductors GmbH,Telecom,APAC,,Email Campaign,"['LinkedIn_Ad_Click', 'Opportunity', 'Application_Engineer_Call', 'Lab_Integration_Discussion', 'Lab_Integration_Discussion', 'Keysight_Workshop_RF_Testing', 'LinkedIn_Ad_Click', 'Loaner_Unit_Evaluation', 'No_Conversion']",0
L008921,Priya Patel,Bosch_Tech,Semiconductor,,5G Testbeds,,"['AutoSens_Tech_Talk', 'DesignCon_Booth_Visit', 'Technical_Demo', 'Technical_Demo', 'IMS_Badge_Scan', 'AutoSens_Tech_Talk', 'Customer']",1
L008922,Priya Patel,Samsung Electronics,,APAC,5G Testbeds,Email Campaign,['Customer'],1
L008923,Michael Garcia,Broadcom GmbH,Aerospace,,,Webinar,"['Lab_Integration_Discussion', 'Technical_Demo', 'Loaner_Unit_Evaluation', 'Loaner_Unit_Evaluation', 'MQL', 'No_Conversion']",0
L008924,Hiroshi Lee,Qualcomm,,,5G Testbeds,Event,"['AutoSens_Tech_Talk', 'Opportunity', 'Lab_Integration_Discussion', 'SQL', 'LinkedIn_Ad_Click', 'Keysight_University_Course', 'AutoSens_Tech_Talk', 'DesignCon_Booth_Visit', 'No_Conversion']",0
L008925,Sofia Lee,,,North America,,Event,"['IMS_Badge_Scan', 'Opportunity', 'Loaner_Unit_Evaluation', 'MQL', 'DesignCon_Booth_Visit', 'No_Conversion']",0
L008926,Kenji Martinez,NXP Semiconductors,Semiconductor,North America,5G Testbeds,Email Campaign,"['MQL', 'No_Conversion']",0
L008927,Sofia Khan,,Telecom,,Automotive Ethernet,Event,"['AutoSens_Tech_Talk', 'Application_Engineer_Call', 'IMS_Badge_Scan', 'Oscilloscope_Selector_Tool', 'Opportunity', 'Application_Engineer_Call', 'Opportunity', 'Opportunity', 'Customer']",1
L008928,Chen Anders,,Aerospace,APAC,,Event,"['MQL', 'Keysight_University_Course', 'LinkedIn_Ad_Click', 'Technical_Demo', 'Application_Engineer_Call', 'LinkedIn_Ad_Click', 'IMS_Badge_Scan', 'No_Conversion']",0
L008929,Chen Anders,Rayth_Tech,,North America,5G Testbeds,Webinar,"['Oscilloscope_Selector_Tool', 'Whitepaper_Download_5G_Test', 'Technical_Demo', 'Keysight_Workshop_RF_Testing', 'Customer']",1
L008930,Maria Chen,Samsung Electronics GmbH,Semiconductor,North America,,,"['Keysight_University_Course', 'MQL', 'MQL', 'Oscilloscope_Selector_Tool', 'Loaner_Unit_Evaluation', 'SQL', 'Customer']",1
L008931,Sofia Lee,Qualcomm GmbH,Semiconductor,APAC,Automotive Ethernet,Sales Outreach,"['Whitepaper_Download_5G_Test', 'Application_Engineer_Call', 'LinkedIn_Ad_Click', 'Keysight_Workshop_RF_Testing', 'Customer']",1
L008932,Chen Lee,Qualcomm,Aerospace,North America,Automotive Ethernet,Webinar,['Customer'],1
L008933,,,,North America,,Event,"['Opportunity', 'AutoSens_Tech_Talk', 'Opportunity', 'Technical_Demo', 'Loaner_Unit_Evaluation', 'PathWave_Trial_Request', 'AutoSens_Tech_Talk', 'Application_Engineer_Call', 'Customer']",1
L008934,Ahmed Anders,Infin_Tech,,North America,5G Testbeds,Sales Outreach,"['PathWave_Trial_Request', 'AutoSens_Tech_Talk', 'Application_Engineer_Call', 'Oscilloscope_Selector_Tool', 'Customer']",1
L008935,Priya Khan,Broadcom,Automotive,North America,,LinkedIn,"['Lab_Integration_Discussion', 'Technical_Demo', 'Technical_Demo', 'Opportunity', 'Customer']",1
L008936,Maria Khan,Bosch_Tech,,LATAM,Automotive Ethernet,LinkedIn,"['Oscilloscope_Selector_Tool', 'DesignCon_Booth_Visit', 'Keysight_Workshop_RF_Testing', 'Keysight_Workshop_RF_Testing', 'Whitepaper_Download_5G_Test', 'SQL', 'DesignCon_Booth_Visit', 'No_Conversion']",0
L008937,Sarah Patel,Bosch,,,,,['Customer'],1
L008938,Michael Tanaka,Sony,Semiconductor,Europe,5G Testbeds,Email Campaign,"['Oscilloscope_Selector_Tool', 'Keysight_University_Course', 'Lab_Integration_Discussion', 'Lab_Integration_Discussion', 'SQL', 'Lab_Integration_Discussion', 'Whitepaper_Download_5G_Test', 'Lab_Integration_Discussion', 'No_Conversion']",0
L008939,Priya Chen,Broadcom,,Europe,5G Testbeds,,"['Oscilloscope_Selector_Tool', 'PathWave_Trial_Request', 'Lab_Integration_Discussion', 'No_Conversion']",0
L008940,Ahmed Patel,,,APAC,,Webinar,"['IMS_Badge_Scan', 'Whitepaper_Download_5G_Test', 'Keysight_University_Course', 'Website_Product_Page', 'LinkedIn_Ad_Click', 'Customer']",1
L008941,Maria Ito,Infineon GmbH,Automotive,LATAM,Automotive Ethernet,Sales Outreach,"['Keysight_Workshop_RF_Testing', 'DesignCon_Booth_Visit', 'Whitepaper_Download_5G_Test', 'Keysight_University_Course', 'Customer']",1
L008942,Maria Anders,Qualcomm,Electronics,,Automotive Ethernet,Sales Outreach,"['Whitepaper_Download_5G_Test', 'SQL', 'PathWave_Trial_Request', 'LinkedIn_Ad_Click', 'SQL', 'Whitepaper_Download_5G_Test', 'MQL', 'Technical_Demo', 'DesignCon_Booth_Visit', 'No_Conversion']",0
L008943,Daniel Ito,Raytheon,Electronics,,,LinkedIn,"['Whitepaper_Download_5G_Test', 'LinkedIn_Ad_Click', 'PathWave_Trial_Request', 'No_Conversion']",0
L008944,Sofia Garcia,Bosch_Tech,,North America,Oscilloscopes,Webinar,"['Application_Engineer_Call', 'AutoSens_Tech_Talk', 'Whitepaper_Download_5G_Test', 'Customer']",1
L008945,Chen Patel,NXP Semiconductors,,,5G Testbeds,Website,"['SQL', 'Oscilloscope_Selector_Tool', 'DesignCon_Booth_Visit', 'Application_Engineer_Call', 'DesignCon_Booth_Visit', 'Customer']",1
L008946,Laura Garcia,Raytheon,Automotive,LATAM,,Website,"['Technical_Demo', 'Keysight_University_Course', 'Keysight_University_Course', 'Customer']",1
L008947,Sarah Chen,,,APAC,,Sales Outreach,['Customer'],1
L008948,Laura Khan,MetaC_Tech,Aerospace,APAC,,LinkedIn,['No_Conversion'],0
L008949,Priya Garcia,Broadcom,Telecom,,,Website,"['Oscilloscope_Selector_Tool', 'AutoSens_Tech_Talk', 'Whitepaper_Download_5G_Test', 'Opportunity', 'Customer']",1
L008950,Ravi Patel,Samsung Electronics,Semiconductor,APAC,Oscilloscopes,Sales Outreach,"['Technical_Demo', 'Customer']",1
L008951,Daniel Chen,,Telecom,,5G Testbeds,Event,"['Lab_Integration_Discussion', 'LinkedIn_Ad_Click', 'Technical_Demo', 'Application_Engineer_Call', 'Application_Engineer_Call', 'Website_Product_Page', 'SQL', 'IMS_Badge_Scan', 'Whitepaper_Download_5G_Test', 'AutoSens_Tech_Talk', 'Customer']",1
L008952,Ravi Ito,Qualcomm GmbH,Automotive,Europe,,Website,"['Opportunity', 'Whitepaper_Download_5G_Test', 'Customer']",1
L008953,Maria Williams,,,North America,Oscilloscopes,Webinar,"['Website_Product_Page', 'Opportunity', 'IMS_Badge_Scan', 'AutoSens_Tech_Talk', 'AutoSens_Tech_Talk', 'Technical_Demo', 'Oscilloscope_Selector_Tool', 'Lab_Integration_Discussion', 'PathWave_Trial_Request', 'Customer']",1
L008954,Ravi Patel,,Semiconductor,,,Webinar,"['Loaner_Unit_Evaluation', 'LinkedIn_Ad_Click', 'PathWave_Trial_Request', 'Lab_Integration_Discussion', 'AutoSens_Tech_Talk', 'Opportunity', 'Technical_Demo', 'MQL', 'Customer']",1
L008955,Priya Ito,Meta Connectivity Labs GmbH,Automotive,North America,,Website,"['MQL', 'SQL', 'IMS_Badge_Scan', 'LinkedIn_Ad_Click', 'Technical_Demo', 'Loaner_Unit_Evaluation', 'Customer']",1
L008956,Priya Tanaka,,,North America,Oscilloscopes,Sales Outreach,"['DesignCon_Booth_Visit', 'Technical_Demo', 'SQL', 'No_Conversion']",0
L008957,Daniel Anders,,Aerospace,APAC,Automotive Ethernet,LinkedIn,"['Application_Engineer_Call', 'Keysight_University_Course', 'LinkedIn_Ad_Click', 'Keysight_University_Course', 'Oscilloscope_Selector_Tool', 'PathWave_Trial_Request', 'Application_Engineer_Call', 'Customer']",1
L008958,Daniel Garcia,Samsu_Tech,Automotive,LATAM,,Event,"['LinkedIn_Ad_Click', 'Application_Engineer_Call', 'Oscilloscope_Selector_Tool', 'DesignCon_Booth_Visit', 'Application_Engineer_Call', 'Application_Engineer_Call', 'LinkedIn_Ad_Click', 'Loaner_Unit_Evaluation', 'Customer']",1
L008959,Laura Anders,Meta Connectivity Labs,Electronics,,Oscilloscopes,Event,"['DesignCon_Booth_Visit', 'Customer']",1
L008960,Ravi Singh,Qualcomm GmbH,Electronics,North America,,Webinar,"['Keysight_Workshop_RF_Testing', 'Technical_Demo', 'Opportunity', 'LinkedIn_Ad_Click', 'PathWave_Trial_Request', 'Technical_Demo', 'DesignCon_Booth_Visit', 'Website_Product_Page', 'MQL', 'DesignCon_Booth_Visit', 'Customer']",1
L008961,Ravi Khan,Tesla Energy GmbH,Aerospace,Europe,,,"['IMS_Badge_Scan', 'DesignCon_Booth_Visit', 'MQL', 'Opportunity', 'No_Conversion']",0
L008962,Ravi Martinez,,Electronics,Europe,,Website,"['DesignCon_Booth_Visit', 'LinkedIn_Ad_Click', 'Oscilloscope_Selector_Tool', 'No_Conversion']",0
L008963,Maria Singh,,,LATAM,PathWave Software,Webinar,"['Application_Engineer_Call', 'Application_Engineer_Call', 'PathWave_Trial_Request', 'No_Conversion']",0
L008964,,Samsu_Tech,,,,Sales Outreach,"['Application_Engineer_Call', 'Website_Product_Page', 'Whitepaper_Download_5G_Test', 'Technical_Demo', 'AutoSens_Tech_Talk', 'Keysight_Workshop_RF_Testing', 'SQL', 'Keysight_Workshop_RF_Testing', 'Customer']",1
L008965,Daniel Ito,Broadcom,Automotive,Europe,5G Testbeds,Webinar,"['Opportunity', 'Loaner_Unit_Evaluation', 'MQL', 'Customer']",1
L008966,,Tesla Energy,,LATAM,,Webinar,"['Website_Product_Page', 'Technical_Demo', 'Website_Product_Page', 'Customer']",1
L008967,Ravi Johnson,Samsung Electronics GmbH,Aerospace,,5G Testbeds,Email Campaign,"['Opportunity', 'No_Conversion']",0
L008968,Laura Tanaka,Raytheon GmbH,Semiconductor,Europe,Automotive Ethernet,Event,"['Technical_Demo', 'Loaner_Unit_Evaluation', 'LinkedIn_Ad_Click', 'Lab_Integration_Discussion', 'IMS_Badge_Scan', 'Technical_Demo', 'Lab_Integration_Discussion', 'SQL', 'PathWave_Trial_Request', 'Customer']",1
L008969,Priya Lee,Bosch_Tech,Automotive,,,Webinar,"['Lab_Integration_Discussion', 'Oscilloscope_Selector_Tool', 'Application_Engineer_Call', 'MQL', 'MQL', 'Keysight_University_Course', 'Customer']",1
L008970,Laura Garcia,Bosch_Tech,Electronics,Europe,,Website,"['LinkedIn_Ad_Click', 'Website_Product_Page', 'PathWave_Trial_Request', 'DesignCon_Booth_Visit', 'Loaner_Unit_Evaluation', 'No_Conversion']",0
L008971,Michael Garcia,NXPSe_Tech,Automotive,APAC,5G Testbeds,Email Campaign,"['LinkedIn_Ad_Click', 'Technical_Demo', 'PathWave_Trial_Request', 'Keysight_University_Course', 'MQL', 'MQL', 'Customer']",1
L008972,Michael Martinez,,,Europe,5G Testbeds,Sales Outreach,"['Loaner_Unit_Evaluation', 'LinkedIn_Ad_Click', 'Application_Engineer_Call', 'Keysight_University_Course', 'SQL', 'DesignCon_Booth_Visit', 'AutoSens_Tech_Talk', 'Keysight_Workshop_RF_Testing', 'Customer']",1
L008973,Priya Williams,NXPSe_Tech,Telecom,LATAM,,Webinar,['Customer'],1
L008974,Chen Singh,,,LATAM,,,"['Keysight_University_Course', 'No_Conversion']",0
L008975,Michael Garcia,,Electronics,APAC,,Email Campaign,"['IMS_Badge_Scan', 'Keysight_University_Course', 'Keysight_Workshop_RF_Testing', 'Customer']",1
L008976,Sarah Chen,Rayth_Tech,Automotive,LATAM,PathWave Software,,"['Opportunity', 'No_Conversion']",0
L008977,Maria Johnson,Infin_Tech,Electronics,North America,,LinkedIn,"['MQL', 'Opportunity', 'Whitepaper_Download_5G_Test', 'Keysight_Workshop_RF_Testing', 'Technical_Demo', 'Customer']",1
L008978,Sofia Chen,,,,Automotive Ethernet,LinkedIn,"['Application_Engineer_Call', 'SQL', 'Website_Product_Page', 'Whitepaper_Download_5G_Test', 'LinkedIn_Ad_Click', 'AutoSens_Tech_Talk', 'Lab_Integration_Discussion', 'IMS_Badge_Scan', 'SQL', 'Customer']",1
L008979,Maria Patel,,Automotive,APAC,,Email Campaign,"['MQL', 'Keysight_Workshop_RF_Testing', 'Application_Engineer_Call', 'Whitepaper_Download_5G_Test', 'LinkedIn_Ad_Click', 'No_Conversion']",0
L008980,Daniel Khan,Sony GmbH,Aerospace,,PathWave Software,Event,['No_Conversion'],0
L008981,Kenji Johnson,Samsung Electronics GmbH,Automotive,Europe,5G Testbeds,Event,"['PathWave_Trial_Request', 'LinkedIn_Ad_Click', 'Loaner_Unit_Evaluation', 'No_Conversion']",0
L008982,Kenji Patel,MetaC_Tech,Automotive,Europe,Oscilloscopes,,"['IMS_Badge_Scan', 'DesignCon_Booth_Visit', 'LinkedIn_Ad_Click', 'AutoSens_Tech_Talk', 'AutoSens_Tech_Talk', 'Lab_Integration_Discussion', 'IMS_Badge_Scan', 'Customer']",1
L008983,Sofia Lee,MetaC_Tech,Telecom,,,Webinar,"['Technical_Demo', 'Application_Engineer_Call', 'Website_Product_Page', 'Customer']",1
L008984,Ravi Singh,,Automotive,APAC,,LinkedIn,"['Lab_Integration_Discussion', 'DesignCon_Booth_Visit', 'Opportunity', 'Application_Engineer_Call', 'SQL', 'LinkedIn_Ad_Click', 'LinkedIn_Ad_Click', 'PathWave_Trial_Request', 'Application_Engineer_Call', 'Customer']",1
L008985,Priya Williams,Bosch,Automotive,APAC,5G Testbeds,Website,"['IMS_Badge_Scan', 'SQL', 'AutoSens_Tech_Talk', 'Keysight_Workshop_RF_Testing', 'Website_Product_Page', 'Technical_Demo', 'PathWave_Trial_Request', 'LinkedIn_Ad_Click', 'Keysight_University_Course', 'Customer']",1
L008986,Laura Ito,Samsung Electronics,,North America,5G Testbeds,Email Campaign,"['Whitepaper_Download_5G_Test', 'SQL', 'PathWave_Trial_Request', 'No_Conversion']",0
L008987,Sofia Chen,Infineon,Automotive,North America,PathWave Software,LinkedIn,"['SQL', 'SQL', 'Lab_Integration_Discussion', 'SQL', 'AutoSens_Tech_Talk', 'LinkedIn_Ad_Click', 'Whitepaper_Download_5G_Test', 'MQL', 'Keysight_Workshop_RF_Testing', 'No_Conversion']",0
L008988,,Bosch GmbH,Semiconductor,,,Website,"['AutoSens_Tech_Talk', 'Opportunity', 'SQL', 'Loaner_Unit_Evaluation', 'DesignCon_Booth_Visit', 'Lab_Integration_Discussion', 'Loaner_Unit_Evaluation', 'IMS_Badge_Scan', 'IMS_Badge_Scan', 'Keysight_Workshop_RF_Testing', 'Customer']",1
L008989,Michael Khan,Bosch_Tech,Telecom,APAC,,Sales Outreach,"['Whitepaper_Download_5G_Test', 'AutoSens_Tech_Talk', 'AutoSens_Tech_Talk', 'No_Conversion']",0
L008990,Kenji Khan,,,LATAM,,Website,"['PathWave_Trial_Request', 'Keysight_Workshop_RF_Testing', 'Lab_Integration_Discussion', 'Technical_Demo', 'Oscilloscope_Selector_Tool', 'No_Conversion']",0
L008991,Sarah Patel,Raytheon,,LATAM,,,"['Loaner_Unit_Evaluation', 'Technical_Demo', 'SQL', 'LinkedIn_Ad_Click', 'IMS_Badge_Scan', 'Customer']",1
L008992,Maria Williams,Bosch,Semiconductor,APAC,,Website,"['Application_Engineer_Call', 'Whitepaper_Download_5G_Test', 'PathWave_Trial_Request', 'Opportunity', 'No_Conversion']",0
L008993,Sofia Johnson,Qualcomm GmbH,Semiconductor,APAC,,Email Campaign,"['Application_Engineer_Call', 'Loaner_Unit_Evaluation', 'Oscilloscope_Selector_Tool', 'Keysight_Workshop_RF_Testing', 'SQL', 'Technical_Demo', 'Keysight_Workshop_RF_Testing', 'LinkedIn_Ad_Click', 'No_Conversion']",0
L008994,Sofia Chen,Broadcom GmbH,Automotive,LATAM,,Webinar,"['PathWave_Trial_Request', 'MQL', 'AutoSens_Tech_Talk', 'Oscilloscope_Selector_Tool', 'Oscilloscope_Selector_Tool', 'Customer']",1
L008995,Sarah Patel,Tesla_Tech,,,5G Testbeds,Webinar,"['Keysight_Workshop_RF_Testing', 'AutoSens_Tech_Talk', 'IMS_Badge_Scan', 'Keysight_Workshop_RF_Testing', 'Application_Engineer_Call', 'DesignCon_Booth_Visit', 'LinkedIn_Ad_Click', 'Opportunity', 'AutoSens_Tech_Talk', 'No_Conversion']",0
L008996,Sarah Martinez,Samsu_Tech,,APAC,,Event,"['Opportunity', 'AutoSens_Tech_Talk', 'Opportunity', 'PathWave_Trial_Request', 'Technical_Demo', 'AutoSens_Tech_Talk', 'Customer']",1
L008997,Ravi Garcia,,Semiconductor,,PathWave Software,Event,['Customer'],1
L008998,Daniel Garcia,Raytheon GmbH,Aerospace,North America,PathWave Software,Email Campaign,['Customer'],1
L008999,Laura Johnson,,Electronics,,Automotive Ethernet,Sales Outreach,"['AutoSens_Tech_Talk', 'Loaner_Unit_Evaluation', 'IMS_Badge_Scan', 'SQL', 'Keysight_Workshop_RF_Testing', 'Whitepaper_Download_5G_Test', 'AutoSens_Tech_Talk', 'Loaner_Unit_Evaluation', 'No_Conversion']",0
L009000,Chen Singh,Infin_Tech,Telecom,APAC,5G Testbeds,Event,"['SQL', 'Lab_Integration_Discussion', 'PathWave_Trial_Request', 'PathWave_Trial_Request', 'MQL', 'LinkedIn_Ad_Click', 'Lab_Integration_Discussion', 'MQL', 'DesignCon_Booth_Visit', 'Application_Engineer_Call', 'No_Conversion']",0
L009001,Laura Johnson,Qualc_Tech,Semiconductor,,PathWave Software,Sales Outreach,"['Keysight_Workshop_RF_Testing', 'Keysight_Workshop_RF_Testing', 'DesignCon_Booth_Visit', 'Keysight_Workshop_RF_Testing', 'SQL', 'Oscilloscope_Selector_Tool', 'Keysight_University_Course', 'Customer']",1
L009002,Kenji Tanaka,,Electronics,LATAM,PathWave Software,Webinar,"['Whitepaper_Download_5G_Test', 'Keysight_University_Course', 'Keysight_Workshop_RF_Testing', 'Website_Product_Page', 'IMS_Badge_Scan', 'Website_Product_Page', 'Technical_Demo', 'No_Conversion']",0
L009003,Daniel Johnson,Infin_Tech,,,,Email Campaign,['No_Conversion'],0
L009004,Chen Anders,,Automotive,,Automotive Ethernet,Event,['No_Conversion'],0
L009005,Laura Johnson,Bosch GmbH,Aerospace,Europe,,LinkedIn,['Customer'],1
L009006,Kenji Chen,,Semiconductor,Europe,,Email Campaign,"['Opportunity', 'Lab_Integration_Discussion', 'Whitepaper_Download_5G_Test', 'IMS_Badge_Scan', 'Oscilloscope_Selector_Tool', 'Website_Product_Page', 'PathWave_Trial_Request', 'Customer']",1
L009007,Sofia Singh,Broadcom,Semiconductor,Europe,,Event,"['SQL', 'Oscilloscope_Selector_Tool', 'IMS_Badge_Scan', 'Whitepaper_Download_5G_Test', 'SQL', 'AutoSens_Tech_Talk', 'No_Conversion']",0
L009008,Ahmed Chen,Bosch GmbH,Automotive,,Automotive Ethernet,Email Campaign,"['PathWave_Trial_Request', 'IMS_Badge_Scan', 'PathWave_Trial_Request', 'IMS_Badge_Scan', 'Whitepaper_Download_5G_Test', 'Keysight_University_Course', 'SQL', 'MQL', 'No_Conversion']",0
L009009,Sofia Patel,NXP Semiconductors GmbH,Electronics,,Oscilloscopes,LinkedIn,"['Application_Engineer_Call', 'No_Conversion']",0
L009010,Ahmed Johnson,Broad_Tech,,,,Website,"['Technical_Demo', 'Oscilloscope_Selector_Tool', 'SQL', 'Customer']",1
L009011,Hiroshi Ito,Tesla Energy,,APAC,,Website,"['SQL', 'IMS_Badge_Scan', 'Customer']",1
L009012,Sarah Williams,Samsu_Tech,Electronics,LATAM,,Event,"['Keysight_Workshop_RF_Testing', 'Website_Product_Page', 'Loaner_Unit_Evaluation', 'LinkedIn_Ad_Click', 'DesignCon_Booth_Visit', 'Customer']",1
L009013,Laura Chen,,Automotive,,,Webinar,"['MQL', 'AutoSens_Tech_Talk', 'Website_Product_Page', 'LinkedIn_Ad_Click', 'Opportunity', 'Oscilloscope_Selector_Tool', 'Technical_Demo', 'No_Conversion']",0
L009014,Daniel Patel,Bosch,Aerospace,Europe,Oscilloscopes,Website,['Customer'],1
L009015,Maria Anders,Infineon GmbH,Aerospace,,,Webinar,"['MQL', 'LinkedIn_Ad_Click', 'PathWave_Trial_Request', 'AutoSens_Tech_Talk', 'No_Conversion']",0
L009016,Chen Ito,,,Europe,,Webinar,"['SQL', 'MQL', 'IMS_Badge_Scan', 'Technical_Demo', 'Customer']",1
L009017,,,,North America,,Event,"['AutoSens_Tech_Talk', 'Keysight_University_Course', 'Whitepaper_Download_5G_Test', 'DesignCon_Booth_Visit', 'Technical_Demo', 'Oscilloscope_Selector_Tool', 'No_Conversion']",0
L009018,Sofia Johnson,Sony_Tech,Semiconductor,Europe,Oscilloscopes,Email Campaign,"['Website_Product_Page', 'Oscilloscope_Selector_Tool', 'Customer']",1
L009019,Hiroshi Lee,NXP Semiconductors GmbH,,,5G Testbeds,Webinar,"['Opportunity', 'Lab_Integration_Discussion', 'Technical_Demo', 'LinkedIn_Ad_Click', 'Lab_Integration_Discussion', 'Keysight_University_Course', 'No_Conversion']",0
L009020,Kenji Khan,NXPSe_Tech,Electronics,,Oscilloscopes,Website,"['AutoSens_Tech_Talk', 'Loaner_Unit_Evaluation', 'No_Conversion']",0
L009021,Ahmed Tanaka,,,,PathWave Software,Sales Outreach,"['AutoSens_Tech_Talk', 'Technical_Demo', 'Oscilloscope_Selector_Tool', 'No_Conversion']",0
L009022,Maria Patel,Qualcomm,Telecom,LATAM,,Website,"['MQL', 'DesignCon_Booth_Visit', 'Keysight_Workshop_RF_Testing', 'Oscilloscope_Selector_Tool', 'PathWave_Trial_Request', 'No_Conversion']",0
L009023,Kenji Lee,Raytheon GmbH,Telecom,North America,Oscilloscopes,Website,"['LinkedIn_Ad_Click', 'No_Conversion']",0
L009024,Maria Lee,,Automotive,North America,PathWave Software,Webinar,"['AutoSens_Tech_Talk', 'DesignCon_Booth_Visit', 'Opportunity', 'Loaner_Unit_Evaluation', 'AutoSens_Tech_Talk', 'Loaner_Unit_Evaluation', 'Technical_Demo', 'Loaner_Unit_Evaluation', 'No_Conversion']",0
L009025,Priya Garcia,Tesla Energy,,LATAM,Automotive Ethernet,Event,"['Oscilloscope_Selector_Tool', 'DesignCon_Booth_Visit', 'Oscilloscope_Selector_Tool', 'AutoSens_Tech_Talk', 'Lab_Integration_Discussion', 'No_Conversion']",0
L009026,Sarah Anders,,Aerospace,APAC,Oscilloscopes,LinkedIn,"['Website_Product_Page', 'Oscilloscope_Selector_Tool', 'Application_Engineer_Call', 'MQL', 'No_Conversion']",0
L009027,Ravi Williams,Sony,,North America,,LinkedIn,"['Lab_Integration_Discussion', 'Website_Product_Page', 'SQL', 'Customer']",1
L009028,Laura Patel,Broadcom,,APAC,5G Testbeds,Sales Outreach,"['Keysight_University_Course', 'Website_Product_Page', 'Website_Product_Page', 'No_Conversion']",0
L009029,Sofia Anders,Samsu_Tech,,,Oscilloscopes,LinkedIn,['Customer'],1
L009030,Ravi Williams,Bosch_Tech,Electronics,APAC,PathWave Software,,"['PathWave_Trial_Request', 'Website_Product_Page', 'Keysight_University_Course', 'MQL', 'Customer']",1
L009031,Priya Ito,Sony GmbH,,Europe,Oscilloscopes,Email Campaign,"['Technical_Demo', 'Customer']",1
L009032,Ahmed Martinez,NXPSe_Tech,Electronics,Europe,Oscilloscopes,Website,"['MQL', 'Whitepaper_Download_5G_Test', 'Application_Engineer_Call', 'SQL', 'MQL', 'Oscilloscope_Selector_Tool', 'No_Conversion']",0
L009033,Laura Ito,Bosch,Telecom,APAC,Automotive Ethernet,Webinar,"['Opportunity', 'MQL', 'LinkedIn_Ad_Click', 'Technical_Demo', 'Oscilloscope_Selector_Tool', 'Keysight_Workshop_RF_Testing', 'IMS_Badge_Scan', 'Lab_Integration_Discussion', 'No_Conversion']",0
L009034,Ahmed Tanaka,,,,Automotive Ethernet,LinkedIn,"['PathWave_Trial_Request', 'No_Conversion']",0
L009035,Daniel Lee,Bosch,Aerospace,APAC,PathWave Software,Website,"['MQL', 'MQL', 'Keysight_Workshop_RF_Testing', 'Opportunity', 'Website_Product_Page', 'Keysight_Workshop_RF_Testing', 'Customer']",1
L009036,Chen Singh,,Aerospace,North America,Oscilloscopes,Email Campaign,['Customer'],1
L009037,Maria Singh,Sony GmbH,Semiconductor,,,Sales Outreach,"['Whitepaper_Download_5G_Test', 'PathWave_Trial_Request', 'Keysight_University_Course', 'DesignCon_Booth_Visit', 'LinkedIn_Ad_Click', 'DesignCon_Booth_Visit', 'Lab_Integration_Discussion', 'Lab_Integration_Discussion', 'IMS_Badge_Scan', 'Customer']",1
L009038,,NXP Semiconductors,,,5G Testbeds,,"['Lab_Integration_Discussion', 'LinkedIn_Ad_Click', 'Application_Engineer_Call', 'Customer']",1
L009039,Ahmed Patel,,Automotive,North America,PathWave Software,Event,"['AutoSens_Tech_Talk', 'Customer']",1
L009040,Kenji Martinez,NXP Semiconductors GmbH,,APAC,Automotive Ethernet,Event,"['Keysight_University_Course', 'PathWave_Trial_Request', 'Lab_Integration_Discussion', 'AutoSens_Tech_Talk', 'PathWave_Trial_Request', 'Customer']",1
L009041,Ahmed Johnson,Qualc_Tech,Semiconductor,,5G Testbeds,LinkedIn,"['IMS_Badge_Scan', 'MQL', 'Keysight_University_Course', 'No_Conversion']",0
L009042,Daniel Chen,,,,,Sales Outreach,"['MQL', 'Oscilloscope_Selector_Tool', 'DesignCon_Booth_Visit', 'AutoSens_Tech_Talk', 'Keysight_Workshop_RF_Testing', 'LinkedIn_Ad_Click', 'Customer']",1
L009043,Laura Tanaka,Infineon,Automotive,LATAM,5G Testbeds,LinkedIn,"['Keysight_University_Course', 'Customer']",1
L009044,Laura Ito,Sony,Aerospace,Europe,5G Testbeds,Webinar,"['LinkedIn_Ad_Click', 'AutoSens_Tech_Talk', 'Customer']",1
L009045,Ahmed Tanaka,Tesla Energy,Semiconductor,Europe,Automotive Ethernet,Website,"['PathWave_Trial_Request', 'SQL', 'Website_Product_Page', 'Whitepaper_Download_5G_Test', 'Customer']",1
L009046,Daniel Ito,Rayth_Tech,Telecom,,PathWave Software,Sales Outreach,"['LinkedIn_Ad_Click', 'DesignCon_Booth_Visit', 'AutoSens_Tech_Talk', 'AutoSens_Tech_Talk', 'Lab_Integration_Discussion', 'Whitepaper_Download_5G_Test', 'IMS_Badge_Scan', 'SQL', 'Technical_Demo', 'Customer']",1
L009047,Michael Garcia,Bosch GmbH,,North America,5G Testbeds,,"['LinkedIn_Ad_Click', 'Loaner_Unit_Evaluation', 'Lab_Integration_Discussion', 'DesignCon_Booth_Visit', 'No_Conversion']",0
L009048,Daniel Johnson,Samsu_Tech,Electronics,APAC,,,"['Whitepaper_Download_5G_Test', 'MQL', 'No_Conversion']",0
L009049,,Samsung Electronics,Electronics,,PathWave Software,LinkedIn,['Customer'],1
L009050,Sofia Ito,Broad_Tech,Electronics,North America,,LinkedIn,"['Opportunity', 'SQL', 'Application_Engineer_Call', 'No_Conversion']",0
L009051,Maria Lee,Raytheon GmbH,Telecom,North America,,Website,"['DesignCon_Booth_Visit', 'MQL', 'No_Conversion']",0
L009052,Laura Martinez,Meta Connectivity Labs GmbH,Automotive,,,Sales Outreach,"['Keysight_Workshop_RF_Testing', 'Lab_Integration_Discussion', 'Opportunity', 'Opportunity', 'MQL', 'No_Conversion']",0
L009053,Laura Patel,,Telecom,,,Website,"['LinkedIn_Ad_Click', 'Application_Engineer_Call', 'MQL', 'DesignCon_Booth_Visit', 'Keysight_Workshop_RF_Testing', 'DesignCon_Booth_Visit', 'SQL', 'Loaner_Unit_Evaluation', 'Loaner_Unit_Evaluation', 'No_Conversion']",0
L009054,Laura Lee,Broadcom GmbH,Automotive,APAC,,Website,"['Technical_Demo', 'Website_Product_Page', 'PathWave_Trial_Request', 'AutoSens_Tech_Talk', 'LinkedIn_Ad_Click', 'Customer']",1
L009055,Maria Garcia,Sony,Electronics,,,LinkedIn,"['Keysight_University_Course', 'Keysight_University_Course', 'DesignCon_Booth_Visit', 'Customer']",1
L009056,Laura Martinez,Qualcomm,,APAC,5G Testbeds,Sales Outreach,"['SQL', 'Loaner_Unit_Evaluation', 'Application_Engineer_Call', 'Whitepaper_Download_5G_Test', 'PathWave_Trial_Request', 'SQL', 'Customer']",1
L009057,Priya Lee,Tesla Energy,Semiconductor,North America,Oscilloscopes,Website,"['LinkedIn_Ad_Click', 'Keysight_University_Course', 'Keysight_University_Course', 'No_Conversion']",0
L009058,Laura Ito,,Automotive,North America,Oscilloscopes,LinkedIn,"['Website_Product_Page', 'DesignCon_Booth_Visit', 'SQL', 'AutoSens_Tech_Talk', 'DesignCon_Booth_Visit', 'SQL', 'Keysight_Workshop_RF_Testing', 'Website_Product_Page', 'Website_Product_Page', 'DesignCon_Booth_Visit', 'Customer']",1
L009059,Hiroshi Ito,Tesla Energy GmbH,Semiconductor,APAC,5G Testbeds,,"['Application_Engineer_Call', 'PathWave_Trial_Request', 'DesignCon_Booth_Visit', 'Whitepaper_Download_5G_Test', 'DesignCon_Booth_Visit', 'Loaner_Unit_Evaluation', 'Lab_Integration_Discussion', 'Keysight_Workshop_RF_Testing', 'SQL', 'Customer']",1
L009060,Ravi Patel,Samsu_Tech,Semiconductor,North America,5G Testbeds,Webinar,"['PathWave_Trial_Request', 'SQL', 'Technical_Demo', 'Whitepaper_Download_5G_Test', 'MQL', 'No_Conversion']",0
L009061,Priya Tanaka,Samsung Electronics GmbH,Automotive,North America,,Event,"['Lab_Integration_Discussion', 'Lab_Integration_Discussion', 'Opportunity', 'No_Conversion']",0
L009062,Ahmed Garcia,Broad_Tech,Electronics,,,Website,"['AutoSens_Tech_Talk', 'Application_Engineer_Call', 'Application_Engineer_Call', 'SQL', 'SQL', 'DesignCon_Booth_Visit', 'Customer']",1
L009063,Maria Anders,Sony,Electronics,APAC,,LinkedIn,"['AutoSens_Tech_Talk', 'Lab_Integration_Discussion', 'LinkedIn_Ad_Click', 'Loaner_Unit_Evaluation', 'AutoSens_Tech_Talk', 'Oscilloscope_Selector_Tool', 'Keysight_University_Course', 'Lab_Integration_Discussion', 'No_Conversion']",0
L009064,Maria Chen,Qualc_Tech,,North America,PathWave Software,Email Campaign,"['AutoSens_Tech_Talk', 'DesignCon_Booth_Visit', 'Loaner_Unit_Evaluation', 'Customer']",1
L009065,Sarah Tanaka,,Aerospace,APAC,5G Testbeds,LinkedIn,"['SQL', 'Technical_Demo', 'DesignCon_Booth_Visit', 'No_Conversion']",0
L009066,,,,,,,"['SQL', 'LinkedIn_Ad_Click', 'No_Conversion']",0
L009067,Maria Garcia,,,North America,,,"['PathWave_Trial_Request', 'Lab_Integration_Discussion', 'Opportunity', 'SQL', 'MQL', 'MQL', 'Keysight_University_Course', 'Customer']",1
L009068,Priya Johnson,Bosch_Tech,Automotive,North America,PathWave Software,LinkedIn,"['DesignCon_Booth_Visit', 'PathWave_Trial_Request', 'IMS_Badge_Scan', 'Oscilloscope_Selector_Tool', 'Technical_Demo', 'PathWave_Trial_Request', 'No_Conversion']",0
L009069,Hiroshi Anders,Infineon GmbH,,,Automotive Ethernet,LinkedIn,"['Opportunity', 'Customer']",1
L009070,Priya Lee,Raytheon GmbH,Aerospace,North America,PathWave Software,,"['Loaner_Unit_Evaluation', 'Technical_Demo', 'Application_Engineer_Call', 'Customer']",1
L009071,Michael Williams,Qualc_Tech,Telecom,North America,Automotive Ethernet,Webinar,"['Whitepaper_Download_5G_Test', 'Application_Engineer_Call', 'Website_Product_Page', 'Website_Product_Page', 'DesignCon_Booth_Visit', 'Application_Engineer_Call', 'Customer']",1
L009072,Priya Chen,,Electronics,North America,Automotive Ethernet,Email Campaign,"['Oscilloscope_Selector_Tool', 'Lab_Integration_Discussion', 'MQL', 'Website_Product_Page', 'DesignCon_Booth_Visit', 'PathWave_Trial_Request', 'MQL', 'DesignCon_Booth_Visit', 'Keysight_University_Course', 'No_Conversion']",0
L009073,,Qualc_Tech,,North America,,Webinar,"['AutoSens_Tech_Talk', 'Oscilloscope_Selector_Tool', 'Loaner_Unit_Evaluation', 'Website_Product_Page', 'DesignCon_Booth_Visit', 'No_Conversion']",0
L009074,Maria Lee,NXP Semiconductors,Semiconductor,,Oscilloscopes,Website,"['PathWave_Trial_Request', 'No_Conversion']",0
L009075,Hiroshi Khan,Infineon GmbH,,APAC,,LinkedIn,"['PathWave_Trial_Request', 'Opportunity', 'Oscilloscope_Selector_Tool', 'No_Conversion']",0
L009076,Ravi Garcia,Qualc_Tech,,,Oscilloscopes,Email Campaign,"['LinkedIn_Ad_Click', 'Oscilloscope_Selector_Tool', 'DesignCon_Booth_Visit', 'Loaner_Unit_Evaluation', 'AutoSens_Tech_Talk', 'LinkedIn_Ad_Click', 'SQL', 'AutoSens_Tech_Talk', 'IMS_Badge_Scan', 'Customer']",1
L009077,Michael Johnson,NXPSe_Tech,,LATAM,5G Testbeds,Sales Outreach,"['SQL', 'Oscilloscope_Selector_Tool', 'MQL', 'Lab_Integration_Discussion', 'AutoSens_Tech_Talk', 'DesignCon_Booth_Visit', 'Oscilloscope_Selector_Tool', 'No_Conversion']",0
L009078,Ahmed Garcia,,Electronics,,,LinkedIn,"['Keysight_Workshop_RF_Testing', 'PathWave_Trial_Request', 'Keysight_University_Course', 'No_Conversion']",0
L009079,Michael Singh,,Telecom,Europe,Automotive Ethernet,Event,"['Whitepaper_Download_5G_Test', 'No_Conversion']",0
L009080,Maria Singh,NXPSe_Tech,Telecom,,Oscilloscopes,,"['AutoSens_Tech_Talk', 'LinkedIn_Ad_Click', 'DesignCon_Booth_Visit', 'Opportunity', 'Application_Engineer_Call', 'No_Conversion']",0
L009081,Kenji Singh,,,LATAM,5G Testbeds,,"['PathWave_Trial_Request', 'Customer']",1
L009082,Daniel Patel,NXPSe_Tech,Telecom,LATAM,Automotive Ethernet,,"['Application_Engineer_Call', 'Whitepaper_Download_5G_Test', 'SQL', 'DesignCon_Booth_Visit', 'Keysight_Workshop_RF_Testing', 'Opportunity', 'Technical_Demo', 'Customer']",1
L009083,Laura Chen,Bosch GmbH,Aerospace,LATAM,Oscilloscopes,,"['Lab_Integration_Discussion', 'Whitepaper_Download_5G_Test', 'Whitepaper_Download_5G_Test', 'Customer']",1
L009084,Kenji Williams,Qualcomm GmbH,Telecom,APAC,Oscilloscopes,Event,"['SQL', 'Lab_Integration_Discussion', 'Website_Product_Page', 'Keysight_Workshop_RF_Testing', 'Keysight_University_Course', 'Loaner_Unit_Evaluation', 'LinkedIn_Ad_Click', 'IMS_Badge_Scan', 'Keysight_University_Course', 'Lab_Integration_Discussion', 'No_Conversion']",0
L009085,Ravi Williams,MetaC_Tech,Aerospace,,5G Testbeds,Email Campaign,"['Keysight_Workshop_RF_Testing', 'MQL', 'Lab_Integration_Discussion', 'Application_Engineer_Call', 'Keysight_University_Course', 'No_Conversion']",0
L009086,Ravi Martinez,Tesla Energy,Aerospace,,,Website,"['IMS_Badge_Scan', 'IMS_Badge_Scan', 'No_Conversion']",0
L009087,Priya Ito,,Electronics,,,Event,"['DesignCon_Booth_Visit', 'Loaner_Unit_Evaluation', 'Technical_Demo', 'Website_Product_Page', 'LinkedIn_Ad_Click', 'Customer']",1
L009088,Maria Chen,Raytheon GmbH,,LATAM,PathWave Software,Webinar,"['DesignCon_Booth_Visit', 'AutoSens_Tech_Talk', 'MQL', 'MQL', 'Lab_Integration_Discussion', 'Customer']",1
L009089,Ravi Patel,Raytheon,Automotive,,,LinkedIn,"['AutoSens_Tech_Talk', 'Customer']",1
L009090,Sarah Patel,,Electronics,Europe,Automotive Ethernet,Sales Outreach,"['IMS_Badge_Scan', 'PathWave_Trial_Request', 'IMS_Badge_Scan', 'IMS_Badge_Scan', 'LinkedIn_Ad_Click', 'AutoSens_Tech_Talk', 'Customer']",1
L009091,,,,,,Event,"['PathWave_Trial_Request', 'No_Conversion']",0
L009092,,Broad_Tech,Semiconductor,APAC,PathWave Software,Webinar,"['Keysight_Workshop_RF_Testing', 'PathWave_Trial_Request', 'PathWave_Trial_Request', 'Loaner_Unit_Evaluation', 'Opportunity', 'DesignCon_Booth_Visit', 'Lab_Integration_Discussion', 'No_Conversion']",0
L009093,Priya Garcia,Qualcomm GmbH,Telecom,Europe,,Sales Outreach,"['IMS_Badge_Scan', 'IMS_Badge_Scan', 'PathWave_Trial_Request', 'Keysight_Workshop_RF_Testing', 'Keysight_University_Course', 'Application_Engineer_Call', 'No_Conversion']",0
L009094,Maria Ito,Infin_Tech,Automotive,LATAM,,Email Campaign,"['IMS_Badge_Scan', 'SQL', 'Loaner_Unit_Evaluation', 'No_Conversion']",0
L009095,,Meta Connectivity Labs,,North America,Automotive Ethernet,Sales Outreach,"['MQL', 'Loaner_Unit_Evaluation', 'Keysight_University_Course', 'IMS_Badge_Scan', 'No_Conversion']",0
L009096,Ravi Singh,,Automotive,,Automotive Ethernet,Sales Outreach,"['Loaner_Unit_Evaluation', 'No_Conversion']",0
L009097,Kenji Singh,Broadcom,Semiconductor,LATAM,PathWave Software,,"['PathWave_Trial_Request', 'IMS_Badge_Scan', 'Oscilloscope_Selector_Tool', 'DesignCon_Booth_Visit', 'Website_Product_Page', 'Customer']",1
L009098,,,Semiconductor,North America,Oscilloscopes,LinkedIn,['Customer'],1
L009099,Ravi Johnson,Samsung Electronics GmbH,Automotive,LATAM,,Sales Outreach,"['SQL', 'Website_Product_Page', 'IMS_Badge_Scan', 'Whitepaper_Download_5G_Test', 'No_Conversion']",0
L009100,,Qualc_Tech,,,PathWave Software,Email Campaign,"['Lab_Integration_Discussion', 'PathWave_Trial_Request', 'Technical_Demo', 'Application_Engineer_Call', 'Oscilloscope_Selector_Tool', 'Whitepaper_Download_5G_Test', 'IMS_Badge_Scan', 'No_Conversion']",0
L009101,,Infineon,,Europe,,Website,"['IMS_Badge_Scan', 'Customer']",1
L009102,Priya Williams,Infineon GmbH,Automotive,,Automotive Ethernet,,"['Keysight_Workshop_RF_Testing', 'PathWave_Trial_Request', 'LinkedIn_Ad_Click', 'SQL', 'Technical_Demo', 'Website_Product_Page', 'Customer']",1
L009103,Priya Lee,,,APAC,5G Testbeds,Email Campaign,"['Keysight_University_Course', 'SQL', 'LinkedIn_Ad_Click', 'Oscilloscope_Selector_Tool', 'LinkedIn_Ad_Click', 'Customer']",1
L009104,Hiroshi Patel,Tesla Energy,Telecom,,PathWave Software,Event,"['IMS_Badge_Scan', 'LinkedIn_Ad_Click', 'Customer']",1
L009105,Chen Martinez,Sony_Tech,Electronics,,,LinkedIn,['No_Conversion'],0
L009106,Ahmed Martinez,,Telecom,North America,Automotive Ethernet,Sales Outreach,"['Whitepaper_Download_5G_Test', 'SQL', 'Customer']",1
L009107,Maria Patel,Infineon,Automotive,North America,,Email Campaign,"['Keysight_Workshop_RF_Testing', 'No_Conversion']",0
L009108,Sarah Lee,Raytheon GmbH,Semiconductor,,5G Testbeds,LinkedIn,"['Oscilloscope_Selector_Tool', 'DesignCon_Booth_Visit', 'MQL', 'Keysight_Workshop_RF_Testing', 'DesignCon_Booth_Visit', 'PathWave_Trial_Request', 'Keysight_Workshop_RF_Testing', 'LinkedIn_Ad_Click', 'PathWave_Trial_Request', 'Technical_Demo', 'No_Conversion']",0
L009109,Priya Khan,Qualcomm GmbH,Aerospace,,Automotive Ethernet,Webinar,"['MQL', 'Keysight_University_Course', 'Customer']",1
L009110,Ravi Anders,NXP Semiconductors GmbH,Semiconductor,North America,Automotive Ethernet,LinkedIn,"['Keysight_Workshop_RF_Testing', 'DesignCon_Booth_Visit', 'Website_Product_Page', 'Whitepaper_Download_5G_Test', 'Oscilloscope_Selector_Tool', 'MQL', 'Loaner_Unit_Evaluation', 'IMS_Badge_Scan', 'Customer']",1
L009111,Daniel Ito,Rayth_Tech,Aerospace,APAC,,Email Campaign,"['Lab_Integration_Discussion', 'Loaner_Unit_Evaluation', 'SQL', 'IMS_Badge_Scan', 'SQL', 'Lab_Integration_Discussion', 'SQL', 'No_Conversion']",0
L009112,Sarah Tanaka,Rayth_Tech,Semiconductor,APAC,Automotive Ethernet,Webinar,"['Technical_Demo', 'Whitepaper_Download_5G_Test', 'Technical_Demo', 'Oscilloscope_Selector_Tool', 'Keysight_Workshop_RF_Testing', 'No_Conversion']",0
L009113,Sofia Garcia,Tesla Energy GmbH,Telecom,North America,,Website,"['IMS_Badge_Scan', 'Keysight_Workshop_RF_Testing', 'AutoSens_Tech_Talk', 'Application_Engineer_Call', 'No_Conversion']",0
L009114,Chen Anders,,,,PathWave Software,,"['PathWave_Trial_Request', 'No_Conversion']",0
L009115,Michael Garcia,NXPSe_Tech,Telecom,APAC,Automotive Ethernet,Email Campaign,['Customer'],1
L009116,Sarah Johnson,Meta Connectivity Labs GmbH,Semiconductor,,PathWave Software,Event,"['Oscilloscope_Selector_Tool', 'DesignCon_Booth_Visit', 'Customer']",1
L009117,Kenji Patel,Sony_Tech,Automotive,APAC,Oscilloscopes,Sales Outreach,['Customer'],1
L009118,Michael Patel,Bosch_Tech,Aerospace,APAC,,Email Campaign,['Customer'],1
L009119,Sarah Lee,Qualcomm GmbH,Electronics,APAC,,Webinar,"['DesignCon_Booth_Visit', 'Keysight_University_Course', 'No_Conversion']",0
L009120,Maria Lee,Broadcom GmbH,,North America,Oscilloscopes,LinkedIn,"['AutoSens_Tech_Talk', 'Opportunity', 'Keysight_Workshop_RF_Testing', 'No_Conversion']",0
L009121,Laura Singh,NXPSe_Tech,Telecom,LATAM,PathWave Software,Sales Outreach,"['Opportunity', 'Application_Engineer_Call', 'Oscilloscope_Selector_Tool', 'IMS_Badge_Scan', 'Website_Product_Page', 'Customer']",1
L009122,Daniel Ito,Bosch_Tech,Automotive,North America,PathWave Software,LinkedIn,"['Lab_Integration_Discussion', 'Lab_Integration_Discussion', 'Application_Engineer_Call', 'No_Conversion']",0
L009123,,Bosch,Telecom,LATAM,Oscilloscopes,Sales Outreach,"['Loaner_Unit_Evaluation', 'Technical_Demo', 'Application_Engineer_Call', 'Lab_Integration_Discussion', 'Customer']",1
L009124,Hiroshi Ito,Infineon,Aerospace,Europe,5G Testbeds,Webinar,"['Oscilloscope_Selector_Tool', 'PathWave_Trial_Request', 'SQL', 'No_Conversion']",0
L009125,Ahmed Garcia,Tesla Energy,Automotive,,Automotive Ethernet,LinkedIn,['No_Conversion'],0
L009126,Michael Williams,Samsung Electronics GmbH,Aerospace,,,Website,"['LinkedIn_Ad_Click', 'AutoSens_Tech_Talk', 'SQL', 'Website_Product_Page', 'Keysight_University_Course', 'No_Conversion']",0
L009127,Laura Lee,Infineon,Aerospace,LATAM,Oscilloscopes,LinkedIn,"['Technical_Demo', 'LinkedIn_Ad_Click', 'AutoSens_Tech_Talk', 'Keysight_University_Course', 'Keysight_University_Course', 'IMS_Badge_Scan', 'PathWave_Trial_Request', 'No_Conversion']",0
L009128,Ahmed Tanaka,,Electronics,LATAM,5G Testbeds,,"['Loaner_Unit_Evaluation', 'DesignCon_Booth_Visit', 'Keysight_Workshop_RF_Testing', 'Loaner_Unit_Evaluation', 'Oscilloscope_Selector_Tool', 'Keysight_Workshop_RF_Testing', 'Customer']",1
L009129,Michael Patel,Tesla Energy,Semiconductor,APAC,5G Testbeds,Sales Outreach,"['LinkedIn_Ad_Click', 'Opportunity', 'SQL', 'Loaner_Unit_Evaluation', 'Loaner_Unit_Evaluation', 'IMS_Badge_Scan', 'Customer']",1
L009130,Priya Lee,Infin_Tech,,North America,,Event,"['Whitepaper_Download_5G_Test', 'Whitepaper_Download_5G_Test', 'Website_Product_Page', 'Customer']",1
L009131,Chen Williams,Tesla Energy GmbH,Electronics,,5G Testbeds,Website,"['Keysight_Workshop_RF_Testing', 'LinkedIn_Ad_Click', 'No_Conversion']",0
L009132,Priya Garcia,Qualcomm,Telecom,,,Webinar,"['MQL', 'LinkedIn_Ad_Click', 'Opportunity', 'SQL', 'Technical_Demo', 'Whitepaper_Download_5G_Test', 'No_Conversion']",0
L009133,,Raytheon,Automotive,Europe,,Email Campaign,"['Whitepaper_Download_5G_Test', 'MQL', 'Lab_Integration_Discussion', 'Oscilloscope_Selector_Tool', 'Opportunity', 'Oscilloscope_Selector_Tool', 'Technical_Demo', 'No_Conversion']",0
L009134,Laura Johnson,Qualcomm GmbH,,LATAM,PathWave Software,Website,['No_Conversion'],0
L009135,Chen Khan,,,Europe,Automotive Ethernet,Email Campaign,"['Opportunity', 'LinkedIn_Ad_Click', 'AutoSens_Tech_Talk', 'Customer']",1
L009136,Laura Williams,,Semiconductor,Europe,,Webinar,"['Application_Engineer_Call', 'SQL', 'Website_Product_Page', 'Oscilloscope_Selector_Tool', 'DesignCon_Booth_Visit', 'No_Conversion']",0
L009137,Chen Johnson,Infin_Tech,,APAC,5G Testbeds,Event,"['Lab_Integration_Discussion', 'LinkedIn_Ad_Click', 'Customer']",1
L009138,Chen Patel,,,LATAM,Automotive Ethernet,Website,"['AutoSens_Tech_Talk', 'Oscilloscope_Selector_Tool', 'LinkedIn_Ad_Click', 'IMS_Badge_Scan', 'No_Conversion']",0
L009139,Ravi Khan,,,APAC,Oscilloscopes,Event,"['Keysight_Workshop_RF_Testing', 'Lab_Integration_Discussion', 'Keysight_University_Course', 'Keysight_Workshop_RF_Testing', 'Website_Product_Page', 'MQL', 'Whitepaper_Download_5G_Test', 'Lab_Integration_Discussion', 'Customer']",1
L009140,Priya Singh,Sony GmbH,Semiconductor,,,LinkedIn,['No_Conversion'],0
L009141,Priya Lee,,Telecom,APAC,,Email Campaign,['No_Conversion'],0
L009142,Daniel Singh,Raytheon,,North America,Automotive Ethernet,Website,"['Keysight_Workshop_RF_Testing', 'IMS_Badge_Scan', 'Loaner_Unit_Evaluation', 'DesignCon_Booth_Visit', 'SQL', 'Oscilloscope_Selector_Tool', 'MQL', 'Customer']",1
L009143,Ahmed Anders,Tesla Energy,Semiconductor,North America,PathWave Software,Sales Outreach,['No_Conversion'],0
L009144,Michael Tanaka,NXP Semiconductors GmbH,Telecom,Europe,Automotive Ethernet,Email Campaign,"['Website_Product_Page', 'Keysight_Workshop_RF_Testing', 'DesignCon_Booth_Visit', 'AutoSens_Tech_Talk', 'Keysight_University_Course', 'Loaner_Unit_Evaluation', 'No_Conversion']",0
L009145,,Samsung Electronics,,North America,Automotive Ethernet,Website,"['PathWave_Trial_Request', 'Keysight_University_Course', 'PathWave_Trial_Request', 'Application_Engineer_Call', 'No_Conversion']",0
L009146,Chen Anders,Raytheon GmbH,,Europe,Automotive Ethernet,Webinar,"['SQL', 'Website_Product_Page', 'AutoSens_Tech_Talk', 'Loaner_Unit_Evaluation', 'PathWave_Trial_Request', 'Technical_Demo', 'Customer']",1
L009147,,Samsung Electronics,Aerospace,LATAM,,Event,['Customer'],1
L009148,Maria Ito,Bosch GmbH,,North America,5G Testbeds,Event,['No_Conversion'],0
L009149,Hiroshi Khan,Raytheon GmbH,Automotive,North America,,Sales Outreach,"['Opportunity', 'AutoSens_Tech_Talk', 'No_Conversion']",0
L009150,Maria Singh,Infin_Tech,Aerospace,,,Event,['Customer'],1
L009151,Chen Anders,NXP Semiconductors,Electronics,,,Website,"['Oscilloscope_Selector_Tool', 'Keysight_Workshop_RF_Testing', 'PathWave_Trial_Request', 'DesignCon_Booth_Visit', 'Lab_Integration_Discussion', 'Website_Product_Page', 'Technical_Demo', 'Customer']",1
L009152,Laura Tanaka,Broadcom,Automotive,APAC,5G Testbeds,Event,"['Website_Product_Page', 'Oscilloscope_Selector_Tool', 'PathWave_Trial_Request', 'Keysight_Workshop_RF_Testing', 'Technical_Demo', 'Customer']",1
L009153,Hiroshi Singh,Sony,Electronics,North America,,LinkedIn,"['MQL', 'Keysight_University_Course', 'Customer']",1
L009154,Kenji Singh,Raytheon GmbH,,,,Sales Outreach,"['Technical_Demo', 'Website_Product_Page', 'Application_Engineer_Call', 'PathWave_Trial_Request', 'SQL', 'Website_Product_Page', 'Keysight_Workshop_RF_Testing', 'No_Conversion']",0
L009155,Michael Ito,Tesla Energy GmbH,,Europe,Automotive Ethernet,Email Campaign,"['Opportunity', 'Oscilloscope_Selector_Tool', 'Whitepaper_Download_5G_Test', 'Keysight_University_Course', 'PathWave_Trial_Request', 'LinkedIn_Ad_Click', 'Keysight_Workshop_RF_Testing', 'No_Conversion']",0
L009156,Priya Johnson,,Electronics,North America,,,"['MQL', 'Whitepaper_Download_5G_Test', 'LinkedIn_Ad_Click', 'Opportunity', 'Keysight_Workshop_RF_Testing', 'SQL', 'Lab_Integration_Discussion', 'Lab_Integration_Discussion', 'Oscilloscope_Selector_Tool', 'Customer']",1
L009157,Laura Martinez,Infin_Tech,,Europe,,Event,"['Keysight_Workshop_RF_Testing', 'Keysight_University_Course', 'Customer']",1
L009158,Ravi Tanaka,Sony_Tech,Aerospace,,PathWave Software,Email Campaign,"['Oscilloscope_Selector_Tool', 'Whitepaper_Download_5G_Test', 'Opportunity', 'Customer']",1
L009159,Hiroshi Patel,NXPSe_Tech,,APAC,,Website,"['Lab_Integration_Discussion', 'Oscilloscope_Selector_Tool', 'AutoSens_Tech_Talk', 'LinkedIn_Ad_Click', 'Lab_Integration_Discussion', 'Technical_Demo', 'Whitepaper_Download_5G_Test', 'No_Conversion']",0
L009160,Sarah Tanaka,,Electronics,North America,Automotive Ethernet,Webinar,['No_Conversion'],0
L009161,Michael Johnson,,Automotive,,Oscilloscopes,Email Campaign,"['AutoSens_Tech_Talk', 'Whitepaper_Download_5G_Test', 'Loaner_Unit_Evaluation', 'Whitepaper_Download_5G_Test', 'AutoSens_Tech_Talk', 'Oscilloscope_Selector_Tool', 'No_Conversion']",0
L009162,,Broad_Tech,Telecom,Europe,Automotive Ethernet,Sales Outreach,"['PathWave_Trial_Request', 'No_Conversion']",0
L009163,Kenji Lee,Tesla Energy,Telecom,North America,Oscilloscopes,Sales Outreach,"['Application_Engineer_Call', 'DesignCon_Booth_Visit', 'Application_Engineer_Call', 'Oscilloscope_Selector_Tool', 'Loaner_Unit_Evaluation', 'MQL', 'Opportunity', 'Lab_Integration_Discussion', 'Lab_Integration_Discussion', 'No_Conversion']",0
L009164,Maria Ito,Meta Connectivity Labs,,LATAM,PathWave Software,Event,['No_Conversion'],0
L009165,Ravi Martinez,Tesla Energy GmbH,Aerospace,Europe,,Webinar,"['MQL', 'Lab_Integration_Discussion', 'Application_Engineer_Call', 'Oscilloscope_Selector_Tool', 'No_Conversion']",0
L009166,Ravi Martinez,Qualc_Tech,Automotive,,5G Testbeds,,"['Keysight_University_Course', 'Lab_Integration_Discussion', 'Lab_Integration_Discussion', 'Oscilloscope_Selector_Tool', 'Keysight_University_Course', 'Oscilloscope_Selector_Tool', 'Oscilloscope_Selector_Tool', 'MQL', 'Loaner_Unit_Evaluation', 'Keysight_University_Course', 'No_Conversion']",0
L009167,,,,,Automotive Ethernet,,"['Application_Engineer_Call', 'Technical_Demo', 'AutoSens_Tech_Talk', 'MQL', 'IMS_Badge_Scan', 'PathWave_Trial_Request', 'Keysight_University_Course', 'SQL', 'Oscilloscope_Selector_Tool', 'Opportunity', 'No_Conversion']",0
L009168,Sarah Patel,Qualcomm,Aerospace,APAC,PathWave Software,Webinar,"['LinkedIn_Ad_Click', 'Oscilloscope_Selector_Tool', 'IMS_Badge_Scan', 'DesignCon_Booth_Visit', 'MQL', 'Lab_Integration_Discussion', 'No_Conversion']",0
L009169,Sofia Martinez,Bosch GmbH,Semiconductor,APAC,Automotive Ethernet,Sales Outreach,"['AutoSens_Tech_Talk', 'PathWave_Trial_Request', 'Lab_Integration_Discussion', 'Website_Product_Page', 'No_Conversion']",0
L009170,Michael Williams,,Telecom,LATAM,Automotive Ethernet,Event,"['SQL', 'No_Conversion']",0
L009171,Priya Lee,Infin_Tech,,North America,PathWave Software,Website,"['Loaner_Unit_Evaluation', 'Application_Engineer_Call', 'Technical_Demo', 'AutoSens_Tech_Talk', 'Application_Engineer_Call', 'Keysight_University_Course', 'Customer']",1
L009172,Sofia Anders,Broadcom GmbH,,,Oscilloscopes,LinkedIn,"['Technical_Demo', 'IMS_Badge_Scan', 'Keysight_University_Course', 'SQL', 'No_Conversion']",0
L009173,Sarah Anders,Sony,,Europe,PathWave Software,Event,"['PathWave_Trial_Request', 'DesignCon_Booth_Visit', 'Keysight_Workshop_RF_Testing', 'Whitepaper_Download_5G_Test', 'DesignCon_Booth_Visit', 'Website_Product_Page', 'DesignCon_Booth_Visit', 'Keysight_Workshop_RF_Testing', 'Customer']",1
L009174,Laura Lee,Qualc_Tech,Aerospace,Europe,,Email Campaign,"['Keysight_University_Course', 'Application_Engineer_Call', 'Keysight_Workshop_RF_Testing', 'PathWave_Trial_Request', 'Oscilloscope_Selector_Tool', 'No_Conversion']",0
L009175,,Tesla_Tech,Semiconductor,North America,5G Testbeds,Event,['No_Conversion'],0
L009176,Hiroshi Williams,Samsung Electronics,,Europe,Oscilloscopes,Webinar,"['Loaner_Unit_Evaluation', 'MQL', 'Loaner_Unit_Evaluation', 'DesignCon_Booth_Visit', 'DesignCon_Booth_Visit', 'MQL', 'Technical_Demo', 'No_Conversion']",0
L009177,Maria Chen,Bosch,Telecom,North America,Automotive Ethernet,Webinar,"['DesignCon_Booth_Visit', 'Oscilloscope_Selector_Tool', 'Lab_Integration_Discussion', 'DesignCon_Booth_Visit', 'No_Conversion']",0
L009178,Priya Johnson,Tesla Energy GmbH,,North America,Oscilloscopes,Sales Outreach,"['Opportunity', 'IMS_Badge_Scan', 'MQL', 'Lab_Integration_Discussion', 'No_Conversion']",0
L009179,,Infin_Tech,,LATAM,,Webinar,"['IMS_Badge_Scan', 'Website_Product_Page', 'Customer']",1
L009180,Sarah Singh,Infineon,,APAC,,Webinar,"['PathWave_Trial_Request', 'Website_Product_Page', 'Lab_Integration_Discussion', 'Loaner_Unit_Evaluation', 'Technical_Demo', 'Opportunity', 'No_Conversion']",0
L009181,Ahmed Singh,,Semiconductor,LATAM,Automotive Ethernet,Webinar,"['AutoSens_Tech_Talk', 'MQL', 'No_Conversion']",0
L009182,Priya Anders,Meta Connectivity Labs,Electronics,,Oscilloscopes,Sales Outreach,"['Website_Product_Page', 'SQL', 'Lab_Integration_Discussion', 'No_Conversion']",0
L009183,,,Telecom,North America,,Email Campaign,"['Lab_Integration_Discussion', 'SQL', 'PathWave_Trial_Request', 'Keysight_University_Course', 'PathWave_Trial_Request', 'Keysight_University_Course', 'Application_Engineer_Call', 'Loaner_Unit_Evaluation', 'No_Conversion']",0
L009184,Michael Patel,Samsung Electronics,,LATAM,,,"['Whitepaper_Download_5G_Test', 'Website_Product_Page', 'Technical_Demo', 'Oscilloscope_Selector_Tool', 'Website_Product_Page', 'LinkedIn_Ad_Click', 'LinkedIn_Ad_Click', 'SQL', 'IMS_Badge_Scan', 'No_Conversion']",0
L009185,Chen Ito,MetaC_Tech,Automotive,Europe,5G Testbeds,LinkedIn,"['Whitepaper_Download_5G_Test', 'Oscilloscope_Selector_Tool', 'Whitepaper_Download_5G_Test', 'AutoSens_Tech_Talk', 'MQL', 'Customer']",1
L009186,Chen Patel,Broad_Tech,,,Oscilloscopes,Sales Outreach,"['Whitepaper_Download_5G_Test', 'DesignCon_Booth_Visit', 'Whitepaper_Download_5G_Test', 'Technical_Demo', 'Oscilloscope_Selector_Tool', 'No_Conversion']",0
L009187,Sarah Chen,Raytheon,Semiconductor,LATAM,,,"['Keysight_University_Course', 'DesignCon_Booth_Visit', 'Loaner_Unit_Evaluation', 'PathWave_Trial_Request', 'Application_Engineer_Call', 'Website_Product_Page', 'Website_Product_Page', 'SQL', 'Customer']",1
L009188,Kenji Johnson,Qualc_Tech,Semiconductor,APAC,5G Testbeds,Website,"['Application_Engineer_Call', 'Customer']",1
L009189,,Sony GmbH,Telecom,APAC,,Webinar,"['IMS_Badge_Scan', 'Lab_Integration_Discussion', 'Whitepaper_Download_5G_Test', 'Keysight_University_Course', 'DesignCon_Booth_Visit', 'No_Conversion']",0
L009190,,Bosch GmbH,,LATAM,PathWave Software,LinkedIn,"['LinkedIn_Ad_Click', 'Lab_Integration_Discussion', 'AutoSens_Tech_Talk', 'MQL', 'Customer']",1
L009191,,Bosch,,LATAM,5G Testbeds,,"['Website_Product_Page', 'Whitepaper_Download_5G_Test', 'LinkedIn_Ad_Click', 'Whitepaper_Download_5G_Test', 'Technical_Demo', 'DesignCon_Booth_Visit', 'IMS_Badge_Scan', 'Keysight_University_Course', 'Customer']",1
L009192,Ahmed Ito,Bosch GmbH,,APAC,,Webinar,"['Website_Product_Page', 'Lab_Integration_Discussion', 'MQL', 'Loaner_Unit_Evaluation', 'Application_Engineer_Call', 'Customer']",1
L009193,Kenji Chen,Qualcomm,Automotive,LATAM,Oscilloscopes,Webinar,"['Oscilloscope_Selector_Tool', 'DesignCon_Booth_Visit', 'Keysight_University_Course', 'Customer']",1
L009194,Maria Patel,Bosch GmbH,,Europe,,Website,"['MQL', 'Oscilloscope_Selector_Tool', 'Loaner_Unit_Evaluation', 'Customer']",1
L009195,,Infin_Tech,Aerospace,,5G Testbeds,,"['DesignCon_Booth_Visit', 'LinkedIn_Ad_Click', 'Customer']",1
L009196,Maria Williams,,Aerospace,LATAM,Oscilloscopes,,"['Application_Engineer_Call', 'Technical_Demo', 'Customer']",1
L009197,Hiroshi Patel,,Telecom,APAC,,Sales Outreach,['No_Conversion'],0
L009198,Ahmed Khan,Sony_Tech,,APAC,Automotive Ethernet,,"['MQL', 'Customer']",1
L009199,Chen Ito,Rayth_Tech,Electronics,Europe,,Sales Outreach,"['DesignCon_Booth_Visit', 'Opportunity', 'Application_Engineer_Call', 'MQL', 'Oscilloscope_Selector_Tool', 'MQL', 'MQL', 'SQL', 'Customer']",1
L009200,Maria Patel,Qualcomm,Automotive,North America,Automotive Ethernet,Website,"['Website_Product_Page', 'Opportunity', 'Whitepaper_Download_5G_Test', 'SQL', 'Application_Engineer_Call', 'No_Conversion']",0
L009201,Ahmed Khan,NXP Semiconductors,Semiconductor,LATAM,5G Testbeds,,"['Keysight_Workshop_RF_Testing', 'AutoSens_Tech_Talk', 'Technical_Demo', 'Loaner_Unit_Evaluation', 'Oscilloscope_Selector_Tool', 'LinkedIn_Ad_Click', 'Oscilloscope_Selector_Tool', 'Whitepaper_Download_5G_Test', 'Oscilloscope_Selector_Tool', 'Loaner_Unit_Evaluation', 'No_Conversion']",0
L009202,Daniel Johnson,Tesla_Tech,Aerospace,Europe,,,"['IMS_Badge_Scan', 'Oscilloscope_Selector_Tool', 'No_Conversion']",0
L009203,Daniel Patel,Meta Connectivity Labs GmbH,,North America,Oscilloscopes,LinkedIn,"['Loaner_Unit_Evaluation', 'Loaner_Unit_Evaluation', 'DesignCon_Booth_Visit', 'Opportunity', 'LinkedIn_Ad_Click', 'Customer']",1
L009204,Maria Ito,Rayth_Tech,Aerospace,North America,Automotive Ethernet,Sales Outreach,"['Opportunity', 'DesignCon_Booth_Visit', 'Keysight_University_Course', 'Customer']",1
L009205,Ahmed Tanaka,Bosch,,APAC,Oscilloscopes,Email Campaign,"['Loaner_Unit_Evaluation', 'Whitepaper_Download_5G_Test', 'Opportunity', 'Loaner_Unit_Evaluation', 'PathWave_Trial_Request', 'Website_Product_Page', 'IMS_Badge_Scan', 'Customer']",1
L009206,Sofia Singh,,Aerospace,LATAM,5G Testbeds,,"['Lab_Integration_Discussion', 'SQL', 'Oscilloscope_Selector_Tool', 'Technical_Demo', 'LinkedIn_Ad_Click', 'Application_Engineer_Call', 'Opportunity', 'No_Conversion']",0
L009207,Maria Johnson,Qualcomm,Telecom,North America,PathWave Software,Email Campaign,"['Technical_Demo', 'MQL', 'Whitepaper_Download_5G_Test', 'No_Conversion']",0
L009208,Hiroshi Ito,Tesla Energy,Electronics,,,Email Campaign,"['AutoSens_Tech_Talk', 'Application_Engineer_Call', 'LinkedIn_Ad_Click', 'Whitepaper_Download_5G_Test', 'AutoSens_Tech_Talk', 'Keysight_University_Course', 'No_Conversion']",0
L009209,Ahmed Williams,Qualc_Tech,Semiconductor,Europe,PathWave Software,LinkedIn,"['MQL', 'IMS_Badge_Scan', 'Technical_Demo', 'Lab_Integration_Discussion', 'Oscilloscope_Selector_Tool', 'Oscilloscope_Selector_Tool', 'Opportunity', 'AutoSens_Tech_Talk', 'No_Conversion']",0
L009210,Sofia Chen,NXPSe_Tech,Aerospace,Europe,,LinkedIn,"['PathWave_Trial_Request', 'SQL', 'Technical_Demo', 'Technical_Demo', 'Keysight_University_Course', 'Whitepaper_Download_5G_Test', 'Website_Product_Page', 'IMS_Badge_Scan', 'No_Conversion']",0
L009211,Laura Tanaka,Infin_Tech,Telecom,LATAM,,Email Campaign,"['Loaner_Unit_Evaluation', 'LinkedIn_Ad_Click', 'Customer']",1
L009212,Sofia Singh,,Aerospace,Europe,PathWave Software,Event,"['IMS_Badge_Scan', 'Loaner_Unit_Evaluation', 'LinkedIn_Ad_Click', 'Customer']",1
L009213,Daniel Khan,Broad_Tech,,LATAM,Oscilloscopes,Website,['No_Conversion'],0
L009214,Daniel Khan,NXP Semiconductors,Aerospace,,,Website,"['Loaner_Unit_Evaluation', 'Oscilloscope_Selector_Tool', 'SQL', 'LinkedIn_Ad_Click', 'PathWave_Trial_Request', 'Loaner_Unit_Evaluation', 'Application_Engineer_Call', 'No_Conversion']",0
L009215,Michael Anders,Meta Connectivity Labs GmbH,,Europe,PathWave Software,Sales Outreach,"['DesignCon_Booth_Visit', 'PathWave_Trial_Request', 'Loaner_Unit_Evaluation', 'Customer']",1
L009216,,Qualcomm,,,Automotive Ethernet,Event,"['Lab_Integration_Discussion', 'DesignCon_Booth_Visit', 'IMS_Badge_Scan', 'Opportunity', 'Customer']",1
L009217,Sofia Williams,Samsung Electronics,Aerospace,Europe,,LinkedIn,"['AutoSens_Tech_Talk', 'Application_Engineer_Call', 'Website_Product_Page', 'No_Conversion']",0
L009218,Ravi Anders,,Electronics,Europe,Oscilloscopes,Sales Outreach,"['SQL', 'PathWave_Trial_Request', 'MQL', 'PathWave_Trial_Request', 'Whitepaper_Download_5G_Test', 'Keysight_University_Course', 'Keysight_Workshop_RF_Testing', 'SQL', 'Loaner_Unit_Evaluation', 'No_Conversion']",0
L009219,Daniel Chen,Samsung Electronics GmbH,,,Oscilloscopes,Event,"['SQL', 'PathWave_Trial_Request', 'Keysight_University_Course', 'No_Conversion']",0
L009220,Ahmed Tanaka,NXP Semiconductors GmbH,,,Oscilloscopes,Webinar,"['Technical_Demo', 'Application_Engineer_Call', 'Keysight_University_Course', 'Oscilloscope_Selector_Tool', 'Oscilloscope_Selector_Tool', 'Lab_Integration_Discussion', 'Oscilloscope_Selector_Tool', 'No_Conversion']",0
L009221,Chen Garcia,Raytheon GmbH,Automotive,LATAM,Automotive Ethernet,LinkedIn,"['Whitepaper_Download_5G_Test', 'Keysight_Workshop_RF_Testing', 'DesignCon_Booth_Visit', 'Loaner_Unit_Evaluation', 'LinkedIn_Ad_Click', 'Keysight_Workshop_RF_Testing', 'LinkedIn_Ad_Click', 'Application_Engineer_Call', 'Whitepaper_Download_5G_Test', 'Customer']",1
L009222,Sarah Khan,Bosch GmbH,Automotive,,Automotive Ethernet,Website,"['MQL', 'DesignCon_Booth_Visit', 'PathWave_Trial_Request', 'Opportunity', 'Website_Product_Page', 'SQL', 'AutoSens_Tech_Talk', 'Opportunity', 'SQL', 'No_Conversion']",0
L009223,Michael Chen,,,,5G Testbeds,,"['PathWave_Trial_Request', 'Loaner_Unit_Evaluation', 'Loaner_Unit_Evaluation', 'Loaner_Unit_Evaluation', 'Whitepaper_Download_5G_Test', 'Customer']",1
L009224,Hiroshi Tanaka,Infineon,,North America,,Email Campaign,"['Oscilloscope_Selector_Tool', 'MQL', 'Lab_Integration_Discussion', 'IMS_Badge_Scan', 'Whitepaper_Download_5G_Test', 'Application_Engineer_Call', 'No_Conversion']",0
L009225,Daniel Ito,Qualc_Tech,,APAC,5G Testbeds,Email Campaign,"['PathWave_Trial_Request', 'Application_Engineer_Call', 'AutoSens_Tech_Talk', 'No_Conversion']",0
L009226,Ahmed Johnson,Samsung Electronics GmbH,Automotive,APAC,PathWave Software,Event,"['PathWave_Trial_Request', 'Application_Engineer_Call', 'Whitepaper_Download_5G_Test', 'Loaner_Unit_Evaluation', 'MQL', 'MQL', 'Keysight_University_Course', 'PathWave_Trial_Request', 'Application_Engineer_Call', 'Technical_Demo', 'Customer']",1
L009227,Sofia Lee,,Semiconductor,APAC,Automotive Ethernet,Sales Outreach,"['AutoSens_Tech_Talk', 'Technical_Demo', 'Application_Engineer_Call', 'Application_Engineer_Call', 'LinkedIn_Ad_Click', 'AutoSens_Tech_Talk', 'No_Conversion']",0
L009228,Michael Khan,,,North America,PathWave Software,Sales Outreach,"['Opportunity', 'DesignCon_Booth_Visit', 'LinkedIn_Ad_Click', 'No_Conversion']",0
L009229,Sofia Patel,Qualcomm GmbH,Electronics,LATAM,,Event,"['Technical_Demo', 'Application_Engineer_Call', 'Lab_Integration_Discussion', 'Website_Product_Page', 'Customer']",1
L009230,Daniel Williams,Samsung Electronics GmbH,,LATAM,Automotive Ethernet,Website,"['Keysight_Workshop_RF_Testing', 'MQL', 'MQL', 'Application_Engineer_Call', 'Whitepaper_Download_5G_Test', 'SQL', 'AutoSens_Tech_Talk', 'No_Conversion']",0
L009231,Sofia Tanaka,Meta Connectivity Labs GmbH,Electronics,LATAM,5G Testbeds,Website,"['Technical_Demo', 'No_Conversion']",0
L009232,Michael Singh,Infineon GmbH,Electronics,APAC,,Webinar,"['Opportunity', 'DesignCon_Booth_Visit', 'Whitepaper_Download_5G_Test', 'Whitepaper_Download_5G_Test', 'LinkedIn_Ad_Click', 'Keysight_University_Course', 'Customer']",1
L009233,Laura Lee,Rayth_Tech,,Europe,Oscilloscopes,,"['PathWave_Trial_Request', 'Oscilloscope_Selector_Tool', 'LinkedIn_Ad_Click', 'SQL', 'Keysight_Workshop_RF_Testing', 'Loaner_Unit_Evaluation', 'DesignCon_Booth_Visit', 'No_Conversion']",0
L009234,Laura Martinez,Raytheon,Aerospace,LATAM,PathWave Software,Website,"['MQL', 'Loaner_Unit_Evaluation', 'Keysight_Workshop_RF_Testing', 'AutoSens_Tech_Talk', 'Technical_Demo', 'Customer']",1
L009235,Kenji Garcia,,Telecom,Europe,,Sales Outreach,"['Technical_Demo', 'Lab_Integration_Discussion', 'AutoSens_Tech_Talk', 'Keysight_University_Course', 'No_Conversion']",0
L009236,,NXP Semiconductors GmbH,Automotive,North America,Oscilloscopes,Email Campaign,"['LinkedIn_Ad_Click', 'Loaner_Unit_Evaluation', 'LinkedIn_Ad_Click', 'Whitepaper_Download_5G_Test', 'Loaner_Unit_Evaluation', 'No_Conversion']",0
L009237,,Infineon GmbH,Automotive,North America,,Sales Outreach,"['DesignCon_Booth_Visit', 'LinkedIn_Ad_Click', 'SQL', 'Website_Product_Page', 'Customer']",1
L009238,Ahmed Anders,NXPSe_Tech,Electronics,LATAM,Automotive Ethernet,Event,"['Application_Engineer_Call', 'SQL', 'Keysight_University_Course', 'Lab_Integration_Discussion', 'Customer']",1
L009239,Ravi Patel,Tesla Energy GmbH,Automotive,Europe,,LinkedIn,"['SQL', 'Website_Product_Page', 'Oscilloscope_Selector_Tool', 'AutoSens_Tech_Talk', 'Lab_Integration_Discussion', 'SQL', 'No_Conversion']",0
L009240,Laura Lee,Infin_Tech,,LATAM,,,"['Website_Product_Page', 'Loaner_Unit_Evaluation', 'Website_Product_Page', 'Whitepaper_Download_5G_Test', 'Lab_Integration_Discussion', 'PathWave_Trial_Request', 'PathWave_Trial_Request', 'No_Conversion']",0
L009241,Sofia Chen,Meta Connectivity Labs GmbH,Automotive,APAC,Oscilloscopes,Website,['Customer'],1
L009242,Sofia Khan,Meta Connectivity Labs GmbH,,North America,5G Testbeds,Sales Outreach,['Customer'],1
L009243,Laura Patel,Broad_Tech,Semiconductor,,Automotive Ethernet,Webinar,"['Lab_Integration_Discussion', 'Loaner_Unit_Evaluation', 'Whitepaper_Download_5G_Test', 'Customer']",1
L009244,Ahmed Singh,,,North America,PathWave Software,LinkedIn,"['Keysight_Workshop_RF_Testing', 'Customer']",1
L009245,Hiroshi Ito,Infin_Tech,,,PathWave Software,,"['Keysight_Workshop_RF_Testing', 'Opportunity', 'Keysight_University_Course', 'Keysight_Workshop_RF_Testing', 'Loaner_Unit_Evaluation', 'AutoSens_Tech_Talk', 'Customer']",1
L009246,Priya Garcia,,,North America,Automotive Ethernet,Sales Outreach,"['Whitepaper_Download_5G_Test', 'Opportunity', 'Technical_Demo', 'Application_Engineer_Call', 'Application_Engineer_Call', 'Customer']",1
L009247,Maria Singh,Raytheon GmbH,Telecom,,,Webinar,"['MQL', 'Whitepaper_Download_5G_Test', 'Website_Product_Page', 'Application_Engineer_Call', 'Customer']",1
L009248,Chen Chen,Qualcomm,Semiconductor,,,,"['MQL', 'MQL', 'MQL', 'IMS_Badge_Scan', 'AutoSens_Tech_Talk', 'Opportunity', 'Loaner_Unit_Evaluation', 'No_Conversion']",0
L009249,Kenji Garcia,NXP Semiconductors GmbH,Electronics,,5G Testbeds,LinkedIn,"['MQL', 'Keysight_Workshop_RF_Testing', 'AutoSens_Tech_Talk', 'Opportunity', 'LinkedIn_Ad_Click', 'Customer']",1
L009250,Sofia Johnson,Broadcom,Aerospace,North America,,LinkedIn,"['Loaner_Unit_Evaluation', 'Keysight_Workshop_RF_Testing', 'Oscilloscope_Selector_Tool', 'Oscilloscope_Selector_Tool', 'IMS_Badge_Scan', 'SQL', 'No_Conversion']",0
L009251,Daniel Anders,Samsu_Tech,,,PathWave Software,Website,"['Opportunity', 'SQL', 'Whitepaper_Download_5G_Test', 'Application_Engineer_Call', 'Application_Engineer_Call', 'No_Conversion']",0
L009252,,Bosch_Tech,Aerospace,Europe,PathWave Software,Event,"['MQL', 'Application_Engineer_Call', 'Loaner_Unit_Evaluation', 'Customer']",1
L009253,Ahmed Chen,,Semiconductor,LATAM,5G Testbeds,,"['AutoSens_Tech_Talk', 'AutoSens_Tech_Talk', 'IMS_Badge_Scan', 'Keysight_University_Course', 'Lab_Integration_Discussion', 'Customer']",1
L009254,Hiroshi Williams,Broadcom,Aerospace,APAC,,,"['Website_Product_Page', 'Opportunity', 'Customer']",1
L009255,Priya Ito,,,North America,Automotive Ethernet,,"['PathWave_Trial_Request', 'Customer']",1
L009256,Sofia Chen,,Semiconductor,Europe,PathWave Software,Sales Outreach,"['Technical_Demo', 'LinkedIn_Ad_Click', 'SQL', 'Application_Engineer_Call', 'SQL', 'IMS_Badge_Scan', 'Oscilloscope_Selector_Tool', 'SQL', 'DesignCon_Booth_Visit', 'LinkedIn_Ad_Click', 'No_Conversion']",0
L009257,Priya Singh,,,North America,,Event,"['Keysight_University_Course', 'Whitepaper_Download_5G_Test', 'AutoSens_Tech_Talk', 'DesignCon_Booth_Visit', 'Opportunity', 'AutoSens_Tech_Talk', 'Customer']",1
L009258,Michael Singh,Bosch,Automotive,APAC,,Webinar,"['Loaner_Unit_Evaluation', 'No_Conversion']",0
L009259,Chen Singh,Infin_Tech,,,Oscilloscopes,Sales Outreach,"['Website_Product_Page', 'AutoSens_Tech_Talk', 'Customer']",1
L009260,Ahmed Khan,NXPSe_Tech,Automotive,North America,PathWave Software,Sales Outreach,"['SQL', 'Customer']",1
L009261,Maria Tanaka,Sony GmbH,,,Oscilloscopes,Email Campaign,"['IMS_Badge_Scan', 'Opportunity', 'DesignCon_Booth_Visit', 'No_Conversion']",0
L009262,,Sony GmbH,,LATAM,,Webinar,"['Keysight_Workshop_RF_Testing', 'Keysight_University_Course', 'Website_Product_Page', 'Customer']",1
L009263,Kenji Tanaka,Infin_Tech,,Europe,5G Testbeds,,"['Website_Product_Page', 'Keysight_University_Course', 'Technical_Demo', 'No_Conversion']",0
L009264,Maria Lee,Raytheon GmbH,,North America,Oscilloscopes,Event,"['LinkedIn_Ad_Click', 'Oscilloscope_Selector_Tool', 'AutoSens_Tech_Talk', 'Technical_Demo', 'Whitepaper_Download_5G_Test', 'No_Conversion']",0
L009265,,Samsung Electronics GmbH,,APAC,,Website,"['AutoSens_Tech_Talk', 'Opportunity', 'IMS_Badge_Scan', 'No_Conversion']",0
L009266,Kenji Khan,Broadcom,,APAC,Oscilloscopes,Email Campaign,"['Loaner_Unit_Evaluation', 'Customer']",1
L009267,Laura Williams,Meta Connectivity Labs,Automotive,North America,PathWave Software,Website,"['Whitepaper_Download_5G_Test', 'Website_Product_Page', 'No_Conversion']",0
L009268,Chen Williams,Tesla Energy,Semiconductor,Europe,Automotive Ethernet,Website,"['PathWave_Trial_Request', 'Website_Product_Page', 'IMS_Badge_Scan', 'Customer']",1
L009269,,NXP Semiconductors,,,,Email Campaign,['Customer'],1
L009270,,Infin_Tech,Semiconductor,,Oscilloscopes,LinkedIn,"['Keysight_Workshop_RF_Testing', 'Customer']",1
L009271,Hiroshi Ito,Broad_Tech,Automotive,APAC,Oscilloscopes,Email Campaign,"['Keysight_University_Course', 'DesignCon_Booth_Visit', 'LinkedIn_Ad_Click', 'No_Conversion']",0
L009272,Daniel Tanaka,Rayth_Tech,Telecom,North America,5G Testbeds,Event,"['Lab_Integration_Discussion', 'Opportunity', 'PathWave_Trial_Request', 'Website_Product_Page', 'No_Conversion']",0
L009273,Hiroshi Tanaka,Infineon,Aerospace,Europe,Automotive Ethernet,LinkedIn,"['SQL', 'Opportunity', 'Technical_Demo', 'Customer']",1
L009274,Kenji Singh,MetaC_Tech,Telecom,LATAM,,Webinar,"['LinkedIn_Ad_Click', 'DesignCon_Booth_Visit', 'SQL', 'Customer']",1
L009275,Chen Garcia,Samsung Electronics,Electronics,APAC,,Email Campaign,"['Technical_Demo', 'AutoSens_Tech_Talk', 'Loaner_Unit_Evaluation', 'No_Conversion']",0
L009276,Ravi Williams,Broad_Tech,Telecom,APAC,Automotive Ethernet,Sales Outreach,"['DesignCon_Booth_Visit', 'Application_Engineer_Call', 'IMS_Badge_Scan', 'No_Conversion']",0
L009277,Michael Singh,,,APAC,Oscilloscopes,Sales Outreach,"['Technical_Demo', 'Website_Product_Page', 'No_Conversion']",0
L009278,Ravi Patel,Bosch,Telecom,,5G Testbeds,Website,"['PathWave_Trial_Request', 'AutoSens_Tech_Talk', 'LinkedIn_Ad_Click', 'Customer']",1
L009279,Ahmed Martinez,,,APAC,,Webinar,"['Loaner_Unit_Evaluation', 'Website_Product_Page', 'MQL', 'Customer']",1
L009280,Daniel Khan,NXPSe_Tech,,LATAM,Automotive Ethernet,,"['LinkedIn_Ad_Click', 'DesignCon_Booth_Visit', 'MQL', 'Lab_Integration_Discussion', 'Oscilloscope_Selector_Tool', 'Whitepaper_Download_5G_Test', 'No_Conversion']",0
L009281,Ahmed Anders,Sony_Tech,Automotive,,PathWave Software,Sales Outreach,['Customer'],1
L009282,Sarah Patel,Infineon,,Europe,,LinkedIn,['Customer'],1
L009283,Hiroshi Garcia,Broad_Tech,Telecom,Europe,,Sales Outreach,"['Application_Engineer_Call', 'Keysight_Workshop_RF_Testing', 'Customer']",1
L009284,Laura Chen,NXP Semiconductors,,APAC,Oscilloscopes,Event,"['SQL', 'Keysight_University_Course', 'Loaner_Unit_Evaluation', 'SQL', 'No_Conversion']",0
L009285,,Qualcomm,Electronics,,PathWave Software,LinkedIn,"['LinkedIn_Ad_Click', 'IMS_Badge_Scan', 'Loaner_Unit_Evaluation', 'DesignCon_Booth_Visit', 'Customer']",1
L009286,Chen Tanaka,Infineon,Semiconductor,,,LinkedIn,"['Keysight_Workshop_RF_Testing', 'SQL', 'Keysight_Workshop_RF_Testing', 'Loaner_Unit_Evaluation', 'No_Conversion']",0
L009287,Maria Anders,Broadcom,Electronics,APAC,,Sales Outreach,"['Lab_Integration_Discussion', 'Loaner_Unit_Evaluation', 'PathWave_Trial_Request', 'Application_Engineer_Call', 'Application_Engineer_Call', 'PathWave_Trial_Request', 'SQL', 'No_Conversion']",0
L009288,Chen Tanaka,NXP Semiconductors,Telecom,,,Webinar,"['Opportunity', 'Opportunity', 'Keysight_Workshop_RF_Testing', 'Website_Product_Page', 'Website_Product_Page', 'Lab_Integration_Discussion', 'No_Conversion']",0
L009289,Ravi Johnson,,,,,LinkedIn,"['Oscilloscope_Selector_Tool', 'MQL', 'Application_Engineer_Call', 'IMS_Badge_Scan', 'Technical_Demo', 'Customer']",1
L009290,Chen Tanaka,Bosch GmbH,Telecom,North America,5G Testbeds,Event,"['IMS_Badge_Scan', 'Opportunity', 'Lab_Integration_Discussion', 'AutoSens_Tech_Talk', 'Keysight_University_Course', 'PathWave_Trial_Request', 'AutoSens_Tech_Talk', 'Customer']",1
L009291,Daniel Williams,Samsung Electronics GmbH,Aerospace,,,LinkedIn,"['Website_Product_Page', 'Application_Engineer_Call', 'LinkedIn_Ad_Click', 'LinkedIn_Ad_Click', 'Application_Engineer_Call', 'Customer']",1
L009292,Ravi Garcia,Samsung Electronics GmbH,,,,Webinar,"['PathWave_Trial_Request', 'AutoSens_Tech_Talk', 'Loaner_Unit_Evaluation', 'Customer']",1
L009293,Maria Johnson,Bosch_Tech,,,Automotive Ethernet,Sales Outreach,"['MQL', 'LinkedIn_Ad_Click', 'Loaner_Unit_Evaluation', 'Oscilloscope_Selector_Tool', 'DesignCon_Booth_Visit', 'MQL', 'MQL', 'Lab_Integration_Discussion', 'Oscilloscope_Selector_Tool', 'Keysight_University_Course', 'No_Conversion']",0
L009294,Chen Anders,Qualcomm,Aerospace,LATAM,Oscilloscopes,Event,"['AutoSens_Tech_Talk', 'Technical_Demo', 'SQL', 'LinkedIn_Ad_Click', 'IMS_Badge_Scan', 'Lab_Integration_Discussion', 'Whitepaper_Download_5G_Test', 'No_Conversion']",0
L009295,Ravi Anders,Tesla_Tech,Electronics,North America,,Sales Outreach,"['Keysight_Workshop_RF_Testing', 'PathWave_Trial_Request', 'Keysight_Workshop_RF_Testing', 'Application_Engineer_Call', 'Application_Engineer_Call', 'Customer']",1
L009296,Michael Khan,,Electronics,APAC,5G Testbeds,Email Campaign,"['Loaner_Unit_Evaluation', 'DesignCon_Booth_Visit', 'Lab_Integration_Discussion', 'DesignCon_Booth_Visit', 'No_Conversion']",0
L009297,Ahmed Patel,Broadcom,Automotive,North America,,,"['Lab_Integration_Discussion', 'Whitepaper_Download_5G_Test', 'Customer']",1
L009298,Michael Lee,Samsung Electronics,Electronics,North America,Automotive Ethernet,LinkedIn,"['Opportunity', 'Technical_Demo', 'Website_Product_Page', 'Customer']",1
L009299,Priya Chen,,Aerospace,LATAM,PathWave Software,Webinar,"['PathWave_Trial_Request', 'Opportunity', 'Technical_Demo', 'Keysight_Workshop_RF_Testing', 'DesignCon_Booth_Visit', 'Customer']",1
L009300,Hiroshi Khan,Qualcomm GmbH,Semiconductor,LATAM,Automotive Ethernet,,"['Loaner_Unit_Evaluation', 'Whitepaper_Download_5G_Test', 'Application_Engineer_Call', 'SQL', 'LinkedIn_Ad_Click', 'Whitepaper_Download_5G_Test', 'AutoSens_Tech_Talk', 'Loaner_Unit_Evaluation', 'Lab_Integration_Discussion', 'DesignCon_Booth_Visit', 'No_Conversion']",0
L009301,Daniel Williams,Qualcomm,Electronics,APAC,PathWave Software,LinkedIn,['No_Conversion'],0
L009302,Hiroshi Williams,Broad_Tech,Electronics,LATAM,,,"['IMS_Badge_Scan', 'Keysight_Workshop_RF_Testing', 'DesignCon_Booth_Visit', 'PathWave_Trial_Request', 'AutoSens_Tech_Talk', 'Website_Product_Page', 'Opportunity', 'No_Conversion']",0
L009303,Sarah Johnson,Tesla Energy,Semiconductor,,PathWave Software,,['No_Conversion'],0
L009304,Michael Tanaka,Sony_Tech,Automotive,North America,,Webinar,['No_Conversion'],0
L009305,Maria Singh,,,North America,,LinkedIn,['No_Conversion'],0
L009306,Hiroshi Martinez,,Automotive,North America,PathWave Software,Event,"['Oscilloscope_Selector_Tool', 'Technical_Demo', 'DesignCon_Booth_Visit', 'IMS_Badge_Scan', 'Customer']",1
L009307,,Raytheon,,,Automotive Ethernet,LinkedIn,"['DesignCon_Booth_Visit', 'Technical_Demo', 'Customer']",1
L009308,Maria Johnson,Tesla Energy GmbH,,Europe,,Event,"['LinkedIn_Ad_Click', 'LinkedIn_Ad_Click', 'PathWave_Trial_Request', 'No_Conversion']",0
L009309,Maria Tanaka,Tesla Energy,,LATAM,Automotive Ethernet,Event,"['Keysight_Workshop_RF_Testing', 'Customer']",1
L009310,Ravi Ito,,Automotive,LATAM,,Email Campaign,"['DesignCon_Booth_Visit', 'Keysight_Workshop_RF_Testing', 'Loaner_Unit_Evaluation', 'IMS_Badge_Scan', 'No_Conversion']",0
L009311,Ravi Ito,NXP Semiconductors,Aerospace,Europe,Automotive Ethernet,Webinar,"['LinkedIn_Ad_Click', 'Loaner_Unit_Evaluation', 'IMS_Badge_Scan', 'AutoSens_Tech_Talk', 'No_Conversion']",0
L009312,Laura Lee,Infineon,,North America,,Event,"['Oscilloscope_Selector_Tool', 'Whitepaper_Download_5G_Test', 'No_Conversion']",0
L009313,Hiroshi Johnson,MetaC_Tech,Aerospace,APAC,,LinkedIn,"['Technical_Demo', 'Oscilloscope_Selector_Tool', 'IMS_Badge_Scan', 'IMS_Badge_Scan', 'MQL', 'Technical_Demo', 'Customer']",1
L009314,Ravi Williams,,Electronics,,5G Testbeds,,['No_Conversion'],0
L009315,,NXP Semiconductors GmbH,Semiconductor,Europe,,,"['Whitepaper_Download_5G_Test', 'Keysight_University_Course', 'Customer']",1
L009316,Hiroshi Martinez,Bosch GmbH,,APAC,,Email Campaign,"['Whitepaper_Download_5G_Test', 'SQL', 'Customer']",1
L009317,Daniel Anders,,,Europe,,LinkedIn,"['AutoSens_Tech_Talk', 'Keysight_Workshop_RF_Testing', 'PathWave_Trial_Request', 'Lab_Integration_Discussion', 'IMS_Badge_Scan', 'Keysight_University_Course', 'Application_Engineer_Call', 'No_Conversion']",0
L009318,Sarah Johnson,Rayth_Tech,Semiconductor,,,Website,"['PathWave_Trial_Request', 'PathWave_Trial_Request', 'Application_Engineer_Call', 'LinkedIn_Ad_Click', 'Lab_Integration_Discussion', 'Customer']",1
L009319,Michael Khan,Sony_Tech,,APAC,PathWave Software,,"['IMS_Badge_Scan', 'Opportunity', 'Oscilloscope_Selector_Tool', 'Opportunity', 'Whitepaper_Download_5G_Test', 'Whitepaper_Download_5G_Test', 'Technical_Demo', 'SQL', 'Loaner_Unit_Evaluation', 'Lab_Integration_Discussion', 'Customer']",1
L009320,Maria Khan,,,North America,Oscilloscopes,Event,"['AutoSens_Tech_Talk', 'Keysight_Workshop_RF_Testing', 'MQL', 'LinkedIn_Ad_Click', 'Oscilloscope_Selector_Tool', 'Loaner_Unit_Evaluation', 'SQL', 'Oscilloscope_Selector_Tool', 'PathWave_Trial_Request', 'No_Conversion']",0
L009321,Ravi Chen,Qualcomm GmbH,Electronics,LATAM,Automotive Ethernet,Webinar,"['Lab_Integration_Discussion', 'DesignCon_Booth_Visit', 'Opportunity', 'No_Conversion']",0
L009322,Laura Martinez,Samsung Electronics,Semiconductor,North America,5G Testbeds,Event,"['Technical_Demo', 'Oscilloscope_Selector_Tool', 'Keysight_Workshop_RF_Testing', 'Customer']",1
L009323,Sofia Khan,Sony_Tech,Aerospace,Europe,,Sales Outreach,"['PathWave_Trial_Request', 'No_Conversion']",0
L009324,Daniel Johnson,Samsung Electronics,Telecom,,5G Testbeds,,"['Keysight_University_Course', 'Technical_Demo', 'PathWave_Trial_Request', 'Customer']",1
L009325,Laura Williams,Samsung Electronics GmbH,Automotive,Europe,,,"['MQL', 'MQL', 'Opportunity', 'No_Conversion']",0
L009326,Michael Khan,MetaC_Tech,Automotive,Europe,5G Testbeds,Event,['No_Conversion'],0
L009327,,,Semiconductor,APAC,PathWave Software,Webinar,"['Keysight_University_Course', 'Application_Engineer_Call', 'Opportunity', 'Keysight_University_Course', 'Keysight_University_Course', 'Customer']",1
L009328,Ravi Anders,Tesla_Tech,Electronics,Europe,,Website,"['Whitepaper_Download_5G_Test', 'Keysight_Workshop_RF_Testing', 'LinkedIn_Ad_Click', 'Lab_Integration_Discussion', 'Oscilloscope_Selector_Tool', 'Customer']",1
L009329,Priya Anders,Broadcom GmbH,Semiconductor,North America,,Event,"['Loaner_Unit_Evaluation', 'PathWave_Trial_Request', 'DesignCon_Booth_Visit', 'MQL', 'Customer']",1
L009330,Ravi Martinez,Qualcomm,Aerospace,APAC,PathWave Software,Event,"['AutoSens_Tech_Talk', 'Website_Product_Page', 'DesignCon_Booth_Visit', 'Technical_Demo', 'Customer']",1
L009331,Laura Williams,Bosch,Automotive,,Oscilloscopes,Website,"['Keysight_Workshop_RF_Testing', 'Loaner_Unit_Evaluation', 'Opportunity', 'Application_Engineer_Call', 'Website_Product_Page', 'Lab_Integration_Discussion', 'No_Conversion']",0
L009332,,Sony_Tech,,North America,,Event,"['Oscilloscope_Selector_Tool', 'Loaner_Unit_Evaluation', 'Application_Engineer_Call', 'Website_Product_Page', 'AutoSens_Tech_Talk', 'Loaner_Unit_Evaluation', 'Opportunity', 'Whitepaper_Download_5G_Test', 'IMS_Badge_Scan', 'Website_Product_Page', 'No_Conversion']",0
L009333,,Sony,Electronics,APAC,,Webinar,"['Oscilloscope_Selector_Tool', 'IMS_Badge_Scan', 'Whitepaper_Download_5G_Test', 'MQL', 'Customer']",1
L009334,,,,,,Website,['Customer'],1
L009335,Kenji Williams,Tesla Energy,Electronics,,,Email Campaign,"['AutoSens_Tech_Talk', 'Customer']",1
L009336,Daniel Lee,NXP Semiconductors GmbH,,Europe,,Email Campaign,"['PathWave_Trial_Request', 'AutoSens_Tech_Talk', 'IMS_Badge_Scan', 'Website_Product_Page', 'Application_Engineer_Call', 'No_Conversion']",0
L009337,,Meta Connectivity Labs GmbH,Telecom,North America,5G Testbeds,Event,"['Whitepaper_Download_5G_Test', 'Application_Engineer_Call', 'DesignCon_Booth_Visit', 'IMS_Badge_Scan', 'AutoSens_Tech_Talk', 'Technical_Demo', 'Customer']",1
L009338,Laura Tanaka,Raytheon GmbH,Telecom,Europe,,Email Campaign,"['Application_Engineer_Call', 'Loaner_Unit_Evaluation', 'IMS_Badge_Scan', 'MQL', 'PathWave_Trial_Request', 'Oscilloscope_Selector_Tool', 'Website_Product_Page', 'IMS_Badge_Scan', 'Keysight_University_Course', 'Whitepaper_Download_5G_Test', 'Customer']",1
L009339,,Bosch GmbH,Aerospace,Europe,PathWave Software,LinkedIn,"['Application_Engineer_Call', 'IMS_Badge_Scan', 'Customer']",1
L009340,Maria Khan,Infineon,Aerospace,APAC,,LinkedIn,"['MQL', 'LinkedIn_Ad_Click', 'AutoSens_Tech_Talk', 'PathWave_Trial_Request', 'IMS_Badge_Scan', 'Website_Product_Page', 'SQL', 'AutoSens_Tech_Talk', 'Customer']",1
L009341,Daniel Garcia,Raytheon GmbH,Electronics,LATAM,,Event,"['Website_Product_Page', 'IMS_Badge_Scan', 'SQL', 'No_Conversion']",0
L009342,Maria Tanaka,Tesla_Tech,Electronics,,PathWave Software,Email Campaign,['No_Conversion'],0
L009343,Maria Ito,Broadcom GmbH,,APAC,PathWave Software,Sales Outreach,"['Whitepaper_Download_5G_Test', 'Application_Engineer_Call', 'IMS_Badge_Scan', 'DesignCon_Booth_Visit', 'Technical_Demo', 'Customer']",1
L009344,Daniel Johnson,Qualc_Tech,Telecom,Europe,Oscilloscopes,Event,"['Lab_Integration_Discussion', 'Opportunity', 'SQL', 'Keysight_University_Course', 'MQL', 'Loaner_Unit_Evaluation', 'Application_Engineer_Call', 'Lab_Integration_Discussion', 'Customer']",1
L009345,Priya Singh,Sony_Tech,Electronics,Europe,,,"['Opportunity', 'Application_Engineer_Call', 'Customer']",1
L009346,Ahmed Johnson,Raytheon GmbH,Electronics,Europe,5G Testbeds,,"['DesignCon_Booth_Visit', 'DesignCon_Booth_Visit', 'Application_Engineer_Call', 'Keysight_Workshop_RF_Testing', 'No_Conversion']",0
L009347,Laura Williams,Tesla_Tech,Automotive,Europe,5G Testbeds,Sales Outreach,"['DesignCon_Booth_Visit', 'Keysight_Workshop_RF_Testing', 'Keysight_University_Course', 'Customer']",1
L009348,Sarah Martinez,Infineon GmbH,Semiconductor,LATAM,PathWave Software,Sales Outreach,"['SQL', 'SQL', 'AutoSens_Tech_Talk', 'LinkedIn_Ad_Click', 'Whitepaper_Download_5G_Test', 'SQL', 'No_Conversion']",0
L009349,Kenji Khan,Samsung Electronics,Aerospace,Europe,Oscilloscopes,Website,"['PathWave_Trial_Request', 'MQL', 'MQL', 'Loaner_Unit_Evaluation', 'Whitepaper_Download_5G_Test', 'Website_Product_Page', 'Loaner_Unit_Evaluation', 'Customer']",1
L009350,Laura Garcia,Samsung Electronics GmbH,,Europe,Automotive Ethernet,Email Campaign,['Customer'],1
L009351,Priya Anders,Raytheon,Aerospace,,Automotive Ethernet,Email Campaign,"['PathWave_Trial_Request', 'Customer']",1
L009352,Ravi Johnson,Samsu_Tech,Aerospace,North America,Oscilloscopes,Website,"['Keysight_University_Course', 'Keysight_Workshop_RF_Testing', 'DesignCon_Booth_Visit', 'PathWave_Trial_Request', 'LinkedIn_Ad_Click', 'MQL', 'SQL', 'Customer']",1
L009353,Kenji Garcia,Broad_Tech,,,,Webinar,"['MQL', 'Opportunity', 'Oscilloscope_Selector_Tool', 'Customer']",1
L009354,Hiroshi Williams,NXP Semiconductors,Semiconductor,LATAM,,Sales Outreach,"['Technical_Demo', 'Oscilloscope_Selector_Tool', 'Application_Engineer_Call', 'Customer']",1
L009355,Laura Anders,MetaC_Tech,,,Automotive Ethernet,Email Campaign,"['Keysight_University_Course', 'MQL', 'Technical_Demo', 'AutoSens_Tech_Talk', 'Whitepaper_Download_5G_Test', 'No_Conversion']",0
L009356,Maria Anders,NXP Semiconductors GmbH,Automotive,APAC,Oscilloscopes,Webinar,"['Technical_Demo', 'Oscilloscope_Selector_Tool', 'Opportunity', 'MQL', 'Customer']",1
L009357,Daniel Anders,,Automotive,,Automotive Ethernet,Webinar,"['MQL', 'MQL', 'LinkedIn_Ad_Click', 'MQL', 'Whitepaper_Download_5G_Test', 'Loaner_Unit_Evaluation', 'Oscilloscope_Selector_Tool', 'No_Conversion']",0
L009358,Sofia Tanaka,Infineon,Electronics,,,Website,"['LinkedIn_Ad_Click', 'Oscilloscope_Selector_Tool', 'Application_Engineer_Call', 'MQL', 'MQL', 'MQL', 'Keysight_University_Course', 'SQL', 'MQL', 'Opportunity', 'Customer']",1
L009359,Laura Tanaka,Samsu_Tech,Semiconductor,APAC,Oscilloscopes,Email Campaign,"['PathWave_Trial_Request', 'Keysight_University_Course', 'Application_Engineer_Call', 'Keysight_Workshop_RF_Testing', 'Loaner_Unit_Evaluation', 'IMS_Badge_Scan', 'Oscilloscope_Selector_Tool', 'Application_Engineer_Call', 'Oscilloscope_Selector_Tool', 'No_Conversion']",0
L009360,Sofia Garcia,Infineon GmbH,Aerospace,Europe,PathWave Software,Webinar,"['Application_Engineer_Call', 'DesignCon_Booth_Visit', 'Opportunity', 'Technical_Demo', 'DesignCon_Booth_Visit', 'Website_Product_Page', 'MQL', 'Website_Product_Page', 'LinkedIn_Ad_Click', 'Oscilloscope_Selector_Tool', 'No_Conversion']",0
L009361,Kenji Garcia,,,,,,"['Website_Product_Page', 'MQL', 'MQL', 'No_Conversion']",0
L009362,,,Semiconductor,Europe,5G Testbeds,Sales Outreach,['No_Conversion'],0
L009363,Ravi Patel,Broad_Tech,,LATAM,5G Testbeds,Event,"['AutoSens_Tech_Talk', 'AutoSens_Tech_Talk', 'Loaner_Unit_Evaluation', 'MQL', 'Opportunity', 'Customer']",1
L009364,,Broad_Tech,Electronics,,,Webinar,"['LinkedIn_Ad_Click', 'Keysight_University_Course', 'Website_Product_Page', 'Customer']",1
L009365,Kenji Ito,Tesla Energy,Automotive,,,Sales Outreach,['No_Conversion'],0
L009366,Sarah Anders,Rayth_Tech,Aerospace,LATAM,,Website,"['LinkedIn_Ad_Click', 'No_Conversion']",0
L009367,Maria Martinez,Meta Connectivity Labs,Electronics,,Oscilloscopes,LinkedIn,"['Oscilloscope_Selector_Tool', 'Opportunity', 'Customer']",1
L009368,Michael Chen,Meta Connectivity Labs,,APAC,5G Testbeds,Website,"['Oscilloscope_Selector_Tool', 'Keysight_University_Course', 'Lab_Integration_Discussion', 'LinkedIn_Ad_Click', 'Customer']",1
L009369,,Raytheon,,,,Website,"['Opportunity', 'Loaner_Unit_Evaluation', 'SQL', 'No_Conversion']",0
L009370,Priya Ito,Meta Connectivity Labs,Aerospace,Europe,Automotive Ethernet,Sales Outreach,"['Technical_Demo', 'No_Conversion']",0
L009371,Sarah Tanaka,,Automotive,LATAM,PathWave Software,LinkedIn,['Customer'],1
L009372,Chen Tanaka,Meta Connectivity Labs,Aerospace,Europe,,,"['LinkedIn_Ad_Click', 'Website_Product_Page', 'DesignCon_Booth_Visit', 'Website_Product_Page', 'Opportunity', 'AutoSens_Tech_Talk', 'Oscilloscope_Selector_Tool', 'Customer']",1
L009373,Priya Johnson,Qualc_Tech,Aerospace,APAC,,Sales Outreach,"['PathWave_Trial_Request', 'Customer']",1
L009374,Michael Tanaka,NXP Semiconductors GmbH,Semiconductor,APAC,Oscilloscopes,Website,"['Keysight_Workshop_RF_Testing', 'Application_Engineer_Call', 'MQL', 'Opportunity', 'No_Conversion']",0
L009375,Ravi Khan,,Electronics,,,LinkedIn,"['MQL', 'MQL', 'PathWave_Trial_Request', 'Customer']",1
L009376,Maria Khan,,Semiconductor,APAC,5G Testbeds,Webinar,"['Website_Product_Page', 'IMS_Badge_Scan', 'Website_Product_Page', 'Whitepaper_Download_5G_Test', 'Website_Product_Page', 'Customer']",1
L009377,Ahmed Martinez,,Semiconductor,APAC,PathWave Software,Sales Outreach,"['Website_Product_Page', 'AutoSens_Tech_Talk', 'IMS_Badge_Scan', 'IMS_Badge_Scan', 'PathWave_Trial_Request', 'Whitepaper_Download_5G_Test', 'PathWave_Trial_Request', 'DesignCon_Booth_Visit', 'Customer']",1
L009378,Sarah Tanaka,,Aerospace,North America,5G Testbeds,Email Campaign,['Customer'],1
L009379,,Sony GmbH,,Europe,Oscilloscopes,Webinar,"['LinkedIn_Ad_Click', 'No_Conversion']",0
L009380,Michael Anders,Raytheon,Telecom,LATAM,Oscilloscopes,Event,"['Loaner_Unit_Evaluation', 'Technical_Demo', 'MQL', 'No_Conversion']",0
L009381,Maria Khan,,Electronics,North America,Automotive Ethernet,Sales Outreach,['Customer'],1
L009382,Priya Chen,,,Europe,Oscilloscopes,Webinar,"['AutoSens_Tech_Talk', 'MQL', 'PathWave_Trial_Request', 'Keysight_Workshop_RF_Testing', 'No_Conversion']",0
L009383,Ahmed Khan,Samsung Electronics,Electronics,APAC,PathWave Software,Website,"['SQL', 'Oscilloscope_Selector_Tool', 'AutoSens_Tech_Talk', 'Keysight_University_Course', 'LinkedIn_Ad_Click', 'AutoSens_Tech_Talk', 'Customer']",1
L009384,Laura Patel,,Aerospace,,5G Testbeds,Event,"['IMS_Badge_Scan', 'AutoSens_Tech_Talk', 'IMS_Badge_Scan', 'Oscilloscope_Selector_Tool', 'Customer']",1
L009385,Chen Lee,,,LATAM,Oscilloscopes,,"['LinkedIn_Ad_Click', 'Customer']",1
L009386,Maria Tanaka,,,LATAM,,Email Campaign,"['Website_Product_Page', 'Opportunity', 'IMS_Badge_Scan', 'SQL', 'Oscilloscope_Selector_Tool', 'SQL', 'Customer']",1
L009387,Daniel Ito,Qualcomm GmbH,Telecom,APAC,,,"['Oscilloscope_Selector_Tool', 'AutoSens_Tech_Talk', 'AutoSens_Tech_Talk', 'Technical_Demo', 'Keysight_University_Course', 'Customer']",1
L009388,Sofia Khan,Tesla Energy GmbH,Telecom,Europe,Automotive Ethernet,Webinar,"['DesignCon_Booth_Visit', 'Keysight_University_Course', 'Loaner_Unit_Evaluation', 'Opportunity', 'No_Conversion']",0
L009389,Kenji Singh,,Aerospace,,,Sales Outreach,"['PathWave_Trial_Request', 'Customer']",1
L009390,Hiroshi Martinez,,Automotive,LATAM,Oscilloscopes,Sales Outreach,"['MQL', 'AutoSens_Tech_Talk', 'Loaner_Unit_Evaluation', 'MQL', 'No_Conversion']",0
L009391,Chen Martinez,,Automotive,Europe,Oscilloscopes,LinkedIn,"['LinkedIn_Ad_Click', 'MQL', 'SQL', 'Application_Engineer_Call', 'No_Conversion']",0
L009392,Ravi Patel,,Semiconductor,APAC,,LinkedIn,"['Oscilloscope_Selector_Tool', 'PathWave_Trial_Request', 'LinkedIn_Ad_Click', 'No_Conversion']",0
L009393,Michael Lee,Meta Connectivity Labs GmbH,,APAC,PathWave Software,Email Campaign,"['Loaner_Unit_Evaluation', 'LinkedIn_Ad_Click', 'LinkedIn_Ad_Click', 'SQL', 'Loaner_Unit_Evaluation', 'Opportunity', 'Customer']",1
L009394,Hiroshi Garcia,NXP Semiconductors GmbH,Semiconductor,LATAM,,,"['PathWave_Trial_Request', 'IMS_Badge_Scan', 'Oscilloscope_Selector_Tool', 'Keysight_University_Course', 'Loaner_Unit_Evaluation', 'No_Conversion']",0
L009395,Hiroshi Martinez,Bosch,Electronics,LATAM,,Website,['Customer'],1
L009396,Chen Garcia,,Aerospace,,5G Testbeds,,"['Keysight_Workshop_RF_Testing', 'Oscilloscope_Selector_Tool', 'Whitepaper_Download_5G_Test', 'Customer']",1
L009397,Maria Johnson,,Electronics,,,Webinar,"['Keysight_University_Course', 'AutoSens_Tech_Talk', 'No_Conversion']",0
L009398,Sofia Patel,Sony,,,Oscilloscopes,,"['Keysight_University_Course', 'Customer']",1
L009399,Ahmed Williams,Bosch,,Europe,Oscilloscopes,Sales Outreach,"['Lab_Integration_Discussion', 'Application_Engineer_Call', 'Oscilloscope_Selector_Tool', 'PathWave_Trial_Request', 'DesignCon_Booth_Visit', 'Application_Engineer_Call', 'Whitepaper_Download_5G_Test', 'Customer']",1
L009400,Sarah Singh,Broad_Tech,Telecom,APAC,PathWave Software,Webinar,"['Keysight_University_Course', 'Technical_Demo', 'Keysight_Workshop_RF_Testing', 'PathWave_Trial_Request', 'Lab_Integration_Discussion', 'PathWave_Trial_Request', 'Oscilloscope_Selector_Tool', 'Oscilloscope_Selector_Tool', 'PathWave_Trial_Request', 'No_Conversion']",0
L009401,Chen Anders,Broad_Tech,Semiconductor,APAC,,,"['IMS_Badge_Scan', 'Oscilloscope_Selector_Tool', 'AutoSens_Tech_Talk', 'Oscilloscope_Selector_Tool', 'IMS_Badge_Scan', 'Customer']",1
L009402,Sarah Ito,,,North America,,,"['LinkedIn_Ad_Click', 'Application_Engineer_Call', 'Oscilloscope_Selector_Tool', 'Application_Engineer_Call', 'Customer']",1
L009403,Priya Williams,,,Europe,,,"['Application_Engineer_Call', 'No_Conversion']",0
L009404,,Infineon,Telecom,Europe,PathWave Software,Website,"['Whitepaper_Download_5G_Test', 'DesignCon_Booth_Visit', 'AutoSens_Tech_Talk', 'MQL', 'Keysight_Workshop_RF_Testing', 'Website_Product_Page', 'Customer']",1
L009405,Maria Tanaka,Infineon GmbH,Semiconductor,Europe,,Website,"['Opportunity', 'MQL', 'Opportunity', 'Technical_Demo', 'AutoSens_Tech_Talk', 'Whitepaper_Download_5G_Test', 'Technical_Demo', 'Loaner_Unit_Evaluation', 'AutoSens_Tech_Talk', 'Opportunity', 'Customer']",1
L009406,Priya Khan,,Automotive,North America,PathWave Software,Sales Outreach,"['Opportunity', 'IMS_Badge_Scan', 'Keysight_Workshop_RF_Testing', 'IMS_Badge_Scan', 'PathWave_Trial_Request', 'Customer']",1
L009407,Ahmed Anders,Broadcom,Telecom,,,Website,"['Lab_Integration_Discussion', 'Customer']",1
L009408,Hiroshi Anders,Bosch,Semiconductor,APAC,,Email Campaign,"['Technical_Demo', 'Keysight_University_Course', 'PathWave_Trial_Request', 'Opportunity', 'No_Conversion']",0
L009409,Ravi Martinez,,Semiconductor,Europe,Oscilloscopes,,['No_Conversion'],0
L009410,,,Aerospace,North America,Oscilloscopes,Event,"['AutoSens_Tech_Talk', 'MQL', 'Technical_Demo', 'MQL', 'Keysight_Workshop_RF_Testing', 'Opportunity', 'SQL', 'Lab_Integration_Discussion', 'MQL', 'Keysight_University_Course', 'No_Conversion']",0
L009411,Daniel Garcia,Tesla_Tech,Semiconductor,LATAM,5G Testbeds,Event,"['DesignCon_Booth_Visit', 'Technical_Demo', 'DesignCon_Booth_Visit', 'PathWave_Trial_Request', 'Application_Engineer_Call', 'AutoSens_Tech_Talk', 'Keysight_Workshop_RF_Testing', 'No_Conversion']",0
L009412,Ravi Lee,Tesla_Tech,Telecom,LATAM,,,"['PathWave_Trial_Request', 'Application_Engineer_Call', 'Website_Product_Page', 'Technical_Demo', 'MQL', 'Website_Product_Page', 'AutoSens_Tech_Talk', 'Website_Product_Page', 'Customer']",1
L009413,Laura Patel,Broadcom GmbH,,LATAM,Oscilloscopes,Website,"['AutoSens_Tech_Talk', 'Keysight_University_Course', 'Lab_Integration_Discussion', 'Whitepaper_Download_5G_Test', 'Keysight_Workshop_RF_Testing', 'No_Conversion']",0
L009414,Ravi Singh,NXP Semiconductors,Automotive,,5G Testbeds,Event,"['Lab_Integration_Discussion', 'MQL', 'Whitepaper_Download_5G_Test', 'Customer']",1
L009415,,Bosch_Tech,,,Automotive Ethernet,Email Campaign,"['DesignCon_Booth_Visit', 'MQL', 'DesignCon_Booth_Visit', 'No_Conversion']",0
L009416,Hiroshi Williams,,Electronics,Europe,Oscilloscopes,Webinar,"['Technical_Demo', 'Opportunity', 'SQL', 'Website_Product_Page', 'Technical_Demo', 'Whitepaper_Download_5G_Test', 'Website_Product_Page', 'Loaner_Unit_Evaluation', 'LinkedIn_Ad_Click', 'Customer']",1
L009417,Kenji Martinez,Samsu_Tech,,North America,Oscilloscopes,Website,"['AutoSens_Tech_Talk', 'MQL', 'No_Conversion']",0
L009418,Chen Williams,Infineon GmbH,,,Automotive Ethernet,LinkedIn,"['Website_Product_Page', 'No_Conversion']",0
L009419,Daniel Khan,Bosch GmbH,,,,Sales Outreach,"['SQL', 'Application_Engineer_Call', 'Lab_Integration_Discussion', 'DesignCon_Booth_Visit', 'Loaner_Unit_Evaluation', 'IMS_Badge_Scan', 'Customer']",1
L009420,Ahmed Williams,Rayth_Tech,,APAC,PathWave Software,Email Campaign,['No_Conversion'],0
L009421,Maria Singh,Bosch_Tech,Automotive,North America,Oscilloscopes,Webinar,"['IMS_Badge_Scan', 'AutoSens_Tech_Talk', 'Lab_Integration_Discussion', 'No_Conversion']",0
L009422,Michael Lee,Samsung Electronics,Semiconductor,APAC,5G Testbeds,Website,"['Lab_Integration_Discussion', 'Lab_Integration_Discussion', 'PathWave_Trial_Request', 'Customer']",1
L009423,Maria Patel,Sony GmbH,Automotive,,,Event,"['DesignCon_Booth_Visit', 'Customer']",1
L009424,Ahmed Anders,Meta Connectivity Labs,Semiconductor,LATAM,,Sales Outreach,"['PathWave_Trial_Request', 'No_Conversion']",0
L009425,Maria Anders,Infineon GmbH,Telecom,,Oscilloscopes,Sales Outreach,"['Keysight_Workshop_RF_Testing', 'SQL', 'IMS_Badge_Scan', 'Oscilloscope_Selector_Tool', 'No_Conversion']",0
L009426,Hiroshi Anders,Infineon,Semiconductor,Europe,PathWave Software,,['Customer'],1
L009427,Kenji Garcia,,,,,Event,"['Opportunity', 'Technical_Demo', 'Website_Product_Page', 'DesignCon_Booth_Visit', 'MQL', 'MQL', 'No_Conversion']",0
L009428,Sarah Martinez,Bosch,,LATAM,,Website,['No_Conversion'],0
L009429,Chen Khan,,Electronics,,PathWave Software,Sales Outreach,"['Opportunity', 'AutoSens_Tech_Talk', 'Lab_Integration_Discussion', 'Oscilloscope_Selector_Tool', 'No_Conversion']",0
L009430,Hiroshi Garcia,Broadcom GmbH,,APAC,,Website,"['LinkedIn_Ad_Click', 'DesignCon_Booth_Visit', 'PathWave_Trial_Request', 'LinkedIn_Ad_Click', 'Customer']",1
L009431,Michael Anders,Samsung Electronics GmbH,Telecom,LATAM,,Email Campaign,"['SQL', 'Lab_Integration_Discussion', 'Keysight_University_Course', 'Customer']",1
L009432,,,Automotive,APAC,Automotive Ethernet,Website,"['LinkedIn_Ad_Click', 'MQL', 'Loaner_Unit_Evaluation', 'Loaner_Unit_Evaluation', 'Technical_Demo', 'AutoSens_Tech_Talk', 'Whitepaper_Download_5G_Test', 'No_Conversion']",0
L009433,Kenji Patel,,Automotive,North America,5G Testbeds,Email Campaign,"['Keysight_Workshop_RF_Testing', 'MQL', 'Website_Product_Page', 'AutoSens_Tech_Talk', 'Customer']",1
L009434,Sarah Lee,Broadcom,,North America,,Event,"['Lab_Integration_Discussion', 'IMS_Badge_Scan', 'Opportunity', 'AutoSens_Tech_Talk', 'IMS_Badge_Scan', 'SQL', 'No_Conversion']",0
L009435,,Qualcomm GmbH,,North America,,Event,"['LinkedIn_Ad_Click', 'MQL', 'Keysight_Workshop_RF_Testing', 'Loaner_Unit_Evaluation', 'DesignCon_Booth_Visit', 'Website_Product_Page', 'No_Conversion']",0
L009436,Maria Anders,Tesla Energy GmbH,Electronics,Europe,Automotive Ethernet,LinkedIn,['Customer'],1
L009437,Ahmed Patel,Bosch GmbH,,,,Sales Outreach,"['LinkedIn_Ad_Click', 'DesignCon_Booth_Visit', 'Keysight_University_Course', 'PathWave_Trial_Request', 'Website_Product_Page', 'Keysight_Workshop_RF_Testing', 'Technical_Demo', 'Website_Product_Page', 'MQL', 'Customer']",1
L009438,Chen Khan,Qualcomm,Electronics,North America,,Email Campaign,"['SQL', 'Whitepaper_Download_5G_Test', 'MQL', 'Keysight_Workshop_RF_Testing', 'Lab_Integration_Discussion', 'No_Conversion']",0
L009439,Ahmed Patel,Bosch_Tech,Aerospace,LATAM,,Email Campaign,"['DesignCon_Booth_Visit', 'Whitepaper_Download_5G_Test', 'MQL', 'MQL', 'LinkedIn_Ad_Click', 'Website_Product_Page', 'Loaner_Unit_Evaluation', 'LinkedIn_Ad_Click', 'No_Conversion']",0
L009440,Maria Garcia,,Aerospace,APAC,PathWave Software,,"['MQL', 'IMS_Badge_Scan', 'Technical_Demo', 'Application_Engineer_Call', 'No_Conversion']",0
L009441,Chen Johnson,Raytheon,Electronics,,5G Testbeds,Sales Outreach,"['PathWave_Trial_Request', 'SQL', 'LinkedIn_Ad_Click', 'IMS_Badge_Scan', 'No_Conversion']",0
L009442,,NXP Semiconductors GmbH,Telecom,,PathWave Software,Event,"['Technical_Demo', 'PathWave_Trial_Request', 'Keysight_Workshop_RF_Testing', 'No_Conversion']",0
L009443,Kenji Chen,,Electronics,APAC,,,"['LinkedIn_Ad_Click', 'Technical_Demo', 'Keysight_Workshop_RF_Testing', 'SQL', 'IMS_Badge_Scan', 'No_Conversion']",0
L009444,Chen Williams,Samsung Electronics,Electronics,Europe,,Webinar,"['Keysight_University_Course', 'DesignCon_Booth_Visit', 'Technical_Demo', 'MQL', 'Technical_Demo', 'Opportunity', 'Whitepaper_Download_5G_Test', 'No_Conversion']",0
L009445,Hiroshi Tanaka,Bosch GmbH,Semiconductor,APAC,Automotive Ethernet,Sales Outreach,"['IMS_Badge_Scan', 'MQL', 'DesignCon_Booth_Visit', 'Customer']",1
L009446,Chen Martinez,,,North America,Oscilloscopes,Webinar,"['Application_Engineer_Call', 'SQL', 'Technical_Demo', 'LinkedIn_Ad_Click', 'Customer']",1
L009447,Daniel Johnson,Broad_Tech,,North America,PathWave Software,Email Campaign,"['AutoSens_Tech_Talk', 'Keysight_Workshop_RF_Testing', 'Whitepaper_Download_5G_Test', 'PathWave_Trial_Request', 'Opportunity', 'No_Conversion']",0
L009448,Maria Williams,Infin_Tech,Telecom,LATAM,,Email Campaign,"['Technical_Demo', 'AutoSens_Tech_Talk', 'Technical_Demo', 'DesignCon_Booth_Visit', 'PathWave_Trial_Request', 'PathWave_Trial_Request', 'LinkedIn_Ad_Click', 'Opportunity', 'Customer']",1
L009449,Michael Johnson,Tesla Energy GmbH,Semiconductor,,PathWave Software,Email Campaign,['Customer'],1
L009450,Kenji Anders,,Electronics,,,,['Customer'],1
L009451,Ravi Chen,Raytheon GmbH,,,Oscilloscopes,Webinar,"['Opportunity', 'Customer']",1
L009452,Ravi Ito,Rayth_Tech,Aerospace,,5G Testbeds,Webinar,"['Application_Engineer_Call', 'MQL', 'AutoSens_Tech_Talk', 'Customer']",1
L009453,,Tesla Energy,Automotive,APAC,,,"['Lab_Integration_Discussion', 'Customer']",1
L009454,Ahmed Johnson,Infineon,,,PathWave Software,LinkedIn,"['Lab_Integration_Discussion', 'SQL', 'Opportunity', 'Keysight_University_Course', 'Opportunity', 'Opportunity', 'Whitepaper_Download_5G_Test', 'Keysight_Workshop_RF_Testing', 'Keysight_Workshop_RF_Testing', 'Website_Product_Page', 'Customer']",1
L009455,Kenji Patel,Broad_Tech,,LATAM,Automotive Ethernet,Email Campaign,['No_Conversion'],0
L009456,Chen Ito,Samsung Electronics GmbH,Telecom,,,Sales Outreach,"['Opportunity', 'DesignCon_Booth_Visit', 'Oscilloscope_Selector_Tool', 'Website_Product_Page', 'Website_Product_Page', 'IMS_Badge_Scan', 'No_Conversion']",0
L009457,Ravi Williams,,Aerospace,Europe,,,"['Oscilloscope_Selector_Tool', 'IMS_Badge_Scan', 'Lab_Integration_Discussion', 'IMS_Badge_Scan', 'Application_Engineer_Call', 'Technical_Demo', 'No_Conversion']",0
L009458,Sofia Khan,Sony GmbH,Telecom,Europe,Automotive Ethernet,Webinar,"['Loaner_Unit_Evaluation', 'Loaner_Unit_Evaluation', 'Oscilloscope_Selector_Tool', 'DesignCon_Booth_Visit', 'Whitepaper_Download_5G_Test', 'Opportunity', 'Customer']",1
L009459,,MetaC_Tech,Telecom,North America,,LinkedIn,"['Keysight_University_Course', 'MQL', 'Lab_Integration_Discussion', 'DesignCon_Booth_Visit', 'SQL', 'No_Conversion']",0
L009460,Kenji Johnson,,,,Automotive Ethernet,Website,"['Technical_Demo', 'IMS_Badge_Scan', 'Keysight_Workshop_RF_Testing', 'PathWave_Trial_Request', 'Website_Product_Page', 'Loaner_Unit_Evaluation', 'AutoSens_Tech_Talk', 'AutoSens_Tech_Talk', 'Oscilloscope_Selector_Tool', 'No_Conversion']",0
L009461,Daniel Martinez,,Aerospace,Europe,PathWave Software,Website,"['Oscilloscope_Selector_Tool', 'Whitepaper_Download_5G_Test', 'Oscilloscope_Selector_Tool', 'Customer']",1
L009462,Laura Garcia,Meta Connectivity Labs,Aerospace,APAC,,LinkedIn,"['Technical_Demo', 'Loaner_Unit_Evaluation', 'Whitepaper_Download_5G_Test', 'Opportunity', 'Loaner_Unit_Evaluation', 'Loaner_Unit_Evaluation', 'SQL', 'Application_Engineer_Call', 'Customer']",1
L009463,Michael Patel,NXP Semiconductors GmbH,,Europe,,Sales Outreach,"['MQL', 'Keysight_Workshop_RF_Testing', 'Keysight_Workshop_RF_Testing', 'Lab_Integration_Discussion', 'DesignCon_Booth_Visit', 'PathWave_Trial_Request', 'Customer']",1
L009464,Laura Garcia,Infin_Tech,,APAC,Oscilloscopes,Webinar,['No_Conversion'],0
L009465,Kenji Williams,Broadcom,,,,Website,"['AutoSens_Tech_Talk', 'Application_Engineer_Call', 'Keysight_University_Course', 'Loaner_Unit_Evaluation', 'Customer']",1
L009466,Ahmed Khan,,Semiconductor,APAC,5G Testbeds,Event,"['Loaner_Unit_Evaluation', 'IMS_Badge_Scan', 'Keysight_Workshop_RF_Testing', 'Technical_Demo', 'IMS_Badge_Scan', 'Technical_Demo', 'Application_Engineer_Call', 'Website_Product_Page', 'MQL', 'No_Conversion']",0
L009467,Chen Chen,,,APAC,,LinkedIn,['No_Conversion'],0
L009468,Chen Khan,Raytheon GmbH,,LATAM,5G Testbeds,Email Campaign,"['Whitepaper_Download_5G_Test', 'IMS_Badge_Scan', 'Oscilloscope_Selector_Tool', 'Lab_Integration_Discussion', 'IMS_Badge_Scan', 'PathWave_Trial_Request', 'LinkedIn_Ad_Click', 'Website_Product_Page', 'No_Conversion']",0
L009469,Daniel Patel,,Semiconductor,,PathWave Software,Email Campaign,"['DesignCon_Booth_Visit', 'PathWave_Trial_Request', 'Oscilloscope_Selector_Tool', 'Application_Engineer_Call', 'Loaner_Unit_Evaluation', 'IMS_Badge_Scan', 'No_Conversion']",0
L009470,Kenji Lee,NXP Semiconductors,,LATAM,PathWave Software,Website,"['PathWave_Trial_Request', 'IMS_Badge_Scan', 'LinkedIn_Ad_Click', 'Keysight_University_Course', 'PathWave_Trial_Request', 'No_Conversion']",0
L009471,Priya Martinez,Broadcom,Telecom,,PathWave Software,Event,"['MQL', 'No_Conversion']",0
L009472,Hiroshi Tanaka,MetaC_Tech,Semiconductor,APAC,Oscilloscopes,,"['Opportunity', 'IMS_Badge_Scan', 'Application_Engineer_Call', 'Keysight_University_Course', 'Website_Product_Page', 'Keysight_Workshop_RF_Testing', 'IMS_Badge_Scan', 'Keysight_University_Course', 'Lab_Integration_Discussion', 'Loaner_Unit_Evaluation', 'Customer']",1
L009473,Hiroshi Khan,,,LATAM,5G Testbeds,Email Campaign,"['PathWave_Trial_Request', 'LinkedIn_Ad_Click', 'Lab_Integration_Discussion', 'IMS_Badge_Scan', 'Application_Engineer_Call', 'Oscilloscope_Selector_Tool', 'IMS_Badge_Scan', 'Keysight_University_Course', 'Opportunity', 'IMS_Badge_Scan', 'Customer']",1
L009474,,,Electronics,Europe,PathWave Software,Event,"['Loaner_Unit_Evaluation', 'MQL', 'MQL', 'No_Conversion']",0
L009475,Priya Chen,NXPSe_Tech,,,5G Testbeds,LinkedIn,"['Whitepaper_Download_5G_Test', 'Oscilloscope_Selector_Tool', 'SQL', 'No_Conversion']",0
L009476,Sofia Johnson,Raytheon,Telecom,APAC,5G Testbeds,,"['MQL', 'LinkedIn_Ad_Click', 'No_Conversion']",0
L009477,Sarah Williams,Tesla Energy,Automotive,Europe,Automotive Ethernet,Website,"['LinkedIn_Ad_Click', 'MQL', 'Keysight_University_Course', 'MQL', 'Oscilloscope_Selector_Tool', 'Oscilloscope_Selector_Tool', 'PathWave_Trial_Request', 'No_Conversion']",0
L009478,Chen Lee,Sony,,APAC,PathWave Software,LinkedIn,"['SQL', 'Website_Product_Page', 'MQL', 'Application_Engineer_Call', 'No_Conversion']",0
L009479,Michael Williams,,Electronics,,Automotive Ethernet,LinkedIn,"['Loaner_Unit_Evaluation', 'MQL', 'Lab_Integration_Discussion', 'Loaner_Unit_Evaluation', 'Keysight_Workshop_RF_Testing', 'PathWave_Trial_Request', 'LinkedIn_Ad_Click', 'DesignCon_Booth_Visit', 'No_Conversion']",0
L009480,Priya Garcia,NXPSe_Tech,Automotive,Europe,Automotive Ethernet,Sales Outreach,"['Website_Product_Page', 'SQL', 'Technical_Demo', 'AutoSens_Tech_Talk', 'Lab_Integration_Discussion', 'No_Conversion']",0
L009481,Ahmed Khan,Sony GmbH,Automotive,Europe,,Sales Outreach,"['Keysight_Workshop_RF_Testing', 'Whitepaper_Download_5G_Test', 'MQL', 'Whitepaper_Download_5G_Test', 'Oscilloscope_Selector_Tool', 'Application_Engineer_Call', 'Keysight_Workshop_RF_Testing', 'MQL', 'Customer']",1
L009482,Sarah Tanaka,Meta Connectivity Labs GmbH,Automotive,North America,,Webinar,"['Website_Product_Page', 'Keysight_Workshop_RF_Testing', 'MQL', 'Website_Product_Page', 'IMS_Badge_Scan', 'No_Conversion']",0
L009483,Daniel Patel,Broadcom GmbH,Automotive,North America,,Email Campaign,"['Oscilloscope_Selector_Tool', 'SQL', 'Technical_Demo', 'Application_Engineer_Call', 'Keysight_Workshop_RF_Testing', 'Whitepaper_Download_5G_Test', 'Opportunity', 'Lab_Integration_Discussion', 'Loaner_Unit_Evaluation', 'No_Conversion']",0
L009484,Kenji Tanaka,Broadcom,Semiconductor,Europe,,Sales Outreach,"['Application_Engineer_Call', 'Whitepaper_Download_5G_Test', 'Lab_Integration_Discussion', 'Whitepaper_Download_5G_Test', 'Website_Product_Page', 'No_Conversion']",0
L009485,Laura Singh,Tesla_Tech,Telecom,Europe,PathWave Software,LinkedIn,"['PathWave_Trial_Request', 'PathWave_Trial_Request', 'PathWave_Trial_Request', 'No_Conversion']",0
L009486,Maria Singh,NXP Semiconductors GmbH,Telecom,North America,,Webinar,"['AutoSens_Tech_Talk', 'Keysight_Workshop_RF_Testing', 'Whitepaper_Download_5G_Test', 'Whitepaper_Download_5G_Test', 'Application_Engineer_Call', 'PathWave_Trial_Request', 'DesignCon_Booth_Visit', 'LinkedIn_Ad_Click', 'Application_Engineer_Call', 'Customer']",1
L009487,Laura Martinez,,Automotive,North America,PathWave Software,LinkedIn,"['PathWave_Trial_Request', 'Lab_Integration_Discussion', 'Whitepaper_Download_5G_Test', 'Oscilloscope_Selector_Tool', 'DesignCon_Booth_Visit', 'AutoSens_Tech_Talk', 'PathWave_Trial_Request', 'Whitepaper_Download_5G_Test', 'MQL', 'No_Conversion']",0
L009488,Priya Anders,,Electronics,,PathWave Software,Event,"['SQL', 'AutoSens_Tech_Talk', 'LinkedIn_Ad_Click', 'Application_Engineer_Call', 'SQL', 'LinkedIn_Ad_Click', 'IMS_Badge_Scan', 'Keysight_University_Course', 'PathWave_Trial_Request', 'Customer']",1
L009489,Maria Tanaka,Tesla Energy,Telecom,APAC,Automotive Ethernet,,"['MQL', 'IMS_Badge_Scan', 'Keysight_Workshop_RF_Testing', 'Whitepaper_Download_5G_Test', 'MQL', 'DesignCon_Booth_Visit', 'MQL', 'AutoSens_Tech_Talk', 'Opportunity', 'Customer']",1
L009490,Priya Ito,,Semiconductor,Europe,,Website,"['Whitepaper_Download_5G_Test', 'Whitepaper_Download_5G_Test', 'LinkedIn_Ad_Click', 'Lab_Integration_Discussion', 'No_Conversion']",0
L009491,Sofia Patel,,Telecom,,Oscilloscopes,,"['Keysight_University_Course', 'LinkedIn_Ad_Click', 'Whitepaper_Download_5G_Test', 'DesignCon_Booth_Visit', 'Opportunity', 'No_Conversion']",0
L009492,Ravi Singh,,Automotive,North America,,Webinar,"['SQL', 'SQL', 'Lab_Integration_Discussion', 'PathWave_Trial_Request', 'Website_Product_Page', 'PathWave_Trial_Request', 'Lab_Integration_Discussion', 'No_Conversion']",0
L009493,Sarah Chen,NXPSe_Tech,,North America,Automotive Ethernet,Sales Outreach,"['Loaner_Unit_Evaluation', 'Technical_Demo', 'Website_Product_Page', 'Customer']",1
L009494,Chen Ito,Infineon GmbH,Aerospace,North America,Automotive Ethernet,Sales Outreach,"['Keysight_Workshop_RF_Testing', 'IMS_Badge_Scan', 'MQL', 'Website_Product_Page', 'MQL', 'Keysight_University_Course', 'Customer']",1
L009495,Ravi Anders,NXP Semiconductors,Aerospace,Europe,5G Testbeds,Webinar,"['Application_Engineer_Call', 'Opportunity', 'Lab_Integration_Discussion', 'Loaner_Unit_Evaluation', 'IMS_Badge_Scan', 'Lab_Integration_Discussion', 'Website_Product_Page', 'Oscilloscope_Selector_Tool', 'Customer']",1
L009496,,Sony,,,,Email Campaign,"['Loaner_Unit_Evaluation', 'Lab_Integration_Discussion', 'Loaner_Unit_Evaluation', 'Application_Engineer_Call', 'AutoSens_Tech_Talk', 'Technical_Demo', 'LinkedIn_Ad_Click', 'No_Conversion']",0
L009497,Sofia Williams,,,LATAM,Automotive Ethernet,Email Campaign,"['IMS_Badge_Scan', 'Loaner_Unit_Evaluation', 'Lab_Integration_Discussion', 'Customer']",1
L009498,Daniel Garcia,,,North America,,Sales Outreach,['No_Conversion'],0
L009499,Sofia Chen,,Aerospace,North America,5G Testbeds,Sales Outreach,['No_Conversion'],0
L009500,,NXP Semiconductors,Aerospace,LATAM,5G Testbeds,Website,"['Keysight_University_Course', 'Whitepaper_Download_5G_Test', 'Technical_Demo', 'Whitepaper_Download_5G_Test', 'No_Conversion']",0
L009501,Michael Anders,Broadcom GmbH,,,,Website,"['Technical_Demo', 'Website_Product_Page', 'Oscilloscope_Selector_Tool', 'Opportunity', 'Lab_Integration_Discussion', 'No_Conversion']",0
L009502,Hiroshi Patel,Bosch,Automotive,,,Website,"['Oscilloscope_Selector_Tool', 'Application_Engineer_Call', 'No_Conversion']",0
L009503,Ahmed Johnson,,Electronics,,PathWave Software,,"['Technical_Demo', 'Customer']",1
L009504,Ravi Lee,Bosch GmbH,Automotive,,Oscilloscopes,LinkedIn,"['Opportunity', 'Opportunity', 'Technical_Demo', 'Oscilloscope_Selector_Tool', 'Oscilloscope_Selector_Tool', 'No_Conversion']",0
L009505,Ravi Chen,Samsung Electronics GmbH,Semiconductor,LATAM,Oscilloscopes,Email Campaign,['Customer'],1
L009506,Hiroshi Martinez,Tesla Energy GmbH,Aerospace,Europe,,Website,"['Lab_Integration_Discussion', 'Keysight_Workshop_RF_Testing', 'Whitepaper_Download_5G_Test', 'LinkedIn_Ad_Click', 'Keysight_University_Course', 'Opportunity', 'LinkedIn_Ad_Click', 'Customer']",1
L009507,Priya Martinez,Qualcomm,Automotive,North America,PathWave Software,Webinar,"['LinkedIn_Ad_Click', 'Application_Engineer_Call', 'Website_Product_Page', 'PathWave_Trial_Request', 'Whitepaper_Download_5G_Test', 'Customer']",1
L009508,Ravi Khan,Qualc_Tech,,Europe,,Webinar,"['Application_Engineer_Call', 'No_Conversion']",0
L009509,,NXP Semiconductors GmbH,,North America,PathWave Software,Sales Outreach,"['MQL', 'Loaner_Unit_Evaluation', 'IMS_Badge_Scan', 'Loaner_Unit_Evaluation', 'Application_Engineer_Call', 'MQL', 'No_Conversion']",0
L009510,Hiroshi Johnson,Broadcom GmbH,Electronics,,,Email Campaign,"['SQL', 'IMS_Badge_Scan', 'No_Conversion']",0
L009511,Sarah Williams,Infin_Tech,Electronics,Europe,,LinkedIn,['No_Conversion'],0
L009512,Laura Chen,Sony_Tech,Semiconductor,APAC,PathWave Software,LinkedIn,"['AutoSens_Tech_Talk', 'Loaner_Unit_Evaluation', 'Lab_Integration_Discussion', 'Application_Engineer_Call', 'Lab_Integration_Discussion', 'Keysight_Workshop_RF_Testing', 'No_Conversion']",0
L009513,,,Telecom,LATAM,,Event,"['Opportunity', 'Customer']",1
L009514,Hiroshi Martinez,,,APAC,5G Testbeds,Sales Outreach,"['SQL', 'Keysight_Workshop_RF_Testing', 'AutoSens_Tech_Talk', 'Customer']",1
L009515,Sofia Patel,Raytheon GmbH,Semiconductor,North America,Oscilloscopes,Website,"['Keysight_Workshop_RF_Testing', 'No_Conversion']",0
L009516,Maria Patel,,Semiconductor,LATAM,Oscilloscopes,,['Customer'],1
L009517,Kenji Lee,,,,PathWave Software,LinkedIn,"['Technical_Demo', 'Website_Product_Page', 'Oscilloscope_Selector_Tool', 'Opportunity', 'Customer']",1
L009518,Kenji Garcia,Broadcom GmbH,Automotive,LATAM,5G Testbeds,Email Campaign,"['SQL', 'Loaner_Unit_Evaluation', 'MQL', 'Customer']",1
L009519,Michael Anders,MetaC_Tech,Aerospace,Europe,PathWave Software,,"['AutoSens_Tech_Talk', 'AutoSens_Tech_Talk', 'No_Conversion']",0
L009520,Kenji Singh,Bosch,Automotive,,PathWave Software,Webinar,"['Application_Engineer_Call', 'Application_Engineer_Call', 'MQL', 'Opportunity', 'Customer']",1
L009521,Daniel Patel,Tesla Energy,Telecom,,Oscilloscopes,,"['Oscilloscope_Selector_Tool', 'Technical_Demo', 'Keysight_Workshop_RF_Testing', 'No_Conversion']",0
L009522,Hiroshi Lee,,,APAC,,,"['Loaner_Unit_Evaluation', 'Application_Engineer_Call', 'Loaner_Unit_Evaluation', 'Technical_Demo', 'No_Conversion']",0
L009523,Sarah Johnson,Meta Connectivity Labs,,North America,,Webinar,"['MQL', 'Website_Product_Page', 'MQL', 'Loaner_Unit_Evaluation', 'Whitepaper_Download_5G_Test', 'Opportunity', 'No_Conversion']",0
L009524,,Sony_Tech,,North America,Oscilloscopes,,"['SQL', 'Oscilloscope_Selector_Tool', 'Lab_Integration_Discussion', 'Website_Product_Page', 'Customer']",1
L009525,Sarah Martinez,NXP Semiconductors GmbH,Telecom,APAC,PathWave Software,Email Campaign,"['Keysight_University_Course', 'Oscilloscope_Selector_Tool', 'Opportunity', 'No_Conversion']",0
L009526,Priya Lee,,,LATAM,,Email Campaign,['Customer'],1
L009527,Kenji Garcia,Qualcomm,Telecom,North America,5G Testbeds,,['No_Conversion'],0
L009528,Priya Patel,Qualcomm,Telecom,Europe,PathWave Software,LinkedIn,"['Keysight_Workshop_RF_Testing', 'Lab_Integration_Discussion', 'LinkedIn_Ad_Click', 'Whitepaper_Download_5G_Test', 'Technical_Demo', 'DesignCon_Booth_Visit', 'Customer']",1
L009529,,,Electronics,LATAM,,Website,"['Keysight_University_Course', 'Whitepaper_Download_5G_Test', 'Application_Engineer_Call', 'Technical_Demo', 'IMS_Badge_Scan', 'No_Conversion']",0
L009530,Ravi Chen,,Automotive,,,Email Campaign,"['Opportunity', 'Lab_Integration_Discussion', 'LinkedIn_Ad_Click', 'Keysight_University_Course', 'SQL', 'DesignCon_Booth_Visit', 'LinkedIn_Ad_Click', 'Customer']",1
L009531,Daniel Johnson,Infin_Tech,,North America,,Website,"['LinkedIn_Ad_Click', 'Loaner_Unit_Evaluation', 'PathWave_Trial_Request', 'Loaner_Unit_Evaluation', 'Customer']",1
L009532,,,,Europe,,Event,"['Lab_Integration_Discussion', 'Customer']",1
L009533,,Samsu_Tech,Automotive,Europe,Oscilloscopes,LinkedIn,"['Keysight_Workshop_RF_Testing', 'No_Conversion']",0
L009534,Kenji Chen,,Electronics,LATAM,,Email Campaign,"['PathWave_Trial_Request', 'Loaner_Unit_Evaluation', 'Oscilloscope_Selector_Tool', 'PathWave_Trial_Request', 'Oscilloscope_Selector_Tool', 'PathWave_Trial_Request', 'Keysight_University_Course', 'Keysight_University_Course', 'PathWave_Trial_Request', 'Technical_Demo', 'No_Conversion']",0
L009535,,Samsung Electronics GmbH,,,Oscilloscopes,LinkedIn,"['AutoSens_Tech_Talk', 'Keysight_Workshop_RF_Testing', 'Lab_Integration_Discussion', 'No_Conversion']",0
L009536,Priya Johnson,Infin_Tech,,Europe,Automotive Ethernet,Event,['No_Conversion'],0
L009537,Priya Ito,,Aerospace,North America,,Webinar,['No_Conversion'],0
L009538,,,,Europe,5G Testbeds,Webinar,"['Oscilloscope_Selector_Tool', 'Oscilloscope_Selector_Tool', 'DesignCon_Booth_Visit', 'PathWave_Trial_Request', 'Lab_Integration_Discussion', 'Technical_Demo', 'Application_Engineer_Call', 'Keysight_University_Course', 'No_Conversion']",0
L009539,Ravi Johnson,NXP Semiconductors,Semiconductor,LATAM,PathWave Software,,"['Opportunity', 'Website_Product_Page', 'Keysight_University_Course', 'Application_Engineer_Call', 'No_Conversion']",0
L009540,Sarah Johnson,NXP Semiconductors,Automotive,North America,5G Testbeds,,"['Website_Product_Page', 'MQL', 'DesignCon_Booth_Visit', 'PathWave_Trial_Request', 'Lab_Integration_Discussion', 'Opportunity', 'AutoSens_Tech_Talk', 'DesignCon_Booth_Visit', 'SQL', 'Lab_Integration_Discussion', 'No_Conversion']",0
L009541,Laura Chen,Tesla Energy,,Europe,5G Testbeds,Webinar,"['DesignCon_Booth_Visit', 'MQL', 'Opportunity', 'Application_Engineer_Call', 'Opportunity', 'No_Conversion']",0
L009542,Maria Singh,,Electronics,APAC,Oscilloscopes,Sales Outreach,['Customer'],1
L009543,Priya Singh,Infineon,,North America,,Website,['No_Conversion'],0
L009544,,Meta Connectivity Labs,Automotive,APAC,,LinkedIn,"['DesignCon_Booth_Visit', 'MQL', 'Lab_Integration_Discussion', 'Whitepaper_Download_5G_Test', 'IMS_Badge_Scan', 'SQL', 'PathWave_Trial_Request', 'Keysight_Workshop_RF_Testing', 'Customer']",1
L009545,Ravi Johnson,Tesla Energy,Semiconductor,Europe,Oscilloscopes,Email Campaign,"['Whitepaper_Download_5G_Test', 'Website_Product_Page', 'No_Conversion']",0
L009546,Kenji Ito,Sony_Tech,Aerospace,,PathWave Software,Website,"['PathWave_Trial_Request', 'AutoSens_Tech_Talk', 'Customer']",1
L009547,Sarah Martinez,Meta Connectivity Labs,Automotive,Europe,,Webinar,"['Keysight_University_Course', 'Lab_Integration_Discussion', 'Website_Product_Page', 'No_Conversion']",0
L009548,Sarah Tanaka,Broadcom GmbH,Automotive,North America,,,"['MQL', 'Loaner_Unit_Evaluation', 'DesignCon_Booth_Visit', 'Loaner_Unit_Evaluation', 'Technical_Demo', 'LinkedIn_Ad_Click', 'Website_Product_Page', 'Whitepaper_Download_5G_Test', 'Customer']",1
L009549,Ahmed Singh,Bosch GmbH,Telecom,LATAM,,,"['Opportunity', 'Opportunity', 'Keysight_Workshop_RF_Testing', 'MQL', 'Keysight_Workshop_RF_Testing', 'Customer']",1
L009550,Sofia Chen,Tesla_Tech,Telecom,,,Email Campaign,"['AutoSens_Tech_Talk', 'SQL', 'LinkedIn_Ad_Click', 'PathWave_Trial_Request', 'No_Conversion']",0
L009551,Priya Williams,Bosch_Tech,,,,Webinar,"['Website_Product_Page', 'DesignCon_Booth_Visit', 'Whitepaper_Download_5G_Test', 'Lab_Integration_Discussion', 'AutoSens_Tech_Talk', 'MQL', 'DesignCon_Booth_Visit', 'IMS_Badge_Scan', 'Whitepaper_Download_5G_Test', 'DesignCon_Booth_Visit', 'Customer']",1
L009552,Hiroshi Khan,Sony GmbH,Automotive,,Oscilloscopes,Website,"['LinkedIn_Ad_Click', 'Keysight_Workshop_RF_Testing', 'Customer']",1
L009553,,Bosch_Tech,,APAC,,Sales Outreach,['Customer'],1
L009554,Ahmed Martinez,,,LATAM,,Email Campaign,"['Keysight_University_Course', 'Loaner_Unit_Evaluation', 'Opportunity', 'Keysight_Workshop_RF_Testing', 'Opportunity', 'AutoSens_Tech_Talk', 'Customer']",1
L009555,Daniel Khan,,,Europe,Oscilloscopes,LinkedIn,"['DesignCon_Booth_Visit', 'AutoSens_Tech_Talk', 'Keysight_University_Course', 'Opportunity', 'Lab_Integration_Discussion', 'Opportunity', 'LinkedIn_Ad_Click', 'Application_Engineer_Call', 'MQL', 'No_Conversion']",0
L009556,Ahmed Patel,,,LATAM,Oscilloscopes,Webinar,['No_Conversion'],0
L009557,Maria Tanaka,,,Europe,5G Testbeds,Event,"['Loaner_Unit_Evaluation', 'MQL', 'PathWave_Trial_Request', 'Lab_Integration_Discussion', 'AutoSens_Tech_Talk', 'SQL', 'Keysight_University_Course', 'Keysight_Workshop_RF_Testing', 'Technical_Demo', 'Customer']",1
L009558,Ravi Anders,,,,Automotive Ethernet,Website,"['LinkedIn_Ad_Click', 'Loaner_Unit_Evaluation', 'Keysight_Workshop_RF_Testing', 'IMS_Badge_Scan', 'Application_Engineer_Call', 'Customer']",1
L009559,Kenji Singh,,,LATAM,PathWave Software,Sales Outreach,"['Keysight_University_Course', 'Keysight_Workshop_RF_Testing', 'Loaner_Unit_Evaluation', 'Application_Engineer_Call', 'AutoSens_Tech_Talk', 'Opportunity', 'Whitepaper_Download_5G_Test', 'Customer']",1
L009560,Sarah Patel,Tesla Energy GmbH,Aerospace,North America,5G Testbeds,Sales Outreach,['No_Conversion'],0
L009561,Daniel Anders,Tesla Energy,Semiconductor,LATAM,,Sales Outreach,"['Opportunity', 'Application_Engineer_Call', 'Lab_Integration_Discussion', 'Customer']",1
L009562,Sofia Ito,Samsung Electronics,Telecom,,Automotive Ethernet,Sales Outreach,"['AutoSens_Tech_Talk', 'IMS_Badge_Scan', 'Keysight_University_Course', 'No_Conversion']",0
L009563,Ahmed Williams,Broadcom,,North America,PathWave Software,Email Campaign,"['Opportunity', 'No_Conversion']",0
L009564,Ahmed Singh,,Semiconductor,Europe,5G Testbeds,Email Campaign,"['Website_Product_Page', 'LinkedIn_Ad_Click', 'Whitepaper_Download_5G_Test', 'No_Conversion']",0
L009565,Hiroshi Chen,Qualcomm,,APAC,PathWave Software,LinkedIn,"['Website_Product_Page', 'No_Conversion']",0
L009566,Daniel Chen,,,North America,,Email Campaign,"['Keysight_Workshop_RF_Testing', 'Technical_Demo', 'Whitepaper_Download_5G_Test', 'MQL', 'SQL', 'Technical_Demo', 'AutoSens_Tech_Talk', 'No_Conversion']",0
L009567,Daniel Williams,,Telecom,,PathWave Software,,"['Opportunity', 'PathWave_Trial_Request', 'No_Conversion']",0
L009568,Hiroshi Patel,Meta Connectivity Labs,Aerospace,,Automotive Ethernet,Event,"['Whitepaper_Download_5G_Test', 'Technical_Demo', 'Oscilloscope_Selector_Tool', 'Website_Product_Page', 'Technical_Demo', 'No_Conversion']",0
L009569,Daniel Singh,Qualcomm GmbH,Automotive,,,LinkedIn,"['SQL', 'Lab_Integration_Discussion', 'Loaner_Unit_Evaluation', 'Keysight_University_Course', 'SQL', 'Website_Product_Page', 'Customer']",1
L009570,Sofia Khan,Tesla Energy GmbH,,North America,,Email Campaign,"['Keysight_University_Course', 'No_Conversion']",0
L009571,Maria Garcia,Broad_Tech,,North America,PathWave Software,Website,"['Keysight_Workshop_RF_Testing', 'No_Conversion']",0
L009572,Kenji Williams,Broadcom,,North America,,LinkedIn,"['Opportunity', 'MQL', 'Oscilloscope_Selector_Tool', 'Loaner_Unit_Evaluation', 'Oscilloscope_Selector_Tool', 'No_Conversion']",0
L009573,Kenji Singh,Raytheon GmbH,,APAC,PathWave Software,Event,"['Loaner_Unit_Evaluation', 'AutoSens_Tech_Talk', 'Website_Product_Page', 'SQL', 'Customer']",1
L009574,Kenji Lee,Broad_Tech,,North America,Oscilloscopes,Webinar,['No_Conversion'],0
L009575,,,,,,Website,"['IMS_Badge_Scan', 'Keysight_Workshop_RF_Testing', 'Application_Engineer_Call', 'Oscilloscope_Selector_Tool', 'No_Conversion']",0
L009576,Kenji Patel,Tesla Energy GmbH,Automotive,APAC,,,['No_Conversion'],0
L009577,Hiroshi Anders,Qualc_Tech,Electronics,LATAM,Automotive Ethernet,Webinar,"['SQL', 'Keysight_Workshop_RF_Testing', 'Oscilloscope_Selector_Tool', 'Oscilloscope_Selector_Tool', 'Loaner_Unit_Evaluation', 'Keysight_University_Course', 'No_Conversion']",0
L009578,,Raytheon,Semiconductor,,,Webinar,"['MQL', 'Loaner_Unit_Evaluation', 'SQL', 'Opportunity', 'Oscilloscope_Selector_Tool', 'Loaner_Unit_Evaluation', 'LinkedIn_Ad_Click', 'LinkedIn_Ad_Click', 'No_Conversion']",0
L009579,Kenji Khan,Tesla Energy,Telecom,Europe,5G Testbeds,Event,"['Application_Engineer_Call', 'SQL', 'Technical_Demo', 'PathWave_Trial_Request', 'Customer']",1
L009580,Chen Patel,Tesla Energy,Telecom,Europe,,Event,['No_Conversion'],0
L009581,,,Automotive,Europe,Oscilloscopes,Email Campaign,"['Technical_Demo', 'DesignCon_Booth_Visit', 'IMS_Badge_Scan', 'Opportunity', 'Customer']",1
L009582,Priya Chen,Samsung Electronics,,Europe,,Sales Outreach,"['Oscilloscope_Selector_Tool', 'SQL', 'Website_Product_Page', 'Keysight_Workshop_RF_Testing', 'Opportunity', 'PathWave_Trial_Request', 'No_Conversion']",0
L009583,Sofia Williams,Tesla_Tech,,,PathWave Software,Event,"['LinkedIn_Ad_Click', 'Application_Engineer_Call', 'PathWave_Trial_Request', 'SQL', 'DesignCon_Booth_Visit', 'Lab_Integration_Discussion', 'Whitepaper_Download_5G_Test', 'DesignCon_Booth_Visit', 'Customer']",1
L009584,Hiroshi Khan,Qualc_Tech,Aerospace,,PathWave Software,Email Campaign,"['Keysight_Workshop_RF_Testing', 'Opportunity', 'Keysight_Workshop_RF_Testing', 'PathWave_Trial_Request', 'Opportunity', 'Technical_Demo', 'Keysight_University_Course', 'Lab_Integration_Discussion', 'Customer']",1
L009585,Kenji Khan,Samsung Electronics GmbH,Electronics,Europe,,,"['Keysight_Workshop_RF_Testing', 'No_Conversion']",0
L009586,Priya Williams,NXP Semiconductors GmbH,,,Oscilloscopes,,"['MQL', 'Lab_Integration_Discussion', 'Keysight_Workshop_RF_Testing', 'SQL', 'Customer']",1
L009587,,,,Europe,Automotive Ethernet,Sales Outreach,"['Lab_Integration_Discussion', 'SQL', 'Lab_Integration_Discussion', 'Lab_Integration_Discussion', 'Customer']",1
L009588,Sarah Patel,Samsung Electronics,Aerospace,,Oscilloscopes,LinkedIn,"['MQL', 'LinkedIn_Ad_Click', 'Lab_Integration_Discussion', 'No_Conversion']",0
L009589,Priya Martinez,,,APAC,,LinkedIn,"['LinkedIn_Ad_Click', 'Customer']",1
L009590,Kenji Johnson,Raytheon,Automotive,Europe,,LinkedIn,"['SQL', 'Keysight_Workshop_RF_Testing', 'IMS_Badge_Scan', 'LinkedIn_Ad_Click', 'Customer']",1
L009591,Laura Williams,,,North America,5G Testbeds,,"['Oscilloscope_Selector_Tool', 'Keysight_Workshop_RF_Testing', 'Opportunity', 'Keysight_Workshop_RF_Testing', 'Opportunity', 'MQL', 'MQL', 'Loaner_Unit_Evaluation', 'No_Conversion']",0
L009592,Sofia Patel,NXPSe_Tech,Telecom,Europe,5G Testbeds,Sales Outreach,"['Loaner_Unit_Evaluation', 'Whitepaper_Download_5G_Test', 'AutoSens_Tech_Talk', 'DesignCon_Booth_Visit', 'Oscilloscope_Selector_Tool', 'Customer']",1
L009593,Sofia Chen,Infineon,Telecom,Europe,,Webinar,"['DesignCon_Booth_Visit', 'AutoSens_Tech_Talk', 'SQL', 'Opportunity', 'Keysight_University_Course', 'AutoSens_Tech_Talk', 'SQL', 'DesignCon_Booth_Visit', 'Customer']",1
L009594,Maria Garcia,NXP Semiconductors GmbH,,,,Email Campaign,"['DesignCon_Booth_Visit', 'AutoSens_Tech_Talk', 'PathWave_Trial_Request', 'LinkedIn_Ad_Click', 'IMS_Badge_Scan', 'No_Conversion']",0
L009595,,Tesla Energy,,North America,Oscilloscopes,Event,"['AutoSens_Tech_Talk', 'AutoSens_Tech_Talk', 'Loaner_Unit_Evaluation', 'Whitepaper_Download_5G_Test', 'Oscilloscope_Selector_Tool', 'SQL', 'Keysight_University_Course', 'PathWave_Trial_Request', 'SQL', 'Customer']",1
L009596,Ravi Garcia,NXP Semiconductors,Aerospace,North America,5G Testbeds,Event,"['LinkedIn_Ad_Click', 'Oscilloscope_Selector_Tool', 'Keysight_Workshop_RF_Testing', 'Website_Product_Page', 'IMS_Badge_Scan', 'Keysight_University_Course', 'AutoSens_Tech_Talk', 'Customer']",1
L009597,Ravi Khan,Samsung Electronics,,APAC,5G Testbeds,Email Campaign,['No_Conversion'],0
L009598,Michael Johnson,Meta Connectivity Labs GmbH,,North America,Oscilloscopes,Email Campaign,"['AutoSens_Tech_Talk', 'Application_Engineer_Call', 'SQL', 'No_Conversion']",0
L009599,Hiroshi Tanaka,,,,,,"['LinkedIn_Ad_Click', 'Loaner_Unit_Evaluation', 'IMS_Badge_Scan', 'Lab_Integration_Discussion', 'Keysight_Workshop_RF_Testing', 'Oscilloscope_Selector_Tool', 'Website_Product_Page', 'PathWave_Trial_Request', 'No_Conversion']",0
L009600,Ravi Chen,Qualc_Tech,Aerospace,North America,Oscilloscopes,Event,"['Keysight_University_Course', 'LinkedIn_Ad_Click', 'SQL', 'SQL', 'Website_Product_Page', 'MQL', 'Website_Product_Page', 'No_Conversion']",0
L009601,Sarah Ito,Qualcomm GmbH,Telecom,LATAM,Automotive Ethernet,LinkedIn,"['Keysight_University_Course', 'PathWave_Trial_Request', 'Lab_Integration_Discussion', 'DesignCon_Booth_Visit', 'No_Conversion']",0
L009602,Kenji Tanaka,,Semiconductor,,5G Testbeds,LinkedIn,"['Opportunity', 'LinkedIn_Ad_Click', 'PathWave_Trial_Request', 'DesignCon_Booth_Visit', 'SQL', 'IMS_Badge_Scan', 'MQL', 'Opportunity', 'Customer']",1
L009603,Kenji Patel,,Electronics,North America,,,"['DesignCon_Booth_Visit', 'Keysight_University_Course', 'SQL', 'IMS_Badge_Scan', 'SQL', 'Customer']",1
L009604,Hiroshi Tanaka,Infineon,Automotive,Europe,5G Testbeds,Email Campaign,"['SQL', 'Loaner_Unit_Evaluation', 'No_Conversion']",0
L009605,,Infineon GmbH,Electronics,APAC,Oscilloscopes,Sales Outreach,"['IMS_Badge_Scan', 'Lab_Integration_Discussion', 'LinkedIn_Ad_Click', 'Keysight_University_Course', 'Keysight_Workshop_RF_Testing', 'Customer']",1
L009606,Kenji Anders,Bosch_Tech,,LATAM,PathWave Software,,"['Technical_Demo', 'Website_Product_Page', 'SQL', 'Customer']",1
L009607,Ravi Garcia,Samsung Electronics,,North America,Automotive Ethernet,Website,"['LinkedIn_Ad_Click', 'IMS_Badge_Scan', 'Whitepaper_Download_5G_Test', 'SQL', 'Customer']",1
L009608,,Broad_Tech,,APAC,5G Testbeds,Webinar,"['Application_Engineer_Call', 'Application_Engineer_Call', 'Opportunity', 'Keysight_University_Course', 'Technical_Demo', 'Website_Product_Page', 'Keysight_Workshop_RF_Testing', 'Application_Engineer_Call', 'Customer']",1
L009609,Hiroshi Martinez,Qualc_Tech,Automotive,LATAM,,Website,"['Keysight_Workshop_RF_Testing', 'Website_Product_Page', 'PathWave_Trial_Request', 'Technical_Demo', 'Loaner_Unit_Evaluation', 'LinkedIn_Ad_Click', 'Customer']",1
L009610,Kenji Tanaka,Infineon,,APAC,,Sales Outreach,"['Opportunity', 'Keysight_Workshop_RF_Testing', 'DesignCon_Booth_Visit', 'No_Conversion']",0
L009611,Sofia Tanaka,Tesla Energy,Automotive,APAC,,,"['IMS_Badge_Scan', 'Loaner_Unit_Evaluation', 'Whitepaper_Download_5G_Test', 'Application_Engineer_Call', 'Oscilloscope_Selector_Tool', 'SQL', 'Opportunity', 'Website_Product_Page', 'Technical_Demo', 'No_Conversion']",0
L009612,Laura Tanaka,Rayth_Tech,Telecom,,,Website,"['Website_Product_Page', 'Website_Product_Page', 'AutoSens_Tech_Talk', 'IMS_Badge_Scan', 'Oscilloscope_Selector_Tool', 'Opportunity', 'Application_Engineer_Call', 'No_Conversion']",0
L009613,,,,Europe,PathWave Software,Webinar,"['SQL', 'Application_Engineer_Call', 'No_Conversion']",0
L009614,,Broadcom,,Europe,PathWave Software,Event,"['Website_Product_Page', 'DesignCon_Booth_Visit', 'Website_Product_Page', 'MQL', 'Website_Product_Page', 'No_Conversion']",0
L009615,Sarah Martinez,Bosch,Telecom,LATAM,Oscilloscopes,Website,"['Opportunity', 'Loaner_Unit_Evaluation', 'Loaner_Unit_Evaluation', 'Lab_Integration_Discussion', 'PathWave_Trial_Request', 'Lab_Integration_Discussion', 'Oscilloscope_Selector_Tool', 'No_Conversion']",0
L009616,,,,,5G Testbeds,,"['PathWave_Trial_Request', 'Opportunity', 'Lab_Integration_Discussion', 'Oscilloscope_Selector_Tool', 'MQL', 'SQL', 'Loaner_Unit_Evaluation', 'Whitepaper_Download_5G_Test', 'No_Conversion']",0
L009617,Ravi Patel,,,,PathWave Software,Website,"['SQL', 'No_Conversion']",0
L009618,Laura Ito,Infineon,,Europe,,Website,"['Website_Product_Page', 'MQL', 'Loaner_Unit_Evaluation', 'Whitepaper_Download_5G_Test', 'No_Conversion']",0
L009619,Kenji Anders,,Automotive,North America,,Event,"['Keysight_University_Course', 'IMS_Badge_Scan', 'Keysight_Workshop_RF_Testing', 'Keysight_University_Course', 'IMS_Badge_Scan', 'SQL', 'Keysight_University_Course', 'PathWave_Trial_Request', 'LinkedIn_Ad_Click', 'Customer']",1
L009620,Laura Patel,,Electronics,Europe,5G Testbeds,Sales Outreach,"['DesignCon_Booth_Visit', 'IMS_Badge_Scan', 'DesignCon_Booth_Visit', 'DesignCon_Booth_Visit', 'No_Conversion']",0
L009621,Priya Lee,Bosch_Tech,,LATAM,Automotive Ethernet,Email Campaign,"['DesignCon_Booth_Visit', 'Lab_Integration_Discussion', 'AutoSens_Tech_Talk', 'No_Conversion']",0
L009622,Maria Chen,Broad_Tech,,Europe,,LinkedIn,"['DesignCon_Booth_Visit', 'Whitepaper_Download_5G_Test', 'No_Conversion']",0
L009623,Sarah Khan,Infin_Tech,,,,Sales Outreach,"['AutoSens_Tech_Talk', 'LinkedIn_Ad_Click', 'PathWave_Trial_Request', 'Customer']",1
L009624,Chen Martinez,Bosch_Tech,Telecom,Europe,5G Testbeds,,"['PathWave_Trial_Request', 'Lab_Integration_Discussion', 'Application_Engineer_Call', 'LinkedIn_Ad_Click', 'Loaner_Unit_Evaluation', 'Application_Engineer_Call', 'No_Conversion']",0
L009625,Ravi Patel,,,LATAM,,,"['IMS_Badge_Scan', 'Oscilloscope_Selector_Tool', 'DesignCon_Booth_Visit', 'DesignCon_Booth_Visit', 'DesignCon_Booth_Visit', 'Whitepaper_Download_5G_Test', 'Keysight_Workshop_RF_Testing', 'LinkedIn_Ad_Click', 'Customer']",1
L009626,Chen Johnson,Qualc_Tech,,North America,5G Testbeds,Email Campaign,"['Loaner_Unit_Evaluation', 'No_Conversion']",0
L009627,,Qualcomm GmbH,Telecom,,Oscilloscopes,Website,"['Loaner_Unit_Evaluation', 'Application_Engineer_Call', 'PathWave_Trial_Request', 'Opportunity', 'Keysight_Workshop_RF_Testing', 'Customer']",1
L009628,Maria Lee,Bosch GmbH,,,Oscilloscopes,,"['SQL', 'Keysight_University_Course', 'Opportunity', 'Website_Product_Page', 'Website_Product_Page', 'SQL', 'Opportunity', 'DesignCon_Booth_Visit', 'Website_Product_Page', 'Customer']",1
L009629,Laura Khan,Broad_Tech,,LATAM,5G Testbeds,Event,"['Oscilloscope_Selector_Tool', 'SQL', 'AutoSens_Tech_Talk', 'MQL', 'AutoSens_Tech_Talk', 'Website_Product_Page', 'Opportunity', 'Keysight_University_Course', 'Opportunity', 'Customer']",1
L009630,Hiroshi Williams,,,,,Email Campaign,"['Whitepaper_Download_5G_Test', 'PathWave_Trial_Request', 'AutoSens_Tech_Talk', 'Customer']",1
L009631,Priya Tanaka,Meta Connectivity Labs GmbH,Automotive,,Automotive Ethernet,Sales Outreach,"['Whitepaper_Download_5G_Test', 'Customer']",1
L009632,Daniel Lee,Tesla_Tech,Automotive,,5G Testbeds,Sales Outreach,['No_Conversion'],0
L009633,Daniel Ito,Rayth_Tech,,,5G Testbeds,Webinar,['No_Conversion'],0
L009634,Chen Patel,Raytheon GmbH,Electronics,Europe,5G Testbeds,Webinar,"['Keysight_University_Course', 'Lab_Integration_Discussion', 'Whitepaper_Download_5G_Test', 'Whitepaper_Download_5G_Test', 'SQL', 'Lab_Integration_Discussion', 'Opportunity', 'No_Conversion']",0
L009635,Hiroshi Khan,Meta Connectivity Labs,,APAC,5G Testbeds,LinkedIn,"['Application_Engineer_Call', 'Loaner_Unit_Evaluation', 'DesignCon_Booth_Visit', 'Lab_Integration_Discussion', 'LinkedIn_Ad_Click', 'Keysight_University_Course', 'IMS_Badge_Scan', 'Technical_Demo', 'Opportunity', 'No_Conversion']",0
L009636,Sofia Tanaka,Qualcomm,Aerospace,,PathWave Software,Website,"['Opportunity', 'Application_Engineer_Call', 'Lab_Integration_Discussion', 'No_Conversion']",0
L009637,Michael Martinez,NXP Semiconductors GmbH,Electronics,North America,,Webinar,"['MQL', 'Oscilloscope_Selector_Tool', 'PathWave_Trial_Request', 'Customer']",1
L009638,Hiroshi Singh,Sony GmbH,Electronics,Europe,5G Testbeds,Event,"['IMS_Badge_Scan', 'LinkedIn_Ad_Click', 'LinkedIn_Ad_Click', 'LinkedIn_Ad_Click', 'No_Conversion']",0
L009639,Ravi Khan,Samsung Electronics,Electronics,,Automotive Ethernet,LinkedIn,"['AutoSens_Tech_Talk', 'No_Conversion']",0
L009640,Laura Anders,Sony,Electronics,North America,Oscilloscopes,Webinar,"['IMS_Badge_Scan', 'Keysight_Workshop_RF_Testing', 'Website_Product_Page', 'DesignCon_Booth_Visit', 'No_Conversion']",0
L009641,Daniel Khan,Sony GmbH,Automotive,APAC,Oscilloscopes,Website,"['Lab_Integration_Discussion', 'Oscilloscope_Selector_Tool', 'Keysight_Workshop_RF_Testing', 'IMS_Badge_Scan', 'LinkedIn_Ad_Click', 'Application_Engineer_Call', 'PathWave_Trial_Request', 'Oscilloscope_Selector_Tool', 'AutoSens_Tech_Talk', 'No_Conversion']",0
L009642,Maria Singh,Infineon,Aerospace,Europe,,Email Campaign,"['Keysight_Workshop_RF_Testing', 'LinkedIn_Ad_Click', 'IMS_Badge_Scan', 'LinkedIn_Ad_Click', 'No_Conversion']",0
L009643,Daniel Anders,Rayth_Tech,Semiconductor,,5G Testbeds,,"['Opportunity', 'IMS_Badge_Scan', 'Whitepaper_Download_5G_Test', 'Application_Engineer_Call', 'Customer']",1
L009644,Maria Garcia,NXP Semiconductors GmbH,Telecom,North America,Oscilloscopes,Sales Outreach,"['Keysight_Workshop_RF_Testing', 'Keysight_University_Course', 'Loaner_Unit_Evaluation', 'Website_Product_Page', 'PathWave_Trial_Request', 'Oscilloscope_Selector_Tool', 'No_Conversion']",0
L009645,,Meta Connectivity Labs,Electronics,APAC,Automotive Ethernet,LinkedIn,"['LinkedIn_Ad_Click', 'Whitepaper_Download_5G_Test', 'Loaner_Unit_Evaluation', 'Application_Engineer_Call', 'SQL', 'Lab_Integration_Discussion', 'LinkedIn_Ad_Click', 'PathWave_Trial_Request', 'Oscilloscope_Selector_Tool', 'DesignCon_Booth_Visit', 'No_Conversion']",0
L009646,Laura Chen,,Electronics,Europe,5G Testbeds,Webinar,"['Loaner_Unit_Evaluation', 'Technical_Demo', 'IMS_Badge_Scan', 'LinkedIn_Ad_Click', 'DesignCon_Booth_Visit', 'Application_Engineer_Call', 'No_Conversion']",0
L009647,Sofia Khan,Tesla_Tech,Automotive,,PathWave Software,,"['Oscilloscope_Selector_Tool', 'Website_Product_Page', 'Technical_Demo', 'Application_Engineer_Call', 'Keysight_University_Course', 'No_Conversion']",0
L009648,Sofia Chen,MetaC_Tech,Aerospace,Europe,,Website,['Customer'],1
L009649,Sarah Anders,Infin_Tech,,,PathWave Software,Webinar,"['MQL', 'Website_Product_Page', 'Technical_Demo', 'DesignCon_Booth_Visit', 'LinkedIn_Ad_Click', 'Website_Product_Page', 'LinkedIn_Ad_Click', 'No_Conversion']",0
L009650,Ahmed Tanaka,NXP Semiconductors GmbH,Telecom,LATAM,PathWave Software,,"['Lab_Integration_Discussion', 'IMS_Badge_Scan', 'Keysight_Workshop_RF_Testing', 'PathWave_Trial_Request', 'Lab_Integration_Discussion', 'Keysight_Workshop_RF_Testing', 'No_Conversion']",0
L009651,Daniel Singh,Bosch_Tech,,LATAM,,Event,"['Lab_Integration_Discussion', 'Keysight_University_Course', 'Keysight_Workshop_RF_Testing', 'Customer']",1
L009652,Chen Ito,Sony_Tech,Electronics,LATAM,,Email Campaign,"['LinkedIn_Ad_Click', 'LinkedIn_Ad_Click', 'MQL', 'Customer']",1
L009653,Ahmed Ito,Bosch,,North America,Oscilloscopes,Sales Outreach,"['Application_Engineer_Call', 'DesignCon_Booth_Visit', 'Oscilloscope_Selector_Tool', 'Whitepaper_Download_5G_Test', 'Website_Product_Page', 'Customer']",1
L009654,Priya Chen,,,APAC,Oscilloscopes,,"['LinkedIn_Ad_Click', 'Application_Engineer_Call', 'SQL', 'Oscilloscope_Selector_Tool', 'Whitepaper_Download_5G_Test', 'AutoSens_Tech_Talk', 'No_Conversion']",0
L009655,Priya Lee,Sony_Tech,Telecom,LATAM,,Sales Outreach,"['MQL', 'MQL', 'Oscilloscope_Selector_Tool', 'Opportunity', 'IMS_Badge_Scan', 'IMS_Badge_Scan', 'Keysight_University_Course', 'Whitepaper_Download_5G_Test', 'Keysight_University_Course', 'Whitepaper_Download_5G_Test', 'Customer']",1
L009656,Sofia Anders,Infin_Tech,Semiconductor,,Oscilloscopes,Webinar,"['LinkedIn_Ad_Click', 'No_Conversion']",0
L009657,Kenji Patel,Sony GmbH,Automotive,North America,,LinkedIn,"['LinkedIn_Ad_Click', 'Customer']",1
L009658,Ahmed Chen,Infin_Tech,Automotive,Europe,,Website,['No_Conversion'],0
L009659,Ravi Johnson,,,Europe,Oscilloscopes,Sales Outreach,"['DesignCon_Booth_Visit', 'SQL', 'PathWave_Trial_Request', 'Keysight_University_Course', 'SQL', 'Technical_Demo', 'Application_Engineer_Call', 'No_Conversion']",0
L009660,Laura Johnson,Bosch,Semiconductor,North America,,Website,"['AutoSens_Tech_Talk', 'Customer']",1
L009661,Priya Khan,Samsu_Tech,Electronics,North America,,Webinar,"['IMS_Badge_Scan', 'Website_Product_Page', 'PathWave_Trial_Request', 'IMS_Badge_Scan', 'Technical_Demo', 'No_Conversion']",0
L009662,Maria Martinez,Samsung Electronics,Electronics,LATAM,5G Testbeds,LinkedIn,['No_Conversion'],0
L009663,Hiroshi Anders,Meta Connectivity Labs,,North America,Oscilloscopes,Webinar,"['Lab_Integration_Discussion', 'Lab_Integration_Discussion', 'PathWave_Trial_Request', 'Customer']",1
L009664,Sarah Khan,Bosch,,APAC,Oscilloscopes,Webinar,"['Website_Product_Page', 'Whitepaper_Download_5G_Test', 'Oscilloscope_Selector_Tool', 'SQL', 'Technical_Demo', 'IMS_Badge_Scan', 'Application_Engineer_Call', 'Technical_Demo', 'DesignCon_Booth_Visit', 'Customer']",1
L009665,Sarah Anders,Infineon GmbH,Automotive,,5G Testbeds,Email Campaign,"['SQL', 'Opportunity', 'IMS_Badge_Scan', 'Website_Product_Page', 'Oscilloscope_Selector_Tool', 'No_Conversion']",0
L009666,Kenji Martinez,,,LATAM,Oscilloscopes,Sales Outreach,"['Keysight_University_Course', 'SQL', 'No_Conversion']",0
L009667,Sofia Lee,,Telecom,Europe,Oscilloscopes,Email Campaign,['No_Conversion'],0
L009668,Michael Singh,Broad_Tech,Semiconductor,Europe,,Website,"['Keysight_University_Course', 'Keysight_University_Course', 'Application_Engineer_Call', 'AutoSens_Tech_Talk', 'DesignCon_Booth_Visit', 'SQL', 'Loaner_Unit_Evaluation', 'PathWave_Trial_Request', 'No_Conversion']",0
L009669,Ravi Anders,Rayth_Tech,,,5G Testbeds,Webinar,"['Keysight_University_Course', 'Keysight_University_Course', 'Application_Engineer_Call', 'IMS_Badge_Scan', 'Whitepaper_Download_5G_Test', 'Oscilloscope_Selector_Tool', 'Loaner_Unit_Evaluation', 'Opportunity', 'Customer']",1
L009670,Priya Khan,NXP Semiconductors GmbH,,North America,,Sales Outreach,"['Whitepaper_Download_5G_Test', 'DesignCon_Booth_Visit', 'SQL', 'MQL', 'Website_Product_Page', 'Customer']",1
L009671,Sarah Williams,Infineon,,APAC,5G Testbeds,LinkedIn,"['Website_Product_Page', 'Keysight_Workshop_RF_Testing', 'AutoSens_Tech_Talk', 'Customer']",1
L009672,Kenji Anders,Qualc_Tech,Telecom,North America,,Webinar,['No_Conversion'],0
L009673,Ahmed Khan,,Aerospace,,PathWave Software,Email Campaign,"['Keysight_University_Course', 'DesignCon_Booth_Visit', 'Technical_Demo', 'Lab_Integration_Discussion', 'MQL', 'Oscilloscope_Selector_Tool', 'Loaner_Unit_Evaluation', 'AutoSens_Tech_Talk', 'No_Conversion']",0
L009674,Laura Tanaka,,Automotive,Europe,Automotive Ethernet,LinkedIn,"['AutoSens_Tech_Talk', 'Application_Engineer_Call', 'Customer']",1
L009675,Ravi Johnson,Infineon,Automotive,APAC,PathWave Software,,"['Keysight_Workshop_RF_Testing', 'Loaner_Unit_Evaluation', 'LinkedIn_Ad_Click', 'DesignCon_Booth_Visit', 'Customer']",1
L009676,Sarah Williams,,Aerospace,APAC,,Email Campaign,"['Keysight_University_Course', 'PathWave_Trial_Request', 'Keysight_Workshop_RF_Testing', 'Loaner_Unit_Evaluation', 'Customer']",1
L009677,Kenji Patel,Samsu_Tech,Electronics,Europe,,LinkedIn,"['AutoSens_Tech_Talk', 'IMS_Badge_Scan', 'IMS_Badge_Scan', 'No_Conversion']",0
L009678,Kenji Johnson,Bosch,Electronics,LATAM,PathWave Software,LinkedIn,"['LinkedIn_Ad_Click', 'DesignCon_Booth_Visit', 'PathWave_Trial_Request', 'Technical_Demo', 'No_Conversion']",0
L009679,Kenji Anders,Broadcom GmbH,,,5G Testbeds,Email Campaign,"['PathWave_Trial_Request', 'Opportunity', 'No_Conversion']",0
L009680,Chen Williams,Sony_Tech,Automotive,North America,Automotive Ethernet,,"['PathWave_Trial_Request', 'No_Conversion']",0
L009681,Chen Ito,Qualc_Tech,Aerospace,Europe,,Email Campaign,"['Keysight_Workshop_RF_Testing', 'MQL', 'Application_Engineer_Call', 'PathWave_Trial_Request', 'Application_Engineer_Call', 'SQL', 'Website_Product_Page', 'Loaner_Unit_Evaluation', 'Customer']",1
L009682,Maria Lee,,,APAC,,Event,['Customer'],1
L009683,Ahmed Martinez,,Electronics,Europe,Oscilloscopes,Email Campaign,"['DesignCon_Booth_Visit', 'Loaner_Unit_Evaluation', 'Application_Engineer_Call', 'Customer']",1
L009684,Daniel Patel,Samsung Electronics GmbH,Electronics,APAC,,,"['DesignCon_Booth_Visit', 'LinkedIn_Ad_Click', 'Whitepaper_Download_5G_Test', 'Whitepaper_Download_5G_Test', 'LinkedIn_Ad_Click', 'Customer']",1
L009685,Michael Martinez,Samsung Electronics,Electronics,APAC,,Email Campaign,"['Lab_Integration_Discussion', 'Oscilloscope_Selector_Tool', 'MQL', 'Customer']",1
L009686,Ahmed Lee,NXPSe_Tech,,North America,PathWave Software,Website,"['Loaner_Unit_Evaluation', 'Whitepaper_Download_5G_Test', 'No_Conversion']",0
L009687,Hiroshi Williams,Infineon,Semiconductor,,,,"['Opportunity', 'Opportunity', 'MQL', 'Opportunity', 'LinkedIn_Ad_Click', 'No_Conversion']",0
L009688,Kenji Tanaka,Bosch,,APAC,,Website,"['SQL', 'Keysight_University_Course', 'Loaner_Unit_Evaluation', 'IMS_Badge_Scan', 'No_Conversion']",0
L009689,Sarah Chen,Sony GmbH,,,,LinkedIn,['Customer'],1
L009690,Ahmed Williams,Infineon GmbH,,Europe,5G Testbeds,Event,"['SQL', 'Opportunity', 'IMS_Badge_Scan', 'Technical_Demo', 'Loaner_Unit_Evaluation', 'Technical_Demo', 'Customer']",1
L009691,Daniel Patel,Qualcomm GmbH,Electronics,Europe,5G Testbeds,Email Campaign,"['Whitepaper_Download_5G_Test', 'Keysight_University_Course', 'MQL', 'PathWave_Trial_Request', 'Customer']",1
L009692,Kenji Singh,,Electronics,Europe,,,"['SQL', 'IMS_Badge_Scan', 'Keysight_Workshop_RF_Testing', 'No_Conversion']",0
L009693,Ahmed Patel,Meta Connectivity Labs,Semiconductor,APAC,Oscilloscopes,Email Campaign,"['DesignCon_Booth_Visit', 'Keysight_University_Course', 'Loaner_Unit_Evaluation', 'Loaner_Unit_Evaluation', 'Keysight_Workshop_RF_Testing', 'SQL', 'Keysight_University_Course', 'DesignCon_Booth_Visit', 'Lab_Integration_Discussion', 'Website_Product_Page', 'No_Conversion']",0
L009694,Sarah Khan,Qualcomm GmbH,Semiconductor,North America,Automotive Ethernet,Website,"['Application_Engineer_Call', 'AutoSens_Tech_Talk', 'Whitepaper_Download_5G_Test', 'Loaner_Unit_Evaluation', 'MQL', 'Oscilloscope_Selector_Tool', 'MQL', 'MQL', 'No_Conversion']",0
L009695,Daniel Lee,Infineon GmbH,Electronics,LATAM,,LinkedIn,"['Lab_Integration_Discussion', 'Customer']",1
L009696,Laura Martinez,Tesla_Tech,,Europe,,LinkedIn,"['SQL', 'MQL', 'LinkedIn_Ad_Click', 'Application_Engineer_Call', 'PathWave_Trial_Request', 'IMS_Badge_Scan', 'LinkedIn_Ad_Click', 'LinkedIn_Ad_Click', 'Application_Engineer_Call', 'Loaner_Unit_Evaluation', 'No_Conversion']",0
L009697,,Qualcomm,Aerospace,,,Event,"['LinkedIn_Ad_Click', 'IMS_Badge_Scan', 'Opportunity', 'Opportunity', 'PathWave_Trial_Request', 'AutoSens_Tech_Talk', 'SQL', 'Keysight_University_Course', 'Oscilloscope_Selector_Tool', 'AutoSens_Tech_Talk', 'No_Conversion']",0
L009698,Maria Martinez,Infineon,Automotive,LATAM,,Webinar,"['Website_Product_Page', 'SQL', 'Customer']",1
L009699,Maria Khan,NXPSe_Tech,,LATAM,5G Testbeds,LinkedIn,['Customer'],1
L009700,Sarah Patel,,,APAC,Automotive Ethernet,,"['Keysight_Workshop_RF_Testing', 'MQL', 'PathWave_Trial_Request', 'Keysight_Workshop_RF_Testing', 'Keysight_University_Course', 'AutoSens_Tech_Talk', 'Technical_Demo', 'No_Conversion']",0
L009701,Ravi Anders,Bosch_Tech,Telecom,North America,Automotive Ethernet,LinkedIn,"['MQL', 'DesignCon_Booth_Visit', 'Opportunity', 'Keysight_Workshop_RF_Testing', 'DesignCon_Booth_Visit', 'Customer']",1
L009702,Ravi Garcia,,Telecom,LATAM,,LinkedIn,"['Application_Engineer_Call', 'Lab_Integration_Discussion', 'Lab_Integration_Discussion', 'Loaner_Unit_Evaluation', 'AutoSens_Tech_Talk', 'Customer']",1
L009703,Sofia Williams,Qualcomm GmbH,,LATAM,5G Testbeds,Sales Outreach,"['IMS_Badge_Scan', 'Loaner_Unit_Evaluation', 'No_Conversion']",0
L009704,,,Automotive,,Oscilloscopes,Sales Outreach,"['Loaner_Unit_Evaluation', 'AutoSens_Tech_Talk', 'IMS_Badge_Scan', 'MQL', 'SQL', 'Customer']",1
L009705,Sarah Ito,,Aerospace,,Oscilloscopes,Website,"['Application_Engineer_Call', 'Technical_Demo', 'Lab_Integration_Discussion', 'MQL', 'DesignCon_Booth_Visit', 'DesignCon_Booth_Visit', 'Customer']",1
L009706,Kenji Lee,Meta Connectivity Labs,,APAC,Automotive Ethernet,Webinar,"['Opportunity', 'PathWave_Trial_Request', 'IMS_Badge_Scan', 'Customer']",1
L009707,Ravi Chen,Meta Connectivity Labs GmbH,Telecom,North America,5G Testbeds,Sales Outreach,['Customer'],1
L009708,,Samsung Electronics GmbH,,APAC,,Event,"['Loaner_Unit_Evaluation', 'Website_Product_Page', 'Opportunity', 'Customer']",1
L009709,Laura Patel,Broad_Tech,,North America,Oscilloscopes,Website,"['IMS_Badge_Scan', 'Loaner_Unit_Evaluation', 'Loaner_Unit_Evaluation', 'Customer']",1
L009710,Priya Williams,,,LATAM,,Event,"['Lab_Integration_Discussion', 'Opportunity', 'IMS_Badge_Scan', 'Application_Engineer_Call', 'Opportunity', 'Website_Product_Page', 'Whitepaper_Download_5G_Test', 'Application_Engineer_Call', 'MQL', 'Customer']",1
L009711,Kenji Martinez,Infin_Tech,Aerospace,LATAM,5G Testbeds,Website,"['PathWave_Trial_Request', 'Keysight_University_Course', 'Website_Product_Page', 'Keysight_Workshop_RF_Testing', 'Customer']",1
L009712,Maria Ito,,Semiconductor,,,Website,"['Whitepaper_Download_5G_Test', 'Website_Product_Page', 'Keysight_University_Course', 'Technical_Demo', 'No_Conversion']",0
L009713,Chen Anders,,,APAC,PathWave Software,Email Campaign,"['DesignCon_Booth_Visit', 'Keysight_University_Course', 'MQL', 'Website_Product_Page', 'Oscilloscope_Selector_Tool', 'Keysight_University_Course', 'IMS_Badge_Scan', 'IMS_Badge_Scan', 'Website_Product_Page', 'No_Conversion']",0
L009714,Maria Ito,,Semiconductor,North America,,Sales Outreach,"['Application_Engineer_Call', 'MQL', 'Opportunity', 'IMS_Badge_Scan', 'Lab_Integration_Discussion', 'Keysight_University_Course', 'Technical_Demo', 'MQL', 'Keysight_Workshop_RF_Testing', 'SQL', 'Customer']",1
L009715,Ravi Ito,NXP Semiconductors,,,PathWave Software,LinkedIn,"['SQL', 'SQL', 'SQL', 'No_Conversion']",0
L009716,Hiroshi Martinez,Sony,,APAC,,,"['Lab_Integration_Discussion', 'Technical_Demo', 'Lab_Integration_Discussion', 'Customer']",1
L009717,Daniel Lee,Tesla Energy GmbH,,APAC,,,"['Loaner_Unit_Evaluation', 'Keysight_University_Course', 'Keysight_University_Course', 'Loaner_Unit_Evaluation', 'DesignCon_Booth_Visit', 'Opportunity', 'No_Conversion']",0
L009718,,Sony_Tech,,LATAM,,Sales Outreach,"['Technical_Demo', 'Website_Product_Page', 'Website_Product_Page', 'No_Conversion']",0
L009719,Sarah Singh,Rayth_Tech,,,Oscilloscopes,,"['Technical_Demo', 'LinkedIn_Ad_Click', 'No_Conversion']",0
L009720,Kenji Garcia,,,LATAM,,,"['Whitepaper_Download_5G_Test', 'Technical_Demo', 'Whitepaper_Download_5G_Test', 'IMS_Badge_Scan', 'Lab_Integration_Discussion', 'IMS_Badge_Scan', 'SQL', 'Customer']",1
L009721,,Infineon GmbH,Automotive,North America,PathWave Software,Sales Outreach,"['PathWave_Trial_Request', 'No_Conversion']",0
L009722,Priya Tanaka,MetaC_Tech,Automotive,North America,Oscilloscopes,Sales Outreach,"['Keysight_University_Course', 'PathWave_Trial_Request', 'Keysight_University_Course', 'LinkedIn_Ad_Click', 'SQL', 'Opportunity', 'Website_Product_Page', 'MQL', 'Customer']",1
L009723,Priya Lee,Bosch GmbH,Automotive,,Automotive Ethernet,,"['Oscilloscope_Selector_Tool', 'Application_Engineer_Call', 'LinkedIn_Ad_Click', 'Lab_Integration_Discussion', 'Customer']",1
L009724,Sarah Martinez,MetaC_Tech,,LATAM,PathWave Software,Sales Outreach,"['Loaner_Unit_Evaluation', 'Customer']",1
L009725,Sarah Chen,Samsung Electronics,Automotive,North America,,Email Campaign,"['Oscilloscope_Selector_Tool', 'Loaner_Unit_Evaluation', 'No_Conversion']",0
L009726,Sofia Ito,Qualcomm GmbH,Telecom,LATAM,PathWave Software,LinkedIn,"['Keysight_University_Course', 'IMS_Badge_Scan', 'Opportunity', 'Oscilloscope_Selector_Tool', 'Customer']",1
L009727,Chen Johnson,Raytheon,Semiconductor,Europe,Oscilloscopes,LinkedIn,"['Loaner_Unit_Evaluation', 'No_Conversion']",0
L009728,Maria Williams,,,APAC,Oscilloscopes,Event,"['PathWave_Trial_Request', 'PathWave_Trial_Request', 'DesignCon_Booth_Visit', 'Keysight_University_Course', 'IMS_Badge_Scan', 'Website_Product_Page', 'Customer']",1
L009729,Ahmed Patel,Tesla Energy,,LATAM,5G Testbeds,,"['Lab_Integration_Discussion', 'Technical_Demo', 'Lab_Integration_Discussion', 'Application_Engineer_Call', 'IMS_Badge_Scan', 'No_Conversion']",0
L009730,Maria Tanaka,Samsung Electronics GmbH,Electronics,,5G Testbeds,LinkedIn,"['MQL', 'PathWave_Trial_Request', 'Opportunity', 'DesignCon_Booth_Visit', 'Application_Engineer_Call', 'Customer']",1
L009731,Maria Johnson,Infin_Tech,Aerospace,,,Event,"['Whitepaper_Download_5G_Test', 'Keysight_University_Course', 'Lab_Integration_Discussion', 'Oscilloscope_Selector_Tool', 'Lab_Integration_Discussion', 'Lab_Integration_Discussion', 'Lab_Integration_Discussion', 'IMS_Badge_Scan', 'No_Conversion']",0
L009732,,Qualcomm GmbH,Semiconductor,,,Webinar,['Customer'],1
L009733,Michael Khan,Tesla_Tech,,LATAM,PathWave Software,Sales Outreach,"['Keysight_Workshop_RF_Testing', 'SQL', 'Loaner_Unit_Evaluation', 'Customer']",1
L009734,Michael Williams,,Semiconductor,Europe,PathWave Software,Sales Outreach,"['Application_Engineer_Call', 'LinkedIn_Ad_Click', 'Keysight_University_Course', 'No_Conversion']",0
L009735,Priya Patel,Samsu_Tech,,LATAM,,LinkedIn,"['MQL', 'PathWave_Trial_Request', 'Lab_Integration_Discussion', 'PathWave_Trial_Request', 'No_Conversion']",0
L009736,Michael Patel,Infineon GmbH,Aerospace,LATAM,Oscilloscopes,,"['Lab_Integration_Discussion', 'Oscilloscope_Selector_Tool', 'MQL', 'SQL', 'SQL', 'Keysight_University_Course', 'Opportunity', 'Lab_Integration_Discussion', 'Keysight_University_Course', 'Whitepaper_Download_5G_Test', 'No_Conversion']",0
L009737,Michael Chen,Tesla_Tech,Telecom,APAC,PathWave Software,,"['Website_Product_Page', 'Technical_Demo', 'DesignCon_Booth_Visit', 'Technical_Demo', 'DesignCon_Booth_Visit', 'Keysight_Workshop_RF_Testing', 'Website_Product_Page', 'No_Conversion']",0
L009738,Laura Singh,Meta Connectivity Labs GmbH,Aerospace,North America,Automotive Ethernet,Webinar,"['IMS_Badge_Scan', 'LinkedIn_Ad_Click', 'AutoSens_Tech_Talk', 'Loaner_Unit_Evaluation', 'Keysight_Workshop_RF_Testing', 'Opportunity', 'No_Conversion']",0
L009739,,Broadcom,,Europe,5G Testbeds,Event,['Customer'],1
L009740,Hiroshi Garcia,Infineon GmbH,Semiconductor,,Automotive Ethernet,,"['Whitepaper_Download_5G_Test', 'Keysight_University_Course', 'SQL', 'Opportunity', 'Loaner_Unit_Evaluation', 'No_Conversion']",0
L009741,Daniel Garcia,Broadcom,,APAC,Automotive Ethernet,Event,"['SQL', 'Whitepaper_Download_5G_Test', 'AutoSens_Tech_Talk', 'Keysight_University_Course', 'No_Conversion']",0
L009742,Kenji Martinez,,Aerospace,North America,Oscilloscopes,,"['IMS_Badge_Scan', 'AutoSens_Tech_Talk', 'MQL', 'IMS_Badge_Scan', 'AutoSens_Tech_Talk', 'Website_Product_Page', 'AutoSens_Tech_Talk', 'AutoSens_Tech_Talk', 'Whitepaper_Download_5G_Test', 'Customer']",1
L009743,Sofia Martinez,Infin_Tech,Electronics,Europe,Automotive Ethernet,Website,"['Lab_Integration_Discussion', 'LinkedIn_Ad_Click', 'SQL', 'Website_Product_Page', 'MQL', 'Oscilloscope_Selector_Tool', 'Whitepaper_Download_5G_Test', 'Customer']",1
L009744,Michael Martinez,Raytheon GmbH,Aerospace,,PathWave Software,Website,"['Technical_Demo', 'DesignCon_Booth_Visit', 'MQL', 'No_Conversion']",0
L009745,,,Electronics,North America,,Event,"['Opportunity', 'AutoSens_Tech_Talk', 'Loaner_Unit_Evaluation', 'Website_Product_Page', 'Technical_Demo', 'Whitepaper_Download_5G_Test', 'DesignCon_Booth_Visit', 'Customer']",1
L009746,Sofia Williams,Sony_Tech,Electronics,North America,,Email Campaign,"['Technical_Demo', 'DesignCon_Booth_Visit', 'Keysight_Workshop_RF_Testing', 'Oscilloscope_Selector_Tool', 'No_Conversion']",0
L009747,Hiroshi Patel,Broadcom,Telecom,APAC,,Webinar,"['Oscilloscope_Selector_Tool', 'Technical_Demo', 'PathWave_Trial_Request', 'Customer']",1
L009748,Sofia Anders,,Automotive,LATAM,,Website,['Customer'],1
L009749,Hiroshi Johnson,MetaC_Tech,,,,,"['IMS_Badge_Scan', 'DesignCon_Booth_Visit', 'Website_Product_Page', 'Opportunity', 'SQL', 'DesignCon_Booth_Visit', 'Customer']",1
L009750,Ahmed Chen,Bosch GmbH,Semiconductor,Europe,Automotive Ethernet,Event,"['Oscilloscope_Selector_Tool', 'AutoSens_Tech_Talk', 'Keysight_Workshop_RF_Testing', 'Keysight_Workshop_RF_Testing', 'Customer']",1
L009751,Michael Garcia,Infineon GmbH,Aerospace,,,Event,['Customer'],1
L009752,Laura Anders,Samsung Electronics GmbH,,,,Event,"['Technical_Demo', 'Opportunity', 'Loaner_Unit_Evaluation', 'SQL', 'Customer']",1
L009753,Daniel Singh,Samsung Electronics,,APAC,Automotive Ethernet,Sales Outreach,"['Lab_Integration_Discussion', 'PathWave_Trial_Request', 'MQL', 'No_Conversion']",0
L009754,Sarah Singh,Tesla Energy GmbH,Telecom,,Oscilloscopes,Website,"['Lab_Integration_Discussion', 'Customer']",1
L009755,,,Aerospace,North America,PathWave Software,LinkedIn,"['PathWave_Trial_Request', 'Whitepaper_Download_5G_Test', 'No_Conversion']",0
L009756,Hiroshi Anders,,Automotive,LATAM,,LinkedIn,"['Website_Product_Page', 'Loaner_Unit_Evaluation', 'Keysight_University_Course', 'Application_Engineer_Call', 'LinkedIn_Ad_Click', 'Application_Engineer_Call', 'No_Conversion']",0
L009757,Maria Patel,Meta Connectivity Labs GmbH,Aerospace,Europe,,LinkedIn,"['DesignCon_Booth_Visit', 'Lab_Integration_Discussion', 'Opportunity', 'MQL', 'Lab_Integration_Discussion', 'MQL', 'Oscilloscope_Selector_Tool', 'Loaner_Unit_Evaluation', 'Customer']",1
L009758,Maria Martinez,Raytheon,,Europe,5G Testbeds,Email Campaign,"['Oscilloscope_Selector_Tool', 'Customer']",1
L009759,Daniel Khan,NXP Semiconductors GmbH,,,,,"['AutoSens_Tech_Talk', 'AutoSens_Tech_Talk', 'Keysight_University_Course', 'Oscilloscope_Selector_Tool', 'Customer']",1
L009760,Chen Chen,Broad_Tech,Semiconductor,APAC,5G Testbeds,Email Campaign,"['Application_Engineer_Call', 'PathWave_Trial_Request', 'Loaner_Unit_Evaluation', 'Website_Product_Page', 'Keysight_University_Course', 'Keysight_University_Course', 'Lab_Integration_Discussion', 'DesignCon_Booth_Visit', 'SQL', 'No_Conversion']",0
L009761,,,Semiconductor,Europe,5G Testbeds,,['Customer'],1
L009762,Laura Patel,Meta Connectivity Labs GmbH,Aerospace,North America,,Event,"['Keysight_University_Course', 'Keysight_University_Course', 'SQL', 'MQL', 'MQL', 'Keysight_University_Course', 'DesignCon_Booth_Visit', 'DesignCon_Booth_Visit', 'No_Conversion']",0
L009763,Ahmed Garcia,,Semiconductor,APAC,,Event,"['Whitepaper_Download_5G_Test', 'Keysight_University_Course', 'MQL', 'MQL', 'Opportunity', 'SQL', 'Website_Product_Page', 'Loaner_Unit_Evaluation', 'No_Conversion']",0
L009764,Priya Garcia,Tesla Energy,,,5G Testbeds,,"['Application_Engineer_Call', 'No_Conversion']",0
L009765,Chen Garcia,Tesla Energy GmbH,Aerospace,LATAM,5G Testbeds,Sales Outreach,"['MQL', 'Oscilloscope_Selector_Tool', 'Customer']",1
L009766,Michael Garcia,,Automotive,APAC,,Sales Outreach,"['Keysight_University_Course', 'IMS_Badge_Scan', 'Website_Product_Page', 'No_Conversion']",0
L009767,Kenji Patel,Bosch,,North America,PathWave Software,Event,"['Keysight_University_Course', 'Technical_Demo', 'Loaner_Unit_Evaluation', 'DesignCon_Booth_Visit', 'SQL', 'AutoSens_Tech_Talk', 'Opportunity', 'No_Conversion']",0
L009768,Priya Tanaka,Bosch,,Europe,,Email Campaign,"['Website_Product_Page', 'AutoSens_Tech_Talk', 'IMS_Badge_Scan', 'Technical_Demo', 'Technical_Demo', 'Keysight_University_Course', 'LinkedIn_Ad_Click', 'PathWave_Trial_Request', 'Whitepaper_Download_5G_Test', 'Lab_Integration_Discussion', 'No_Conversion']",0
L009769,Sofia Patel,,Aerospace,North America,Oscilloscopes,LinkedIn,"['Opportunity', 'Loaner_Unit_Evaluation', 'Opportunity', 'Customer']",1
L009770,Sarah Anders,,Telecom,Europe,,Event,"['Application_Engineer_Call', 'Opportunity', 'LinkedIn_Ad_Click', 'Customer']",1
L009771,Daniel Williams,Sony GmbH,,LATAM,5G Testbeds,LinkedIn,"['Website_Product_Page', 'DesignCon_Booth_Visit', 'AutoSens_Tech_Talk', 'Customer']",1
L009772,Hiroshi Martinez,,Telecom,Europe,,,"['Opportunity', 'Opportunity', 'No_Conversion']",0
L009773,Ravi Patel,Tesla_Tech,Electronics,APAC,5G Testbeds,LinkedIn,"['SQL', 'LinkedIn_Ad_Click', 'AutoSens_Tech_Talk', 'Loaner_Unit_Evaluation', 'Oscilloscope_Selector_Tool', 'Oscilloscope_Selector_Tool', 'No_Conversion']",0
L009774,Sofia Singh,MetaC_Tech,Electronics,LATAM,5G Testbeds,Sales Outreach,"['MQL', 'Technical_Demo', 'Website_Product_Page', 'Lab_Integration_Discussion', 'Application_Engineer_Call', 'Keysight_Workshop_RF_Testing', 'Lab_Integration_Discussion', 'Customer']",1
L009775,Sarah Anders,Bosch_Tech,,APAC,PathWave Software,,"['Lab_Integration_Discussion', 'AutoSens_Tech_Talk', 'IMS_Badge_Scan', 'Customer']",1
L009776,Priya Patel,Qualcomm GmbH,Telecom,APAC,,Webinar,"['Whitepaper_Download_5G_Test', 'Technical_Demo', 'Technical_Demo', 'No_Conversion']",0
L009777,Ahmed Williams,Sony,Telecom,,Oscilloscopes,,"['SQL', 'Loaner_Unit_Evaluation', 'DesignCon_Booth_Visit', 'Loaner_Unit_Evaluation', 'IMS_Badge_Scan', 'No_Conversion']",0
L009778,Ravi Patel,,,North America,PathWave Software,Website,"['Application_Engineer_Call', 'Whitepaper_Download_5G_Test', 'No_Conversion']",0
L009779,Kenji Ito,Bosch GmbH,Telecom,Europe,Oscilloscopes,,['No_Conversion'],0
L009780,Ahmed Tanaka,Tesla_Tech,,,Automotive Ethernet,,"['Lab_Integration_Discussion', 'No_Conversion']",0
L009781,Sofia Anders,Rayth_Tech,,APAC,PathWave Software,LinkedIn,"['IMS_Badge_Scan', 'Keysight_Workshop_RF_Testing', 'No_Conversion']",0
L009782,Priya Johnson,,Electronics,LATAM,,,"['MQL', 'Keysight_Workshop_RF_Testing', 'LinkedIn_Ad_Click', 'Lab_Integration_Discussion', 'IMS_Badge_Scan', 'AutoSens_Tech_Talk', 'Technical_Demo', 'IMS_Badge_Scan', 'Opportunity', 'No_Conversion']",0
L009783,Chen Khan,,,,PathWave Software,Email Campaign,"['Website_Product_Page', 'AutoSens_Tech_Talk', 'MQL', 'PathWave_Trial_Request', 'SQL', 'No_Conversion']",0
L009784,,NXP Semiconductors,,Europe,5G Testbeds,LinkedIn,['No_Conversion'],0
L009785,,Meta Connectivity Labs,Aerospace,,Automotive Ethernet,Website,"['Lab_Integration_Discussion', 'DesignCon_Booth_Visit', 'SQL', 'No_Conversion']",0
L009786,Daniel Garcia,,Automotive,Europe,Oscilloscopes,LinkedIn,"['Opportunity', 'Opportunity', 'Application_Engineer_Call', 'SQL', 'Website_Product_Page', 'No_Conversion']",0
L009787,Priya Martinez,,,APAC,Automotive Ethernet,Sales Outreach,"['LinkedIn_Ad_Click', 'Website_Product_Page', 'LinkedIn_Ad_Click', 'DesignCon_Booth_Visit', 'Lab_Integration_Discussion', 'AutoSens_Tech_Talk', 'PathWave_Trial_Request', 'DesignCon_Booth_Visit', 'Customer']",1
L009788,Ravi Anders,Broadcom GmbH,Semiconductor,Europe,,LinkedIn,"['Lab_Integration_Discussion', 'No_Conversion']",0
L009789,Kenji Chen,,Electronics,APAC,5G Testbeds,Event,"['LinkedIn_Ad_Click', 'Opportunity', 'Website_Product_Page', 'Technical_Demo', 'DesignCon_Booth_Visit', 'Keysight_Workshop_RF_Testing', 'No_Conversion']",0
L009790,Hiroshi Singh,,Aerospace,LATAM,Automotive Ethernet,Event,"['Whitepaper_Download_5G_Test', 'LinkedIn_Ad_Click', 'No_Conversion']",0
L009791,Kenji Williams,,Automotive,,5G Testbeds,Webinar,"['Lab_Integration_Discussion', 'Keysight_University_Course', 'Application_Engineer_Call', 'Whitepaper_Download_5G_Test', 'No_Conversion']",0
L009792,,Broadcom GmbH,Semiconductor,North America,Automotive Ethernet,LinkedIn,"['IMS_Badge_Scan', 'DesignCon_Booth_Visit', 'Lab_Integration_Discussion', 'No_Conversion']",0
L009793,,Meta Connectivity Labs,,LATAM,Oscilloscopes,,"['Opportunity', 'Application_Engineer_Call', 'Customer']",1
L009794,Priya Patel,Tesla Energy GmbH,Automotive,Europe,Oscilloscopes,Website,"['Application_Engineer_Call', 'Technical_Demo', 'Keysight_Workshop_RF_Testing', 'Technical_Demo', 'DesignCon_Booth_Visit', 'Oscilloscope_Selector_Tool', 'DesignCon_Booth_Visit', 'Lab_Integration_Discussion', 'Whitepaper_Download_5G_Test', 'Customer']",1
L009795,Daniel Ito,,,,,Webinar,"['MQL', 'Keysight_University_Course', 'PathWave_Trial_Request', 'DesignCon_Booth_Visit', 'Website_Product_Page', 'No_Conversion']",0
L009796,Daniel Lee,Rayth_Tech,Aerospace,LATAM,5G Testbeds,Website,"['SQL', 'AutoSens_Tech_Talk', 'Loaner_Unit_Evaluation', 'Keysight_University_Course', 'Opportunity', 'MQL', 'PathWave_Trial_Request', 'No_Conversion']",0
L009797,Laura Lee,Sony_Tech,Electronics,,,Sales Outreach,"['AutoSens_Tech_Talk', 'Technical_Demo', 'Keysight_Workshop_RF_Testing', 'MQL', 'SQL', 'Oscilloscope_Selector_Tool', 'Application_Engineer_Call', 'Customer']",1
L009798,,Meta Connectivity Labs GmbH,Semiconductor,North America,Automotive Ethernet,,"['LinkedIn_Ad_Click', 'Lab_Integration_Discussion', 'No_Conversion']",0
L009799,Sofia Khan,Qualc_Tech,Aerospace,,Oscilloscopes,LinkedIn,"['Lab_Integration_Discussion', 'Application_Engineer_Call', 'MQL', 'MQL', 'No_Conversion']",0
L009800,Hiroshi Johnson,Tesla_Tech,,Europe,PathWave Software,LinkedIn,"['AutoSens_Tech_Talk', 'Oscilloscope_Selector_Tool', 'Whitepaper_Download_5G_Test', 'Opportunity', 'Application_Engineer_Call', 'Whitepaper_Download_5G_Test', 'Oscilloscope_Selector_Tool', 'SQL', 'Opportunity', 'Website_Product_Page', 'No_Conversion']",0
L009801,Sarah Williams,Broadcom,Electronics,LATAM,,Webinar,"['Lab_Integration_Discussion', 'Keysight_University_Course', 'LinkedIn_Ad_Click', 'Keysight_Workshop_RF_Testing', 'Keysight_Workshop_RF_Testing', 'Application_Engineer_Call', 'IMS_Badge_Scan', 'No_Conversion']",0
L009802,Kenji Martinez,Tesla Energy,Aerospace,APAC,,LinkedIn,"['Keysight_Workshop_RF_Testing', 'Oscilloscope_Selector_Tool', 'MQL', 'LinkedIn_Ad_Click', 'Oscilloscope_Selector_Tool', 'Application_Engineer_Call', 'Keysight_University_Course', 'Keysight_Workshop_RF_Testing', 'Customer']",1
L009803,Chen Williams,,Automotive,,,LinkedIn,"['Keysight_Workshop_RF_Testing', 'Opportunity', 'PathWave_Trial_Request', 'Opportunity', 'AutoSens_Tech_Talk', 'Lab_Integration_Discussion', 'Lab_Integration_Discussion', 'Customer']",1
L009804,Sarah Ito,Tesla Energy GmbH,Electronics,,,Event,['Customer'],1
L009805,Daniel Anders,Sony,Automotive,,PathWave Software,Sales Outreach,"['LinkedIn_Ad_Click', 'Opportunity', 'Website_Product_Page', 'Application_Engineer_Call', 'Keysight_University_Course', 'DesignCon_Booth_Visit', 'DesignCon_Booth_Visit', 'Application_Engineer_Call', 'DesignCon_Booth_Visit', 'Customer']",1
L009806,Ahmed Khan,Raytheon GmbH,,,5G Testbeds,Event,"['AutoSens_Tech_Talk', 'Whitepaper_Download_5G_Test', 'DesignCon_Booth_Visit', 'Keysight_Workshop_RF_Testing', 'SQL', 'No_Conversion']",0
L009807,Sofia Williams,Samsung Electronics,Automotive,LATAM,,Event,"['Oscilloscope_Selector_Tool', 'LinkedIn_Ad_Click', 'Technical_Demo', 'No_Conversion']",0
L009808,Sarah Martinez,Infineon GmbH,,,Automotive Ethernet,,"['Keysight_University_Course', 'Oscilloscope_Selector_Tool', 'IMS_Badge_Scan', 'Oscilloscope_Selector_Tool', 'Whitepaper_Download_5G_Test', 'Application_Engineer_Call', 'Whitepaper_Download_5G_Test', 'Oscilloscope_Selector_Tool', 'Loaner_Unit_Evaluation', 'Customer']",1
L009809,Daniel Garcia,,,APAC,Automotive Ethernet,Webinar,"['Opportunity', 'Keysight_Workshop_RF_Testing', 'Application_Engineer_Call', 'Application_Engineer_Call', 'No_Conversion']",0
L009810,,Raytheon GmbH,Automotive,,Oscilloscopes,Sales Outreach,"['Technical_Demo', 'Technical_Demo', 'Technical_Demo', 'DesignCon_Booth_Visit', 'AutoSens_Tech_Talk', 'IMS_Badge_Scan', 'MQL', 'Keysight_Workshop_RF_Testing', 'LinkedIn_Ad_Click', 'PathWave_Trial_Request', 'Customer']",1
L009811,Ravi Chen,NXP Semiconductors GmbH,Telecom,Europe,Automotive Ethernet,Email Campaign,"['Technical_Demo', 'IMS_Badge_Scan', 'Application_Engineer_Call', 'Oscilloscope_Selector_Tool', 'No_Conversion']",0
L009812,Hiroshi Ito,Bosch_Tech,Semiconductor,Europe,Oscilloscopes,,"['DesignCon_Booth_Visit', 'Customer']",1
L009813,Ravi Anders,Sony_Tech,,Europe,Automotive Ethernet,Webinar,"['IMS_Badge_Scan', 'Application_Engineer_Call', 'Oscilloscope_Selector_Tool', 'PathWave_Trial_Request', 'DesignCon_Booth_Visit', 'No_Conversion']",0
L009814,Ahmed Lee,Samsung Electronics GmbH,Semiconductor,,,Email Campaign,"['Opportunity', 'AutoSens_Tech_Talk', 'Technical_Demo', 'DesignCon_Booth_Visit', 'Oscilloscope_Selector_Tool', 'Customer']",1
L009815,Daniel Khan,,Electronics,North America,Oscilloscopes,Email Campaign,"['LinkedIn_Ad_Click', 'Loaner_Unit_Evaluation', 'Customer']",1
L009816,Sofia Khan,Qualcomm GmbH,Telecom,APAC,,LinkedIn,"['LinkedIn_Ad_Click', 'PathWave_Trial_Request', 'IMS_Badge_Scan', 'Keysight_Workshop_RF_Testing', 'Customer']",1
L009817,Kenji Martinez,Meta Connectivity Labs GmbH,,LATAM,,Website,"['Application_Engineer_Call', 'MQL', 'LinkedIn_Ad_Click', 'Application_Engineer_Call', 'No_Conversion']",0
L009818,Maria Singh,Bosch,Electronics,Europe,Automotive Ethernet,Email Campaign,"['Website_Product_Page', 'PathWave_Trial_Request', 'Application_Engineer_Call', 'Loaner_Unit_Evaluation', 'SQL', 'AutoSens_Tech_Talk', 'PathWave_Trial_Request', 'SQL', 'No_Conversion']",0
L009819,Laura Khan,,Telecom,North America,5G Testbeds,,"['Whitepaper_Download_5G_Test', 'Oscilloscope_Selector_Tool', 'Customer']",1
L009820,Sarah Chen,Infineon,,Europe,,,"['Website_Product_Page', 'DesignCon_Booth_Visit', 'Whitepaper_Download_5G_Test', 'Lab_Integration_Discussion', 'Customer']",1
L009821,Chen Garcia,,,Europe,,Email Campaign,"['Lab_Integration_Discussion', 'PathWave_Trial_Request', 'No_Conversion']",0
L009822,,Bosch,Telecom,Europe,,,"['Keysight_Workshop_RF_Testing', 'DesignCon_Booth_Visit', 'IMS_Badge_Scan', 'IMS_Badge_Scan', 'Lab_Integration_Discussion', 'AutoSens_Tech_Talk', 'Opportunity', 'DesignCon_Booth_Visit', 'No_Conversion']",0
L009823,,,Telecom,LATAM,,Event,"['Opportunity', 'Application_Engineer_Call', 'LinkedIn_Ad_Click', 'MQL', 'MQL', 'DesignCon_Booth_Visit', 'Technical_Demo', 'AutoSens_Tech_Talk', 'LinkedIn_Ad_Click', 'Customer']",1
L009824,Michael Martinez,Raytheon GmbH,,APAC,,LinkedIn,"['Application_Engineer_Call', 'Customer']",1
L009825,Sofia Tanaka,NXP Semiconductors GmbH,Electronics,Europe,Oscilloscopes,LinkedIn,"['Technical_Demo', 'Website_Product_Page', 'LinkedIn_Ad_Click', 'Lab_Integration_Discussion', 'Oscilloscope_Selector_Tool', 'Application_Engineer_Call', 'DesignCon_Booth_Visit', 'Customer']",1
L009826,Sofia Khan,,Semiconductor,Europe,Oscilloscopes,,"['Opportunity', 'Application_Engineer_Call', 'Whitepaper_Download_5G_Test', 'PathWave_Trial_Request', 'Technical_Demo', 'Keysight_Workshop_RF_Testing', 'Loaner_Unit_Evaluation', 'No_Conversion']",0
L009827,Sarah Patel,,Semiconductor,APAC,,,"['Keysight_University_Course', 'Customer']",1
L009828,,Samsung Electronics GmbH,Electronics,LATAM,Oscilloscopes,,"['SQL', 'DesignCon_Booth_Visit', 'DesignCon_Booth_Visit', 'Customer']",1
L009829,Laura Singh,Samsu_Tech,Telecom,Europe,PathWave Software,Sales Outreach,"['MQL', 'Whitepaper_Download_5G_Test', 'Website_Product_Page', 'Lab_Integration_Discussion', 'No_Conversion']",0
L009830,Sarah Patel,Infineon GmbH,,APAC,,Website,"['Whitepaper_Download_5G_Test', 'IMS_Badge_Scan', 'PathWave_Trial_Request', 'Keysight_Workshop_RF_Testing', 'AutoSens_Tech_Talk', 'Website_Product_Page', 'Keysight_Workshop_RF_Testing', 'Keysight_Workshop_RF_Testing', 'PathWave_Trial_Request', 'Customer']",1
L009831,Maria Tanaka,NXPSe_Tech,Aerospace,APAC,PathWave Software,Sales Outreach,"['PathWave_Trial_Request', 'AutoSens_Tech_Talk', 'No_Conversion']",0
L009832,Ahmed Garcia,Rayth_Tech,Automotive,APAC,PathWave Software,Event,"['LinkedIn_Ad_Click', 'SQL', 'DesignCon_Booth_Visit', 'Customer']",1
L009833,Ahmed Chen,Raytheon,,,,,"['Lab_Integration_Discussion', 'IMS_Badge_Scan', 'Loaner_Unit_Evaluation', 'DesignCon_Booth_Visit', 'Lab_Integration_Discussion', 'Loaner_Unit_Evaluation', 'Keysight_University_Course', 'Technical_Demo', 'IMS_Badge_Scan', 'Customer']",1
L009834,Chen Anders,Broadcom GmbH,,,5G Testbeds,Email Campaign,"['Keysight_University_Course', 'Keysight_Workshop_RF_Testing', 'Oscilloscope_Selector_Tool', 'PathWave_Trial_Request', 'AutoSens_Tech_Talk', 'No_Conversion']",0
L009835,Maria Garcia,Sony,Semiconductor,APAC,,,"['Application_Engineer_Call', 'Technical_Demo', 'DesignCon_Booth_Visit', 'Oscilloscope_Selector_Tool', 'AutoSens_Tech_Talk', 'MQL', 'SQL', 'No_Conversion']",0
L009836,,,,APAC,Oscilloscopes,Email Campaign,"['Loaner_Unit_Evaluation', 'Keysight_Workshop_RF_Testing', 'Customer']",1
L009837,Michael Lee,Bosch GmbH,Telecom,Europe,,Email Campaign,"['DesignCon_Booth_Visit', 'MQL', 'Opportunity', 'Whitepaper_Download_5G_Test', 'Lab_Integration_Discussion', 'Application_Engineer_Call', 'No_Conversion']",0
L009838,Ravi Tanaka,,Semiconductor,North America,Oscilloscopes,Event,"['Technical_Demo', 'No_Conversion']",0
L009839,Hiroshi Williams,Tesla Energy GmbH,,LATAM,5G Testbeds,Website,['Customer'],1
L009840,Priya Ito,Raytheon,Automotive,Europe,PathWave Software,Email Campaign,"['SQL', 'IMS_Badge_Scan', 'Website_Product_Page', 'Application_Engineer_Call', 'Customer']",1
L009841,Daniel Anders,MetaC_Tech,Electronics,Europe,,,"['Application_Engineer_Call', 'PathWave_Trial_Request', 'Lab_Integration_Discussion', 'Customer']",1
L009842,Laura Singh,Infineon GmbH,Automotive,,5G Testbeds,LinkedIn,"['Keysight_Workshop_RF_Testing', 'IMS_Badge_Scan', 'Lab_Integration_Discussion', 'IMS_Badge_Scan', 'Keysight_University_Course', 'Opportunity', 'AutoSens_Tech_Talk', 'DesignCon_Booth_Visit', 'Opportunity', 'IMS_Badge_Scan', 'No_Conversion']",0
L009843,Chen Patel,Broadcom,Semiconductor,APAC,PathWave Software,Event,"['Application_Engineer_Call', 'Customer']",1
L009844,Laura Ito,,Semiconductor,Europe,,Website,"['AutoSens_Tech_Talk', 'Whitepaper_Download_5G_Test', 'LinkedIn_Ad_Click', 'IMS_Badge_Scan', 'Opportunity', 'No_Conversion']",0
L009845,Chen Khan,NXP Semiconductors GmbH,Electronics,LATAM,,,"['Opportunity', 'AutoSens_Tech_Talk', 'LinkedIn_Ad_Click', 'SQL', 'SQL', 'DesignCon_Booth_Visit', 'Customer']",1
L009846,Ravi Garcia,NXPSe_Tech,Telecom,LATAM,,,"['DesignCon_Booth_Visit', 'No_Conversion']",0
L009847,Sofia Garcia,Raytheon,Semiconductor,LATAM,,Webinar,"['IMS_Badge_Scan', 'Opportunity', 'No_Conversion']",0
L009848,Ahmed Khan,NXP Semiconductors GmbH,Aerospace,,Automotive Ethernet,Website,"['AutoSens_Tech_Talk', 'Lab_Integration_Discussion', 'LinkedIn_Ad_Click', 'Website_Product_Page', 'Customer']",1
L009849,Daniel Ito,MetaC_Tech,,Europe,,Email Campaign,['No_Conversion'],0
L009850,Priya Singh,Raytheon GmbH,,Europe,5G Testbeds,Email Campaign,['No_Conversion'],0
L009851,Ravi Williams,Qualcomm GmbH,Semiconductor,LATAM,,Website,"['Loaner_Unit_Evaluation', 'Customer']",1
L009852,Chen Lee,,Automotive,LATAM,,Email Campaign,"['Technical_Demo', 'PathWave_Trial_Request', 'Technical_Demo', 'Whitepaper_Download_5G_Test', 'Customer']",1
L009853,Chen Patel,Meta Connectivity Labs GmbH,Semiconductor,LATAM,5G Testbeds,,"['Website_Product_Page', 'DesignCon_Booth_Visit', 'Keysight_University_Course', 'IMS_Badge_Scan', 'No_Conversion']",0
L009854,,Broadcom,Telecom,North America,Automotive Ethernet,Website,"['Opportunity', 'Technical_Demo', 'Application_Engineer_Call', 'SQL', 'Technical_Demo', 'DesignCon_Booth_Visit', 'Customer']",1
L009855,Laura Ito,Infineon,Aerospace,APAC,PathWave Software,Website,"['LinkedIn_Ad_Click', 'LinkedIn_Ad_Click', 'SQL', 'DesignCon_Booth_Visit', 'SQL', 'Loaner_Unit_Evaluation', 'Website_Product_Page', 'Technical_Demo', 'DesignCon_Booth_Visit', 'No_Conversion']",0
L009856,Priya Johnson,,Semiconductor,APAC,PathWave Software,Sales Outreach,"['Website_Product_Page', 'Whitepaper_Download_5G_Test', 'Opportunity', 'No_Conversion']",0
L009857,Daniel Patel,Meta Connectivity Labs,Telecom,North America,,Webinar,['Customer'],1
L009858,Daniel Khan,Qualcomm,,,Automotive Ethernet,LinkedIn,"['Opportunity', 'Customer']",1
L009859,,Sony GmbH,Semiconductor,LATAM,Oscilloscopes,Website,"['Oscilloscope_Selector_Tool', 'Opportunity', 'Application_Engineer_Call', 'Technical_Demo', 'SQL', 'Customer']",1
L009860,Sarah Johnson,Qualcomm,Semiconductor,LATAM,,,"['Lab_Integration_Discussion', 'MQL', 'PathWave_Trial_Request', 'Website_Product_Page', 'No_Conversion']",0
L009861,Hiroshi Khan,Infin_Tech,Aerospace,,,Event,"['PathWave_Trial_Request', 'Whitepaper_Download_5G_Test', 'IMS_Badge_Scan', 'Whitepaper_Download_5G_Test', 'Website_Product_Page', 'Keysight_Workshop_RF_Testing', 'No_Conversion']",0
L009862,Hiroshi Chen,Sony,Semiconductor,North America,PathWave Software,,"['Website_Product_Page', 'No_Conversion']",0
L009863,Priya Singh,Rayth_Tech,,LATAM,PathWave Software,LinkedIn,"['LinkedIn_Ad_Click', 'LinkedIn_Ad_Click', 'No_Conversion']",0
L009864,Hiroshi Garcia,,,Europe,Oscilloscopes,Sales Outreach,"['Website_Product_Page', 'AutoSens_Tech_Talk', 'AutoSens_Tech_Talk', 'LinkedIn_Ad_Click', 'Keysight_Workshop_RF_Testing', 'Website_Product_Page', 'LinkedIn_Ad_Click', 'Customer']",1
L009865,Hiroshi Ito,NXP Semiconductors,Telecom,North America,PathWave Software,Webinar,"['LinkedIn_Ad_Click', 'Keysight_University_Course', 'Website_Product_Page', 'Loaner_Unit_Evaluation', 'SQL', 'MQL', 'Customer']",1
L009866,Priya Patel,Sony,Automotive,Europe,,Sales Outreach,"['Keysight_Workshop_RF_Testing', 'Website_Product_Page', 'Keysight_Workshop_RF_Testing', 'No_Conversion']",0
L009867,Ravi Johnson,Infineon,,Europe,,LinkedIn,"['Website_Product_Page', 'MQL', 'LinkedIn_Ad_Click', 'Application_Engineer_Call', 'Customer']",1
L009868,Priya Garcia,Sony GmbH,Automotive,,5G Testbeds,Sales Outreach,"['LinkedIn_Ad_Click', 'Whitepaper_Download_5G_Test', 'Opportunity', 'AutoSens_Tech_Talk', 'Customer']",1
L009869,Priya Anders,Samsung Electronics,,,Oscilloscopes,Email Campaign,"['Opportunity', 'Application_Engineer_Call', 'Customer']",1
L009870,Chen Ito,Qualcomm,Aerospace,LATAM,,Website,"['DesignCon_Booth_Visit', 'Whitepaper_Download_5G_Test', 'AutoSens_Tech_Talk', 'Customer']",1
L009871,Maria Tanaka,Meta Connectivity Labs GmbH,Electronics,,,LinkedIn,"['Website_Product_Page', 'IMS_Badge_Scan', 'AutoSens_Tech_Talk', 'Technical_Demo', 'MQL', 'Lab_Integration_Discussion', 'No_Conversion']",0
L009872,Laura Garcia,,,,Oscilloscopes,Sales Outreach,"['Whitepaper_Download_5G_Test', 'Customer']",1
L009873,Sarah Johnson,,,Europe,,Sales Outreach,['Customer'],1
L009874,Kenji Garcia,Tesla Energy GmbH,,,,Event,"['Keysight_Workshop_RF_Testing', 'LinkedIn_Ad_Click', 'IMS_Badge_Scan', 'Loaner_Unit_Evaluation', 'Technical_Demo', 'Opportunity', 'IMS_Badge_Scan', 'SQL', 'Customer']",1
L009875,Chen Garcia,Infin_Tech,Semiconductor,APAC,,Sales Outreach,"['Website_Product_Page', 'Loaner_Unit_Evaluation', 'PathWave_Trial_Request', 'Whitepaper_Download_5G_Test', 'No_Conversion']",0
L009876,Hiroshi Johnson,Bosch_Tech,,APAC,,Email Campaign,"['IMS_Badge_Scan', 'Application_Engineer_Call', 'MQL', 'Customer']",1
L009877,Kenji Singh,,Aerospace,North America,,Website,"['Website_Product_Page', 'AutoSens_Tech_Talk', 'Application_Engineer_Call', 'Opportunity', 'Whitepaper_Download_5G_Test', 'AutoSens_Tech_Talk', 'Website_Product_Page', 'Oscilloscope_Selector_Tool', 'Customer']",1
L009878,Priya Chen,Infineon,Automotive,LATAM,Oscilloscopes,Sales Outreach,"['IMS_Badge_Scan', 'MQL', 'Lab_Integration_Discussion', 'PathWave_Trial_Request', 'Keysight_University_Course', 'Technical_Demo', 'LinkedIn_Ad_Click', 'DesignCon_Booth_Visit', 'No_Conversion']",0
L009879,,,,LATAM,Automotive Ethernet,,"['Website_Product_Page', 'Lab_Integration_Discussion', 'MQL', 'Application_Engineer_Call', 'Application_Engineer_Call', 'IMS_Badge_Scan', 'Application_Engineer_Call', 'Website_Product_Page', 'Oscilloscope_Selector_Tool', 'No_Conversion']",0
L009880,Michael Lee,Tesla_Tech,Semiconductor,,5G Testbeds,Sales Outreach,"['Application_Engineer_Call', 'Lab_Integration_Discussion', 'Lab_Integration_Discussion', 'PathWave_Trial_Request', 'Application_Engineer_Call', 'Whitepaper_Download_5G_Test', 'Oscilloscope_Selector_Tool', 'No_Conversion']",0
L009881,Hiroshi Johnson,Bosch,Aerospace,Europe,5G Testbeds,Event,"['AutoSens_Tech_Talk', 'DesignCon_Booth_Visit', 'LinkedIn_Ad_Click', 'IMS_Badge_Scan', 'SQL', 'Customer']",1
L009882,,Samsung Electronics GmbH,Telecom,APAC,,Event,"['Whitepaper_Download_5G_Test', 'Website_Product_Page', 'PathWave_Trial_Request', 'No_Conversion']",0
L009883,Maria Lee,Sony,Telecom,,,Webinar,"['Whitepaper_Download_5G_Test', 'IMS_Badge_Scan', 'AutoSens_Tech_Talk', 'MQL', 'MQL', 'SQL', 'Customer']",1
L009884,Kenji Garcia,,Electronics,APAC,5G Testbeds,Sales Outreach,"['DesignCon_Booth_Visit', 'AutoSens_Tech_Talk', 'IMS_Badge_Scan', 'Lab_Integration_Discussion', 'Oscilloscope_Selector_Tool', 'PathWave_Trial_Request', 'IMS_Badge_Scan', 'No_Conversion']",0
L009885,Kenji Johnson,Meta Connectivity Labs GmbH,Telecom,,Automotive Ethernet,Event,"['Website_Product_Page', 'MQL', 'Keysight_University_Course', 'DesignCon_Booth_Visit', 'Whitepaper_Download_5G_Test', 'Opportunity', 'Technical_Demo', 'No_Conversion']",0
L009886,Maria Ito,,Aerospace,APAC,,Website,"['Keysight_Workshop_RF_Testing', 'Technical_Demo', 'Whitepaper_Download_5G_Test', 'Technical_Demo', 'Keysight_Workshop_RF_Testing', 'No_Conversion']",0
L009887,Maria Anders,,Automotive,North America,,Webinar,"['SQL', 'Application_Engineer_Call', 'Customer']",1
L009888,Ravi Tanaka,Bosch,,,Automotive Ethernet,Email Campaign,"['PathWave_Trial_Request', 'Application_Engineer_Call', 'Keysight_Workshop_RF_Testing', 'Keysight_Workshop_RF_Testing', 'Website_Product_Page', 'Loaner_Unit_Evaluation', 'LinkedIn_Ad_Click', 'Customer']",1
L009889,Daniel Martinez,Tesla Energy GmbH,Telecom,North America,5G Testbeds,,"['Keysight_Workshop_RF_Testing', 'No_Conversion']",0
L009890,Priya Chen,Broad_Tech,Automotive,North America,,Email Campaign,"['Application_Engineer_Call', 'Keysight_Workshop_RF_Testing', 'Keysight_Workshop_RF_Testing', 'LinkedIn_Ad_Click', 'DesignCon_Booth_Visit', 'IMS_Badge_Scan', 'SQL', 'No_Conversion']",0
L009891,Hiroshi Anders,,,North America,,Email Campaign,"['LinkedIn_Ad_Click', 'Keysight_Workshop_RF_Testing', 'Keysight_University_Course', 'Oscilloscope_Selector_Tool', 'Whitepaper_Download_5G_Test', 'Opportunity', 'No_Conversion']",0
L009892,,Infin_Tech,,,Automotive Ethernet,,"['LinkedIn_Ad_Click', 'Keysight_University_Course', 'Application_Engineer_Call', 'Customer']",1
L009893,Sarah Garcia,Samsung Electronics GmbH,Telecom,Europe,,Email Campaign,"['AutoSens_Tech_Talk', 'Whitepaper_Download_5G_Test', 'Oscilloscope_Selector_Tool', 'Application_Engineer_Call', 'No_Conversion']",0
L009894,Laura Tanaka,Sony GmbH,Electronics,LATAM,,Event,"['Keysight_University_Course', 'MQL', 'Website_Product_Page', 'Loaner_Unit_Evaluation', 'DesignCon_Booth_Visit', 'IMS_Badge_Scan', 'No_Conversion']",0
L009895,Sofia Martinez,Qualc_Tech,Aerospace,North America,,,"['SQL', 'Technical_Demo', 'Loaner_Unit_Evaluation', 'Technical_Demo', 'Keysight_Workshop_RF_Testing', 'No_Conversion']",0
L009896,Kenji Ito,Tesla Energy,,,Automotive Ethernet,Sales Outreach,"['SQL', 'MQL', 'SQL', 'Oscilloscope_Selector_Tool', 'Keysight_University_Course', 'DesignCon_Booth_Visit', 'Oscilloscope_Selector_Tool', 'Application_Engineer_Call', 'No_Conversion']",0
L009897,Ahmed Williams,Meta Connectivity Labs,Aerospace,,,,"['Website_Product_Page', 'Loaner_Unit_Evaluation', 'SQL', 'AutoSens_Tech_Talk', 'Loaner_Unit_Evaluation', 'Keysight_Workshop_RF_Testing', 'SQL', 'No_Conversion']",0
L009898,,Qualc_Tech,Automotive,,,Email Campaign,"['Opportunity', 'Whitepaper_Download_5G_Test', 'PathWave_Trial_Request', 'PathWave_Trial_Request', 'PathWave_Trial_Request', 'DesignCon_Booth_Visit', 'DesignCon_Booth_Visit', 'Keysight_Workshop_RF_Testing', 'Application_Engineer_Call', 'No_Conversion']",0
L009899,Chen Singh,,Aerospace,Europe,5G Testbeds,LinkedIn,"['Technical_Demo', 'Keysight_Workshop_RF_Testing', 'Website_Product_Page', 'Application_Engineer_Call', 'IMS_Badge_Scan', 'Website_Product_Page', 'Customer']",1
L009900,Ravi Lee,Tesla Energy,,Europe,PathWave Software,Sales Outreach,"['Loaner_Unit_Evaluation', 'No_Conversion']",0
L009901,Hiroshi Khan,,Telecom,,,Sales Outreach,"['LinkedIn_Ad_Click', 'Opportunity', 'No_Conversion']",0
L009902,Michael Johnson,Tesla_Tech,Electronics,Europe,Oscilloscopes,,"['Keysight_University_Course', 'Website_Product_Page', 'Loaner_Unit_Evaluation', 'No_Conversion']",0
L009903,Kenji Chen,Raytheon GmbH,,,,Email Campaign,['No_Conversion'],0
L009904,Michael Lee,Bosch GmbH,Telecom,Europe,Oscilloscopes,Webinar,"['Lab_Integration_Discussion', 'Oscilloscope_Selector_Tool', 'Oscilloscope_Selector_Tool', 'Oscilloscope_Selector_Tool', 'LinkedIn_Ad_Click', 'Keysight_University_Course', 'DesignCon_Booth_Visit', 'Customer']",1
L009905,Sarah Johnson,,Electronics,APAC,5G Testbeds,Webinar,"['AutoSens_Tech_Talk', 'Keysight_Workshop_RF_Testing', 'IMS_Badge_Scan', 'SQL', 'IMS_Badge_Scan', 'Technical_Demo', 'No_Conversion']",0
L009906,Maria Chen,Tesla_Tech,,APAC,,Email Campaign,"['Technical_Demo', 'Website_Product_Page', 'MQL', 'SQL', 'Application_Engineer_Call', 'PathWave_Trial_Request', 'Website_Product_Page', 'No_Conversion']",0
L009907,Michael Chen,Tesla Energy GmbH,,LATAM,Oscilloscopes,Webinar,"['AutoSens_Tech_Talk', 'No_Conversion']",0
L009908,Sofia Martinez,Broadcom GmbH,Automotive,APAC,,Webinar,"['Keysight_Workshop_RF_Testing', 'Whitepaper_Download_5G_Test', 'Whitepaper_Download_5G_Test', 'AutoSens_Tech_Talk', 'Keysight_Workshop_RF_Testing', 'DesignCon_Booth_Visit', 'Application_Engineer_Call', 'Lab_Integration_Discussion', 'Keysight_Workshop_RF_Testing', 'Customer']",1
L009909,Chen Patel,Tesla Energy,Semiconductor,,5G Testbeds,Webinar,"['Opportunity', 'Keysight_University_Course', 'Whitepaper_Download_5G_Test', 'AutoSens_Tech_Talk', 'Whitepaper_Download_5G_Test', 'Keysight_University_Course', 'SQL', 'IMS_Badge_Scan', 'Loaner_Unit_Evaluation', 'Customer']",1
L009910,Kenji Anders,NXP Semiconductors GmbH,Telecom,Europe,Oscilloscopes,Email Campaign,"['SQL', 'No_Conversion']",0
L009911,Ravi Tanaka,Samsu_Tech,,LATAM,5G Testbeds,Event,"['Opportunity', 'Oscilloscope_Selector_Tool', 'Keysight_University_Course', 'PathWave_Trial_Request', 'No_Conversion']",0
L009912,Ravi Johnson,,,LATAM,,,['Customer'],1
L009913,Laura Singh,Tesla Energy GmbH,,LATAM,,Webinar,"['Opportunity', 'Whitepaper_Download_5G_Test', 'Lab_Integration_Discussion', 'IMS_Badge_Scan', 'Customer']",1
L009914,Ahmed Lee,,Aerospace,APAC,Automotive Ethernet,,"['Oscilloscope_Selector_Tool', 'Whitepaper_Download_5G_Test', 'Technical_Demo', 'Keysight_University_Course', 'MQL', 'Keysight_Workshop_RF_Testing', 'Loaner_Unit_Evaluation', 'Customer']",1
L009915,,Infineon,,,5G Testbeds,LinkedIn,['No_Conversion'],0
L009916,,Infineon GmbH,Aerospace,LATAM,Automotive Ethernet,Website,"['Technical_Demo', 'Loaner_Unit_Evaluation', 'Website_Product_Page', 'Customer']",1
L009917,Chen Lee,Infineon,Semiconductor,,,Webinar,"['Oscilloscope_Selector_Tool', 'Loaner_Unit_Evaluation', 'Keysight_University_Course', 'Customer']",1
L009918,Kenji Khan,,Aerospace,North America,,Email Campaign,"['MQL', 'Loaner_Unit_Evaluation', 'AutoSens_Tech_Talk', 'Keysight_University_Course', 'Website_Product_Page', 'Lab_Integration_Discussion', 'Website_Product_Page', 'AutoSens_Tech_Talk', 'No_Conversion']",0
L009919,Sofia Williams,,,,,Email Campaign,"['Technical_Demo', 'LinkedIn_Ad_Click', 'LinkedIn_Ad_Click', 'Whitepaper_Download_5G_Test', 'MQL', 'Whitepaper_Download_5G_Test', 'Technical_Demo', 'Customer']",1
L009920,Sarah Garcia,Qualc_Tech,,APAC,Automotive Ethernet,Website,"['Website_Product_Page', 'Lab_Integration_Discussion', 'PathWave_Trial_Request', 'IMS_Badge_Scan', 'IMS_Badge_Scan', 'AutoSens_Tech_Talk', 'Loaner_Unit_Evaluation', 'Keysight_Workshop_RF_Testing', 'SQL', 'No_Conversion']",0
L009921,Ahmed Khan,Raytheon GmbH,Automotive,APAC,Automotive Ethernet,Webinar,['Customer'],1
L009922,Daniel Johnson,Tesla_Tech,Aerospace,LATAM,,Webinar,['No_Conversion'],0
L009923,Maria Khan,Broadcom,Electronics,APAC,,Email Campaign,"['LinkedIn_Ad_Click', 'Keysight_University_Course', 'Customer']",1
L009924,Sarah Johnson,Bosch GmbH,Automotive,,Automotive Ethernet,Sales Outreach,"['MQL', 'PathWave_Trial_Request', 'Application_Engineer_Call', 'MQL', 'IMS_Badge_Scan', 'Oscilloscope_Selector_Tool', 'Customer']",1
L009925,Ahmed Singh,Infin_Tech,Semiconductor,,,Webinar,"['Loaner_Unit_Evaluation', 'Keysight_Workshop_RF_Testing', 'Technical_Demo', 'No_Conversion']",0
L009926,Hiroshi Johnson,Infineon,,North America,,,['Customer'],1
L009927,,Broadcom GmbH,Telecom,North America,,Website,"['DesignCon_Booth_Visit', 'Oscilloscope_Selector_Tool', 'Oscilloscope_Selector_Tool', 'Loaner_Unit_Evaluation', 'SQL', 'Technical_Demo', 'Opportunity', 'Customer']",1
L009928,Laura Tanaka,Bosch_Tech,Telecom,LATAM,,Sales Outreach,"['Oscilloscope_Selector_Tool', 'PathWave_Trial_Request', 'No_Conversion']",0
L009929,,Infineon,Semiconductor,,5G Testbeds,Sales Outreach,"['Technical_Demo', 'Technical_Demo', 'DesignCon_Booth_Visit', 'Customer']",1
L009930,Sofia Singh,Qualcomm GmbH,,North America,,Sales Outreach,"['Technical_Demo', 'Whitepaper_Download_5G_Test', 'IMS_Badge_Scan', 'Oscilloscope_Selector_Tool', 'Application_Engineer_Call', 'Technical_Demo', 'Opportunity', 'No_Conversion']",0
L009931,Chen Patel,Bosch GmbH,Semiconductor,,PathWave Software,Event,"['PathWave_Trial_Request', 'PathWave_Trial_Request', 'Keysight_Workshop_RF_Testing', 'Oscilloscope_Selector_Tool', 'Loaner_Unit_Evaluation', 'Opportunity', 'Customer']",1
L009932,,Bosch,Aerospace,LATAM,PathWave Software,,"['Loaner_Unit_Evaluation', 'Loaner_Unit_Evaluation', 'AutoSens_Tech_Talk', 'Whitepaper_Download_5G_Test', 'Loaner_Unit_Evaluation', 'DesignCon_Booth_Visit', 'DesignCon_Booth_Visit', 'MQL', 'PathWave_Trial_Request', 'Keysight_University_Course', 'Customer']",1
L009933,Hiroshi Khan,Samsung Electronics GmbH,Automotive,,Oscilloscopes,,"['MQL', 'LinkedIn_Ad_Click', 'Website_Product_Page', 'Website_Product_Page', 'Technical_Demo', 'Opportunity', 'LinkedIn_Ad_Click', 'Customer']",1
L009934,,Raytheon GmbH,Semiconductor,APAC,Oscilloscopes,Event,['Customer'],1
L009935,Chen Garcia,,,,,,"['Lab_Integration_Discussion', 'LinkedIn_Ad_Click', 'MQL', 'Oscilloscope_Selector_Tool', 'No_Conversion']",0
L009936,Sarah Martinez,NXP Semiconductors,,,Oscilloscopes,,"['SQL', 'Whitepaper_Download_5G_Test', 'IMS_Badge_Scan', 'MQL', 'DesignCon_Booth_Visit', 'MQL', 'Technical_Demo', 'No_Conversion']",0
L009937,Daniel Johnson,Meta Connectivity Labs,Automotive,North America,PathWave Software,Webinar,"['Lab_Integration_Discussion', 'DesignCon_Booth_Visit', 'SQL', 'LinkedIn_Ad_Click', 'SQL', 'Customer']",1
L009938,Sofia Anders,Sony,Telecom,Europe,,Website,"['AutoSens_Tech_Talk', 'DesignCon_Booth_Visit', 'IMS_Badge_Scan', 'AutoSens_Tech_Talk', 'IMS_Badge_Scan', 'LinkedIn_Ad_Click', 'Application_Engineer_Call', 'No_Conversion']",0
L009939,Daniel Tanaka,,Electronics,APAC,Oscilloscopes,,"['AutoSens_Tech_Talk', 'Lab_Integration_Discussion', 'Opportunity', 'No_Conversion']",0
L009940,Kenji Chen,Bosch,Aerospace,LATAM,Automotive Ethernet,Event,"['Oscilloscope_Selector_Tool', 'Website_Product_Page', 'Keysight_University_Course', 'Customer']",1
L009941,Chen Anders,Meta Connectivity Labs,Aerospace,North America,,Event,"['Oscilloscope_Selector_Tool', 'Customer']",1
L009942,Hiroshi Singh,,Semiconductor,,Automotive Ethernet,Webinar,"['MQL', 'Loaner_Unit_Evaluation', 'Loaner_Unit_Evaluation', 'Lab_Integration_Discussion', 'No_Conversion']",0
L009943,,,Telecom,LATAM,Oscilloscopes,Webinar,"['Website_Product_Page', 'Technical_Demo', 'Keysight_University_Course', 'Customer']",1
L009944,Maria Garcia,,Telecom,North America,PathWave Software,Email Campaign,"['Loaner_Unit_Evaluation', 'MQL', 'Oscilloscope_Selector_Tool', 'Whitepaper_Download_5G_Test', 'No_Conversion']",0
L009945,,,Semiconductor,North America,5G Testbeds,Email Campaign,"['SQL', 'SQL', 'PathWave_Trial_Request', 'Customer']",1
L009946,Sarah Singh,,Electronics,APAC,,Email Campaign,"['Application_Engineer_Call', 'Lab_Integration_Discussion', 'Keysight_University_Course', 'Opportunity', 'Whitepaper_Download_5G_Test', 'Keysight_Workshop_RF_Testing', 'Website_Product_Page', 'AutoSens_Tech_Talk', 'No_Conversion']",0
L009947,Hiroshi Khan,Sony GmbH,,APAC,PathWave Software,,"['LinkedIn_Ad_Click', 'Technical_Demo', 'Technical_Demo', 'PathWave_Trial_Request', 'No_Conversion']",0
L009948,,Infin_Tech,Telecom,,Oscilloscopes,Website,"['AutoSens_Tech_Talk', 'SQL', 'SQL', 'Website_Product_Page', 'Whitepaper_Download_5G_Test', 'No_Conversion']",0
L009949,Daniel Tanaka,Samsu_Tech,,North America,Oscilloscopes,LinkedIn,"['Technical_Demo', 'Website_Product_Page', 'Keysight_University_Course', 'PathWave_Trial_Request', 'Website_Product_Page', 'Website_Product_Page', 'Keysight_Workshop_RF_Testing', 'Loaner_Unit_Evaluation', 'Customer']",1
L009950,Ahmed Singh,Meta Connectivity Labs GmbH,,APAC,,,"['AutoSens_Tech_Talk', 'Application_Engineer_Call', 'Keysight_Workshop_RF_Testing', 'Website_Product_Page', 'SQL', 'Opportunity', 'Lab_Integration_Discussion', 'AutoSens_Tech_Talk', 'Customer']",1
L009951,Sarah Anders,Broad_Tech,Electronics,APAC,,Website,"['DesignCon_Booth_Visit', 'Customer']",1
L009952,Maria Garcia,Sony,,,Automotive Ethernet,Event,"['Technical_Demo', 'Lab_Integration_Discussion', 'Lab_Integration_Discussion', 'DesignCon_Booth_Visit', 'Customer']",1
L009953,Ravi Chen,Samsu_Tech,Automotive,,Oscilloscopes,Webinar,"['Application_Engineer_Call', 'No_Conversion']",0
L009954,Priya Patel,Tesla_Tech,,LATAM,,LinkedIn,"['MQL', 'AutoSens_Tech_Talk', 'Whitepaper_Download_5G_Test', 'Loaner_Unit_Evaluation', 'Whitepaper_Download_5G_Test', 'Application_Engineer_Call', 'Keysight_University_Course', 'No_Conversion']",0
L009955,Ahmed Tanaka,Sony GmbH,Semiconductor,Europe,Oscilloscopes,LinkedIn,"['Oscilloscope_Selector_Tool', 'IMS_Badge_Scan', 'DesignCon_Booth_Visit', 'Lab_Integration_Discussion', 'Customer']",1
L009956,Laura Martinez,Tesla Energy,Electronics,Europe,,Email Campaign,['No_Conversion'],0
L009957,Sofia Singh,Qualcomm,Automotive,LATAM,Oscilloscopes,Email Campaign,"['Technical_Demo', 'AutoSens_Tech_Talk', 'SQL', 'Keysight_Workshop_RF_Testing', 'Website_Product_Page', 'Customer']",1
L009958,Ahmed Johnson,,Semiconductor,,Automotive Ethernet,Email Campaign,"['Whitepaper_Download_5G_Test', 'IMS_Badge_Scan', 'Application_Engineer_Call', 'Lab_Integration_Discussion', 'PathWave_Trial_Request', 'Technical_Demo', 'Opportunity', 'MQL', 'Customer']",1
L009959,Michael Lee,Sony GmbH,Aerospace,,Oscilloscopes,Webinar,['Customer'],1
L009960,Kenji Martinez,Rayth_Tech,Automotive,Europe,Automotive Ethernet,Website,"['MQL', 'Keysight_University_Course', 'SQL', 'Website_Product_Page', 'LinkedIn_Ad_Click', 'MQL', 'Opportunity', 'Whitepaper_Download_5G_Test', 'No_Conversion']",0
L009961,,Meta Connectivity Labs GmbH,,Europe,5G Testbeds,Webinar,"['Opportunity', 'Opportunity', 'Customer']",1
L009962,Ahmed Chen,Qualcomm,Automotive,North America,,Event,"['Opportunity', 'Oscilloscope_Selector_Tool', 'Loaner_Unit_Evaluation', 'Oscilloscope_Selector_Tool', 'Opportunity', 'Application_Engineer_Call', 'SQL', 'Keysight_University_Course', 'Application_Engineer_Call', 'Keysight_University_Course', 'No_Conversion']",0
L009963,Priya Garcia,Meta Connectivity Labs,Automotive,APAC,,Event,"['IMS_Badge_Scan', 'AutoSens_Tech_Talk', 'No_Conversion']",0
L009964,Michael Khan,Meta Connectivity Labs GmbH,,LATAM,,Sales Outreach,['Customer'],1
L009965,Sofia Singh,Tesla_Tech,,,,Event,"['DesignCon_Booth_Visit', 'Keysight_Workshop_RF_Testing', 'DesignCon_Booth_Visit', 'Keysight_University_Course', 'IMS_Badge_Scan', 'AutoSens_Tech_Talk', 'No_Conversion']",0
L009966,,,,,PathWave Software,LinkedIn,"['AutoSens_Tech_Talk', 'SQL', 'Keysight_University_Course', 'IMS_Badge_Scan', 'IMS_Badge_Scan', 'Technical_Demo', 'DesignCon_Booth_Visit', 'MQL', 'AutoSens_Tech_Talk', 'PathWave_Trial_Request', 'Customer']",1
L009967,Sofia Ito,Samsung Electronics GmbH,Automotive,,,,"['PathWave_Trial_Request', 'MQL', 'AutoSens_Tech_Talk', 'MQL', 'Keysight_University_Course', 'Keysight_University_Course', 'Opportunity', 'Whitepaper_Download_5G_Test', 'IMS_Badge_Scan', 'Customer']",1
L009968,Maria Ito,Samsu_Tech,Electronics,Europe,PathWave Software,Webinar,"['Application_Engineer_Call', 'Loaner_Unit_Evaluation', 'Website_Product_Page', 'LinkedIn_Ad_Click', 'Opportunity', 'No_Conversion']",0
L009969,Chen Anders,Infin_Tech,Electronics,Europe,PathWave Software,Email Campaign,"['Loaner_Unit_Evaluation', 'Customer']",1
L009970,Michael Chen,Bosch GmbH,Semiconductor,North America,,Email Campaign,['No_Conversion'],0
L009971,Hiroshi Johnson,Raytheon GmbH,,LATAM,5G Testbeds,Website,"['Keysight_Workshop_RF_Testing', 'SQL', 'PathWave_Trial_Request', 'Customer']",1
L009972,Hiroshi Khan,Tesla Energy GmbH,,LATAM,Oscilloscopes,Website,"['Website_Product_Page', 'MQL', 'Keysight_University_Course', 'Technical_Demo', 'Whitepaper_Download_5G_Test', 'Keysight_University_Course', 'DesignCon_Booth_Visit', 'Keysight_Workshop_RF_Testing', 'AutoSens_Tech_Talk', 'Loaner_Unit_Evaluation', 'Customer']",1
L009973,Priya Anders,Sony_Tech,,North America,5G Testbeds,Website,"['Technical_Demo', 'SQL', 'DesignCon_Booth_Visit', 'MQL', 'Keysight_University_Course', 'SQL', 'Lab_Integration_Discussion', 'Customer']",1
L009974,Daniel Tanaka,,Semiconductor,LATAM,5G Testbeds,,['Customer'],1
L009975,Maria Lee,Broad_Tech,,LATAM,PathWave Software,Sales Outreach,"['Loaner_Unit_Evaluation', 'Website_Product_Page', 'Opportunity', 'Oscilloscope_Selector_Tool', 'Whitepaper_Download_5G_Test', 'AutoSens_Tech_Talk', 'No_Conversion']",0
L009976,Laura Lee,Qualcomm GmbH,,,Oscilloscopes,,"['MQL', 'LinkedIn_Ad_Click', 'Opportunity', 'No_Conversion']",0
L009977,Chen Garcia,Tesla Energy GmbH,,Europe,,Sales Outreach,"['LinkedIn_Ad_Click', 'AutoSens_Tech_Talk', 'Application_Engineer_Call', 'Customer']",1
L009978,Ahmed Garcia,,Automotive,APAC,Automotive Ethernet,Email Campaign,"['Opportunity', 'Oscilloscope_Selector_Tool', 'Application_Engineer_Call', 'No_Conversion']",0
L009979,,NXP Semiconductors GmbH,,LATAM,5G Testbeds,LinkedIn,"['Whitepaper_Download_5G_Test', 'AutoSens_Tech_Talk', 'Website_Product_Page', 'Customer']",1
L009980,Ravi Tanaka,,,,,LinkedIn,"['Loaner_Unit_Evaluation', 'AutoSens_Tech_Talk', 'No_Conversion']",0
L009981,Sarah Khan,NXP Semiconductors,Semiconductor,Europe,,Event,"['LinkedIn_Ad_Click', 'Keysight_University_Course', 'LinkedIn_Ad_Click', 'MQL', 'Website_Product_Page', 'Lab_Integration_Discussion', 'Keysight_University_Course', 'No_Conversion']",0
L009982,Laura Martinez,,Semiconductor,Europe,,LinkedIn,"['MQL', 'Application_Engineer_Call', 'No_Conversion']",0
L009983,Kenji Khan,Raytheon GmbH,Aerospace,APAC,PathWave Software,Sales Outreach,"['Application_Engineer_Call', 'Keysight_University_Course', 'DesignCon_Booth_Visit', 'PathWave_Trial_Request', 'No_Conversion']",0
L009984,Daniel Lee,Sony_Tech,Electronics,LATAM,PathWave Software,Sales Outreach,"['PathWave_Trial_Request', 'No_Conversion']",0
L009985,Hiroshi Ito,Tesla Energy,Electronics,,Oscilloscopes,Website,"['AutoSens_Tech_Talk', 'LinkedIn_Ad_Click', 'IMS_Badge_Scan', 'LinkedIn_Ad_Click', 'Application_Engineer_Call', 'SQL', 'DesignCon_Booth_Visit', 'Keysight_University_Course', 'No_Conversion']",0
L009986,Hiroshi Ito,,Electronics,North America,5G Testbeds,Email Campaign,"['Whitepaper_Download_5G_Test', 'No_Conversion']",0
L009987,,Tesla Energy GmbH,Semiconductor,,Oscilloscopes,Website,"['AutoSens_Tech_Talk', 'LinkedIn_Ad_Click', 'Customer']",1
L009988,Ravi Martinez,Bosch GmbH,,APAC,,,['Customer'],1
L009989,Hiroshi Tanaka,NXP Semiconductors,Semiconductor,North America,,Email Campaign,"['DesignCon_Booth_Visit', 'Whitepaper_Download_5G_Test', 'No_Conversion']",0
L009990,Hiroshi Tanaka,Bosch_Tech,,Europe,5G Testbeds,Website,"['Loaner_Unit_Evaluation', 'Oscilloscope_Selector_Tool', 'IMS_Badge_Scan', 'MQL', 'Customer']",1
L009991,Maria Ito,,Aerospace,APAC,,Event,"['Keysight_Workshop_RF_Testing', 'Keysight_University_Course', 'AutoSens_Tech_Talk', 'Keysight_University_Course', 'No_Conversion']",0
L009992,Maria Khan,Bosch GmbH,Aerospace,APAC,5G Testbeds,LinkedIn,"['Lab_Integration_Discussion', 'Keysight_Workshop_RF_Testing', 'Website_Product_Page', 'Technical_Demo', 'Keysight_University_Course', 'No_Conversion']",0
L009993,Daniel Lee,Qualc_Tech,Telecom,APAC,,Event,"['Loaner_Unit_Evaluation', 'LinkedIn_Ad_Click', 'Website_Product_Page', 'AutoSens_Tech_Talk', 'PathWave_Trial_Request', 'Lab_Integration_Discussion', 'Application_Engineer_Call', 'No_Conversion']",0
L009994,,MetaC_Tech,Semiconductor,APAC,5G Testbeds,,"['IMS_Badge_Scan', 'Application_Engineer_Call', 'Oscilloscope_Selector_Tool', 'PathWave_Trial_Request', 'IMS_Badge_Scan', 'Opportunity', 'No_Conversion']",0
L009995,Ravi Singh,,,APAC,PathWave Software,Website,"['Loaner_Unit_Evaluation', 'Keysight_Workshop_RF_Testing', 'AutoSens_Tech_Talk', 'Technical_Demo', 'Customer']",1
L009996,Priya Singh,Tesla Energy,Aerospace,,PathWave Software,Sales Outreach,"['MQL', 'Customer']",1
L009997,,,,APAC,5G Testbeds,,['No_Conversion'],0
L009998,Ahmed Anders,Infineon GmbH,,,PathWave Software,,"['Application_Engineer_Call', 'AutoSens_Tech_Talk', 'Technical_Demo', 'No_Conversion']",0
L009999,Kenji Lee,Infin_Tech,Electronics,Europe,Oscilloscopes,Website,"['PathWave_Trial_Request', 'AutoSens_Tech_Talk', 'Technical_Demo', 'Website_Product_Page', 'SQL', 'No_Conversion']",0
L010000,Laura Khan,Tesla Energy GmbH,,Europe,Automotive Ethernet,LinkedIn,"['IMS_Badge_Scan', 'PathWave_Trial_Request', 'Lab_Integration_Discussion', 'Oscilloscope_Selector_Tool', 'No_Conversion']",0
