Lead_ID,Client_Name,Client_Company,Industry,Region,Product_Interest,Lead_Source,Touchpoint_Sequence,Converted
L015001,Priya Johnson,Infineon GmbH,Aerospace,North America,Oscilloscopes,Webinar,"['MQL', 'IMS_Badge_Scan', 'Whitepaper_Download_5G_Test', 'Keysight_University_Course', 'Customer']",1
L015002,Kenji Johnson,,Telecom,APAC,PathWave Software,Sales Outreach,['No_Conversion'],0
L015003,Michael Anders,Meta Connectivity Labs,Semiconductor,APAC,Oscilloscopes,Webinar,"['MQL', 'Loaner_Unit_Evaluation', 'Customer']",1
L015004,Ravi Patel,Broadcom GmbH,Electronics,,Automotive Ethernet,Website,"['Keysight_Workshop_RF_Testing', 'Loaner_Unit_Evaluation', 'No_Conversion']",0
L015005,Kenji Tanaka,Raytheon,Semiconductor,Europe,Automotive Ethernet,LinkedIn,"['LinkedIn_Ad_Click', 'Keysight_Workshop_RF_Testing', 'IMS_Badge_Scan', 'Customer']",1
L015006,Ahmed Ito,,,North America,Oscilloscopes,LinkedIn,"['AutoSens_Tech_Talk', 'MQL', 'SQL', 'Keysight_University_Course', 'Technical_Demo', 'No_Conversion']",0
L015007,Chen Lee,Qualc_Tech,Electronics,APAC,,Event,"['Loaner_Unit_Evaluation', 'Whitepaper_Download_5G_Test', 'Technical_Demo', 'Application_Engineer_Call', 'Customer']",1
L015008,Hiroshi Singh,Tesla Energy GmbH,Electronics,,,Website,"['Whitepaper_Download_5G_Test', 'AutoSens_Tech_Talk', 'DesignCon_Booth_Visit', 'DesignCon_Booth_Visit', 'Whitepaper_Download_5G_Test', 'Customer']",1
L015009,Laura Johnson,Sony GmbH,Semiconductor,LATAM,5G Testbeds,Event,"['IMS_Badge_Scan', 'Keysight_Workshop_RF_Testing', 'PathWave_Trial_Request', 'Loaner_Unit_Evaluation', 'Technical_Demo', 'No_Conversion']",0
L015010,Michael Chen,NXP Semiconductors GmbH,Aerospace,LATAM,,Email Campaign,"['LinkedIn_Ad_Click', 'LinkedIn_Ad_Click', 'Lab_Integration_Discussion', 'Keysight_University_Course', 'LinkedIn_Ad_Click', 'Oscilloscope_Selector_Tool', 'LinkedIn_Ad_Click', 'No_Conversion']",0
L015011,Laura Singh,NXP Semiconductors,,Europe,Oscilloscopes,,"['Oscilloscope_Selector_Tool', 'PathWave_Trial_Request', 'Website_Product_Page', 'AutoSens_Tech_Talk', 'No_Conversion']",0
L015012,Laura Tanaka,Samsung Electronics,Automotive,,Oscilloscopes,Event,"['PathWave_Trial_Request', 'Technical_Demo', 'Oscilloscope_Selector_Tool', 'Website_Product_Page', 'Customer']",1
L015013,Sofia Tanaka,NXP Semiconductors GmbH,,APAC,,Event,"['IMS_Badge_Scan', 'DesignCon_Booth_Visit', 'PathWave_Trial_Request', 'IMS_Badge_Scan', 'Application_Engineer_Call', 'Application_Engineer_Call', 'Technical_Demo', 'LinkedIn_Ad_Click', 'Oscilloscope_Selector_Tool', 'Technical_Demo', 'Customer']",1
L015014,Hiroshi Garcia,,Electronics,,,Email Campaign,['No_Conversion'],0
L015015,Chen Anders,Samsung Electronics GmbH,,,,LinkedIn,"['Technical_Demo', 'Loaner_Unit_Evaluation', 'Keysight_Workshop_RF_Testing', 'Website_Product_Page', 'Keysight_University_Course', 'Loaner_Unit_Evaluation', 'Whitepaper_Download_5G_Test', 'Customer']",1
L015016,Sofia Ito,NXP Semiconductors GmbH,Telecom,Europe,,Sales Outreach,"['IMS_Badge_Scan', 'Website_Product_Page', 'MQL', 'Whitepaper_Download_5G_Test', 'Oscilloscope_Selector_Tool', 'Keysight_University_Course', 'Keysight_University_Course', 'Loaner_Unit_Evaluation', 'Oscilloscope_Selector_Tool', 'Oscilloscope_Selector_Tool', 'No_Conversion']",0
L015017,Laura Johnson,Samsung Electronics,Automotive,LATAM,Oscilloscopes,Webinar,"['SQL', 'No_Conversion']",0
L015018,Laura Patel,NXP Semiconductors GmbH,Aerospace,,,,"['Website_Product_Page', 'DesignCon_Booth_Visit', 'Customer']",1
L015019,Ravi Ito,Tesla Energy GmbH,Telecom,North America,5G Testbeds,Website,"['LinkedIn_Ad_Click', 'IMS_Badge_Scan', 'Whitepaper_Download_5G_Test', 'IMS_Badge_Scan', 'No_Conversion']",0
L015020,Laura Ito,Raytheon,,,,,"['DesignCon_Booth_Visit', 'Lab_Integration_Discussion', 'Website_Product_Page', 'Customer']",1
L015021,Sarah Singh,,,APAC,,LinkedIn,['Customer'],1
L015022,Laura Patel,Raytheon GmbH,Semiconductor,APAC,5G Testbeds,LinkedIn,['No_Conversion'],0
L015023,Priya Tanaka,Sony GmbH,Semiconductor,APAC,,Webinar,"['Lab_Integration_Discussion', 'LinkedIn_Ad_Click', 'Keysight_University_Course', 'Customer']",1
L015024,Ravi Khan,,,,,Sales Outreach,"['SQL', 'MQL', 'MQL', 'Customer']",1
L015025,Priya Anders,Broadcom GmbH,,,PathWave Software,LinkedIn,"['MQL', 'Oscilloscope_Selector_Tool', 'SQL', 'No_Conversion']",0
L015026,Priya Chen,Samsu_Tech,Telecom,,,Email Campaign,"['Website_Product_Page', 'Oscilloscope_Selector_Tool', 'Technical_Demo', 'Application_Engineer_Call', 'Lab_Integration_Discussion', 'Loaner_Unit_Evaluation', 'Customer']",1
L015027,Daniel Johnson,Sony GmbH,Aerospace,,,Webinar,"['SQL', 'Whitepaper_Download_5G_Test', 'Opportunity', 'SQL', 'MQL', 'Loaner_Unit_Evaluation', 'Lab_Integration_Discussion', 'Lab_Integration_Discussion', 'Lab_Integration_Discussion', 'Keysight_Workshop_RF_Testing', 'Customer']",1
L015028,Daniel Williams,Qualc_Tech,Aerospace,,,Email Campaign,"['MQL', 'Website_Product_Page', 'Keysight_Workshop_RF_Testing', 'DesignCon_Booth_Visit', 'Application_Engineer_Call', 'Loaner_Unit_Evaluation', 'Keysight_Workshop_RF_Testing', 'No_Conversion']",0
L015029,Kenji Martinez,NXP Semiconductors GmbH,Semiconductor,North America,PathWave Software,,"['Website_Product_Page', 'MQL', 'Application_Engineer_Call', 'Application_Engineer_Call', 'Keysight_University_Course', 'Oscilloscope_Selector_Tool', 'Oscilloscope_Selector_Tool', 'MQL', 'Technical_Demo', 'Customer']",1
L015030,Michael Singh,Rayth_Tech,,,Oscilloscopes,Webinar,"['Loaner_Unit_Evaluation', 'MQL', 'PathWave_Trial_Request', 'LinkedIn_Ad_Click', 'Opportunity', 'Whitepaper_Download_5G_Test', 'Whitepaper_Download_5G_Test', 'Keysight_Workshop_RF_Testing', 'IMS_Badge_Scan', 'Oscilloscope_Selector_Tool', 'No_Conversion']",0
L015031,Maria Johnson,Broadcom GmbH,,North America,,LinkedIn,"['LinkedIn_Ad_Click', 'IMS_Badge_Scan', 'LinkedIn_Ad_Click', 'Oscilloscope_Selector_Tool', 'Application_Engineer_Call', 'Keysight_University_Course', 'LinkedIn_Ad_Click', 'Loaner_Unit_Evaluation', 'Customer']",1
L015032,Hiroshi Tanaka,Bosch_Tech,,Europe,,Sales Outreach,"['SQL', 'Technical_Demo', 'DesignCon_Booth_Visit', 'No_Conversion']",0
L015033,Maria Williams,NXP Semiconductors GmbH,Telecom,Europe,,Event,['No_Conversion'],0
L015034,Laura Williams,Samsung Electronics GmbH,Telecom,LATAM,PathWave Software,LinkedIn,"['IMS_Badge_Scan', 'AutoSens_Tech_Talk', 'Keysight_University_Course', 'No_Conversion']",0
L015035,Chen Khan,Qualc_Tech,Telecom,Europe,,Event,"['Website_Product_Page', 'Loaner_Unit_Evaluation', 'Whitepaper_Download_5G_Test', 'Application_Engineer_Call', 'Lab_Integration_Discussion', 'Opportunity', 'Customer']",1
L015036,Daniel Singh,,Aerospace,,,LinkedIn,"['AutoSens_Tech_Talk', 'Keysight_University_Course', 'DesignCon_Booth_Visit', 'Whitepaper_Download_5G_Test', 'Loaner_Unit_Evaluation', 'IMS_Badge_Scan', 'AutoSens_Tech_Talk', 'PathWave_Trial_Request', 'Customer']",1
L015037,Michael Khan,,Automotive,LATAM,5G Testbeds,Webinar,"['IMS_Badge_Scan', 'Customer']",1
L015038,Maria Johnson,Bosch GmbH,,APAC,,Event,"['SQL', 'MQL', 'Customer']",1
L015039,Chen Martinez,,,Europe,5G Testbeds,Webinar,"['SQL', 'Keysight_University_Course', 'Opportunity', 'Technical_Demo', 'No_Conversion']",0
L015040,Maria Singh,NXP Semiconductors,Telecom,LATAM,,Sales Outreach,"['MQL', 'No_Conversion']",0
L015041,,,,,5G Testbeds,LinkedIn,"['Technical_Demo', 'SQL', 'LinkedIn_Ad_Click', 'MQL', 'IMS_Badge_Scan', 'Whitepaper_Download_5G_Test', 'PathWave_Trial_Request', 'SQL', 'Oscilloscope_Selector_Tool', 'Customer']",1
L015042,Laura Ito,Qualcomm,Electronics,LATAM,Automotive Ethernet,Webinar,"['AutoSens_Tech_Talk', 'Whitepaper_Download_5G_Test', 'PathWave_Trial_Request', 'PathWave_Trial_Request', 'AutoSens_Tech_Talk', 'Customer']",1
L015043,Priya Khan,Qualcomm GmbH,Telecom,North America,PathWave Software,,"['Oscilloscope_Selector_Tool', 'IMS_Badge_Scan', 'DesignCon_Booth_Visit', 'LinkedIn_Ad_Click', 'Technical_Demo', 'SQL', 'LinkedIn_Ad_Click', 'No_Conversion']",0
L015044,Maria Patel,Bosch_Tech,Semiconductor,Europe,,Email Campaign,"['Whitepaper_Download_5G_Test', 'Oscilloscope_Selector_Tool', 'Opportunity', 'Website_Product_Page', 'IMS_Badge_Scan', 'Oscilloscope_Selector_Tool', 'Opportunity', 'DesignCon_Booth_Visit', 'SQL', 'Loaner_Unit_Evaluation', 'No_Conversion']",0
L015045,Ahmed Patel,,Semiconductor,North America,,Event,"['PathWave_Trial_Request', 'Keysight_University_Course', 'Keysight_Workshop_RF_Testing', 'Website_Product_Page', 'Website_Product_Page', 'PathWave_Trial_Request', 'AutoSens_Tech_Talk', 'MQL', 'No_Conversion']",0
L015046,Daniel Ito,MetaC_Tech,,Europe,Automotive Ethernet,Website,"['Loaner_Unit_Evaluation', 'Loaner_Unit_Evaluation', 'DesignCon_Booth_Visit', 'Whitepaper_Download_5G_Test', 'Opportunity', 'Opportunity', 'Lab_Integration_Discussion', 'SQL', 'Opportunity', 'AutoSens_Tech_Talk', 'Customer']",1
L015047,Ravi Johnson,Raytheon,Telecom,North America,Automotive Ethernet,Email Campaign,['No_Conversion'],0
L015048,Ahmed Khan,,,APAC,PathWave Software,Event,"['PathWave_Trial_Request', 'IMS_Badge_Scan', 'Technical_Demo', 'LinkedIn_Ad_Click', 'Application_Engineer_Call', 'Whitepaper_Download_5G_Test', 'Customer']",1
L015049,,Broad_Tech,Automotive,,,Email Campaign,['No_Conversion'],0
L015050,Daniel Patel,Qualcomm,Electronics,APAC,PathWave Software,Webinar,"['AutoSens_Tech_Talk', 'Application_Engineer_Call', 'MQL', 'Technical_Demo', 'No_Conversion']",0
L015051,Ahmed Williams,Samsung Electronics GmbH,,North America,,,"['Technical_Demo', 'No_Conversion']",0
L015052,Daniel Williams,Bosch GmbH,Aerospace,LATAM,PathWave Software,Webinar,"['Website_Product_Page', 'Website_Product_Page', 'SQL', 'Opportunity', 'Website_Product_Page', 'Keysight_Workshop_RF_Testing', 'Lab_Integration_Discussion', 'Application_Engineer_Call', 'Application_Engineer_Call', 'Customer']",1
L015053,Hiroshi Lee,Meta Connectivity Labs,,,Automotive Ethernet,Webinar,"['PathWave_Trial_Request', 'IMS_Badge_Scan', 'Oscilloscope_Selector_Tool', 'Whitepaper_Download_5G_Test', 'No_Conversion']",0
L015054,Chen Singh,,Electronics,APAC,,Event,"['Technical_Demo', 'Loaner_Unit_Evaluation', 'MQL', 'Customer']",1
L015055,Maria Johnson,,,North America,Oscilloscopes,Email Campaign,"['Technical_Demo', 'LinkedIn_Ad_Click', 'Customer']",1
L015056,Laura Singh,Meta Connectivity Labs,,LATAM,Oscilloscopes,Webinar,"['AutoSens_Tech_Talk', 'AutoSens_Tech_Talk', 'Application_Engineer_Call', 'Opportunity', 'No_Conversion']",0
L015057,Laura Williams,Meta Connectivity Labs GmbH,Automotive,LATAM,,Webinar,"['Website_Product_Page', 'IMS_Badge_Scan', 'Whitepaper_Download_5G_Test', 'SQL', 'Customer']",1
L015058,Ahmed Patel,,Semiconductor,APAC,PathWave Software,Email Campaign,"['Technical_Demo', 'Opportunity', 'PathWave_Trial_Request', 'AutoSens_Tech_Talk', 'SQL', 'DesignCon_Booth_Visit', 'No_Conversion']",0
L015059,Hiroshi Garcia,Tesla Energy,Semiconductor,APAC,Automotive Ethernet,Sales Outreach,"['Keysight_University_Course', 'SQL', 'Keysight_Workshop_RF_Testing', 'SQL', 'AutoSens_Tech_Talk', 'Keysight_University_Course', 'No_Conversion']",0
L015060,Ahmed Singh,Bosch,Electronics,North America,,Sales Outreach,"['Keysight_Workshop_RF_Testing', 'IMS_Badge_Scan', 'SQL', 'Loaner_Unit_Evaluation', 'Loaner_Unit_Evaluation', 'IMS_Badge_Scan', 'No_Conversion']",0
L015061,Sofia Patel,,Semiconductor,Europe,,LinkedIn,"['Keysight_University_Course', 'Lab_Integration_Discussion', 'DesignCon_Booth_Visit', 'PathWave_Trial_Request', 'MQL', 'No_Conversion']",0
L015062,Hiroshi Patel,Bosch_Tech,Telecom,,5G Testbeds,Webinar,"['Whitepaper_Download_5G_Test', 'No_Conversion']",0
L015063,Daniel Johnson,,,Europe,5G Testbeds,LinkedIn,['Customer'],1
L015064,Ravi Anders,,Semiconductor,APAC,PathWave Software,Email Campaign,"['PathWave_Trial_Request', 'MQL', 'Customer']",1
L015065,Kenji Anders,,Automotive,APAC,,,"['Website_Product_Page', 'PathWave_Trial_Request', 'Loaner_Unit_Evaluation', 'SQL', 'Customer']",1
L015066,Chen Ito,,Aerospace,APAC,Automotive Ethernet,Email Campaign,"['Application_Engineer_Call', 'Opportunity', 'LinkedIn_Ad_Click', 'DesignCon_Booth_Visit', 'Opportunity', 'Website_Product_Page', 'LinkedIn_Ad_Click', 'Whitepaper_Download_5G_Test', 'Customer']",1
L015067,Laura Ito,Tesla Energy GmbH,Semiconductor,North America,5G Testbeds,LinkedIn,"['Technical_Demo', 'LinkedIn_Ad_Click', 'Lab_Integration_Discussion', 'MQL', 'IMS_Badge_Scan', 'SQL', 'Lab_Integration_Discussion', 'Customer']",1
L015068,Kenji Ito,,Automotive,Europe,PathWave Software,Event,"['IMS_Badge_Scan', 'LinkedIn_Ad_Click', 'Keysight_Workshop_RF_Testing', 'PathWave_Trial_Request', 'Whitepaper_Download_5G_Test', 'No_Conversion']",0
L015069,,Qualcomm,,Europe,PathWave Software,Website,"['Opportunity', 'PathWave_Trial_Request', 'Keysight_University_Course', 'IMS_Badge_Scan', 'Whitepaper_Download_5G_Test', 'Customer']",1
L015070,Hiroshi Martinez,,Semiconductor,North America,Oscilloscopes,Webinar,"['Keysight_Workshop_RF_Testing', 'No_Conversion']",0
L015071,Michael Anders,Sony GmbH,Electronics,North America,,,"['Opportunity', 'Keysight_University_Course', 'PathWave_Trial_Request', 'Customer']",1
L015072,Ravi Khan,Qualcomm GmbH,Semiconductor,,Automotive Ethernet,,"['Keysight_Workshop_RF_Testing', 'IMS_Badge_Scan', 'IMS_Badge_Scan', 'Lab_Integration_Discussion', 'LinkedIn_Ad_Click', 'Lab_Integration_Discussion', 'LinkedIn_Ad_Click', 'Keysight_University_Course', 'AutoSens_Tech_Talk', 'Customer']",1
L015073,Ahmed Anders,Meta Connectivity Labs,Aerospace,,,,"['Keysight_University_Course', 'Keysight_University_Course', 'Website_Product_Page', 'No_Conversion']",0
L015074,Hiroshi Lee,Bosch_Tech,Automotive,,,Website,"['Keysight_Workshop_RF_Testing', 'Keysight_University_Course', 'Loaner_Unit_Evaluation', 'SQL', 'Loaner_Unit_Evaluation', 'Opportunity', 'Keysight_Workshop_RF_Testing', 'Lab_Integration_Discussion', 'Application_Engineer_Call', 'No_Conversion']",0
L015075,Ravi Singh,,,APAC,,Event,"['DesignCon_Booth_Visit', 'Keysight_University_Course', 'Oscilloscope_Selector_Tool', 'Loaner_Unit_Evaluation', 'Lab_Integration_Discussion', 'MQL', 'Keysight_University_Course', 'IMS_Badge_Scan', 'Lab_Integration_Discussion', 'Loaner_Unit_Evaluation', 'No_Conversion']",0
L015076,Chen Chen,MetaC_Tech,,LATAM,,Sales Outreach,"['SQL', 'Lab_Integration_Discussion', 'PathWave_Trial_Request', 'IMS_Badge_Scan', 'Oscilloscope_Selector_Tool', 'PathWave_Trial_Request', 'Opportunity', 'Technical_Demo', 'Opportunity', 'Customer']",1
L015077,Kenji Chen,Tesla Energy GmbH,Electronics,Europe,5G Testbeds,,"['SQL', 'Technical_Demo', 'Loaner_Unit_Evaluation', 'No_Conversion']",0
L015078,,Infineon,Telecom,North America,,Sales Outreach,"['MQL', 'Customer']",1
L015079,,Broadcom,Automotive,,Oscilloscopes,LinkedIn,['No_Conversion'],0
L015080,Chen Garcia,Raytheon GmbH,Electronics,APAC,,LinkedIn,"['Keysight_Workshop_RF_Testing', 'PathWave_Trial_Request', 'AutoSens_Tech_Talk', 'No_Conversion']",0
L015081,Hiroshi Singh,Infineon GmbH,,,5G Testbeds,Event,"['DesignCon_Booth_Visit', 'Technical_Demo', 'Keysight_Workshop_RF_Testing', 'AutoSens_Tech_Talk', 'Keysight_Workshop_RF_Testing', 'MQL', 'Keysight_University_Course', 'LinkedIn_Ad_Click', 'Lab_Integration_Discussion', 'Customer']",1
L015082,Laura Johnson,Sony GmbH,Automotive,LATAM,Oscilloscopes,Email Campaign,"['Application_Engineer_Call', 'AutoSens_Tech_Talk', 'Customer']",1
L015083,Sofia Johnson,,Semiconductor,APAC,,Website,"['IMS_Badge_Scan', 'IMS_Badge_Scan', 'Keysight_Workshop_RF_Testing', 'MQL', 'Whitepaper_Download_5G_Test', 'Whitepaper_Download_5G_Test', 'SQL', 'LinkedIn_Ad_Click', 'No_Conversion']",0
L015084,Chen Anders,Bosch GmbH,Automotive,APAC,Oscilloscopes,LinkedIn,"['Keysight_Workshop_RF_Testing', 'Oscilloscope_Selector_Tool', 'No_Conversion']",0
L015085,Michael Khan,Broad_Tech,Aerospace,Europe,5G Testbeds,Website,"['AutoSens_Tech_Talk', 'Opportunity', 'Website_Product_Page', 'Customer']",1
L015086,Michael Garcia,Bosch,Electronics,APAC,,Website,['Customer'],1
L015087,Priya Martinez,Broadcom GmbH,Automotive,,Oscilloscopes,LinkedIn,"['Website_Product_Page', 'Opportunity', 'MQL', 'Opportunity', 'No_Conversion']",0
L015088,Maria Singh,NXP Semiconductors GmbH,Electronics,APAC,PathWave Software,Sales Outreach,"['Keysight_Workshop_RF_Testing', 'PathWave_Trial_Request', 'AutoSens_Tech_Talk', 'Oscilloscope_Selector_Tool', 'Website_Product_Page', 'DesignCon_Booth_Visit', 'SQL', 'Keysight_Workshop_RF_Testing', 'Customer']",1
L015089,Michael Williams,Bosch,Semiconductor,LATAM,Automotive Ethernet,LinkedIn,"['Technical_Demo', 'AutoSens_Tech_Talk', 'MQL', 'AutoSens_Tech_Talk', 'IMS_Badge_Scan', 'Keysight_Workshop_RF_Testing', 'DesignCon_Booth_Visit', 'PathWave_Trial_Request', 'Customer']",1
L015090,Sofia Khan,NXP Semiconductors,Electronics,APAC,,Sales Outreach,"['Lab_Integration_Discussion', 'Keysight_University_Course', 'Keysight_University_Course', 'Whitepaper_Download_5G_Test', 'Keysight_Workshop_RF_Testing', 'Customer']",1
L015091,Ahmed Khan,NXP Semiconductors GmbH,,APAC,,,['Customer'],1
L015092,,,Electronics,,,Website,"['Technical_Demo', 'IMS_Badge_Scan', 'Technical_Demo', 'Whitepaper_Download_5G_Test', 'AutoSens_Tech_Talk', 'Keysight_University_Course', 'IMS_Badge_Scan', 'Customer']",1
L015093,,,Electronics,LATAM,,LinkedIn,"['AutoSens_Tech_Talk', 'Loaner_Unit_Evaluation', 'No_Conversion']",0
L015094,Sarah Ito,Meta Connectivity Labs GmbH,Automotive,LATAM,PathWave Software,Website,"['Website_Product_Page', 'Website_Product_Page', 'Application_Engineer_Call', 'Lab_Integration_Discussion', 'PathWave_Trial_Request', 'LinkedIn_Ad_Click', 'Customer']",1
L015095,Ravi Williams,,,,,LinkedIn,"['Oscilloscope_Selector_Tool', 'Keysight_University_Course', 'MQL', 'IMS_Badge_Scan', 'Whitepaper_Download_5G_Test', 'Customer']",1
L015096,Daniel Williams,Tesla Energy,Aerospace,LATAM,Automotive Ethernet,Sales Outreach,"['Opportunity', 'LinkedIn_Ad_Click', 'No_Conversion']",0
L015097,Ahmed Ito,Bosch_Tech,,LATAM,Automotive Ethernet,,"['Whitepaper_Download_5G_Test', 'Website_Product_Page', 'Customer']",1
L015098,Priya Martinez,Meta Connectivity Labs GmbH,Semiconductor,,Oscilloscopes,Sales Outreach,['No_Conversion'],0
L015099,Daniel Tanaka,Sony GmbH,Semiconductor,,,Event,"['Lab_Integration_Discussion', 'Loaner_Unit_Evaluation', 'IMS_Badge_Scan', 'Customer']",1
L015100,Laura Williams,Tesla Energy GmbH,Telecom,,,LinkedIn,['Customer'],1
L015101,,,,LATAM,,,"['Keysight_University_Course', 'DesignCon_Booth_Visit', 'Technical_Demo', 'Whitepaper_Download_5G_Test', 'Website_Product_Page', 'No_Conversion']",0
L015102,Sofia Johnson,Sony GmbH,,APAC,,Webinar,"['AutoSens_Tech_Talk', 'Keysight_Workshop_RF_Testing', 'Website_Product_Page', 'Whitepaper_Download_5G_Test', 'Customer']",1
L015103,Laura Patel,Raytheon GmbH,,North America,,LinkedIn,"['PathWave_Trial_Request', 'Lab_Integration_Discussion', 'MQL', 'Keysight_Workshop_RF_Testing', 'No_Conversion']",0
L015104,Sofia Anders,Samsung Electronics GmbH,,,,Event,"['LinkedIn_Ad_Click', 'Loaner_Unit_Evaluation', 'IMS_Badge_Scan', 'Application_Engineer_Call', 'Technical_Demo', 'Opportunity', 'Customer']",1
L015105,Hiroshi Lee,Tesla Energy,Telecom,Europe,,Email Campaign,"['Keysight_University_Course', 'Customer']",1
L015106,,Infin_Tech,,APAC,Automotive Ethernet,,"['Oscilloscope_Selector_Tool', 'Whitepaper_Download_5G_Test', 'No_Conversion']",0
L015107,Priya Khan,Infineon GmbH,Electronics,Europe,Oscilloscopes,,"['Oscilloscope_Selector_Tool', 'Website_Product_Page', 'Oscilloscope_Selector_Tool', 'Lab_Integration_Discussion', 'No_Conversion']",0
L015108,Laura Singh,,Automotive,Europe,Automotive Ethernet,Email Campaign,"['IMS_Badge_Scan', 'Application_Engineer_Call', 'Opportunity', 'LinkedIn_Ad_Click', 'LinkedIn_Ad_Click', 'No_Conversion']",0
L015109,Kenji Williams,Tesla Energy GmbH,,,Oscilloscopes,,"['LinkedIn_Ad_Click', 'Customer']",1
L015110,,Samsu_Tech,Semiconductor,Europe,,Event,"['LinkedIn_Ad_Click', 'Whitepaper_Download_5G_Test', 'Application_Engineer_Call', 'Customer']",1
L015111,Sarah Ito,Raytheon,Automotive,LATAM,,Email Campaign,"['Website_Product_Page', 'Website_Product_Page', 'Whitepaper_Download_5G_Test', 'Opportunity', 'No_Conversion']",0
L015112,Daniel Chen,,,APAC,5G Testbeds,Event,"['Application_Engineer_Call', 'Application_Engineer_Call', 'Website_Product_Page', 'Customer']",1
L015113,Ravi Lee,,,North America,,Email Campaign,"['Technical_Demo', 'Application_Engineer_Call', 'MQL', 'Opportunity', 'Loaner_Unit_Evaluation', 'Technical_Demo', 'AutoSens_Tech_Talk', 'PathWave_Trial_Request', 'MQL', 'No_Conversion']",0
L015114,Sarah Chen,Qualcomm,,APAC,Automotive Ethernet,Sales Outreach,"['LinkedIn_Ad_Click', 'Website_Product_Page', 'LinkedIn_Ad_Click', 'IMS_Badge_Scan', 'Keysight_University_Course', 'Application_Engineer_Call', 'Customer']",1
L015115,Ahmed Singh,Samsung Electronics,Semiconductor,Europe,5G Testbeds,Sales Outreach,"['Loaner_Unit_Evaluation', 'PathWave_Trial_Request', 'Lab_Integration_Discussion', 'MQL', 'Customer']",1
L015116,Maria Chen,Qualc_Tech,Telecom,,Automotive Ethernet,Email Campaign,['No_Conversion'],0
L015117,Ravi Martinez,Sony_Tech,Telecom,,,Webinar,"['DesignCon_Booth_Visit', 'DesignCon_Booth_Visit', 'Keysight_University_Course', 'Lab_Integration_Discussion', 'No_Conversion']",0
L015118,Kenji Garcia,,Telecom,,5G Testbeds,Website,['Customer'],1
L015119,Ahmed Chen,Tesla Energy,Electronics,Europe,Oscilloscopes,,"['Keysight_Workshop_RF_Testing', 'Opportunity', 'MQL', 'SQL', 'DesignCon_Booth_Visit', 'SQL', 'Whitepaper_Download_5G_Test', 'IMS_Badge_Scan', 'DesignCon_Booth_Visit', 'No_Conversion']",0
L015120,Michael Chen,Broadcom,,North America,,LinkedIn,"['Loaner_Unit_Evaluation', 'AutoSens_Tech_Talk', 'Technical_Demo', 'Customer']",1
L015121,Ravi Lee,NXP Semiconductors,Electronics,,,Website,"['Technical_Demo', 'Keysight_University_Course', 'IMS_Badge_Scan', 'SQL', 'No_Conversion']",0
L015122,Hiroshi Patel,NXP Semiconductors GmbH,,LATAM,,Email Campaign,"['PathWave_Trial_Request', 'No_Conversion']",0
L015123,,Bosch GmbH,Electronics,,PathWave Software,Webinar,['Customer'],1
L015124,Sofia Williams,MetaC_Tech,Automotive,APAC,,LinkedIn,"['Website_Product_Page', 'No_Conversion']",0
L015125,Chen Lee,Tesla Energy,,North America,,Sales Outreach,"['Opportunity', 'Oscilloscope_Selector_Tool', 'Lab_Integration_Discussion', 'Lab_Integration_Discussion', 'Customer']",1
L015126,,Samsung Electronics,Telecom,APAC,,Webinar,"['MQL', 'DesignCon_Booth_Visit', 'Opportunity', 'LinkedIn_Ad_Click', 'MQL', 'IMS_Badge_Scan', 'Keysight_University_Course', 'Keysight_University_Course', 'Keysight_Workshop_RF_Testing', 'Customer']",1
L015127,Chen Lee,Broad_Tech,,APAC,Automotive Ethernet,Email Campaign,['No_Conversion'],0
L015128,Sofia Tanaka,,Semiconductor,Europe,Oscilloscopes,LinkedIn,"['Opportunity', 'Keysight_University_Course', 'Opportunity', 'No_Conversion']",0
L015129,Laura Singh,NXP Semiconductors,Aerospace,APAC,Oscilloscopes,,"['Keysight_University_Course', 'Customer']",1
L015130,Hiroshi Anders,Sony GmbH,Telecom,North America,Oscilloscopes,Website,"['Opportunity', 'Customer']",1
L015131,Daniel Garcia,Broad_Tech,Telecom,APAC,5G Testbeds,Sales Outreach,"['Keysight_University_Course', 'Website_Product_Page', 'Application_Engineer_Call', 'DesignCon_Booth_Visit', 'LinkedIn_Ad_Click', 'LinkedIn_Ad_Click', 'Application_Engineer_Call', 'No_Conversion']",0
L015132,Laura Garcia,Qualcomm GmbH,Telecom,Europe,,Event,"['LinkedIn_Ad_Click', 'LinkedIn_Ad_Click', 'AutoSens_Tech_Talk', 'DesignCon_Booth_Visit', 'Keysight_University_Course', 'Keysight_Workshop_RF_Testing', 'LinkedIn_Ad_Click', 'SQL', 'No_Conversion']",0
L015133,Maria Khan,,Telecom,LATAM,,Sales Outreach,"['IMS_Badge_Scan', 'Loaner_Unit_Evaluation', 'Application_Engineer_Call', 'Website_Product_Page', 'Keysight_Workshop_RF_Testing', 'LinkedIn_Ad_Click', 'Opportunity', 'No_Conversion']",0
L015134,,Sony,,Europe,,Website,"['IMS_Badge_Scan', 'Technical_Demo', 'Whitepaper_Download_5G_Test', 'Customer']",1
L015135,Maria Anders,,,,Oscilloscopes,Website,"['Opportunity', 'PathWave_Trial_Request', 'AutoSens_Tech_Talk', 'Customer']",1
L015136,Ahmed Anders,Tesla_Tech,Electronics,,,Webinar,"['Whitepaper_Download_5G_Test', 'Customer']",1
L015137,,Infineon,Telecom,LATAM,Automotive Ethernet,Webinar,"['IMS_Badge_Scan', 'LinkedIn_Ad_Click', 'Whitepaper_Download_5G_Test', 'DesignCon_Booth_Visit', 'Customer']",1
L015138,Laura Lee,Broad_Tech,Semiconductor,,Oscilloscopes,Website,"['AutoSens_Tech_Talk', 'Keysight_University_Course', 'IMS_Badge_Scan', 'Customer']",1
L015139,Chen Martinez,Bosch GmbH,,LATAM,,Sales Outreach,"['Keysight_Workshop_RF_Testing', 'SQL', 'SQL', 'Application_Engineer_Call', 'Website_Product_Page', 'DesignCon_Booth_Visit', 'Keysight_University_Course', 'Opportunity', 'No_Conversion']",0
L015140,Kenji Tanaka,,Aerospace,APAC,PathWave Software,Sales Outreach,"['PathWave_Trial_Request', 'Keysight_Workshop_RF_Testing', 'SQL', 'Lab_Integration_Discussion', 'Keysight_Workshop_RF_Testing', 'Whitepaper_Download_5G_Test', 'Customer']",1
L015141,Sofia Anders,Sony GmbH,Semiconductor,,,,['Customer'],1
L015142,Maria Lee,,,LATAM,PathWave Software,Website,"['LinkedIn_Ad_Click', 'MQL', 'DesignCon_Booth_Visit', 'No_Conversion']",0
L015143,Chen Patel,Tesla Energy,Semiconductor,Europe,,LinkedIn,"['PathWave_Trial_Request', 'AutoSens_Tech_Talk', 'Opportunity', 'Technical_Demo', 'MQL', 'Keysight_Workshop_RF_Testing', 'LinkedIn_Ad_Click', 'Technical_Demo', 'Customer']",1
L015144,Michael Ito,Meta Connectivity Labs GmbH,Electronics,LATAM,Oscilloscopes,,"['Lab_Integration_Discussion', 'Loaner_Unit_Evaluation', 'Website_Product_Page', 'Lab_Integration_Discussion', 'Whitepaper_Download_5G_Test', 'Keysight_University_Course', 'Opportunity', 'No_Conversion']",0
L015145,Kenji Chen,Sony,,LATAM,Oscilloscopes,LinkedIn,"['Opportunity', 'Loaner_Unit_Evaluation', 'Keysight_Workshop_RF_Testing', 'Customer']",1
L015146,Chen Johnson,Infin_Tech,,APAC,,Event,['Customer'],1
L015147,Ahmed Martinez,Sony_Tech,Semiconductor,,,Website,"['Application_Engineer_Call', 'Loaner_Unit_Evaluation', 'SQL', 'Customer']",1
L015148,Michael Johnson,,Aerospace,,,,"['MQL', 'Keysight_University_Course', 'MQL', 'MQL', 'Customer']",1
L015149,Michael Johnson,Broadcom,Electronics,Europe,5G Testbeds,Webinar,"['Keysight_University_Course', 'DesignCon_Booth_Visit', 'Keysight_University_Course', 'IMS_Badge_Scan', 'Technical_Demo', 'Customer']",1
L015150,Sarah Patel,,,North America,Automotive Ethernet,Website,"['Technical_Demo', 'IMS_Badge_Scan', 'Lab_Integration_Discussion', 'SQL', 'Application_Engineer_Call', 'PathWave_Trial_Request', 'Customer']",1
L015151,Priya Anders,Qualcomm,,LATAM,,Sales Outreach,"['AutoSens_Tech_Talk', 'SQL', 'Whitepaper_Download_5G_Test', 'Website_Product_Page', 'No_Conversion']",0
L015152,Sarah Martinez,,Telecom,,Automotive Ethernet,Sales Outreach,"['LinkedIn_Ad_Click', 'Lab_Integration_Discussion', 'PathWave_Trial_Request', 'LinkedIn_Ad_Click', 'Customer']",1
L015153,Maria Singh,Qualcomm GmbH,,LATAM,,LinkedIn,"['Website_Product_Page', 'Keysight_University_Course', 'Whitepaper_Download_5G_Test', 'Customer']",1
L015154,Michael Singh,Samsu_Tech,,,Automotive Ethernet,Webinar,"['Keysight_University_Course', 'DesignCon_Booth_Visit', 'Keysight_Workshop_RF_Testing', 'No_Conversion']",0
L015155,,NXP Semiconductors GmbH,Electronics,APAC,Automotive Ethernet,Website,['Customer'],1
L015156,Kenji Khan,NXP Semiconductors,Semiconductor,Europe,Oscilloscopes,LinkedIn,"['PathWave_Trial_Request', 'Customer']",1
L015157,Michael Williams,,,,PathWave Software,,"['LinkedIn_Ad_Click', 'Whitepaper_Download_5G_Test', 'Keysight_University_Course', 'Customer']",1
L015158,Daniel Johnson,NXP Semiconductors,Aerospace,APAC,,Sales Outreach,['Customer'],1
L015159,Michael Tanaka,Broadcom GmbH,Electronics,APAC,Automotive Ethernet,Website,"['Technical_Demo', 'Oscilloscope_Selector_Tool', 'AutoSens_Tech_Talk', 'AutoSens_Tech_Talk', 'Keysight_University_Course', 'Oscilloscope_Selector_Tool', 'No_Conversion']",0
L015160,Maria Tanaka,Infineon GmbH,,North America,Automotive Ethernet,LinkedIn,"['SQL', 'Customer']",1
L015161,Daniel Chen,,Automotive,North America,,,"['Website_Product_Page', 'Oscilloscope_Selector_Tool', 'PathWave_Trial_Request', 'Opportunity', 'Loaner_Unit_Evaluation', 'IMS_Badge_Scan', 'Oscilloscope_Selector_Tool', 'Whitepaper_Download_5G_Test', 'No_Conversion']",0
L015162,Laura Chen,Meta Connectivity Labs,Semiconductor,APAC,,LinkedIn,"['Technical_Demo', 'Customer']",1
L015163,Sarah Martinez,Infineon GmbH,Semiconductor,North America,,Sales Outreach,"['Whitepaper_Download_5G_Test', 'SQL', 'Application_Engineer_Call', 'SQL', 'AutoSens_Tech_Talk', 'Customer']",1
L015164,Daniel Johnson,Bosch_Tech,Semiconductor,North America,,,"['SQL', 'Technical_Demo', 'AutoSens_Tech_Talk', 'LinkedIn_Ad_Click', 'Lab_Integration_Discussion', 'Whitepaper_Download_5G_Test', 'Whitepaper_Download_5G_Test', 'No_Conversion']",0
L015165,Daniel Williams,Broad_Tech,Semiconductor,APAC,,,"['Opportunity', 'Opportunity', 'Loaner_Unit_Evaluation', 'Lab_Integration_Discussion', 'Whitepaper_Download_5G_Test', 'AutoSens_Tech_Talk', 'No_Conversion']",0
L015166,Daniel Garcia,Qualcomm,Automotive,,Oscilloscopes,Sales Outreach,"['MQL', 'Oscilloscope_Selector_Tool', 'No_Conversion']",0
L015167,Ahmed Garcia,Meta Connectivity Labs GmbH,,,5G Testbeds,LinkedIn,"['Keysight_University_Course', 'Lab_Integration_Discussion', 'Customer']",1
L015168,Sofia Lee,,Telecom,Europe,Oscilloscopes,LinkedIn,"['MQL', 'Keysight_Workshop_RF_Testing', 'IMS_Badge_Scan', 'Customer']",1
L015169,Ravi Singh,,,,5G Testbeds,Sales Outreach,"['Website_Product_Page', 'No_Conversion']",0
L015170,Sarah Anders,Bosch_Tech,Aerospace,Europe,,Sales Outreach,"['AutoSens_Tech_Talk', 'Application_Engineer_Call', 'Website_Product_Page', 'IMS_Badge_Scan', 'Customer']",1
L015171,Hiroshi Singh,Broadcom,,APAC,Automotive Ethernet,Email Campaign,"['Technical_Demo', 'Website_Product_Page', 'Customer']",1
L015172,Michael Williams,Qualcomm GmbH,,APAC,,Event,"['LinkedIn_Ad_Click', 'Customer']",1
L015173,Kenji Williams,Broad_Tech,Electronics,North America,5G Testbeds,Email Campaign,"['MQL', 'DesignCon_Booth_Visit', 'Keysight_Workshop_RF_Testing', 'DesignCon_Booth_Visit', 'Oscilloscope_Selector_Tool', 'SQL', 'IMS_Badge_Scan', 'Customer']",1
L015174,Ahmed Ito,Tesla Energy GmbH,,APAC,,LinkedIn,"['DesignCon_Booth_Visit', 'SQL', 'Lab_Integration_Discussion', 'DesignCon_Booth_Visit', 'LinkedIn_Ad_Click', 'Loaner_Unit_Evaluation', 'Customer']",1
L015175,Sarah Martinez,Tesla Energy,Automotive,,Automotive Ethernet,Webinar,"['AutoSens_Tech_Talk', 'AutoSens_Tech_Talk', 'MQL', 'Opportunity', 'Opportunity', 'AutoSens_Tech_Talk', 'Keysight_Workshop_RF_Testing', 'LinkedIn_Ad_Click', 'No_Conversion']",0
L015176,Hiroshi Khan,,Semiconductor,LATAM,,Sales Outreach,"['Whitepaper_Download_5G_Test', 'Lab_Integration_Discussion', 'Opportunity', 'Keysight_University_Course', 'Oscilloscope_Selector_Tool', 'DesignCon_Booth_Visit', 'PathWave_Trial_Request', 'Customer']",1
L015177,Michael Ito,Sony GmbH,Aerospace,,,Webinar,"['DesignCon_Booth_Visit', 'Loaner_Unit_Evaluation', 'LinkedIn_Ad_Click', 'DesignCon_Booth_Visit', 'SQL', 'Opportunity', 'Customer']",1
L015178,Hiroshi Martinez,Qualcomm,,LATAM,PathWave Software,Website,"['AutoSens_Tech_Talk', 'PathWave_Trial_Request', 'AutoSens_Tech_Talk', 'No_Conversion']",0
L015179,Ravi Johnson,NXPSe_Tech,,,5G Testbeds,,['No_Conversion'],0
L015180,Michael Chen,,,APAC,PathWave Software,LinkedIn,"['Opportunity', 'SQL', 'Customer']",1
L015181,Chen Johnson,,,North America,PathWave Software,Webinar,"['AutoSens_Tech_Talk', 'DesignCon_Booth_Visit', 'Loaner_Unit_Evaluation', 'Lab_Integration_Discussion', 'SQL', 'Opportunity', 'Keysight_Workshop_RF_Testing', 'No_Conversion']",0
L015182,Ravi Chen,Sony GmbH,Electronics,,Oscilloscopes,LinkedIn,"['Website_Product_Page', 'Oscilloscope_Selector_Tool', 'Keysight_University_Course', 'Technical_Demo', 'DesignCon_Booth_Visit', 'Website_Product_Page', 'No_Conversion']",0
L015183,Hiroshi Khan,Raytheon,,,Oscilloscopes,Website,"['Oscilloscope_Selector_Tool', 'Keysight_University_Course', 'Keysight_Workshop_RF_Testing', 'AutoSens_Tech_Talk', 'Whitepaper_Download_5G_Test', 'SQL', 'Website_Product_Page', 'Customer']",1
L015184,Sarah Garcia,Tesla_Tech,Automotive,APAC,,Sales Outreach,"['DesignCon_Booth_Visit', 'Lab_Integration_Discussion', 'Lab_Integration_Discussion', 'LinkedIn_Ad_Click', 'No_Conversion']",0
L015185,,Broadcom GmbH,,Europe,5G Testbeds,Website,"['Oscilloscope_Selector_Tool', 'Technical_Demo', 'SQL', 'Customer']",1
L015186,Ravi Johnson,,,Europe,,Email Campaign,"['Lab_Integration_Discussion', 'Whitepaper_Download_5G_Test', 'Keysight_University_Course', 'Website_Product_Page', 'No_Conversion']",0
L015187,Hiroshi Khan,,,North America,,Event,"['MQL', 'No_Conversion']",0
L015188,Kenji Chen,Broad_Tech,,APAC,PathWave Software,Event,"['Website_Product_Page', 'LinkedIn_Ad_Click', 'Opportunity', 'Technical_Demo', 'DesignCon_Booth_Visit', 'DesignCon_Booth_Visit', 'Keysight_Workshop_RF_Testing', 'AutoSens_Tech_Talk', 'Keysight_Workshop_RF_Testing', 'Customer']",1
L015189,Priya Anders,,Aerospace,North America,,Website,"['Opportunity', 'Technical_Demo', 'Website_Product_Page', 'Oscilloscope_Selector_Tool', 'LinkedIn_Ad_Click', 'Lab_Integration_Discussion', 'IMS_Badge_Scan', 'Customer']",1
L015190,Chen Chen,MetaC_Tech,,,5G Testbeds,,"['MQL', 'AutoSens_Tech_Talk', 'PathWave_Trial_Request', 'Keysight_University_Course', 'DesignCon_Booth_Visit', 'SQL', 'Keysight_University_Course', 'IMS_Badge_Scan', 'Opportunity', 'Customer']",1
L015191,Daniel Ito,,,,,Website,"['AutoSens_Tech_Talk', 'PathWave_Trial_Request', 'Lab_Integration_Discussion', 'No_Conversion']",0
L015192,Hiroshi Tanaka,Tesla Energy GmbH,Automotive,North America,,Website,"['Application_Engineer_Call', 'PathWave_Trial_Request', 'Customer']",1
L015193,Michael Johnson,,Electronics,LATAM,,Website,"['PathWave_Trial_Request', 'Opportunity', 'MQL', 'Customer']",1
L015194,Ahmed Garcia,Meta Connectivity Labs GmbH,Semiconductor,,Automotive Ethernet,,"['Lab_Integration_Discussion', 'MQL', 'Website_Product_Page', 'Application_Engineer_Call', 'No_Conversion']",0
L015195,Hiroshi Chen,Tesla Energy GmbH,Aerospace,North America,PathWave Software,Webinar,"['Whitepaper_Download_5G_Test', 'MQL', 'Keysight_Workshop_RF_Testing', 'AutoSens_Tech_Talk', 'LinkedIn_Ad_Click', 'IMS_Badge_Scan', 'Lab_Integration_Discussion', 'No_Conversion']",0
L015196,Ravi Tanaka,Infineon,Electronics,Europe,Oscilloscopes,LinkedIn,"['DesignCon_Booth_Visit', 'Website_Product_Page', 'Keysight_University_Course', 'Keysight_University_Course', 'Opportunity', 'IMS_Badge_Scan', 'Whitepaper_Download_5G_Test', 'No_Conversion']",0
L015197,,,Telecom,APAC,5G Testbeds,Email Campaign,"['MQL', 'PathWave_Trial_Request', 'DesignCon_Booth_Visit', 'MQL', 'Oscilloscope_Selector_Tool', 'Opportunity', 'No_Conversion']",0
L015198,Sofia Singh,,Electronics,,Oscilloscopes,Email Campaign,"['DesignCon_Booth_Visit', 'Keysight_Workshop_RF_Testing', 'SQL', 'Lab_Integration_Discussion', 'Website_Product_Page', 'LinkedIn_Ad_Click', 'No_Conversion']",0
L015199,Ahmed Tanaka,Meta Connectivity Labs GmbH,Electronics,,Automotive Ethernet,Event,"['DesignCon_Booth_Visit', 'Loaner_Unit_Evaluation', 'Lab_Integration_Discussion', 'Keysight_University_Course', 'Lab_Integration_Discussion', 'Customer']",1
L015200,,,Semiconductor,LATAM,,Webinar,"['Website_Product_Page', 'Whitepaper_Download_5G_Test', 'Whitepaper_Download_5G_Test', 'DesignCon_Booth_Visit', 'Whitepaper_Download_5G_Test', 'No_Conversion']",0
L015201,Hiroshi Martinez,Broadcom GmbH,Telecom,North America,Oscilloscopes,Webinar,"['Keysight_Workshop_RF_Testing', 'Customer']",1
L015202,Ravi Tanaka,Raytheon GmbH,Electronics,LATAM,Oscilloscopes,Webinar,"['Lab_Integration_Discussion', 'DesignCon_Booth_Visit', 'Opportunity', 'Keysight_Workshop_RF_Testing', 'Lab_Integration_Discussion', 'LinkedIn_Ad_Click', 'Customer']",1
L015203,Sofia Martinez,Tesla_Tech,Electronics,North America,PathWave Software,Email Campaign,"['PathWave_Trial_Request', 'Opportunity', 'Whitepaper_Download_5G_Test', 'MQL', 'Opportunity', 'Lab_Integration_Discussion', 'PathWave_Trial_Request', 'Customer']",1
L015204,Sofia Chen,NXPSe_Tech,,APAC,Automotive Ethernet,Website,"['Loaner_Unit_Evaluation', 'Keysight_Workshop_RF_Testing', 'Opportunity', 'DesignCon_Booth_Visit', 'Keysight_Workshop_RF_Testing', 'Technical_Demo', 'Oscilloscope_Selector_Tool', 'IMS_Badge_Scan', 'Customer']",1
L015205,Sarah Singh,,,APAC,,Website,"['Loaner_Unit_Evaluation', 'Customer']",1
L015206,Michael Chen,Bosch_Tech,,Europe,,Website,"['Lab_Integration_Discussion', 'DesignCon_Booth_Visit', 'Application_Engineer_Call', 'Whitepaper_Download_5G_Test', 'AutoSens_Tech_Talk', 'PathWave_Trial_Request', 'No_Conversion']",0
L015207,Michael Chen,Tesla_Tech,Semiconductor,LATAM,Automotive Ethernet,Webinar,"['DesignCon_Booth_Visit', 'SQL', 'Whitepaper_Download_5G_Test', 'Oscilloscope_Selector_Tool', 'MQL', 'Loaner_Unit_Evaluation', 'IMS_Badge_Scan', 'MQL', 'LinkedIn_Ad_Click', 'Oscilloscope_Selector_Tool', 'Customer']",1
L015208,Chen Lee,NXP Semiconductors GmbH,,North America,Oscilloscopes,Email Campaign,"['IMS_Badge_Scan', 'Keysight_University_Course', 'DesignCon_Booth_Visit', 'Application_Engineer_Call', 'MQL', 'PathWave_Trial_Request', 'Lab_Integration_Discussion', 'No_Conversion']",0
L015209,Chen Anders,,Aerospace,APAC,,Website,"['Oscilloscope_Selector_Tool', 'Opportunity', 'Lab_Integration_Discussion', 'Application_Engineer_Call', 'Lab_Integration_Discussion', 'SQL', 'Keysight_University_Course', 'Customer']",1
L015210,Kenji Chen,Bosch GmbH,Telecom,North America,Oscilloscopes,Event,"['Opportunity', 'AutoSens_Tech_Talk', 'IMS_Badge_Scan', 'PathWave_Trial_Request', 'SQL', 'Customer']",1
L015211,Ravi Patel,Broad_Tech,Automotive,North America,5G Testbeds,Webinar,"['Application_Engineer_Call', 'Whitepaper_Download_5G_Test', 'No_Conversion']",0
L015212,Laura Anders,Infineon,Electronics,APAC,,LinkedIn,"['Keysight_University_Course', 'SQL', 'Opportunity', 'SQL', 'Opportunity', 'No_Conversion']",0
L015213,Chen Singh,Sony GmbH,Telecom,APAC,Automotive Ethernet,Sales Outreach,"['Lab_Integration_Discussion', 'Whitepaper_Download_5G_Test', 'Application_Engineer_Call', 'IMS_Badge_Scan', 'Whitepaper_Download_5G_Test', 'Customer']",1
L015214,Laura Singh,Samsu_Tech,Telecom,,,Sales Outreach,"['MQL', 'Whitepaper_Download_5G_Test', 'Keysight_University_Course', 'IMS_Badge_Scan', 'Customer']",1
L015215,Maria Williams,Tesla Energy GmbH,Semiconductor,North America,Oscilloscopes,LinkedIn,"['PathWave_Trial_Request', 'Keysight_Workshop_RF_Testing', 'AutoSens_Tech_Talk', 'PathWave_Trial_Request', 'Oscilloscope_Selector_Tool', 'MQL', 'DesignCon_Booth_Visit', 'SQL', 'AutoSens_Tech_Talk', 'Whitepaper_Download_5G_Test', 'Customer']",1
L015216,Ravi Ito,Bosch,Aerospace,LATAM,,Website,"['AutoSens_Tech_Talk', 'Opportunity', 'Technical_Demo', 'Application_Engineer_Call', 'LinkedIn_Ad_Click', 'IMS_Badge_Scan', 'Keysight_Workshop_RF_Testing', 'Opportunity', 'Technical_Demo', 'No_Conversion']",0
L015217,Ahmed Tanaka,Infineon GmbH,,North America,PathWave Software,Webinar,"['Lab_Integration_Discussion', 'AutoSens_Tech_Talk', 'Lab_Integration_Discussion', 'No_Conversion']",0
L015218,Maria Patel,Infin_Tech,Automotive,,,Email Campaign,"['Whitepaper_Download_5G_Test', 'Application_Engineer_Call', 'LinkedIn_Ad_Click', 'Oscilloscope_Selector_Tool', 'LinkedIn_Ad_Click', 'IMS_Badge_Scan', 'PathWave_Trial_Request', 'Loaner_Unit_Evaluation', 'SQL', 'No_Conversion']",0
L015219,Ravi Tanaka,Samsung Electronics GmbH,Automotive,North America,Automotive Ethernet,Email Campaign,"['SQL', 'SQL', 'DesignCon_Booth_Visit', 'AutoSens_Tech_Talk', 'Customer']",1
L015220,,Broadcom,,North America,5G Testbeds,,"['Keysight_Workshop_RF_Testing', 'MQL', 'Opportunity', 'PathWave_Trial_Request', 'Customer']",1
L015221,Ahmed Lee,Qualcomm,Semiconductor,LATAM,PathWave Software,LinkedIn,"['Application_Engineer_Call', 'Application_Engineer_Call', 'IMS_Badge_Scan', 'Opportunity', 'Lab_Integration_Discussion', 'AutoSens_Tech_Talk', 'LinkedIn_Ad_Click', 'No_Conversion']",0
L015222,Michael Johnson,Qualcomm GmbH,Telecom,,,Email Campaign,"['DesignCon_Booth_Visit', 'AutoSens_Tech_Talk', 'SQL', 'Customer']",1
L015223,Maria Singh,,Aerospace,North America,5G Testbeds,LinkedIn,"['Application_Engineer_Call', 'DesignCon_Booth_Visit', 'Whitepaper_Download_5G_Test', 'No_Conversion']",0
L015224,Ravi Khan,Qualc_Tech,Telecom,APAC,PathWave Software,Email Campaign,"['SQL', 'Website_Product_Page', 'AutoSens_Tech_Talk', 'Website_Product_Page', 'LinkedIn_Ad_Click', 'DesignCon_Booth_Visit', 'Customer']",1
L015225,Ahmed Lee,Qualcomm,Electronics,APAC,,Sales Outreach,"['Application_Engineer_Call', 'Customer']",1
L015226,Laura Anders,Tesla Energy,,Europe,5G Testbeds,LinkedIn,['Customer'],1
L015227,Ahmed Williams,Raytheon,Automotive,APAC,,Webinar,"['DesignCon_Booth_Visit', 'Application_Engineer_Call', 'No_Conversion']",0
L015228,Daniel Johnson,Meta Connectivity Labs GmbH,,,,Email Campaign,"['LinkedIn_Ad_Click', 'IMS_Badge_Scan', 'MQL', 'Customer']",1
L015229,Ravi Ito,Meta Connectivity Labs,,North America,5G Testbeds,,"['Whitepaper_Download_5G_Test', 'No_Conversion']",0
L015230,,Bosch_Tech,,APAC,5G Testbeds,,"['Opportunity', 'Opportunity', 'SQL', 'Website_Product_Page', 'No_Conversion']",0
L015231,Laura Williams,Qualcomm GmbH,,,PathWave Software,Website,"['MQL', 'Customer']",1
L015232,Kenji Anders,Rayth_Tech,,North America,5G Testbeds,Webinar,"['Whitepaper_Download_5G_Test', 'PathWave_Trial_Request', 'DesignCon_Booth_Visit', 'PathWave_Trial_Request', 'No_Conversion']",0
L015233,Priya Anders,Sony GmbH,Aerospace,APAC,,Website,['No_Conversion'],0
L015234,Sofia Khan,,Automotive,Europe,,Sales Outreach,"['Website_Product_Page', 'Technical_Demo', 'No_Conversion']",0
L015235,Hiroshi Ito,Infineon GmbH,Semiconductor,,Automotive Ethernet,,"['Loaner_Unit_Evaluation', 'No_Conversion']",0
L015236,Priya Singh,Broad_Tech,Automotive,LATAM,5G Testbeds,,"['PathWave_Trial_Request', 'Technical_Demo', 'Customer']",1
L015237,Maria Chen,Qualcomm GmbH,Telecom,APAC,5G Testbeds,,"['Whitepaper_Download_5G_Test', 'SQL', 'Opportunity', 'MQL', 'DesignCon_Booth_Visit', 'Customer']",1
L015238,Ahmed Johnson,Broad_Tech,,LATAM,PathWave Software,LinkedIn,"['Keysight_Workshop_RF_Testing', 'Loaner_Unit_Evaluation', 'Loaner_Unit_Evaluation', 'MQL', 'AutoSens_Tech_Talk', 'PathWave_Trial_Request', 'Keysight_Workshop_RF_Testing', 'AutoSens_Tech_Talk', 'No_Conversion']",0
L015239,Chen Khan,Infin_Tech,,LATAM,Oscilloscopes,Email Campaign,"['Opportunity', 'IMS_Badge_Scan', 'Website_Product_Page', 'IMS_Badge_Scan', 'Keysight_University_Course', 'Website_Product_Page', 'SQL', 'IMS_Badge_Scan', 'Technical_Demo', 'Customer']",1
L015240,Hiroshi Chen,Samsu_Tech,Electronics,,PathWave Software,,"['Technical_Demo', 'Website_Product_Page', 'MQL', 'Keysight_Workshop_RF_Testing', 'No_Conversion']",0
L015241,Kenji Garcia,Samsu_Tech,Electronics,APAC,PathWave Software,,"['Keysight_Workshop_RF_Testing', 'LinkedIn_Ad_Click', 'IMS_Badge_Scan', 'Keysight_University_Course', 'SQL', 'Keysight_Workshop_RF_Testing', 'Opportunity', 'Website_Product_Page', 'No_Conversion']",0
L015242,Michael Johnson,,,,Automotive Ethernet,Website,"['IMS_Badge_Scan', 'AutoSens_Tech_Talk', 'IMS_Badge_Scan', 'DesignCon_Booth_Visit', 'Application_Engineer_Call', 'Loaner_Unit_Evaluation', 'DesignCon_Booth_Visit', 'Customer']",1
L015243,Priya Johnson,Broad_Tech,Automotive,APAC,Oscilloscopes,Event,"['Opportunity', 'SQL', 'PathWave_Trial_Request', 'Customer']",1
L015244,Ahmed Anders,Infin_Tech,,Europe,5G Testbeds,Sales Outreach,"['Keysight_University_Course', 'Customer']",1
L015245,Priya Williams,Infin_Tech,,Europe,5G Testbeds,Website,['No_Conversion'],0
L015246,Ahmed Patel,,Automotive,,Oscilloscopes,,"['Website_Product_Page', 'Application_Engineer_Call', 'MQL', 'No_Conversion']",0
L015247,Ravi Lee,Qualcomm,Aerospace,,,Email Campaign,"['Opportunity', 'Application_Engineer_Call', 'Whitepaper_Download_5G_Test', 'IMS_Badge_Scan', 'Customer']",1
L015248,Hiroshi Khan,Sony GmbH,Automotive,APAC,Automotive Ethernet,Sales Outreach,['No_Conversion'],0
L015249,Kenji Patel,Infin_Tech,Telecom,APAC,Automotive Ethernet,Event,"['DesignCon_Booth_Visit', 'Lab_Integration_Discussion', 'Application_Engineer_Call', 'Customer']",1
L015250,Ahmed Chen,NXP Semiconductors,Telecom,LATAM,,,"['Opportunity', 'Loaner_Unit_Evaluation', 'AutoSens_Tech_Talk', 'Whitepaper_Download_5G_Test', 'Whitepaper_Download_5G_Test', 'IMS_Badge_Scan', 'Whitepaper_Download_5G_Test', 'AutoSens_Tech_Talk', 'PathWave_Trial_Request', 'DesignCon_Booth_Visit', 'No_Conversion']",0
L015251,Hiroshi Johnson,Tesla Energy GmbH,Automotive,,,Website,"['Oscilloscope_Selector_Tool', 'Technical_Demo', 'MQL', 'Whitepaper_Download_5G_Test', 'Lab_Integration_Discussion', 'Opportunity', 'Opportunity', 'No_Conversion']",0
L015252,Ahmed Anders,Raytheon GmbH,,Europe,,LinkedIn,"['MQL', 'Oscilloscope_Selector_Tool', 'Loaner_Unit_Evaluation', 'Oscilloscope_Selector_Tool', 'Whitepaper_Download_5G_Test', 'Loaner_Unit_Evaluation', 'Lab_Integration_Discussion', 'Keysight_University_Course', 'LinkedIn_Ad_Click', 'Customer']",1
L015253,Daniel Anders,Infineon GmbH,Aerospace,APAC,,,"['MQL', 'LinkedIn_Ad_Click', 'Website_Product_Page', 'Oscilloscope_Selector_Tool', 'No_Conversion']",0
L015254,Ahmed Johnson,Infin_Tech,Aerospace,,Automotive Ethernet,Webinar,"['Oscilloscope_Selector_Tool', 'AutoSens_Tech_Talk', 'Keysight_University_Course', 'Application_Engineer_Call', 'Loaner_Unit_Evaluation', 'PathWave_Trial_Request', 'PathWave_Trial_Request', 'LinkedIn_Ad_Click', 'Customer']",1
L015255,Sofia Tanaka,Meta Connectivity Labs,Electronics,APAC,Oscilloscopes,Event,['Customer'],1
L015256,Michael Patel,,Telecom,Europe,PathWave Software,Email Campaign,"['SQL', 'Opportunity', 'Loaner_Unit_Evaluation', 'DesignCon_Booth_Visit', 'Keysight_Workshop_RF_Testing', 'Keysight_University_Course', 'MQL', 'Application_Engineer_Call', 'Keysight_Workshop_RF_Testing', 'LinkedIn_Ad_Click', 'Customer']",1
L015257,Maria Tanaka,Qualcomm,,North America,,,"['Keysight_University_Course', 'Keysight_Workshop_RF_Testing', 'SQL', 'IMS_Badge_Scan', 'IMS_Badge_Scan', 'DesignCon_Booth_Visit', 'Customer']",1
L015258,Priya Lee,Infineon GmbH,,Europe,,LinkedIn,"['PathWave_Trial_Request', 'LinkedIn_Ad_Click', 'MQL', 'Customer']",1
L015259,,Bosch,Semiconductor,,,Email Campaign,"['SQL', 'AutoSens_Tech_Talk', 'Website_Product_Page', 'AutoSens_Tech_Talk', 'Application_Engineer_Call', 'Keysight_University_Course', 'AutoSens_Tech_Talk', 'DesignCon_Booth_Visit', 'Customer']",1
L015260,Ahmed Tanaka,,Electronics,APAC,Automotive Ethernet,Website,"['SQL', 'Loaner_Unit_Evaluation', 'Opportunity', 'Keysight_University_Course', 'Oscilloscope_Selector_Tool', 'Technical_Demo', 'Website_Product_Page', 'Customer']",1
L015261,Sofia Chen,Rayth_Tech,,APAC,PathWave Software,Sales Outreach,"['AutoSens_Tech_Talk', 'Technical_Demo', 'LinkedIn_Ad_Click', 'No_Conversion']",0
L015262,Michael Tanaka,Meta Connectivity Labs,Aerospace,,PathWave Software,Webinar,"['MQL', 'LinkedIn_Ad_Click', 'SQL', 'Whitepaper_Download_5G_Test', 'DesignCon_Booth_Visit', 'No_Conversion']",0
L015263,Chen Patel,Bosch,Semiconductor,North America,Automotive Ethernet,Event,['Customer'],1
L015264,Daniel Patel,NXP Semiconductors,Electronics,LATAM,PathWave Software,Email Campaign,['Customer'],1
L015265,Sarah Johnson,,Aerospace,LATAM,Automotive Ethernet,Event,"['DesignCon_Booth_Visit', 'Application_Engineer_Call', 'Whitepaper_Download_5G_Test', 'MQL', 'Technical_Demo', 'Whitepaper_Download_5G_Test', 'Customer']",1
L015266,Sarah Khan,MetaC_Tech,Aerospace,Europe,,LinkedIn,"['Lab_Integration_Discussion', 'LinkedIn_Ad_Click', 'MQL', 'Technical_Demo', 'Keysight_Workshop_RF_Testing', 'DesignCon_Booth_Visit', 'Whitepaper_Download_5G_Test', 'PathWave_Trial_Request', 'Technical_Demo', 'Customer']",1
L015267,Hiroshi Patel,,,Europe,Oscilloscopes,Email Campaign,"['AutoSens_Tech_Talk', 'Website_Product_Page', 'Loaner_Unit_Evaluation', 'SQL', 'Application_Engineer_Call', 'Loaner_Unit_Evaluation', 'PathWave_Trial_Request', 'Whitepaper_Download_5G_Test', 'No_Conversion']",0
L015268,Kenji Garcia,Raytheon,Automotive,Europe,PathWave Software,Sales Outreach,['No_Conversion'],0
L015269,Kenji Patel,Raytheon GmbH,Aerospace,,Oscilloscopes,Sales Outreach,['Customer'],1
L015270,Laura Chen,,Electronics,APAC,5G Testbeds,LinkedIn,['No_Conversion'],0
L015271,Ahmed Johnson,,,,,Sales Outreach,"['Keysight_University_Course', 'Whitepaper_Download_5G_Test', 'Customer']",1
L015272,Ahmed Garcia,Infineon GmbH,Telecom,LATAM,,,['No_Conversion'],0
L015273,Maria Khan,Broadcom,Electronics,North America,PathWave Software,Sales Outreach,"['DesignCon_Booth_Visit', 'Lab_Integration_Discussion', 'PathWave_Trial_Request', 'LinkedIn_Ad_Click', 'No_Conversion']",0
L015274,Ahmed Garcia,NXP Semiconductors,Aerospace,,,Sales Outreach,"['PathWave_Trial_Request', 'Technical_Demo', 'IMS_Badge_Scan', 'Loaner_Unit_Evaluation', 'Keysight_University_Course', 'Keysight_University_Course', 'Lab_Integration_Discussion', 'SQL', 'Keysight_Workshop_RF_Testing', 'Customer']",1
L015275,Daniel Tanaka,Rayth_Tech,,LATAM,PathWave Software,Sales Outreach,['Customer'],1
L015276,Ravi Chen,Meta Connectivity Labs GmbH,Telecom,LATAM,,Email Campaign,['No_Conversion'],0
L015277,Ravi Williams,Sony_Tech,Electronics,Europe,Oscilloscopes,Website,"['DesignCon_Booth_Visit', 'SQL', 'Opportunity', 'LinkedIn_Ad_Click', 'Keysight_University_Course', 'Keysight_Workshop_RF_Testing', 'Application_Engineer_Call', 'No_Conversion']",0
L015278,Ahmed Williams,MetaC_Tech,Electronics,,Oscilloscopes,Sales Outreach,"['MQL', 'Technical_Demo', 'No_Conversion']",0
L015279,Laura Singh,Samsung Electronics GmbH,Electronics,,,Webinar,"['SQL', 'Application_Engineer_Call', 'AutoSens_Tech_Talk', 'PathWave_Trial_Request', 'Opportunity', 'No_Conversion']",0
L015280,Hiroshi Chen,NXP Semiconductors GmbH,,North America,5G Testbeds,Sales Outreach,"['DesignCon_Booth_Visit', 'No_Conversion']",0
L015281,,Bosch_Tech,,LATAM,,LinkedIn,"['LinkedIn_Ad_Click', 'AutoSens_Tech_Talk', 'Keysight_University_Course', 'MQL', 'Customer']",1
L015282,Maria Chen,Bosch,Semiconductor,APAC,5G Testbeds,,"['Keysight_Workshop_RF_Testing', 'AutoSens_Tech_Talk', 'Keysight_University_Course', 'Lab_Integration_Discussion', 'AutoSens_Tech_Talk', 'Keysight_University_Course', 'Keysight_University_Course', 'Application_Engineer_Call', 'Oscilloscope_Selector_Tool', 'No_Conversion']",0
L015283,Sarah Tanaka,,Telecom,APAC,,Website,"['PathWave_Trial_Request', 'Keysight_Workshop_RF_Testing', 'Website_Product_Page', 'MQL', 'Loaner_Unit_Evaluation', 'Lab_Integration_Discussion', 'DesignCon_Booth_Visit', 'AutoSens_Tech_Talk', 'IMS_Badge_Scan', 'Customer']",1
L015284,Michael Ito,Sony,Telecom,,Automotive Ethernet,Email Campaign,"['Application_Engineer_Call', 'LinkedIn_Ad_Click', 'Customer']",1
L015285,Sarah Lee,Bosch GmbH,,APAC,5G Testbeds,Email Campaign,"['Website_Product_Page', 'Customer']",1
L015286,Sofia Martinez,NXPSe_Tech,,,,Website,['Customer'],1
L015287,Kenji Singh,Qualcomm GmbH,Semiconductor,,,LinkedIn,"['AutoSens_Tech_Talk', 'No_Conversion']",0
L015288,Maria Martinez,Samsung Electronics GmbH,,Europe,Oscilloscopes,,"['IMS_Badge_Scan', 'Keysight_Workshop_RF_Testing', 'Application_Engineer_Call', 'No_Conversion']",0
L015289,Sofia Patel,Broadcom GmbH,,North America,5G Testbeds,Website,"['Loaner_Unit_Evaluation', 'SQL', 'Keysight_Workshop_RF_Testing', 'Application_Engineer_Call', 'Lab_Integration_Discussion', 'No_Conversion']",0
L015290,Ravi Garcia,Bosch,,APAC,,LinkedIn,"['Keysight_Workshop_RF_Testing', 'Application_Engineer_Call', 'SQL', 'Customer']",1
L015291,Ravi Chen,,,LATAM,,,"['LinkedIn_Ad_Click', 'Website_Product_Page', 'Technical_Demo', 'Opportunity', 'PathWave_Trial_Request', 'Technical_Demo', 'AutoSens_Tech_Talk', 'Keysight_Workshop_RF_Testing', 'Application_Engineer_Call', 'Website_Product_Page', 'No_Conversion']",0
L015292,Michael Ito,Qualcomm,,Europe,Automotive Ethernet,Email Campaign,"['Whitepaper_Download_5G_Test', 'Loaner_Unit_Evaluation', 'Technical_Demo', 'Technical_Demo', 'Application_Engineer_Call', 'LinkedIn_Ad_Click', 'Application_Engineer_Call', 'Customer']",1
L015293,Ahmed Chen,,Aerospace,,,,"['Lab_Integration_Discussion', 'AutoSens_Tech_Talk', 'No_Conversion']",0
L015294,Sofia Williams,Broadcom GmbH,,North America,PathWave Software,Webinar,"['Whitepaper_Download_5G_Test', 'PathWave_Trial_Request', 'LinkedIn_Ad_Click', 'MQL', 'PathWave_Trial_Request', 'Loaner_Unit_Evaluation', 'No_Conversion']",0
L015295,Chen Johnson,Sony GmbH,,,PathWave Software,LinkedIn,"['PathWave_Trial_Request', 'SQL', 'PathWave_Trial_Request', 'Keysight_University_Course', 'Whitepaper_Download_5G_Test', 'MQL', 'IMS_Badge_Scan', 'IMS_Badge_Scan', 'Opportunity', 'PathWave_Trial_Request', 'No_Conversion']",0
L015296,Sarah Tanaka,Tesla Energy GmbH,Telecom,APAC,,Website,['No_Conversion'],0
L015297,Sofia Patel,Bosch,,North America,5G Testbeds,LinkedIn,"['Lab_Integration_Discussion', 'Opportunity', 'Opportunity', 'Loaner_Unit_Evaluation', 'LinkedIn_Ad_Click', 'Customer']",1
L015298,Michael Garcia,Samsu_Tech,Telecom,APAC,PathWave Software,Sales Outreach,"['PathWave_Trial_Request', 'Customer']",1
L015299,Hiroshi Williams,Broad_Tech,,APAC,,,"['SQL', 'SQL', 'Lab_Integration_Discussion', 'IMS_Badge_Scan', 'Opportunity', 'Lab_Integration_Discussion', 'Whitepaper_Download_5G_Test', 'Website_Product_Page', 'No_Conversion']",0
L015300,Laura Ito,Broadcom,Aerospace,North America,,Email Campaign,"['MQL', 'Keysight_Workshop_RF_Testing', 'SQL', 'Website_Product_Page', 'MQL', 'Loaner_Unit_Evaluation', 'SQL', 'Loaner_Unit_Evaluation', 'Keysight_University_Course', 'No_Conversion']",0
L015301,Michael Tanaka,Qualcomm,Automotive,,5G Testbeds,LinkedIn,"['DesignCon_Booth_Visit', 'AutoSens_Tech_Talk', 'Keysight_University_Course', 'Customer']",1
L015302,Ravi Lee,Infin_Tech,Semiconductor,,5G Testbeds,Webinar,"['LinkedIn_Ad_Click', 'SQL', 'Whitepaper_Download_5G_Test', 'No_Conversion']",0
L015303,Michael Ito,,Electronics,APAC,5G Testbeds,Event,"['DesignCon_Booth_Visit', 'Whitepaper_Download_5G_Test', 'No_Conversion']",0
L015304,Hiroshi Garcia,Meta Connectivity Labs GmbH,Aerospace,,5G Testbeds,Email Campaign,"['Keysight_University_Course', 'Oscilloscope_Selector_Tool', 'Customer']",1
L015305,Sofia Tanaka,Broadcom GmbH,Telecom,,,Email Campaign,"['PathWave_Trial_Request', 'Opportunity', 'Keysight_Workshop_RF_Testing', 'Keysight_Workshop_RF_Testing', 'Customer']",1
L015306,Chen Singh,Rayth_Tech,Electronics,North America,,Event,"['Whitepaper_Download_5G_Test', 'IMS_Badge_Scan', 'Keysight_University_Course', 'SQL', 'MQL', 'DesignCon_Booth_Visit', 'MQL', 'No_Conversion']",0
L015307,Sofia Ito,Qualcomm,Semiconductor,APAC,Oscilloscopes,Website,"['DesignCon_Booth_Visit', 'AutoSens_Tech_Talk', 'Oscilloscope_Selector_Tool', 'MQL', 'Customer']",1
L015308,Hiroshi Singh,Bosch_Tech,Electronics,North America,,Website,['No_Conversion'],0
L015309,Sofia Garcia,Tesla Energy,Telecom,APAC,5G Testbeds,Email Campaign,"['Keysight_University_Course', 'Application_Engineer_Call', 'Opportunity', 'Website_Product_Page', 'Customer']",1
L015310,,Infineon,Aerospace,Europe,,LinkedIn,"['LinkedIn_Ad_Click', 'Keysight_University_Course', 'Oscilloscope_Selector_Tool', 'No_Conversion']",0
L015311,Chen Patel,Samsung Electronics GmbH,,LATAM,Automotive Ethernet,Event,"['DesignCon_Booth_Visit', 'LinkedIn_Ad_Click', 'PathWave_Trial_Request', 'No_Conversion']",0
L015312,,Sony,Aerospace,North America,,LinkedIn,"['IMS_Badge_Scan', 'AutoSens_Tech_Talk', 'DesignCon_Booth_Visit', 'Website_Product_Page', 'Oscilloscope_Selector_Tool', 'Keysight_Workshop_RF_Testing', 'Keysight_Workshop_RF_Testing', 'Whitepaper_Download_5G_Test', 'Keysight_University_Course', 'Whitepaper_Download_5G_Test', 'No_Conversion']",0
L015313,Sarah Tanaka,Rayth_Tech,,Europe,PathWave Software,Email Campaign,"['SQL', 'IMS_Badge_Scan', 'No_Conversion']",0
L015314,Maria Williams,Infineon GmbH,Telecom,Europe,Automotive Ethernet,Website,"['Website_Product_Page', 'LinkedIn_Ad_Click', 'IMS_Badge_Scan', 'Oscilloscope_Selector_Tool', 'Customer']",1
L015315,Ahmed Williams,Samsung Electronics,Telecom,,Oscilloscopes,Webinar,"['Application_Engineer_Call', 'Loaner_Unit_Evaluation', 'PathWave_Trial_Request', 'Technical_Demo', 'IMS_Badge_Scan', 'Website_Product_Page', 'MQL', 'LinkedIn_Ad_Click', 'MQL', 'IMS_Badge_Scan', 'No_Conversion']",0
L015316,Sarah Anders,Broad_Tech,Electronics,LATAM,5G Testbeds,Sales Outreach,"['SQL', 'LinkedIn_Ad_Click', 'Oscilloscope_Selector_Tool', 'Oscilloscope_Selector_Tool', 'Customer']",1
L015317,Kenji Singh,Samsu_Tech,Aerospace,APAC,5G Testbeds,LinkedIn,"['Whitepaper_Download_5G_Test', 'Opportunity', 'Opportunity', 'Technical_Demo', 'Keysight_Workshop_RF_Testing', 'IMS_Badge_Scan', 'Customer']",1
L015318,Sarah Singh,Raytheon,,,,Sales Outreach,"['Oscilloscope_Selector_Tool', 'Opportunity', 'Oscilloscope_Selector_Tool', 'Website_Product_Page', 'SQL', 'No_Conversion']",0
L015319,Sofia Khan,Broad_Tech,Telecom,Europe,Oscilloscopes,Email Campaign,"['MQL', 'Opportunity', 'Whitepaper_Download_5G_Test', 'Opportunity', 'Opportunity', 'PathWave_Trial_Request', 'Customer']",1
L015320,Laura Martinez,Bosch GmbH,Aerospace,Europe,PathWave Software,Event,"['Whitepaper_Download_5G_Test', 'Opportunity', 'Keysight_Workshop_RF_Testing', 'Opportunity', 'Application_Engineer_Call', 'SQL', 'No_Conversion']",0
L015321,,Sony_Tech,,Europe,PathWave Software,Webinar,"['PathWave_Trial_Request', 'DesignCon_Booth_Visit', 'No_Conversion']",0
L015322,Ravi Williams,,,,Oscilloscopes,,"['Technical_Demo', 'Keysight_University_Course', 'Loaner_Unit_Evaluation', 'Customer']",1
L015323,Sarah Chen,Raytheon,Electronics,APAC,,LinkedIn,"['Whitepaper_Download_5G_Test', 'Application_Engineer_Call', 'Keysight_Workshop_RF_Testing', 'Opportunity', 'DesignCon_Booth_Visit', 'No_Conversion']",0
L015324,Hiroshi Patel,NXP Semiconductors,Automotive,LATAM,,,['No_Conversion'],0
L015325,Ahmed Singh,Samsung Electronics,,APAC,Automotive Ethernet,Website,"['Whitepaper_Download_5G_Test', 'Customer']",1
L015326,Chen Anders,NXP Semiconductors,,Europe,Automotive Ethernet,Sales Outreach,"['Technical_Demo', 'Keysight_Workshop_RF_Testing', 'IMS_Badge_Scan', 'Keysight_Workshop_RF_Testing', 'Opportunity', 'Technical_Demo', 'DesignCon_Booth_Visit', 'No_Conversion']",0
L015327,,,Automotive,Europe,,Event,"['IMS_Badge_Scan', 'Lab_Integration_Discussion', 'Website_Product_Page', 'Loaner_Unit_Evaluation', 'No_Conversion']",0
L015328,,Broadcom,Telecom,APAC,PathWave Software,Website,"['Loaner_Unit_Evaluation', 'IMS_Badge_Scan', 'Whitepaper_Download_5G_Test', 'MQL', 'Opportunity', 'Website_Product_Page', 'IMS_Badge_Scan', 'No_Conversion']",0
L015329,Priya Patel,Broadcom GmbH,Electronics,LATAM,5G Testbeds,LinkedIn,"['Loaner_Unit_Evaluation', 'Lab_Integration_Discussion', 'No_Conversion']",0
L015330,Maria Martinez,Meta Connectivity Labs GmbH,Semiconductor,LATAM,,Webinar,"['Oscilloscope_Selector_Tool', 'Application_Engineer_Call', 'Website_Product_Page', 'Opportunity', 'Customer']",1
L015331,Daniel Patel,Infineon,Semiconductor,APAC,,Email Campaign,"['Keysight_Workshop_RF_Testing', 'Oscilloscope_Selector_Tool', 'IMS_Badge_Scan', 'IMS_Badge_Scan', 'Whitepaper_Download_5G_Test', 'IMS_Badge_Scan', 'Keysight_Workshop_RF_Testing', 'IMS_Badge_Scan', 'No_Conversion']",0
L015332,Maria Lee,Tesla Energy GmbH,Telecom,,5G Testbeds,Sales Outreach,"['Opportunity', 'Customer']",1
L015333,Daniel Chen,Rayth_Tech,Automotive,APAC,,Email Campaign,['No_Conversion'],0
L015334,Ahmed Tanaka,Qualc_Tech,Semiconductor,Europe,Oscilloscopes,LinkedIn,"['DesignCon_Booth_Visit', 'Whitepaper_Download_5G_Test', 'Website_Product_Page', 'Whitepaper_Download_5G_Test', 'No_Conversion']",0
L015335,Priya Martinez,Qualcomm GmbH,,,Oscilloscopes,Sales Outreach,"['IMS_Badge_Scan', 'Keysight_Workshop_RF_Testing', 'Lab_Integration_Discussion', 'Customer']",1
L015336,Ravi Johnson,,,,,Event,"['Opportunity', 'Customer']",1
L015337,Daniel Anders,,Telecom,APAC,Automotive Ethernet,Sales Outreach,"['PathWave_Trial_Request', 'Lab_Integration_Discussion', 'IMS_Badge_Scan', 'Whitepaper_Download_5G_Test', 'Keysight_Workshop_RF_Testing', 'DesignCon_Booth_Visit', 'Lab_Integration_Discussion', 'Customer']",1
L015338,Priya Singh,Infineon,Automotive,North America,5G Testbeds,,"['Technical_Demo', 'AutoSens_Tech_Talk', 'Whitepaper_Download_5G_Test', 'No_Conversion']",0
L015339,Sofia Williams,Meta Connectivity Labs GmbH,,LATAM,5G Testbeds,Website,"['Technical_Demo', 'Loaner_Unit_Evaluation', 'Keysight_University_Course', 'No_Conversion']",0
L015340,Sarah Chen,,Automotive,,Automotive Ethernet,Sales Outreach,"['Oscilloscope_Selector_Tool', 'Whitepaper_Download_5G_Test', 'AutoSens_Tech_Talk', 'No_Conversion']",0
L015341,Daniel Martinez,NXP Semiconductors,Aerospace,,,LinkedIn,"['Opportunity', 'Lab_Integration_Discussion', 'PathWave_Trial_Request', 'Lab_Integration_Discussion', 'AutoSens_Tech_Talk', 'LinkedIn_Ad_Click', 'Opportunity', 'Whitepaper_Download_5G_Test', 'Customer']",1
L015342,Ahmed Garcia,Infineon GmbH,Aerospace,,PathWave Software,LinkedIn,"['Application_Engineer_Call', 'AutoSens_Tech_Talk', 'AutoSens_Tech_Talk', 'No_Conversion']",0
L015343,Priya Singh,,,,,,"['DesignCon_Booth_Visit', 'SQL', 'Customer']",1
L015344,Ravi Martinez,NXP Semiconductors GmbH,Automotive,Europe,Oscilloscopes,Event,"['Lab_Integration_Discussion', 'AutoSens_Tech_Talk', 'PathWave_Trial_Request', 'DesignCon_Booth_Visit', 'DesignCon_Booth_Visit', 'PathWave_Trial_Request', 'Technical_Demo', 'Lab_Integration_Discussion', 'No_Conversion']",0
L015345,Priya Ito,Raytheon GmbH,,North America,PathWave Software,Event,"['Keysight_Workshop_RF_Testing', 'DesignCon_Booth_Visit', 'Application_Engineer_Call', 'Loaner_Unit_Evaluation', 'IMS_Badge_Scan', 'AutoSens_Tech_Talk', 'No_Conversion']",0
L015346,Kenji Tanaka,Meta Connectivity Labs GmbH,,North America,,Email Campaign,"['Whitepaper_Download_5G_Test', 'Keysight_University_Course', 'LinkedIn_Ad_Click', 'PathWave_Trial_Request', 'LinkedIn_Ad_Click', 'IMS_Badge_Scan', 'IMS_Badge_Scan', 'Customer']",1
L015347,Hiroshi Patel,Infin_Tech,,LATAM,PathWave Software,,"['Opportunity', 'LinkedIn_Ad_Click', 'Lab_Integration_Discussion', 'Keysight_Workshop_RF_Testing', 'PathWave_Trial_Request', 'No_Conversion']",0
L015348,Kenji Lee,,Semiconductor,,PathWave Software,,['Customer'],1
L015349,Kenji Martinez,,,LATAM,Oscilloscopes,Sales Outreach,"['Website_Product_Page', 'Application_Engineer_Call', 'No_Conversion']",0
L015350,Daniel Tanaka,Broad_Tech,Telecom,LATAM,Automotive Ethernet,Email Campaign,"['Loaner_Unit_Evaluation', 'Website_Product_Page', 'Website_Product_Page', 'No_Conversion']",0
L015351,Michael Khan,Tesla_Tech,Automotive,Europe,,Email Campaign,"['AutoSens_Tech_Talk', 'Lab_Integration_Discussion', 'Whitepaper_Download_5G_Test', 'Loaner_Unit_Evaluation', 'Technical_Demo', 'Technical_Demo', 'Technical_Demo', 'IMS_Badge_Scan', 'No_Conversion']",0
L015352,,Infineon,Electronics,,,Webinar,"['SQL', 'Customer']",1
L015353,Daniel Anders,Infineon GmbH,Electronics,North America,5G Testbeds,LinkedIn,"['Loaner_Unit_Evaluation', 'Customer']",1
L015354,Kenji Chen,Sony_Tech,Electronics,APAC,PathWave Software,,"['Keysight_Workshop_RF_Testing', 'Technical_Demo', 'Whitepaper_Download_5G_Test', 'Application_Engineer_Call', 'PathWave_Trial_Request', 'Customer']",1
L015355,Daniel Tanaka,,Semiconductor,North America,5G Testbeds,,"['Keysight_Workshop_RF_Testing', 'Whitepaper_Download_5G_Test', 'Opportunity', 'Customer']",1
L015356,Sofia Garcia,Raytheon GmbH,,North America,5G Testbeds,Sales Outreach,"['Oscilloscope_Selector_Tool', 'SQL', 'DesignCon_Booth_Visit', 'Lab_Integration_Discussion', 'Customer']",1
L015357,Ahmed Chen,Tesla Energy,,North America,,Website,"['MQL', 'Opportunity', 'IMS_Badge_Scan', 'PathWave_Trial_Request', 'PathWave_Trial_Request', 'AutoSens_Tech_Talk', 'DesignCon_Booth_Visit', 'No_Conversion']",0
L015358,Chen Anders,Meta Connectivity Labs GmbH,Telecom,,,Website,"['Opportunity', 'Application_Engineer_Call', 'Website_Product_Page', 'Technical_Demo', 'Customer']",1
L015359,,Tesla_Tech,Aerospace,Europe,5G Testbeds,Webinar,"['Opportunity', 'Application_Engineer_Call', 'Keysight_University_Course', 'Customer']",1
L015360,,NXPSe_Tech,Aerospace,APAC,,Webinar,"['Whitepaper_Download_5G_Test', 'Website_Product_Page', 'Application_Engineer_Call', 'DesignCon_Booth_Visit', 'Keysight_University_Course', 'Customer']",1
L015361,Michael Chen,,,APAC,Automotive Ethernet,Sales Outreach,"['Keysight_Workshop_RF_Testing', 'Keysight_Workshop_RF_Testing', 'Application_Engineer_Call', 'Customer']",1
L015362,Daniel Khan,Qualcomm,Electronics,North America,5G Testbeds,Email Campaign,"['Technical_Demo', 'IMS_Badge_Scan', 'Whitepaper_Download_5G_Test', 'Loaner_Unit_Evaluation', 'Customer']",1
L015363,Chen Williams,Samsu_Tech,Electronics,Europe,Oscilloscopes,Website,"['DesignCon_Booth_Visit', 'Keysight_University_Course', 'Customer']",1
L015364,Priya Chen,Meta Connectivity Labs GmbH,,LATAM,PathWave Software,Event,"['LinkedIn_Ad_Click', 'SQL', 'Oscilloscope_Selector_Tool', 'AutoSens_Tech_Talk', 'No_Conversion']",0
L015365,Daniel Martinez,,,North America,Oscilloscopes,LinkedIn,"['AutoSens_Tech_Talk', 'MQL', 'No_Conversion']",0
L015366,Sofia Chen,Samsung Electronics,,,,Email Campaign,"['Oscilloscope_Selector_Tool', 'SQL', 'IMS_Badge_Scan', 'LinkedIn_Ad_Click', 'Loaner_Unit_Evaluation', 'LinkedIn_Ad_Click', 'Technical_Demo', 'Customer']",1
L015367,Hiroshi Singh,Raytheon GmbH,,LATAM,Oscilloscopes,LinkedIn,"['Technical_Demo', 'Customer']",1
L015368,Maria Tanaka,Bosch,,North America,Automotive Ethernet,Sales Outreach,['No_Conversion'],0
L015369,Maria Martinez,,Semiconductor,Europe,Automotive Ethernet,LinkedIn,"['Website_Product_Page', 'Whitepaper_Download_5G_Test', 'Keysight_Workshop_RF_Testing', 'No_Conversion']",0
L015370,,Bosch_Tech,Automotive,Europe,PathWave Software,Webinar,"['AutoSens_Tech_Talk', 'Oscilloscope_Selector_Tool', 'Application_Engineer_Call', 'MQL', 'DesignCon_Booth_Visit', 'Customer']",1
L015371,Ahmed Williams,Samsung Electronics,,LATAM,Oscilloscopes,LinkedIn,"['Application_Engineer_Call', 'LinkedIn_Ad_Click', 'Opportunity', 'Whitepaper_Download_5G_Test', 'Customer']",1
L015372,Laura Lee,NXP Semiconductors,Automotive,APAC,Automotive Ethernet,Website,"['MQL', 'LinkedIn_Ad_Click', 'Loaner_Unit_Evaluation', 'Website_Product_Page', 'Keysight_University_Course', 'No_Conversion']",0
L015373,Sarah Khan,Samsung Electronics,,Europe,Automotive Ethernet,Webinar,"['IMS_Badge_Scan', 'Website_Product_Page', 'SQL', 'SQL', 'Technical_Demo', 'Customer']",1
L015374,Kenji Chen,Samsu_Tech,Aerospace,Europe,Oscilloscopes,Email Campaign,"['AutoSens_Tech_Talk', 'Whitepaper_Download_5G_Test', 'Loaner_Unit_Evaluation', 'Whitepaper_Download_5G_Test', 'MQL', 'IMS_Badge_Scan', 'LinkedIn_Ad_Click', 'AutoSens_Tech_Talk', 'No_Conversion']",0
L015375,Hiroshi Tanaka,,Electronics,LATAM,5G Testbeds,Webinar,"['DesignCon_Booth_Visit', 'Lab_Integration_Discussion', 'Customer']",1
L015376,Kenji Ito,Broadcom GmbH,Telecom,APAC,,Website,"['Whitepaper_Download_5G_Test', 'PathWave_Trial_Request', 'Loaner_Unit_Evaluation', 'Opportunity', 'AutoSens_Tech_Talk', 'Customer']",1
L015377,Daniel Lee,,,APAC,5G Testbeds,,['No_Conversion'],0
L015378,Kenji Tanaka,,Aerospace,North America,Oscilloscopes,Event,"['Loaner_Unit_Evaluation', 'Whitepaper_Download_5G_Test', 'LinkedIn_Ad_Click', 'Customer']",1
L015379,Laura Singh,Tesla Energy GmbH,Aerospace,LATAM,Automotive Ethernet,Sales Outreach,"['LinkedIn_Ad_Click', 'Application_Engineer_Call', 'Opportunity', 'Loaner_Unit_Evaluation', 'PathWave_Trial_Request', 'No_Conversion']",0
L015380,Sofia Martinez,Rayth_Tech,Telecom,LATAM,5G Testbeds,Webinar,"['Opportunity', 'MQL', 'Customer']",1
L015381,Laura Patel,Bosch GmbH,Automotive,APAC,,Webinar,"['Keysight_University_Course', 'No_Conversion']",0
L015382,Maria Williams,Bosch GmbH,Automotive,APAC,5G Testbeds,Website,"['MQL', 'Keysight_Workshop_RF_Testing', 'Oscilloscope_Selector_Tool', 'Technical_Demo', 'MQL', 'Customer']",1
L015383,Daniel Khan,Meta Connectivity Labs,,,,,"['PathWave_Trial_Request', 'Application_Engineer_Call', 'MQL', 'Website_Product_Page', 'Customer']",1
L015384,,Broad_Tech,Aerospace,North America,,LinkedIn,"['Keysight_Workshop_RF_Testing', 'SQL', 'Opportunity', 'Customer']",1
L015385,Sofia Chen,,Electronics,,Automotive Ethernet,Email Campaign,"['Loaner_Unit_Evaluation', 'IMS_Badge_Scan', 'No_Conversion']",0
L015386,Ravi Williams,Sony_Tech,Semiconductor,Europe,Oscilloscopes,,"['Keysight_University_Course', 'Technical_Demo', 'Keysight_Workshop_RF_Testing', 'Customer']",1
L015387,Priya Williams,Bosch,Aerospace,,5G Testbeds,LinkedIn,"['Whitepaper_Download_5G_Test', 'Customer']",1
L015388,Hiroshi Khan,Infineon,Automotive,,PathWave Software,LinkedIn,"['AutoSens_Tech_Talk', 'Loaner_Unit_Evaluation', 'Keysight_Workshop_RF_Testing', 'Opportunity', 'Customer']",1
L015389,Sofia Garcia,NXP Semiconductors,Aerospace,APAC,5G Testbeds,,"['Application_Engineer_Call', 'SQL', 'LinkedIn_Ad_Click', 'PathWave_Trial_Request', 'No_Conversion']",0
L015390,Sarah Martinez,Qualcomm,Electronics,LATAM,PathWave Software,,"['Lab_Integration_Discussion', 'Keysight_University_Course', 'No_Conversion']",0
L015391,Sofia Garcia,Meta Connectivity Labs GmbH,,Europe,PathWave Software,Email Campaign,"['Whitepaper_Download_5G_Test', 'Oscilloscope_Selector_Tool', 'Keysight_Workshop_RF_Testing', 'Website_Product_Page', 'No_Conversion']",0
L015392,Kenji Ito,Tesla Energy GmbH,Electronics,,Automotive Ethernet,Sales Outreach,"['Loaner_Unit_Evaluation', 'No_Conversion']",0
L015393,Hiroshi Garcia,,Telecom,North America,,Webinar,"['PathWave_Trial_Request', 'Customer']",1
L015394,Chen Singh,Bosch,Aerospace,APAC,,LinkedIn,"['Opportunity', 'Loaner_Unit_Evaluation', 'Application_Engineer_Call', 'AutoSens_Tech_Talk', 'Website_Product_Page', 'Application_Engineer_Call', 'No_Conversion']",0
L015395,Daniel Williams,Broad_Tech,Semiconductor,LATAM,,Website,"['Technical_Demo', 'Keysight_Workshop_RF_Testing', 'Whitepaper_Download_5G_Test', 'SQL', 'SQL', 'Whitepaper_Download_5G_Test', 'Technical_Demo', 'IMS_Badge_Scan', 'Website_Product_Page', 'Customer']",1
L015396,Priya Martinez,Qualcomm,Automotive,APAC,,Event,"['Technical_Demo', 'Lab_Integration_Discussion', 'Keysight_Workshop_RF_Testing', 'LinkedIn_Ad_Click', 'Customer']",1
L015397,Hiroshi Ito,MetaC_Tech,Semiconductor,APAC,Automotive Ethernet,Email Campaign,"['AutoSens_Tech_Talk', 'PathWave_Trial_Request', 'Loaner_Unit_Evaluation', 'SQL', 'No_Conversion']",0
L015398,Chen Martinez,,Telecom,LATAM,Automotive Ethernet,,"['SQL', 'Keysight_Workshop_RF_Testing', 'AutoSens_Tech_Talk', 'AutoSens_Tech_Talk', 'Application_Engineer_Call', 'Whitepaper_Download_5G_Test', 'SQL', 'Whitepaper_Download_5G_Test', 'AutoSens_Tech_Talk', 'No_Conversion']",0
L015399,Sarah Ito,Bosch GmbH,Semiconductor,APAC,Automotive Ethernet,Event,"['SQL', 'LinkedIn_Ad_Click', 'Keysight_Workshop_RF_Testing', 'Oscilloscope_Selector_Tool', 'No_Conversion']",0
L015400,Sarah Singh,Broadcom GmbH,Electronics,Europe,Oscilloscopes,Webinar,"['Keysight_University_Course', 'Technical_Demo', 'Loaner_Unit_Evaluation', 'SQL', 'Oscilloscope_Selector_Tool', 'MQL', 'Loaner_Unit_Evaluation', 'Keysight_Workshop_RF_Testing', 'Loaner_Unit_Evaluation', 'Customer']",1
L015401,Kenji Patel,Tesla Energy,,LATAM,PathWave Software,Sales Outreach,"['Keysight_University_Course', 'PathWave_Trial_Request', 'Oscilloscope_Selector_Tool', 'LinkedIn_Ad_Click', 'Customer']",1
L015402,Ravi Ito,,Automotive,APAC,PathWave Software,Webinar,['No_Conversion'],0
L015403,Laura Williams,Qualc_Tech,,North America,,Webinar,['No_Conversion'],0
L015404,Priya Tanaka,,,North America,,Event,"['Oscilloscope_Selector_Tool', 'Keysight_University_Course', 'Opportunity', 'No_Conversion']",0
L015405,Michael Tanaka,Sony_Tech,Aerospace,,,Email Campaign,"['Keysight_Workshop_RF_Testing', 'Application_Engineer_Call', 'Whitepaper_Download_5G_Test', 'Whitepaper_Download_5G_Test', 'LinkedIn_Ad_Click', 'No_Conversion']",0
L015406,Sarah Chen,Meta Connectivity Labs,Electronics,Europe,,LinkedIn,"['Loaner_Unit_Evaluation', 'LinkedIn_Ad_Click', 'IMS_Badge_Scan', 'LinkedIn_Ad_Click', 'Lab_Integration_Discussion', 'Opportunity', 'SQL', 'Customer']",1
L015407,Kenji Patel,Raytheon GmbH,,North America,5G Testbeds,Event,"['AutoSens_Tech_Talk', 'Technical_Demo', 'Technical_Demo', 'Loaner_Unit_Evaluation', 'IMS_Badge_Scan', 'SQL', 'Website_Product_Page', 'Keysight_Workshop_RF_Testing', 'Website_Product_Page', 'No_Conversion']",0
L015408,,Broadcom GmbH,,APAC,,,"['Keysight_Workshop_RF_Testing', 'SQL', 'Keysight_University_Course', 'LinkedIn_Ad_Click', 'Technical_Demo', 'IMS_Badge_Scan', 'Loaner_Unit_Evaluation', 'No_Conversion']",0
L015409,Ravi Johnson,Broadcom GmbH,Telecom,LATAM,PathWave Software,Website,"['SQL', 'Technical_Demo', 'Loaner_Unit_Evaluation', 'IMS_Badge_Scan', 'Customer']",1
L015410,Sarah Johnson,Sony GmbH,Electronics,Europe,,Website,"['Opportunity', 'Oscilloscope_Selector_Tool', 'Keysight_University_Course', 'No_Conversion']",0
L015411,Sofia Tanaka,Bosch_Tech,,,Automotive Ethernet,Website,"['LinkedIn_Ad_Click', 'Application_Engineer_Call', 'Technical_Demo', 'Application_Engineer_Call', 'Opportunity', 'Keysight_Workshop_RF_Testing', 'SQL', 'Customer']",1
L015412,Ravi Garcia,Sony,,,,LinkedIn,"['Loaner_Unit_Evaluation', 'IMS_Badge_Scan', 'DesignCon_Booth_Visit', 'Customer']",1
L015413,Chen Johnson,,Aerospace,APAC,,Email Campaign,"['Opportunity', 'DesignCon_Booth_Visit', 'Keysight_Workshop_RF_Testing', 'MQL', 'Whitepaper_Download_5G_Test', 'Website_Product_Page', 'Keysight_University_Course', 'Application_Engineer_Call', 'MQL', 'No_Conversion']",0
L015414,Kenji Martinez,,Automotive,Europe,Oscilloscopes,Email Campaign,"['AutoSens_Tech_Talk', 'SQL', 'Keysight_University_Course', 'Loaner_Unit_Evaluation', 'SQL', 'Keysight_University_Course', 'Technical_Demo', 'Website_Product_Page', 'No_Conversion']",0
L015415,Maria Lee,Infin_Tech,,Europe,5G Testbeds,Sales Outreach,['Customer'],1
L015416,Chen Khan,Sony,Telecom,LATAM,Automotive Ethernet,Webinar,"['MQL', 'Loaner_Unit_Evaluation', 'IMS_Badge_Scan', 'No_Conversion']",0
L015417,,Qualcomm,Automotive,LATAM,5G Testbeds,Sales Outreach,"['Loaner_Unit_Evaluation', 'No_Conversion']",0
L015418,Daniel Singh,Broadcom GmbH,Electronics,APAC,5G Testbeds,LinkedIn,"['AutoSens_Tech_Talk', 'Opportunity', 'Keysight_University_Course', 'SQL', 'Oscilloscope_Selector_Tool', 'Keysight_Workshop_RF_Testing', 'PathWave_Trial_Request', 'Application_Engineer_Call', 'No_Conversion']",0
L015419,Priya Anders,Bosch GmbH,Electronics,APAC,,Email Campaign,"['AutoSens_Tech_Talk', 'Website_Product_Page', 'MQL', 'Customer']",1
L015420,Priya Johnson,Sony,Semiconductor,APAC,5G Testbeds,Sales Outreach,['No_Conversion'],0
L015421,Priya Anders,Bosch,,North America,Oscilloscopes,Email Campaign,"['IMS_Badge_Scan', 'AutoSens_Tech_Talk', 'Oscilloscope_Selector_Tool', 'Oscilloscope_Selector_Tool', 'Oscilloscope_Selector_Tool', 'LinkedIn_Ad_Click', 'Application_Engineer_Call', 'Customer']",1
L015422,Daniel Tanaka,,,North America,5G Testbeds,Webinar,"['DesignCon_Booth_Visit', 'No_Conversion']",0
L015423,Hiroshi Garcia,Infineon GmbH,Semiconductor,LATAM,,Website,"['Website_Product_Page', 'No_Conversion']",0
L015424,Sarah Williams,Broadcom GmbH,,Europe,Automotive Ethernet,Sales Outreach,"['Technical_Demo', 'Application_Engineer_Call', 'No_Conversion']",0
L015425,Ahmed Khan,Broadcom GmbH,Aerospace,Europe,5G Testbeds,Email Campaign,"['Opportunity', 'Whitepaper_Download_5G_Test', 'MQL', 'SQL', 'No_Conversion']",0
L015426,Sofia Singh,NXP Semiconductors,Aerospace,LATAM,,LinkedIn,['Customer'],1
L015427,Hiroshi Ito,Meta Connectivity Labs,Electronics,APAC,,Webinar,"['Oscilloscope_Selector_Tool', 'Keysight_Workshop_RF_Testing', 'Keysight_University_Course', 'Oscilloscope_Selector_Tool', 'Whitepaper_Download_5G_Test', 'AutoSens_Tech_Talk', 'DesignCon_Booth_Visit', 'MQL', 'Customer']",1
L015428,Ahmed Williams,,,North America,5G Testbeds,Sales Outreach,"['Oscilloscope_Selector_Tool', 'Application_Engineer_Call', 'PathWave_Trial_Request', 'Technical_Demo', 'Lab_Integration_Discussion', 'DesignCon_Booth_Visit', 'AutoSens_Tech_Talk', 'PathWave_Trial_Request', 'Website_Product_Page', 'Customer']",1
L015429,Kenji Ito,,,North America,5G Testbeds,Sales Outreach,['Customer'],1
L015430,Daniel Lee,Rayth_Tech,,,5G Testbeds,Webinar,"['AutoSens_Tech_Talk', 'LinkedIn_Ad_Click', 'SQL', 'Website_Product_Page', 'DesignCon_Booth_Visit', 'No_Conversion']",0
L015431,Hiroshi Anders,Infineon,,APAC,5G Testbeds,Sales Outreach,"['Keysight_University_Course', 'Website_Product_Page', 'Opportunity', 'Lab_Integration_Discussion', 'Lab_Integration_Discussion', 'Oscilloscope_Selector_Tool', 'No_Conversion']",0
L015432,Ravi Johnson,Samsung Electronics GmbH,Automotive,North America,Oscilloscopes,,['Customer'],1
L015433,Hiroshi Ito,Qualcomm GmbH,Automotive,Europe,5G Testbeds,Email Campaign,"['Opportunity', 'AutoSens_Tech_Talk', 'LinkedIn_Ad_Click', 'AutoSens_Tech_Talk', 'Lab_Integration_Discussion', 'Customer']",1
L015434,Maria Garcia,,,North America,,,"['MQL', 'MQL', 'PathWave_Trial_Request', 'Lab_Integration_Discussion', 'IMS_Badge_Scan', 'PathWave_Trial_Request', 'Opportunity', 'Whitepaper_Download_5G_Test', 'Lab_Integration_Discussion', 'Technical_Demo', 'Customer']",1
L015435,Ahmed Tanaka,Sony_Tech,Telecom,APAC,Automotive Ethernet,,"['PathWave_Trial_Request', 'Keysight_Workshop_RF_Testing', 'SQL', 'Application_Engineer_Call', 'No_Conversion']",0
L015436,Sarah Tanaka,Qualc_Tech,Aerospace,APAC,Automotive Ethernet,Sales Outreach,"['PathWave_Trial_Request', 'Loaner_Unit_Evaluation', 'Oscilloscope_Selector_Tool', 'Technical_Demo', 'Application_Engineer_Call', 'Customer']",1
L015437,Laura Tanaka,Sony,Aerospace,APAC,Oscilloscopes,Email Campaign,['No_Conversion'],0
L015438,Maria Garcia,Infineon,,APAC,,Website,"['Whitepaper_Download_5G_Test', 'IMS_Badge_Scan', 'DesignCon_Booth_Visit', 'Loaner_Unit_Evaluation', 'PathWave_Trial_Request', 'LinkedIn_Ad_Click', 'PathWave_Trial_Request', 'Keysight_Workshop_RF_Testing', 'SQL', 'No_Conversion']",0
L015439,,,,North America,,Email Campaign,"['MQL', 'Loaner_Unit_Evaluation', 'Opportunity', 'Application_Engineer_Call', 'PathWave_Trial_Request', 'Whitepaper_Download_5G_Test', 'Customer']",1
L015440,Ravi Chen,Broadcom GmbH,Semiconductor,LATAM,,LinkedIn,"['PathWave_Trial_Request', 'PathWave_Trial_Request', 'Website_Product_Page', 'Oscilloscope_Selector_Tool', 'Lab_Integration_Discussion', 'Keysight_Workshop_RF_Testing', 'PathWave_Trial_Request', 'Customer']",1
L015441,Chen Chen,,Telecom,,,Website,"['Whitepaper_Download_5G_Test', 'Website_Product_Page', 'Opportunity', 'MQL', 'MQL', 'Loaner_Unit_Evaluation', 'No_Conversion']",0
L015442,Chen Lee,Bosch_Tech,,LATAM,Automotive Ethernet,Website,"['Opportunity', 'PathWave_Trial_Request', 'Application_Engineer_Call', 'MQL', 'Opportunity', 'Keysight_University_Course', 'AutoSens_Tech_Talk', 'No_Conversion']",0
L015443,Priya Ito,,Automotive,APAC,Oscilloscopes,Sales Outreach,"['MQL', 'Loaner_Unit_Evaluation', 'MQL', 'MQL', 'Website_Product_Page', 'Oscilloscope_Selector_Tool', 'Application_Engineer_Call', 'IMS_Badge_Scan', 'No_Conversion']",0
L015444,Hiroshi Khan,Meta Connectivity Labs,Aerospace,LATAM,5G Testbeds,,"['MQL', 'Lab_Integration_Discussion', 'Customer']",1
L015445,Laura Patel,Rayth_Tech,,LATAM,,LinkedIn,"['Lab_Integration_Discussion', 'Whitepaper_Download_5G_Test', 'Technical_Demo', 'No_Conversion']",0
L015446,Maria Lee,NXPSe_Tech,Semiconductor,Europe,,Event,"['MQL', 'AutoSens_Tech_Talk', 'Keysight_University_Course', 'MQL', 'IMS_Badge_Scan', 'Loaner_Unit_Evaluation', 'MQL', 'No_Conversion']",0
L015447,Sarah Anders,,Telecom,Europe,5G Testbeds,Sales Outreach,"['SQL', 'No_Conversion']",0
L015448,Priya Chen,NXPSe_Tech,,LATAM,Oscilloscopes,Email Campaign,['No_Conversion'],0
L015449,Laura Khan,NXPSe_Tech,Automotive,Europe,5G Testbeds,Webinar,"['Whitepaper_Download_5G_Test', 'SQL', 'LinkedIn_Ad_Click', 'PathWave_Trial_Request', 'PathWave_Trial_Request', 'MQL', 'No_Conversion']",0
L015450,Michael Martinez,,Electronics,,,,"['Technical_Demo', 'Loaner_Unit_Evaluation', 'Website_Product_Page', 'Oscilloscope_Selector_Tool', 'Oscilloscope_Selector_Tool', 'Loaner_Unit_Evaluation', 'Technical_Demo', 'SQL', 'AutoSens_Tech_Talk', 'Whitepaper_Download_5G_Test', 'No_Conversion']",0
L015451,Hiroshi Khan,Infineon GmbH,Aerospace,APAC,,Event,"['Lab_Integration_Discussion', 'Oscilloscope_Selector_Tool', 'AutoSens_Tech_Talk', 'Technical_Demo', 'No_Conversion']",0
L015452,Ahmed Martinez,Rayth_Tech,Semiconductor,APAC,PathWave Software,Sales Outreach,"['Technical_Demo', 'Technical_Demo', 'Opportunity', 'Application_Engineer_Call', 'No_Conversion']",0
L015453,Ravi Anders,NXP Semiconductors GmbH,Aerospace,Europe,PathWave Software,LinkedIn,"['PathWave_Trial_Request', 'Keysight_University_Course', 'Application_Engineer_Call', 'Customer']",1
L015454,Laura Anders,Sony,Semiconductor,North America,,,"['Keysight_Workshop_RF_Testing', 'Whitepaper_Download_5G_Test', 'Lab_Integration_Discussion', 'AutoSens_Tech_Talk', 'Lab_Integration_Discussion', 'Loaner_Unit_Evaluation', 'Website_Product_Page', 'LinkedIn_Ad_Click', 'LinkedIn_Ad_Click', 'Customer']",1
L015455,Chen Lee,Meta Connectivity Labs GmbH,Semiconductor,Europe,,Website,"['AutoSens_Tech_Talk', 'Technical_Demo', 'Oscilloscope_Selector_Tool', 'Customer']",1
L015456,Maria Williams,Bosch,Automotive,North America,Automotive Ethernet,Event,"['Keysight_University_Course', 'SQL', 'Opportunity', 'SQL', 'MQL', 'Oscilloscope_Selector_Tool', 'LinkedIn_Ad_Click', 'Website_Product_Page', 'Opportunity', 'Customer']",1
L015457,Daniel Anders,NXPSe_Tech,Automotive,APAC,PathWave Software,LinkedIn,"['Opportunity', 'Application_Engineer_Call', 'Opportunity', 'Technical_Demo', 'LinkedIn_Ad_Click', 'Website_Product_Page', 'PathWave_Trial_Request', 'Technical_Demo', 'Customer']",1
L015458,Sofia Khan,,Aerospace,LATAM,,LinkedIn,"['Loaner_Unit_Evaluation', 'IMS_Badge_Scan', 'Lab_Integration_Discussion', 'LinkedIn_Ad_Click', 'Technical_Demo', 'IMS_Badge_Scan', 'No_Conversion']",0
L015459,Maria Patel,Sony_Tech,,APAC,,Website,"['Application_Engineer_Call', 'Keysight_Workshop_RF_Testing', 'DesignCon_Booth_Visit', 'Keysight_Workshop_RF_Testing', 'Lab_Integration_Discussion', 'No_Conversion']",0
L015460,Maria Patel,Tesla Energy GmbH,Automotive,,,Event,"['IMS_Badge_Scan', 'Application_Engineer_Call', 'MQL', 'Customer']",1
L015461,Ravi Williams,Rayth_Tech,Semiconductor,North America,PathWave Software,LinkedIn,['No_Conversion'],0
L015462,Ravi Patel,Infin_Tech,Automotive,LATAM,Automotive Ethernet,Event,"['Technical_Demo', 'Lab_Integration_Discussion', 'PathWave_Trial_Request', 'No_Conversion']",0
L015463,Chen Martinez,Infineon GmbH,Electronics,LATAM,,Email Campaign,['Customer'],1
L015464,Priya Patel,Sony_Tech,,North America,5G Testbeds,Webinar,"['PathWave_Trial_Request', 'DesignCon_Booth_Visit', 'Website_Product_Page', 'Customer']",1
L015465,Ahmed Williams,Broadcom,Semiconductor,APAC,PathWave Software,Email Campaign,"['LinkedIn_Ad_Click', 'Lab_Integration_Discussion', 'Oscilloscope_Selector_Tool', 'No_Conversion']",0
L015466,Hiroshi Khan,Tesla Energy,Telecom,LATAM,Automotive Ethernet,Event,"['Keysight_Workshop_RF_Testing', 'AutoSens_Tech_Talk', 'Keysight_Workshop_RF_Testing', 'IMS_Badge_Scan', 'No_Conversion']",0
L015467,,Samsung Electronics,Aerospace,,,Sales Outreach,"['Loaner_Unit_Evaluation', 'Customer']",1
L015468,Priya Anders,Broad_Tech,Automotive,APAC,Oscilloscopes,Webinar,"['Website_Product_Page', 'PathWave_Trial_Request', 'Customer']",1
L015469,Sarah Martinez,Raytheon GmbH,Aerospace,APAC,,Sales Outreach,"['PathWave_Trial_Request', 'LinkedIn_Ad_Click', 'LinkedIn_Ad_Click', 'Technical_Demo', 'Customer']",1
L015470,Sarah Ito,Sony GmbH,Telecom,LATAM,Oscilloscopes,Event,"['Lab_Integration_Discussion', 'Technical_Demo', 'Technical_Demo', 'Loaner_Unit_Evaluation', 'Whitepaper_Download_5G_Test', 'No_Conversion']",0
L015471,Sarah Garcia,Sony_Tech,Semiconductor,,Automotive Ethernet,Email Campaign,['No_Conversion'],0
L015472,Sarah Singh,,Electronics,APAC,Oscilloscopes,Email Campaign,"['Website_Product_Page', 'Lab_Integration_Discussion', 'SQL', 'Keysight_University_Course', 'MQL', 'Whitepaper_Download_5G_Test', 'Technical_Demo', 'Customer']",1
L015473,Michael Lee,Tesla_Tech,Semiconductor,LATAM,Oscilloscopes,,"['IMS_Badge_Scan', 'Oscilloscope_Selector_Tool', 'Technical_Demo', 'Opportunity', 'Oscilloscope_Selector_Tool', 'Opportunity', 'MQL', 'Loaner_Unit_Evaluation', 'AutoSens_Tech_Talk', 'Customer']",1
L015474,Chen Chen,,Electronics,APAC,,Email Campaign,"['Application_Engineer_Call', 'Keysight_University_Course', 'IMS_Badge_Scan', 'Opportunity', 'Customer']",1
L015475,Sarah Tanaka,Samsung Electronics,,Europe,,Sales Outreach,"['Oscilloscope_Selector_Tool', 'Application_Engineer_Call', 'Oscilloscope_Selector_Tool', 'Lab_Integration_Discussion', 'MQL', 'Whitepaper_Download_5G_Test', 'IMS_Badge_Scan', 'No_Conversion']",0
L015476,Daniel Williams,Samsung Electronics GmbH,,APAC,,Sales Outreach,['No_Conversion'],0
L015477,Michael Martinez,Sony,Semiconductor,Europe,Automotive Ethernet,Email Campaign,"['MQL', 'AutoSens_Tech_Talk', 'PathWave_Trial_Request', 'Keysight_University_Course', 'Technical_Demo', 'No_Conversion']",0
L015478,Priya Tanaka,,Semiconductor,APAC,Oscilloscopes,Email Campaign,"['AutoSens_Tech_Talk', 'AutoSens_Tech_Talk', 'LinkedIn_Ad_Click', 'No_Conversion']",0
L015479,Chen Chen,Qualc_Tech,,LATAM,,Webinar,"['MQL', 'Website_Product_Page', 'AutoSens_Tech_Talk', 'Whitepaper_Download_5G_Test', 'MQL', 'Lab_Integration_Discussion', 'Customer']",1
L015480,Maria Chen,Infineon GmbH,,LATAM,PathWave Software,Sales Outreach,"['Opportunity', 'Loaner_Unit_Evaluation', 'Customer']",1
L015481,Sarah Johnson,Sony_Tech,Semiconductor,North America,Oscilloscopes,LinkedIn,"['Whitepaper_Download_5G_Test', 'Website_Product_Page', 'Keysight_University_Course', 'DesignCon_Booth_Visit', 'No_Conversion']",0
L015482,Ravi Johnson,Sony GmbH,,Europe,,,"['IMS_Badge_Scan', 'Whitepaper_Download_5G_Test', 'MQL', 'Oscilloscope_Selector_Tool', 'Customer']",1
L015483,Kenji Anders,Samsung Electronics,Electronics,North America,Automotive Ethernet,Webinar,"['IMS_Badge_Scan', 'Technical_Demo', 'Oscilloscope_Selector_Tool', 'Customer']",1
L015484,Maria Ito,NXP Semiconductors,Telecom,LATAM,Automotive Ethernet,Webinar,"['Whitepaper_Download_5G_Test', 'Opportunity', 'LinkedIn_Ad_Click', 'Lab_Integration_Discussion', 'DesignCon_Booth_Visit', 'Whitepaper_Download_5G_Test', 'MQL', 'AutoSens_Tech_Talk', 'Website_Product_Page', 'Customer']",1
L015485,Laura Martinez,Bosch GmbH,Semiconductor,Europe,5G Testbeds,,"['Technical_Demo', 'Oscilloscope_Selector_Tool', 'Keysight_University_Course', 'Opportunity', 'Keysight_Workshop_RF_Testing', 'No_Conversion']",0
L015486,Maria Johnson,Samsu_Tech,Automotive,APAC,5G Testbeds,Website,"['Website_Product_Page', 'MQL', 'Customer']",1
L015487,,NXP Semiconductors GmbH,Electronics,North America,Oscilloscopes,Email Campaign,"['LinkedIn_Ad_Click', 'Lab_Integration_Discussion', 'DesignCon_Booth_Visit', 'Lab_Integration_Discussion', 'LinkedIn_Ad_Click', 'Keysight_Workshop_RF_Testing', 'Keysight_University_Course', 'Application_Engineer_Call', 'Technical_Demo', 'No_Conversion']",0
L015488,Michael Chen,Meta Connectivity Labs GmbH,Electronics,,,,"['Application_Engineer_Call', 'Keysight_Workshop_RF_Testing', 'Whitepaper_Download_5G_Test', 'Customer']",1
L015489,Sofia Martinez,Sony_Tech,Automotive,APAC,,Event,['Customer'],1
L015490,Priya Garcia,Sony_Tech,Semiconductor,,Oscilloscopes,LinkedIn,['No_Conversion'],0
L015491,Laura Khan,,Automotive,LATAM,Oscilloscopes,Webinar,"['Application_Engineer_Call', 'Application_Engineer_Call', 'SQL', 'AutoSens_Tech_Talk', 'Opportunity', 'Technical_Demo', 'Oscilloscope_Selector_Tool', 'Keysight_University_Course', 'Opportunity', 'No_Conversion']",0
L015492,Chen Lee,Samsung Electronics,,,,Website,"['Website_Product_Page', 'IMS_Badge_Scan', 'Whitepaper_Download_5G_Test', 'Keysight_University_Course', 'No_Conversion']",0
L015493,Michael Anders,Qualc_Tech,Electronics,,5G Testbeds,Webinar,"['Whitepaper_Download_5G_Test', 'Keysight_Workshop_RF_Testing', 'PathWave_Trial_Request', 'Application_Engineer_Call', 'Loaner_Unit_Evaluation', 'Oscilloscope_Selector_Tool', 'AutoSens_Tech_Talk', 'Website_Product_Page', 'Loaner_Unit_Evaluation', 'SQL', 'Customer']",1
L015494,Hiroshi Chen,Raytheon GmbH,,Europe,5G Testbeds,Webinar,"['Website_Product_Page', 'PathWave_Trial_Request', 'No_Conversion']",0
L015495,Daniel Anders,Broadcom GmbH,,LATAM,,,['No_Conversion'],0
L015496,Michael Anders,Qualcomm,,APAC,,Website,"['Application_Engineer_Call', 'Customer']",1
L015497,Ravi Anders,Qualcomm,Semiconductor,Europe,5G Testbeds,Website,"['Loaner_Unit_Evaluation', 'Website_Product_Page', 'Oscilloscope_Selector_Tool', 'SQL', 'IMS_Badge_Scan', 'PathWave_Trial_Request', 'Keysight_University_Course', 'Lab_Integration_Discussion', 'No_Conversion']",0
L015498,,Infineon GmbH,Electronics,LATAM,5G Testbeds,LinkedIn,"['Keysight_Workshop_RF_Testing', 'SQL', 'Customer']",1
L015499,Sofia Singh,Bosch GmbH,Aerospace,North America,,Sales Outreach,"['Application_Engineer_Call', 'Application_Engineer_Call', 'PathWave_Trial_Request', 'Application_Engineer_Call', 'PathWave_Trial_Request', 'Customer']",1
L015500,Ravi Ito,,,LATAM,PathWave Software,Website,"['DesignCon_Booth_Visit', 'Keysight_Workshop_RF_Testing', 'Lab_Integration_Discussion', 'Customer']",1
L015501,Ravi Lee,Sony GmbH,Automotive,LATAM,Oscilloscopes,Webinar,"['Keysight_University_Course', 'PathWave_Trial_Request', 'AutoSens_Tech_Talk', 'DesignCon_Booth_Visit', 'Customer']",1
L015502,,Infin_Tech,,APAC,Oscilloscopes,Webinar,"['Technical_Demo', 'Technical_Demo', 'Customer']",1
L015503,Ravi Singh,,Aerospace,North America,,Website,"['Lab_Integration_Discussion', 'No_Conversion']",0
L015504,Daniel Ito,Sony,,,PathWave Software,Website,"['LinkedIn_Ad_Click', 'Oscilloscope_Selector_Tool', 'IMS_Badge_Scan', 'Loaner_Unit_Evaluation', 'Keysight_University_Course', 'MQL', 'Lab_Integration_Discussion', 'Customer']",1
L015505,,Infin_Tech,Semiconductor,,PathWave Software,Event,"['Opportunity', 'Loaner_Unit_Evaluation', 'Whitepaper_Download_5G_Test', 'No_Conversion']",0
L015506,Sarah Anders,Infineon,Semiconductor,Europe,5G Testbeds,Email Campaign,"['Keysight_University_Course', 'PathWave_Trial_Request', 'LinkedIn_Ad_Click', 'IMS_Badge_Scan', 'Application_Engineer_Call', 'Technical_Demo', 'MQL', 'No_Conversion']",0
L015507,Michael Williams,Bosch_Tech,,,,Event,"['DesignCon_Booth_Visit', 'Website_Product_Page', 'Oscilloscope_Selector_Tool', 'No_Conversion']",0
L015508,Ravi Singh,Samsu_Tech,Aerospace,,,Email Campaign,"['PathWave_Trial_Request', 'Keysight_University_Course', 'AutoSens_Tech_Talk', 'DesignCon_Booth_Visit', 'No_Conversion']",0
L015509,,NXPSe_Tech,Automotive,Europe,,Webinar,"['Application_Engineer_Call', 'No_Conversion']",0
L015510,Michael Williams,Tesla Energy,Telecom,LATAM,Oscilloscopes,LinkedIn,['Customer'],1
L015511,Laura Anders,NXPSe_Tech,Electronics,North America,,Email Campaign,"['IMS_Badge_Scan', 'No_Conversion']",0
L015512,Maria Khan,Samsung Electronics GmbH,Electronics,,,,"['Keysight_Workshop_RF_Testing', 'Opportunity', 'IMS_Badge_Scan', 'MQL', 'Website_Product_Page', 'Website_Product_Page', 'Opportunity', 'Opportunity', 'Customer']",1
L015513,Laura Singh,Samsung Electronics GmbH,Telecom,APAC,,Email Campaign,"['PathWave_Trial_Request', 'Keysight_University_Course', 'Customer']",1
L015514,Michael Anders,Meta Connectivity Labs GmbH,Automotive,Europe,Automotive Ethernet,Sales Outreach,"['Whitepaper_Download_5G_Test', 'Website_Product_Page', 'Keysight_Workshop_RF_Testing', 'Opportunity', 'Technical_Demo', 'Technical_Demo', 'AutoSens_Tech_Talk', 'Opportunity', 'AutoSens_Tech_Talk', 'No_Conversion']",0
L015515,,Broadcom GmbH,Semiconductor,,PathWave Software,Webinar,['Customer'],1
L015516,Michael Martinez,Bosch GmbH,,LATAM,,Website,"['SQL', 'Oscilloscope_Selector_Tool', 'SQL', 'No_Conversion']",0
L015517,Ahmed Khan,Qualcomm,Aerospace,,5G Testbeds,Event,"['Keysight_University_Course', 'SQL', 'MQL', 'PathWave_Trial_Request', 'Keysight_University_Course', 'IMS_Badge_Scan', 'Keysight_Workshop_RF_Testing', 'Keysight_University_Course', 'DesignCon_Booth_Visit', 'No_Conversion']",0
L015518,Hiroshi Johnson,Tesla Energy,Electronics,APAC,5G Testbeds,Website,"['Keysight_Workshop_RF_Testing', 'Oscilloscope_Selector_Tool', 'Opportunity', 'SQL', 'LinkedIn_Ad_Click', 'Customer']",1
L015519,Ravi Garcia,Bosch,Semiconductor,Europe,,,"['DesignCon_Booth_Visit', 'Oscilloscope_Selector_Tool', 'Technical_Demo', 'No_Conversion']",0
L015520,Chen Martinez,Samsu_Tech,Telecom,North America,,Email Campaign,"['Lab_Integration_Discussion', 'Keysight_Workshop_RF_Testing', 'AutoSens_Tech_Talk', 'Oscilloscope_Selector_Tool', 'PathWave_Trial_Request', 'Website_Product_Page', 'PathWave_Trial_Request', 'Customer']",1
L015521,Daniel Williams,NXPSe_Tech,Semiconductor,LATAM,Oscilloscopes,Event,"['Website_Product_Page', 'Application_Engineer_Call', 'IMS_Badge_Scan', 'DesignCon_Booth_Visit', 'Customer']",1
L015522,Ahmed Garcia,Infineon,,North America,Automotive Ethernet,Sales Outreach,"['Whitepaper_Download_5G_Test', 'Oscilloscope_Selector_Tool', 'No_Conversion']",0
L015523,Chen Martinez,Bosch,Semiconductor,APAC,Oscilloscopes,,"['Oscilloscope_Selector_Tool', 'DesignCon_Booth_Visit', 'Oscilloscope_Selector_Tool', 'DesignCon_Booth_Visit', 'No_Conversion']",0
L015524,Daniel Singh,Broad_Tech,,LATAM,,Website,"['Oscilloscope_Selector_Tool', 'Keysight_Workshop_RF_Testing', 'Website_Product_Page', 'AutoSens_Tech_Talk', 'Keysight_Workshop_RF_Testing', 'AutoSens_Tech_Talk', 'Customer']",1
L015525,Daniel Williams,,Aerospace,,5G Testbeds,Email Campaign,"['Lab_Integration_Discussion', 'IMS_Badge_Scan', 'Opportunity', 'No_Conversion']",0
L015526,Sofia Khan,Bosch,,Europe,5G Testbeds,LinkedIn,"['Keysight_University_Course', 'SQL', 'Loaner_Unit_Evaluation', 'PathWave_Trial_Request', 'Website_Product_Page', 'LinkedIn_Ad_Click', 'Keysight_University_Course', 'Oscilloscope_Selector_Tool', 'Opportunity', 'Whitepaper_Download_5G_Test', 'No_Conversion']",0
L015527,Sarah Ito,Infin_Tech,Electronics,LATAM,,Email Campaign,"['Lab_Integration_Discussion', 'No_Conversion']",0
L015528,Chen Ito,NXPSe_Tech,,North America,PathWave Software,Website,['Customer'],1
L015529,Laura Ito,,,North America,PathWave Software,LinkedIn,"['Keysight_University_Course', 'Whitepaper_Download_5G_Test', 'MQL', 'Keysight_Workshop_RF_Testing', 'IMS_Badge_Scan', 'AutoSens_Tech_Talk', 'Website_Product_Page', 'Website_Product_Page', 'Keysight_Workshop_RF_Testing', 'Customer']",1
L015530,Ravi Khan,MetaC_Tech,Electronics,Europe,,Website,"['Whitepaper_Download_5G_Test', 'SQL', 'MQL', 'Customer']",1
L015531,Daniel Ito,Sony GmbH,,Europe,Oscilloscopes,Email Campaign,"['SQL', 'Keysight_University_Course', 'AutoSens_Tech_Talk', 'Whitepaper_Download_5G_Test', 'MQL', 'PathWave_Trial_Request', 'IMS_Badge_Scan', 'LinkedIn_Ad_Click', 'Customer']",1
L015532,Sofia Patel,Qualc_Tech,,LATAM,Oscilloscopes,LinkedIn,"['IMS_Badge_Scan', 'MQL', 'PathWave_Trial_Request', 'Website_Product_Page', 'Application_Engineer_Call', 'IMS_Badge_Scan', 'Whitepaper_Download_5G_Test', 'Oscilloscope_Selector_Tool', 'No_Conversion']",0
L015533,Sofia Chen,Raytheon GmbH,Telecom,APAC,PathWave Software,Webinar,['No_Conversion'],0
L015534,Ahmed Tanaka,Infineon,Electronics,LATAM,,Event,"['Application_Engineer_Call', 'MQL', 'Customer']",1
L015535,Hiroshi Lee,Broadcom GmbH,Telecom,North America,,LinkedIn,"['AutoSens_Tech_Talk', 'Opportunity', 'SQL', 'Keysight_Workshop_RF_Testing', 'Keysight_University_Course', 'Customer']",1
L015536,Michael Martinez,Broad_Tech,,APAC,,Email Campaign,"['PathWave_Trial_Request', 'Oscilloscope_Selector_Tool', 'IMS_Badge_Scan', 'AutoSens_Tech_Talk', 'Technical_Demo', 'IMS_Badge_Scan', 'DesignCon_Booth_Visit', 'Oscilloscope_Selector_Tool', 'Customer']",1
L015537,,,,,PathWave Software,Webinar,"['Loaner_Unit_Evaluation', 'AutoSens_Tech_Talk', 'PathWave_Trial_Request', 'IMS_Badge_Scan', 'No_Conversion']",0
L015538,Ahmed Chen,Samsu_Tech,,Europe,,,"['Lab_Integration_Discussion', 'MQL', 'Application_Engineer_Call', 'Oscilloscope_Selector_Tool', 'AutoSens_Tech_Talk', 'Whitepaper_Download_5G_Test', 'IMS_Badge_Scan', 'Keysight_Workshop_RF_Testing', 'Customer']",1
L015539,Kenji Khan,Raytheon,Aerospace,,PathWave Software,Sales Outreach,"['DesignCon_Booth_Visit', 'PathWave_Trial_Request', 'Keysight_Workshop_RF_Testing', 'No_Conversion']",0
L015540,Kenji Williams,Infin_Tech,Electronics,APAC,Automotive Ethernet,LinkedIn,"['Lab_Integration_Discussion', 'SQL', 'Opportunity', 'SQL', 'Technical_Demo', 'Loaner_Unit_Evaluation', 'No_Conversion']",0
L015541,Chen Johnson,,Automotive,,PathWave Software,LinkedIn,"['AutoSens_Tech_Talk', 'DesignCon_Booth_Visit', 'No_Conversion']",0
L015542,Maria Khan,Rayth_Tech,Electronics,North America,Automotive Ethernet,Webinar,"['DesignCon_Booth_Visit', 'AutoSens_Tech_Talk', 'Keysight_University_Course', 'Keysight_University_Course', 'No_Conversion']",0
L015543,Sofia Williams,Broad_Tech,Telecom,Europe,,,"['Keysight_University_Course', 'Keysight_University_Course', 'PathWave_Trial_Request', 'No_Conversion']",0
L015544,Maria Chen,NXP Semiconductors,Aerospace,,,Event,"['Keysight_University_Course', 'LinkedIn_Ad_Click', 'PathWave_Trial_Request', 'Opportunity', 'Lab_Integration_Discussion', 'Lab_Integration_Discussion', 'PathWave_Trial_Request', 'Whitepaper_Download_5G_Test', 'Website_Product_Page', 'No_Conversion']",0
L015545,Chen Chen,Meta Connectivity Labs,,Europe,Automotive Ethernet,Website,"['PathWave_Trial_Request', 'PathWave_Trial_Request', 'Whitepaper_Download_5G_Test', 'SQL', 'Opportunity', 'Keysight_Workshop_RF_Testing', 'LinkedIn_Ad_Click', 'LinkedIn_Ad_Click', 'Customer']",1
L015546,Ahmed Johnson,Sony_Tech,Automotive,LATAM,,Email Campaign,"['IMS_Badge_Scan', 'Lab_Integration_Discussion', 'Application_Engineer_Call', 'SQL', 'Keysight_Workshop_RF_Testing', 'Customer']",1
L015547,Sofia Khan,Broad_Tech,Aerospace,LATAM,,Website,"['Lab_Integration_Discussion', 'MQL', 'MQL', 'Customer']",1
L015548,Priya Ito,Sony,,North America,Oscilloscopes,Event,"['Oscilloscope_Selector_Tool', 'IMS_Badge_Scan', 'DesignCon_Booth_Visit', 'AutoSens_Tech_Talk', 'Customer']",1
L015549,Kenji Patel,,,APAC,PathWave Software,Email Campaign,"['AutoSens_Tech_Talk', 'No_Conversion']",0
L015550,Maria Ito,,,LATAM,Automotive Ethernet,Sales Outreach,"['Opportunity', 'No_Conversion']",0
L015551,Kenji Singh,Raytheon,Automotive,APAC,Oscilloscopes,Webinar,"['Loaner_Unit_Evaluation', 'No_Conversion']",0
L015552,,Meta Connectivity Labs GmbH,Telecom,LATAM,,Webinar,"['Technical_Demo', 'DesignCon_Booth_Visit', 'Keysight_University_Course', 'Technical_Demo', 'DesignCon_Booth_Visit', 'Application_Engineer_Call', 'Opportunity', 'Whitepaper_Download_5G_Test', 'Customer']",1
L015553,,MetaC_Tech,Telecom,LATAM,5G Testbeds,Website,"['DesignCon_Booth_Visit', 'Technical_Demo', 'Technical_Demo', 'No_Conversion']",0
L015554,Chen Garcia,Broadcom GmbH,Automotive,,,Sales Outreach,['No_Conversion'],0
L015555,,Sony GmbH,,LATAM,,Email Campaign,"['Technical_Demo', 'Loaner_Unit_Evaluation', 'PathWave_Trial_Request', 'Keysight_University_Course', 'SQL', 'Oscilloscope_Selector_Tool', 'Application_Engineer_Call', 'Lab_Integration_Discussion', 'Oscilloscope_Selector_Tool', 'Website_Product_Page', 'Customer']",1
L015556,Sofia Chen,Sony GmbH,Telecom,APAC,Oscilloscopes,Webinar,"['Keysight_University_Course', 'No_Conversion']",0
L015557,Daniel Khan,Bosch,Automotive,North America,,Sales Outreach,"['Loaner_Unit_Evaluation', 'Technical_Demo', 'Technical_Demo', 'Customer']",1
L015558,Ahmed Garcia,,,APAC,,Sales Outreach,"['LinkedIn_Ad_Click', 'AutoSens_Tech_Talk', 'Customer']",1
L015559,Ahmed Ito,Tesla Energy GmbH,Aerospace,LATAM,Automotive Ethernet,Email Campaign,"['Lab_Integration_Discussion', 'Keysight_Workshop_RF_Testing', 'DesignCon_Booth_Visit', 'Keysight_Workshop_RF_Testing', 'No_Conversion']",0
L015560,Chen Williams,Samsung Electronics,Electronics,,5G Testbeds,Email Campaign,"['LinkedIn_Ad_Click', 'No_Conversion']",0
L015561,Maria Johnson,,Aerospace,North America,,,"['Application_Engineer_Call', 'Opportunity', 'SQL', 'Customer']",1
L015562,Maria Garcia,,Electronics,APAC,Oscilloscopes,,"['Lab_Integration_Discussion', 'Keysight_University_Course', 'IMS_Badge_Scan', 'SQL', 'Technical_Demo', 'Customer']",1
L015563,Chen Johnson,NXP Semiconductors,Telecom,LATAM,Automotive Ethernet,LinkedIn,"['IMS_Badge_Scan', 'Loaner_Unit_Evaluation', 'No_Conversion']",0
L015564,Ravi Anders,Meta Connectivity Labs GmbH,Electronics,LATAM,,LinkedIn,"['Whitepaper_Download_5G_Test', 'Keysight_University_Course', 'Loaner_Unit_Evaluation', 'IMS_Badge_Scan', 'PathWave_Trial_Request', 'No_Conversion']",0
L015565,Priya Martinez,Infin_Tech,Telecom,LATAM,5G Testbeds,Email Campaign,"['IMS_Badge_Scan', 'Keysight_Workshop_RF_Testing', 'AutoSens_Tech_Talk', 'LinkedIn_Ad_Click', 'Keysight_Workshop_RF_Testing', 'MQL', 'Lab_Integration_Discussion', 'Customer']",1
L015566,Ahmed Williams,Tesla Energy,,,Oscilloscopes,LinkedIn,"['Technical_Demo', 'PathWave_Trial_Request', 'PathWave_Trial_Request', 'Website_Product_Page', 'Website_Product_Page', 'Keysight_Workshop_RF_Testing', 'Technical_Demo', 'LinkedIn_Ad_Click', 'Keysight_Workshop_RF_Testing', 'Customer']",1
L015567,Hiroshi Patel,Broad_Tech,Automotive,APAC,Oscilloscopes,Event,"['LinkedIn_Ad_Click', 'Website_Product_Page', 'DesignCon_Booth_Visit', 'Whitepaper_Download_5G_Test', 'No_Conversion']",0
L015568,Ahmed Tanaka,Tesla Energy,,,,LinkedIn,"['Technical_Demo', 'Oscilloscope_Selector_Tool', 'Lab_Integration_Discussion', 'Technical_Demo', 'Oscilloscope_Selector_Tool', 'IMS_Badge_Scan', 'Website_Product_Page', 'IMS_Badge_Scan', 'Keysight_Workshop_RF_Testing', 'No_Conversion']",0
L015569,Sofia Tanaka,,Automotive,,Automotive Ethernet,Email Campaign,"['SQL', 'DesignCon_Booth_Visit', 'Application_Engineer_Call', 'Customer']",1
L015570,Daniel Ito,,Electronics,North America,Oscilloscopes,Event,"['Keysight_University_Course', 'LinkedIn_Ad_Click', 'Customer']",1
L015571,Daniel Lee,Qualcomm,,Europe,,,"['DesignCon_Booth_Visit', 'Technical_Demo', 'Application_Engineer_Call', 'Whitepaper_Download_5G_Test', 'No_Conversion']",0
L015572,Hiroshi Singh,Tesla Energy GmbH,Semiconductor,North America,5G Testbeds,Email Campaign,"['Keysight_University_Course', 'Keysight_University_Course', 'Keysight_Workshop_RF_Testing', 'Opportunity', 'DesignCon_Booth_Visit', 'Lab_Integration_Discussion', 'IMS_Badge_Scan', 'No_Conversion']",0
L015573,Ahmed Anders,,Semiconductor,LATAM,Oscilloscopes,Event,['No_Conversion'],0
L015574,Priya Martinez,Raytheon,Electronics,North America,,Sales Outreach,"['Technical_Demo', 'Application_Engineer_Call', 'LinkedIn_Ad_Click', 'SQL', 'No_Conversion']",0
L015575,Michael Williams,,Automotive,LATAM,,LinkedIn,"['Website_Product_Page', 'Lab_Integration_Discussion', 'Whitepaper_Download_5G_Test', 'Website_Product_Page', 'SQL', 'Website_Product_Page', 'Application_Engineer_Call', 'Oscilloscope_Selector_Tool', 'Opportunity', 'Customer']",1
L015576,Kenji Ito,Sony,Electronics,LATAM,PathWave Software,LinkedIn,['Customer'],1
L015577,Sofia Ito,Tesla Energy GmbH,Semiconductor,North America,PathWave Software,Email Campaign,['Customer'],1
L015578,Sarah Ito,,Aerospace,LATAM,,Event,"['Keysight_University_Course', 'SQL', 'SQL', 'Application_Engineer_Call', 'No_Conversion']",0
L015579,Sofia Tanaka,Qualcomm,Semiconductor,APAC,Automotive Ethernet,Webinar,"['Keysight_University_Course', 'Oscilloscope_Selector_Tool', 'AutoSens_Tech_Talk', 'Whitepaper_Download_5G_Test', 'LinkedIn_Ad_Click', 'AutoSens_Tech_Talk', 'No_Conversion']",0
L015580,Maria Ito,NXP Semiconductors GmbH,,LATAM,,Website,"['MQL', 'Application_Engineer_Call', 'Opportunity', 'DesignCon_Booth_Visit', 'LinkedIn_Ad_Click', 'Customer']",1
L015581,Ravi Lee,,Semiconductor,,Oscilloscopes,Sales Outreach,"['Application_Engineer_Call', 'Application_Engineer_Call', 'No_Conversion']",0
L015582,Laura Khan,Qualcomm GmbH,Aerospace,North America,,Sales Outreach,"['Application_Engineer_Call', 'Keysight_Workshop_RF_Testing', 'Customer']",1
L015583,Chen Garcia,Qualc_Tech,,,Oscilloscopes,Event,"['Lab_Integration_Discussion', 'Keysight_Workshop_RF_Testing', 'Loaner_Unit_Evaluation', 'PathWave_Trial_Request', 'Customer']",1
L015584,,Qualcomm,,,,,"['Website_Product_Page', 'PathWave_Trial_Request', 'Lab_Integration_Discussion', 'No_Conversion']",0
L015585,Ahmed Martinez,,Semiconductor,,Oscilloscopes,Sales Outreach,"['DesignCon_Booth_Visit', 'Keysight_University_Course', 'Keysight_University_Course', 'LinkedIn_Ad_Click', 'LinkedIn_Ad_Click', 'IMS_Badge_Scan', 'Customer']",1
L015586,Daniel Tanaka,,,,Automotive Ethernet,Sales Outreach,"['Technical_Demo', 'IMS_Badge_Scan', 'Lab_Integration_Discussion', 'IMS_Badge_Scan', 'Application_Engineer_Call', 'Customer']",1
L015587,Ahmed Chen,Rayth_Tech,Telecom,APAC,Oscilloscopes,Webinar,"['Keysight_Workshop_RF_Testing', 'PathWave_Trial_Request', 'IMS_Badge_Scan', 'AutoSens_Tech_Talk', 'Oscilloscope_Selector_Tool', 'IMS_Badge_Scan', 'No_Conversion']",0
L015588,,Rayth_Tech,,,PathWave Software,Webinar,"['Oscilloscope_Selector_Tool', 'Website_Product_Page', 'AutoSens_Tech_Talk', 'Opportunity', 'MQL', 'Lab_Integration_Discussion', 'Keysight_Workshop_RF_Testing', 'Customer']",1
L015589,Laura Chen,,,APAC,,Event,"['Technical_Demo', 'IMS_Badge_Scan', 'Keysight_University_Course', 'Website_Product_Page', 'No_Conversion']",0
L015590,,NXP Semiconductors GmbH,Electronics,Europe,PathWave Software,,"['Whitepaper_Download_5G_Test', 'DesignCon_Booth_Visit', 'Whitepaper_Download_5G_Test', 'Keysight_University_Course', 'Loaner_Unit_Evaluation', 'Loaner_Unit_Evaluation', 'Website_Product_Page', 'PathWave_Trial_Request', 'Keysight_Workshop_RF_Testing', 'No_Conversion']",0
L015591,Sofia Chen,,Aerospace,,5G Testbeds,LinkedIn,"['AutoSens_Tech_Talk', 'Loaner_Unit_Evaluation', 'Oscilloscope_Selector_Tool', 'LinkedIn_Ad_Click', 'Keysight_Workshop_RF_Testing', 'Application_Engineer_Call', 'Keysight_Workshop_RF_Testing', 'Oscilloscope_Selector_Tool', 'Website_Product_Page', 'MQL', 'No_Conversion']",0
L015592,Chen Williams,NXP Semiconductors GmbH,Electronics,APAC,PathWave Software,Sales Outreach,"['Keysight_Workshop_RF_Testing', 'SQL', 'IMS_Badge_Scan', 'IMS_Badge_Scan', 'Whitepaper_Download_5G_Test', 'IMS_Badge_Scan', 'No_Conversion']",0
L015593,Daniel Williams,Samsung Electronics,Telecom,APAC,,Webinar,"['Loaner_Unit_Evaluation', 'Opportunity', 'Customer']",1
L015594,Laura Patel,Infin_Tech,,APAC,,LinkedIn,"['IMS_Badge_Scan', 'AutoSens_Tech_Talk', 'Oscilloscope_Selector_Tool', 'Customer']",1
L015595,Sofia Lee,Sony GmbH,,Europe,Automotive Ethernet,Event,"['MQL', 'Customer']",1
L015596,Chen Johnson,,,LATAM,PathWave Software,Webinar,"['SQL', 'Loaner_Unit_Evaluation', 'Lab_Integration_Discussion', 'Opportunity', 'IMS_Badge_Scan', 'DesignCon_Booth_Visit', 'Application_Engineer_Call', 'DesignCon_Booth_Visit', 'PathWave_Trial_Request', 'Oscilloscope_Selector_Tool', 'No_Conversion']",0
L015597,Laura Ito,Broadcom GmbH,Telecom,APAC,Automotive Ethernet,,['No_Conversion'],0
L015598,Sofia Anders,,Semiconductor,North America,,Event,"['LinkedIn_Ad_Click', 'LinkedIn_Ad_Click', 'Opportunity', 'No_Conversion']",0
L015599,Sofia Khan,Broadcom,,LATAM,Automotive Ethernet,,"['Loaner_Unit_Evaluation', 'Opportunity', 'Application_Engineer_Call', 'IMS_Badge_Scan', 'Lab_Integration_Discussion', 'SQL', 'No_Conversion']",0
L015600,Michael Garcia,Infin_Tech,Aerospace,North America,,Sales Outreach,"['Loaner_Unit_Evaluation', 'IMS_Badge_Scan', 'Whitepaper_Download_5G_Test', 'Lab_Integration_Discussion', 'Customer']",1
L015601,Ahmed Anders,Infin_Tech,Semiconductor,,PathWave Software,Event,"['Keysight_University_Course', 'Opportunity', 'Oscilloscope_Selector_Tool', 'Customer']",1
L015602,Priya Patel,Qualc_Tech,Automotive,LATAM,,,"['Lab_Integration_Discussion', 'Customer']",1
L015603,Ahmed Martinez,Meta Connectivity Labs GmbH,Automotive,APAC,,Webinar,"['Loaner_Unit_Evaluation', 'LinkedIn_Ad_Click', 'Website_Product_Page', 'Whitepaper_Download_5G_Test', 'MQL', 'AutoSens_Tech_Talk', 'Lab_Integration_Discussion', 'No_Conversion']",0
L015604,,Broad_Tech,Semiconductor,Europe,,Sales Outreach,"['Technical_Demo', 'Customer']",1
L015605,Sofia Khan,Raytheon GmbH,,LATAM,PathWave Software,Sales Outreach,"['IMS_Badge_Scan', 'Lab_Integration_Discussion', 'Opportunity', 'MQL', 'Oscilloscope_Selector_Tool', 'Oscilloscope_Selector_Tool', 'No_Conversion']",0
L015606,Laura Chen,NXP Semiconductors,Semiconductor,North America,Automotive Ethernet,LinkedIn,['Customer'],1
L015607,Kenji Khan,Broadcom,,APAC,Oscilloscopes,Website,['No_Conversion'],0
L015608,Daniel Martinez,Bosch_Tech,Aerospace,,PathWave Software,Sales Outreach,"['Keysight_University_Course', 'LinkedIn_Ad_Click', 'No_Conversion']",0
L015609,Maria Martinez,Sony GmbH,Electronics,APAC,PathWave Software,Website,"['IMS_Badge_Scan', 'Customer']",1
L015610,Daniel Johnson,,Electronics,LATAM,,Email Campaign,"['Whitepaper_Download_5G_Test', 'No_Conversion']",0
L015611,Daniel Martinez,Sony_Tech,,North America,5G Testbeds,Email Campaign,"['MQL', 'AutoSens_Tech_Talk', 'PathWave_Trial_Request', 'Keysight_University_Course', 'Loaner_Unit_Evaluation', 'Technical_Demo', 'Customer']",1
L015612,Hiroshi Khan,,,,Oscilloscopes,Website,"['Keysight_University_Course', 'Technical_Demo', 'LinkedIn_Ad_Click', 'AutoSens_Tech_Talk', 'IMS_Badge_Scan', 'PathWave_Trial_Request', 'DesignCon_Booth_Visit', 'Application_Engineer_Call', 'AutoSens_Tech_Talk', 'Lab_Integration_Discussion', 'No_Conversion']",0
L015613,Hiroshi Johnson,,,,,LinkedIn,"['LinkedIn_Ad_Click', 'Lab_Integration_Discussion', 'Loaner_Unit_Evaluation', 'Application_Engineer_Call', 'AutoSens_Tech_Talk', 'DesignCon_Booth_Visit', 'No_Conversion']",0
L015614,Kenji Ito,Raytheon GmbH,Telecom,LATAM,Automotive Ethernet,Website,"['Technical_Demo', 'MQL', 'Lab_Integration_Discussion', 'IMS_Badge_Scan', 'Customer']",1
L015615,Ravi Lee,Tesla Energy GmbH,Aerospace,APAC,,LinkedIn,"['Keysight_Workshop_RF_Testing', 'Loaner_Unit_Evaluation', 'SQL', 'LinkedIn_Ad_Click', 'IMS_Badge_Scan', 'LinkedIn_Ad_Click', 'Loaner_Unit_Evaluation', 'No_Conversion']",0
L015616,Sofia Johnson,NXP Semiconductors GmbH,Semiconductor,LATAM,,Email Campaign,"['Oscilloscope_Selector_Tool', 'IMS_Badge_Scan', 'Keysight_Workshop_RF_Testing', 'SQL', 'Customer']",1
L015617,Maria Lee,Raytheon,Aerospace,APAC,Oscilloscopes,Sales Outreach,"['Keysight_University_Course', 'Customer']",1
L015618,,Broad_Tech,Semiconductor,APAC,,Event,"['LinkedIn_Ad_Click', 'DesignCon_Booth_Visit', 'IMS_Badge_Scan', 'MQL', 'Customer']",1
L015619,Kenji Tanaka,Qualc_Tech,Aerospace,LATAM,,Website,"['Keysight_University_Course', 'Oscilloscope_Selector_Tool', 'IMS_Badge_Scan', 'Technical_Demo', 'Keysight_Workshop_RF_Testing', 'Application_Engineer_Call', 'Website_Product_Page', 'Loaner_Unit_Evaluation', 'AutoSens_Tech_Talk', 'No_Conversion']",0
L015620,Priya Ito,Sony_Tech,,LATAM,PathWave Software,Sales Outreach,"['Opportunity', 'No_Conversion']",0
L015621,Maria Tanaka,NXP Semiconductors,Semiconductor,North America,Oscilloscopes,Event,['Customer'],1
L015622,Kenji Garcia,Sony GmbH,Semiconductor,Europe,5G Testbeds,Event,"['Technical_Demo', 'Keysight_University_Course', 'Oscilloscope_Selector_Tool', 'PathWave_Trial_Request', 'Application_Engineer_Call', 'LinkedIn_Ad_Click', 'IMS_Badge_Scan', 'Website_Product_Page', 'Lab_Integration_Discussion', 'Customer']",1
L015623,Priya Ito,Infin_Tech,Telecom,,,Email Campaign,"['PathWave_Trial_Request', 'IMS_Badge_Scan', 'Keysight_Workshop_RF_Testing', 'Customer']",1
L015624,Hiroshi Singh,Infineon,Electronics,Europe,,Email Campaign,['Customer'],1
L015625,Ravi Anders,,Automotive,APAC,5G Testbeds,Email Campaign,"['Technical_Demo', 'Website_Product_Page', 'Whitepaper_Download_5G_Test', 'Oscilloscope_Selector_Tool', 'AutoSens_Tech_Talk', 'Opportunity', 'No_Conversion']",0
L015626,Sofia Khan,Sony GmbH,Electronics,North America,,Webinar,"['Website_Product_Page', 'Oscilloscope_Selector_Tool', 'LinkedIn_Ad_Click', 'Oscilloscope_Selector_Tool', 'Whitepaper_Download_5G_Test', 'No_Conversion']",0
L015627,Chen Tanaka,NXP Semiconductors,Telecom,,,Website,['No_Conversion'],0
L015628,Priya Martinez,Sony_Tech,Automotive,APAC,,Email Campaign,"['IMS_Badge_Scan', 'Loaner_Unit_Evaluation', 'LinkedIn_Ad_Click', 'Keysight_Workshop_RF_Testing', 'Technical_Demo', 'Customer']",1
L015629,Laura Khan,Raytheon,Electronics,,Oscilloscopes,LinkedIn,['Customer'],1
L015630,Sofia Johnson,Tesla Energy GmbH,Electronics,APAC,PathWave Software,Webinar,"['Whitepaper_Download_5G_Test', 'Application_Engineer_Call', 'Opportunity', 'No_Conversion']",0
L015631,Ravi Khan,Samsu_Tech,Electronics,APAC,PathWave Software,Event,"['Opportunity', 'Website_Product_Page', 'Opportunity', 'PathWave_Trial_Request', 'MQL', 'Whitepaper_Download_5G_Test', 'LinkedIn_Ad_Click', 'IMS_Badge_Scan', 'Lab_Integration_Discussion', 'DesignCon_Booth_Visit', 'No_Conversion']",0
L015632,Michael Chen,Raytheon GmbH,Automotive,APAC,Automotive Ethernet,Website,"['SQL', 'No_Conversion']",0
L015633,Sofia Anders,,Automotive,Europe,PathWave Software,,"['Lab_Integration_Discussion', 'Technical_Demo', 'Loaner_Unit_Evaluation', 'No_Conversion']",0
L015634,Ahmed Anders,Raytheon GmbH,,APAC,,Webinar,"['PathWave_Trial_Request', 'Keysight_Workshop_RF_Testing', 'AutoSens_Tech_Talk', 'Keysight_Workshop_RF_Testing', 'Lab_Integration_Discussion', 'MQL', 'DesignCon_Booth_Visit', 'LinkedIn_Ad_Click', 'Customer']",1
L015635,Sofia Khan,,,,,Sales Outreach,"['Keysight_University_Course', 'Website_Product_Page', 'Whitepaper_Download_5G_Test', 'Keysight_University_Course', 'Keysight_University_Course', 'Customer']",1
L015636,Ahmed Patel,,Aerospace,Europe,,Website,"['Technical_Demo', 'Oscilloscope_Selector_Tool', 'Customer']",1
L015637,Michael Anders,Tesla_Tech,Telecom,Europe,,Event,"['PathWave_Trial_Request', 'Keysight_University_Course', 'LinkedIn_Ad_Click', 'Oscilloscope_Selector_Tool', 'Loaner_Unit_Evaluation', 'Customer']",1
L015638,Kenji Williams,,,Europe,PathWave Software,Email Campaign,"['SQL', 'No_Conversion']",0
L015639,Ahmed Patel,,Electronics,,5G Testbeds,Email Campaign,"['Whitepaper_Download_5G_Test', 'Website_Product_Page', 'IMS_Badge_Scan', 'Opportunity', 'AutoSens_Tech_Talk', 'DesignCon_Booth_Visit', 'SQL', 'PathWave_Trial_Request', 'Keysight_Workshop_RF_Testing', 'Website_Product_Page', 'No_Conversion']",0
L015640,,Raytheon GmbH,Telecom,Europe,,LinkedIn,"['Website_Product_Page', 'DesignCon_Booth_Visit', 'Opportunity', 'Loaner_Unit_Evaluation', 'Keysight_Workshop_RF_Testing', 'Website_Product_Page', 'Whitepaper_Download_5G_Test', 'SQL', 'Customer']",1
L015641,Sarah Ito,,Telecom,,Automotive Ethernet,Webinar,"['Technical_Demo', 'Technical_Demo', 'Keysight_Workshop_RF_Testing', 'Customer']",1
L015642,Maria Singh,Rayth_Tech,Electronics,North America,,LinkedIn,['Customer'],1
L015643,Hiroshi Johnson,Rayth_Tech,Telecom,,,LinkedIn,"['LinkedIn_Ad_Click', 'Whitepaper_Download_5G_Test', 'Oscilloscope_Selector_Tool', 'IMS_Badge_Scan', 'Technical_Demo', 'SQL', 'No_Conversion']",0
L015644,Ravi Garcia,Meta Connectivity Labs,,APAC,,Email Campaign,"['Loaner_Unit_Evaluation', 'Technical_Demo', 'Opportunity', 'Whitepaper_Download_5G_Test', 'LinkedIn_Ad_Click', 'Keysight_University_Course', 'Customer']",1
L015645,Sofia Garcia,NXPSe_Tech,,LATAM,PathWave Software,Email Campaign,"['Loaner_Unit_Evaluation', 'Oscilloscope_Selector_Tool', 'Website_Product_Page', 'Oscilloscope_Selector_Tool', 'Website_Product_Page', 'Keysight_University_Course', 'Customer']",1
L015646,Sofia Lee,Qualcomm GmbH,Electronics,North America,Automotive Ethernet,,"['Oscilloscope_Selector_Tool', 'Keysight_University_Course', 'Keysight_Workshop_RF_Testing', 'DesignCon_Booth_Visit', 'Keysight_University_Course', 'Customer']",1
L015647,Sofia Tanaka,Broadcom GmbH,Semiconductor,,,Webinar,"['Technical_Demo', 'AutoSens_Tech_Talk', 'Oscilloscope_Selector_Tool', 'SQL', 'Customer']",1
L015648,Maria Johnson,,Aerospace,LATAM,5G Testbeds,LinkedIn,"['Lab_Integration_Discussion', 'IMS_Badge_Scan', 'PathWave_Trial_Request', 'Application_Engineer_Call', 'DesignCon_Booth_Visit', 'MQL', 'Customer']",1
L015649,Ravi Williams,Infineon GmbH,Semiconductor,APAC,Oscilloscopes,,"['PathWave_Trial_Request', 'Lab_Integration_Discussion', 'AutoSens_Tech_Talk', 'Opportunity', 'No_Conversion']",0
L015650,Sarah Tanaka,Infineon GmbH,,Europe,Automotive Ethernet,Email Campaign,"['Keysight_University_Course', 'Customer']",1
L015651,Daniel Martinez,Bosch GmbH,,LATAM,5G Testbeds,Event,"['Whitepaper_Download_5G_Test', 'Keysight_University_Course', 'MQL', 'Whitepaper_Download_5G_Test', 'IMS_Badge_Scan', 'AutoSens_Tech_Talk', 'DesignCon_Booth_Visit', 'MQL', 'No_Conversion']",0
L015652,Sofia Singh,,,LATAM,Oscilloscopes,Email Campaign,"['Keysight_University_Course', 'IMS_Badge_Scan', 'Whitepaper_Download_5G_Test', 'Application_Engineer_Call', 'Technical_Demo', 'Website_Product_Page', 'Loaner_Unit_Evaluation', 'Customer']",1
L015653,Laura Anders,Meta Connectivity Labs GmbH,Semiconductor,,Oscilloscopes,,"['LinkedIn_Ad_Click', 'Oscilloscope_Selector_Tool', 'MQL', 'Customer']",1
L015654,Sarah Johnson,Infin_Tech,,Europe,PathWave Software,Sales Outreach,"['AutoSens_Tech_Talk', 'SQL', 'Website_Product_Page', 'No_Conversion']",0
L015655,Hiroshi Ito,,Electronics,APAC,,Webinar,"['IMS_Badge_Scan', 'Whitepaper_Download_5G_Test', 'No_Conversion']",0
L015656,Laura Anders,Broadcom,,APAC,Oscilloscopes,Email Campaign,"['Website_Product_Page', 'Whitepaper_Download_5G_Test', 'Keysight_Workshop_RF_Testing', 'Keysight_Workshop_RF_Testing', 'Keysight_University_Course', 'Lab_Integration_Discussion', 'Keysight_Workshop_RF_Testing', 'LinkedIn_Ad_Click', 'LinkedIn_Ad_Click', 'Loaner_Unit_Evaluation', 'Customer']",1
L015657,Priya Chen,Sony,,Europe,,Event,"['Lab_Integration_Discussion', 'DesignCon_Booth_Visit', 'Whitepaper_Download_5G_Test', 'Technical_Demo', 'DesignCon_Booth_Visit', 'Keysight_University_Course', 'PathWave_Trial_Request', 'Technical_Demo', 'Customer']",1
L015658,Chen Johnson,Meta Connectivity Labs,Telecom,Europe,PathWave Software,Sales Outreach,"['Keysight_Workshop_RF_Testing', 'Keysight_University_Course', 'IMS_Badge_Scan', 'SQL', 'Customer']",1
L015659,Kenji Williams,Samsung Electronics GmbH,Aerospace,,PathWave Software,Webinar,"['MQL', 'Opportunity', 'PathWave_Trial_Request', 'Customer']",1
L015660,Ravi Chen,NXP Semiconductors GmbH,,LATAM,Oscilloscopes,Event,"['PathWave_Trial_Request', 'SQL', 'Keysight_Workshop_RF_Testing', 'Oscilloscope_Selector_Tool', 'Website_Product_Page', 'No_Conversion']",0
L015661,,Rayth_Tech,,Europe,Oscilloscopes,Email Campaign,"['Keysight_Workshop_RF_Testing', 'Website_Product_Page', 'Keysight_University_Course', 'Technical_Demo', 'IMS_Badge_Scan', 'No_Conversion']",0
L015662,Priya Lee,,Telecom,Europe,5G Testbeds,Event,"['MQL', 'Keysight_University_Course', 'Keysight_Workshop_RF_Testing', 'IMS_Badge_Scan', 'Keysight_University_Course', 'Oscilloscope_Selector_Tool', 'Customer']",1
L015663,Michael Martinez,Broadcom GmbH,,,,LinkedIn,"['AutoSens_Tech_Talk', 'PathWave_Trial_Request', 'MQL', 'SQL', 'Technical_Demo', 'AutoSens_Tech_Talk', 'Keysight_University_Course', 'Lab_Integration_Discussion', 'DesignCon_Booth_Visit', 'AutoSens_Tech_Talk', 'Customer']",1
L015664,Kenji Chen,NXPSe_Tech,Automotive,Europe,,,"['AutoSens_Tech_Talk', 'Whitepaper_Download_5G_Test', 'Oscilloscope_Selector_Tool', 'Lab_Integration_Discussion', 'PathWave_Trial_Request', 'PathWave_Trial_Request', 'Website_Product_Page', 'No_Conversion']",0
L015665,Sarah Martinez,NXPSe_Tech,,Europe,Automotive Ethernet,Sales Outreach,"['Application_Engineer_Call', 'Whitepaper_Download_5G_Test', 'Technical_Demo', 'Oscilloscope_Selector_Tool', 'Keysight_University_Course', 'Customer']",1
L015666,Ravi Tanaka,Sony_Tech,,Europe,Oscilloscopes,Webinar,"['LinkedIn_Ad_Click', 'Whitepaper_Download_5G_Test', 'Website_Product_Page', 'SQL', 'Opportunity', 'Customer']",1
L015667,Daniel Ito,Samsung Electronics,Semiconductor,,Automotive Ethernet,,"['Website_Product_Page', 'Keysight_Workshop_RF_Testing', 'Technical_Demo', 'No_Conversion']",0
L015668,Chen Lee,Tesla Energy,,North America,Automotive Ethernet,Email Campaign,"['SQL', 'Keysight_University_Course', 'Keysight_University_Course', 'No_Conversion']",0
L015669,Michael Williams,Sony,,,Oscilloscopes,Sales Outreach,"['IMS_Badge_Scan', 'AutoSens_Tech_Talk', 'DesignCon_Booth_Visit', 'AutoSens_Tech_Talk', 'Opportunity', 'No_Conversion']",0
L015670,Hiroshi Garcia,,Semiconductor,North America,5G Testbeds,Event,"['AutoSens_Tech_Talk', 'IMS_Badge_Scan', 'Opportunity', 'LinkedIn_Ad_Click', 'DesignCon_Booth_Visit', 'Whitepaper_Download_5G_Test', 'DesignCon_Booth_Visit', 'Opportunity', 'No_Conversion']",0
L015671,Hiroshi Chen,Qualcomm,Telecom,LATAM,PathWave Software,,"['Oscilloscope_Selector_Tool', 'AutoSens_Tech_Talk', 'IMS_Badge_Scan', 'Technical_Demo', 'Keysight_Workshop_RF_Testing', 'Loaner_Unit_Evaluation', 'Keysight_University_Course', 'Opportunity', 'Keysight_University_Course', 'Whitepaper_Download_5G_Test', 'No_Conversion']",0
L015672,Chen Martinez,,Electronics,LATAM,Oscilloscopes,LinkedIn,"['Whitepaper_Download_5G_Test', 'Application_Engineer_Call', 'Keysight_Workshop_RF_Testing', 'Whitepaper_Download_5G_Test', 'AutoSens_Tech_Talk', 'PathWave_Trial_Request', 'Opportunity', 'Application_Engineer_Call', 'SQL', 'Customer']",1
L015673,Sofia Singh,,Semiconductor,,PathWave Software,Webinar,"['Lab_Integration_Discussion', 'IMS_Badge_Scan', 'LinkedIn_Ad_Click', 'PathWave_Trial_Request', 'DesignCon_Booth_Visit', 'No_Conversion']",0
L015674,Hiroshi Chen,Broad_Tech,Telecom,APAC,,Website,"['Keysight_University_Course', 'Whitepaper_Download_5G_Test', 'Opportunity', 'Oscilloscope_Selector_Tool', 'Keysight_University_Course', 'Opportunity', 'Lab_Integration_Discussion', 'Loaner_Unit_Evaluation', 'Opportunity', 'Customer']",1
L015675,Ahmed Johnson,,Semiconductor,Europe,PathWave Software,LinkedIn,"['Lab_Integration_Discussion', 'SQL', 'Opportunity', 'No_Conversion']",0
L015676,Hiroshi Garcia,Qualcomm,Telecom,North America,,,"['DesignCon_Booth_Visit', 'IMS_Badge_Scan', 'Lab_Integration_Discussion', 'No_Conversion']",0
L015677,Ravi Singh,NXP Semiconductors GmbH,,Europe,Oscilloscopes,Webinar,['Customer'],1
L015678,,Samsu_Tech,Aerospace,APAC,PathWave Software,Webinar,"['Technical_Demo', 'LinkedIn_Ad_Click', 'No_Conversion']",0
L015679,Daniel Lee,,Automotive,LATAM,,Event,"['Lab_Integration_Discussion', 'SQL', 'Customer']",1
L015680,Hiroshi Lee,Tesla Energy GmbH,Semiconductor,,5G Testbeds,,"['LinkedIn_Ad_Click', 'Oscilloscope_Selector_Tool', 'No_Conversion']",0
L015681,,Rayth_Tech,Telecom,Europe,PathWave Software,,"['IMS_Badge_Scan', 'Whitepaper_Download_5G_Test', 'IMS_Badge_Scan', 'Website_Product_Page', 'Keysight_Workshop_RF_Testing', 'Whitepaper_Download_5G_Test', 'No_Conversion']",0
L015682,Maria Patel,Sony_Tech,Semiconductor,,5G Testbeds,,"['IMS_Badge_Scan', 'AutoSens_Tech_Talk', 'Keysight_Workshop_RF_Testing', 'Customer']",1
L015683,Chen Johnson,Qualcomm GmbH,Electronics,Europe,Oscilloscopes,Event,"['Whitepaper_Download_5G_Test', 'Whitepaper_Download_5G_Test', 'Application_Engineer_Call', 'SQL', 'PathWave_Trial_Request', 'Oscilloscope_Selector_Tool', 'Loaner_Unit_Evaluation', 'Loaner_Unit_Evaluation', 'Lab_Integration_Discussion', 'Technical_Demo', 'Customer']",1
L015684,Hiroshi Tanaka,,,LATAM,5G Testbeds,Event,"['Keysight_University_Course', 'PathWave_Trial_Request', 'Keysight_University_Course', 'Keysight_Workshop_RF_Testing', 'Technical_Demo', 'MQL', 'MQL', 'Application_Engineer_Call', 'Customer']",1
L015685,Ahmed Garcia,Sony GmbH,Semiconductor,Europe,,Event,"['SQL', 'AutoSens_Tech_Talk', 'Technical_Demo', 'Website_Product_Page', 'Customer']",1
L015686,Priya Martinez,,,LATAM,Oscilloscopes,Webinar,"['Keysight_University_Course', 'Whitepaper_Download_5G_Test', 'Keysight_Workshop_RF_Testing', 'Keysight_University_Course', 'Customer']",1
L015687,Sofia Anders,MetaC_Tech,Aerospace,LATAM,,LinkedIn,"['SQL', 'IMS_Badge_Scan', 'No_Conversion']",0
L015688,Ahmed Williams,Samsung Electronics GmbH,Automotive,Europe,,Event,"['Loaner_Unit_Evaluation', 'MQL', 'Customer']",1
L015689,Kenji Williams,Samsu_Tech,Aerospace,APAC,5G Testbeds,Email Campaign,"['Keysight_Workshop_RF_Testing', 'Technical_Demo', 'MQL', 'IMS_Badge_Scan', 'Whitepaper_Download_5G_Test', 'Oscilloscope_Selector_Tool', 'Keysight_University_Course', 'Oscilloscope_Selector_Tool', 'Customer']",1
L015690,Sofia Tanaka,Bosch GmbH,,APAC,,Event,"['DesignCon_Booth_Visit', 'Lab_Integration_Discussion', 'Lab_Integration_Discussion', 'No_Conversion']",0
L015691,Ravi Chen,,Semiconductor,Europe,Automotive Ethernet,Email Campaign,"['Loaner_Unit_Evaluation', 'Keysight_University_Course', 'Application_Engineer_Call', 'DesignCon_Booth_Visit', 'Customer']",1
L015692,Hiroshi Singh,,,North America,Automotive Ethernet,,"['Keysight_University_Course', 'Technical_Demo', 'Keysight_University_Course', 'DesignCon_Booth_Visit', 'LinkedIn_Ad_Click', 'DesignCon_Booth_Visit', 'LinkedIn_Ad_Click', 'Customer']",1
L015693,Kenji Chen,Tesla_Tech,Semiconductor,LATAM,Automotive Ethernet,Email Campaign,"['Website_Product_Page', 'PathWave_Trial_Request', 'Technical_Demo', 'Keysight_Workshop_RF_Testing', 'Application_Engineer_Call', 'LinkedIn_Ad_Click', 'No_Conversion']",0
L015694,,Infineon,,APAC,,Email Campaign,"['Technical_Demo', 'Keysight_University_Course', 'Application_Engineer_Call', 'No_Conversion']",0
L015695,Chen Williams,Infin_Tech,Aerospace,,5G Testbeds,Email Campaign,"['Website_Product_Page', 'DesignCon_Booth_Visit', 'DesignCon_Booth_Visit', 'DesignCon_Booth_Visit', 'No_Conversion']",0
L015696,Sarah Chen,Samsung Electronics GmbH,,,Automotive Ethernet,Event,"['Keysight_Workshop_RF_Testing', 'PathWave_Trial_Request', 'Technical_Demo', 'LinkedIn_Ad_Click', 'Customer']",1
L015697,Daniel Chen,Samsung Electronics GmbH,Semiconductor,North America,Oscilloscopes,Website,"['IMS_Badge_Scan', 'Keysight_University_Course', 'DesignCon_Booth_Visit', 'Customer']",1
L015698,Ahmed Ito,Infineon,Electronics,,Oscilloscopes,Webinar,"['SQL', 'DesignCon_Booth_Visit', 'MQL', 'LinkedIn_Ad_Click', 'Technical_Demo', 'Website_Product_Page', 'LinkedIn_Ad_Click', 'No_Conversion']",0
L015699,Chen Williams,,Aerospace,,,Website,"['MQL', 'Application_Engineer_Call', 'Keysight_University_Course', 'Website_Product_Page', 'Lab_Integration_Discussion', 'Oscilloscope_Selector_Tool', 'Customer']",1
L015700,Ravi Khan,Meta Connectivity Labs GmbH,,,Oscilloscopes,Email Campaign,"['LinkedIn_Ad_Click', 'LinkedIn_Ad_Click', 'AutoSens_Tech_Talk', 'AutoSens_Tech_Talk', 'AutoSens_Tech_Talk', 'DesignCon_Booth_Visit', 'PathWave_Trial_Request', 'Technical_Demo', 'Application_Engineer_Call', 'Application_Engineer_Call', 'No_Conversion']",0
L015701,Sarah Khan,Sony GmbH,,LATAM,,Email Campaign,"['Lab_Integration_Discussion', 'DesignCon_Booth_Visit', 'Customer']",1
L015702,Laura Patel,,Automotive,APAC,Oscilloscopes,Email Campaign,"['Whitepaper_Download_5G_Test', 'IMS_Badge_Scan', 'LinkedIn_Ad_Click', 'Keysight_Workshop_RF_Testing', 'Loaner_Unit_Evaluation', 'Customer']",1
L015703,Ravi Singh,,Aerospace,APAC,,Webinar,['No_Conversion'],0
L015704,Kenji Garcia,Infin_Tech,,APAC,5G Testbeds,Website,['Customer'],1
L015705,Hiroshi Patel,Raytheon GmbH,Telecom,Europe,5G Testbeds,Email Campaign,['Customer'],1
L015706,,Bosch,Aerospace,Europe,,Email Campaign,"['AutoSens_Tech_Talk', 'Customer']",1
L015707,Maria Lee,Bosch_Tech,Semiconductor,Europe,,Event,"['Oscilloscope_Selector_Tool', 'Whitepaper_Download_5G_Test', 'Technical_Demo', 'IMS_Badge_Scan', 'AutoSens_Tech_Talk', 'Website_Product_Page', 'Opportunity', 'No_Conversion']",0
L015708,Sofia Williams,Raytheon GmbH,Telecom,LATAM,,,"['IMS_Badge_Scan', 'AutoSens_Tech_Talk', 'SQL', 'AutoSens_Tech_Talk', 'Keysight_Workshop_RF_Testing', 'Customer']",1
L015709,Daniel Patel,NXPSe_Tech,,,Automotive Ethernet,Sales Outreach,"['Opportunity', 'MQL', 'LinkedIn_Ad_Click', 'SQL', 'No_Conversion']",0
L015710,Sofia Anders,Qualc_Tech,,APAC,Automotive Ethernet,LinkedIn,"['Loaner_Unit_Evaluation', 'MQL', 'MQL', 'Whitepaper_Download_5G_Test', 'DesignCon_Booth_Visit', 'Oscilloscope_Selector_Tool', 'IMS_Badge_Scan', 'Oscilloscope_Selector_Tool', 'Application_Engineer_Call', 'Customer']",1
L015711,Ravi Williams,Infineon,,North America,,,['No_Conversion'],0
L015712,Sofia Williams,,Semiconductor,,,Website,"['Whitepaper_Download_5G_Test', 'Whitepaper_Download_5G_Test', 'LinkedIn_Ad_Click', 'Oscilloscope_Selector_Tool', 'MQL', 'SQL', 'MQL', 'No_Conversion']",0
L015713,Ahmed Lee,Tesla Energy,,,5G Testbeds,Website,"['Opportunity', 'Application_Engineer_Call', 'Application_Engineer_Call', 'Technical_Demo', 'AutoSens_Tech_Talk', 'PathWave_Trial_Request', 'IMS_Badge_Scan', 'Whitepaper_Download_5G_Test', 'Customer']",1
L015714,Hiroshi Johnson,Qualcomm,,Europe,,Webinar,"['Keysight_University_Course', 'Opportunity', 'LinkedIn_Ad_Click', 'AutoSens_Tech_Talk', 'Customer']",1
L015715,Daniel Williams,,Electronics,APAC,,Email Campaign,"['Whitepaper_Download_5G_Test', 'Technical_Demo', 'AutoSens_Tech_Talk', 'LinkedIn_Ad_Click', 'IMS_Badge_Scan', 'DesignCon_Booth_Visit', 'MQL', 'No_Conversion']",0
L015716,,Tesla_Tech,,LATAM,,LinkedIn,"['Keysight_University_Course', 'Oscilloscope_Selector_Tool', 'Website_Product_Page', 'No_Conversion']",0
L015717,Chen Lee,Qualcomm,Aerospace,LATAM,Oscilloscopes,Webinar,"['Keysight_University_Course', 'Technical_Demo', 'Keysight_Workshop_RF_Testing', 'Whitepaper_Download_5G_Test', 'DesignCon_Booth_Visit', 'LinkedIn_Ad_Click', 'Customer']",1
L015718,Priya Ito,,Electronics,APAC,,,"['AutoSens_Tech_Talk', 'Lab_Integration_Discussion', 'AutoSens_Tech_Talk', 'MQL', 'Customer']",1
L015719,Sofia Tanaka,Tesla Energy,Automotive,LATAM,Oscilloscopes,Website,"['Loaner_Unit_Evaluation', 'Whitepaper_Download_5G_Test', 'Website_Product_Page', 'LinkedIn_Ad_Click', 'Keysight_Workshop_RF_Testing', 'AutoSens_Tech_Talk', 'LinkedIn_Ad_Click', 'Customer']",1
L015720,Kenji Tanaka,Raytheon,Electronics,Europe,,Sales Outreach,"['Technical_Demo', 'Lab_Integration_Discussion', 'Technical_Demo', 'LinkedIn_Ad_Click', 'Lab_Integration_Discussion', 'Keysight_University_Course', 'Technical_Demo', 'Opportunity', 'SQL', 'No_Conversion']",0
L015721,Kenji Tanaka,Bosch_Tech,,LATAM,5G Testbeds,LinkedIn,"['SQL', 'Whitepaper_Download_5G_Test', 'Application_Engineer_Call', 'Application_Engineer_Call', 'IMS_Badge_Scan', 'SQL', 'No_Conversion']",0
L015722,Kenji Patel,MetaC_Tech,Semiconductor,APAC,,Webinar,"['Opportunity', 'IMS_Badge_Scan', 'PathWave_Trial_Request', 'Customer']",1
L015723,Maria Khan,NXPSe_Tech,Electronics,,,LinkedIn,"['Technical_Demo', 'Oscilloscope_Selector_Tool', 'PathWave_Trial_Request', 'AutoSens_Tech_Talk', 'PathWave_Trial_Request', 'Customer']",1
L015724,Sofia Lee,NXP Semiconductors,Telecom,LATAM,Automotive Ethernet,Website,"['DesignCon_Booth_Visit', 'Technical_Demo', 'Website_Product_Page', 'Loaner_Unit_Evaluation', 'Website_Product_Page', 'LinkedIn_Ad_Click', 'Loaner_Unit_Evaluation', 'No_Conversion']",0
L015725,Sarah Williams,NXP Semiconductors,,,PathWave Software,Webinar,['Customer'],1
L015726,Laura Singh,Rayth_Tech,,Europe,Oscilloscopes,Sales Outreach,"['Keysight_University_Course', 'IMS_Badge_Scan', 'Technical_Demo', 'Loaner_Unit_Evaluation', 'SQL', 'Website_Product_Page', 'PathWave_Trial_Request', 'Loaner_Unit_Evaluation', 'No_Conversion']",0
L015727,Hiroshi Johnson,Meta Connectivity Labs,Telecom,,,Sales Outreach,"['Whitepaper_Download_5G_Test', 'MQL', 'Keysight_Workshop_RF_Testing', 'MQL', 'Keysight_University_Course', 'No_Conversion']",0
L015728,Sofia Patel,MetaC_Tech,,Europe,5G Testbeds,Webinar,"['Whitepaper_Download_5G_Test', 'Keysight_University_Course', 'Whitepaper_Download_5G_Test', 'Keysight_University_Course', 'No_Conversion']",0
L015729,Ravi Ito,Meta Connectivity Labs,,Europe,Oscilloscopes,Event,['No_Conversion'],0
L015730,Laura Lee,Bosch GmbH,,Europe,Oscilloscopes,Event,"['Loaner_Unit_Evaluation', 'Whitepaper_Download_5G_Test', 'Opportunity', 'IMS_Badge_Scan', 'Oscilloscope_Selector_Tool', 'No_Conversion']",0
L015731,Daniel Garcia,Tesla Energy GmbH,Automotive,APAC,PathWave Software,,"['Loaner_Unit_Evaluation', 'SQL', 'No_Conversion']",0
L015732,Laura Khan,Infineon,,APAC,,Sales Outreach,"['Loaner_Unit_Evaluation', 'Oscilloscope_Selector_Tool', 'Keysight_Workshop_RF_Testing', 'LinkedIn_Ad_Click', 'SQL', 'Oscilloscope_Selector_Tool', 'No_Conversion']",0
L015733,Ravi Anders,MetaC_Tech,Electronics,Europe,5G Testbeds,Website,"['Keysight_Workshop_RF_Testing', 'Website_Product_Page', 'PathWave_Trial_Request', 'No_Conversion']",0
L015734,Ravi Singh,,,APAC,Automotive Ethernet,Webinar,"['Lab_Integration_Discussion', 'DesignCon_Booth_Visit', 'Customer']",1
L015735,Chen Anders,,Semiconductor,LATAM,PathWave Software,Webinar,"['SQL', 'MQL', 'Lab_Integration_Discussion', 'AutoSens_Tech_Talk', 'Whitepaper_Download_5G_Test', 'SQL', 'Whitepaper_Download_5G_Test', 'Website_Product_Page', 'Customer']",1
L015736,Maria Johnson,,,Europe,,Webinar,"['PathWave_Trial_Request', 'MQL', 'Whitepaper_Download_5G_Test', 'DesignCon_Booth_Visit', 'LinkedIn_Ad_Click', 'No_Conversion']",0
L015737,Hiroshi Martinez,Samsung Electronics,Aerospace,North America,,Webinar,"['Whitepaper_Download_5G_Test', 'Application_Engineer_Call', 'PathWave_Trial_Request', 'SQL', 'AutoSens_Tech_Talk', 'Whitepaper_Download_5G_Test', 'LinkedIn_Ad_Click', 'Customer']",1
L015738,Chen Garcia,Broadcom,Telecom,LATAM,5G Testbeds,Website,"['Technical_Demo', 'AutoSens_Tech_Talk', 'AutoSens_Tech_Talk', 'Customer']",1
L015739,,Sony GmbH,Telecom,APAC,,Event,['No_Conversion'],0
L015740,Maria Tanaka,Sony GmbH,Electronics,Europe,5G Testbeds,Event,"['Keysight_Workshop_RF_Testing', 'Opportunity', 'Whitepaper_Download_5G_Test', 'Website_Product_Page', 'Website_Product_Page', 'Keysight_Workshop_RF_Testing', 'Loaner_Unit_Evaluation', 'MQL', 'Customer']",1
L015741,Michael Anders,Samsung Electronics,Telecom,Europe,PathWave Software,,"['Keysight_Workshop_RF_Testing', 'Whitepaper_Download_5G_Test', 'DesignCon_Booth_Visit', 'Technical_Demo', 'IMS_Badge_Scan', 'Customer']",1
L015742,Chen Lee,Tesla Energy,,,Automotive Ethernet,Event,"['PathWave_Trial_Request', 'MQL', 'Loaner_Unit_Evaluation', 'Technical_Demo', 'Opportunity', 'Keysight_Workshop_RF_Testing', 'Customer']",1
L015743,Kenji Singh,Sony,Automotive,Europe,Oscilloscopes,LinkedIn,"['SQL', 'Lab_Integration_Discussion', 'Website_Product_Page', 'No_Conversion']",0
L015744,Michael Patel,Broadcom,,APAC,,Email Campaign,"['PathWave_Trial_Request', 'Customer']",1
L015745,Ahmed Lee,Raytheon GmbH,,APAC,Oscilloscopes,Email Campaign,"['AutoSens_Tech_Talk', 'LinkedIn_Ad_Click', 'No_Conversion']",0
L015746,Sarah Chen,Bosch GmbH,Aerospace,North America,,Website,"['Website_Product_Page', 'Customer']",1
L015747,Priya Ito,Meta Connectivity Labs GmbH,Electronics,APAC,Oscilloscopes,Website,"['MQL', 'SQL', 'DesignCon_Booth_Visit', 'PathWave_Trial_Request', 'Customer']",1
L015748,Chen Tanaka,Bosch,,Europe,PathWave Software,,"['Technical_Demo', 'Keysight_Workshop_RF_Testing', 'Keysight_Workshop_RF_Testing', 'Application_Engineer_Call', 'Customer']",1
L015749,Ravi Singh,,Semiconductor,Europe,Automotive Ethernet,Sales Outreach,"['Loaner_Unit_Evaluation', 'DesignCon_Booth_Visit', 'Keysight_Workshop_RF_Testing', 'PathWave_Trial_Request', 'SQL', 'MQL', 'AutoSens_Tech_Talk', 'Oscilloscope_Selector_Tool', 'MQL', 'Whitepaper_Download_5G_Test', 'Customer']",1
L015750,Sofia Patel,Infin_Tech,,,Oscilloscopes,LinkedIn,['Customer'],1
L015751,Hiroshi Martinez,Samsung Electronics,Telecom,,,Email Campaign,"['Application_Engineer_Call', 'No_Conversion']",0
L015752,Ahmed Singh,Meta Connectivity Labs GmbH,Semiconductor,Europe,,,"['IMS_Badge_Scan', 'MQL', 'LinkedIn_Ad_Click', 'PathWave_Trial_Request', 'SQL', 'Loaner_Unit_Evaluation', 'Customer']",1
L015753,,Tesla_Tech,Automotive,LATAM,Oscilloscopes,Sales Outreach,"['PathWave_Trial_Request', 'AutoSens_Tech_Talk', 'Keysight_University_Course', 'Whitepaper_Download_5G_Test', 'LinkedIn_Ad_Click', 'LinkedIn_Ad_Click', 'LinkedIn_Ad_Click', 'No_Conversion']",0
L015754,Priya Singh,Samsung Electronics GmbH,,Europe,5G Testbeds,Webinar,"['Keysight_Workshop_RF_Testing', 'Website_Product_Page', 'Customer']",1
L015755,Chen Williams,,Telecom,APAC,PathWave Software,,"['Opportunity', 'Application_Engineer_Call', 'Application_Engineer_Call', 'Whitepaper_Download_5G_Test', 'Lab_Integration_Discussion', 'Website_Product_Page', 'Keysight_University_Course', 'No_Conversion']",0
L015756,,,,Europe,,Sales Outreach,"['Whitepaper_Download_5G_Test', 'PathWave_Trial_Request', 'No_Conversion']",0
L015757,Michael Garcia,Tesla Energy GmbH,Automotive,Europe,Oscilloscopes,,"['IMS_Badge_Scan', 'Opportunity', 'Website_Product_Page', 'AutoSens_Tech_Talk', 'Application_Engineer_Call', 'No_Conversion']",0
L015758,Laura Lee,Samsung Electronics GmbH,Semiconductor,,Automotive Ethernet,LinkedIn,"['Opportunity', 'AutoSens_Tech_Talk', 'IMS_Badge_Scan', 'Opportunity', 'AutoSens_Tech_Talk', 'No_Conversion']",0
L015759,Hiroshi Khan,Tesla Energy,Telecom,,Automotive Ethernet,,"['AutoSens_Tech_Talk', 'Loaner_Unit_Evaluation', 'AutoSens_Tech_Talk', 'Whitepaper_Download_5G_Test', 'Application_Engineer_Call', 'Loaner_Unit_Evaluation', 'Keysight_Workshop_RF_Testing', 'No_Conversion']",0
L015760,Ahmed Garcia,Rayth_Tech,Electronics,LATAM,PathWave Software,LinkedIn,"['Keysight_Workshop_RF_Testing', 'Lab_Integration_Discussion', 'Oscilloscope_Selector_Tool', 'No_Conversion']",0
L015761,Hiroshi Khan,Infineon,,,Automotive Ethernet,,"['PathWave_Trial_Request', 'LinkedIn_Ad_Click', 'Whitepaper_Download_5G_Test', 'Customer']",1
L015762,Maria Chen,Samsu_Tech,Telecom,,Automotive Ethernet,,"['Loaner_Unit_Evaluation', 'Customer']",1
L015763,Ahmed Williams,Samsung Electronics,,APAC,Oscilloscopes,Sales Outreach,"['IMS_Badge_Scan', 'MQL', 'MQL', 'Opportunity', 'DesignCon_Booth_Visit', 'Keysight_University_Course', 'Lab_Integration_Discussion', 'SQL', 'Loaner_Unit_Evaluation', 'No_Conversion']",0
L015764,Kenji Anders,Bosch,Semiconductor,Europe,5G Testbeds,Website,"['MQL', 'Oscilloscope_Selector_Tool', 'Lab_Integration_Discussion', 'SQL', 'No_Conversion']",0
L015765,Sofia Singh,Raytheon,Aerospace,LATAM,,LinkedIn,"['MQL', 'Keysight_Workshop_RF_Testing', 'Application_Engineer_Call', 'Lab_Integration_Discussion', 'SQL', 'Whitepaper_Download_5G_Test', 'Keysight_Workshop_RF_Testing', 'Opportunity', 'Technical_Demo', 'No_Conversion']",0
L015766,Priya Patel,Sony_Tech,Semiconductor,,Oscilloscopes,Sales Outreach,['Customer'],1
L015767,Priya Anders,Broadcom GmbH,Telecom,Europe,,,"['Oscilloscope_Selector_Tool', 'Technical_Demo', 'Keysight_Workshop_RF_Testing', 'DesignCon_Booth_Visit', 'PathWave_Trial_Request', 'Keysight_University_Course', 'MQL', 'Website_Product_Page', 'No_Conversion']",0
L015768,Hiroshi Williams,,Telecom,,Oscilloscopes,Email Campaign,['No_Conversion'],0
L015769,Hiroshi Patel,Rayth_Tech,Aerospace,APAC,PathWave Software,Webinar,"['Oscilloscope_Selector_Tool', 'Customer']",1
L015770,Chen Johnson,NXP Semiconductors,Automotive,Europe,Automotive Ethernet,Website,"['Lab_Integration_Discussion', 'AutoSens_Tech_Talk', 'SQL', 'Oscilloscope_Selector_Tool', 'No_Conversion']",0
L015771,Maria Chen,,Aerospace,North America,,Email Campaign,['No_Conversion'],0
L015772,Laura Lee,Infineon,Automotive,,,,"['Lab_Integration_Discussion', 'Lab_Integration_Discussion', 'Oscilloscope_Selector_Tool', 'Keysight_University_Course', 'Keysight_Workshop_RF_Testing', 'Customer']",1
L015773,Laura Lee,,Automotive,,Oscilloscopes,,"['Keysight_Workshop_RF_Testing', 'Application_Engineer_Call', 'Loaner_Unit_Evaluation', 'Technical_Demo', 'IMS_Badge_Scan', 'Technical_Demo', 'Customer']",1
L015774,Hiroshi Lee,Infineon GmbH,,Europe,Automotive Ethernet,Website,['No_Conversion'],0
L015775,Ahmed Tanaka,Tesla Energy,Semiconductor,APAC,Automotive Ethernet,LinkedIn,"['SQL', 'Opportunity', 'SQL', 'Whitepaper_Download_5G_Test', 'Customer']",1
L015776,Michael Garcia,Rayth_Tech,Aerospace,LATAM,PathWave Software,Email Campaign,"['Loaner_Unit_Evaluation', 'MQL', 'Customer']",1
L015777,,Sony,,LATAM,Automotive Ethernet,Event,"['Technical_Demo', 'Opportunity', 'AutoSens_Tech_Talk', 'Customer']",1
L015778,Daniel Singh,Bosch,,North America,5G Testbeds,Email Campaign,"['Lab_Integration_Discussion', 'Opportunity', 'Whitepaper_Download_5G_Test', 'Opportunity', 'Technical_Demo', 'DesignCon_Booth_Visit', 'Oscilloscope_Selector_Tool', 'Application_Engineer_Call', 'No_Conversion']",0
L015779,Laura Anders,Bosch_Tech,Electronics,APAC,,Event,"['Whitepaper_Download_5G_Test', 'Keysight_University_Course', 'Whitepaper_Download_5G_Test', 'Customer']",1
L015780,Ahmed Williams,Meta Connectivity Labs,Automotive,LATAM,PathWave Software,,"['Keysight_Workshop_RF_Testing', 'Oscilloscope_Selector_Tool', 'SQL', 'No_Conversion']",0
L015781,Michael Lee,Samsung Electronics,,APAC,Automotive Ethernet,Website,"['Technical_Demo', 'Loaner_Unit_Evaluation', 'Opportunity', 'IMS_Badge_Scan', 'No_Conversion']",0
L015782,Sarah Anders,NXPSe_Tech,Aerospace,North America,,Email Campaign,['Customer'],1
L015783,Laura Ito,Sony GmbH,Aerospace,North America,,Sales Outreach,"['Lab_Integration_Discussion', 'Customer']",1
L015784,Priya Williams,Rayth_Tech,,APAC,Oscilloscopes,Event,"['Lab_Integration_Discussion', 'Application_Engineer_Call', 'DesignCon_Booth_Visit', 'Keysight_Workshop_RF_Testing', 'Opportunity', 'Customer']",1
L015785,Maria Williams,Broad_Tech,,APAC,,LinkedIn,"['AutoSens_Tech_Talk', 'Technical_Demo', 'Customer']",1
L015786,Chen Garcia,Sony_Tech,Automotive,APAC,,,"['Keysight_Workshop_RF_Testing', 'Customer']",1
L015787,Priya Martinez,Meta Connectivity Labs,Automotive,North America,,,"['Whitepaper_Download_5G_Test', 'Opportunity', 'SQL', 'Website_Product_Page', 'SQL', 'No_Conversion']",0
L015788,Laura Chen,NXPSe_Tech,Automotive,North America,PathWave Software,Website,"['Oscilloscope_Selector_Tool', 'Loaner_Unit_Evaluation', 'Application_Engineer_Call', 'Technical_Demo', 'Opportunity', 'Customer']",1
L015789,Ravi Patel,Tesla_Tech,Semiconductor,APAC,5G Testbeds,,"['Whitepaper_Download_5G_Test', 'MQL', 'IMS_Badge_Scan', 'No_Conversion']",0
L015790,Sarah Martinez,Broadcom GmbH,,,Automotive Ethernet,Website,"['Whitepaper_Download_5G_Test', 'Keysight_Workshop_RF_Testing', 'IMS_Badge_Scan', 'Oscilloscope_Selector_Tool', 'Application_Engineer_Call', 'Technical_Demo', 'Technical_Demo', 'LinkedIn_Ad_Click', 'No_Conversion']",0
L015791,Chen Ito,MetaC_Tech,Semiconductor,APAC,Automotive Ethernet,LinkedIn,"['Loaner_Unit_Evaluation', 'Opportunity', 'IMS_Badge_Scan', 'SQL', 'Lab_Integration_Discussion', 'Keysight_Workshop_RF_Testing', 'Keysight_University_Course', 'Customer']",1
L015792,Laura Garcia,Samsung Electronics,Electronics,,Automotive Ethernet,Event,"['LinkedIn_Ad_Click', 'Application_Engineer_Call', 'Loaner_Unit_Evaluation', 'DesignCon_Booth_Visit', 'Oscilloscope_Selector_Tool', 'Customer']",1
L015793,Laura Garcia,,Automotive,Europe,,Email Campaign,"['LinkedIn_Ad_Click', 'No_Conversion']",0
L015794,Ahmed Khan,Infin_Tech,,LATAM,Automotive Ethernet,,"['PathWave_Trial_Request', 'No_Conversion']",0
L015795,Michael Chen,,Electronics,,Oscilloscopes,Event,"['Lab_Integration_Discussion', 'Customer']",1
L015796,Maria Khan,Qualcomm GmbH,,North America,Automotive Ethernet,Event,"['SQL', 'Application_Engineer_Call', 'DesignCon_Booth_Visit', 'SQL', 'Keysight_University_Course', 'No_Conversion']",0
L015797,Sofia Johnson,Meta Connectivity Labs,Aerospace,North America,,LinkedIn,"['Opportunity', 'Keysight_University_Course', 'LinkedIn_Ad_Click', 'Loaner_Unit_Evaluation', 'LinkedIn_Ad_Click', 'No_Conversion']",0
L015798,Daniel Garcia,Raytheon GmbH,,APAC,Automotive Ethernet,Email Campaign,"['PathWave_Trial_Request', 'Opportunity', 'Keysight_University_Course', 'No_Conversion']",0
L015799,Hiroshi Patel,,,LATAM,,,"['DesignCon_Booth_Visit', 'DesignCon_Booth_Visit', 'Lab_Integration_Discussion', 'No_Conversion']",0
L015800,Priya Khan,Tesla Energy,,North America,PathWave Software,Sales Outreach,['No_Conversion'],0
L015801,Hiroshi Martinez,Qualc_Tech,Semiconductor,,,Webinar,"['LinkedIn_Ad_Click', 'IMS_Badge_Scan', 'SQL', 'Lab_Integration_Discussion', 'Customer']",1
L015802,Hiroshi Chen,,,LATAM,Automotive Ethernet,Webinar,"['Whitepaper_Download_5G_Test', 'Application_Engineer_Call', 'AutoSens_Tech_Talk', 'Whitepaper_Download_5G_Test', 'Opportunity', 'DesignCon_Booth_Visit', 'Oscilloscope_Selector_Tool', 'Application_Engineer_Call', 'Keysight_Workshop_RF_Testing', 'No_Conversion']",0
L015803,Ravi Johnson,Infineon,Automotive,Europe,Oscilloscopes,Webinar,"['Whitepaper_Download_5G_Test', 'Keysight_University_Course', 'Website_Product_Page', 'Technical_Demo', 'Lab_Integration_Discussion', 'AutoSens_Tech_Talk', 'Keysight_Workshop_RF_Testing', 'Customer']",1
L015804,Laura Ito,Infineon,,LATAM,5G Testbeds,Website,"['LinkedIn_Ad_Click', 'Loaner_Unit_Evaluation', 'Oscilloscope_Selector_Tool', 'Oscilloscope_Selector_Tool', 'Application_Engineer_Call', 'PathWave_Trial_Request', 'IMS_Badge_Scan', 'Technical_Demo', 'Application_Engineer_Call', 'Whitepaper_Download_5G_Test', 'Customer']",1
L015805,Ahmed Martinez,Broadcom GmbH,Electronics,,,Website,['No_Conversion'],0
L015806,Sarah Johnson,Qualcomm,,North America,Automotive Ethernet,Website,"['Technical_Demo', 'PathWave_Trial_Request', 'Technical_Demo', 'Application_Engineer_Call', 'IMS_Badge_Scan', 'No_Conversion']",0
L015807,Ahmed Williams,,,,5G Testbeds,Webinar,"['PathWave_Trial_Request', 'DesignCon_Booth_Visit', 'MQL', 'Oscilloscope_Selector_Tool', 'Loaner_Unit_Evaluation', 'PathWave_Trial_Request', 'Keysight_Workshop_RF_Testing', 'Oscilloscope_Selector_Tool', 'Application_Engineer_Call', 'Application_Engineer_Call', 'Customer']",1
L015808,Ahmed Garcia,Infin_Tech,Aerospace,LATAM,Oscilloscopes,,"['Lab_Integration_Discussion', 'Technical_Demo', 'Oscilloscope_Selector_Tool', 'PathWave_Trial_Request', 'AutoSens_Tech_Talk', 'Customer']",1
L015809,Daniel Ito,Infineon GmbH,,,Oscilloscopes,Webinar,"['Application_Engineer_Call', 'Customer']",1
L015810,Kenji Anders,,Semiconductor,APAC,,Website,"['Lab_Integration_Discussion', 'Keysight_Workshop_RF_Testing', 'Website_Product_Page', 'Customer']",1
L015811,Chen Johnson,Meta Connectivity Labs GmbH,Telecom,North America,5G Testbeds,Event,"['Loaner_Unit_Evaluation', 'Website_Product_Page', 'Opportunity', 'MQL', 'Lab_Integration_Discussion', 'Customer']",1
L015812,Michael Singh,,,,Automotive Ethernet,Webinar,"['Oscilloscope_Selector_Tool', 'No_Conversion']",0
L015813,Hiroshi Williams,Bosch_Tech,,LATAM,,Event,"['SQL', 'SQL', 'Opportunity', 'Customer']",1
L015814,Hiroshi Patel,Tesla_Tech,,Europe,,Website,"['Oscilloscope_Selector_Tool', 'Lab_Integration_Discussion', 'Website_Product_Page', 'Website_Product_Page', 'Technical_Demo', 'Keysight_University_Course', 'Application_Engineer_Call', 'Application_Engineer_Call', 'Keysight_University_Course', 'No_Conversion']",0
L015815,Laura Ito,,Telecom,LATAM,Oscilloscopes,,"['Keysight_Workshop_RF_Testing', 'Opportunity', 'Lab_Integration_Discussion', 'No_Conversion']",0
L015816,Laura Chen,,Aerospace,Europe,Oscilloscopes,Webinar,"['MQL', 'MQL', 'IMS_Badge_Scan', 'SQL', 'No_Conversion']",0
L015817,Kenji Johnson,Samsu_Tech,Semiconductor,,5G Testbeds,Website,"['Oscilloscope_Selector_Tool', 'AutoSens_Tech_Talk', 'Opportunity', 'Application_Engineer_Call', 'DesignCon_Booth_Visit', 'Customer']",1
L015818,Laura Williams,Meta Connectivity Labs GmbH,,,5G Testbeds,LinkedIn,['Customer'],1
L015819,Michael Williams,Rayth_Tech,,Europe,Oscilloscopes,LinkedIn,"['SQL', 'PathWave_Trial_Request', 'LinkedIn_Ad_Click', 'IMS_Badge_Scan', 'DesignCon_Booth_Visit', 'Application_Engineer_Call', 'Opportunity', 'Customer']",1
L015820,,,Telecom,APAC,Oscilloscopes,Webinar,"['Keysight_Workshop_RF_Testing', 'SQL', 'MQL', 'PathWave_Trial_Request', 'Opportunity', 'Whitepaper_Download_5G_Test', 'No_Conversion']",0
L015821,Daniel Patel,Infineon GmbH,Telecom,North America,Oscilloscopes,LinkedIn,['No_Conversion'],0
L015822,,,Aerospace,,,Website,['No_Conversion'],0
L015823,Daniel Chen,Qualcomm,,APAC,PathWave Software,LinkedIn,"['AutoSens_Tech_Talk', 'MQL', 'Whitepaper_Download_5G_Test', 'Keysight_University_Course', 'Customer']",1
L015824,Hiroshi Patel,Meta Connectivity Labs,Aerospace,,,LinkedIn,"['Keysight_Workshop_RF_Testing', 'Technical_Demo', 'Oscilloscope_Selector_Tool', 'SQL', 'Customer']",1
L015825,Laura Tanaka,,,APAC,5G Testbeds,Email Campaign,"['LinkedIn_Ad_Click', 'Loaner_Unit_Evaluation', 'PathWave_Trial_Request', 'Whitepaper_Download_5G_Test', 'Website_Product_Page', 'LinkedIn_Ad_Click', 'IMS_Badge_Scan', 'Lab_Integration_Discussion', 'Loaner_Unit_Evaluation', 'No_Conversion']",0
L015826,Daniel Johnson,Qualcomm,Electronics,Europe,PathWave Software,Webinar,"['LinkedIn_Ad_Click', 'Opportunity', 'LinkedIn_Ad_Click', 'Customer']",1
L015827,Sarah Johnson,Tesla Energy GmbH,,LATAM,Automotive Ethernet,,"['Loaner_Unit_Evaluation', 'No_Conversion']",0
L015828,Daniel Khan,Broadcom,,APAC,,LinkedIn,"['Whitepaper_Download_5G_Test', 'Technical_Demo', 'DesignCon_Booth_Visit', 'Opportunity', 'Whitepaper_Download_5G_Test', 'No_Conversion']",0
L015829,,NXPSe_Tech,Electronics,LATAM,,Email Campaign,"['Loaner_Unit_Evaluation', 'Application_Engineer_Call', 'PathWave_Trial_Request', 'Technical_Demo', 'Whitepaper_Download_5G_Test', 'IMS_Badge_Scan', 'Customer']",1
L015830,Maria Lee,Qualcomm GmbH,Electronics,Europe,Automotive Ethernet,Email Campaign,"['Application_Engineer_Call', 'Whitepaper_Download_5G_Test', 'SQL', 'Website_Product_Page', 'No_Conversion']",0
L015831,,,,North America,,LinkedIn,"['Website_Product_Page', 'Website_Product_Page', 'Technical_Demo', 'PathWave_Trial_Request', 'Whitepaper_Download_5G_Test', 'LinkedIn_Ad_Click', 'Keysight_Workshop_RF_Testing', 'No_Conversion']",0
L015832,Kenji Tanaka,Qualcomm GmbH,Automotive,,PathWave Software,Webinar,"['Application_Engineer_Call', 'No_Conversion']",0
L015833,Chen Chen,Broadcom,Aerospace,APAC,,Webinar,"['LinkedIn_Ad_Click', 'Application_Engineer_Call', 'AutoSens_Tech_Talk', 'Keysight_Workshop_RF_Testing', 'Customer']",1
L015834,Hiroshi Anders,Infineon GmbH,Telecom,LATAM,Automotive Ethernet,LinkedIn,"['PathWave_Trial_Request', 'Lab_Integration_Discussion', 'No_Conversion']",0
L015835,Maria Chen,Samsu_Tech,,Europe,PathWave Software,Event,"['MQL', 'Website_Product_Page', 'Opportunity', 'Lab_Integration_Discussion', 'MQL', 'Application_Engineer_Call', 'Opportunity', 'Keysight_Workshop_RF_Testing', 'IMS_Badge_Scan', 'Customer']",1
L015836,Chen Williams,Sony_Tech,Automotive,LATAM,PathWave Software,Event,['Customer'],1
L015837,Sofia Ito,NXPSe_Tech,Electronics,LATAM,Automotive Ethernet,Website,"['Application_Engineer_Call', 'Opportunity', 'AutoSens_Tech_Talk', 'Website_Product_Page', 'Keysight_University_Course', 'Technical_Demo', 'Customer']",1
L015838,Sofia Lee,Meta Connectivity Labs,Semiconductor,APAC,5G Testbeds,Sales Outreach,['Customer'],1
L015839,Ahmed Ito,,Aerospace,,PathWave Software,Email Campaign,"['SQL', 'Keysight_University_Course', 'Oscilloscope_Selector_Tool', 'No_Conversion']",0
L015840,Maria Martinez,NXPSe_Tech,Electronics,Europe,,,"['Lab_Integration_Discussion', 'Oscilloscope_Selector_Tool', 'Customer']",1
L015841,Hiroshi Johnson,Tesla_Tech,,North America,Automotive Ethernet,Sales Outreach,"['Application_Engineer_Call', 'MQL', 'No_Conversion']",0
L015842,Laura Patel,Qualc_Tech,Semiconductor,LATAM,PathWave Software,Webinar,"['AutoSens_Tech_Talk', 'IMS_Badge_Scan', 'MQL', 'Website_Product_Page', 'Application_Engineer_Call', 'Keysight_Workshop_RF_Testing', 'Website_Product_Page', 'PathWave_Trial_Request', 'Lab_Integration_Discussion', 'No_Conversion']",0
L015843,Ahmed Singh,Rayth_Tech,Telecom,APAC,PathWave Software,,"['Opportunity', 'Lab_Integration_Discussion', 'Lab_Integration_Discussion', 'Lab_Integration_Discussion', 'Customer']",1
L015844,Michael Ito,Tesla Energy GmbH,Automotive,,5G Testbeds,Sales Outreach,"['AutoSens_Tech_Talk', 'SQL', 'Customer']",1
L015845,Laura Singh,Samsung Electronics,Aerospace,,PathWave Software,Sales Outreach,"['Opportunity', 'IMS_Badge_Scan', 'Lab_Integration_Discussion', 'Loaner_Unit_Evaluation', 'Keysight_University_Course', 'Loaner_Unit_Evaluation', 'Lab_Integration_Discussion', 'No_Conversion']",0
L015846,Priya Singh,,Semiconductor,APAC,5G Testbeds,Website,['Customer'],1
L015847,Ravi Tanaka,Tesla_Tech,Electronics,,,Email Campaign,"['Application_Engineer_Call', 'MQL', 'Customer']",1
L015848,Daniel Martinez,Samsu_Tech,,,,Website,"['Keysight_Workshop_RF_Testing', 'SQL', 'LinkedIn_Ad_Click', 'IMS_Badge_Scan', 'Loaner_Unit_Evaluation', 'DesignCon_Booth_Visit', 'Customer']",1
L015849,,Rayth_Tech,Electronics,,,Email Campaign,"['IMS_Badge_Scan', 'Application_Engineer_Call', 'Keysight_University_Course', 'Technical_Demo', 'No_Conversion']",0
L015850,Laura Lee,,Aerospace,North America,5G Testbeds,,"['LinkedIn_Ad_Click', 'No_Conversion']",0
L015851,Maria Patel,Raytheon,Semiconductor,APAC,Automotive Ethernet,,"['Opportunity', 'Customer']",1
L015852,Michael Ito,Infineon,Automotive,,,Webinar,"['Loaner_Unit_Evaluation', 'Opportunity', 'Website_Product_Page', 'Customer']",1
L015853,Laura Tanaka,Infin_Tech,Semiconductor,Europe,,Webinar,"['Lab_Integration_Discussion', 'Opportunity', 'DesignCon_Booth_Visit', 'IMS_Badge_Scan', 'IMS_Badge_Scan', 'Keysight_University_Course', 'SQL', 'PathWave_Trial_Request', 'No_Conversion']",0
L015854,Ahmed Johnson,Infineon GmbH,Aerospace,,5G Testbeds,Sales Outreach,"['Website_Product_Page', 'Lab_Integration_Discussion', 'Customer']",1
L015855,Michael Singh,,Electronics,,PathWave Software,LinkedIn,"['Keysight_Workshop_RF_Testing', 'Loaner_Unit_Evaluation', 'Oscilloscope_Selector_Tool', 'LinkedIn_Ad_Click', 'Loaner_Unit_Evaluation', 'PathWave_Trial_Request', 'Customer']",1
L015856,Kenji Martinez,Sony GmbH,Telecom,,Oscilloscopes,LinkedIn,"['LinkedIn_Ad_Click', 'No_Conversion']",0
L015857,Michael Martinez,Qualc_Tech,,North America,Automotive Ethernet,Event,"['Oscilloscope_Selector_Tool', 'SQL', 'LinkedIn_Ad_Click', 'Whitepaper_Download_5G_Test', 'Keysight_University_Course', 'Keysight_Workshop_RF_Testing', 'LinkedIn_Ad_Click', 'Lab_Integration_Discussion', 'Customer']",1
L015858,Daniel Chen,Broadcom GmbH,Automotive,Europe,,LinkedIn,"['Keysight_University_Course', 'Customer']",1
L015859,,,,,,Sales Outreach,"['Lab_Integration_Discussion', 'Loaner_Unit_Evaluation', 'Website_Product_Page', 'Customer']",1
L015860,Ahmed Anders,NXPSe_Tech,,APAC,,Website,"['LinkedIn_Ad_Click', 'Whitepaper_Download_5G_Test', 'No_Conversion']",0
L015861,Ravi Anders,,Electronics,LATAM,5G Testbeds,Sales Outreach,"['Technical_Demo', 'Application_Engineer_Call', 'SQL', 'AutoSens_Tech_Talk', 'PathWave_Trial_Request', 'MQL', 'AutoSens_Tech_Talk', 'IMS_Badge_Scan', 'DesignCon_Booth_Visit', 'Loaner_Unit_Evaluation', 'No_Conversion']",0
L015862,Laura Ito,,Automotive,,,Website,"['MQL', 'MQL', 'Opportunity', 'Whitepaper_Download_5G_Test', 'PathWave_Trial_Request', 'IMS_Badge_Scan', 'IMS_Badge_Scan', 'DesignCon_Booth_Visit', 'AutoSens_Tech_Talk', 'No_Conversion']",0
L015863,Hiroshi Lee,,Aerospace,APAC,,Sales Outreach,"['Oscilloscope_Selector_Tool', 'Application_Engineer_Call', 'Oscilloscope_Selector_Tool', 'Whitepaper_Download_5G_Test', 'Customer']",1
L015864,Sofia Johnson,,Telecom,North America,5G Testbeds,Event,"['Oscilloscope_Selector_Tool', 'Opportunity', 'LinkedIn_Ad_Click', 'Keysight_Workshop_RF_Testing', 'No_Conversion']",0
L015865,Ahmed Johnson,MetaC_Tech,,APAC,,Email Campaign,"['AutoSens_Tech_Talk', 'Customer']",1
L015866,Laura Johnson,Sony,Telecom,LATAM,,Website,"['Oscilloscope_Selector_Tool', 'LinkedIn_Ad_Click', 'Customer']",1
L015867,,Tesla_Tech,,,,LinkedIn,"['Application_Engineer_Call', 'LinkedIn_Ad_Click', 'Website_Product_Page', 'Oscilloscope_Selector_Tool', 'Loaner_Unit_Evaluation', 'Lab_Integration_Discussion', 'Website_Product_Page', 'MQL', 'Customer']",1
L015868,Sofia Williams,Bosch,,APAC,,,"['Technical_Demo', 'Keysight_Workshop_RF_Testing', 'Customer']",1
L015869,,Qualc_Tech,Automotive,APAC,,Event,['No_Conversion'],0
L015870,Priya Johnson,Qualc_Tech,,,Automotive Ethernet,Webinar,"['Application_Engineer_Call', 'MQL', 'SQL', 'LinkedIn_Ad_Click', 'Website_Product_Page', 'SQL', 'Keysight_University_Course', 'Customer']",1
L015871,Ravi Anders,Broadcom,,LATAM,,Event,"['Opportunity', 'MQL', 'DesignCon_Booth_Visit', 'Customer']",1
L015872,,Raytheon GmbH,Aerospace,APAC,PathWave Software,,"['PathWave_Trial_Request', 'Customer']",1
L015873,Priya Williams,Broadcom,Semiconductor,APAC,,Email Campaign,"['Loaner_Unit_Evaluation', 'Keysight_Workshop_RF_Testing', 'Customer']",1
L015874,Hiroshi Khan,Sony_Tech,Telecom,APAC,,Webinar,"['Keysight_Workshop_RF_Testing', 'AutoSens_Tech_Talk', 'SQL', 'Website_Product_Page', 'No_Conversion']",0
L015875,Sarah Johnson,Sony_Tech,Semiconductor,APAC,PathWave Software,,"['Application_Engineer_Call', 'IMS_Badge_Scan', 'IMS_Badge_Scan', 'Customer']",1
L015876,Daniel Ito,,Automotive,APAC,5G Testbeds,Webinar,"['Oscilloscope_Selector_Tool', 'Whitepaper_Download_5G_Test', 'MQL', 'Customer']",1
L015877,Laura Lee,Tesla Energy,Semiconductor,LATAM,PathWave Software,Webinar,['Customer'],1
L015878,Chen Chen,Bosch_Tech,Semiconductor,LATAM,,Event,"['Lab_Integration_Discussion', 'No_Conversion']",0
L015879,Chen Ito,NXPSe_Tech,,North America,,Website,['No_Conversion'],0
L015880,Ahmed Garcia,Raytheon,Telecom,LATAM,PathWave Software,Webinar,['Customer'],1
L015881,Daniel Tanaka,Meta Connectivity Labs GmbH,Automotive,Europe,,Email Campaign,"['AutoSens_Tech_Talk', 'IMS_Badge_Scan', 'IMS_Badge_Scan', 'Customer']",1
L015882,,Sony,,North America,5G Testbeds,Event,"['PathWave_Trial_Request', 'PathWave_Trial_Request', 'MQL', 'Loaner_Unit_Evaluation', 'Customer']",1
L015883,Michael Garcia,Broadcom GmbH,,,Oscilloscopes,Website,"['AutoSens_Tech_Talk', 'Customer']",1
L015884,Sofia Anders,Raytheon,Semiconductor,LATAM,,Email Campaign,"['AutoSens_Tech_Talk', 'Customer']",1
L015885,Chen Singh,,Telecom,APAC,PathWave Software,Webinar,"['Website_Product_Page', 'Application_Engineer_Call', 'No_Conversion']",0
L015886,Chen Anders,Infineon GmbH,,APAC,5G Testbeds,Sales Outreach,"['Keysight_Workshop_RF_Testing', 'MQL', 'No_Conversion']",0
L015887,Sarah Ito,,Semiconductor,APAC,Oscilloscopes,Event,['Customer'],1
L015888,Ahmed Johnson,,Semiconductor,,PathWave Software,Website,"['AutoSens_Tech_Talk', 'Oscilloscope_Selector_Tool', 'Lab_Integration_Discussion', 'IMS_Badge_Scan', 'Website_Product_Page', 'IMS_Badge_Scan', 'Customer']",1
L015889,Sarah Khan,Broadcom,Automotive,,Automotive Ethernet,Sales Outreach,"['MQL', 'DesignCon_Booth_Visit', 'No_Conversion']",0
L015890,,Bosch,Automotive,APAC,PathWave Software,Email Campaign,"['Website_Product_Page', 'Website_Product_Page', 'Technical_Demo', 'Customer']",1
L015891,Hiroshi Lee,,Aerospace,,,Website,"['Loaner_Unit_Evaluation', 'PathWave_Trial_Request', 'Application_Engineer_Call', 'Technical_Demo', 'Lab_Integration_Discussion', 'Customer']",1
L015892,,Bosch,,LATAM,Automotive Ethernet,,"['PathWave_Trial_Request', 'Oscilloscope_Selector_Tool', 'LinkedIn_Ad_Click', 'Loaner_Unit_Evaluation', 'SQL', 'Customer']",1
L015893,Daniel Chen,,Automotive,Europe,5G Testbeds,Webinar,"['DesignCon_Booth_Visit', 'Application_Engineer_Call', 'SQL', 'LinkedIn_Ad_Click', 'Whitepaper_Download_5G_Test', 'SQL', 'No_Conversion']",0
L015894,Sofia Lee,Raytheon GmbH,,Europe,Automotive Ethernet,Webinar,"['Keysight_Workshop_RF_Testing', 'Whitepaper_Download_5G_Test', 'Application_Engineer_Call', 'Customer']",1
L015895,Ravi Lee,Rayth_Tech,,LATAM,,Website,"['Lab_Integration_Discussion', 'SQL', 'AutoSens_Tech_Talk', 'Lab_Integration_Discussion', 'MQL', 'Lab_Integration_Discussion', 'Customer']",1
L015896,Sarah Ito,Raytheon GmbH,,,Automotive Ethernet,Email Campaign,"['PathWave_Trial_Request', 'SQL', 'PathWave_Trial_Request', 'Website_Product_Page', 'No_Conversion']",0
L015897,Michael Lee,Raytheon,Aerospace,,Automotive Ethernet,Webinar,"['LinkedIn_Ad_Click', 'LinkedIn_Ad_Click', 'No_Conversion']",0
L015898,Sofia Martinez,,,APAC,,,"['LinkedIn_Ad_Click', 'Lab_Integration_Discussion', 'AutoSens_Tech_Talk', 'Website_Product_Page', 'Opportunity', 'Keysight_University_Course', 'Lab_Integration_Discussion', 'Loaner_Unit_Evaluation', 'Customer']",1
L015899,Maria Garcia,,Aerospace,North America,PathWave Software,LinkedIn,"['Loaner_Unit_Evaluation', 'Keysight_Workshop_RF_Testing', 'Opportunity', 'DesignCon_Booth_Visit', 'IMS_Badge_Scan', 'LinkedIn_Ad_Click', 'Website_Product_Page', 'Oscilloscope_Selector_Tool', 'Application_Engineer_Call', 'MQL', 'Customer']",1
L015900,Ravi Lee,Samsung Electronics GmbH,,,,Email Campaign,"['Lab_Integration_Discussion', 'PathWave_Trial_Request', 'Customer']",1
L015901,Ravi Ito,Bosch,Telecom,APAC,PathWave Software,Webinar,"['Application_Engineer_Call', 'Loaner_Unit_Evaluation', 'No_Conversion']",0
L015902,Ravi Patel,Samsu_Tech,Semiconductor,Europe,,Sales Outreach,"['Whitepaper_Download_5G_Test', 'Lab_Integration_Discussion', 'Application_Engineer_Call', 'Application_Engineer_Call', 'DesignCon_Booth_Visit', 'PathWave_Trial_Request', 'Keysight_Workshop_RF_Testing', 'Keysight_Workshop_RF_Testing', 'Customer']",1
L015903,Michael Lee,Sony GmbH,Telecom,APAC,5G Testbeds,Sales Outreach,"['Keysight_Workshop_RF_Testing', 'Opportunity', 'Keysight_Workshop_RF_Testing', 'AutoSens_Tech_Talk', 'Application_Engineer_Call', 'No_Conversion']",0
L015904,Ahmed Garcia,Tesla Energy GmbH,,APAC,PathWave Software,Website,"['Keysight_University_Course', 'Oscilloscope_Selector_Tool', 'Keysight_Workshop_RF_Testing', 'Website_Product_Page', 'PathWave_Trial_Request', 'No_Conversion']",0
L015905,,Broad_Tech,,Europe,Oscilloscopes,Event,"['IMS_Badge_Scan', 'SQL', 'Customer']",1
L015906,Laura Martinez,Samsung Electronics,Semiconductor,Europe,5G Testbeds,Sales Outreach,"['DesignCon_Booth_Visit', 'Loaner_Unit_Evaluation', 'Oscilloscope_Selector_Tool', 'SQL', 'LinkedIn_Ad_Click', 'Keysight_University_Course', 'Customer']",1
L015907,Sofia Martinez,Infin_Tech,Semiconductor,North America,,Webinar,"['Technical_Demo', 'No_Conversion']",0
L015908,Maria Martinez,,,LATAM,,Event,"['Loaner_Unit_Evaluation', 'Website_Product_Page', 'Website_Product_Page', 'SQL', 'Technical_Demo', 'SQL', 'DesignCon_Booth_Visit', 'Application_Engineer_Call', 'Keysight_Workshop_RF_Testing', 'Customer']",1
L015909,Hiroshi Martinez,Broad_Tech,,North America,,Event,"['DesignCon_Booth_Visit', 'Keysight_Workshop_RF_Testing', 'AutoSens_Tech_Talk', 'Technical_Demo', 'Loaner_Unit_Evaluation', 'Lab_Integration_Discussion', 'PathWave_Trial_Request', 'Customer']",1
L015910,Kenji Khan,Qualcomm GmbH,,APAC,,Webinar,"['Loaner_Unit_Evaluation', 'No_Conversion']",0
L015911,Ahmed Singh,,Automotive,Europe,PathWave Software,Email Campaign,"['Oscilloscope_Selector_Tool', 'Application_Engineer_Call', 'Keysight_Workshop_RF_Testing', 'SQL', 'Opportunity', 'SQL', 'Application_Engineer_Call', 'Loaner_Unit_Evaluation', 'IMS_Badge_Scan', 'SQL', 'Customer']",1
L015912,,Bosch GmbH,,North America,Automotive Ethernet,LinkedIn,"['Whitepaper_Download_5G_Test', 'PathWave_Trial_Request', 'Opportunity', 'SQL', 'No_Conversion']",0
L015913,Priya Martinez,Samsu_Tech,Telecom,APAC,Automotive Ethernet,LinkedIn,"['Technical_Demo', 'Keysight_University_Course', 'Application_Engineer_Call', 'Customer']",1
L015914,Ahmed Khan,,Automotive,North America,,,"['Oscilloscope_Selector_Tool', 'Keysight_University_Course', 'Loaner_Unit_Evaluation', 'SQL', 'IMS_Badge_Scan', 'Whitepaper_Download_5G_Test', 'Keysight_Workshop_RF_Testing', 'IMS_Badge_Scan', 'Lab_Integration_Discussion', 'Opportunity', 'Customer']",1
L015915,Laura Tanaka,Broadcom GmbH,Telecom,North America,5G Testbeds,,['Customer'],1
L015916,Laura Khan,NXP Semiconductors GmbH,Aerospace,North America,,Sales Outreach,"['LinkedIn_Ad_Click', 'Customer']",1
L015917,Sofia Singh,,,,Automotive Ethernet,,['No_Conversion'],0
L015918,,Broad_Tech,,APAC,,LinkedIn,"['AutoSens_Tech_Talk', 'Keysight_Workshop_RF_Testing', 'SQL', 'PathWave_Trial_Request', 'SQL', 'Keysight_University_Course', 'No_Conversion']",0
L015919,Sofia Chen,Bosch,Telecom,,,Website,"['PathWave_Trial_Request', 'LinkedIn_Ad_Click', 'Oscilloscope_Selector_Tool', 'Keysight_University_Course', 'MQL', 'Customer']",1
L015920,Priya Khan,,Aerospace,APAC,5G Testbeds,,"['Oscilloscope_Selector_Tool', 'Keysight_University_Course', 'Lab_Integration_Discussion', 'Whitepaper_Download_5G_Test', 'Customer']",1
L015921,Daniel Tanaka,NXP Semiconductors,,North America,,LinkedIn,"['Keysight_Workshop_RF_Testing', 'Keysight_Workshop_RF_Testing', 'MQL', 'Customer']",1
L015922,Maria Ito,Tesla_Tech,Electronics,LATAM,Oscilloscopes,Webinar,"['Opportunity', 'MQL', 'Application_Engineer_Call', 'Keysight_University_Course', 'Application_Engineer_Call', 'Customer']",1
L015923,Kenji Johnson,NXP Semiconductors,Aerospace,North America,5G Testbeds,Sales Outreach,"['DesignCon_Booth_Visit', 'Oscilloscope_Selector_Tool', 'Whitepaper_Download_5G_Test', 'MQL', 'Website_Product_Page', 'Customer']",1
L015924,Kenji Chen,Sony,Aerospace,North America,,Email Campaign,"['Whitepaper_Download_5G_Test', 'Technical_Demo', 'Customer']",1
L015925,,Sony_Tech,Aerospace,APAC,,Email Campaign,"['Keysight_Workshop_RF_Testing', 'Lab_Integration_Discussion', 'Keysight_Workshop_RF_Testing', 'Lab_Integration_Discussion', 'MQL', 'AutoSens_Tech_Talk', 'Customer']",1
L015926,Ravi Singh,Sony GmbH,,North America,PathWave Software,Website,"['DesignCon_Booth_Visit', 'Keysight_Workshop_RF_Testing', 'IMS_Badge_Scan', 'Customer']",1
L015927,Kenji Garcia,Raytheon GmbH,,LATAM,,LinkedIn,"['Opportunity', 'PathWave_Trial_Request', 'Loaner_Unit_Evaluation', 'LinkedIn_Ad_Click', 'AutoSens_Tech_Talk', 'Customer']",1
L015928,Chen Singh,,,,,Email Campaign,"['Application_Engineer_Call', 'PathWave_Trial_Request', 'SQL', 'Lab_Integration_Discussion', 'SQL', 'No_Conversion']",0
L015929,Priya Williams,Sony GmbH,,APAC,Oscilloscopes,Email Campaign,"['Loaner_Unit_Evaluation', 'MQL', 'Application_Engineer_Call', 'MQL', 'AutoSens_Tech_Talk', 'Customer']",1
L015930,Sofia Williams,Qualcomm,,,,,"['PathWave_Trial_Request', 'DesignCon_Booth_Visit', 'Technical_Demo', 'Technical_Demo', 'MQL', 'Opportunity', 'PathWave_Trial_Request', 'MQL', 'Website_Product_Page', 'No_Conversion']",0
L015931,,,Semiconductor,Europe,,Email Campaign,"['Keysight_University_Course', 'Oscilloscope_Selector_Tool', 'Keysight_Workshop_RF_Testing', 'SQL', 'Keysight_University_Course', 'DesignCon_Booth_Visit', 'Oscilloscope_Selector_Tool', 'Oscilloscope_Selector_Tool', 'Website_Product_Page', 'Oscilloscope_Selector_Tool', 'Customer']",1
L015932,,,Electronics,North America,PathWave Software,Sales Outreach,"['Loaner_Unit_Evaluation', 'SQL', 'Application_Engineer_Call', 'SQL', 'PathWave_Trial_Request', 'No_Conversion']",0
L015933,Chen Johnson,Qualc_Tech,,,,Webinar,"['LinkedIn_Ad_Click', 'DesignCon_Booth_Visit', 'Customer']",1
L015934,,Meta Connectivity Labs,Automotive,Europe,PathWave Software,,"['PathWave_Trial_Request', 'PathWave_Trial_Request', 'Oscilloscope_Selector_Tool', 'Keysight_University_Course', 'Customer']",1
L015935,,Sony,,,Oscilloscopes,,['No_Conversion'],0
L015936,Sofia Martinez,Tesla_Tech,,North America,5G Testbeds,Event,"['Keysight_University_Course', 'PathWave_Trial_Request', 'Opportunity', 'Lab_Integration_Discussion', 'Keysight_Workshop_RF_Testing', 'Customer']",1
L015937,Daniel Williams,Qualc_Tech,,North America,,Website,"['Opportunity', 'Opportunity', 'MQL', 'No_Conversion']",0
L015938,Daniel Garcia,Raytheon,Semiconductor,North America,Oscilloscopes,Sales Outreach,"['Technical_Demo', 'LinkedIn_Ad_Click', 'Application_Engineer_Call', 'Keysight_Workshop_RF_Testing', 'Customer']",1
L015939,,Broad_Tech,Electronics,Europe,Automotive Ethernet,Email Campaign,"['Technical_Demo', 'Lab_Integration_Discussion', 'DesignCon_Booth_Visit', 'Application_Engineer_Call', 'Customer']",1
L015940,Ravi Williams,NXP Semiconductors GmbH,,,,Webinar,"['Website_Product_Page', 'Lab_Integration_Discussion', 'Website_Product_Page', 'Technical_Demo', 'LinkedIn_Ad_Click', 'Oscilloscope_Selector_Tool', 'DesignCon_Booth_Visit', 'Customer']",1
L015941,Ravi Chen,,Semiconductor,LATAM,,,"['IMS_Badge_Scan', 'Oscilloscope_Selector_Tool', 'Oscilloscope_Selector_Tool', 'Loaner_Unit_Evaluation', 'Keysight_Workshop_RF_Testing', 'PathWave_Trial_Request', 'Customer']",1
L015942,Daniel Tanaka,NXP Semiconductors,,APAC,Oscilloscopes,Event,['No_Conversion'],0
L015943,Maria Anders,Meta Connectivity Labs,Semiconductor,APAC,,Event,"['Whitepaper_Download_5G_Test', 'AutoSens_Tech_Talk', 'SQL', 'MQL', 'Customer']",1
L015944,Ahmed Khan,Qualc_Tech,,North America,Oscilloscopes,,"['Whitepaper_Download_5G_Test', 'SQL', 'Keysight_University_Course', 'No_Conversion']",0
L015945,,Broadcom,Electronics,,PathWave Software,Website,['Customer'],1
L015946,Sarah Anders,NXPSe_Tech,Aerospace,APAC,Automotive Ethernet,Email Campaign,"['Loaner_Unit_Evaluation', 'Website_Product_Page', 'IMS_Badge_Scan', 'PathWave_Trial_Request', 'Loaner_Unit_Evaluation', 'No_Conversion']",0
L015947,Michael Garcia,,Semiconductor,LATAM,Automotive Ethernet,Sales Outreach,"['Keysight_University_Course', 'Oscilloscope_Selector_Tool', 'SQL', 'Keysight_Workshop_RF_Testing', 'No_Conversion']",0
L015948,Sofia Garcia,,Electronics,Europe,5G Testbeds,Website,"['Opportunity', 'Keysight_Workshop_RF_Testing', 'Lab_Integration_Discussion', 'Keysight_Workshop_RF_Testing', 'PathWave_Trial_Request', 'Lab_Integration_Discussion', 'Customer']",1
L015949,Sofia Tanaka,,Telecom,,Oscilloscopes,Email Campaign,"['IMS_Badge_Scan', 'Opportunity', 'Whitepaper_Download_5G_Test', 'Opportunity', 'IMS_Badge_Scan', 'DesignCon_Booth_Visit', 'No_Conversion']",0
L015950,,Tesla_Tech,,North America,Oscilloscopes,Website,['No_Conversion'],0
L015951,Laura Ito,Qualc_Tech,Automotive,North America,,Sales Outreach,"['AutoSens_Tech_Talk', 'LinkedIn_Ad_Click', 'Website_Product_Page', 'No_Conversion']",0
L015952,Priya Chen,Infineon GmbH,,Europe,,Email Campaign,"['Website_Product_Page', 'Opportunity', 'No_Conversion']",0
L015953,,Meta Connectivity Labs GmbH,,APAC,Oscilloscopes,Event,"['SQL', 'Technical_Demo', 'DesignCon_Booth_Visit', 'AutoSens_Tech_Talk', 'No_Conversion']",0
L015954,,Raytheon,Electronics,,,Webinar,"['SQL', 'Lab_Integration_Discussion', 'No_Conversion']",0
L015955,Hiroshi Khan,Bosch GmbH,Semiconductor,,Oscilloscopes,Sales Outreach,"['IMS_Badge_Scan', 'PathWave_Trial_Request', 'DesignCon_Booth_Visit', 'IMS_Badge_Scan', 'Application_Engineer_Call', 'Website_Product_Page', 'Oscilloscope_Selector_Tool', 'Technical_Demo', 'No_Conversion']",0
L015956,Chen Tanaka,,Semiconductor,Europe,,Website,"['Oscilloscope_Selector_Tool', 'Opportunity', 'Website_Product_Page', 'PathWave_Trial_Request', 'Keysight_University_Course', 'Oscilloscope_Selector_Tool', 'Loaner_Unit_Evaluation', 'No_Conversion']",0
L015957,Daniel Williams,Tesla Energy,Semiconductor,,Automotive Ethernet,LinkedIn,"['SQL', 'Keysight_Workshop_RF_Testing', 'Lab_Integration_Discussion', 'Keysight_Workshop_RF_Testing', 'Technical_Demo', 'Customer']",1
L015958,,Sony,Automotive,North America,Automotive Ethernet,Sales Outreach,"['Loaner_Unit_Evaluation', 'Opportunity', 'Keysight_Workshop_RF_Testing', 'MQL', 'PathWave_Trial_Request', 'Keysight_University_Course', 'Application_Engineer_Call', 'DesignCon_Booth_Visit', 'Customer']",1
L015959,Daniel Martinez,,Telecom,,,Webinar,"['AutoSens_Tech_Talk', 'Website_Product_Page', 'Keysight_University_Course', 'Website_Product_Page', 'Application_Engineer_Call', 'DesignCon_Booth_Visit', 'DesignCon_Booth_Visit', 'Customer']",1
L015960,Priya Khan,Broadcom,Automotive,Europe,,Webinar,"['Keysight_University_Course', 'Loaner_Unit_Evaluation', 'SQL', 'Oscilloscope_Selector_Tool', 'Application_Engineer_Call', 'Opportunity', 'Customer']",1
L015961,Michael Johnson,Broad_Tech,,APAC,,Webinar,"['Technical_Demo', 'Website_Product_Page', 'DesignCon_Booth_Visit', 'Customer']",1
L015962,,Bosch_Tech,,LATAM,Automotive Ethernet,Website,"['LinkedIn_Ad_Click', 'AutoSens_Tech_Talk', 'IMS_Badge_Scan', 'IMS_Badge_Scan', 'DesignCon_Booth_Visit', 'Customer']",1
L015963,Kenji Anders,,Aerospace,LATAM,Oscilloscopes,Event,"['PathWave_Trial_Request', 'Lab_Integration_Discussion', 'DesignCon_Booth_Visit', 'No_Conversion']",0
L015964,Maria Khan,Sony_Tech,Automotive,LATAM,,Website,['Customer'],1
L015965,,Qualc_Tech,Telecom,North America,Automotive Ethernet,,"['Lab_Integration_Discussion', 'Oscilloscope_Selector_Tool', 'PathWave_Trial_Request', 'Keysight_University_Course', 'Customer']",1
L015966,Chen Williams,MetaC_Tech,Aerospace,North America,PathWave Software,Event,"['MQL', 'Keysight_Workshop_RF_Testing', 'Whitepaper_Download_5G_Test', 'IMS_Badge_Scan', 'IMS_Badge_Scan', 'LinkedIn_Ad_Click', 'Oscilloscope_Selector_Tool', 'LinkedIn_Ad_Click', 'Lab_Integration_Discussion', 'MQL', 'No_Conversion']",0
L015967,,,Aerospace,APAC,Automotive Ethernet,,['Customer'],1
L015968,Chen Williams,,Automotive,North America,5G Testbeds,Event,"['Keysight_University_Course', 'Opportunity', 'SQL', 'Website_Product_Page', 'Technical_Demo', 'Lab_Integration_Discussion', 'Customer']",1
L015969,Sarah Singh,Broadcom GmbH,,Europe,,,"['Loaner_Unit_Evaluation', 'Customer']",1
L015970,Maria Williams,Bosch,,,5G Testbeds,Event,['No_Conversion'],0
L015971,Ahmed Johnson,Broadcom,Telecom,,,Email Campaign,"['Loaner_Unit_Evaluation', 'Customer']",1
L015972,Kenji Martinez,Qualcomm,,Europe,Oscilloscopes,,"['AutoSens_Tech_Talk', 'No_Conversion']",0
L015973,,,,,Automotive Ethernet,Webinar,"['LinkedIn_Ad_Click', 'PathWave_Trial_Request', 'MQL', 'MQL', 'No_Conversion']",0
L015974,Sarah Lee,Qualcomm,Automotive,APAC,,Event,"['DesignCon_Booth_Visit', 'Customer']",1
L015975,Priya Garcia,Tesla Energy GmbH,Automotive,APAC,5G Testbeds,Webinar,"['Technical_Demo', 'Whitepaper_Download_5G_Test', 'Keysight_Workshop_RF_Testing', 'Customer']",1
L015976,Maria Lee,NXP Semiconductors GmbH,Aerospace,LATAM,PathWave Software,Event,"['Oscilloscope_Selector_Tool', 'Oscilloscope_Selector_Tool', 'IMS_Badge_Scan', 'Keysight_University_Course', 'Website_Product_Page', 'Whitepaper_Download_5G_Test', 'Technical_Demo', 'MQL', 'LinkedIn_Ad_Click', 'No_Conversion']",0
L015977,Laura Garcia,NXP Semiconductors,Semiconductor,LATAM,PathWave Software,Email Campaign,"['Opportunity', 'No_Conversion']",0
L015978,Chen Ito,Broad_Tech,,Europe,5G Testbeds,Sales Outreach,"['MQL', 'Loaner_Unit_Evaluation', 'Keysight_Workshop_RF_Testing', 'LinkedIn_Ad_Click', 'Application_Engineer_Call', 'SQL', 'Keysight_University_Course', 'No_Conversion']",0
L015979,Chen Garcia,Infineon GmbH,,APAC,5G Testbeds,LinkedIn,"['IMS_Badge_Scan', 'Keysight_University_Course', 'Lab_Integration_Discussion', 'Whitepaper_Download_5G_Test', 'Website_Product_Page', 'MQL', 'No_Conversion']",0
L015980,Sarah Johnson,,Aerospace,LATAM,,Sales Outreach,"['DesignCon_Booth_Visit', 'Website_Product_Page', 'Application_Engineer_Call', 'Customer']",1
L015981,Michael Lee,,Aerospace,North America,Oscilloscopes,Website,"['Lab_Integration_Discussion', 'Application_Engineer_Call', 'SQL', 'Website_Product_Page', 'Opportunity', 'SQL', 'Technical_Demo', 'No_Conversion']",0
L015982,Hiroshi Ito,NXP Semiconductors GmbH,,APAC,,Webinar,['Customer'],1
L015983,Chen Williams,Sony_Tech,Automotive,North America,5G Testbeds,Website,"['Loaner_Unit_Evaluation', 'Lab_Integration_Discussion', 'No_Conversion']",0
L015984,Laura Tanaka,Meta Connectivity Labs GmbH,,APAC,Automotive Ethernet,Sales Outreach,"['Oscilloscope_Selector_Tool', 'Loaner_Unit_Evaluation', 'Opportunity', 'DesignCon_Booth_Visit', 'No_Conversion']",0
L015985,Chen Williams,Qualcomm GmbH,Electronics,Europe,5G Testbeds,Email Campaign,"['SQL', 'Loaner_Unit_Evaluation', 'Keysight_University_Course', 'Lab_Integration_Discussion', 'Oscilloscope_Selector_Tool', 'PathWave_Trial_Request', 'Application_Engineer_Call', 'AutoSens_Tech_Talk', 'SQL', 'No_Conversion']",0
L015986,Priya Singh,Raytheon,Semiconductor,Europe,5G Testbeds,Webinar,"['Lab_Integration_Discussion', 'SQL', 'Customer']",1
L015987,Sarah Singh,Sony GmbH,Semiconductor,,,,"['IMS_Badge_Scan', 'Keysight_Workshop_RF_Testing', 'DesignCon_Booth_Visit', 'MQL', 'Customer']",1
L015988,Ahmed Khan,Bosch_Tech,Semiconductor,APAC,PathWave Software,Email Campaign,"['Oscilloscope_Selector_Tool', 'IMS_Badge_Scan', 'AutoSens_Tech_Talk', 'IMS_Badge_Scan', 'No_Conversion']",0
L015989,Daniel Lee,NXP Semiconductors,Electronics,,,Website,"['LinkedIn_Ad_Click', 'DesignCon_Booth_Visit', 'LinkedIn_Ad_Click', 'No_Conversion']",0
L015990,Kenji Khan,Samsu_Tech,,APAC,,Email Campaign,"['Keysight_University_Course', 'Loaner_Unit_Evaluation', 'IMS_Badge_Scan', 'Opportunity', 'DesignCon_Booth_Visit', 'Customer']",1
L015991,Kenji Singh,Samsung Electronics,Electronics,APAC,5G Testbeds,LinkedIn,"['Opportunity', 'Whitepaper_Download_5G_Test', 'Technical_Demo', 'Whitepaper_Download_5G_Test', 'Whitepaper_Download_5G_Test', 'Loaner_Unit_Evaluation', 'LinkedIn_Ad_Click', 'PathWave_Trial_Request', 'Customer']",1
L015992,,Broadcom GmbH,,North America,,Sales Outreach,"['Keysight_Workshop_RF_Testing', 'AutoSens_Tech_Talk', 'Application_Engineer_Call', 'Application_Engineer_Call', 'MQL', 'DesignCon_Booth_Visit', 'Whitepaper_Download_5G_Test', 'Application_Engineer_Call', 'Oscilloscope_Selector_Tool', 'Customer']",1
L015993,,Qualcomm,Aerospace,APAC,,,"['PathWave_Trial_Request', 'DesignCon_Booth_Visit', 'Application_Engineer_Call', 'Keysight_Workshop_RF_Testing', 'LinkedIn_Ad_Click', 'Customer']",1
L015994,,Infineon,,Europe,Oscilloscopes,,"['Application_Engineer_Call', 'Lab_Integration_Discussion', 'IMS_Badge_Scan', 'Website_Product_Page', 'Loaner_Unit_Evaluation', 'No_Conversion']",0
L015995,Chen Anders,Sony_Tech,Automotive,APAC,5G Testbeds,,['Customer'],1
L015996,Sarah Johnson,Sony GmbH,,North America,PathWave Software,Sales Outreach,"['IMS_Badge_Scan', 'Loaner_Unit_Evaluation', 'DesignCon_Booth_Visit', 'IMS_Badge_Scan', 'MQL', 'Lab_Integration_Discussion', 'No_Conversion']",0
L015997,Maria Martinez,NXP Semiconductors,Semiconductor,APAC,PathWave Software,LinkedIn,['No_Conversion'],0
L015998,,Samsu_Tech,Telecom,Europe,,LinkedIn,"['AutoSens_Tech_Talk', 'Keysight_University_Course', 'Keysight_Workshop_RF_Testing', 'IMS_Badge_Scan', 'Keysight_University_Course', 'Opportunity', 'Application_Engineer_Call', 'No_Conversion']",0
L015999,Priya Lee,Qualcomm GmbH,,APAC,,Event,"['DesignCon_Booth_Visit', 'PathWave_Trial_Request', 'SQL', 'LinkedIn_Ad_Click', 'Oscilloscope_Selector_Tool', 'PathWave_Trial_Request', 'No_Conversion']",0
L016000,,NXP Semiconductors,Electronics,North America,PathWave Software,LinkedIn,['Customer'],1
L016001,Ahmed Lee,Infineon GmbH,,North America,,Sales Outreach,"['Whitepaper_Download_5G_Test', 'DesignCon_Booth_Visit', 'AutoSens_Tech_Talk', 'Customer']",1
L016002,,Tesla_Tech,Electronics,APAC,PathWave Software,Event,"['AutoSens_Tech_Talk', 'Lab_Integration_Discussion', 'Keysight_Workshop_RF_Testing', 'Keysight_Workshop_RF_Testing', 'SQL', 'Website_Product_Page', 'No_Conversion']",0
L016003,Chen Ito,Samsung Electronics,Telecom,,5G Testbeds,Webinar,"['MQL', 'DesignCon_Booth_Visit', 'Keysight_Workshop_RF_Testing', 'DesignCon_Booth_Visit', 'No_Conversion']",0
L016004,Sarah Anders,MetaC_Tech,Telecom,,Oscilloscopes,Email Campaign,"['DesignCon_Booth_Visit', 'Whitepaper_Download_5G_Test', 'Opportunity', 'Loaner_Unit_Evaluation', 'Application_Engineer_Call', 'Keysight_Workshop_RF_Testing', 'Oscilloscope_Selector_Tool', 'Lab_Integration_Discussion', 'Customer']",1
L016005,Ravi Patel,Qualcomm GmbH,Aerospace,LATAM,Automotive Ethernet,Event,"['Technical_Demo', 'Technical_Demo', 'Opportunity', 'Keysight_Workshop_RF_Testing', 'Technical_Demo', 'PathWave_Trial_Request', 'DesignCon_Booth_Visit', 'Oscilloscope_Selector_Tool', 'Oscilloscope_Selector_Tool', 'No_Conversion']",0
L016006,Kenji Lee,,,LATAM,Oscilloscopes,LinkedIn,"['Keysight_University_Course', 'SQL', 'MQL', 'No_Conversion']",0
L016007,Ravi Ito,Meta Connectivity Labs GmbH,Aerospace,LATAM,,LinkedIn,"['AutoSens_Tech_Talk', 'Customer']",1
L016008,Sarah Williams,Tesla Energy GmbH,Telecom,North America,,Email Campaign,"['Whitepaper_Download_5G_Test', 'Oscilloscope_Selector_Tool', 'Keysight_University_Course', 'Keysight_University_Course', 'Keysight_Workshop_RF_Testing', 'AutoSens_Tech_Talk', 'Keysight_University_Course', 'PathWave_Trial_Request', 'MQL', 'DesignCon_Booth_Visit', 'Customer']",1
L016009,Daniel Anders,Sony_Tech,Telecom,,,Email Campaign,['No_Conversion'],0
L016010,Ravi Tanaka,Broadcom,Telecom,APAC,Automotive Ethernet,,['No_Conversion'],0
L016011,Laura Ito,Broad_Tech,Semiconductor,APAC,,Webinar,['No_Conversion'],0
L016012,Priya Johnson,Bosch,,LATAM,Automotive Ethernet,Sales Outreach,"['LinkedIn_Ad_Click', 'Keysight_University_Course', 'PathWave_Trial_Request', 'SQL', 'PathWave_Trial_Request', 'IMS_Badge_Scan', 'SQL', 'Customer']",1
L016013,Hiroshi Williams,Samsung Electronics GmbH,,Europe,Oscilloscopes,Sales Outreach,"['Website_Product_Page', 'Whitepaper_Download_5G_Test', 'IMS_Badge_Scan', 'Lab_Integration_Discussion', 'Application_Engineer_Call', 'IMS_Badge_Scan', 'Application_Engineer_Call', 'Customer']",1
L016014,Ravi Patel,Samsung Electronics,,LATAM,Oscilloscopes,Webinar,"['DesignCon_Booth_Visit', 'AutoSens_Tech_Talk', 'IMS_Badge_Scan', 'Customer']",1
L016015,Chen Lee,,,,,Website,"['PathWave_Trial_Request', 'Oscilloscope_Selector_Tool', 'Opportunity', 'MQL', 'IMS_Badge_Scan', 'Technical_Demo', 'DesignCon_Booth_Visit', 'Application_Engineer_Call', 'MQL', 'Opportunity', 'No_Conversion']",0
L016016,Laura Ito,Broad_Tech,Semiconductor,,Oscilloscopes,Email Campaign,"['SQL', 'DesignCon_Booth_Visit', 'Keysight_University_Course', 'Technical_Demo', 'Oscilloscope_Selector_Tool', 'No_Conversion']",0
L016017,Michael Patel,Bosch,Electronics,Europe,,Email Campaign,"['AutoSens_Tech_Talk', 'Loaner_Unit_Evaluation', 'Keysight_University_Course', 'No_Conversion']",0
L016018,Priya Martinez,Broadcom,Semiconductor,APAC,5G Testbeds,,"['AutoSens_Tech_Talk', 'Keysight_Workshop_RF_Testing', 'No_Conversion']",0
L016019,,Broadcom,Electronics,,PathWave Software,Event,"['AutoSens_Tech_Talk', 'AutoSens_Tech_Talk', 'Customer']",1
L016020,Maria Patel,Sony,Electronics,APAC,,LinkedIn,"['DesignCon_Booth_Visit', 'Keysight_University_Course', 'Oscilloscope_Selector_Tool', 'LinkedIn_Ad_Click', 'SQL', 'Whitepaper_Download_5G_Test', 'No_Conversion']",0
L016021,Ravi Singh,Bosch,,APAC,5G Testbeds,Webinar,"['Loaner_Unit_Evaluation', 'Lab_Integration_Discussion', 'SQL', 'No_Conversion']",0
L016022,Kenji Lee,Tesla_Tech,,LATAM,,Event,"['Oscilloscope_Selector_Tool', 'Oscilloscope_Selector_Tool', 'Lab_Integration_Discussion', 'Opportunity', 'Opportunity', 'Keysight_University_Course', 'MQL', 'Customer']",1
L016023,Daniel Johnson,Sony GmbH,Telecom,LATAM,,Event,"['Loaner_Unit_Evaluation', 'Loaner_Unit_Evaluation', 'PathWave_Trial_Request', 'DesignCon_Booth_Visit', 'DesignCon_Booth_Visit', 'No_Conversion']",0
L016024,Sarah Martinez,Samsung Electronics GmbH,Electronics,,,Website,"['LinkedIn_Ad_Click', 'Website_Product_Page', 'Application_Engineer_Call', 'Customer']",1
L016025,Ahmed Singh,NXPSe_Tech,Semiconductor,LATAM,Oscilloscopes,Website,"['Keysight_University_Course', 'DesignCon_Booth_Visit', 'Opportunity', 'Customer']",1
L016026,,NXP Semiconductors GmbH,Electronics,,Automotive Ethernet,Webinar,"['PathWave_Trial_Request', 'Opportunity', 'Customer']",1
L016027,Kenji Williams,,,North America,PathWave Software,,['No_Conversion'],0
L016028,Hiroshi Martinez,Broadcom GmbH,,,,Sales Outreach,"['Technical_Demo', 'Keysight_Workshop_RF_Testing', 'IMS_Badge_Scan', 'Oscilloscope_Selector_Tool', 'Loaner_Unit_Evaluation', 'Keysight_University_Course', 'SQL', 'LinkedIn_Ad_Click', 'No_Conversion']",0
L016029,Kenji Patel,,Automotive,,,Website,"['Keysight_Workshop_RF_Testing', 'MQL', 'AutoSens_Tech_Talk', 'LinkedIn_Ad_Click', 'Website_Product_Page', 'Oscilloscope_Selector_Tool', 'Application_Engineer_Call', 'Customer']",1
L016030,,Sony GmbH,Aerospace,,,LinkedIn,['No_Conversion'],0
L016031,Sofia Lee,,,APAC,Automotive Ethernet,Sales Outreach,['Customer'],1
L016032,Laura Khan,MetaC_Tech,Aerospace,North America,Oscilloscopes,Event,"['LinkedIn_Ad_Click', 'SQL', 'Opportunity', 'Customer']",1
L016033,Sarah Johnson,,,LATAM,Oscilloscopes,Website,"['Opportunity', 'Customer']",1
L016034,Ahmed Singh,Qualc_Tech,,LATAM,Oscilloscopes,LinkedIn,"['MQL', 'SQL', 'Whitepaper_Download_5G_Test', 'Loaner_Unit_Evaluation', 'AutoSens_Tech_Talk', 'SQL', 'MQL', 'MQL', 'MQL', 'No_Conversion']",0
L016035,Ahmed Tanaka,,Telecom,Europe,PathWave Software,Website,"['Oscilloscope_Selector_Tool', 'PathWave_Trial_Request', 'Whitepaper_Download_5G_Test', 'IMS_Badge_Scan', 'SQL', 'Opportunity', 'Customer']",1
L016036,,Samsung Electronics GmbH,,North America,,Webinar,"['Loaner_Unit_Evaluation', 'LinkedIn_Ad_Click', 'Website_Product_Page', 'Customer']",1
L016037,Maria Khan,Qualc_Tech,Telecom,APAC,5G Testbeds,,"['LinkedIn_Ad_Click', 'Keysight_Workshop_RF_Testing', 'Whitepaper_Download_5G_Test', 'MQL', 'No_Conversion']",0
L016038,Priya Chen,Raytheon,Automotive,,PathWave Software,LinkedIn,['No_Conversion'],0
L016039,Ahmed Anders,Broadcom GmbH,,Europe,Oscilloscopes,Website,"['Loaner_Unit_Evaluation', 'Loaner_Unit_Evaluation', 'DesignCon_Booth_Visit', 'No_Conversion']",0
L016040,Sarah Khan,Broad_Tech,Automotive,LATAM,Oscilloscopes,Event,"['Lab_Integration_Discussion', 'Lab_Integration_Discussion', 'Technical_Demo', 'AutoSens_Tech_Talk', 'Customer']",1
L016041,Priya Ito,Sony GmbH,Semiconductor,Europe,PathWave Software,Webinar,"['AutoSens_Tech_Talk', 'AutoSens_Tech_Talk', 'Keysight_Workshop_RF_Testing', 'Customer']",1
L016042,Ravi Lee,Meta Connectivity Labs,,Europe,Automotive Ethernet,,"['Website_Product_Page', 'Lab_Integration_Discussion', 'LinkedIn_Ad_Click', 'Customer']",1
L016043,Ravi Anders,NXP Semiconductors GmbH,,North America,5G Testbeds,Event,"['Opportunity', 'IMS_Badge_Scan', 'Technical_Demo', 'No_Conversion']",0
L016044,Hiroshi Johnson,Infineon GmbH,,,Automotive Ethernet,Email Campaign,"['MQL', 'Opportunity', 'Keysight_University_Course', 'MQL', 'Customer']",1
L016045,Priya Williams,NXP Semiconductors,Semiconductor,LATAM,,Email Campaign,"['AutoSens_Tech_Talk', 'Keysight_University_Course', 'Whitepaper_Download_5G_Test', 'Opportunity', 'IMS_Badge_Scan', 'Website_Product_Page', 'SQL', 'Customer']",1
L016046,Kenji Khan,Samsu_Tech,Automotive,,Automotive Ethernet,Sales Outreach,"['Application_Engineer_Call', 'Keysight_Workshop_RF_Testing', 'Keysight_Workshop_RF_Testing', 'Oscilloscope_Selector_Tool', 'Oscilloscope_Selector_Tool', 'Technical_Demo', 'Whitepaper_Download_5G_Test', 'Customer']",1
L016047,Maria Khan,MetaC_Tech,Electronics,,5G Testbeds,Email Campaign,"['LinkedIn_Ad_Click', 'Opportunity', 'No_Conversion']",0
L016048,,Tesla Energy,,LATAM,,Email Campaign,"['Opportunity', 'Technical_Demo', 'Whitepaper_Download_5G_Test', 'DesignCon_Booth_Visit', 'Whitepaper_Download_5G_Test', 'MQL', 'Lab_Integration_Discussion', 'Customer']",1
L016049,Daniel Singh,,Aerospace,APAC,,Event,"['Website_Product_Page', 'Lab_Integration_Discussion', 'No_Conversion']",0
L016050,Maria Chen,Qualc_Tech,,,5G Testbeds,Website,"['SQL', 'Loaner_Unit_Evaluation', 'Loaner_Unit_Evaluation', 'Keysight_Workshop_RF_Testing', 'MQL', 'Customer']",1
L016051,Maria Ito,Tesla_Tech,Electronics,LATAM,,Webinar,['Customer'],1
L016052,,Qualcomm,Automotive,APAC,PathWave Software,Event,"['Loaner_Unit_Evaluation', 'No_Conversion']",0
L016053,Hiroshi Singh,Broadcom GmbH,Aerospace,APAC,,Webinar,"['PathWave_Trial_Request', 'Technical_Demo', 'Application_Engineer_Call', 'SQL', 'Oscilloscope_Selector_Tool', 'Technical_Demo', 'Opportunity', 'Customer']",1
L016054,Chen Ito,,,North America,Automotive Ethernet,Event,"['Oscilloscope_Selector_Tool', 'Opportunity', 'Website_Product_Page', 'Technical_Demo', 'Application_Engineer_Call', 'IMS_Badge_Scan', 'PathWave_Trial_Request', 'Keysight_Workshop_RF_Testing', 'Customer']",1
L016055,Michael Johnson,,Telecom,APAC,5G Testbeds,Sales Outreach,"['Opportunity', 'Keysight_Workshop_RF_Testing', 'Keysight_University_Course', 'Customer']",1
L016056,Sofia Ito,Qualc_Tech,,North America,,,"['Keysight_University_Course', 'Application_Engineer_Call', 'Technical_Demo', 'No_Conversion']",0
L016057,Chen Patel,Tesla Energy GmbH,Semiconductor,Europe,,LinkedIn,"['Lab_Integration_Discussion', 'SQL', 'Loaner_Unit_Evaluation', 'Customer']",1
L016058,Michael Patel,,,APAC,,Sales Outreach,"['Opportunity', 'Application_Engineer_Call', 'Customer']",1
L016059,Priya Anders,,Electronics,Europe,Automotive Ethernet,Email Campaign,"['Website_Product_Page', 'Keysight_University_Course', 'No_Conversion']",0
L016060,Ahmed Anders,Tesla Energy GmbH,,APAC,5G Testbeds,LinkedIn,"['Loaner_Unit_Evaluation', 'Keysight_University_Course', 'AutoSens_Tech_Talk', 'DesignCon_Booth_Visit', 'Technical_Demo', 'PathWave_Trial_Request', 'LinkedIn_Ad_Click', 'IMS_Badge_Scan', 'No_Conversion']",0
L016061,Kenji Khan,Samsung Electronics GmbH,Electronics,North America,Oscilloscopes,,"['Loaner_Unit_Evaluation', 'Application_Engineer_Call', 'SQL', 'AutoSens_Tech_Talk', 'SQL', 'Technical_Demo', 'Oscilloscope_Selector_Tool', 'Technical_Demo', 'Keysight_Workshop_RF_Testing', 'No_Conversion']",0
L016062,Chen Johnson,,Electronics,North America,Oscilloscopes,Website,"['Technical_Demo', 'AutoSens_Tech_Talk', 'IMS_Badge_Scan', 'No_Conversion']",0
L016063,Laura Williams,Meta Connectivity Labs,,,Oscilloscopes,Event,"['Whitepaper_Download_5G_Test', 'Opportunity', 'Customer']",1
L016064,Laura Tanaka,Qualc_Tech,,APAC,Automotive Ethernet,Webinar,"['PathWave_Trial_Request', 'SQL', 'Loaner_Unit_Evaluation', 'Customer']",1
L016065,Maria Ito,Samsung Electronics GmbH,,North America,5G Testbeds,Sales Outreach,"['Application_Engineer_Call', 'PathWave_Trial_Request', 'Opportunity', 'AutoSens_Tech_Talk', 'Customer']",1
L016066,Ahmed Chen,Meta Connectivity Labs,,,,Website,"['Lab_Integration_Discussion', 'Opportunity', 'Website_Product_Page', 'Technical_Demo', 'Customer']",1
L016067,Ahmed Chen,Infineon GmbH,Semiconductor,,PathWave Software,Sales Outreach,"['IMS_Badge_Scan', 'Keysight_University_Course', 'DesignCon_Booth_Visit', 'Website_Product_Page', 'DesignCon_Booth_Visit', 'LinkedIn_Ad_Click', 'SQL', 'Customer']",1
L016068,Hiroshi Patel,Samsu_Tech,Aerospace,Europe,PathWave Software,Website,"['Oscilloscope_Selector_Tool', 'IMS_Badge_Scan', 'Technical_Demo', 'Loaner_Unit_Evaluation', 'MQL', 'Customer']",1
L016069,Hiroshi Singh,Bosch_Tech,,,,Website,"['Oscilloscope_Selector_Tool', 'Keysight_Workshop_RF_Testing', 'Oscilloscope_Selector_Tool', 'MQL', 'LinkedIn_Ad_Click', 'LinkedIn_Ad_Click', 'IMS_Badge_Scan', 'No_Conversion']",0
L016070,Priya Singh,Bosch,,North America,Automotive Ethernet,LinkedIn,"['LinkedIn_Ad_Click', 'Application_Engineer_Call', 'PathWave_Trial_Request', 'LinkedIn_Ad_Click', 'LinkedIn_Ad_Click', 'DesignCon_Booth_Visit', 'No_Conversion']",0
L016071,Ahmed Ito,Bosch_Tech,,LATAM,Automotive Ethernet,Sales Outreach,"['Keysight_Workshop_RF_Testing', 'DesignCon_Booth_Visit', 'Oscilloscope_Selector_Tool', 'No_Conversion']",0
L016072,Laura Tanaka,Broad_Tech,Automotive,,PathWave Software,LinkedIn,"['MQL', 'Loaner_Unit_Evaluation', 'DesignCon_Booth_Visit', 'No_Conversion']",0
L016073,Ravi Johnson,Samsung Electronics GmbH,,Europe,Automotive Ethernet,Website,"['Oscilloscope_Selector_Tool', 'SQL', 'Loaner_Unit_Evaluation', 'Keysight_Workshop_RF_Testing', 'SQL', 'Opportunity', 'Opportunity', 'Customer']",1
L016074,Daniel Garcia,Bosch GmbH,,APAC,Oscilloscopes,Sales Outreach,"['Opportunity', 'Customer']",1
L016075,Sarah Lee,,Semiconductor,Europe,5G Testbeds,LinkedIn,"['Technical_Demo', 'Opportunity', 'Whitepaper_Download_5G_Test', 'PathWave_Trial_Request', 'Customer']",1
L016076,Sarah Anders,Meta Connectivity Labs,Electronics,,PathWave Software,,"['Lab_Integration_Discussion', 'AutoSens_Tech_Talk', 'Website_Product_Page', 'PathWave_Trial_Request', 'SQL', 'No_Conversion']",0
L016077,Ahmed Garcia,,,APAC,Automotive Ethernet,LinkedIn,"['Whitepaper_Download_5G_Test', 'IMS_Badge_Scan', 'Website_Product_Page', 'DesignCon_Booth_Visit', 'Loaner_Unit_Evaluation', 'Keysight_Workshop_RF_Testing', 'PathWave_Trial_Request', 'Keysight_University_Course', 'Website_Product_Page', 'PathWave_Trial_Request', 'Customer']",1
L016078,Ravi Lee,Sony,Automotive,Europe,,,"['Keysight_University_Course', 'No_Conversion']",0
L016079,,Sony GmbH,Semiconductor,,Oscilloscopes,Webinar,['Customer'],1
L016080,Hiroshi Tanaka,Broadcom GmbH,Automotive,,Automotive Ethernet,Website,"['Whitepaper_Download_5G_Test', 'Keysight_University_Course', 'Lab_Integration_Discussion', 'No_Conversion']",0
L016081,Sofia Tanaka,Broadcom,Aerospace,APAC,PathWave Software,Event,"['DesignCon_Booth_Visit', 'Keysight_University_Course', 'Loaner_Unit_Evaluation', 'Customer']",1
L016082,Michael Martinez,NXP Semiconductors,,,,Email Campaign,"['PathWave_Trial_Request', 'Oscilloscope_Selector_Tool', 'Keysight_University_Course', 'Oscilloscope_Selector_Tool', 'Loaner_Unit_Evaluation', 'Customer']",1
L016083,Ravi Khan,Broadcom GmbH,Telecom,APAC,PathWave Software,Email Campaign,"['Oscilloscope_Selector_Tool', 'Loaner_Unit_Evaluation', 'DesignCon_Booth_Visit', 'No_Conversion']",0
L016084,Ravi Johnson,Qualcomm,,APAC,Automotive Ethernet,Webinar,"['LinkedIn_Ad_Click', 'Whitepaper_Download_5G_Test', 'Lab_Integration_Discussion', 'Application_Engineer_Call', 'AutoSens_Tech_Talk', 'Oscilloscope_Selector_Tool', 'Customer']",1
L016085,Daniel Tanaka,NXPSe_Tech,Telecom,LATAM,,LinkedIn,"['Oscilloscope_Selector_Tool', 'Keysight_Workshop_RF_Testing', 'IMS_Badge_Scan', 'Customer']",1
L016086,,Raytheon GmbH,,North America,PathWave Software,Email Campaign,"['SQL', 'Website_Product_Page', 'PathWave_Trial_Request', 'DesignCon_Booth_Visit', 'Oscilloscope_Selector_Tool', 'Whitepaper_Download_5G_Test', 'Opportunity', 'Keysight_Workshop_RF_Testing', 'Customer']",1
L016087,,NXP Semiconductors,Automotive,LATAM,Oscilloscopes,Email Campaign,"['Oscilloscope_Selector_Tool', 'Keysight_University_Course', 'Keysight_Workshop_RF_Testing', 'No_Conversion']",0
L016088,Sofia Martinez,Broadcom,Telecom,,,,"['SQL', 'Keysight_University_Course', 'Whitepaper_Download_5G_Test', 'AutoSens_Tech_Talk', 'IMS_Badge_Scan', 'IMS_Badge_Scan', 'Customer']",1
L016089,Sarah Khan,,Telecom,North America,PathWave Software,,['Customer'],1
L016090,Laura Anders,Tesla_Tech,Automotive,LATAM,Automotive Ethernet,Website,['No_Conversion'],0
L016091,Priya Martinez,Infineon GmbH,Automotive,,Automotive Ethernet,Webinar,"['DesignCon_Booth_Visit', 'AutoSens_Tech_Talk', 'Loaner_Unit_Evaluation', 'Oscilloscope_Selector_Tool', 'Application_Engineer_Call', 'Application_Engineer_Call', 'No_Conversion']",0
L016092,Laura Lee,,Telecom,,5G Testbeds,Sales Outreach,"['Application_Engineer_Call', 'AutoSens_Tech_Talk', 'Website_Product_Page', 'DesignCon_Booth_Visit', 'Loaner_Unit_Evaluation', 'LinkedIn_Ad_Click', 'DesignCon_Booth_Visit', 'No_Conversion']",0
L016093,Maria Chen,,Telecom,,PathWave Software,Event,"['Application_Engineer_Call', 'LinkedIn_Ad_Click', 'No_Conversion']",0
L016094,Michael Anders,Rayth_Tech,Telecom,North America,5G Testbeds,Webinar,"['PathWave_Trial_Request', 'Application_Engineer_Call', 'Loaner_Unit_Evaluation', 'Application_Engineer_Call', 'LinkedIn_Ad_Click', 'Keysight_University_Course', 'Website_Product_Page', 'Oscilloscope_Selector_Tool', 'Lab_Integration_Discussion', 'Oscilloscope_Selector_Tool', 'No_Conversion']",0
L016095,,,Telecom,North America,Oscilloscopes,Event,"['IMS_Badge_Scan', 'Opportunity', 'Keysight_University_Course', 'IMS_Badge_Scan', 'SQL', 'Keysight_Workshop_RF_Testing', 'Whitepaper_Download_5G_Test', 'No_Conversion']",0
L016096,Michael Singh,Rayth_Tech,Automotive,LATAM,Automotive Ethernet,Webinar,['No_Conversion'],0
L016097,,,,Europe,,Event,"['Loaner_Unit_Evaluation', 'No_Conversion']",0
L016098,Hiroshi Lee,Raytheon,,LATAM,5G Testbeds,,"['AutoSens_Tech_Talk', 'DesignCon_Booth_Visit', 'SQL', 'No_Conversion']",0
L016099,Laura Anders,Sony_Tech,Aerospace,LATAM,,Sales Outreach,"['Technical_Demo', 'AutoSens_Tech_Talk', 'Keysight_University_Course', 'Keysight_University_Course', 'Customer']",1
L016100,Ahmed Lee,Raytheon,Aerospace,APAC,,,"['DesignCon_Booth_Visit', 'SQL', 'AutoSens_Tech_Talk', 'Lab_Integration_Discussion', 'Application_Engineer_Call', 'Lab_Integration_Discussion', 'Opportunity', 'LinkedIn_Ad_Click', 'Customer']",1
L016101,Maria Anders,Bosch,Aerospace,,Automotive Ethernet,Webinar,"['Application_Engineer_Call', 'SQL', 'Keysight_Workshop_RF_Testing', 'LinkedIn_Ad_Click', 'Customer']",1
L016102,Sofia Anders,,Automotive,Europe,,Sales Outreach,"['Technical_Demo', 'Website_Product_Page', 'No_Conversion']",0
L016103,,Raytheon GmbH,Automotive,Europe,5G Testbeds,Sales Outreach,"['Technical_Demo', 'Opportunity', 'No_Conversion']",0
L016104,,Rayth_Tech,,North America,,Website,"['MQL', 'MQL', 'Loaner_Unit_Evaluation', 'Loaner_Unit_Evaluation', 'No_Conversion']",0
L016105,Sofia Patel,Bosch GmbH,Telecom,Europe,Oscilloscopes,Sales Outreach,"['Application_Engineer_Call', 'Technical_Demo', 'PathWave_Trial_Request', 'AutoSens_Tech_Talk', 'DesignCon_Booth_Visit', 'Opportunity', 'Oscilloscope_Selector_Tool', 'Oscilloscope_Selector_Tool', 'LinkedIn_Ad_Click', 'Keysight_University_Course', 'No_Conversion']",0
L016106,Priya Chen,Infin_Tech,Telecom,LATAM,Automotive Ethernet,LinkedIn,"['PathWave_Trial_Request', 'Loaner_Unit_Evaluation', 'Application_Engineer_Call', 'Whitepaper_Download_5G_Test', 'No_Conversion']",0
L016107,Sofia Williams,,,LATAM,Automotive Ethernet,Webinar,"['Opportunity', 'Application_Engineer_Call', 'Application_Engineer_Call', 'Technical_Demo', 'Lab_Integration_Discussion', 'Whitepaper_Download_5G_Test', 'Technical_Demo', 'No_Conversion']",0
L016108,Sarah Martinez,,Automotive,,,,"['Website_Product_Page', 'Whitepaper_Download_5G_Test', 'IMS_Badge_Scan', 'No_Conversion']",0
L016109,Ahmed Ito,Tesla Energy,Electronics,LATAM,5G Testbeds,,"['Application_Engineer_Call', 'Application_Engineer_Call', 'Customer']",1
L016110,,,Aerospace,North America,,Webinar,"['Loaner_Unit_Evaluation', 'IMS_Badge_Scan', 'LinkedIn_Ad_Click', 'No_Conversion']",0
L016111,Ahmed Ito,Sony,,North America,,,"['Technical_Demo', 'DesignCon_Booth_Visit', 'DesignCon_Booth_Visit', 'Website_Product_Page', 'Keysight_Workshop_RF_Testing', 'SQL', 'Opportunity', 'Lab_Integration_Discussion', 'Lab_Integration_Discussion', 'Customer']",1
L016112,Chen Ito,,Aerospace,,,LinkedIn,"['Lab_Integration_Discussion', 'PathWave_Trial_Request', 'IMS_Badge_Scan', 'LinkedIn_Ad_Click', 'No_Conversion']",0
L016113,Priya Williams,Bosch_Tech,,,Oscilloscopes,Event,"['DesignCon_Booth_Visit', 'DesignCon_Booth_Visit', 'Keysight_University_Course', 'Lab_Integration_Discussion', 'Application_Engineer_Call', 'Customer']",1
L016114,Ravi Chen,Infineon,,,,Email Campaign,"['AutoSens_Tech_Talk', 'Whitepaper_Download_5G_Test', 'Opportunity', 'Lab_Integration_Discussion', 'PathWave_Trial_Request', 'PathWave_Trial_Request', 'No_Conversion']",0
L016115,,,,,Oscilloscopes,Email Campaign,['No_Conversion'],0
L016116,,NXP Semiconductors GmbH,Electronics,APAC,,Sales Outreach,['No_Conversion'],0
L016117,Laura Tanaka,Broad_Tech,Telecom,North America,,Website,"['Keysight_University_Course', 'Customer']",1
L016118,Hiroshi Khan,,,,PathWave Software,Event,"['Opportunity', 'Customer']",1
L016119,Ahmed Chen,NXPSe_Tech,Automotive,Europe,PathWave Software,Event,['No_Conversion'],0
L016120,Laura Johnson,Sony GmbH,Semiconductor,APAC,,,"['LinkedIn_Ad_Click', 'Application_Engineer_Call', 'DesignCon_Booth_Visit', 'LinkedIn_Ad_Click', 'Website_Product_Page', 'Application_Engineer_Call', 'LinkedIn_Ad_Click', 'No_Conversion']",0
L016121,Hiroshi Martinez,NXP Semiconductors GmbH,,,PathWave Software,Sales Outreach,"['Keysight_Workshop_RF_Testing', 'Website_Product_Page', 'LinkedIn_Ad_Click', 'Customer']",1
L016122,Kenji Singh,Raytheon,Automotive,,,LinkedIn,['Customer'],1
L016123,Sofia Khan,Bosch,Aerospace,APAC,,Email Campaign,['No_Conversion'],0
L016124,Ravi Martinez,Infineon,Automotive,APAC,Automotive Ethernet,,"['Whitepaper_Download_5G_Test', 'No_Conversion']",0
L016125,Hiroshi Patel,,Electronics,APAC,PathWave Software,Email Campaign,"['Keysight_Workshop_RF_Testing', 'MQL', 'Loaner_Unit_Evaluation', 'Application_Engineer_Call', 'Keysight_University_Course', 'Application_Engineer_Call', 'Customer']",1
L016126,Maria Patel,Tesla_Tech,,APAC,5G Testbeds,Sales Outreach,"['IMS_Badge_Scan', 'Oscilloscope_Selector_Tool', 'No_Conversion']",0
L016127,Laura Johnson,Infin_Tech,Telecom,APAC,,Email Campaign,"['Whitepaper_Download_5G_Test', 'No_Conversion']",0
L016128,Laura Singh,NXPSe_Tech,Automotive,Europe,,LinkedIn,"['Application_Engineer_Call', 'Technical_Demo', 'Technical_Demo', 'Technical_Demo', 'SQL', 'Keysight_University_Course', 'Customer']",1
L016129,Sarah Patel,NXPSe_Tech,Electronics,,Oscilloscopes,Event,['Customer'],1
L016130,Laura Ito,Sony_Tech,,North America,,Website,"['SQL', 'Application_Engineer_Call', 'SQL', 'IMS_Badge_Scan', 'Keysight_Workshop_RF_Testing', 'No_Conversion']",0
L016131,Maria Lee,NXP Semiconductors,,APAC,,Email Campaign,['No_Conversion'],0
L016132,Chen Singh,MetaC_Tech,,North America,PathWave Software,Website,"['Keysight_Workshop_RF_Testing', 'Lab_Integration_Discussion', 'Application_Engineer_Call', 'Keysight_Workshop_RF_Testing', 'Website_Product_Page', 'No_Conversion']",0
L016133,Maria Williams,Broadcom GmbH,,Europe,,,"['Whitepaper_Download_5G_Test', 'Website_Product_Page', 'Lab_Integration_Discussion', 'Keysight_Workshop_RF_Testing', 'Application_Engineer_Call', 'No_Conversion']",0
L016134,Michael Ito,Infineon GmbH,Telecom,Europe,PathWave Software,,"['Lab_Integration_Discussion', 'Customer']",1
L016135,Ravi Garcia,Qualcomm,,LATAM,Automotive Ethernet,Sales Outreach,"['IMS_Badge_Scan', 'Whitepaper_Download_5G_Test', 'Keysight_Workshop_RF_Testing', 'Website_Product_Page', 'Lab_Integration_Discussion', 'Keysight_University_Course', 'LinkedIn_Ad_Click', 'Application_Engineer_Call', 'PathWave_Trial_Request', 'No_Conversion']",0
L016136,Sarah Chen,Bosch_Tech,Aerospace,,,Event,"['Website_Product_Page', 'Oscilloscope_Selector_Tool', 'Lab_Integration_Discussion', 'LinkedIn_Ad_Click', 'LinkedIn_Ad_Click', 'IMS_Badge_Scan', 'IMS_Badge_Scan', 'No_Conversion']",0
L016137,,Bosch,Telecom,LATAM,Oscilloscopes,LinkedIn,"['Oscilloscope_Selector_Tool', 'Keysight_Workshop_RF_Testing', 'Loaner_Unit_Evaluation', 'Customer']",1
L016138,Maria Tanaka,Rayth_Tech,,LATAM,Oscilloscopes,,"['Lab_Integration_Discussion', 'Loaner_Unit_Evaluation', 'Website_Product_Page', 'Technical_Demo', 'Loaner_Unit_Evaluation', 'Lab_Integration_Discussion', 'PathWave_Trial_Request', 'Keysight_University_Course', 'Lab_Integration_Discussion', 'Customer']",1
L016139,Laura Martinez,,Automotive,Europe,,Webinar,"['Loaner_Unit_Evaluation', 'Customer']",1
L016140,Priya Singh,Infin_Tech,Semiconductor,APAC,,LinkedIn,"['Keysight_University_Course', 'Whitepaper_Download_5G_Test', 'Application_Engineer_Call', 'Application_Engineer_Call', 'No_Conversion']",0
L016141,Sofia Chen,,,LATAM,,Sales Outreach,"['IMS_Badge_Scan', 'LinkedIn_Ad_Click', 'Customer']",1
L016142,,Bosch_Tech,Semiconductor,,,LinkedIn,"['Whitepaper_Download_5G_Test', 'MQL', 'Technical_Demo', 'IMS_Badge_Scan', 'Keysight_Workshop_RF_Testing', 'Application_Engineer_Call', 'Loaner_Unit_Evaluation', 'Customer']",1
L016143,Maria Lee,MetaC_Tech,Automotive,Europe,PathWave Software,LinkedIn,"['PathWave_Trial_Request', 'Whitepaper_Download_5G_Test', 'IMS_Badge_Scan', 'Customer']",1
L016144,Sarah Ito,,,North America,PathWave Software,Website,"['Whitepaper_Download_5G_Test', 'IMS_Badge_Scan', 'Customer']",1
L016145,Maria Johnson,Samsung Electronics,Semiconductor,North America,Oscilloscopes,Sales Outreach,['Customer'],1
L016146,Michael Johnson,Broadcom,Electronics,North America,Oscilloscopes,Website,"['SQL', 'Opportunity', 'Opportunity', 'LinkedIn_Ad_Click', 'No_Conversion']",0
L016147,Ahmed Singh,Meta Connectivity Labs,Telecom,APAC,Oscilloscopes,Sales Outreach,"['Keysight_University_Course', 'Technical_Demo', 'Opportunity', 'Customer']",1
L016148,Daniel Garcia,NXP Semiconductors GmbH,Electronics,,5G Testbeds,Webinar,"['DesignCon_Booth_Visit', 'Customer']",1
L016149,Kenji Martinez,Broadcom GmbH,Electronics,Europe,,Webinar,['Customer'],1
L016150,Hiroshi Garcia,Raytheon,Aerospace,APAC,Oscilloscopes,Event,"['DesignCon_Booth_Visit', 'Keysight_Workshop_RF_Testing', 'PathWave_Trial_Request', 'Website_Product_Page', 'No_Conversion']",0
L016151,Priya Williams,Samsu_Tech,Electronics,Europe,5G Testbeds,Website,"['Keysight_University_Course', 'Customer']",1
L016152,Chen Martinez,Samsu_Tech,Telecom,LATAM,Automotive Ethernet,Event,"['Technical_Demo', 'Loaner_Unit_Evaluation', 'Keysight_University_Course', 'Lab_Integration_Discussion', 'Keysight_Workshop_RF_Testing', 'Lab_Integration_Discussion', 'Customer']",1
L016153,Sofia Lee,Raytheon,,North America,Oscilloscopes,,"['Opportunity', 'DesignCon_Booth_Visit', 'MQL', 'Keysight_Workshop_RF_Testing', 'DesignCon_Booth_Visit', 'Opportunity', 'No_Conversion']",0
L016154,Sarah Garcia,Qualc_Tech,Aerospace,Europe,,LinkedIn,"['Opportunity', 'Technical_Demo', 'Oscilloscope_Selector_Tool', 'MQL', 'IMS_Badge_Scan', 'AutoSens_Tech_Talk', 'Customer']",1
L016155,Laura Chen,Meta Connectivity Labs GmbH,Semiconductor,Europe,,Website,"['LinkedIn_Ad_Click', 'Application_Engineer_Call', 'Website_Product_Page', 'Customer']",1
L016156,Laura Patel,,Aerospace,,Oscilloscopes,Event,"['Keysight_University_Course', 'MQL', 'Loaner_Unit_Evaluation', 'Customer']",1
L016157,Chen Garcia,Infin_Tech,Semiconductor,Europe,5G Testbeds,Webinar,"['Keysight_Workshop_RF_Testing', 'Customer']",1
L016158,Sarah Chen,Broadcom,,Europe,,Website,"['Keysight_University_Course', 'Website_Product_Page', 'Customer']",1
L016159,Sofia Lee,Tesla_Tech,Semiconductor,APAC,5G Testbeds,Email Campaign,"['AutoSens_Tech_Talk', 'PathWave_Trial_Request', 'Keysight_University_Course', 'LinkedIn_Ad_Click', 'Application_Engineer_Call', 'Whitepaper_Download_5G_Test', 'DesignCon_Booth_Visit', 'Lab_Integration_Discussion', 'Loaner_Unit_Evaluation', 'No_Conversion']",0
L016160,Priya Martinez,,Automotive,,Automotive Ethernet,LinkedIn,"['Oscilloscope_Selector_Tool', 'Customer']",1
L016161,Hiroshi Tanaka,,Aerospace,LATAM,Automotive Ethernet,Email Campaign,"['Loaner_Unit_Evaluation', 'Application_Engineer_Call', 'Opportunity', 'Oscilloscope_Selector_Tool', 'IMS_Badge_Scan', 'Application_Engineer_Call', 'Website_Product_Page', 'SQL', 'Customer']",1
L016162,Chen Tanaka,Raytheon GmbH,Aerospace,North America,,Website,"['Technical_Demo', 'Application_Engineer_Call', 'Whitepaper_Download_5G_Test', 'MQL', 'MQL', 'Whitepaper_Download_5G_Test', 'Customer']",1
L016163,Sofia Tanaka,Qualcomm GmbH,Telecom,,PathWave Software,Webinar,"['LinkedIn_Ad_Click', 'MQL', 'Oscilloscope_Selector_Tool', 'AutoSens_Tech_Talk', 'Website_Product_Page', 'Customer']",1
L016164,Chen Williams,Broadcom GmbH,,,,Sales Outreach,"['Whitepaper_Download_5G_Test', 'Whitepaper_Download_5G_Test', 'LinkedIn_Ad_Click', 'Lab_Integration_Discussion', 'Lab_Integration_Discussion', 'No_Conversion']",0
L016165,Sarah Tanaka,Samsu_Tech,Automotive,North America,5G Testbeds,,['Customer'],1
L016166,Michael Williams,Sony GmbH,Automotive,APAC,5G Testbeds,LinkedIn,"['IMS_Badge_Scan', 'Technical_Demo', 'Keysight_Workshop_RF_Testing', 'Technical_Demo', 'AutoSens_Tech_Talk', 'SQL', 'LinkedIn_Ad_Click', 'Customer']",1
L016167,Priya Chen,Tesla Energy,Semiconductor,Europe,,Sales Outreach,"['Lab_Integration_Discussion', 'Whitepaper_Download_5G_Test', 'AutoSens_Tech_Talk', 'IMS_Badge_Scan', 'Opportunity', 'Oscilloscope_Selector_Tool', 'Keysight_Workshop_RF_Testing', 'SQL', 'No_Conversion']",0
L016168,Priya Chen,Sony GmbH,Semiconductor,Europe,Oscilloscopes,LinkedIn,['Customer'],1
L016169,Sofia Chen,,,,5G Testbeds,Sales Outreach,"['Oscilloscope_Selector_Tool', 'PathWave_Trial_Request', 'Loaner_Unit_Evaluation', 'No_Conversion']",0
L016170,Kenji Patel,Sony GmbH,Aerospace,North America,,,"['DesignCon_Booth_Visit', 'Loaner_Unit_Evaluation', 'SQL', 'IMS_Badge_Scan', 'Keysight_University_Course', 'Loaner_Unit_Evaluation', 'Lab_Integration_Discussion', 'Whitepaper_Download_5G_Test', 'Technical_Demo', 'Loaner_Unit_Evaluation', 'No_Conversion']",0
L016171,Sarah Lee,Bosch_Tech,Semiconductor,,,Sales Outreach,"['PathWave_Trial_Request', 'Keysight_University_Course', 'PathWave_Trial_Request', 'Oscilloscope_Selector_Tool', 'Whitepaper_Download_5G_Test', 'Opportunity', 'Oscilloscope_Selector_Tool', 'No_Conversion']",0
L016172,Hiroshi Tanaka,Samsung Electronics GmbH,Semiconductor,LATAM,,Sales Outreach,"['AutoSens_Tech_Talk', 'IMS_Badge_Scan', 'Loaner_Unit_Evaluation', 'No_Conversion']",0
L016173,Ravi Garcia,Raytheon,Telecom,,,Event,['Customer'],1
L016174,Ahmed Johnson,Bosch GmbH,Aerospace,Europe,,,"['Keysight_Workshop_RF_Testing', 'Oscilloscope_Selector_Tool', 'Loaner_Unit_Evaluation', 'PathWave_Trial_Request', 'Website_Product_Page', 'PathWave_Trial_Request', 'PathWave_Trial_Request', 'AutoSens_Tech_Talk', 'No_Conversion']",0
L016175,Sofia Anders,,Aerospace,,,,"['Keysight_Workshop_RF_Testing', 'DesignCon_Booth_Visit', 'Website_Product_Page', 'MQL', 'Keysight_University_Course', 'IMS_Badge_Scan', 'Customer']",1
L016176,Hiroshi Anders,,Aerospace,,Oscilloscopes,Event,"['Loaner_Unit_Evaluation', 'IMS_Badge_Scan', 'SQL', 'Technical_Demo', 'SQL', 'Opportunity', 'Customer']",1
L016177,Ravi Tanaka,Raytheon,,Europe,,Sales Outreach,['No_Conversion'],0
L016178,Kenji Singh,Rayth_Tech,,North America,,Event,"['MQL', 'Application_Engineer_Call', 'SQL', 'Website_Product_Page', 'Customer']",1
L016179,Priya Khan,Meta Connectivity Labs GmbH,Semiconductor,North America,,Webinar,"['Application_Engineer_Call', 'Application_Engineer_Call', 'MQL', 'Lab_Integration_Discussion', 'Customer']",1
L016180,Laura Tanaka,NXPSe_Tech,,,Automotive Ethernet,Event,"['Loaner_Unit_Evaluation', 'SQL', 'Oscilloscope_Selector_Tool', 'Whitepaper_Download_5G_Test', 'No_Conversion']",0
L016181,,Infineon,,Europe,Automotive Ethernet,Email Campaign,"['AutoSens_Tech_Talk', 'MQL', 'Opportunity', 'MQL', 'Keysight_Workshop_RF_Testing', 'DesignCon_Booth_Visit', 'Customer']",1
L016182,Priya Khan,Samsu_Tech,,North America,PathWave Software,Website,"['Keysight_Workshop_RF_Testing', 'Lab_Integration_Discussion', 'Customer']",1
L016183,Laura Tanaka,NXP Semiconductors,Semiconductor,APAC,Automotive Ethernet,Email Campaign,"['Keysight_University_Course', 'Whitepaper_Download_5G_Test', 'Application_Engineer_Call', 'LinkedIn_Ad_Click', 'Customer']",1
L016184,,NXPSe_Tech,Aerospace,Europe,,Webinar,"['Loaner_Unit_Evaluation', 'LinkedIn_Ad_Click', 'Keysight_University_Course', 'Customer']",1
L016185,Hiroshi Williams,Broadcom,Telecom,Europe,PathWave Software,Website,"['PathWave_Trial_Request', 'Keysight_Workshop_RF_Testing', 'Opportunity', 'DesignCon_Booth_Visit', 'Opportunity', 'LinkedIn_Ad_Click', 'AutoSens_Tech_Talk', 'MQL', 'No_Conversion']",0
L016186,,Qualc_Tech,Telecom,North America,,Website,"['AutoSens_Tech_Talk', 'Oscilloscope_Selector_Tool', 'Technical_Demo', 'SQL', 'Loaner_Unit_Evaluation', 'No_Conversion']",0
L016187,Sofia Lee,,,,Automotive Ethernet,Sales Outreach,"['Loaner_Unit_Evaluation', 'DesignCon_Booth_Visit', 'DesignCon_Booth_Visit', 'Oscilloscope_Selector_Tool', 'SQL', 'Oscilloscope_Selector_Tool', 'Customer']",1
L016188,Hiroshi Tanaka,NXPSe_Tech,,APAC,,LinkedIn,"['Keysight_Workshop_RF_Testing', 'Keysight_University_Course', 'AutoSens_Tech_Talk', 'Website_Product_Page', 'Loaner_Unit_Evaluation', 'Application_Engineer_Call', 'Customer']",1
L016189,Priya Khan,Raytheon GmbH,Electronics,North America,5G Testbeds,Event,"['Technical_Demo', 'AutoSens_Tech_Talk', 'IMS_Badge_Scan', 'No_Conversion']",0
L016190,Ahmed Johnson,Samsung Electronics GmbH,Semiconductor,North America,PathWave Software,Email Campaign,"['Website_Product_Page', 'Website_Product_Page', 'No_Conversion']",0
L016191,Sarah Lee,,Aerospace,Europe,PathWave Software,,"['Keysight_Workshop_RF_Testing', 'Lab_Integration_Discussion', 'PathWave_Trial_Request', 'Oscilloscope_Selector_Tool', 'No_Conversion']",0
L016192,,Qualcomm,,APAC,Oscilloscopes,Website,"['LinkedIn_Ad_Click', 'Website_Product_Page', 'Keysight_University_Course', 'Keysight_University_Course', 'Customer']",1
L016193,Sofia Williams,Meta Connectivity Labs GmbH,,,Oscilloscopes,Sales Outreach,"['MQL', 'AutoSens_Tech_Talk', 'Oscilloscope_Selector_Tool', 'No_Conversion']",0
L016194,Chen Williams,,,LATAM,Automotive Ethernet,Webinar,"['Website_Product_Page', 'Keysight_University_Course', 'Loaner_Unit_Evaluation', 'Application_Engineer_Call', 'Technical_Demo', 'Oscilloscope_Selector_Tool', 'Opportunity', 'Opportunity', 'SQL', 'SQL', 'No_Conversion']",0
L016195,Ravi Anders,NXP Semiconductors GmbH,,APAC,5G Testbeds,Event,"['Oscilloscope_Selector_Tool', 'Lab_Integration_Discussion', 'Keysight_Workshop_RF_Testing', 'Website_Product_Page', 'PathWave_Trial_Request', 'Customer']",1
L016196,Laura Lee,Sony,Electronics,LATAM,,Email Campaign,"['Oscilloscope_Selector_Tool', 'PathWave_Trial_Request', 'Keysight_Workshop_RF_Testing', 'Oscilloscope_Selector_Tool', 'Whitepaper_Download_5G_Test', 'Customer']",1
L016197,Laura Khan,Raytheon,Semiconductor,North America,5G Testbeds,Website,"['Website_Product_Page', 'Loaner_Unit_Evaluation', 'SQL', 'Lab_Integration_Discussion', 'Customer']",1
L016198,Michael Khan,Broadcom,,North America,Automotive Ethernet,Website,"['MQL', 'Whitepaper_Download_5G_Test', 'Whitepaper_Download_5G_Test', 'Customer']",1
L016199,Daniel Chen,,Aerospace,,,Sales Outreach,"['Oscilloscope_Selector_Tool', 'Keysight_Workshop_RF_Testing', 'Lab_Integration_Discussion', 'Keysight_University_Course', 'No_Conversion']",0
L016200,Laura Patel,Sony,Aerospace,,Automotive Ethernet,Webinar,"['Website_Product_Page', 'No_Conversion']",0
L016201,Ahmed Lee,Tesla Energy GmbH,,LATAM,Oscilloscopes,Sales Outreach,"['Keysight_Workshop_RF_Testing', 'LinkedIn_Ad_Click', 'Website_Product_Page', 'IMS_Badge_Scan', 'Whitepaper_Download_5G_Test', 'Website_Product_Page', 'No_Conversion']",0
L016202,Sarah Singh,Qualcomm,Telecom,,5G Testbeds,,"['AutoSens_Tech_Talk', 'LinkedIn_Ad_Click', 'Customer']",1
L016203,Priya Williams,Tesla Energy,Electronics,APAC,,Event,['Customer'],1
L016204,Hiroshi Martinez,Rayth_Tech,Telecom,Europe,5G Testbeds,Event,['No_Conversion'],0
L016205,,MetaC_Tech,Telecom,Europe,Automotive Ethernet,Website,['Customer'],1
L016206,Sofia Garcia,Qualcomm,Aerospace,LATAM,,Webinar,"['AutoSens_Tech_Talk', 'Keysight_Workshop_RF_Testing', 'IMS_Badge_Scan', 'Customer']",1
L016207,Michael Martinez,Infin_Tech,Automotive,APAC,Oscilloscopes,,"['Whitepaper_Download_5G_Test', 'Application_Engineer_Call', 'IMS_Badge_Scan', 'Customer']",1
L016208,Daniel Garcia,MetaC_Tech,,LATAM,,LinkedIn,"['Loaner_Unit_Evaluation', 'AutoSens_Tech_Talk', 'SQL', 'Customer']",1
L016209,Ravi Khan,Meta Connectivity Labs,,,PathWave Software,Event,"['SQL', 'SQL', 'Customer']",1
L016210,Kenji Martinez,,Telecom,North America,Oscilloscopes,Email Campaign,"['Whitepaper_Download_5G_Test', 'IMS_Badge_Scan', 'Opportunity', 'DesignCon_Booth_Visit', 'Website_Product_Page', 'Whitepaper_Download_5G_Test', 'Website_Product_Page', 'No_Conversion']",0
L016211,Priya Lee,Qualcomm,Aerospace,North America,,LinkedIn,"['Loaner_Unit_Evaluation', 'Customer']",1
L016212,Kenji Singh,,Telecom,,Automotive Ethernet,,"['SQL', 'IMS_Badge_Scan', 'Keysight_Workshop_RF_Testing', 'Keysight_University_Course', 'AutoSens_Tech_Talk', 'No_Conversion']",0
L016213,Ahmed Ito,Meta Connectivity Labs GmbH,Telecom,,,LinkedIn,"['Keysight_University_Course', 'MQL', 'Customer']",1
L016214,Priya Chen,NXP Semiconductors GmbH,Automotive,APAC,PathWave Software,Event,"['Loaner_Unit_Evaluation', 'DesignCon_Booth_Visit', 'MQL', 'LinkedIn_Ad_Click', 'IMS_Badge_Scan', 'Whitepaper_Download_5G_Test', 'Website_Product_Page', 'Keysight_Workshop_RF_Testing', 'PathWave_Trial_Request', 'Customer']",1
L016215,Sofia Patel,Qualcomm,,APAC,Automotive Ethernet,Event,"['PathWave_Trial_Request', 'Keysight_Workshop_RF_Testing', 'LinkedIn_Ad_Click', 'Customer']",1
L016216,Maria Martinez,Meta Connectivity Labs GmbH,Telecom,North America,5G Testbeds,Event,"['IMS_Badge_Scan', 'DesignCon_Booth_Visit', 'Opportunity', 'No_Conversion']",0
L016217,Daniel Singh,Sony,Aerospace,,Automotive Ethernet,Sales Outreach,"['Oscilloscope_Selector_Tool', 'LinkedIn_Ad_Click', 'Loaner_Unit_Evaluation', 'SQL', 'No_Conversion']",0
L016218,Sofia Martinez,Broad_Tech,Telecom,,,Website,['No_Conversion'],0
L016219,Daniel Anders,,Electronics,Europe,PathWave Software,Email Campaign,"['LinkedIn_Ad_Click', 'SQL', 'Lab_Integration_Discussion', 'Keysight_Workshop_RF_Testing', 'IMS_Badge_Scan', 'PathWave_Trial_Request', 'PathWave_Trial_Request', 'Customer']",1
L016220,Hiroshi Garcia,Sony GmbH,,Europe,Automotive Ethernet,,"['Keysight_University_Course', 'Customer']",1
L016221,Priya Ito,Broad_Tech,Electronics,North America,Automotive Ethernet,Event,"['Keysight_University_Course', 'Whitepaper_Download_5G_Test', 'Oscilloscope_Selector_Tool', 'DesignCon_Booth_Visit', 'SQL', 'Customer']",1
L016222,Laura Martinez,Samsung Electronics GmbH,Automotive,,Oscilloscopes,Website,"['Whitepaper_Download_5G_Test', 'Keysight_Workshop_RF_Testing', 'DesignCon_Booth_Visit', 'No_Conversion']",0
L016223,Sarah Anders,Samsung Electronics GmbH,Aerospace,APAC,,Webinar,['Customer'],1
L016224,Daniel Khan,Tesla Energy,Telecom,,,Event,"['MQL', 'Website_Product_Page', 'Oscilloscope_Selector_Tool', 'Application_Engineer_Call', 'DesignCon_Booth_Visit', 'IMS_Badge_Scan', 'Oscilloscope_Selector_Tool', 'Loaner_Unit_Evaluation', 'PathWave_Trial_Request', 'No_Conversion']",0
L016225,Laura Garcia,,Telecom,,Oscilloscopes,Email Campaign,"['Loaner_Unit_Evaluation', 'Keysight_University_Course', 'Application_Engineer_Call', 'Technical_Demo', 'Whitepaper_Download_5G_Test', 'No_Conversion']",0
L016226,Sofia Anders,,Telecom,APAC,Automotive Ethernet,,"['Lab_Integration_Discussion', 'Lab_Integration_Discussion', 'Whitepaper_Download_5G_Test', 'AutoSens_Tech_Talk', 'Oscilloscope_Selector_Tool', 'Website_Product_Page', 'Website_Product_Page', 'IMS_Badge_Scan', 'Customer']",1
L016227,Hiroshi Martinez,NXP Semiconductors,Electronics,,,Website,"['Website_Product_Page', 'Lab_Integration_Discussion', 'Application_Engineer_Call', 'Oscilloscope_Selector_Tool', 'AutoSens_Tech_Talk', 'IMS_Badge_Scan', 'No_Conversion']",0
L016228,Laura Anders,,Automotive,LATAM,Oscilloscopes,Event,"['Lab_Integration_Discussion', 'Application_Engineer_Call', 'Website_Product_Page', 'Whitepaper_Download_5G_Test', 'Technical_Demo', 'Lab_Integration_Discussion', 'Technical_Demo', 'Whitepaper_Download_5G_Test', 'MQL', 'AutoSens_Tech_Talk', 'No_Conversion']",0
L016229,Ahmed Ito,Samsung Electronics GmbH,Aerospace,LATAM,,Email Campaign,"['SQL', 'Application_Engineer_Call', 'PathWave_Trial_Request', 'No_Conversion']",0
L016230,Hiroshi Anders,Samsung Electronics GmbH,Aerospace,LATAM,Oscilloscopes,Sales Outreach,['No_Conversion'],0
L016231,,,Aerospace,APAC,,Event,"['AutoSens_Tech_Talk', 'Lab_Integration_Discussion', 'SQL', 'No_Conversion']",0
L016232,,Tesla_Tech,Automotive,APAC,,Event,"['Keysight_Workshop_RF_Testing', 'LinkedIn_Ad_Click', 'LinkedIn_Ad_Click', 'Keysight_Workshop_RF_Testing', 'No_Conversion']",0
L016233,Daniel Johnson,,,North America,Automotive Ethernet,Sales Outreach,"['SQL', 'Oscilloscope_Selector_Tool', 'Oscilloscope_Selector_Tool', 'Keysight_Workshop_RF_Testing', 'Opportunity', 'Customer']",1
L016234,,Sony,Automotive,,,Event,"['SQL', 'MQL', 'Loaner_Unit_Evaluation', 'AutoSens_Tech_Talk', 'Application_Engineer_Call', 'Customer']",1
L016235,Ahmed Patel,,,North America,,Sales Outreach,"['IMS_Badge_Scan', 'Lab_Integration_Discussion', 'PathWave_Trial_Request', 'SQL', 'DesignCon_Booth_Visit', 'MQL', 'Lab_Integration_Discussion', 'No_Conversion']",0
L016236,Sofia Khan,Sony,Semiconductor,,PathWave Software,Website,"['SQL', 'IMS_Badge_Scan', 'Keysight_University_Course', 'Customer']",1
L016237,Ravi Singh,,Semiconductor,,Oscilloscopes,Email Campaign,"['Loaner_Unit_Evaluation', 'No_Conversion']",0
L016238,Ahmed Garcia,Broadcom GmbH,,Europe,,,"['Lab_Integration_Discussion', 'Keysight_University_Course', 'AutoSens_Tech_Talk', 'IMS_Badge_Scan', 'Customer']",1
L016239,Laura Tanaka,Broadcom,Semiconductor,North America,,LinkedIn,"['Website_Product_Page', 'Keysight_Workshop_RF_Testing', 'SQL', 'LinkedIn_Ad_Click', 'Customer']",1
L016240,,Meta Connectivity Labs,Automotive,LATAM,Automotive Ethernet,Event,"['Application_Engineer_Call', 'Loaner_Unit_Evaluation', 'No_Conversion']",0
L016241,Ahmed Khan,Qualc_Tech,,,,LinkedIn,"['Oscilloscope_Selector_Tool', 'MQL', 'DesignCon_Booth_Visit', 'No_Conversion']",0
L016242,Sofia Martinez,,Telecom,Europe,PathWave Software,,"['Keysight_University_Course', 'Opportunity', 'Whitepaper_Download_5G_Test', 'Oscilloscope_Selector_Tool', 'Opportunity', 'Technical_Demo', 'MQL', 'Customer']",1
L016243,Laura Khan,Broad_Tech,Semiconductor,,,Email Campaign,"['Keysight_University_Course', 'MQL', 'Lab_Integration_Discussion', 'No_Conversion']",0
L016244,Maria Johnson,,Aerospace,LATAM,Oscilloscopes,Email Campaign,"['LinkedIn_Ad_Click', 'DesignCon_Booth_Visit', 'Customer']",1
L016245,Daniel Johnson,,Telecom,APAC,PathWave Software,Website,"['Keysight_University_Course', 'LinkedIn_Ad_Click', 'Lab_Integration_Discussion', 'No_Conversion']",0
L016246,Michael Garcia,Sony,,APAC,,Sales Outreach,"['Whitepaper_Download_5G_Test', 'Customer']",1
L016247,Ahmed Garcia,Qualc_Tech,Telecom,LATAM,,,"['LinkedIn_Ad_Click', 'IMS_Badge_Scan', 'MQL', 'Lab_Integration_Discussion', 'Opportunity', 'Oscilloscope_Selector_Tool', 'Keysight_University_Course', 'Keysight_University_Course', 'No_Conversion']",0
L016248,Michael Lee,NXP Semiconductors GmbH,,North America,,Event,"['Whitepaper_Download_5G_Test', 'Whitepaper_Download_5G_Test', 'Opportunity', 'IMS_Badge_Scan', 'No_Conversion']",0
L016249,,NXPSe_Tech,,LATAM,Oscilloscopes,,"['PathWave_Trial_Request', 'Whitepaper_Download_5G_Test', 'Whitepaper_Download_5G_Test', 'Loaner_Unit_Evaluation', 'No_Conversion']",0
L016250,Michael Chen,Qualcomm,,,Oscilloscopes,Webinar,"['Opportunity', 'Loaner_Unit_Evaluation', 'AutoSens_Tech_Talk', 'Keysight_Workshop_RF_Testing', 'Keysight_Workshop_RF_Testing', 'Website_Product_Page', 'No_Conversion']",0
L016251,Ravi Chen,Meta Connectivity Labs,Aerospace,,Automotive Ethernet,,"['SQL', 'No_Conversion']",0
L016252,,,,LATAM,PathWave Software,Website,"['Keysight_Workshop_RF_Testing', 'Keysight_Workshop_RF_Testing', 'IMS_Badge_Scan', 'Keysight_Workshop_RF_Testing', 'Whitepaper_Download_5G_Test', 'Application_Engineer_Call', 'Keysight_Workshop_RF_Testing', 'No_Conversion']",0
L016253,Hiroshi Johnson,Tesla Energy,,LATAM,PathWave Software,Webinar,"['Website_Product_Page', 'PathWave_Trial_Request', 'Customer']",1
L016254,Kenji Williams,NXPSe_Tech,,,,,"['Application_Engineer_Call', 'Customer']",1
L016255,Michael Lee,Bosch,Semiconductor,APAC,,,"['LinkedIn_Ad_Click', 'Keysight_Workshop_RF_Testing', 'Keysight_University_Course', 'Website_Product_Page', 'No_Conversion']",0
L016256,Laura Garcia,Meta Connectivity Labs,,APAC,Automotive Ethernet,Event,"['Technical_Demo', 'Website_Product_Page', 'Customer']",1
L016257,Maria Martinez,Infineon,Telecom,Europe,Oscilloscopes,Website,"['Keysight_University_Course', 'MQL', 'LinkedIn_Ad_Click', 'Website_Product_Page', 'AutoSens_Tech_Talk', 'No_Conversion']",0
L016258,Sarah Garcia,NXPSe_Tech,Aerospace,LATAM,5G Testbeds,Webinar,"['Keysight_University_Course', 'SQL', 'Keysight_University_Course', 'Customer']",1
L016259,Kenji Khan,Samsung Electronics,,North America,Oscilloscopes,,"['MQL', 'Customer']",1
L016260,Hiroshi Lee,Broadcom GmbH,,Europe,,Email Campaign,"['AutoSens_Tech_Talk', 'SQL', 'AutoSens_Tech_Talk', 'Customer']",1
L016261,Michael Tanaka,,Electronics,,PathWave Software,Event,['No_Conversion'],0
L016262,Sarah Singh,,Telecom,LATAM,PathWave Software,,"['Website_Product_Page', 'Whitepaper_Download_5G_Test', 'Website_Product_Page', 'IMS_Badge_Scan', 'SQL', 'Technical_Demo', 'AutoSens_Tech_Talk', 'DesignCon_Booth_Visit', 'Lab_Integration_Discussion', 'Website_Product_Page', 'No_Conversion']",0
L016263,Ravi Singh,Meta Connectivity Labs,Electronics,Europe,,Webinar,"['Keysight_Workshop_RF_Testing', 'Oscilloscope_Selector_Tool', 'Keysight_Workshop_RF_Testing', 'No_Conversion']",0
L016264,Sarah Lee,,Semiconductor,North America,,Webinar,['No_Conversion'],0
L016265,Michael Anders,Tesla Energy,Telecom,APAC,Automotive Ethernet,Event,"['Website_Product_Page', 'Keysight_Workshop_RF_Testing', 'AutoSens_Tech_Talk', 'IMS_Badge_Scan', 'LinkedIn_Ad_Click', 'PathWave_Trial_Request', 'AutoSens_Tech_Talk', 'No_Conversion']",0
L016266,Ahmed Williams,Raytheon GmbH,,,Automotive Ethernet,Website,"['PathWave_Trial_Request', 'Application_Engineer_Call', 'Whitepaper_Download_5G_Test', 'Technical_Demo', 'LinkedIn_Ad_Click', 'Technical_Demo', 'Customer']",1
L016267,Priya Patel,MetaC_Tech,Semiconductor,LATAM,5G Testbeds,Email Campaign,"['MQL', 'Whitepaper_Download_5G_Test', 'Lab_Integration_Discussion', 'Technical_Demo', 'AutoSens_Tech_Talk', 'MQL', 'Loaner_Unit_Evaluation', 'No_Conversion']",0
L016268,Michael Martinez,Broad_Tech,Semiconductor,Europe,5G Testbeds,Webinar,"['AutoSens_Tech_Talk', 'Oscilloscope_Selector_Tool', 'No_Conversion']",0
L016269,Kenji Patel,Samsung Electronics GmbH,Aerospace,Europe,PathWave Software,Event,"['IMS_Badge_Scan', 'MQL', 'Oscilloscope_Selector_Tool', 'Technical_Demo', 'Keysight_Workshop_RF_Testing', 'Customer']",1
L016270,Michael Anders,,Aerospace,Europe,,,"['IMS_Badge_Scan', 'Loaner_Unit_Evaluation', 'Application_Engineer_Call', 'SQL', 'DesignCon_Booth_Visit', 'LinkedIn_Ad_Click', 'No_Conversion']",0
L016271,Priya Chen,Tesla Energy,Electronics,Europe,PathWave Software,Webinar,"['Keysight_Workshop_RF_Testing', 'Keysight_University_Course', 'Website_Product_Page', 'Customer']",1
L016272,Daniel Williams,Broadcom GmbH,,Europe,Automotive Ethernet,Sales Outreach,"['Oscilloscope_Selector_Tool', 'LinkedIn_Ad_Click', 'DesignCon_Booth_Visit', 'Oscilloscope_Selector_Tool', 'Lab_Integration_Discussion', 'IMS_Badge_Scan', 'No_Conversion']",0
L016273,Laura Singh,Infin_Tech,Automotive,,5G Testbeds,LinkedIn,"['SQL', 'Technical_Demo', 'Oscilloscope_Selector_Tool', 'Lab_Integration_Discussion', 'Loaner_Unit_Evaluation', 'Keysight_University_Course', 'Oscilloscope_Selector_Tool', 'No_Conversion']",0
L016274,,Samsung Electronics GmbH,Aerospace,APAC,,Email Campaign,"['LinkedIn_Ad_Click', 'Website_Product_Page', 'Loaner_Unit_Evaluation', 'No_Conversion']",0
L016275,Sarah Tanaka,,,North America,Oscilloscopes,Email Campaign,"['Opportunity', 'Lab_Integration_Discussion', 'Keysight_Workshop_RF_Testing', 'No_Conversion']",0
L016276,Ravi Anders,Raytheon,Aerospace,APAC,5G Testbeds,Webinar,"['Technical_Demo', 'AutoSens_Tech_Talk', 'Lab_Integration_Discussion', 'AutoSens_Tech_Talk', 'Website_Product_Page', 'Oscilloscope_Selector_Tool', 'Keysight_Workshop_RF_Testing', 'Oscilloscope_Selector_Tool', 'Customer']",1
L016277,,Sony_Tech,Aerospace,,,,"['IMS_Badge_Scan', 'Keysight_Workshop_RF_Testing', 'Customer']",1
L016278,Sarah Johnson,Qualc_Tech,,LATAM,PathWave Software,Event,"['DesignCon_Booth_Visit', 'SQL', 'SQL', 'Technical_Demo', 'No_Conversion']",0
L016279,Daniel Williams,Bosch,,LATAM,,Webinar,['Customer'],1
L016280,Ravi Chen,Raytheon,Aerospace,Europe,,LinkedIn,"['Application_Engineer_Call', 'Application_Engineer_Call', 'Website_Product_Page', 'Keysight_University_Course', 'Keysight_University_Course', 'No_Conversion']",0
L016281,,Samsung Electronics,,LATAM,,Sales Outreach,"['Application_Engineer_Call', 'Loaner_Unit_Evaluation', 'Application_Engineer_Call', 'Application_Engineer_Call', 'AutoSens_Tech_Talk', 'Application_Engineer_Call', 'Application_Engineer_Call', 'IMS_Badge_Scan', 'Loaner_Unit_Evaluation', 'Customer']",1
L016282,Ravi Johnson,,,APAC,,LinkedIn,"['DesignCon_Booth_Visit', 'AutoSens_Tech_Talk', 'DesignCon_Booth_Visit', 'Whitepaper_Download_5G_Test', 'Lab_Integration_Discussion', 'Whitepaper_Download_5G_Test', 'Lab_Integration_Discussion', 'DesignCon_Booth_Visit', 'Customer']",1
L016283,Laura Khan,Rayth_Tech,Semiconductor,LATAM,Oscilloscopes,Sales Outreach,"['Website_Product_Page', 'Technical_Demo', 'SQL', 'SQL', 'Keysight_Workshop_RF_Testing', 'Technical_Demo', 'SQL', 'Customer']",1
L016284,,Samsu_Tech,,APAC,,Event,"['Website_Product_Page', 'No_Conversion']",0
L016285,Hiroshi Garcia,Tesla_Tech,Aerospace,LATAM,Oscilloscopes,Event,"['PathWave_Trial_Request', 'Loaner_Unit_Evaluation', 'LinkedIn_Ad_Click', 'DesignCon_Booth_Visit', 'Application_Engineer_Call', 'PathWave_Trial_Request', 'Keysight_University_Course', 'Application_Engineer_Call', 'SQL', 'No_Conversion']",0
L016286,Sarah Lee,MetaC_Tech,Semiconductor,North America,,Email Campaign,['No_Conversion'],0
L016287,Sarah Patel,Broad_Tech,Telecom,North America,,Event,"['Technical_Demo', 'Opportunity', 'Lab_Integration_Discussion', 'No_Conversion']",0
L016288,Hiroshi Patel,Bosch_Tech,Semiconductor,LATAM,Automotive Ethernet,Sales Outreach,"['MQL', 'Lab_Integration_Discussion', 'LinkedIn_Ad_Click', 'DesignCon_Booth_Visit', 'Customer']",1
L016289,Maria Anders,Sony,,APAC,PathWave Software,LinkedIn,"['Website_Product_Page', 'AutoSens_Tech_Talk', 'AutoSens_Tech_Talk', 'Whitepaper_Download_5G_Test', 'No_Conversion']",0
L016290,Sofia Johnson,Bosch,Telecom,Europe,PathWave Software,,"['DesignCon_Booth_Visit', 'PathWave_Trial_Request', 'Technical_Demo', 'DesignCon_Booth_Visit', 'Oscilloscope_Selector_Tool', 'Customer']",1
L016291,Maria Williams,Tesla Energy GmbH,Electronics,LATAM,,Email Campaign,"['DesignCon_Booth_Visit', 'Website_Product_Page', 'Opportunity', 'No_Conversion']",0
L016292,Laura Singh,Meta Connectivity Labs,Aerospace,North America,PathWave Software,Email Campaign,['No_Conversion'],0
L016293,,Bosch GmbH,,LATAM,,Sales Outreach,"['Loaner_Unit_Evaluation', 'AutoSens_Tech_Talk', 'Keysight_University_Course', 'No_Conversion']",0
L016294,Ahmed Johnson,Sony GmbH,Semiconductor,LATAM,5G Testbeds,,"['Loaner_Unit_Evaluation', 'Whitepaper_Download_5G_Test', 'SQL', 'AutoSens_Tech_Talk', 'Application_Engineer_Call', 'Application_Engineer_Call', 'Loaner_Unit_Evaluation', 'Oscilloscope_Selector_Tool', 'Oscilloscope_Selector_Tool', 'Keysight_Workshop_RF_Testing', 'Customer']",1
L016295,,Infineon,Automotive,APAC,,Sales Outreach,"['Website_Product_Page', 'Whitepaper_Download_5G_Test', 'MQL', 'Keysight_Workshop_RF_Testing', 'Application_Engineer_Call', 'No_Conversion']",0
L016296,Maria Martinez,Tesla Energy,Electronics,APAC,Automotive Ethernet,Event,"['PathWave_Trial_Request', 'PathWave_Trial_Request', 'Lab_Integration_Discussion', 'No_Conversion']",0
L016297,Michael Martinez,Qualcomm GmbH,Automotive,,5G Testbeds,Event,"['LinkedIn_Ad_Click', 'Technical_Demo', 'Website_Product_Page', 'Keysight_University_Course', 'DesignCon_Booth_Visit', 'Customer']",1
L016298,Michael Patel,Broadcom,,APAC,Oscilloscopes,Webinar,"['Opportunity', 'Oscilloscope_Selector_Tool', 'DesignCon_Booth_Visit', 'Keysight_University_Course', 'PathWave_Trial_Request', 'No_Conversion']",0
L016299,Laura Chen,Qualcomm,,,,LinkedIn,['Customer'],1
L016300,Chen Singh,Broadcom GmbH,,North America,5G Testbeds,LinkedIn,"['SQL', 'Customer']",1
L016301,Ravi Anders,Sony_Tech,Semiconductor,,PathWave Software,Webinar,"['IMS_Badge_Scan', 'MQL', 'Technical_Demo', 'DesignCon_Booth_Visit', 'SQL', 'Customer']",1
L016302,Daniel Ito,Infineon GmbH,Automotive,LATAM,,Event,"['Application_Engineer_Call', 'LinkedIn_Ad_Click', 'Opportunity', 'AutoSens_Tech_Talk', 'PathWave_Trial_Request', 'Lab_Integration_Discussion', 'AutoSens_Tech_Talk', 'Lab_Integration_Discussion', 'Customer']",1
L016303,Kenji Johnson,Sony GmbH,Telecom,APAC,Automotive Ethernet,Webinar,"['Whitepaper_Download_5G_Test', 'SQL', 'Keysight_University_Course', 'Keysight_University_Course', 'Loaner_Unit_Evaluation', 'PathWave_Trial_Request', 'LinkedIn_Ad_Click', 'IMS_Badge_Scan', 'Customer']",1
L016304,Ahmed Tanaka,Samsung Electronics,Semiconductor,,,LinkedIn,"['Technical_Demo', 'Customer']",1
L016305,Ahmed Chen,Tesla Energy GmbH,,APAC,,Email Campaign,"['Lab_Integration_Discussion', 'Keysight_Workshop_RF_Testing', 'SQL', 'Customer']",1
L016306,Kenji Johnson,Raytheon,Automotive,LATAM,PathWave Software,Event,"['Application_Engineer_Call', 'SQL', 'Loaner_Unit_Evaluation', 'LinkedIn_Ad_Click', 'SQL', 'Keysight_Workshop_RF_Testing', 'MQL', 'Website_Product_Page', 'Customer']",1
L016307,Sarah Johnson,,Aerospace,LATAM,Automotive Ethernet,Sales Outreach,"['Loaner_Unit_Evaluation', 'Website_Product_Page', 'MQL', 'Website_Product_Page', 'No_Conversion']",0
L016308,Michael Anders,Infineon GmbH,,LATAM,,Website,"['Loaner_Unit_Evaluation', 'Application_Engineer_Call', 'Technical_Demo', 'Application_Engineer_Call', 'DesignCon_Booth_Visit', 'Oscilloscope_Selector_Tool', 'IMS_Badge_Scan', 'MQL', 'MQL', 'No_Conversion']",0
L016309,,Tesla Energy,,,,LinkedIn,['No_Conversion'],0
L016310,,Raytheon,,LATAM,,Email Campaign,"['Whitepaper_Download_5G_Test', 'Oscilloscope_Selector_Tool', 'IMS_Badge_Scan', 'Customer']",1
L016311,,MetaC_Tech,,North America,,,"['Application_Engineer_Call', 'LinkedIn_Ad_Click', 'Customer']",1
L016312,Sofia Patel,Samsu_Tech,,Europe,,Sales Outreach,"['Opportunity', 'Whitepaper_Download_5G_Test', 'Lab_Integration_Discussion', 'Loaner_Unit_Evaluation', 'No_Conversion']",0
L016313,Maria Khan,Samsung Electronics GmbH,,North America,,Sales Outreach,"['Keysight_University_Course', 'Technical_Demo', 'Lab_Integration_Discussion', 'No_Conversion']",0
L016314,Priya Anders,,Semiconductor,LATAM,PathWave Software,Email Campaign,"['Keysight_University_Course', 'Keysight_University_Course', 'Loaner_Unit_Evaluation', 'LinkedIn_Ad_Click', 'Opportunity', 'PathWave_Trial_Request', 'No_Conversion']",0
L016315,Ahmed Chen,MetaC_Tech,,North America,,,"['Opportunity', 'No_Conversion']",0
L016316,,Bosch_Tech,Telecom,North America,PathWave Software,,['Customer'],1
L016317,,NXPSe_Tech,Semiconductor,Europe,Automotive Ethernet,Event,"['Keysight_Workshop_RF_Testing', 'Oscilloscope_Selector_Tool', 'Opportunity', 'No_Conversion']",0
L016318,Ahmed Chen,,Aerospace,,,Webinar,['No_Conversion'],0
L016319,Kenji Anders,Broadcom GmbH,Telecom,LATAM,5G Testbeds,Email Campaign,"['MQL', 'Opportunity', 'AutoSens_Tech_Talk', 'AutoSens_Tech_Talk', 'Customer']",1
L016320,Maria Williams,Raytheon,Semiconductor,APAC,,,"['MQL', 'Keysight_University_Course', 'Opportunity', 'SQL', 'MQL', 'Customer']",1
L016321,Daniel Martinez,Tesla Energy GmbH,Electronics,,,,"['AutoSens_Tech_Talk', 'DesignCon_Booth_Visit', 'Application_Engineer_Call', 'IMS_Badge_Scan', 'No_Conversion']",0
L016322,,,Automotive,North America,,Sales Outreach,"['SQL', 'Customer']",1
L016323,Sofia Garcia,NXPSe_Tech,,Europe,,Webinar,"['Opportunity', 'DesignCon_Booth_Visit', 'Oscilloscope_Selector_Tool', 'Customer']",1
L016324,Michael Khan,Tesla Energy,,APAC,5G Testbeds,LinkedIn,"['MQL', 'AutoSens_Tech_Talk', 'Website_Product_Page', 'No_Conversion']",0
L016325,Maria Anders,Broadcom GmbH,Aerospace,North America,Oscilloscopes,Email Campaign,"['Application_Engineer_Call', 'PathWave_Trial_Request', 'PathWave_Trial_Request', 'Application_Engineer_Call', 'IMS_Badge_Scan', 'Customer']",1
L016326,Ravi Anders,Sony,,APAC,5G Testbeds,Website,"['Oscilloscope_Selector_Tool', 'Opportunity', 'Lab_Integration_Discussion', 'Customer']",1
L016327,Sarah Lee,,,LATAM,Automotive Ethernet,LinkedIn,"['Technical_Demo', 'Opportunity', 'Technical_Demo', 'Website_Product_Page', 'No_Conversion']",0
L016328,Chen Williams,Meta Connectivity Labs,Aerospace,North America,Oscilloscopes,,"['IMS_Badge_Scan', 'DesignCon_Booth_Visit', 'Keysight_Workshop_RF_Testing', 'MQL', 'Lab_Integration_Discussion', 'Customer']",1
L016329,Ahmed Khan,NXP Semiconductors GmbH,Semiconductor,APAC,,Webinar,"['MQL', 'Website_Product_Page', 'PathWave_Trial_Request', 'Website_Product_Page', 'Opportunity', 'Technical_Demo', 'Technical_Demo', 'MQL', 'Opportunity', 'LinkedIn_Ad_Click', 'Customer']",1
L016330,Kenji Martinez,NXPSe_Tech,,APAC,,,"['IMS_Badge_Scan', 'DesignCon_Booth_Visit', 'PathWave_Trial_Request', 'Oscilloscope_Selector_Tool', 'No_Conversion']",0
L016331,Daniel Chen,Broad_Tech,,Europe,Automotive Ethernet,,"['SQL', 'Website_Product_Page', 'DesignCon_Booth_Visit', 'Lab_Integration_Discussion', 'Opportunity', 'Keysight_University_Course', 'IMS_Badge_Scan', 'PathWave_Trial_Request', 'SQL', 'Customer']",1
L016332,Sarah Chen,Raytheon,Electronics,APAC,5G Testbeds,Event,"['Whitepaper_Download_5G_Test', 'Customer']",1
L016333,Priya Williams,,,Europe,Oscilloscopes,LinkedIn,"['Oscilloscope_Selector_Tool', 'AutoSens_Tech_Talk', 'Keysight_University_Course', 'Loaner_Unit_Evaluation', 'No_Conversion']",0
L016334,Sarah Anders,NXP Semiconductors,,Europe,5G Testbeds,Event,"['LinkedIn_Ad_Click', 'Technical_Demo', 'PathWave_Trial_Request', 'Customer']",1
L016335,Kenji Khan,Sony GmbH,Semiconductor,North America,Oscilloscopes,Webinar,['Customer'],1
L016336,Sofia Tanaka,,,North America,PathWave Software,Event,"['Oscilloscope_Selector_Tool', 'Keysight_Workshop_RF_Testing', 'PathWave_Trial_Request', 'MQL', 'No_Conversion']",0
L016337,Sofia Ito,Raytheon GmbH,Electronics,APAC,,Sales Outreach,"['DesignCon_Booth_Visit', 'Technical_Demo', 'Customer']",1
L016338,Laura Martinez,Raytheon,Electronics,Europe,Oscilloscopes,LinkedIn,['No_Conversion'],0
L016339,Sofia Lee,,Electronics,North America,PathWave Software,Webinar,"['Application_Engineer_Call', 'IMS_Badge_Scan', 'MQL', 'Whitepaper_Download_5G_Test', 'Loaner_Unit_Evaluation', 'AutoSens_Tech_Talk', 'Application_Engineer_Call', 'Keysight_Workshop_RF_Testing', 'Website_Product_Page', 'Oscilloscope_Selector_Tool', 'No_Conversion']",0
L016340,Priya Anders,Sony,Electronics,APAC,Automotive Ethernet,LinkedIn,"['Whitepaper_Download_5G_Test', 'AutoSens_Tech_Talk', 'Website_Product_Page', 'Customer']",1
L016341,Ravi Johnson,Bosch_Tech,,Europe,Oscilloscopes,Webinar,"['Oscilloscope_Selector_Tool', 'Oscilloscope_Selector_Tool', 'AutoSens_Tech_Talk', 'LinkedIn_Ad_Click', 'No_Conversion']",0
L016342,Daniel Williams,,Automotive,North America,,Website,['Customer'],1
L016343,,Samsung Electronics GmbH,Telecom,APAC,Automotive Ethernet,,"['Keysight_University_Course', 'Technical_Demo', 'Loaner_Unit_Evaluation', 'Technical_Demo', 'No_Conversion']",0
L016344,Sarah Williams,Samsung Electronics GmbH,Electronics,,Oscilloscopes,Sales Outreach,"['Loaner_Unit_Evaluation', 'Keysight_University_Course', 'LinkedIn_Ad_Click', 'Website_Product_Page', 'No_Conversion']",0
L016345,Michael Johnson,,,APAC,,,"['Keysight_Workshop_RF_Testing', 'IMS_Badge_Scan', 'MQL', 'IMS_Badge_Scan', 'MQL', 'Keysight_University_Course', 'Opportunity', 'Loaner_Unit_Evaluation', 'Oscilloscope_Selector_Tool', 'Customer']",1
L016346,Kenji Johnson,,Telecom,,PathWave Software,Sales Outreach,"['Lab_Integration_Discussion', 'No_Conversion']",0
L016347,Maria Patel,Tesla_Tech,Telecom,,,LinkedIn,"['IMS_Badge_Scan', 'Application_Engineer_Call', 'DesignCon_Booth_Visit', 'SQL', 'Customer']",1
L016348,Sofia Anders,,Electronics,LATAM,5G Testbeds,Webinar,"['Technical_Demo', 'Opportunity', 'Loaner_Unit_Evaluation', 'PathWave_Trial_Request', 'PathWave_Trial_Request', 'Keysight_Workshop_RF_Testing', 'SQL', 'Customer']",1
L016349,Kenji Garcia,Infineon GmbH,,APAC,Automotive Ethernet,Webinar,"['AutoSens_Tech_Talk', 'Whitepaper_Download_5G_Test', 'Whitepaper_Download_5G_Test', 'LinkedIn_Ad_Click', 'Website_Product_Page', 'Application_Engineer_Call', 'SQL', 'Whitepaper_Download_5G_Test', 'PathWave_Trial_Request', 'Application_Engineer_Call', 'Customer']",1
L016350,Hiroshi Khan,,Electronics,LATAM,5G Testbeds,LinkedIn,"['Keysight_Workshop_RF_Testing', 'Lab_Integration_Discussion', 'Loaner_Unit_Evaluation', 'Lab_Integration_Discussion', 'MQL', 'Customer']",1
L016351,Sofia Garcia,Infineon,Semiconductor,,PathWave Software,Website,"['IMS_Badge_Scan', 'Opportunity', 'Technical_Demo', 'AutoSens_Tech_Talk', 'Website_Product_Page', 'Customer']",1
L016352,Priya Johnson,Tesla Energy GmbH,,APAC,Oscilloscopes,Sales Outreach,"['Keysight_University_Course', 'Customer']",1
L016353,Michael Johnson,Samsu_Tech,Semiconductor,APAC,,LinkedIn,"['IMS_Badge_Scan', 'Oscilloscope_Selector_Tool', 'Whitepaper_Download_5G_Test', 'IMS_Badge_Scan', 'Lab_Integration_Discussion', 'Technical_Demo', 'Customer']",1
L016354,Daniel Khan,,,,PathWave Software,LinkedIn,['Customer'],1
L016355,Priya Singh,,Aerospace,APAC,,Event,"['Keysight_Workshop_RF_Testing', 'Technical_Demo', 'IMS_Badge_Scan', 'Application_Engineer_Call', 'Keysight_Workshop_RF_Testing', 'DesignCon_Booth_Visit', 'No_Conversion']",0
L016356,Michael Johnson,Bosch GmbH,,,5G Testbeds,Event,"['Keysight_University_Course', 'Keysight_University_Course', 'Customer']",1
L016357,Ravi Singh,Sony_Tech,Aerospace,,Oscilloscopes,Sales Outreach,['No_Conversion'],0
L016358,Michael Patel,Raytheon,,,PathWave Software,,"['MQL', 'Whitepaper_Download_5G_Test', 'Keysight_University_Course', 'MQL', 'Keysight_University_Course', 'Website_Product_Page', 'MQL', 'IMS_Badge_Scan', 'Keysight_University_Course', 'Customer']",1
L016359,Hiroshi Tanaka,,Electronics,LATAM,,LinkedIn,"['Application_Engineer_Call', 'Lab_Integration_Discussion', 'LinkedIn_Ad_Click', 'Website_Product_Page', 'DesignCon_Booth_Visit', 'Oscilloscope_Selector_Tool', 'No_Conversion']",0
L016360,Sarah Chen,Raytheon GmbH,Automotive,Europe,Oscilloscopes,Event,"['MQL', 'Oscilloscope_Selector_Tool', 'Loaner_Unit_Evaluation', 'Loaner_Unit_Evaluation', 'PathWave_Trial_Request', 'No_Conversion']",0
L016361,Kenji Garcia,Tesla Energy,Electronics,Europe,,Sales Outreach,"['Lab_Integration_Discussion', 'MQL', 'IMS_Badge_Scan', 'PathWave_Trial_Request', 'Application_Engineer_Call', 'Lab_Integration_Discussion', 'Loaner_Unit_Evaluation', 'Oscilloscope_Selector_Tool', 'Lab_Integration_Discussion', 'Customer']",1
L016362,Chen Lee,NXP Semiconductors,,APAC,Oscilloscopes,Email Campaign,"['SQL', 'Loaner_Unit_Evaluation', 'Keysight_Workshop_RF_Testing', 'Opportunity', 'Customer']",1
L016363,Kenji Johnson,,,APAC,5G Testbeds,Email Campaign,['Customer'],1
L016364,Sofia Tanaka,Raytheon,,Europe,Oscilloscopes,Website,['No_Conversion'],0
L016365,,Broadcom,Electronics,LATAM,Oscilloscopes,Webinar,"['DesignCon_Booth_Visit', 'IMS_Badge_Scan', 'DesignCon_Booth_Visit', 'Lab_Integration_Discussion', 'Website_Product_Page', 'No_Conversion']",0
L016366,Daniel Khan,Tesla Energy,Telecom,APAC,Oscilloscopes,,"['Technical_Demo', 'Technical_Demo', 'Customer']",1
L016367,Sofia Patel,,Electronics,,,Sales Outreach,"['AutoSens_Tech_Talk', 'Technical_Demo', 'LinkedIn_Ad_Click', 'Customer']",1
L016368,Laura Ito,Broadcom,,,PathWave Software,Website,"['Opportunity', 'MQL', 'No_Conversion']",0
L016369,Sofia Ito,Qualc_Tech,,LATAM,,,"['AutoSens_Tech_Talk', 'Technical_Demo', 'No_Conversion']",0
L016370,Daniel Chen,Meta Connectivity Labs GmbH,,APAC,5G Testbeds,Website,['Customer'],1
L016371,Maria Lee,,Aerospace,LATAM,,Event,"['IMS_Badge_Scan', 'LinkedIn_Ad_Click', 'Technical_Demo', 'No_Conversion']",0
L016372,Chen Williams,Samsung Electronics,Telecom,North America,Automotive Ethernet,LinkedIn,"['Whitepaper_Download_5G_Test', 'PathWave_Trial_Request', 'Loaner_Unit_Evaluation', 'LinkedIn_Ad_Click', 'Technical_Demo', 'Lab_Integration_Discussion', 'Customer']",1
L016373,Michael Williams,Samsung Electronics GmbH,Electronics,LATAM,PathWave Software,Event,['Customer'],1
L016374,Ahmed Garcia,Qualcomm GmbH,,,Oscilloscopes,Email Campaign,"['Oscilloscope_Selector_Tool', 'SQL', 'Keysight_Workshop_RF_Testing', 'Keysight_University_Course', 'Website_Product_Page', 'Keysight_University_Course', 'IMS_Badge_Scan', 'Customer']",1
L016375,Sofia Singh,NXPSe_Tech,,,,Event,"['Keysight_University_Course', 'Whitepaper_Download_5G_Test', 'Website_Product_Page', 'No_Conversion']",0
L016376,Michael Khan,NXP Semiconductors,,APAC,5G Testbeds,Event,"['Opportunity', 'IMS_Badge_Scan', 'DesignCon_Booth_Visit', 'No_Conversion']",0
L016377,Daniel Garcia,Infineon GmbH,Electronics,North America,,LinkedIn,"['Keysight_Workshop_RF_Testing', 'Oscilloscope_Selector_Tool', 'Whitepaper_Download_5G_Test', 'Website_Product_Page', 'IMS_Badge_Scan', 'Keysight_Workshop_RF_Testing', 'Customer']",1
L016378,Laura Johnson,Raytheon,Telecom,North America,,Webinar,"['Whitepaper_Download_5G_Test', 'IMS_Badge_Scan', 'LinkedIn_Ad_Click', 'Customer']",1
L016379,Hiroshi Ito,,Electronics,LATAM,,Sales Outreach,"['AutoSens_Tech_Talk', 'Whitepaper_Download_5G_Test', 'Lab_Integration_Discussion', 'Oscilloscope_Selector_Tool', 'PathWave_Trial_Request', 'Opportunity', 'Website_Product_Page', 'No_Conversion']",0
L016380,Kenji Ito,NXPSe_Tech,Telecom,North America,Oscilloscopes,Webinar,"['Loaner_Unit_Evaluation', 'Lab_Integration_Discussion', 'Technical_Demo', 'Loaner_Unit_Evaluation', 'SQL', 'Customer']",1
L016381,Kenji Anders,Qualcomm,,North America,,Webinar,"['DesignCon_Booth_Visit', 'Technical_Demo', 'Technical_Demo', 'IMS_Badge_Scan', 'Customer']",1
L016382,Chen Williams,Tesla Energy GmbH,,North America,Oscilloscopes,Website,"['PathWave_Trial_Request', 'Application_Engineer_Call', 'Whitepaper_Download_5G_Test', 'No_Conversion']",0
L016383,Laura Khan,Infineon,,LATAM,,Website,"['Keysight_University_Course', 'SQL', 'Opportunity', 'Website_Product_Page', 'Whitepaper_Download_5G_Test', 'MQL', 'Keysight_Workshop_RF_Testing', 'Oscilloscope_Selector_Tool', 'AutoSens_Tech_Talk', 'Customer']",1
L016384,Kenji Tanaka,Rayth_Tech,Electronics,APAC,Automotive Ethernet,,"['SQL', 'Opportunity', 'Website_Product_Page', 'Keysight_Workshop_RF_Testing', 'AutoSens_Tech_Talk', 'Website_Product_Page', 'Lab_Integration_Discussion', 'Whitepaper_Download_5G_Test', 'SQL', 'Customer']",1
L016385,Daniel Chen,Sony,Semiconductor,North America,Automotive Ethernet,Email Campaign,"['Technical_Demo', 'Application_Engineer_Call', 'SQL', 'LinkedIn_Ad_Click', 'Keysight_Workshop_RF_Testing', 'No_Conversion']",0
L016386,Chen Singh,Raytheon,Telecom,,,Sales Outreach,"['Loaner_Unit_Evaluation', 'Oscilloscope_Selector_Tool', 'Lab_Integration_Discussion', 'No_Conversion']",0
L016387,Maria Chen,NXPSe_Tech,Aerospace,North America,,Sales Outreach,"['PathWave_Trial_Request', 'Keysight_Workshop_RF_Testing', 'Loaner_Unit_Evaluation', 'SQL', 'Customer']",1
L016388,Laura Martinez,Meta Connectivity Labs,Telecom,APAC,,Email Campaign,"['Opportunity', 'PathWave_Trial_Request', 'LinkedIn_Ad_Click', 'No_Conversion']",0
L016389,Sofia Johnson,Tesla Energy GmbH,,APAC,5G Testbeds,LinkedIn,['Customer'],1
L016390,Michael Garcia,Infineon,Semiconductor,Europe,Oscilloscopes,Email Campaign,"['Technical_Demo', 'DesignCon_Booth_Visit', 'Lab_Integration_Discussion', 'Technical_Demo', 'Customer']",1
L016391,Michael Khan,,,Europe,5G Testbeds,Email Campaign,"['Whitepaper_Download_5G_Test', 'Keysight_Workshop_RF_Testing', 'Loaner_Unit_Evaluation', 'Technical_Demo', 'Loaner_Unit_Evaluation', 'No_Conversion']",0
L016392,,Bosch,Electronics,APAC,Oscilloscopes,,"['Technical_Demo', 'Whitepaper_Download_5G_Test', 'Lab_Integration_Discussion', 'Whitepaper_Download_5G_Test', 'No_Conversion']",0
L016393,,NXP Semiconductors GmbH,Aerospace,,Oscilloscopes,Website,"['Application_Engineer_Call', 'IMS_Badge_Scan', 'No_Conversion']",0
L016394,Daniel Williams,,Semiconductor,,,Sales Outreach,"['Application_Engineer_Call', 'IMS_Badge_Scan', 'Loaner_Unit_Evaluation', 'LinkedIn_Ad_Click', 'LinkedIn_Ad_Click', 'Technical_Demo', 'Whitepaper_Download_5G_Test', 'Website_Product_Page', 'SQL', 'Loaner_Unit_Evaluation', 'Customer']",1
L016395,,Broad_Tech,Electronics,APAC,Automotive Ethernet,Sales Outreach,"['Keysight_University_Course', 'No_Conversion']",0
L016396,Laura Patel,Qualcomm GmbH,Telecom,North America,5G Testbeds,,"['Oscilloscope_Selector_Tool', 'Keysight_Workshop_RF_Testing', 'Website_Product_Page', 'Keysight_University_Course', 'Loaner_Unit_Evaluation', 'No_Conversion']",0
L016397,Michael Martinez,Meta Connectivity Labs GmbH,Telecom,LATAM,5G Testbeds,Sales Outreach,"['Whitepaper_Download_5G_Test', 'IMS_Badge_Scan', 'MQL', 'Keysight_Workshop_RF_Testing', 'Technical_Demo', 'DesignCon_Booth_Visit', 'Technical_Demo', 'IMS_Badge_Scan', 'Lab_Integration_Discussion', 'No_Conversion']",0
L016398,Ravi Ito,,Aerospace,Europe,PathWave Software,Event,"['Lab_Integration_Discussion', 'SQL', 'Keysight_Workshop_RF_Testing', 'No_Conversion']",0
L016399,Michael Martinez,Sony GmbH,Aerospace,North America,,Website,"['DesignCon_Booth_Visit', 'IMS_Badge_Scan', 'AutoSens_Tech_Talk', 'Website_Product_Page', 'Customer']",1
L016400,,NXPSe_Tech,Automotive,APAC,,Webinar,"['Keysight_University_Course', 'SQL', 'Opportunity', 'Website_Product_Page', 'Customer']",1
L016401,Ravi Williams,,Automotive,Europe,Oscilloscopes,Sales Outreach,"['MQL', 'Oscilloscope_Selector_Tool', 'DesignCon_Booth_Visit', 'Oscilloscope_Selector_Tool', 'Customer']",1
L016402,Laura Patel,MetaC_Tech,Telecom,North America,Oscilloscopes,LinkedIn,"['Loaner_Unit_Evaluation', 'Oscilloscope_Selector_Tool', 'No_Conversion']",0
L016403,Daniel Martinez,Meta Connectivity Labs GmbH,Automotive,North America,PathWave Software,Webinar,"['Loaner_Unit_Evaluation', 'AutoSens_Tech_Talk', 'Whitepaper_Download_5G_Test', 'Customer']",1
L016404,Daniel Ito,Sony,Telecom,APAC,5G Testbeds,Webinar,"['PathWave_Trial_Request', 'Technical_Demo', 'DesignCon_Booth_Visit', 'Technical_Demo', 'Customer']",1
L016405,Chen Singh,Tesla Energy GmbH,Semiconductor,,,Webinar,"['SQL', 'Application_Engineer_Call', 'Whitepaper_Download_5G_Test', 'IMS_Badge_Scan', 'DesignCon_Booth_Visit', 'Keysight_University_Course', 'No_Conversion']",0
L016406,Laura Singh,Sony GmbH,Telecom,APAC,PathWave Software,Website,"['MQL', 'MQL', 'Opportunity', 'Customer']",1
L016407,Chen Chen,Meta Connectivity Labs,Aerospace,APAC,PathWave Software,Email Campaign,"['Whitepaper_Download_5G_Test', 'Customer']",1
L016408,Laura Williams,Meta Connectivity Labs GmbH,Semiconductor,North America,,Sales Outreach,"['IMS_Badge_Scan', 'Keysight_University_Course', 'IMS_Badge_Scan', 'IMS_Badge_Scan', 'No_Conversion']",0
L016409,Sofia Williams,Qualcomm GmbH,Automotive,Europe,,Sales Outreach,"['AutoSens_Tech_Talk', 'Oscilloscope_Selector_Tool', 'IMS_Badge_Scan', 'Website_Product_Page', 'No_Conversion']",0
L016410,Kenji Tanaka,NXPSe_Tech,Telecom,North America,Automotive Ethernet,Website,"['Application_Engineer_Call', 'No_Conversion']",0
L016411,Ahmed Anders,Samsu_Tech,Semiconductor,North America,5G Testbeds,Sales Outreach,"['Lab_Integration_Discussion', 'IMS_Badge_Scan', 'Keysight_University_Course', 'Application_Engineer_Call', 'IMS_Badge_Scan', 'LinkedIn_Ad_Click', 'Lab_Integration_Discussion', 'No_Conversion']",0
L016412,Kenji Martinez,NXPSe_Tech,,Europe,Automotive Ethernet,Webinar,"['Keysight_Workshop_RF_Testing', 'Lab_Integration_Discussion', 'PathWave_Trial_Request', 'Opportunity', 'Loaner_Unit_Evaluation', 'Application_Engineer_Call', 'Opportunity', 'LinkedIn_Ad_Click', 'Customer']",1
L016413,Daniel Martinez,Sony,Telecom,North America,Oscilloscopes,Event,"['Keysight_University_Course', 'SQL', 'Technical_Demo', 'SQL', 'Opportunity', 'Technical_Demo', 'LinkedIn_Ad_Click', 'Customer']",1
L016414,Michael Patel,Infineon,,,Automotive Ethernet,Event,"['Whitepaper_Download_5G_Test', 'Keysight_Workshop_RF_Testing', 'Keysight_University_Course', 'No_Conversion']",0
L016415,Michael Garcia,Meta Connectivity Labs GmbH,Telecom,,Automotive Ethernet,,"['PathWave_Trial_Request', 'DesignCon_Booth_Visit', 'Lab_Integration_Discussion', 'IMS_Badge_Scan', 'Oscilloscope_Selector_Tool', 'Customer']",1
L016416,Maria Williams,Tesla Energy GmbH,Electronics,North America,,Email Campaign,"['IMS_Badge_Scan', 'Website_Product_Page', 'IMS_Badge_Scan', 'No_Conversion']",0
L016417,Ravi Tanaka,Sony,Semiconductor,APAC,,Website,"['Whitepaper_Download_5G_Test', 'Website_Product_Page', 'Website_Product_Page', 'SQL', 'No_Conversion']",0
L016418,Maria Khan,Qualc_Tech,Aerospace,Europe,,Sales Outreach,"['IMS_Badge_Scan', 'PathWave_Trial_Request', 'Whitepaper_Download_5G_Test', 'IMS_Badge_Scan', 'Customer']",1
L016419,Priya Tanaka,Bosch,,,5G Testbeds,Webinar,"['LinkedIn_Ad_Click', 'Oscilloscope_Selector_Tool', 'Technical_Demo', 'DesignCon_Booth_Visit', 'Keysight_University_Course', 'Oscilloscope_Selector_Tool', 'IMS_Badge_Scan', 'Customer']",1
L016420,Sarah Anders,MetaC_Tech,Automotive,,5G Testbeds,Website,"['Keysight_University_Course', 'No_Conversion']",0
L016421,Hiroshi Patel,Raytheon GmbH,Aerospace,North America,,Event,"['SQL', 'IMS_Badge_Scan', 'Opportunity', 'Application_Engineer_Call', 'Whitepaper_Download_5G_Test', 'LinkedIn_Ad_Click', 'Technical_Demo', 'Loaner_Unit_Evaluation', 'SQL', 'Loaner_Unit_Evaluation', 'Customer']",1
L016422,,,,,,LinkedIn,"['IMS_Badge_Scan', 'DesignCon_Booth_Visit', 'No_Conversion']",0
L016423,Sarah Khan,Raytheon,Electronics,APAC,Automotive Ethernet,,"['LinkedIn_Ad_Click', 'Loaner_Unit_Evaluation', 'SQL', 'Oscilloscope_Selector_Tool', 'AutoSens_Tech_Talk', 'Lab_Integration_Discussion', 'Oscilloscope_Selector_Tool', 'PathWave_Trial_Request', 'No_Conversion']",0
L016424,Kenji Ito,Qualc_Tech,Electronics,North America,Automotive Ethernet,,"['LinkedIn_Ad_Click', 'PathWave_Trial_Request', 'IMS_Badge_Scan', 'No_Conversion']",0
L016425,Michael Anders,Qualcomm,,Europe,Oscilloscopes,LinkedIn,"['Whitepaper_Download_5G_Test', 'MQL', 'PathWave_Trial_Request', 'No_Conversion']",0
L016426,Priya Garcia,Samsung Electronics GmbH,Electronics,LATAM,,Website,"['Lab_Integration_Discussion', 'IMS_Badge_Scan', 'Opportunity', 'Technical_Demo', 'No_Conversion']",0
L016427,Sofia Tanaka,Qualcomm,Electronics,,PathWave Software,Email Campaign,"['Lab_Integration_Discussion', 'Customer']",1
L016428,Priya Khan,Bosch,,North America,,,"['Lab_Integration_Discussion', 'SQL', 'Application_Engineer_Call', 'Oscilloscope_Selector_Tool', 'Website_Product_Page', 'No_Conversion']",0
L016429,,Broadcom GmbH,Aerospace,LATAM,PathWave Software,Email Campaign,"['Whitepaper_Download_5G_Test', 'Lab_Integration_Discussion', 'Technical_Demo', 'AutoSens_Tech_Talk', 'Application_Engineer_Call', 'Opportunity', 'Customer']",1
L016430,Michael Ito,Samsung Electronics,Electronics,Europe,PathWave Software,Email Campaign,"['Lab_Integration_Discussion', 'SQL', 'MQL', 'IMS_Badge_Scan', 'Customer']",1
L016431,Sarah Martinez,Bosch,Electronics,APAC,,Webinar,"['PathWave_Trial_Request', 'Keysight_Workshop_RF_Testing', 'LinkedIn_Ad_Click', 'Oscilloscope_Selector_Tool', 'Keysight_University_Course', 'Customer']",1
L016432,Ahmed Patel,,,APAC,PathWave Software,Event,"['Technical_Demo', 'Application_Engineer_Call', 'Lab_Integration_Discussion', 'Lab_Integration_Discussion', 'No_Conversion']",0
L016433,Priya Singh,Samsung Electronics GmbH,Semiconductor,LATAM,,Sales Outreach,['No_Conversion'],0
L016434,Michael Anders,Qualcomm GmbH,Automotive,North America,Oscilloscopes,Webinar,"['Lab_Integration_Discussion', 'AutoSens_Tech_Talk', 'Opportunity', 'Customer']",1
L016435,Daniel Tanaka,MetaC_Tech,Aerospace,Europe,,Email Campaign,"['Lab_Integration_Discussion', 'No_Conversion']",0
L016436,Kenji Lee,,Semiconductor,Europe,Oscilloscopes,,"['Oscilloscope_Selector_Tool', 'Website_Product_Page', 'Loaner_Unit_Evaluation', 'Application_Engineer_Call', 'SQL', 'Oscilloscope_Selector_Tool', 'SQL', 'Whitepaper_Download_5G_Test', 'Customer']",1
L016437,Sarah Williams,Qualc_Tech,Aerospace,LATAM,Automotive Ethernet,Event,"['Whitepaper_Download_5G_Test', 'Customer']",1
L016438,Ahmed Johnson,Sony GmbH,Electronics,APAC,,Webinar,"['Lab_Integration_Discussion', 'DesignCon_Booth_Visit', 'Keysight_University_Course', 'DesignCon_Booth_Visit', 'Customer']",1
L016439,Ravi Singh,Infineon,Electronics,North America,Oscilloscopes,LinkedIn,"['IMS_Badge_Scan', 'Opportunity', 'LinkedIn_Ad_Click', 'Oscilloscope_Selector_Tool', 'Application_Engineer_Call', 'SQL', 'MQL', 'IMS_Badge_Scan', 'MQL', 'Keysight_Workshop_RF_Testing', 'No_Conversion']",0
L016440,,,Aerospace,Europe,Oscilloscopes,LinkedIn,"['PathWave_Trial_Request', 'Website_Product_Page', 'Whitepaper_Download_5G_Test', 'No_Conversion']",0
L016441,Ahmed Garcia,Qualcomm,Aerospace,Europe,5G Testbeds,LinkedIn,"['Application_Engineer_Call', 'Keysight_Workshop_RF_Testing', 'PathWave_Trial_Request', 'PathWave_Trial_Request', 'Keysight_Workshop_RF_Testing', 'MQL', 'No_Conversion']",0
L016442,Ahmed Lee,Samsu_Tech,Automotive,North America,,,"['DesignCon_Booth_Visit', 'LinkedIn_Ad_Click', 'Loaner_Unit_Evaluation', 'Keysight_University_Course', 'No_Conversion']",0
L016443,Priya Singh,Infineon,Aerospace,North America,5G Testbeds,Website,"['SQL', 'SQL', 'LinkedIn_Ad_Click', 'Customer']",1
L016444,Sarah Singh,Raytheon,Aerospace,,,Sales Outreach,"['LinkedIn_Ad_Click', 'Oscilloscope_Selector_Tool', 'PathWave_Trial_Request', 'Oscilloscope_Selector_Tool', 'Customer']",1
L016445,,Qualcomm GmbH,Semiconductor,Europe,,Email Campaign,"['Opportunity', 'Website_Product_Page', 'DesignCon_Booth_Visit', 'Technical_Demo', 'Keysight_University_Course', 'Keysight_University_Course', 'MQL', 'No_Conversion']",0
L016446,Sofia Patel,NXP Semiconductors GmbH,Semiconductor,North America,,Event,"['MQL', 'Application_Engineer_Call', 'Application_Engineer_Call', 'No_Conversion']",0
L016447,Hiroshi Lee,Broadcom,Electronics,,Automotive Ethernet,Event,"['Oscilloscope_Selector_Tool', 'Keysight_Workshop_RF_Testing', 'Keysight_Workshop_RF_Testing', 'Whitepaper_Download_5G_Test', 'Technical_Demo', 'AutoSens_Tech_Talk', 'No_Conversion']",0
L016448,Daniel Williams,Tesla Energy GmbH,Semiconductor,LATAM,5G Testbeds,Event,"['Loaner_Unit_Evaluation', 'DesignCon_Booth_Visit', 'Loaner_Unit_Evaluation', 'No_Conversion']",0
L016449,Chen Patel,Tesla Energy,Semiconductor,Europe,Automotive Ethernet,Event,"['Whitepaper_Download_5G_Test', 'MQL', 'No_Conversion']",0
L016450,Sofia Anders,Sony_Tech,Telecom,Europe,,,['Customer'],1
L016451,Kenji Martinez,NXP Semiconductors,Electronics,LATAM,5G Testbeds,Sales Outreach,"['AutoSens_Tech_Talk', 'LinkedIn_Ad_Click', 'Website_Product_Page', 'PathWave_Trial_Request', 'Technical_Demo', 'No_Conversion']",0
L016452,Chen Khan,Samsung Electronics GmbH,Automotive,APAC,,Sales Outreach,"['SQL', 'IMS_Badge_Scan', 'Keysight_Workshop_RF_Testing', 'Opportunity', 'Customer']",1
L016453,Sofia Singh,Sony_Tech,Semiconductor,,Automotive Ethernet,,"['DesignCon_Booth_Visit', 'Loaner_Unit_Evaluation', 'No_Conversion']",0
L016454,Hiroshi Ito,NXPSe_Tech,Telecom,APAC,5G Testbeds,Sales Outreach,"['Loaner_Unit_Evaluation', 'Application_Engineer_Call', 'Opportunity', 'No_Conversion']",0
L016455,Hiroshi Singh,,,LATAM,,,"['SQL', 'Website_Product_Page', 'SQL', 'Loaner_Unit_Evaluation', 'No_Conversion']",0
L016456,Michael Tanaka,Tesla Energy,Semiconductor,LATAM,5G Testbeds,LinkedIn,"['Lab_Integration_Discussion', 'Loaner_Unit_Evaluation', 'IMS_Badge_Scan', 'IMS_Badge_Scan', 'Keysight_Workshop_RF_Testing', 'Website_Product_Page', 'Technical_Demo', 'Technical_Demo', 'SQL', 'No_Conversion']",0
L016457,Ravi Lee,Samsung Electronics GmbH,,Europe,5G Testbeds,Webinar,"['LinkedIn_Ad_Click', 'AutoSens_Tech_Talk', 'MQL', 'Customer']",1
L016458,Laura Lee,Samsu_Tech,,LATAM,PathWave Software,Website,"['Application_Engineer_Call', 'Lab_Integration_Discussion', 'SQL', 'DesignCon_Booth_Visit', 'Technical_Demo', 'Customer']",1
L016459,Sofia Chen,NXP Semiconductors,Telecom,North America,,LinkedIn,"['Whitepaper_Download_5G_Test', 'LinkedIn_Ad_Click', 'DesignCon_Booth_Visit', 'Lab_Integration_Discussion', 'Customer']",1
L016460,Ravi Chen,NXP Semiconductors GmbH,Automotive,North America,,Email Campaign,"['Application_Engineer_Call', 'Lab_Integration_Discussion', 'MQL', 'MQL', 'PathWave_Trial_Request', 'DesignCon_Booth_Visit', 'IMS_Badge_Scan', 'LinkedIn_Ad_Click', 'MQL', 'Customer']",1
L016461,Ahmed Garcia,Sony GmbH,Electronics,Europe,Oscilloscopes,LinkedIn,"['Whitepaper_Download_5G_Test', 'Lab_Integration_Discussion', 'AutoSens_Tech_Talk', 'Keysight_University_Course', 'Oscilloscope_Selector_Tool', 'No_Conversion']",0
L016462,Priya Ito,,,APAC,,,"['IMS_Badge_Scan', 'PathWave_Trial_Request', 'Oscilloscope_Selector_Tool', 'Oscilloscope_Selector_Tool', 'No_Conversion']",0
L016463,Laura Patel,Broadcom,Telecom,APAC,,Website,"['Loaner_Unit_Evaluation', 'Application_Engineer_Call', 'Keysight_University_Course', 'No_Conversion']",0
L016464,Ravi Martinez,Raytheon GmbH,Automotive,LATAM,,,"['Oscilloscope_Selector_Tool', 'AutoSens_Tech_Talk', 'Customer']",1
L016465,Ravi Garcia,Sony,Automotive,APAC,Automotive Ethernet,Webinar,['No_Conversion'],0
L016466,Hiroshi Tanaka,MetaC_Tech,,North America,Oscilloscopes,Sales Outreach,['No_Conversion'],0
L016467,Chen Khan,Bosch,Electronics,APAC,,Event,"['AutoSens_Tech_Talk', 'Technical_Demo', 'Loaner_Unit_Evaluation', 'LinkedIn_Ad_Click', 'PathWave_Trial_Request', 'SQL', 'Whitepaper_Download_5G_Test', 'SQL', 'No_Conversion']",0
L016468,Sarah Khan,Bosch GmbH,,,,Event,"['Loaner_Unit_Evaluation', 'Whitepaper_Download_5G_Test', 'Loaner_Unit_Evaluation', 'SQL', 'DesignCon_Booth_Visit', 'Keysight_Workshop_RF_Testing', 'PathWave_Trial_Request', 'Lab_Integration_Discussion', 'DesignCon_Booth_Visit', 'No_Conversion']",0
L016469,Ravi Garcia,Meta Connectivity Labs,Electronics,Europe,,Event,"['MQL', 'Technical_Demo', 'DesignCon_Booth_Visit', 'PathWave_Trial_Request', 'Loaner_Unit_Evaluation', 'SQL', 'Website_Product_Page', 'Customer']",1
L016470,Priya Martinez,Qualc_Tech,Aerospace,North America,Automotive Ethernet,Webinar,['No_Conversion'],0
L016471,Kenji Williams,Sony_Tech,Telecom,North America,,Webinar,"['Loaner_Unit_Evaluation', 'Opportunity', 'Oscilloscope_Selector_Tool', 'IMS_Badge_Scan', 'Keysight_University_Course', 'Customer']",1
L016472,Sofia Martinez,,Aerospace,APAC,Automotive Ethernet,Website,"['Oscilloscope_Selector_Tool', 'Loaner_Unit_Evaluation', 'No_Conversion']",0
L016473,Hiroshi Singh,,Electronics,North America,Automotive Ethernet,,"['Keysight_University_Course', 'Loaner_Unit_Evaluation', 'AutoSens_Tech_Talk', 'MQL', 'Customer']",1
L016474,Laura Williams,Tesla Energy,,,Automotive Ethernet,Email Campaign,"['AutoSens_Tech_Talk', 'Loaner_Unit_Evaluation', 'Technical_Demo', 'Opportunity', 'Application_Engineer_Call', 'Customer']",1
L016475,,NXP Semiconductors GmbH,Aerospace,LATAM,5G Testbeds,,"['MQL', 'Opportunity', 'PathWave_Trial_Request', 'Customer']",1
L016476,,Tesla Energy,Aerospace,Europe,PathWave Software,Email Campaign,"['PathWave_Trial_Request', 'Loaner_Unit_Evaluation', 'Technical_Demo', 'PathWave_Trial_Request', 'Keysight_Workshop_RF_Testing', 'PathWave_Trial_Request', 'Loaner_Unit_Evaluation', 'Keysight_Workshop_RF_Testing', 'Technical_Demo', 'Customer']",1
L016477,Maria Chen,Qualcomm,Electronics,,Automotive Ethernet,Webinar,"['IMS_Badge_Scan', 'Customer']",1
L016478,Maria Chen,,Aerospace,APAC,,Webinar,"['MQL', 'Application_Engineer_Call', 'Oscilloscope_Selector_Tool', 'Customer']",1
L016479,Maria Johnson,Samsung Electronics GmbH,,LATAM,Automotive Ethernet,Event,"['DesignCon_Booth_Visit', 'LinkedIn_Ad_Click', 'Lab_Integration_Discussion', 'Whitepaper_Download_5G_Test', 'Lab_Integration_Discussion', 'No_Conversion']",0
L016480,Sofia Chen,Broadcom,Semiconductor,LATAM,,Webinar,"['SQL', 'SQL', 'Keysight_Workshop_RF_Testing', 'No_Conversion']",0
L016481,Chen Martinez,Tesla_Tech,Automotive,,Oscilloscopes,Webinar,"['Keysight_University_Course', 'PathWave_Trial_Request', 'DesignCon_Booth_Visit', 'Website_Product_Page', 'Customer']",1
L016482,Maria Singh,Samsung Electronics,,LATAM,,Event,"['DesignCon_Booth_Visit', 'AutoSens_Tech_Talk', 'AutoSens_Tech_Talk', 'MQL', 'Application_Engineer_Call', 'LinkedIn_Ad_Click', 'Customer']",1
L016483,Laura Martinez,NXP Semiconductors,Semiconductor,APAC,Oscilloscopes,Website,"['Website_Product_Page', 'DesignCon_Booth_Visit', 'AutoSens_Tech_Talk', 'DesignCon_Booth_Visit', 'Lab_Integration_Discussion', 'AutoSens_Tech_Talk', 'DesignCon_Booth_Visit', 'Application_Engineer_Call', 'No_Conversion']",0
L016484,Michael Chen,,Electronics,,,LinkedIn,"['Oscilloscope_Selector_Tool', 'PathWave_Trial_Request', 'DesignCon_Booth_Visit', 'MQL', 'Whitepaper_Download_5G_Test', 'AutoSens_Tech_Talk', 'MQL', 'Whitepaper_Download_5G_Test', 'No_Conversion']",0
L016485,Hiroshi Williams,Sony,Automotive,LATAM,,Webinar,['Customer'],1
L016486,Ravi Williams,Tesla_Tech,,North America,5G Testbeds,Email Campaign,"['Loaner_Unit_Evaluation', 'Technical_Demo', 'Lab_Integration_Discussion', 'Lab_Integration_Discussion', 'Loaner_Unit_Evaluation', 'Keysight_Workshop_RF_Testing', 'Opportunity', 'Customer']",1
L016487,Kenji Lee,NXP Semiconductors GmbH,Electronics,APAC,Oscilloscopes,Website,"['DesignCon_Booth_Visit', 'Oscilloscope_Selector_Tool', 'Loaner_Unit_Evaluation', 'Application_Engineer_Call', 'IMS_Badge_Scan', 'Lab_Integration_Discussion', 'Customer']",1
L016488,Ravi Lee,,,,,LinkedIn,"['Oscilloscope_Selector_Tool', 'Oscilloscope_Selector_Tool', 'Whitepaper_Download_5G_Test', 'Application_Engineer_Call', 'Opportunity', 'Lab_Integration_Discussion', 'Technical_Demo', 'PathWave_Trial_Request', 'DesignCon_Booth_Visit', 'No_Conversion']",0
L016489,Ahmed Williams,,,North America,Oscilloscopes,Email Campaign,"['SQL', 'MQL', 'IMS_Badge_Scan', 'SQL', 'DesignCon_Booth_Visit', 'Lab_Integration_Discussion', 'PathWave_Trial_Request', 'Customer']",1
L016490,Hiroshi Williams,,Semiconductor,LATAM,Automotive Ethernet,,"['Application_Engineer_Call', 'Keysight_Workshop_RF_Testing', 'Whitepaper_Download_5G_Test', 'No_Conversion']",0
L016491,,Infin_Tech,Automotive,Europe,Automotive Ethernet,Webinar,"['Loaner_Unit_Evaluation', 'LinkedIn_Ad_Click', 'Oscilloscope_Selector_Tool', 'No_Conversion']",0
L016492,Daniel Garcia,NXP Semiconductors,Aerospace,APAC,Oscilloscopes,Email Campaign,"['Loaner_Unit_Evaluation', 'No_Conversion']",0
L016493,,Infineon,Semiconductor,LATAM,Oscilloscopes,Email Campaign,"['LinkedIn_Ad_Click', 'SQL', 'DesignCon_Booth_Visit', 'Technical_Demo', 'DesignCon_Booth_Visit', 'PathWave_Trial_Request', 'Website_Product_Page', 'Whitepaper_Download_5G_Test', 'MQL', 'No_Conversion']",0
L016494,Priya Ito,Samsung Electronics,Electronics,Europe,,Sales Outreach,"['SQL', 'Customer']",1
L016495,Daniel Williams,Samsung Electronics GmbH,Aerospace,North America,5G Testbeds,Sales Outreach,"['Oscilloscope_Selector_Tool', 'PathWave_Trial_Request', 'Keysight_University_Course', 'Application_Engineer_Call', 'Opportunity', 'Customer']",1
L016496,Hiroshi Chen,Bosch GmbH,Aerospace,North America,,Email Campaign,"['Application_Engineer_Call', 'Loaner_Unit_Evaluation', 'Whitepaper_Download_5G_Test', 'Customer']",1
L016497,,Sony,,,PathWave Software,Sales Outreach,"['PathWave_Trial_Request', 'Opportunity', 'Website_Product_Page', 'Lab_Integration_Discussion', 'Keysight_University_Course', 'Loaner_Unit_Evaluation', 'Technical_Demo', 'No_Conversion']",0
L016498,Chen Singh,Broad_Tech,,Europe,5G Testbeds,Event,['No_Conversion'],0
L016499,Maria Patel,Raytheon,Aerospace,North America,,Website,"['Keysight_Workshop_RF_Testing', 'IMS_Badge_Scan', 'PathWave_Trial_Request', 'Keysight_Workshop_RF_Testing', 'Customer']",1
L016500,Chen Ito,Meta Connectivity Labs GmbH,Aerospace,LATAM,,LinkedIn,['Customer'],1
L016501,Sofia Khan,NXP Semiconductors GmbH,,Europe,5G Testbeds,,"['AutoSens_Tech_Talk', 'Keysight_University_Course', 'Oscilloscope_Selector_Tool', 'SQL', 'AutoSens_Tech_Talk', 'Opportunity', 'Opportunity', 'No_Conversion']",0
L016502,Hiroshi Martinez,Broadcom,Semiconductor,APAC,Automotive Ethernet,Webinar,"['MQL', 'Whitepaper_Download_5G_Test', 'SQL', 'No_Conversion']",0
L016503,Chen Tanaka,Bosch GmbH,Electronics,APAC,Oscilloscopes,Email Campaign,"['SQL', 'Website_Product_Page', 'MQL', 'LinkedIn_Ad_Click', 'PathWave_Trial_Request', 'Whitepaper_Download_5G_Test', 'Customer']",1
L016504,Ravi Singh,Raytheon,Semiconductor,Europe,Oscilloscopes,,['Customer'],1
L016505,Michael Martinez,Sony,,North America,PathWave Software,Sales Outreach,"['DesignCon_Booth_Visit', 'Application_Engineer_Call', 'Website_Product_Page', 'Whitepaper_Download_5G_Test', 'Whitepaper_Download_5G_Test', 'MQL', 'No_Conversion']",0
L016506,Kenji Lee,Qualcomm,,Europe,,LinkedIn,"['IMS_Badge_Scan', 'SQL', 'IMS_Badge_Scan', 'Technical_Demo', 'Oscilloscope_Selector_Tool', 'SQL', 'Customer']",1
L016507,Kenji Singh,Meta Connectivity Labs GmbH,Telecom,LATAM,,Event,"['Oscilloscope_Selector_Tool', 'LinkedIn_Ad_Click', 'Opportunity', 'Keysight_University_Course', 'IMS_Badge_Scan', 'Keysight_Workshop_RF_Testing', 'Customer']",1
L016508,Kenji Anders,Meta Connectivity Labs,,North America,,LinkedIn,"['DesignCon_Booth_Visit', 'SQL', 'Website_Product_Page', 'No_Conversion']",0
L016509,Ravi Garcia,Bosch_Tech,Semiconductor,,Oscilloscopes,,['Customer'],1
L016510,Sofia Tanaka,Broadcom GmbH,,LATAM,Automotive Ethernet,LinkedIn,"['Oscilloscope_Selector_Tool', 'AutoSens_Tech_Talk', 'Lab_Integration_Discussion', 'Lab_Integration_Discussion', 'Oscilloscope_Selector_Tool', 'AutoSens_Tech_Talk', 'No_Conversion']",0
L016511,Hiroshi Lee,Infineon GmbH,,APAC,,LinkedIn,"['Opportunity', 'Whitepaper_Download_5G_Test', 'MQL', 'Whitepaper_Download_5G_Test', 'No_Conversion']",0
L016512,Hiroshi Chen,Bosch GmbH,Telecom,LATAM,,Event,"['Application_Engineer_Call', 'Whitepaper_Download_5G_Test', 'PathWave_Trial_Request', 'Keysight_Workshop_RF_Testing', 'DesignCon_Booth_Visit', 'Oscilloscope_Selector_Tool', 'IMS_Badge_Scan', 'IMS_Badge_Scan', 'Keysight_University_Course', 'No_Conversion']",0
L016513,Michael Tanaka,Tesla_Tech,,North America,,Email Campaign,"['LinkedIn_Ad_Click', 'Keysight_University_Course', 'PathWave_Trial_Request', 'PathWave_Trial_Request', 'SQL', 'MQL', 'Customer']",1
L016514,Kenji Singh,Bosch_Tech,,Europe,,Website,"['Application_Engineer_Call', 'Keysight_Workshop_RF_Testing', 'Website_Product_Page', 'MQL', 'IMS_Badge_Scan', 'Customer']",1
L016515,Michael Tanaka,NXPSe_Tech,,APAC,,Email Campaign,"['LinkedIn_Ad_Click', 'MQL', 'No_Conversion']",0
L016516,Laura Chen,Infin_Tech,Telecom,Europe,Automotive Ethernet,Email Campaign,"['DesignCon_Booth_Visit', 'IMS_Badge_Scan', 'PathWave_Trial_Request', 'Oscilloscope_Selector_Tool', 'AutoSens_Tech_Talk', 'Opportunity', 'Lab_Integration_Discussion', 'No_Conversion']",0
L016517,Daniel Lee,Qualcomm GmbH,,,5G Testbeds,LinkedIn,"['AutoSens_Tech_Talk', 'Customer']",1
L016518,Sarah Singh,Sony,Telecom,APAC,Oscilloscopes,,"['LinkedIn_Ad_Click', 'Website_Product_Page', 'Loaner_Unit_Evaluation', 'No_Conversion']",0
L016519,Kenji Martinez,,Electronics,,,Email Campaign,"['AutoSens_Tech_Talk', 'Customer']",1
L016520,Hiroshi Khan,Raytheon,Electronics,Europe,,LinkedIn,"['DesignCon_Booth_Visit', 'No_Conversion']",0
L016521,Ahmed Martinez,NXPSe_Tech,,North America,,Email Campaign,"['Whitepaper_Download_5G_Test', 'IMS_Badge_Scan', 'MQL', 'Application_Engineer_Call', 'Customer']",1
L016522,Chen Singh,Sony,Telecom,,,Event,"['Oscilloscope_Selector_Tool', 'DesignCon_Booth_Visit', 'IMS_Badge_Scan', 'Technical_Demo', 'Customer']",1
L016523,Sarah Chen,Qualcomm GmbH,Aerospace,Europe,,Sales Outreach,['No_Conversion'],0
L016524,Hiroshi Ito,,,LATAM,PathWave Software,Website,"['Website_Product_Page', 'LinkedIn_Ad_Click', 'Technical_Demo', 'SQL', 'AutoSens_Tech_Talk', 'Application_Engineer_Call', 'LinkedIn_Ad_Click', 'Customer']",1
L016525,Kenji Ito,Qualcomm GmbH,,LATAM,,Website,"['MQL', 'IMS_Badge_Scan', 'Whitepaper_Download_5G_Test', 'Customer']",1
L016526,Michael Patel,,,APAC,,Webinar,"['Loaner_Unit_Evaluation', 'IMS_Badge_Scan', 'MQL', 'Whitepaper_Download_5G_Test', 'No_Conversion']",0
L016527,Maria Lee,Sony_Tech,,APAC,Automotive Ethernet,LinkedIn,['Customer'],1
L016528,Maria Garcia,Infineon,Telecom,,,Event,"['MQL', 'DesignCon_Booth_Visit', 'Technical_Demo', 'Technical_Demo', 'AutoSens_Tech_Talk', 'Customer']",1
L016529,Laura Ito,Meta Connectivity Labs,,LATAM,,Sales Outreach,"['AutoSens_Tech_Talk', 'LinkedIn_Ad_Click', 'Website_Product_Page', 'Customer']",1
L016530,Chen Williams,,,APAC,Automotive Ethernet,Event,"['Application_Engineer_Call', 'Opportunity', 'Customer']",1
L016531,Michael Chen,Bosch,,North America,Oscilloscopes,Event,"['Lab_Integration_Discussion', 'DesignCon_Booth_Visit', 'LinkedIn_Ad_Click', 'Lab_Integration_Discussion', 'Opportunity', 'Website_Product_Page', 'Customer']",1
L016532,Chen Patel,Meta Connectivity Labs,Semiconductor,Europe,,LinkedIn,"['Keysight_Workshop_RF_Testing', 'DesignCon_Booth_Visit', 'Website_Product_Page', 'Oscilloscope_Selector_Tool', 'Application_Engineer_Call', 'Lab_Integration_Discussion', 'Customer']",1
L016533,Sofia Anders,,,LATAM,,Email Campaign,"['IMS_Badge_Scan', 'Keysight_University_Course', 'Website_Product_Page', 'SQL', 'Opportunity', 'Loaner_Unit_Evaluation', 'SQL', 'Customer']",1
L016534,Sarah Martinez,Samsung Electronics GmbH,Electronics,APAC,Automotive Ethernet,Webinar,"['Keysight_University_Course', 'Whitepaper_Download_5G_Test', 'Oscilloscope_Selector_Tool', 'Technical_Demo', 'Technical_Demo', 'Customer']",1
L016535,,Samsung Electronics GmbH,Semiconductor,North America,,Website,"['Keysight_Workshop_RF_Testing', 'IMS_Badge_Scan', 'Opportunity', 'Whitepaper_Download_5G_Test', 'MQL', 'Technical_Demo', 'DesignCon_Booth_Visit', 'Application_Engineer_Call', 'IMS_Badge_Scan', 'MQL', 'Customer']",1
L016536,Sofia Johnson,NXP Semiconductors GmbH,Telecom,LATAM,Automotive Ethernet,Event,"['Loaner_Unit_Evaluation', 'PathWave_Trial_Request', 'Website_Product_Page', 'Keysight_University_Course', 'Whitepaper_Download_5G_Test', 'Whitepaper_Download_5G_Test', 'Loaner_Unit_Evaluation', 'DesignCon_Booth_Visit', 'Customer']",1
L016537,Sarah Tanaka,Broadcom GmbH,,,,Event,"['Website_Product_Page', 'LinkedIn_Ad_Click', 'Website_Product_Page', 'Keysight_University_Course', 'Whitepaper_Download_5G_Test', 'IMS_Badge_Scan', 'Customer']",1
L016538,Maria Tanaka,,Telecom,Europe,,LinkedIn,"['Application_Engineer_Call', 'Application_Engineer_Call', 'Application_Engineer_Call', 'Loaner_Unit_Evaluation', 'Opportunity', 'PathWave_Trial_Request', 'Keysight_Workshop_RF_Testing', 'AutoSens_Tech_Talk', 'Technical_Demo', 'Customer']",1
L016539,Ravi Chen,Raytheon GmbH,,APAC,,Webinar,"['Technical_Demo', 'Whitepaper_Download_5G_Test', 'Keysight_Workshop_RF_Testing', 'Customer']",1
L016540,Chen Martinez,Samsung Electronics GmbH,Aerospace,APAC,,Sales Outreach,"['Application_Engineer_Call', 'Customer']",1
L016541,Laura Martinez,,,APAC,,,['Customer'],1
L016542,Laura Chen,Meta Connectivity Labs GmbH,Aerospace,APAC,Oscilloscopes,Website,"['Website_Product_Page', 'DesignCon_Booth_Visit', 'PathWave_Trial_Request', 'DesignCon_Booth_Visit', 'Application_Engineer_Call', 'No_Conversion']",0
L016543,Daniel Singh,Qualcomm GmbH,,,,Email Campaign,"['Technical_Demo', 'Lab_Integration_Discussion', 'Opportunity', 'MQL', 'Customer']",1
L016544,Sofia Tanaka,,Semiconductor,APAC,5G Testbeds,Sales Outreach,"['SQL', 'DesignCon_Booth_Visit', 'Whitepaper_Download_5G_Test', 'Customer']",1
L016545,Daniel Tanaka,,,APAC,PathWave Software,Event,"['Keysight_Workshop_RF_Testing', 'Keysight_Workshop_RF_Testing', 'Lab_Integration_Discussion', 'Keysight_Workshop_RF_Testing', 'Opportunity', 'Opportunity', 'AutoSens_Tech_Talk', 'DesignCon_Booth_Visit', 'Lab_Integration_Discussion', 'Customer']",1
L016546,Ahmed Tanaka,,,Europe,5G Testbeds,LinkedIn,"['PathWave_Trial_Request', 'SQL', 'SQL', 'Loaner_Unit_Evaluation', 'SQL', 'No_Conversion']",0
L016547,Michael Johnson,Bosch,Electronics,North America,,Email Campaign,"['Whitepaper_Download_5G_Test', 'Oscilloscope_Selector_Tool', 'Loaner_Unit_Evaluation', 'No_Conversion']",0
L016548,Ahmed Williams,Bosch,Automotive,,PathWave Software,LinkedIn,['No_Conversion'],0
L016549,Maria Khan,,Automotive,LATAM,5G Testbeds,,"['LinkedIn_Ad_Click', 'No_Conversion']",0
L016550,Laura Martinez,Qualc_Tech,,APAC,,LinkedIn,"['MQL', 'Keysight_Workshop_RF_Testing', 'MQL', 'Technical_Demo', 'LinkedIn_Ad_Click', 'No_Conversion']",0
L016551,Laura Lee,Tesla_Tech,,,PathWave Software,,"['AutoSens_Tech_Talk', 'Application_Engineer_Call', 'Keysight_Workshop_RF_Testing', 'SQL', 'Technical_Demo', 'Whitepaper_Download_5G_Test', 'Customer']",1
L016552,Laura Patel,Meta Connectivity Labs GmbH,Electronics,North America,PathWave Software,LinkedIn,"['Application_Engineer_Call', 'DesignCon_Booth_Visit', 'Keysight_University_Course', 'Website_Product_Page', 'MQL', 'Loaner_Unit_Evaluation', 'Customer']",1
L016553,Priya Tanaka,NXP Semiconductors,,,Automotive Ethernet,,"['LinkedIn_Ad_Click', 'Application_Engineer_Call', 'LinkedIn_Ad_Click', 'Oscilloscope_Selector_Tool', 'IMS_Badge_Scan', 'SQL', 'No_Conversion']",0
L016554,Ahmed Lee,Qualc_Tech,,LATAM,Automotive Ethernet,Website,"['AutoSens_Tech_Talk', 'Keysight_University_Course', 'PathWave_Trial_Request', 'Customer']",1
L016555,Sarah Singh,,Automotive,North America,Oscilloscopes,Sales Outreach,"['Opportunity', 'MQL', 'Technical_Demo', 'Oscilloscope_Selector_Tool', 'Application_Engineer_Call', 'No_Conversion']",0
L016556,Priya Patel,Rayth_Tech,Telecom,,,LinkedIn,"['Lab_Integration_Discussion', 'Application_Engineer_Call', 'LinkedIn_Ad_Click', 'LinkedIn_Ad_Click', 'DesignCon_Booth_Visit', 'Keysight_Workshop_RF_Testing', 'Application_Engineer_Call', 'LinkedIn_Ad_Click', 'AutoSens_Tech_Talk', 'No_Conversion']",0
L016557,Maria Lee,,Automotive,North America,,Website,"['Loaner_Unit_Evaluation', 'MQL', 'Oscilloscope_Selector_Tool', 'PathWave_Trial_Request', 'No_Conversion']",0
L016558,Sofia Garcia,Tesla_Tech,,North America,,Event,"['Oscilloscope_Selector_Tool', 'Keysight_Workshop_RF_Testing', 'LinkedIn_Ad_Click', 'Opportunity', 'IMS_Badge_Scan', 'Technical_Demo', 'LinkedIn_Ad_Click', 'Keysight_University_Course', 'No_Conversion']",0
L016559,Kenji Williams,Infineon GmbH,Aerospace,Europe,Oscilloscopes,Event,"['Oscilloscope_Selector_Tool', 'SQL', 'AutoSens_Tech_Talk', 'IMS_Badge_Scan', 'Customer']",1
L016560,Sarah Chen,Qualc_Tech,Telecom,,5G Testbeds,Event,['No_Conversion'],0
L016561,,Qualc_Tech,,,,,"['Keysight_University_Course', 'Website_Product_Page', 'LinkedIn_Ad_Click', 'Loaner_Unit_Evaluation', 'No_Conversion']",0
L016562,,Sony GmbH,,Europe,,Website,"['LinkedIn_Ad_Click', 'Oscilloscope_Selector_Tool', 'Opportunity', 'Customer']",1
L016563,Chen Khan,Tesla_Tech,Semiconductor,,,Website,"['LinkedIn_Ad_Click', 'PathWave_Trial_Request', 'Oscilloscope_Selector_Tool', 'Oscilloscope_Selector_Tool', 'No_Conversion']",0
L016564,Kenji Anders,Meta Connectivity Labs,Semiconductor,,PathWave Software,Webinar,"['DesignCon_Booth_Visit', 'AutoSens_Tech_Talk', 'DesignCon_Booth_Visit', 'Opportunity', 'DesignCon_Booth_Visit', 'No_Conversion']",0
L016565,Daniel Johnson,MetaC_Tech,,Europe,,Sales Outreach,"['SQL', 'DesignCon_Booth_Visit', 'Keysight_Workshop_RF_Testing', 'Oscilloscope_Selector_Tool', 'Website_Product_Page', 'PathWave_Trial_Request', 'AutoSens_Tech_Talk', 'IMS_Badge_Scan', 'No_Conversion']",0
L016566,,Raytheon GmbH,Semiconductor,North America,,,"['LinkedIn_Ad_Click', 'Lab_Integration_Discussion', 'No_Conversion']",0
L016567,,Tesla_Tech,Aerospace,LATAM,PathWave Software,Email Campaign,"['LinkedIn_Ad_Click', 'LinkedIn_Ad_Click', 'LinkedIn_Ad_Click', 'Opportunity', 'No_Conversion']",0
L016568,,NXP Semiconductors,Telecom,,,Webinar,['No_Conversion'],0
L016569,Chen Williams,,,LATAM,,Sales Outreach,"['PathWave_Trial_Request', 'Website_Product_Page', 'PathWave_Trial_Request', 'AutoSens_Tech_Talk', 'Application_Engineer_Call', 'AutoSens_Tech_Talk', 'No_Conversion']",0
L016570,Maria Lee,Broadcom,,North America,,,"['AutoSens_Tech_Talk', 'No_Conversion']",0
L016571,Priya Anders,,,Europe,PathWave Software,,"['Lab_Integration_Discussion', 'Website_Product_Page', 'Keysight_Workshop_RF_Testing', 'No_Conversion']",0
L016572,Laura Johnson,,,LATAM,5G Testbeds,Website,"['Website_Product_Page', 'IMS_Badge_Scan', 'Keysight_University_Course', 'PathWave_Trial_Request', 'Loaner_Unit_Evaluation', 'Customer']",1
L016573,Hiroshi Martinez,Bosch GmbH,Aerospace,,,LinkedIn,"['Oscilloscope_Selector_Tool', 'SQL', 'MQL', 'Keysight_Workshop_RF_Testing', 'Keysight_University_Course', 'No_Conversion']",0
L016574,Ravi Lee,,,LATAM,Automotive Ethernet,Website,"['Technical_Demo', 'LinkedIn_Ad_Click', 'Keysight_Workshop_RF_Testing', 'MQL', 'Customer']",1
L016575,,Tesla Energy GmbH,,Europe,Automotive Ethernet,LinkedIn,"['Opportunity', 'Keysight_Workshop_RF_Testing', 'Opportunity', 'Keysight_Workshop_RF_Testing', 'No_Conversion']",0
L016576,Chen Williams,Qualc_Tech,Semiconductor,LATAM,,Website,"['Keysight_University_Course', 'No_Conversion']",0
L016577,Laura Williams,Samsung Electronics GmbH,Aerospace,LATAM,PathWave Software,,"['DesignCon_Booth_Visit', 'AutoSens_Tech_Talk', 'SQL', 'PathWave_Trial_Request', 'Application_Engineer_Call', 'No_Conversion']",0
L016578,Sofia Martinez,Raytheon,Telecom,Europe,Automotive Ethernet,LinkedIn,"['Loaner_Unit_Evaluation', 'Keysight_University_Course', 'Opportunity', 'No_Conversion']",0
L016579,Daniel Tanaka,Qualcomm GmbH,,APAC,PathWave Software,Sales Outreach,"['IMS_Badge_Scan', 'MQL', 'Opportunity', 'Opportunity', 'No_Conversion']",0
L016580,Michael Patel,Tesla Energy,Telecom,Europe,,Sales Outreach,"['Website_Product_Page', 'Technical_Demo', 'AutoSens_Tech_Talk', 'MQL', 'No_Conversion']",0
L016581,,Meta Connectivity Labs,,North America,PathWave Software,Email Campaign,"['Technical_Demo', 'Customer']",1
L016582,,Infineon GmbH,Automotive,LATAM,Automotive Ethernet,,"['Website_Product_Page', 'Lab_Integration_Discussion', 'Website_Product_Page', 'PathWave_Trial_Request', 'SQL', 'MQL', 'Technical_Demo', 'Application_Engineer_Call', 'Technical_Demo', 'SQL', 'Customer']",1
L016583,Sarah Johnson,Samsung Electronics GmbH,,North America,,Event,"['AutoSens_Tech_Talk', 'No_Conversion']",0
L016584,Michael Williams,Tesla Energy,Semiconductor,Europe,PathWave Software,LinkedIn,"['AutoSens_Tech_Talk', 'DesignCon_Booth_Visit', 'PathWave_Trial_Request', 'Website_Product_Page', 'No_Conversion']",0
L016585,Michael Khan,,Semiconductor,LATAM,Automotive Ethernet,,"['IMS_Badge_Scan', 'SQL', 'Loaner_Unit_Evaluation', 'No_Conversion']",0
L016586,Priya Khan,NXPSe_Tech,Semiconductor,LATAM,,Website,"['Technical_Demo', 'Keysight_University_Course', 'Whitepaper_Download_5G_Test', 'Keysight_Workshop_RF_Testing', 'No_Conversion']",0
L016587,,Bosch GmbH,Semiconductor,Europe,,Website,"['IMS_Badge_Scan', 'MQL', 'Customer']",1
L016588,Maria Khan,Samsu_Tech,Aerospace,Europe,5G Testbeds,Email Campaign,"['PathWave_Trial_Request', 'IMS_Badge_Scan', 'MQL', 'Whitepaper_Download_5G_Test', 'IMS_Badge_Scan', 'DesignCon_Booth_Visit', 'Customer']",1
L016589,Daniel Johnson,NXP Semiconductors,Telecom,APAC,,Event,"['Loaner_Unit_Evaluation', 'MQL', 'Website_Product_Page', 'Loaner_Unit_Evaluation', 'Oscilloscope_Selector_Tool', 'Customer']",1
L016590,Laura Patel,Samsung Electronics GmbH,,APAC,,LinkedIn,"['Whitepaper_Download_5G_Test', 'AutoSens_Tech_Talk', 'MQL', 'Whitepaper_Download_5G_Test', 'Oscilloscope_Selector_Tool', 'AutoSens_Tech_Talk', 'Website_Product_Page', 'Application_Engineer_Call', 'Customer']",1
L016591,Sofia Anders,Infin_Tech,,North America,Automotive Ethernet,Sales Outreach,"['MQL', 'Customer']",1
L016592,Sofia Patel,Sony,,Europe,Automotive Ethernet,Website,"['PathWave_Trial_Request', 'Customer']",1
L016593,Kenji Khan,Sony,,,PathWave Software,Email Campaign,"['Technical_Demo', 'Whitepaper_Download_5G_Test', 'DesignCon_Booth_Visit', 'Keysight_University_Course', 'Keysight_Workshop_RF_Testing', 'Keysight_University_Course', 'IMS_Badge_Scan', 'Website_Product_Page', 'IMS_Badge_Scan', 'MQL', 'Customer']",1
L016594,Michael Singh,NXPSe_Tech,,North America,,Website,"['SQL', 'Whitepaper_Download_5G_Test', 'MQL', 'No_Conversion']",0
L016595,Priya Martinez,Raytheon GmbH,Automotive,North America,,Sales Outreach,['No_Conversion'],0
L016596,Hiroshi Lee,,Automotive,APAC,PathWave Software,Event,"['Technical_Demo', 'PathWave_Trial_Request', 'Whitepaper_Download_5G_Test', 'No_Conversion']",0
L016597,Michael Anders,,Electronics,,Oscilloscopes,Email Campaign,"['Technical_Demo', 'SQL', 'DesignCon_Booth_Visit', 'MQL', 'MQL', 'Loaner_Unit_Evaluation', 'Opportunity', 'Whitepaper_Download_5G_Test', 'PathWave_Trial_Request', 'No_Conversion']",0
L016598,,Bosch,Automotive,North America,5G Testbeds,Sales Outreach,"['Loaner_Unit_Evaluation', 'MQL', 'Website_Product_Page', 'SQL', 'LinkedIn_Ad_Click', 'Application_Engineer_Call', 'Opportunity', 'Oscilloscope_Selector_Tool', 'Keysight_University_Course', 'PathWave_Trial_Request', 'No_Conversion']",0
L016599,Kenji Chen,Samsung Electronics GmbH,Electronics,Europe,PathWave Software,LinkedIn,"['Keysight_University_Course', 'PathWave_Trial_Request', 'Loaner_Unit_Evaluation', 'No_Conversion']",0
L016600,Laura Lee,NXPSe_Tech,Aerospace,Europe,5G Testbeds,,"['Whitepaper_Download_5G_Test', 'AutoSens_Tech_Talk', 'Customer']",1
L016601,,Rayth_Tech,Semiconductor,APAC,,Website,"['DesignCon_Booth_Visit', 'SQL', 'LinkedIn_Ad_Click', 'No_Conversion']",0
L016602,Michael Ito,,,,PathWave Software,,['Customer'],1
L016603,Laura Ito,Meta Connectivity Labs,Aerospace,APAC,,Webinar,"['DesignCon_Booth_Visit', 'Keysight_Workshop_RF_Testing', 'Lab_Integration_Discussion', 'IMS_Badge_Scan', 'IMS_Badge_Scan', 'MQL', 'Lab_Integration_Discussion', 'Whitepaper_Download_5G_Test', 'No_Conversion']",0
L016604,,Sony,Electronics,,PathWave Software,Email Campaign,"['Keysight_Workshop_RF_Testing', 'Website_Product_Page', 'LinkedIn_Ad_Click', 'Keysight_Workshop_RF_Testing', 'Lab_Integration_Discussion', 'Loaner_Unit_Evaluation', 'PathWave_Trial_Request', 'Customer']",1
L016605,Sarah Chen,Sony GmbH,Telecom,Europe,,LinkedIn,"['IMS_Badge_Scan', 'Oscilloscope_Selector_Tool', 'Application_Engineer_Call', 'MQL', 'Keysight_University_Course', 'Technical_Demo', 'Customer']",1
L016606,Chen Johnson,Infineon,Telecom,LATAM,Automotive Ethernet,Website,"['Opportunity', 'Keysight_University_Course', 'No_Conversion']",0
L016607,Hiroshi Johnson,Samsung Electronics,,North America,,Sales Outreach,"['Application_Engineer_Call', 'Loaner_Unit_Evaluation', 'SQL', 'Keysight_University_Course', 'Keysight_Workshop_RF_Testing', 'Lab_Integration_Discussion', 'Keysight_Workshop_RF_Testing', 'AutoSens_Tech_Talk', 'No_Conversion']",0
L016608,Michael Garcia,Qualcomm,,North America,,Event,"['Website_Product_Page', 'IMS_Badge_Scan', 'Customer']",1
L016609,Kenji Williams,Raytheon,,LATAM,5G Testbeds,Sales Outreach,"['Opportunity', 'Loaner_Unit_Evaluation', 'SQL', 'MQL', 'Whitepaper_Download_5G_Test', 'IMS_Badge_Scan', 'No_Conversion']",0
L016610,,Sony GmbH,Telecom,North America,5G Testbeds,Event,['No_Conversion'],0
L016611,Chen Garcia,Infineon,,North America,Automotive Ethernet,Email Campaign,"['Keysight_University_Course', 'MQL', 'Whitepaper_Download_5G_Test', 'LinkedIn_Ad_Click', 'Customer']",1
L016612,Priya Martinez,Infineon GmbH,Electronics,LATAM,,LinkedIn,"['Technical_Demo', 'Whitepaper_Download_5G_Test', 'SQL', 'Website_Product_Page', 'Customer']",1
L016613,Chen Patel,Broadcom GmbH,Electronics,APAC,5G Testbeds,Event,"['Opportunity', 'AutoSens_Tech_Talk', 'PathWave_Trial_Request', 'LinkedIn_Ad_Click', 'No_Conversion']",0
L016614,Kenji Patel,Qualc_Tech,,Europe,,Email Campaign,"['DesignCon_Booth_Visit', 'Oscilloscope_Selector_Tool', 'MQL', 'Whitepaper_Download_5G_Test', 'Website_Product_Page', 'Application_Engineer_Call', 'Customer']",1
L016615,Ravi Johnson,Meta Connectivity Labs GmbH,Electronics,North America,5G Testbeds,,['Customer'],1
L016616,,Sony GmbH,,APAC,5G Testbeds,Email Campaign,"['Whitepaper_Download_5G_Test', 'DesignCon_Booth_Visit', 'Keysight_University_Course', 'Website_Product_Page', 'Keysight_University_Course', 'No_Conversion']",0
L016617,Daniel Martinez,Meta Connectivity Labs GmbH,,North America,5G Testbeds,Webinar,"['DesignCon_Booth_Visit', 'Customer']",1
L016618,Michael Williams,Bosch GmbH,Telecom,Europe,PathWave Software,Webinar,['No_Conversion'],0
L016619,,Qualcomm GmbH,Telecom,,PathWave Software,Sales Outreach,"['Oscilloscope_Selector_Tool', 'No_Conversion']",0
L016620,Kenji Khan,Sony_Tech,,North America,5G Testbeds,Email Campaign,"['Application_Engineer_Call', 'IMS_Badge_Scan', 'Application_Engineer_Call', 'Keysight_University_Course', 'Application_Engineer_Call', 'No_Conversion']",0
L016621,,,,North America,,LinkedIn,"['MQL', 'Keysight_Workshop_RF_Testing', 'MQL', 'Customer']",1
L016622,,Qualc_Tech,Electronics,LATAM,PathWave Software,,"['Opportunity', 'No_Conversion']",0
L016623,Hiroshi Khan,Rayth_Tech,,,5G Testbeds,Event,"['Opportunity', 'Whitepaper_Download_5G_Test', 'DesignCon_Booth_Visit', 'No_Conversion']",0
L016624,Ahmed Williams,Raytheon,Electronics,Europe,5G Testbeds,LinkedIn,['Customer'],1
L016625,Michael Williams,Tesla Energy,Semiconductor,APAC,Automotive Ethernet,Website,"['Technical_Demo', 'DesignCon_Booth_Visit', 'Website_Product_Page', 'MQL', 'Keysight_Workshop_RF_Testing', 'Technical_Demo', 'Whitepaper_Download_5G_Test', 'LinkedIn_Ad_Click', 'Opportunity', 'Customer']",1
L016626,Ravi Khan,Samsung Electronics,,,5G Testbeds,LinkedIn,['Customer'],1
L016627,Hiroshi Williams,Meta Connectivity Labs GmbH,,North America,,LinkedIn,"['SQL', 'LinkedIn_Ad_Click', 'Customer']",1
L016628,Hiroshi Ito,Bosch GmbH,,,,Website,"['Opportunity', 'Customer']",1
L016629,,Tesla_Tech,,LATAM,Automotive Ethernet,Website,"['Loaner_Unit_Evaluation', 'Oscilloscope_Selector_Tool', 'Lab_Integration_Discussion', 'MQL', 'Application_Engineer_Call', 'Technical_Demo', 'Loaner_Unit_Evaluation', 'Keysight_Workshop_RF_Testing', 'Lab_Integration_Discussion', 'Customer']",1
L016630,Maria Johnson,Qualc_Tech,Telecom,APAC,PathWave Software,,"['Whitepaper_Download_5G_Test', 'Loaner_Unit_Evaluation', 'MQL', 'LinkedIn_Ad_Click', 'AutoSens_Tech_Talk', 'Website_Product_Page', 'Lab_Integration_Discussion', 'Customer']",1
L016631,Priya Garcia,,,North America,,Event,"['IMS_Badge_Scan', 'Customer']",1
L016632,,Sony_Tech,Semiconductor,,,LinkedIn,"['Loaner_Unit_Evaluation', 'Customer']",1
L016633,Kenji Johnson,Broadcom GmbH,,LATAM,Oscilloscopes,LinkedIn,"['Application_Engineer_Call', 'Technical_Demo', 'Keysight_Workshop_RF_Testing', 'Lab_Integration_Discussion', 'Keysight_University_Course', 'MQL', 'No_Conversion']",0
L016634,Hiroshi Martinez,Sony,,Europe,,,"['PathWave_Trial_Request', 'Application_Engineer_Call', 'Keysight_University_Course', 'AutoSens_Tech_Talk', 'AutoSens_Tech_Talk', 'Keysight_University_Course', 'Application_Engineer_Call', 'Loaner_Unit_Evaluation', 'Opportunity', 'Application_Engineer_Call', 'Customer']",1
L016635,Ahmed Anders,NXP Semiconductors GmbH,Automotive,Europe,,Event,"['Opportunity', 'DesignCon_Booth_Visit', 'LinkedIn_Ad_Click', 'Loaner_Unit_Evaluation', 'Keysight_University_Course', 'IMS_Badge_Scan', 'AutoSens_Tech_Talk', 'PathWave_Trial_Request', 'LinkedIn_Ad_Click', 'No_Conversion']",0
L016636,Laura Khan,,,LATAM,Oscilloscopes,,"['LinkedIn_Ad_Click', 'SQL', 'PathWave_Trial_Request', 'No_Conversion']",0
L016637,Daniel Lee,Tesla Energy,Electronics,,Automotive Ethernet,Event,"['Application_Engineer_Call', 'MQL', 'LinkedIn_Ad_Click', 'Whitepaper_Download_5G_Test', 'Website_Product_Page', 'AutoSens_Tech_Talk', 'Customer']",1
L016638,Laura Khan,Qualcomm,Automotive,,,,"['Application_Engineer_Call', 'Keysight_Workshop_RF_Testing', 'No_Conversion']",0
L016639,Ravi Anders,Sony GmbH,Automotive,LATAM,PathWave Software,LinkedIn,"['Keysight_Workshop_RF_Testing', 'Application_Engineer_Call', 'Lab_Integration_Discussion', 'Opportunity', 'Website_Product_Page', 'Keysight_University_Course', 'No_Conversion']",0
L016640,Kenji Williams,Infin_Tech,,APAC,,Website,"['Keysight_Workshop_RF_Testing', 'IMS_Badge_Scan', 'SQL', 'Customer']",1
L016641,Ahmed Khan,Samsu_Tech,,LATAM,Automotive Ethernet,Event,"['IMS_Badge_Scan', 'Keysight_Workshop_RF_Testing', 'Keysight_Workshop_RF_Testing', 'IMS_Badge_Scan', 'Application_Engineer_Call', 'Keysight_University_Course', 'No_Conversion']",0
L016642,Priya Ito,Infineon GmbH,Automotive,North America,Automotive Ethernet,Email Campaign,"['Whitepaper_Download_5G_Test', 'MQL', 'Customer']",1
L016643,Ahmed Patel,Bosch GmbH,,Europe,,LinkedIn,"['Oscilloscope_Selector_Tool', 'Customer']",1
L016644,Sofia Chen,Rayth_Tech,Automotive,LATAM,PathWave Software,Email Campaign,"['DesignCon_Booth_Visit', 'No_Conversion']",0
L016645,Maria Khan,MetaC_Tech,Automotive,North America,Automotive Ethernet,Email Campaign,"['Whitepaper_Download_5G_Test', 'Website_Product_Page', 'Website_Product_Page', 'Technical_Demo', 'AutoSens_Tech_Talk', 'Customer']",1
L016646,Sarah Singh,Rayth_Tech,Semiconductor,,Oscilloscopes,Event,"['PathWave_Trial_Request', 'Technical_Demo', 'Keysight_Workshop_RF_Testing', 'No_Conversion']",0
L016647,Ahmed Khan,Infineon,,,Automotive Ethernet,Event,"['PathWave_Trial_Request', 'LinkedIn_Ad_Click', 'MQL', 'SQL', 'Oscilloscope_Selector_Tool', 'AutoSens_Tech_Talk', 'MQL', 'Loaner_Unit_Evaluation', 'DesignCon_Booth_Visit', 'MQL', 'No_Conversion']",0
L016648,Laura Chen,Broadcom GmbH,,,Automotive Ethernet,Event,"['Website_Product_Page', 'Application_Engineer_Call', 'Opportunity', 'Keysight_Workshop_RF_Testing', 'PathWave_Trial_Request', 'Customer']",1
L016649,Ahmed Williams,Rayth_Tech,Aerospace,APAC,,Event,"['Whitepaper_Download_5G_Test', 'LinkedIn_Ad_Click', 'Loaner_Unit_Evaluation', 'Website_Product_Page', 'Customer']",1
L016650,Michael Ito,Rayth_Tech,Telecom,APAC,PathWave Software,Website,"['Keysight_University_Course', 'PathWave_Trial_Request', 'Opportunity', 'Oscilloscope_Selector_Tool', 'PathWave_Trial_Request', 'Whitepaper_Download_5G_Test', 'Keysight_University_Course', 'Keysight_University_Course', 'Customer']",1
L016651,Hiroshi Ito,,Semiconductor,,Automotive Ethernet,Sales Outreach,"['MQL', 'Application_Engineer_Call', 'Loaner_Unit_Evaluation', 'No_Conversion']",0
L016652,Daniel Williams,Infin_Tech,Aerospace,Europe,Oscilloscopes,Webinar,"['PathWave_Trial_Request', 'Application_Engineer_Call', 'MQL', 'No_Conversion']",0
L016653,Priya Lee,Broad_Tech,Electronics,North America,Automotive Ethernet,Event,"['AutoSens_Tech_Talk', 'MQL', 'Keysight_University_Course', 'AutoSens_Tech_Talk', 'No_Conversion']",0
L016654,Sarah Tanaka,Meta Connectivity Labs,,Europe,5G Testbeds,Webinar,"['Technical_Demo', 'Whitepaper_Download_5G_Test', 'Keysight_University_Course', 'SQL', 'Keysight_University_Course', 'Customer']",1
L016655,Chen Williams,Qualcomm,,APAC,Oscilloscopes,Website,['Customer'],1
L016656,Daniel Khan,Sony,,APAC,PathWave Software,Webinar,"['Technical_Demo', 'Opportunity', 'Lab_Integration_Discussion', 'PathWave_Trial_Request', 'Lab_Integration_Discussion', 'PathWave_Trial_Request', 'No_Conversion']",0
L016657,Daniel Singh,,Semiconductor,Europe,PathWave Software,Sales Outreach,"['Keysight_University_Course', 'Customer']",1
L016658,Hiroshi Garcia,,,LATAM,Oscilloscopes,Webinar,"['AutoSens_Tech_Talk', 'Keysight_University_Course', 'Customer']",1
L016659,Ahmed Martinez,Bosch GmbH,,LATAM,Automotive Ethernet,Webinar,['Customer'],1
L016660,Ravi Khan,,,,,Webinar,"['IMS_Badge_Scan', 'Whitepaper_Download_5G_Test', 'AutoSens_Tech_Talk', 'Customer']",1
L016661,Hiroshi Lee,,,,,Webinar,"['Opportunity', 'Technical_Demo', 'LinkedIn_Ad_Click', 'Customer']",1
L016662,Ravi Anders,,Aerospace,APAC,Oscilloscopes,Sales Outreach,"['Loaner_Unit_Evaluation', 'AutoSens_Tech_Talk', 'Oscilloscope_Selector_Tool', 'No_Conversion']",0
L016663,Priya Singh,Raytheon,,LATAM,,Event,"['MQL', 'Application_Engineer_Call', 'AutoSens_Tech_Talk', 'Customer']",1
L016664,Sarah Lee,,Automotive,North America,Automotive Ethernet,Event,"['SQL', 'Loaner_Unit_Evaluation', 'Customer']",1
L016665,Daniel Johnson,NXP Semiconductors,Telecom,APAC,Oscilloscopes,Website,"['AutoSens_Tech_Talk', 'Oscilloscope_Selector_Tool', 'Lab_Integration_Discussion', 'Website_Product_Page', 'No_Conversion']",0
L016666,Sarah Khan,,Aerospace,LATAM,,Event,['Customer'],1
L016667,Laura Khan,Tesla_Tech,,North America,PathWave Software,Website,['No_Conversion'],0
L016668,Hiroshi Patel,MetaC_Tech,Semiconductor,,Automotive Ethernet,Email Campaign,"['SQL', 'AutoSens_Tech_Talk', 'Whitepaper_Download_5G_Test', 'IMS_Badge_Scan', 'Whitepaper_Download_5G_Test', 'No_Conversion']",0
L016669,Daniel Tanaka,Samsu_Tech,,LATAM,PathWave Software,Webinar,['No_Conversion'],0
L016670,,,,Europe,Automotive Ethernet,Email Campaign,"['SQL', 'Oscilloscope_Selector_Tool', 'Customer']",1
L016671,Ravi Lee,Tesla_Tech,,North America,,Sales Outreach,"['IMS_Badge_Scan', 'Technical_Demo', 'Application_Engineer_Call', 'Keysight_University_Course', 'Keysight_Workshop_RF_Testing', 'Website_Product_Page', 'Website_Product_Page', 'Oscilloscope_Selector_Tool', 'LinkedIn_Ad_Click', 'Customer']",1
L016672,Maria Garcia,Samsung Electronics GmbH,,LATAM,,LinkedIn,"['Loaner_Unit_Evaluation', 'Application_Engineer_Call', 'Website_Product_Page', 'Opportunity', 'LinkedIn_Ad_Click', 'Whitepaper_Download_5G_Test', 'Website_Product_Page', 'Customer']",1
L016673,Chen Ito,Infin_Tech,Telecom,North America,5G Testbeds,,"['Technical_Demo', 'PathWave_Trial_Request', 'No_Conversion']",0
L016674,Sarah Anders,Meta Connectivity Labs GmbH,Telecom,,5G Testbeds,Sales Outreach,"['DesignCon_Booth_Visit', 'AutoSens_Tech_Talk', 'Oscilloscope_Selector_Tool', 'Application_Engineer_Call', 'Customer']",1
L016675,Ahmed Garcia,Infin_Tech,Telecom,LATAM,,Event,"['SQL', 'IMS_Badge_Scan', 'Keysight_Workshop_RF_Testing', 'PathWave_Trial_Request', 'Keysight_University_Course', 'SQL', 'Keysight_Workshop_RF_Testing', 'Application_Engineer_Call', 'Customer']",1
L016676,Daniel Singh,Infin_Tech,Automotive,North America,,,"['MQL', 'IMS_Badge_Scan', 'Opportunity', 'Customer']",1
L016677,Laura Tanaka,,Telecom,Europe,,Webinar,"['Keysight_University_Course', 'Lab_Integration_Discussion', 'No_Conversion']",0
L016678,Sofia Anders,Qualcomm GmbH,,LATAM,Oscilloscopes,Sales Outreach,"['Technical_Demo', 'Application_Engineer_Call', 'Application_Engineer_Call', 'No_Conversion']",0
L016679,Michael Patel,NXP Semiconductors,Automotive,LATAM,5G Testbeds,LinkedIn,"['SQL', 'Application_Engineer_Call', 'DesignCon_Booth_Visit', 'MQL', 'Customer']",1
L016680,Sofia Tanaka,Tesla_Tech,Telecom,,Oscilloscopes,Sales Outreach,"['Oscilloscope_Selector_Tool', 'AutoSens_Tech_Talk', 'MQL', 'Keysight_University_Course', 'Oscilloscope_Selector_Tool', 'IMS_Badge_Scan', 'Keysight_Workshop_RF_Testing', 'Lab_Integration_Discussion', 'MQL', 'AutoSens_Tech_Talk', 'Customer']",1
L016681,Hiroshi Garcia,Broadcom GmbH,Semiconductor,APAC,,Sales Outreach,['Customer'],1
L016682,Maria Anders,Raytheon,Automotive,,,Webinar,"['Application_Engineer_Call', 'AutoSens_Tech_Talk', 'IMS_Badge_Scan', 'Keysight_Workshop_RF_Testing', 'Customer']",1
L016683,Maria Anders,Samsung Electronics GmbH,Aerospace,North America,PathWave Software,Event,['No_Conversion'],0
L016684,Ravi Lee,Bosch GmbH,,,,,"['Whitepaper_Download_5G_Test', 'LinkedIn_Ad_Click', 'No_Conversion']",0
L016685,Hiroshi Chen,NXP Semiconductors GmbH,Aerospace,LATAM,Automotive Ethernet,Event,"['Application_Engineer_Call', 'Opportunity', 'Whitepaper_Download_5G_Test', 'No_Conversion']",0
L016686,Maria Johnson,Tesla Energy,Aerospace,LATAM,,Website,"['Opportunity', 'Oscilloscope_Selector_Tool', 'Whitepaper_Download_5G_Test', 'Whitepaper_Download_5G_Test', 'MQL', 'Keysight_Workshop_RF_Testing', 'IMS_Badge_Scan', 'SQL', 'No_Conversion']",0
L016687,Maria Tanaka,,,North America,,Sales Outreach,"['SQL', 'Whitepaper_Download_5G_Test', 'LinkedIn_Ad_Click', 'Whitepaper_Download_5G_Test', 'Oscilloscope_Selector_Tool', 'PathWave_Trial_Request', 'Whitepaper_Download_5G_Test', 'Opportunity', 'No_Conversion']",0
L016688,Michael Khan,Rayth_Tech,Semiconductor,Europe,PathWave Software,Website,"['SQL', 'LinkedIn_Ad_Click', 'Technical_Demo', 'MQL', 'Technical_Demo', 'Technical_Demo', 'No_Conversion']",0
L016689,Sofia Johnson,Samsu_Tech,Semiconductor,APAC,,,['No_Conversion'],0
L016690,Laura Khan,Sony GmbH,Semiconductor,Europe,Oscilloscopes,Webinar,"['Keysight_University_Course', 'Website_Product_Page', 'Whitepaper_Download_5G_Test', 'SQL', 'MQL', 'Keysight_Workshop_RF_Testing', 'IMS_Badge_Scan', 'Customer']",1
L016691,Daniel Patel,Qualcomm,,Europe,,LinkedIn,"['DesignCon_Booth_Visit', 'Keysight_Workshop_RF_Testing', 'IMS_Badge_Scan', 'LinkedIn_Ad_Click', 'No_Conversion']",0
L016692,Maria Martinez,Sony,Aerospace,LATAM,,LinkedIn,"['Oscilloscope_Selector_Tool', 'Lab_Integration_Discussion', 'DesignCon_Booth_Visit', 'No_Conversion']",0
L016693,Daniel Singh,NXP Semiconductors GmbH,,North America,Oscilloscopes,Sales Outreach,"['Application_Engineer_Call', 'PathWave_Trial_Request', 'DesignCon_Booth_Visit', 'Application_Engineer_Call', 'AutoSens_Tech_Talk', 'SQL', 'MQL', 'No_Conversion']",0
L016694,Priya Singh,,Aerospace,Europe,,LinkedIn,"['AutoSens_Tech_Talk', 'IMS_Badge_Scan', 'MQL', 'Customer']",1
L016695,Maria Lee,Broadcom,,APAC,PathWave Software,Event,"['LinkedIn_Ad_Click', 'Opportunity', 'Keysight_Workshop_RF_Testing', 'No_Conversion']",0
L016696,Priya Patel,Raytheon GmbH,Aerospace,North America,PathWave Software,Event,"['MQL', 'Loaner_Unit_Evaluation', 'AutoSens_Tech_Talk', 'PathWave_Trial_Request', 'Keysight_University_Course', 'Customer']",1
L016697,,Samsu_Tech,,,Automotive Ethernet,Webinar,"['PathWave_Trial_Request', 'Keysight_Workshop_RF_Testing', 'Website_Product_Page', 'Website_Product_Page', 'Opportunity', 'Application_Engineer_Call', 'LinkedIn_Ad_Click', 'Technical_Demo', 'No_Conversion']",0
L016698,Kenji Khan,MetaC_Tech,,Europe,,Email Campaign,"['IMS_Badge_Scan', 'AutoSens_Tech_Talk', 'Opportunity', 'Application_Engineer_Call', 'Customer']",1
L016699,Ahmed Tanaka,Meta Connectivity Labs GmbH,Telecom,North America,,LinkedIn,"['SQL', 'LinkedIn_Ad_Click', 'Oscilloscope_Selector_Tool', 'No_Conversion']",0
L016700,Ravi Martinez,Tesla Energy GmbH,,North America,,Webinar,"['Oscilloscope_Selector_Tool', 'Keysight_Workshop_RF_Testing', 'Customer']",1
L016701,Chen Chen,Bosch GmbH,Automotive,North America,PathWave Software,Webinar,"['Keysight_Workshop_RF_Testing', 'Customer']",1
L016702,,Raytheon GmbH,Aerospace,,5G Testbeds,Event,"['Oscilloscope_Selector_Tool', 'Application_Engineer_Call', 'Opportunity', 'PathWave_Trial_Request', 'Keysight_Workshop_RF_Testing', 'Website_Product_Page', 'Keysight_Workshop_RF_Testing', 'Keysight_Workshop_RF_Testing', 'Keysight_University_Course', 'Opportunity', 'Customer']",1
L016703,Maria Khan,Bosch,,Europe,5G Testbeds,Webinar,"['Application_Engineer_Call', 'Application_Engineer_Call', 'PathWave_Trial_Request', 'PathWave_Trial_Request', 'Application_Engineer_Call', 'Customer']",1
L016704,Ravi Martinez,Samsung Electronics GmbH,Telecom,LATAM,Oscilloscopes,,"['SQL', 'Keysight_University_Course', 'MQL', 'Customer']",1
L016705,Hiroshi Anders,Samsu_Tech,Telecom,Europe,Automotive Ethernet,LinkedIn,"['Whitepaper_Download_5G_Test', 'MQL', 'Oscilloscope_Selector_Tool', 'Lab_Integration_Discussion', 'Website_Product_Page', 'DesignCon_Booth_Visit', 'Customer']",1
L016706,Hiroshi Williams,Sony_Tech,,APAC,,LinkedIn,['No_Conversion'],0
L016707,Sofia Martinez,Bosch,,North America,Oscilloscopes,,"['Lab_Integration_Discussion', 'SQL', 'SQL', 'Opportunity', 'No_Conversion']",0
L016708,Ravi Martinez,Qualcomm,,,Oscilloscopes,Sales Outreach,"['DesignCon_Booth_Visit', 'Keysight_University_Course', 'Keysight_University_Course', 'No_Conversion']",0
L016709,Laura Williams,Sony,Electronics,,,Event,"['AutoSens_Tech_Talk', 'Loaner_Unit_Evaluation', 'No_Conversion']",0
L016710,Priya Tanaka,Broadcom,Automotive,Europe,Oscilloscopes,Webinar,"['Loaner_Unit_Evaluation', 'Oscilloscope_Selector_Tool', 'Technical_Demo', 'Keysight_University_Course', 'DesignCon_Booth_Visit', 'Keysight_University_Course', 'AutoSens_Tech_Talk', 'No_Conversion']",0
L016711,Laura Khan,Tesla_Tech,Semiconductor,LATAM,PathWave Software,Sales Outreach,"['PathWave_Trial_Request', 'PathWave_Trial_Request', 'No_Conversion']",0
L016712,Hiroshi Singh,Tesla Energy GmbH,Electronics,LATAM,Oscilloscopes,Webinar,"['Loaner_Unit_Evaluation', 'SQL', 'Technical_Demo', 'Application_Engineer_Call', 'Lab_Integration_Discussion', 'IMS_Badge_Scan', 'AutoSens_Tech_Talk', 'No_Conversion']",0
L016713,Kenji Patel,,,North America,Oscilloscopes,Webinar,"['Whitepaper_Download_5G_Test', 'Customer']",1
L016714,Sofia Garcia,,,,PathWave Software,,"['Loaner_Unit_Evaluation', 'Keysight_University_Course', 'Application_Engineer_Call', 'MQL', 'Whitepaper_Download_5G_Test', 'Technical_Demo', 'Customer']",1
L016715,Michael Ito,,,APAC,,Event,['No_Conversion'],0
L016716,Chen Martinez,Broad_Tech,Automotive,APAC,,Event,['No_Conversion'],0
L016717,Chen Anders,Meta Connectivity Labs GmbH,Automotive,North America,Oscilloscopes,Event,"['Website_Product_Page', 'Oscilloscope_Selector_Tool', 'Technical_Demo', 'Customer']",1
L016718,,Qualc_Tech,Aerospace,,,LinkedIn,"['PathWave_Trial_Request', 'Oscilloscope_Selector_Tool', 'Opportunity', 'LinkedIn_Ad_Click', 'Oscilloscope_Selector_Tool', 'Keysight_University_Course', 'AutoSens_Tech_Talk', 'Keysight_Workshop_RF_Testing', 'AutoSens_Tech_Talk', 'Website_Product_Page', 'No_Conversion']",0
L016719,Priya Tanaka,NXP Semiconductors,Electronics,APAC,Oscilloscopes,Event,"['Website_Product_Page', 'DesignCon_Booth_Visit', 'IMS_Badge_Scan', 'Website_Product_Page', 'PathWave_Trial_Request', 'Keysight_Workshop_RF_Testing', 'Customer']",1
L016720,Chen Chen,,Telecom,,,Event,"['Opportunity', 'MQL', 'PathWave_Trial_Request', 'IMS_Badge_Scan', 'PathWave_Trial_Request', 'Opportunity', 'LinkedIn_Ad_Click', 'Customer']",1
L016721,,Raytheon GmbH,,,PathWave Software,Email Campaign,['Customer'],1
L016722,Daniel Johnson,Tesla Energy GmbH,,North America,,Sales Outreach,"['SQL', 'AutoSens_Tech_Talk', 'Loaner_Unit_Evaluation', 'PathWave_Trial_Request', 'Keysight_University_Course', 'Keysight_University_Course', 'Keysight_Workshop_RF_Testing', 'DesignCon_Booth_Visit', 'Opportunity', 'Lab_Integration_Discussion', 'No_Conversion']",0
L016723,Priya Patel,Raytheon GmbH,,APAC,Automotive Ethernet,Email Campaign,"['Keysight_University_Course', 'SQL', 'Whitepaper_Download_5G_Test', 'AutoSens_Tech_Talk', 'LinkedIn_Ad_Click', 'No_Conversion']",0
L016724,,Sony,Automotive,Europe,5G Testbeds,Website,['No_Conversion'],0
L016725,Sarah Patel,Rayth_Tech,,Europe,,LinkedIn,['Customer'],1
L016726,Ravi Lee,Tesla Energy GmbH,Aerospace,LATAM,5G Testbeds,Webinar,"['Keysight_Workshop_RF_Testing', 'No_Conversion']",0
L016727,Daniel Tanaka,NXP Semiconductors,Aerospace,North America,,Email Campaign,"['Loaner_Unit_Evaluation', 'Keysight_University_Course', 'Opportunity', 'DesignCon_Booth_Visit', 'Keysight_University_Course', 'IMS_Badge_Scan', 'Website_Product_Page', 'LinkedIn_Ad_Click', 'Customer']",1
L016728,Priya Khan,,,Europe,Automotive Ethernet,LinkedIn,"['PathWave_Trial_Request', 'Technical_Demo', 'IMS_Badge_Scan', 'Customer']",1
L016729,Sarah Tanaka,Qualcomm,Electronics,,Automotive Ethernet,Email Campaign,"['Website_Product_Page', 'Customer']",1
L016730,,Tesla_Tech,Automotive,LATAM,5G Testbeds,Webinar,"['PathWave_Trial_Request', 'Customer']",1
L016731,Sofia Lee,NXP Semiconductors,Automotive,LATAM,,Event,"['Lab_Integration_Discussion', 'AutoSens_Tech_Talk', 'Application_Engineer_Call', 'Opportunity', 'LinkedIn_Ad_Click', 'MQL', 'Technical_Demo', 'Loaner_Unit_Evaluation', 'No_Conversion']",0
L016732,Chen Ito,,Automotive,LATAM,Automotive Ethernet,,"['Oscilloscope_Selector_Tool', 'IMS_Badge_Scan', 'DesignCon_Booth_Visit', 'LinkedIn_Ad_Click', 'Keysight_Workshop_RF_Testing', 'LinkedIn_Ad_Click', 'Website_Product_Page', 'Website_Product_Page', 'AutoSens_Tech_Talk', 'Customer']",1
L016733,Chen Williams,Broad_Tech,Aerospace,,Oscilloscopes,Email Campaign,"['Technical_Demo', 'No_Conversion']",0
L016734,Chen Chen,Meta Connectivity Labs GmbH,Automotive,APAC,Oscilloscopes,,"['Application_Engineer_Call', 'Whitepaper_Download_5G_Test', 'Customer']",1
L016735,Laura Anders,,,APAC,5G Testbeds,Website,"['PathWave_Trial_Request', 'Keysight_University_Course', 'Application_Engineer_Call', 'Keysight_Workshop_RF_Testing', 'PathWave_Trial_Request', 'Customer']",1
L016736,Maria Singh,Bosch_Tech,Aerospace,,5G Testbeds,,['No_Conversion'],0
L016737,Ahmed Chen,MetaC_Tech,Aerospace,North America,PathWave Software,LinkedIn,"['Keysight_University_Course', 'MQL', 'AutoSens_Tech_Talk', 'Loaner_Unit_Evaluation', 'SQL', 'Technical_Demo', 'Keysight_University_Course', 'MQL', 'Oscilloscope_Selector_Tool', 'Customer']",1
L016738,Daniel Lee,Qualcomm GmbH,Electronics,Europe,,Email Campaign,"['PathWave_Trial_Request', 'Customer']",1
L016739,,Tesla Energy GmbH,Aerospace,APAC,,LinkedIn,"['Keysight_Workshop_RF_Testing', 'Keysight_University_Course', 'Keysight_Workshop_RF_Testing', 'No_Conversion']",0
L016740,Laura Lee,Tesla Energy GmbH,,,Oscilloscopes,Website,['Customer'],1
L016741,Laura Patel,Samsung Electronics,Aerospace,APAC,Oscilloscopes,Event,['No_Conversion'],0
L016742,Chen Ito,Bosch,,,,LinkedIn,"['SQL', 'Loaner_Unit_Evaluation', 'Loaner_Unit_Evaluation', 'Technical_Demo', 'MQL', 'Customer']",1
L016743,Sofia Tanaka,Samsu_Tech,Telecom,,Oscilloscopes,Website,"['Keysight_University_Course', 'Whitepaper_Download_5G_Test', 'Loaner_Unit_Evaluation', 'SQL', 'Opportunity', 'Whitepaper_Download_5G_Test', 'Customer']",1
L016744,Sarah Khan,Bosch GmbH,Aerospace,,,Sales Outreach,"['Technical_Demo', 'Customer']",1
L016745,Maria Martinez,Tesla Energy,Telecom,Europe,Oscilloscopes,Sales Outreach,"['Oscilloscope_Selector_Tool', 'Loaner_Unit_Evaluation', 'Technical_Demo', 'Keysight_Workshop_RF_Testing', 'Lab_Integration_Discussion', 'DesignCon_Booth_Visit', 'Keysight_Workshop_RF_Testing', 'LinkedIn_Ad_Click', 'Opportunity', 'No_Conversion']",0
L016746,Chen Martinez,Infineon,Semiconductor,,,LinkedIn,"['Keysight_Workshop_RF_Testing', 'Lab_Integration_Discussion', 'SQL', 'Website_Product_Page', 'AutoSens_Tech_Talk', 'No_Conversion']",0
L016747,Ahmed Singh,Raytheon GmbH,,LATAM,,,"['Keysight_Workshop_RF_Testing', 'PathWave_Trial_Request', 'Website_Product_Page', 'No_Conversion']",0
L016748,Hiroshi Patel,,Automotive,,Oscilloscopes,,"['MQL', 'DesignCon_Booth_Visit', 'Oscilloscope_Selector_Tool', 'Keysight_University_Course', 'Application_Engineer_Call', 'Lab_Integration_Discussion', 'No_Conversion']",0
L016749,Sofia Chen,Qualcomm GmbH,,Europe,Oscilloscopes,Website,"['PathWave_Trial_Request', 'PathWave_Trial_Request', 'MQL', 'SQL', 'IMS_Badge_Scan', 'Customer']",1
L016750,Michael Khan,Infineon,Aerospace,APAC,5G Testbeds,LinkedIn,"['SQL', 'Website_Product_Page', 'Oscilloscope_Selector_Tool', 'SQL', 'Opportunity', 'AutoSens_Tech_Talk', 'No_Conversion']",0
L016751,Sofia Williams,Meta Connectivity Labs,Automotive,APAC,,LinkedIn,"['Lab_Integration_Discussion', 'PathWave_Trial_Request', 'Opportunity', 'MQL', 'No_Conversion']",0
L016752,Daniel Chen,Broadcom,Semiconductor,LATAM,,Email Campaign,"['Website_Product_Page', 'Customer']",1
L016753,Sarah Anders,Infineon,,,,LinkedIn,"['AutoSens_Tech_Talk', 'Technical_Demo', 'Keysight_University_Course', 'Opportunity', 'Opportunity', 'Whitepaper_Download_5G_Test', 'IMS_Badge_Scan', 'Technical_Demo', 'IMS_Badge_Scan', 'Website_Product_Page', 'Customer']",1
L016754,Michael Singh,Sony,Semiconductor,,PathWave Software,Sales Outreach,"['AutoSens_Tech_Talk', 'Loaner_Unit_Evaluation', 'Application_Engineer_Call', 'No_Conversion']",0
L016755,Laura Tanaka,,,LATAM,,Event,"['IMS_Badge_Scan', 'Oscilloscope_Selector_Tool', 'SQL', 'Lab_Integration_Discussion', 'Customer']",1
L016756,Sofia Khan,NXP Semiconductors,Automotive,LATAM,,Event,"['LinkedIn_Ad_Click', 'Application_Engineer_Call', 'No_Conversion']",0
L016757,Chen Anders,Bosch,Telecom,LATAM,,Webinar,"['LinkedIn_Ad_Click', 'Loaner_Unit_Evaluation', 'No_Conversion']",0
L016758,Maria Williams,,Electronics,Europe,5G Testbeds,Webinar,"['Technical_Demo', 'PathWave_Trial_Request', 'Technical_Demo', 'AutoSens_Tech_Talk', 'MQL', 'Website_Product_Page', 'PathWave_Trial_Request', 'SQL', 'AutoSens_Tech_Talk', 'MQL', 'No_Conversion']",0
L016759,Kenji Lee,,Automotive,,,Email Campaign,"['Keysight_Workshop_RF_Testing', 'PathWave_Trial_Request', 'Opportunity', 'Website_Product_Page', 'Lab_Integration_Discussion', 'Loaner_Unit_Evaluation', 'Application_Engineer_Call', 'No_Conversion']",0
L016760,Chen Johnson,,Semiconductor,APAC,,Webinar,"['AutoSens_Tech_Talk', 'Keysight_University_Course', 'Technical_Demo', 'IMS_Badge_Scan', 'Technical_Demo', 'Customer']",1
L016761,Michael Chen,Samsung Electronics GmbH,Electronics,North America,,LinkedIn,"['Technical_Demo', 'PathWave_Trial_Request', 'Technical_Demo', 'AutoSens_Tech_Talk', 'Lab_Integration_Discussion', 'Keysight_Workshop_RF_Testing', 'Keysight_University_Course', 'Whitepaper_Download_5G_Test', 'No_Conversion']",0
L016762,Hiroshi Lee,MetaC_Tech,Electronics,North America,,Sales Outreach,"['MQL', 'DesignCon_Booth_Visit', 'No_Conversion']",0
L016763,Ravi Johnson,Bosch,Semiconductor,North America,Automotive Ethernet,Event,['No_Conversion'],0
L016764,Maria Garcia,Tesla Energy,,,5G Testbeds,,"['PathWave_Trial_Request', 'Website_Product_Page', 'DesignCon_Booth_Visit', 'PathWave_Trial_Request', 'LinkedIn_Ad_Click', 'No_Conversion']",0
L016765,,Samsung Electronics,Automotive,North America,5G Testbeds,Event,"['PathWave_Trial_Request', 'Oscilloscope_Selector_Tool', 'No_Conversion']",0
L016766,Priya Ito,NXP Semiconductors,Electronics,APAC,PathWave Software,Email Campaign,"['Technical_Demo', 'DesignCon_Booth_Visit', 'LinkedIn_Ad_Click', 'Opportunity', 'No_Conversion']",0
L016767,Laura Patel,,Telecom,LATAM,,Email Campaign,"['Oscilloscope_Selector_Tool', 'Technical_Demo', 'Loaner_Unit_Evaluation', 'Keysight_University_Course', 'No_Conversion']",0
L016768,Daniel Williams,Samsung Electronics GmbH,Electronics,North America,Oscilloscopes,,"['Opportunity', 'LinkedIn_Ad_Click', 'Customer']",1
L016769,Hiroshi Patel,,,APAC,,,"['Application_Engineer_Call', 'Opportunity', 'DesignCon_Booth_Visit', 'Opportunity', 'Customer']",1
L016770,Sofia Martinez,Tesla Energy,,LATAM,,Email Campaign,"['Opportunity', 'LinkedIn_Ad_Click', 'MQL', 'IMS_Badge_Scan', 'Opportunity', 'Website_Product_Page', 'Keysight_Workshop_RF_Testing', 'Application_Engineer_Call', 'IMS_Badge_Scan', 'DesignCon_Booth_Visit', 'No_Conversion']",0
L016771,Hiroshi Singh,,Telecom,APAC,5G Testbeds,Email Campaign,"['Technical_Demo', 'Website_Product_Page', 'IMS_Badge_Scan', 'Keysight_University_Course', 'PathWave_Trial_Request', 'No_Conversion']",0
L016772,Ravi Martinez,Infineon GmbH,,Europe,Automotive Ethernet,Sales Outreach,"['IMS_Badge_Scan', 'SQL', 'Application_Engineer_Call', 'No_Conversion']",0
L016773,Laura Chen,NXPSe_Tech,Aerospace,North America,,Email Campaign,"['Website_Product_Page', 'AutoSens_Tech_Talk', 'DesignCon_Booth_Visit', 'Website_Product_Page', 'Lab_Integration_Discussion', 'IMS_Badge_Scan', 'Website_Product_Page', 'LinkedIn_Ad_Click', 'No_Conversion']",0
L016774,Kenji Chen,Tesla Energy,,,,Sales Outreach,"['Technical_Demo', 'Keysight_University_Course', 'AutoSens_Tech_Talk', 'Whitepaper_Download_5G_Test', 'Website_Product_Page', 'Customer']",1
L016775,Michael Khan,Bosch GmbH,,North America,Oscilloscopes,Webinar,"['LinkedIn_Ad_Click', 'Opportunity', 'Whitepaper_Download_5G_Test', 'Application_Engineer_Call', 'Customer']",1
L016776,Ahmed Ito,,,North America,Oscilloscopes,Sales Outreach,"['Application_Engineer_Call', 'Oscilloscope_Selector_Tool', 'Keysight_University_Course', 'Technical_Demo', 'Keysight_Workshop_RF_Testing', 'Loaner_Unit_Evaluation', 'Opportunity', 'AutoSens_Tech_Talk', 'Lab_Integration_Discussion', 'MQL', 'No_Conversion']",0
L016777,Maria Patel,NXP Semiconductors GmbH,Aerospace,Europe,Oscilloscopes,LinkedIn,"['Website_Product_Page', 'Opportunity', 'Website_Product_Page', 'Opportunity', 'Customer']",1
L016778,Maria Singh,Infin_Tech,Aerospace,Europe,Oscilloscopes,Event,"['Keysight_University_Course', 'Website_Product_Page', 'Application_Engineer_Call', 'Customer']",1
L016779,Priya Singh,Broadcom GmbH,Aerospace,Europe,5G Testbeds,LinkedIn,"['MQL', 'PathWave_Trial_Request', 'Oscilloscope_Selector_Tool', 'Application_Engineer_Call', 'AutoSens_Tech_Talk', 'Keysight_Workshop_RF_Testing', 'SQL', 'Oscilloscope_Selector_Tool', 'AutoSens_Tech_Talk', 'AutoSens_Tech_Talk', 'No_Conversion']",0
L016780,Daniel Tanaka,,,LATAM,,Email Campaign,"['LinkedIn_Ad_Click', 'Oscilloscope_Selector_Tool', 'Keysight_University_Course', 'Loaner_Unit_Evaluation', 'Keysight_University_Course', 'No_Conversion']",0
L016781,Ravi Chen,Bosch GmbH,,,,Event,['No_Conversion'],0
L016782,Laura Ito,Qualcomm GmbH,,,5G Testbeds,Sales Outreach,"['Technical_Demo', 'Website_Product_Page', 'No_Conversion']",0
L016783,Ravi Chen,Sony_Tech,Aerospace,APAC,Oscilloscopes,Event,"['Whitepaper_Download_5G_Test', 'Website_Product_Page', 'Keysight_Workshop_RF_Testing', 'Technical_Demo', 'SQL', 'Customer']",1
L016784,Daniel Ito,Infineon GmbH,Telecom,Europe,PathWave Software,Website,"['IMS_Badge_Scan', 'Keysight_University_Course', 'Keysight_Workshop_RF_Testing', 'Lab_Integration_Discussion', 'LinkedIn_Ad_Click', 'Whitepaper_Download_5G_Test', 'Customer']",1
L016785,Sofia Johnson,Meta Connectivity Labs GmbH,,,,Event,"['LinkedIn_Ad_Click', 'Keysight_Workshop_RF_Testing', 'IMS_Badge_Scan', 'Whitepaper_Download_5G_Test', 'No_Conversion']",0
L016786,Kenji Lee,,,APAC,PathWave Software,LinkedIn,['No_Conversion'],0
L016787,Laura Johnson,Bosch_Tech,Electronics,North America,Automotive Ethernet,Webinar,"['Opportunity', 'Keysight_Workshop_RF_Testing', 'MQL', 'Keysight_Workshop_RF_Testing', 'Lab_Integration_Discussion', 'Technical_Demo', 'Oscilloscope_Selector_Tool', 'Application_Engineer_Call', 'Customer']",1
L016788,,Samsung Electronics,Automotive,APAC,Automotive Ethernet,Webinar,"['Loaner_Unit_Evaluation', 'Website_Product_Page', 'AutoSens_Tech_Talk', 'IMS_Badge_Scan', 'SQL', 'Lab_Integration_Discussion', 'Customer']",1
L016789,Ahmed Khan,Samsung Electronics,Aerospace,Europe,5G Testbeds,LinkedIn,"['Keysight_Workshop_RF_Testing', 'No_Conversion']",0
L016790,Sarah Ito,Sony GmbH,Automotive,North America,,Email Campaign,"['Keysight_University_Course', 'LinkedIn_Ad_Click', 'Technical_Demo', 'Keysight_University_Course', 'Website_Product_Page', 'Opportunity', 'Customer']",1
L016791,Michael Garcia,Qualcomm GmbH,Automotive,,Oscilloscopes,Website,"['Lab_Integration_Discussion', 'PathWave_Trial_Request', 'No_Conversion']",0
L016792,Daniel Johnson,Qualcomm,,,Automotive Ethernet,Email Campaign,"['IMS_Badge_Scan', 'Lab_Integration_Discussion', 'Keysight_University_Course', 'LinkedIn_Ad_Click', 'Opportunity', 'DesignCon_Booth_Visit', 'IMS_Badge_Scan', 'Keysight_Workshop_RF_Testing', 'AutoSens_Tech_Talk', 'Customer']",1
L016793,Laura Anders,Broadcom,Telecom,,PathWave Software,Email Campaign,"['IMS_Badge_Scan', 'PathWave_Trial_Request', 'AutoSens_Tech_Talk', 'Oscilloscope_Selector_Tool', 'Oscilloscope_Selector_Tool', 'DesignCon_Booth_Visit', 'Website_Product_Page', 'No_Conversion']",0
L016794,Daniel Martinez,,,LATAM,5G Testbeds,LinkedIn,"['Whitepaper_Download_5G_Test', 'LinkedIn_Ad_Click', 'Oscilloscope_Selector_Tool', 'Application_Engineer_Call', 'Whitepaper_Download_5G_Test', 'SQL', 'Application_Engineer_Call', 'Keysight_Workshop_RF_Testing', 'Customer']",1
L016795,Sofia Khan,Raytheon GmbH,Aerospace,APAC,PathWave Software,Sales Outreach,"['Whitepaper_Download_5G_Test', 'Keysight_Workshop_RF_Testing', 'Opportunity', 'Opportunity', 'DesignCon_Booth_Visit', 'Technical_Demo', 'IMS_Badge_Scan', 'Technical_Demo', 'No_Conversion']",0
L016796,Sofia Ito,MetaC_Tech,,Europe,,Email Campaign,"['Opportunity', 'LinkedIn_Ad_Click', 'Lab_Integration_Discussion', 'Lab_Integration_Discussion', 'Loaner_Unit_Evaluation', 'AutoSens_Tech_Talk', 'LinkedIn_Ad_Click', 'Customer']",1
L016797,Daniel Khan,,Automotive,,,,"['Application_Engineer_Call', 'Keysight_Workshop_RF_Testing', 'Loaner_Unit_Evaluation', 'Keysight_Workshop_RF_Testing', 'Application_Engineer_Call', 'Website_Product_Page', 'Technical_Demo', 'SQL', 'No_Conversion']",0
L016798,Hiroshi Chen,Samsu_Tech,,LATAM,Oscilloscopes,,"['PathWave_Trial_Request', 'Application_Engineer_Call', 'MQL', 'IMS_Badge_Scan', 'DesignCon_Booth_Visit', 'Customer']",1
L016799,Hiroshi Lee,Samsu_Tech,Aerospace,APAC,PathWave Software,Webinar,['Customer'],1
L016800,,Tesla Energy,Electronics,LATAM,Automotive Ethernet,Event,"['AutoSens_Tech_Talk', 'DesignCon_Booth_Visit', 'Website_Product_Page', 'DesignCon_Booth_Visit', 'Website_Product_Page', 'Keysight_Workshop_RF_Testing', 'Lab_Integration_Discussion', 'DesignCon_Booth_Visit', 'Customer']",1
L016801,Chen Williams,Broadcom,,Europe,,LinkedIn,"['Whitepaper_Download_5G_Test', 'Keysight_Workshop_RF_Testing', 'LinkedIn_Ad_Click', 'LinkedIn_Ad_Click', 'Customer']",1
L016802,Sofia Singh,,Automotive,Europe,,LinkedIn,"['Keysight_Workshop_RF_Testing', 'Technical_Demo', 'Whitepaper_Download_5G_Test', 'Loaner_Unit_Evaluation', 'PathWave_Trial_Request', 'Application_Engineer_Call', 'IMS_Badge_Scan', 'Customer']",1
L016803,Hiroshi Williams,Samsung Electronics GmbH,,Europe,,Email Campaign,"['MQL', 'No_Conversion']",0
L016804,Ravi Singh,,,North America,5G Testbeds,Email Campaign,"['IMS_Badge_Scan', 'Lab_Integration_Discussion', 'MQL', 'Loaner_Unit_Evaluation', 'MQL', 'No_Conversion']",0
L016805,,Infineon GmbH,Aerospace,APAC,,Webinar,"['Keysight_Workshop_RF_Testing', 'PathWave_Trial_Request', 'PathWave_Trial_Request', 'Keysight_University_Course', 'PathWave_Trial_Request', 'PathWave_Trial_Request', 'Website_Product_Page', 'No_Conversion']",0
L016806,Priya Ito,Raytheon GmbH,,APAC,Oscilloscopes,LinkedIn,"['IMS_Badge_Scan', 'MQL', 'Keysight_Workshop_RF_Testing', 'Oscilloscope_Selector_Tool', 'Customer']",1
L016807,Kenji Tanaka,,Semiconductor,LATAM,PathWave Software,Email Campaign,"['SQL', 'LinkedIn_Ad_Click', 'AutoSens_Tech_Talk', 'SQL', 'LinkedIn_Ad_Click', 'Oscilloscope_Selector_Tool', 'Keysight_Workshop_RF_Testing', 'LinkedIn_Ad_Click', 'Customer']",1
L016808,Priya Khan,,,APAC,,LinkedIn,"['Keysight_Workshop_RF_Testing', 'Lab_Integration_Discussion', 'MQL', 'No_Conversion']",0
L016809,Daniel Khan,Raytheon,Aerospace,LATAM,5G Testbeds,Event,['Customer'],1
L016810,Hiroshi Khan,Broadcom,Telecom,,Automotive Ethernet,Webinar,['No_Conversion'],0
L016811,Sarah Martinez,Tesla Energy,,APAC,Oscilloscopes,Website,"['Lab_Integration_Discussion', 'Opportunity', 'AutoSens_Tech_Talk', 'AutoSens_Tech_Talk', 'AutoSens_Tech_Talk', 'Customer']",1
L016812,Priya Williams,Sony_Tech,Electronics,LATAM,,Website,"['LinkedIn_Ad_Click', 'Customer']",1
L016813,Ahmed Garcia,Samsung Electronics,,Europe,PathWave Software,Sales Outreach,"['Keysight_Workshop_RF_Testing', 'Application_Engineer_Call', 'Keysight_Workshop_RF_Testing', 'Lab_Integration_Discussion', 'Opportunity', 'DesignCon_Booth_Visit', 'LinkedIn_Ad_Click', 'Website_Product_Page', 'Customer']",1
L016814,Maria Lee,Infineon GmbH,,North America,,Website,"['Application_Engineer_Call', 'AutoSens_Tech_Talk', 'Oscilloscope_Selector_Tool', 'LinkedIn_Ad_Click', 'PathWave_Trial_Request', 'PathWave_Trial_Request', 'Application_Engineer_Call', 'No_Conversion']",0
L016815,Daniel Johnson,Infineon,Automotive,,,LinkedIn,"['DesignCon_Booth_Visit', 'PathWave_Trial_Request', 'Application_Engineer_Call', 'MQL', 'Application_Engineer_Call', 'Keysight_University_Course', 'Customer']",1
L016816,Ahmed Lee,MetaC_Tech,Aerospace,LATAM,,LinkedIn,"['MQL', 'Keysight_Workshop_RF_Testing', 'Customer']",1
L016817,Priya Tanaka,MetaC_Tech,Semiconductor,North America,,Sales Outreach,"['Keysight_University_Course', 'Loaner_Unit_Evaluation', 'Application_Engineer_Call', 'AutoSens_Tech_Talk', 'LinkedIn_Ad_Click', 'Keysight_University_Course', 'Customer']",1
L016818,Laura Patel,,Aerospace,North America,PathWave Software,LinkedIn,"['Website_Product_Page', 'Website_Product_Page', 'Opportunity', 'Whitepaper_Download_5G_Test', 'Oscilloscope_Selector_Tool', 'MQL', 'Lab_Integration_Discussion', 'DesignCon_Booth_Visit', 'Customer']",1
L016819,Kenji Garcia,Meta Connectivity Labs,Aerospace,Europe,5G Testbeds,LinkedIn,"['Whitepaper_Download_5G_Test', 'SQL', 'Opportunity', 'MQL', 'PathWave_Trial_Request', 'PathWave_Trial_Request', 'No_Conversion']",0
L016820,Sofia Anders,Sony,,Europe,Oscilloscopes,Sales Outreach,"['PathWave_Trial_Request', 'Lab_Integration_Discussion', 'SQL', 'Customer']",1
L016821,,Meta Connectivity Labs GmbH,,,PathWave Software,LinkedIn,"['Oscilloscope_Selector_Tool', 'Opportunity', 'Oscilloscope_Selector_Tool', 'IMS_Badge_Scan', 'Whitepaper_Download_5G_Test', 'No_Conversion']",0
L016822,Laura Chen,,Telecom,Europe,Oscilloscopes,Event,"['Oscilloscope_Selector_Tool', 'No_Conversion']",0
L016823,Chen Chen,,,APAC,,Webinar,['Customer'],1
L016824,Sofia Tanaka,Qualc_Tech,,Europe,Automotive Ethernet,LinkedIn,"['LinkedIn_Ad_Click', 'Loaner_Unit_Evaluation', 'Technical_Demo', 'DesignCon_Booth_Visit', 'IMS_Badge_Scan', 'DesignCon_Booth_Visit', 'No_Conversion']",0
L016825,Ahmed Williams,Qualc_Tech,Automotive,North America,,Webinar,"['AutoSens_Tech_Talk', 'Application_Engineer_Call', 'Application_Engineer_Call', 'Keysight_Workshop_RF_Testing', 'MQL', 'Customer']",1
L016826,Hiroshi Khan,,Aerospace,Europe,,,"['Website_Product_Page', 'Keysight_University_Course', 'Lab_Integration_Discussion', 'DesignCon_Booth_Visit', 'AutoSens_Tech_Talk', 'Loaner_Unit_Evaluation', 'PathWave_Trial_Request', 'No_Conversion']",0
L016827,Kenji Garcia,,Automotive,North America,,Website,"['Loaner_Unit_Evaluation', 'Customer']",1
L016828,Sofia Tanaka,,,Europe,5G Testbeds,Sales Outreach,"['LinkedIn_Ad_Click', 'IMS_Badge_Scan', 'Opportunity', 'DesignCon_Booth_Visit', 'Customer']",1
L016829,Laura Patel,Qualcomm GmbH,,,,Website,"['Whitepaper_Download_5G_Test', 'SQL', 'Oscilloscope_Selector_Tool', 'No_Conversion']",0
L016830,Ahmed Tanaka,Bosch GmbH,,Europe,5G Testbeds,LinkedIn,"['AutoSens_Tech_Talk', 'Whitepaper_Download_5G_Test', 'Loaner_Unit_Evaluation', 'AutoSens_Tech_Talk', 'AutoSens_Tech_Talk', 'Whitepaper_Download_5G_Test', 'Keysight_University_Course', 'Keysight_University_Course', 'Website_Product_Page', 'Lab_Integration_Discussion', 'Customer']",1
L016831,,Rayth_Tech,Telecom,North America,Oscilloscopes,LinkedIn,['No_Conversion'],0
L016832,Kenji Khan,,,LATAM,Oscilloscopes,LinkedIn,"['Whitepaper_Download_5G_Test', 'Whitepaper_Download_5G_Test', 'Oscilloscope_Selector_Tool', 'Application_Engineer_Call', 'No_Conversion']",0
L016833,Sarah Martinez,Bosch_Tech,,,,Sales Outreach,"['LinkedIn_Ad_Click', 'Customer']",1
L016834,Ahmed Anders,Broadcom,Automotive,LATAM,5G Testbeds,Event,"['Technical_Demo', 'SQL', 'Keysight_University_Course', 'Oscilloscope_Selector_Tool', 'PathWave_Trial_Request', 'No_Conversion']",0
L016835,Ahmed Tanaka,Broad_Tech,Aerospace,North America,,Event,"['Whitepaper_Download_5G_Test', 'Loaner_Unit_Evaluation', 'Keysight_Workshop_RF_Testing', 'Website_Product_Page', 'Application_Engineer_Call', 'Opportunity', 'IMS_Badge_Scan', 'Customer']",1
L016836,Sofia Garcia,Samsung Electronics GmbH,Electronics,Europe,Automotive Ethernet,,"['Lab_Integration_Discussion', 'AutoSens_Tech_Talk', 'Opportunity', 'MQL', 'AutoSens_Tech_Talk', 'PathWave_Trial_Request', 'Loaner_Unit_Evaluation', 'MQL', 'Oscilloscope_Selector_Tool', 'Website_Product_Page', 'Customer']",1
L016837,Daniel Garcia,Sony GmbH,,LATAM,,Email Campaign,['Customer'],1
L016838,Daniel Johnson,Samsung Electronics,,LATAM,,LinkedIn,"['Technical_Demo', 'Website_Product_Page', 'Application_Engineer_Call', 'IMS_Badge_Scan', 'DesignCon_Booth_Visit', 'AutoSens_Tech_Talk', 'No_Conversion']",0
L016839,Ahmed Anders,NXP Semiconductors GmbH,,APAC,,Webinar,"['MQL', 'DesignCon_Booth_Visit', 'Oscilloscope_Selector_Tool', 'Loaner_Unit_Evaluation', 'Customer']",1
L016840,Daniel Patel,Bosch,Semiconductor,Europe,5G Testbeds,LinkedIn,"['MQL', 'Application_Engineer_Call', 'Application_Engineer_Call', 'Customer']",1
L016841,Sarah Patel,Tesla_Tech,Semiconductor,APAC,,Sales Outreach,"['Website_Product_Page', 'Lab_Integration_Discussion', 'Whitepaper_Download_5G_Test', 'Customer']",1
L016842,Ravi Martinez,Tesla Energy,Electronics,North America,,Email Campaign,['No_Conversion'],0
L016843,Hiroshi Johnson,Bosch GmbH,Telecom,North America,PathWave Software,Sales Outreach,"['Lab_Integration_Discussion', 'Customer']",1
L016844,Sarah Patel,,Semiconductor,Europe,,Event,"['IMS_Badge_Scan', 'Oscilloscope_Selector_Tool', 'Whitepaper_Download_5G_Test', 'Technical_Demo', 'No_Conversion']",0
L016845,Daniel Anders,Samsu_Tech,,LATAM,PathWave Software,,"['IMS_Badge_Scan', 'Website_Product_Page', 'SQL', 'Website_Product_Page', 'Keysight_University_Course', 'Website_Product_Page', 'SQL', 'LinkedIn_Ad_Click', 'PathWave_Trial_Request', 'Customer']",1
L016846,Sofia Chen,Broadcom,Aerospace,Europe,,,"['MQL', 'AutoSens_Tech_Talk', 'No_Conversion']",0
L016847,Ravi Khan,Meta Connectivity Labs,,North America,Automotive Ethernet,Email Campaign,"['AutoSens_Tech_Talk', 'AutoSens_Tech_Talk', 'Keysight_Workshop_RF_Testing', 'Customer']",1
L016848,Sofia Patel,NXP Semiconductors,,Europe,Oscilloscopes,LinkedIn,"['Loaner_Unit_Evaluation', 'Website_Product_Page', 'No_Conversion']",0
L016849,Hiroshi Anders,Bosch,,Europe,PathWave Software,,"['Whitepaper_Download_5G_Test', 'Customer']",1
L016850,Daniel Chen,Raytheon GmbH,Telecom,,5G Testbeds,Event,"['Technical_Demo', 'Application_Engineer_Call', 'Whitepaper_Download_5G_Test', 'LinkedIn_Ad_Click', 'MQL', 'Oscilloscope_Selector_Tool', 'Whitepaper_Download_5G_Test', 'IMS_Badge_Scan', 'MQL', 'Technical_Demo', 'No_Conversion']",0
L016851,Kenji Khan,Bosch_Tech,Semiconductor,North America,,Sales Outreach,"['AutoSens_Tech_Talk', 'No_Conversion']",0
L016852,,NXPSe_Tech,,LATAM,Automotive Ethernet,Website,"['Keysight_Workshop_RF_Testing', 'Technical_Demo', 'Opportunity', 'Keysight_University_Course', 'No_Conversion']",0
L016853,Laura Chen,Meta Connectivity Labs,Electronics,Europe,,Email Campaign,"['PathWave_Trial_Request', 'Oscilloscope_Selector_Tool', 'Keysight_Workshop_RF_Testing', 'IMS_Badge_Scan', 'SQL', 'Customer']",1
L016854,Ravi Tanaka,,,LATAM,,Website,"['Website_Product_Page', 'Keysight_University_Course', 'Opportunity', 'Opportunity', 'Website_Product_Page', 'No_Conversion']",0
L016855,Priya Martinez,Sony,Automotive,Europe,5G Testbeds,Website,"['SQL', 'Application_Engineer_Call', 'Customer']",1
L016856,Michael Chen,,Electronics,North America,5G Testbeds,Email Campaign,['No_Conversion'],0
L016857,Sofia Ito,Samsu_Tech,Electronics,,,Website,"['DesignCon_Booth_Visit', 'PathWave_Trial_Request', 'No_Conversion']",0
L016858,Hiroshi Garcia,Broadcom GmbH,Electronics,,Automotive Ethernet,Website,"['SQL', 'Keysight_University_Course', 'IMS_Badge_Scan', 'LinkedIn_Ad_Click', 'LinkedIn_Ad_Click', 'Opportunity', 'Lab_Integration_Discussion', 'Application_Engineer_Call', 'Loaner_Unit_Evaluation', 'No_Conversion']",0
L016859,,Raytheon,,Europe,Oscilloscopes,Website,"['Technical_Demo', 'LinkedIn_Ad_Click', 'Opportunity', 'No_Conversion']",0
L016860,Ahmed Williams,Infin_Tech,,North America,,LinkedIn,"['Website_Product_Page', 'Lab_Integration_Discussion', 'MQL', 'IMS_Badge_Scan', 'No_Conversion']",0
L016861,Sarah Lee,NXP Semiconductors,,LATAM,,LinkedIn,"['LinkedIn_Ad_Click', 'PathWave_Trial_Request', 'Keysight_University_Course', 'No_Conversion']",0
L016862,Michael Ito,Meta Connectivity Labs,Automotive,APAC,PathWave Software,Sales Outreach,"['MQL', 'IMS_Badge_Scan', 'Loaner_Unit_Evaluation', 'Loaner_Unit_Evaluation', 'DesignCon_Booth_Visit', 'No_Conversion']",0
L016863,Sofia Lee,Bosch GmbH,Automotive,,PathWave Software,Email Campaign,"['IMS_Badge_Scan', 'Loaner_Unit_Evaluation', 'AutoSens_Tech_Talk', 'Keysight_Workshop_RF_Testing', 'Customer']",1
L016864,Daniel Lee,Sony,,APAC,Oscilloscopes,,"['MQL', 'DesignCon_Booth_Visit', 'Oscilloscope_Selector_Tool', 'No_Conversion']",0
L016865,Laura Anders,Sony GmbH,Electronics,,PathWave Software,Website,"['Lab_Integration_Discussion', 'No_Conversion']",0
L016866,Priya Anders,,,Europe,Oscilloscopes,Website,"['LinkedIn_Ad_Click', 'Loaner_Unit_Evaluation', 'Loaner_Unit_Evaluation', 'DesignCon_Booth_Visit', 'Customer']",1
L016867,Sarah Khan,,Semiconductor,North America,,Webinar,"['Website_Product_Page', 'Whitepaper_Download_5G_Test', 'Oscilloscope_Selector_Tool', 'PathWave_Trial_Request', 'MQL', 'Website_Product_Page', 'Oscilloscope_Selector_Tool', 'MQL', 'Loaner_Unit_Evaluation', 'Customer']",1
L016868,Hiroshi Patel,Bosch GmbH,,,,Sales Outreach,['Customer'],1
L016869,Laura Ito,Tesla Energy GmbH,Electronics,,,,"['Whitepaper_Download_5G_Test', 'DesignCon_Booth_Visit', 'Keysight_University_Course', 'IMS_Badge_Scan', 'Technical_Demo', 'Oscilloscope_Selector_Tool', 'Lab_Integration_Discussion', 'Customer']",1
L016870,Daniel Anders,Rayth_Tech,Telecom,,5G Testbeds,Sales Outreach,['No_Conversion'],0
L016871,Priya Garcia,Sony,Telecom,APAC,5G Testbeds,Event,"['Oscilloscope_Selector_Tool', 'Keysight_University_Course', 'Customer']",1
L016872,Priya Khan,Meta Connectivity Labs,Semiconductor,Europe,,Website,"['Technical_Demo', 'Opportunity', 'DesignCon_Booth_Visit', 'Customer']",1
L016873,Kenji Garcia,Sony,Aerospace,Europe,,Sales Outreach,"['Website_Product_Page', 'Technical_Demo', 'Loaner_Unit_Evaluation', 'Lab_Integration_Discussion', 'Opportunity', 'Customer']",1
L016874,Sarah Lee,Samsu_Tech,Semiconductor,LATAM,PathWave Software,Webinar,"['Loaner_Unit_Evaluation', 'Lab_Integration_Discussion', 'AutoSens_Tech_Talk', 'No_Conversion']",0
L016875,Chen Anders,Broad_Tech,Semiconductor,Europe,,,['Customer'],1
L016876,Sofia Singh,Infineon GmbH,,Europe,PathWave Software,Email Campaign,"['Website_Product_Page', 'Website_Product_Page', 'PathWave_Trial_Request', 'Whitepaper_Download_5G_Test', 'Loaner_Unit_Evaluation', 'Keysight_University_Course', 'Keysight_Workshop_RF_Testing', 'IMS_Badge_Scan', 'Keysight_University_Course', 'No_Conversion']",0
L016877,Sarah Singh,Raytheon,,,,LinkedIn,"['AutoSens_Tech_Talk', 'SQL', 'Loaner_Unit_Evaluation', 'SQL', 'Customer']",1
L016878,Daniel Martinez,Sony_Tech,Telecom,Europe,PathWave Software,Webinar,"['Keysight_Workshop_RF_Testing', 'LinkedIn_Ad_Click', 'Keysight_Workshop_RF_Testing', 'Application_Engineer_Call', 'No_Conversion']",0
L016879,Sofia Singh,Broadcom,,North America,5G Testbeds,Email Campaign,"['Lab_Integration_Discussion', 'No_Conversion']",0
L016880,Ravi Williams,Bosch,,North America,Automotive Ethernet,Sales Outreach,"['Keysight_Workshop_RF_Testing', 'Whitepaper_Download_5G_Test', 'Keysight_Workshop_RF_Testing', 'Keysight_Workshop_RF_Testing', 'Loaner_Unit_Evaluation', 'Loaner_Unit_Evaluation', 'DesignCon_Booth_Visit', 'No_Conversion']",0
L016881,Ahmed Garcia,Samsung Electronics GmbH,Telecom,,,LinkedIn,"['LinkedIn_Ad_Click', 'Keysight_University_Course', 'No_Conversion']",0
L016882,Kenji Martinez,Tesla Energy,Telecom,LATAM,PathWave Software,,['No_Conversion'],0
L016883,Chen Ito,Qualc_Tech,Semiconductor,,,,"['DesignCon_Booth_Visit', 'Application_Engineer_Call', 'Technical_Demo', 'MQL', 'Loaner_Unit_Evaluation', 'Customer']",1
L016884,Sarah Anders,Sony_Tech,Aerospace,APAC,Oscilloscopes,,"['Website_Product_Page', 'Application_Engineer_Call', 'Technical_Demo', 'Application_Engineer_Call', 'Oscilloscope_Selector_Tool', 'IMS_Badge_Scan', 'No_Conversion']",0
L016885,Daniel Singh,,Semiconductor,Europe,Automotive Ethernet,Email Campaign,"['PathWave_Trial_Request', 'MQL', 'Keysight_University_Course', 'Keysight_University_Course', 'DesignCon_Booth_Visit', 'IMS_Badge_Scan', 'DesignCon_Booth_Visit', 'Whitepaper_Download_5G_Test', 'Customer']",1
L016886,Daniel Tanaka,Tesla_Tech,,APAC,Oscilloscopes,Website,"['LinkedIn_Ad_Click', 'DesignCon_Booth_Visit', 'No_Conversion']",0
L016887,,Qualcomm,Telecom,APAC,,Webinar,"['Keysight_University_Course', 'Oscilloscope_Selector_Tool', 'Whitepaper_Download_5G_Test', 'SQL', 'Keysight_University_Course', 'IMS_Badge_Scan', 'Opportunity', 'Lab_Integration_Discussion', 'No_Conversion']",0
L016888,Priya Tanaka,Broad_Tech,Electronics,,5G Testbeds,,"['DesignCon_Booth_Visit', 'IMS_Badge_Scan', 'Opportunity', 'AutoSens_Tech_Talk', 'Customer']",1
L016889,Daniel Patel,Infin_Tech,Telecom,Europe,PathWave Software,Sales Outreach,"['Technical_Demo', 'Oscilloscope_Selector_Tool', 'Whitepaper_Download_5G_Test', 'IMS_Badge_Scan', 'No_Conversion']",0
L016890,Chen Williams,Qualc_Tech,Telecom,Europe,PathWave Software,LinkedIn,"['IMS_Badge_Scan', 'Opportunity', 'AutoSens_Tech_Talk', 'Application_Engineer_Call', 'Loaner_Unit_Evaluation', 'Technical_Demo', 'IMS_Badge_Scan', 'No_Conversion']",0
L016891,Daniel Khan,Infineon,Telecom,APAC,PathWave Software,,"['Technical_Demo', 'Loaner_Unit_Evaluation', 'No_Conversion']",0
L016892,Kenji Lee,NXP Semiconductors,,APAC,,Webinar,"['DesignCon_Booth_Visit', 'DesignCon_Booth_Visit', 'Oscilloscope_Selector_Tool', 'Website_Product_Page', 'Keysight_University_Course', 'LinkedIn_Ad_Click', 'Customer']",1
L016893,Kenji Martinez,Samsung Electronics GmbH,Telecom,,5G Testbeds,Webinar,"['SQL', 'Lab_Integration_Discussion', 'Technical_Demo', 'AutoSens_Tech_Talk', 'SQL', 'No_Conversion']",0
L016894,Sofia Johnson,Sony GmbH,,,5G Testbeds,,"['DesignCon_Booth_Visit', 'Loaner_Unit_Evaluation', 'Website_Product_Page', 'No_Conversion']",0
L016895,Maria Williams,Raytheon,,Europe,,LinkedIn,"['Keysight_University_Course', 'Opportunity', 'Keysight_Workshop_RF_Testing', 'Opportunity', 'Loaner_Unit_Evaluation', 'IMS_Badge_Scan', 'Customer']",1
L016896,Kenji Ito,Qualcomm,,LATAM,Automotive Ethernet,Webinar,"['IMS_Badge_Scan', 'Opportunity', 'SQL', 'LinkedIn_Ad_Click', 'Opportunity', 'MQL', 'Technical_Demo', 'SQL', 'Website_Product_Page', 'Opportunity', 'Customer']",1
L016897,Ahmed Tanaka,Raytheon GmbH,Automotive,Europe,Automotive Ethernet,Sales Outreach,"['Opportunity', 'LinkedIn_Ad_Click', 'Application_Engineer_Call', 'DesignCon_Booth_Visit', 'Whitepaper_Download_5G_Test', 'AutoSens_Tech_Talk', 'LinkedIn_Ad_Click', 'IMS_Badge_Scan', 'Application_Engineer_Call', 'Customer']",1
L016898,,Sony GmbH,,Europe,Automotive Ethernet,Sales Outreach,"['Website_Product_Page', 'Customer']",1
L016899,Maria Johnson,,,APAC,,LinkedIn,"['LinkedIn_Ad_Click', 'Customer']",1
L016900,Chen Johnson,,Electronics,APAC,,Sales Outreach,"['Oscilloscope_Selector_Tool', 'Technical_Demo', 'Technical_Demo', 'Keysight_University_Course', 'Loaner_Unit_Evaluation', 'Application_Engineer_Call', 'Opportunity', 'Whitepaper_Download_5G_Test', 'No_Conversion']",0
L016901,Michael Ito,NXP Semiconductors GmbH,,LATAM,,,"['Opportunity', 'Lab_Integration_Discussion', 'PathWave_Trial_Request', 'Opportunity', 'Customer']",1
L016902,Maria Khan,NXP Semiconductors,Automotive,APAC,,Email Campaign,"['Keysight_University_Course', 'Customer']",1
L016903,Sofia Khan,Tesla Energy GmbH,Telecom,APAC,,Email Campaign,"['Keysight_Workshop_RF_Testing', 'SQL', 'Technical_Demo', 'Customer']",1
L016904,Daniel Patel,Sony,Electronics,,,Website,"['Keysight_Workshop_RF_Testing', 'Website_Product_Page', 'No_Conversion']",0
L016905,Sarah Martinez,Meta Connectivity Labs GmbH,Semiconductor,North America,,Webinar,"['MQL', 'LinkedIn_Ad_Click', 'Whitepaper_Download_5G_Test', 'Loaner_Unit_Evaluation', 'IMS_Badge_Scan', 'No_Conversion']",0
L016906,Priya Ito,Meta Connectivity Labs,,LATAM,5G Testbeds,LinkedIn,"['AutoSens_Tech_Talk', 'Opportunity', 'No_Conversion']",0
L016907,Ravi Singh,Rayth_Tech,Telecom,APAC,5G Testbeds,LinkedIn,"['Loaner_Unit_Evaluation', 'Keysight_University_Course', 'PathWave_Trial_Request', 'MQL', 'Loaner_Unit_Evaluation', 'Customer']",1
L016908,Priya Martinez,,Telecom,Europe,Automotive Ethernet,LinkedIn,"['Website_Product_Page', 'Application_Engineer_Call', 'Technical_Demo', 'No_Conversion']",0
L016909,Sofia Ito,Rayth_Tech,Telecom,APAC,,,"['Website_Product_Page', 'Technical_Demo', 'Loaner_Unit_Evaluation', 'Customer']",1
L016910,Kenji Singh,,Aerospace,Europe,Oscilloscopes,Webinar,"['IMS_Badge_Scan', 'IMS_Badge_Scan', 'LinkedIn_Ad_Click', 'PathWave_Trial_Request', 'Application_Engineer_Call', 'Loaner_Unit_Evaluation', 'Customer']",1
L016911,Sarah Williams,Sony_Tech,,,PathWave Software,Event,"['Loaner_Unit_Evaluation', 'SQL', 'Website_Product_Page', 'Website_Product_Page', 'Loaner_Unit_Evaluation', 'Website_Product_Page', 'SQL', 'Keysight_Workshop_RF_Testing', 'No_Conversion']",0
L016912,Kenji Johnson,Sony GmbH,,North America,5G Testbeds,Website,"['MQL', 'PathWave_Trial_Request', 'Keysight_Workshop_RF_Testing', 'No_Conversion']",0
L016913,Maria Williams,Tesla Energy,Automotive,LATAM,PathWave Software,Sales Outreach,"['Technical_Demo', 'Keysight_University_Course', 'DesignCon_Booth_Visit', 'DesignCon_Booth_Visit', 'Technical_Demo', 'Customer']",1
L016914,Maria Garcia,Rayth_Tech,Automotive,North America,Oscilloscopes,Sales Outreach,"['IMS_Badge_Scan', 'No_Conversion']",0
L016915,Priya Lee,Rayth_Tech,Electronics,LATAM,Oscilloscopes,LinkedIn,"['IMS_Badge_Scan', 'Whitepaper_Download_5G_Test', 'Opportunity', 'No_Conversion']",0
L016916,Chen Martinez,,Telecom,LATAM,,,"['Lab_Integration_Discussion', 'LinkedIn_Ad_Click', 'SQL', 'No_Conversion']",0
L016917,Michael Williams,Qualcomm,Aerospace,,Automotive Ethernet,Sales Outreach,['No_Conversion'],0
L016918,Ravi Ito,NXP Semiconductors GmbH,Electronics,North America,,,"['AutoSens_Tech_Talk', 'AutoSens_Tech_Talk', 'AutoSens_Tech_Talk', 'Customer']",1
L016919,Sarah Ito,Samsung Electronics,,,Automotive Ethernet,Email Campaign,"['AutoSens_Tech_Talk', 'Keysight_Workshop_RF_Testing', 'Loaner_Unit_Evaluation', 'Customer']",1
L016920,Sarah Lee,Qualcomm,Semiconductor,Europe,Oscilloscopes,Email Campaign,"['LinkedIn_Ad_Click', 'SQL', 'DesignCon_Booth_Visit', 'Technical_Demo', 'Whitepaper_Download_5G_Test', 'LinkedIn_Ad_Click', 'Lab_Integration_Discussion', 'LinkedIn_Ad_Click', 'Customer']",1
L016921,Maria Khan,Meta Connectivity Labs,Automotive,,Oscilloscopes,,"['Application_Engineer_Call', 'Loaner_Unit_Evaluation', 'Lab_Integration_Discussion', 'LinkedIn_Ad_Click', 'Technical_Demo', 'Lab_Integration_Discussion', 'Oscilloscope_Selector_Tool', 'MQL', 'Customer']",1
L016922,Maria Ito,,Telecom,Europe,Automotive Ethernet,Website,"['Loaner_Unit_Evaluation', 'Keysight_Workshop_RF_Testing', 'Technical_Demo', 'No_Conversion']",0
L016923,Kenji Tanaka,,Semiconductor,Europe,,Email Campaign,"['PathWave_Trial_Request', 'Website_Product_Page', 'Website_Product_Page', 'Whitepaper_Download_5G_Test', 'Loaner_Unit_Evaluation', 'No_Conversion']",0
L016924,Laura Ito,Bosch GmbH,Semiconductor,LATAM,Oscilloscopes,Email Campaign,"['DesignCon_Booth_Visit', 'Opportunity', 'No_Conversion']",0
L016925,Priya Lee,Qualcomm GmbH,Automotive,North America,PathWave Software,Sales Outreach,"['Whitepaper_Download_5G_Test', 'LinkedIn_Ad_Click', 'Opportunity', 'Customer']",1
L016926,Ravi Garcia,Samsung Electronics GmbH,Aerospace,,Automotive Ethernet,Webinar,"['MQL', 'MQL', 'Application_Engineer_Call', 'Oscilloscope_Selector_Tool', 'Whitepaper_Download_5G_Test', 'Application_Engineer_Call', 'Customer']",1
L016927,Chen Tanaka,MetaC_Tech,Telecom,,Automotive Ethernet,Event,"['Keysight_University_Course', 'Technical_Demo', 'Application_Engineer_Call', 'Website_Product_Page', 'Keysight_Workshop_RF_Testing', 'No_Conversion']",0
L016928,Hiroshi Garcia,Raytheon GmbH,Telecom,APAC,Automotive Ethernet,Website,"['Oscilloscope_Selector_Tool', 'SQL', 'IMS_Badge_Scan', 'No_Conversion']",0
L016929,Ravi Lee,Raytheon GmbH,Semiconductor,North America,5G Testbeds,Email Campaign,"['PathWave_Trial_Request', 'Technical_Demo', 'Oscilloscope_Selector_Tool', 'Whitepaper_Download_5G_Test', 'LinkedIn_Ad_Click', 'SQL', 'AutoSens_Tech_Talk', 'Customer']",1
L016930,Ravi Chen,,Electronics,,,,"['Application_Engineer_Call', 'AutoSens_Tech_Talk', 'SQL', 'Whitepaper_Download_5G_Test', 'Technical_Demo', 'Lab_Integration_Discussion', 'IMS_Badge_Scan', 'No_Conversion']",0
L016931,Hiroshi Singh,Samsung Electronics GmbH,Semiconductor,LATAM,5G Testbeds,Website,['No_Conversion'],0
L016932,Kenji Lee,,,Europe,,Sales Outreach,"['Application_Engineer_Call', 'Lab_Integration_Discussion', 'MQL', 'Keysight_University_Course', 'Website_Product_Page', 'Application_Engineer_Call', 'Lab_Integration_Discussion', 'LinkedIn_Ad_Click', 'IMS_Badge_Scan', 'Customer']",1
L016933,Maria Martinez,Raytheon GmbH,Semiconductor,North America,,Website,"['LinkedIn_Ad_Click', 'SQL', 'Opportunity', 'No_Conversion']",0
L016934,Daniel Chen,,,,5G Testbeds,Email Campaign,"['Application_Engineer_Call', 'Technical_Demo', 'Keysight_University_Course', 'LinkedIn_Ad_Click', 'Customer']",1
L016935,,NXP Semiconductors GmbH,Semiconductor,LATAM,,Webinar,"['Technical_Demo', 'Keysight_Workshop_RF_Testing', 'Oscilloscope_Selector_Tool', 'Lab_Integration_Discussion', 'AutoSens_Tech_Talk', 'Technical_Demo', 'Opportunity', 'Customer']",1
L016936,,,Aerospace,,5G Testbeds,Sales Outreach,"['SQL', 'No_Conversion']",0
L016937,Daniel Johnson,Samsung Electronics,Automotive,Europe,Oscilloscopes,Email Campaign,"['Opportunity', 'Whitepaper_Download_5G_Test', 'Technical_Demo', 'No_Conversion']",0
L016938,Sarah Tanaka,Raytheon GmbH,,APAC,5G Testbeds,Website,"['Lab_Integration_Discussion', 'LinkedIn_Ad_Click', 'Customer']",1
L016939,Hiroshi Chen,NXPSe_Tech,Semiconductor,North America,,Event,"['Website_Product_Page', 'Oscilloscope_Selector_Tool', 'AutoSens_Tech_Talk', 'Whitepaper_Download_5G_Test', 'Whitepaper_Download_5G_Test', 'Customer']",1
L016940,,Broadcom GmbH,Electronics,Europe,Automotive Ethernet,Webinar,"['Opportunity', 'IMS_Badge_Scan', 'DesignCon_Booth_Visit', 'Whitepaper_Download_5G_Test', 'Lab_Integration_Discussion', 'Website_Product_Page', 'No_Conversion']",0
L016941,Ahmed Williams,Infineon GmbH,Electronics,Europe,5G Testbeds,Event,"['Website_Product_Page', 'PathWave_Trial_Request', 'IMS_Badge_Scan', 'Loaner_Unit_Evaluation', 'No_Conversion']",0
L016942,Sarah Khan,Broadcom,Electronics,LATAM,Oscilloscopes,Email Campaign,"['LinkedIn_Ad_Click', 'Keysight_University_Course', 'Opportunity', 'No_Conversion']",0
L016943,Priya Khan,Bosch_Tech,Telecom,LATAM,PathWave Software,Sales Outreach,"['LinkedIn_Ad_Click', 'PathWave_Trial_Request', 'PathWave_Trial_Request', 'Application_Engineer_Call', 'DesignCon_Booth_Visit', 'SQL', 'AutoSens_Tech_Talk', 'MQL', 'PathWave_Trial_Request', 'Oscilloscope_Selector_Tool', 'Customer']",1
L016944,Hiroshi Lee,Raytheon,,,,Webinar,"['Whitepaper_Download_5G_Test', 'DesignCon_Booth_Visit', 'DesignCon_Booth_Visit', 'DesignCon_Booth_Visit', 'Keysight_University_Course', 'No_Conversion']",0
L016945,Daniel Ito,Qualc_Tech,,North America,PathWave Software,Email Campaign,['No_Conversion'],0
L016946,Priya Anders,NXP Semiconductors,Telecom,Europe,Oscilloscopes,Event,"['PathWave_Trial_Request', 'Opportunity', 'Opportunity', 'Customer']",1
L016947,Laura Patel,,Aerospace,Europe,Oscilloscopes,Email Campaign,"['PathWave_Trial_Request', 'Customer']",1
L016948,Priya Khan,,,North America,Oscilloscopes,Event,"['LinkedIn_Ad_Click', 'Technical_Demo', 'Keysight_Workshop_RF_Testing', 'Opportunity', 'No_Conversion']",0
L016949,Kenji Anders,Tesla_Tech,Telecom,APAC,Oscilloscopes,Email Campaign,"['LinkedIn_Ad_Click', 'Technical_Demo', 'MQL', 'SQL', 'AutoSens_Tech_Talk', 'DesignCon_Booth_Visit', 'SQL', 'Application_Engineer_Call', 'No_Conversion']",0
L016950,Laura Tanaka,NXPSe_Tech,Aerospace,Europe,,Webinar,"['Technical_Demo', 'DesignCon_Booth_Visit', 'AutoSens_Tech_Talk', 'Keysight_University_Course', 'IMS_Badge_Scan', 'DesignCon_Booth_Visit', 'Oscilloscope_Selector_Tool', 'Opportunity', 'No_Conversion']",0
L016951,Kenji Martinez,Bosch_Tech,Semiconductor,LATAM,PathWave Software,,"['PathWave_Trial_Request', 'Opportunity', 'Lab_Integration_Discussion', 'Loaner_Unit_Evaluation', 'Lab_Integration_Discussion', 'No_Conversion']",0
L016952,Maria Martinez,Bosch,,North America,Automotive Ethernet,Webinar,['Customer'],1
L016953,Maria Williams,Tesla Energy GmbH,Electronics,APAC,Oscilloscopes,Webinar,"['PathWave_Trial_Request', 'PathWave_Trial_Request', 'Application_Engineer_Call', 'LinkedIn_Ad_Click', 'Lab_Integration_Discussion', 'IMS_Badge_Scan', 'DesignCon_Booth_Visit', 'Oscilloscope_Selector_Tool', 'AutoSens_Tech_Talk', 'Keysight_Workshop_RF_Testing', 'No_Conversion']",0
L016954,Daniel Tanaka,Infin_Tech,Telecom,,Oscilloscopes,Sales Outreach,"['AutoSens_Tech_Talk', 'Keysight_Workshop_RF_Testing', 'Oscilloscope_Selector_Tool', 'Customer']",1
L016955,Hiroshi Williams,Sony,Semiconductor,North America,Automotive Ethernet,LinkedIn,"['SQL', 'PathWave_Trial_Request', 'Whitepaper_Download_5G_Test', 'LinkedIn_Ad_Click', 'Customer']",1
L016956,Hiroshi Garcia,Meta Connectivity Labs,Automotive,North America,5G Testbeds,,['No_Conversion'],0
L016957,,Meta Connectivity Labs,,North America,5G Testbeds,Event,"['PathWave_Trial_Request', 'Website_Product_Page', 'PathWave_Trial_Request', 'Loaner_Unit_Evaluation', 'Customer']",1
L016958,,MetaC_Tech,Telecom,,5G Testbeds,Sales Outreach,"['AutoSens_Tech_Talk', 'MQL', 'Loaner_Unit_Evaluation', 'Oscilloscope_Selector_Tool', 'LinkedIn_Ad_Click', 'PathWave_Trial_Request', 'No_Conversion']",0
L016959,Kenji Singh,Samsung Electronics,Semiconductor,,Automotive Ethernet,LinkedIn,"['SQL', 'Opportunity', 'Application_Engineer_Call', 'DesignCon_Booth_Visit', 'No_Conversion']",0
L016960,,NXPSe_Tech,Electronics,APAC,5G Testbeds,,['No_Conversion'],0
L016961,Ravi Khan,MetaC_Tech,,,5G Testbeds,LinkedIn,"['IMS_Badge_Scan', 'Technical_Demo', 'MQL', 'Loaner_Unit_Evaluation', 'Application_Engineer_Call', 'Keysight_University_Course', 'Oscilloscope_Selector_Tool', 'Application_Engineer_Call', 'Opportunity', 'Customer']",1
L016962,Kenji Ito,Rayth_Tech,Automotive,,5G Testbeds,,"['Application_Engineer_Call', 'LinkedIn_Ad_Click', 'Keysight_University_Course', 'Opportunity', 'IMS_Badge_Scan', 'No_Conversion']",0
L016963,Chen Singh,,,,Automotive Ethernet,Email Campaign,"['Website_Product_Page', 'Application_Engineer_Call', 'MQL', 'Opportunity', 'Customer']",1
L016964,Hiroshi Khan,Infin_Tech,Automotive,APAC,,Email Campaign,"['IMS_Badge_Scan', 'Application_Engineer_Call', 'PathWave_Trial_Request', 'No_Conversion']",0
L016965,Laura Ito,Bosch,,APAC,,LinkedIn,"['Oscilloscope_Selector_Tool', 'Lab_Integration_Discussion', 'Opportunity', 'IMS_Badge_Scan', 'Loaner_Unit_Evaluation', 'AutoSens_Tech_Talk', 'No_Conversion']",0
L016966,Ravi Patel,,,North America,5G Testbeds,Sales Outreach,"['Lab_Integration_Discussion', 'IMS_Badge_Scan', 'DesignCon_Booth_Visit', 'No_Conversion']",0
L016967,Ahmed Tanaka,Qualc_Tech,,APAC,Automotive Ethernet,Email Campaign,['No_Conversion'],0
L016968,Maria Williams,Raytheon GmbH,Electronics,,PathWave Software,Webinar,"['Technical_Demo', 'Keysight_Workshop_RF_Testing', 'Lab_Integration_Discussion', 'Loaner_Unit_Evaluation', 'SQL', 'Whitepaper_Download_5G_Test', 'IMS_Badge_Scan', 'DesignCon_Booth_Visit', 'No_Conversion']",0
L016969,Laura Singh,Rayth_Tech,,Europe,,Website,"['Oscilloscope_Selector_Tool', 'Keysight_Workshop_RF_Testing', 'MQL', 'No_Conversion']",0
L016970,Laura Ito,Sony_Tech,Telecom,Europe,Oscilloscopes,,"['Keysight_Workshop_RF_Testing', 'Oscilloscope_Selector_Tool', 'PathWave_Trial_Request', 'No_Conversion']",0
L016971,Ravi Johnson,,Automotive,Europe,,Email Campaign,"['DesignCon_Booth_Visit', 'MQL', 'LinkedIn_Ad_Click', 'LinkedIn_Ad_Click', 'DesignCon_Booth_Visit', 'SQL', 'MQL', 'MQL', 'Keysight_Workshop_RF_Testing', 'Loaner_Unit_Evaluation', 'Customer']",1
L016972,,Sony,Semiconductor,Europe,,Email Campaign,"['Website_Product_Page', 'Technical_Demo', 'Oscilloscope_Selector_Tool', 'Customer']",1
L016973,,Broadcom GmbH,,,,LinkedIn,"['DesignCon_Booth_Visit', 'Website_Product_Page', 'Loaner_Unit_Evaluation', 'Keysight_Workshop_RF_Testing', 'PathWave_Trial_Request', 'Keysight_University_Course', 'Lab_Integration_Discussion', 'Loaner_Unit_Evaluation', 'IMS_Badge_Scan', 'Lab_Integration_Discussion', 'Customer']",1
L016974,,Tesla Energy GmbH,Electronics,APAC,PathWave Software,Website,"['Oscilloscope_Selector_Tool', 'DesignCon_Booth_Visit', 'Customer']",1
L016975,Maria Garcia,Infin_Tech,Telecom,Europe,,,"['AutoSens_Tech_Talk', 'No_Conversion']",0
L016976,Laura Lee,NXPSe_Tech,Semiconductor,Europe,,Website,"['PathWave_Trial_Request', 'AutoSens_Tech_Talk', 'Keysight_University_Course', 'Website_Product_Page', 'AutoSens_Tech_Talk', 'Keysight_University_Course', 'Customer']",1
L016977,Daniel Johnson,Bosch_Tech,,North America,,Webinar,"['Keysight_Workshop_RF_Testing', 'Lab_Integration_Discussion', 'Lab_Integration_Discussion', 'Customer']",1
L016978,Michael Anders,Qualc_Tech,Telecom,APAC,,Sales Outreach,"['MQL', 'Lab_Integration_Discussion', 'Keysight_Workshop_RF_Testing', 'Oscilloscope_Selector_Tool', 'MQL', 'No_Conversion']",0
L016979,Priya Johnson,MetaC_Tech,,,,Website,"['MQL', 'SQL', 'Technical_Demo', 'Website_Product_Page', 'Customer']",1
L016980,Kenji Chen,Raytheon,,Europe,,,"['PathWave_Trial_Request', 'Oscilloscope_Selector_Tool', 'DesignCon_Booth_Visit', 'IMS_Badge_Scan', 'Technical_Demo', 'Website_Product_Page', 'IMS_Badge_Scan', 'Whitepaper_Download_5G_Test', 'Customer']",1
L016981,Hiroshi Patel,Tesla Energy,Aerospace,APAC,Automotive Ethernet,LinkedIn,"['MQL', 'SQL', 'DesignCon_Booth_Visit', 'Loaner_Unit_Evaluation', 'Oscilloscope_Selector_Tool', 'Application_Engineer_Call', 'DesignCon_Booth_Visit', 'PathWave_Trial_Request', 'Technical_Demo', 'Customer']",1
L016982,Laura Chen,,Semiconductor,North America,Oscilloscopes,,"['Lab_Integration_Discussion', 'Technical_Demo', 'LinkedIn_Ad_Click', 'Opportunity', 'AutoSens_Tech_Talk', 'Lab_Integration_Discussion', 'No_Conversion']",0
L016983,Chen Singh,,,,PathWave Software,Webinar,"['Technical_Demo', 'Technical_Demo', 'Keysight_University_Course', 'AutoSens_Tech_Talk', 'Customer']",1
L016984,Chen Chen,Meta Connectivity Labs,Aerospace,,,,"['AutoSens_Tech_Talk', 'Keysight_University_Course', 'Customer']",1
L016985,Kenji Chen,,Automotive,LATAM,,LinkedIn,"['Opportunity', 'Website_Product_Page', 'Customer']",1
L016986,,Infin_Tech,,LATAM,,,"['Keysight_University_Course', 'DesignCon_Booth_Visit', 'Customer']",1
L016987,Chen Tanaka,Infin_Tech,Aerospace,North America,,Event,"['AutoSens_Tech_Talk', 'Loaner_Unit_Evaluation', 'Oscilloscope_Selector_Tool', 'Oscilloscope_Selector_Tool', 'Customer']",1
L016988,Kenji Ito,Samsung Electronics GmbH,,Europe,,Email Campaign,"['SQL', 'AutoSens_Tech_Talk', 'SQL', 'Technical_Demo', 'Keysight_University_Course', 'Application_Engineer_Call', 'MQL', 'Keysight_Workshop_RF_Testing', 'Lab_Integration_Discussion', 'No_Conversion']",0
L016989,,NXP Semiconductors,,APAC,PathWave Software,Website,"['AutoSens_Tech_Talk', 'Lab_Integration_Discussion', 'PathWave_Trial_Request', 'IMS_Badge_Scan', 'AutoSens_Tech_Talk', 'Website_Product_Page', 'Lab_Integration_Discussion', 'Loaner_Unit_Evaluation', 'Customer']",1
L016990,,Tesla Energy,,Europe,,Webinar,['Customer'],1
L016991,Hiroshi Chen,MetaC_Tech,,Europe,PathWave Software,Event,"['Website_Product_Page', 'Loaner_Unit_Evaluation', 'SQL', 'DesignCon_Booth_Visit', 'Customer']",1
L016992,Maria Johnson,Infineon,Electronics,Europe,Oscilloscopes,Website,"['Website_Product_Page', 'Keysight_Workshop_RF_Testing', 'Whitepaper_Download_5G_Test', 'Opportunity', 'Oscilloscope_Selector_Tool', 'SQL', 'No_Conversion']",0
L016993,Hiroshi Garcia,Qualcomm GmbH,Electronics,LATAM,,Sales Outreach,"['Keysight_University_Course', 'PathWave_Trial_Request', 'Whitepaper_Download_5G_Test', 'Customer']",1
L016994,,Broadcom,Telecom,Europe,,Email Campaign,"['Oscilloscope_Selector_Tool', 'Whitepaper_Download_5G_Test', 'IMS_Badge_Scan', 'AutoSens_Tech_Talk', 'DesignCon_Booth_Visit', 'No_Conversion']",0
L016995,Michael Martinez,,,APAC,,Event,"['MQL', 'Keysight_Workshop_RF_Testing', 'Whitepaper_Download_5G_Test', 'Keysight_Workshop_RF_Testing', 'Customer']",1
L016996,Chen Johnson,Broadcom,,LATAM,,Event,"['Whitepaper_Download_5G_Test', 'Whitepaper_Download_5G_Test', 'DesignCon_Booth_Visit', 'Keysight_University_Course', 'AutoSens_Tech_Talk', 'MQL', 'Website_Product_Page', 'Customer']",1
L016997,Michael Ito,NXPSe_Tech,Telecom,APAC,PathWave Software,LinkedIn,"['Loaner_Unit_Evaluation', 'Technical_Demo', 'Loaner_Unit_Evaluation', 'Lab_Integration_Discussion', 'LinkedIn_Ad_Click', 'No_Conversion']",0
L016998,Laura Tanaka,Tesla_Tech,Semiconductor,North America,Automotive Ethernet,,['No_Conversion'],0
L016999,Chen Singh,Infin_Tech,Automotive,,5G Testbeds,,"['IMS_Badge_Scan', 'Customer']",1
L017000,Sofia Johnson,,Telecom,North America,,Email Campaign,"['Lab_Integration_Discussion', 'Website_Product_Page', 'Website_Product_Page', 'DesignCon_Booth_Visit', 'Application_Engineer_Call', 'AutoSens_Tech_Talk', 'Keysight_University_Course', 'SQL', 'Whitepaper_Download_5G_Test', 'DesignCon_Booth_Visit', 'No_Conversion']",0
L017001,Priya Patel,,,LATAM,PathWave Software,LinkedIn,"['SQL', 'Oscilloscope_Selector_Tool', 'LinkedIn_Ad_Click', 'IMS_Badge_Scan', 'LinkedIn_Ad_Click', 'Whitepaper_Download_5G_Test', 'Opportunity', 'Lab_Integration_Discussion', 'No_Conversion']",0
L017002,Daniel Chen,Tesla Energy,,,5G Testbeds,Sales Outreach,"['Keysight_Workshop_RF_Testing', 'Application_Engineer_Call', 'Whitepaper_Download_5G_Test', 'Lab_Integration_Discussion', 'MQL', 'SQL', 'Customer']",1
L017003,Sarah Khan,Infineon,,Europe,Automotive Ethernet,Sales Outreach,['No_Conversion'],0
L017004,Daniel Martinez,MetaC_Tech,Automotive,,,Sales Outreach,"['Keysight_University_Course', 'Whitepaper_Download_5G_Test', 'IMS_Badge_Scan', 'AutoSens_Tech_Talk', 'Loaner_Unit_Evaluation', 'Opportunity', 'Website_Product_Page', 'Opportunity', 'Technical_Demo', 'Customer']",1
L017005,Chen Johnson,Samsung Electronics GmbH,,APAC,5G Testbeds,Email Campaign,"['DesignCon_Booth_Visit', 'Application_Engineer_Call', 'Whitepaper_Download_5G_Test', 'IMS_Badge_Scan', 'IMS_Badge_Scan', 'PathWave_Trial_Request', 'Keysight_University_Course', 'Oscilloscope_Selector_Tool', 'Lab_Integration_Discussion', 'Lab_Integration_Discussion', 'Customer']",1
L017006,Priya Johnson,Qualcomm,Semiconductor,,PathWave Software,Email Campaign,"['Whitepaper_Download_5G_Test', 'Customer']",1
L017007,Hiroshi Tanaka,Samsu_Tech,Automotive,North America,Oscilloscopes,,"['PathWave_Trial_Request', 'Lab_Integration_Discussion', 'IMS_Badge_Scan', 'Opportunity', 'PathWave_Trial_Request', 'Oscilloscope_Selector_Tool', 'Opportunity', 'DesignCon_Booth_Visit', 'Website_Product_Page', 'PathWave_Trial_Request', 'Customer']",1
L017008,Chen Johnson,Tesla_Tech,Semiconductor,Europe,PathWave Software,Webinar,"['MQL', 'PathWave_Trial_Request', 'MQL', 'DesignCon_Booth_Visit', 'PathWave_Trial_Request', 'Lab_Integration_Discussion', 'LinkedIn_Ad_Click', 'Loaner_Unit_Evaluation', 'No_Conversion']",0
L017009,Chen Johnson,Broad_Tech,Telecom,APAC,,Event,"['Keysight_University_Course', 'Oscilloscope_Selector_Tool', 'AutoSens_Tech_Talk', 'Keysight_University_Course', 'Loaner_Unit_Evaluation', 'Keysight_Workshop_RF_Testing', 'No_Conversion']",0
L017010,Priya Patel,Infineon GmbH,Electronics,LATAM,Automotive Ethernet,Webinar,['No_Conversion'],0
L017011,Sarah Williams,,,North America,,Webinar,"['Keysight_Workshop_RF_Testing', 'Oscilloscope_Selector_Tool', 'Customer']",1
L017012,Daniel Anders,Samsung Electronics GmbH,,APAC,Automotive Ethernet,Webinar,"['AutoSens_Tech_Talk', 'Opportunity', 'Oscilloscope_Selector_Tool', 'Whitepaper_Download_5G_Test', 'No_Conversion']",0
L017013,Daniel Johnson,,Telecom,North America,Oscilloscopes,Website,['No_Conversion'],0
L017014,,Raytheon,Aerospace,APAC,,Webinar,"['Keysight_University_Course', 'MQL', 'SQL', 'Loaner_Unit_Evaluation', 'Application_Engineer_Call', 'Customer']",1
L017015,Kenji Patel,Qualc_Tech,,,,Webinar,"['Keysight_University_Course', 'LinkedIn_Ad_Click', 'Oscilloscope_Selector_Tool', 'Customer']",1
L017016,Ahmed Chen,MetaC_Tech,Telecom,Europe,,LinkedIn,"['Application_Engineer_Call', 'Keysight_Workshop_RF_Testing', 'No_Conversion']",0
L017017,Ahmed Anders,Meta Connectivity Labs,Automotive,LATAM,Oscilloscopes,Website,"['Keysight_Workshop_RF_Testing', 'Keysight_Workshop_RF_Testing', 'Keysight_University_Course', 'IMS_Badge_Scan', 'Oscilloscope_Selector_Tool', 'SQL', 'Oscilloscope_Selector_Tool', 'Customer']",1
L017018,Daniel Ito,Infineon,Aerospace,APAC,,Email Campaign,"['Lab_Integration_Discussion', 'Oscilloscope_Selector_Tool', 'Keysight_Workshop_RF_Testing', 'AutoSens_Tech_Talk', 'Customer']",1
L017019,Maria Martinez,,,LATAM,PathWave Software,,"['Application_Engineer_Call', 'Keysight_Workshop_RF_Testing', 'SQL', 'AutoSens_Tech_Talk', 'Technical_Demo', 'No_Conversion']",0
L017020,Maria Martinez,Bosch_Tech,,,,Event,"['Keysight_University_Course', 'Opportunity', 'Website_Product_Page', 'Keysight_University_Course', 'AutoSens_Tech_Talk', 'LinkedIn_Ad_Click', 'DesignCon_Booth_Visit', 'Customer']",1
L017021,Hiroshi Chen,Infin_Tech,,LATAM,,Website,"['Keysight_University_Course', 'MQL', 'Customer']",1
L017022,Chen Ito,Qualcomm,Automotive,LATAM,PathWave Software,Sales Outreach,"['Loaner_Unit_Evaluation', 'PathWave_Trial_Request', 'Whitepaper_Download_5G_Test', 'Website_Product_Page', 'Whitepaper_Download_5G_Test', 'Customer']",1
L017023,Michael Johnson,Raytheon,Semiconductor,,,,['Customer'],1
L017024,Ahmed Lee,MetaC_Tech,,Europe,,LinkedIn,"['PathWave_Trial_Request', 'DesignCon_Booth_Visit', 'LinkedIn_Ad_Click', 'MQL', 'Website_Product_Page', 'Website_Product_Page', 'Oscilloscope_Selector_Tool', 'IMS_Badge_Scan', 'No_Conversion']",0
L017025,Daniel Ito,Meta Connectivity Labs,,LATAM,PathWave Software,Website,"['LinkedIn_Ad_Click', 'Oscilloscope_Selector_Tool', 'Whitepaper_Download_5G_Test', 'PathWave_Trial_Request', 'DesignCon_Booth_Visit', 'SQL', 'No_Conversion']",0
L017026,Daniel Johnson,,,LATAM,,Event,"['PathWave_Trial_Request', 'IMS_Badge_Scan', 'Whitepaper_Download_5G_Test', 'Keysight_University_Course', 'Opportunity', 'No_Conversion']",0
L017027,Kenji Anders,,Aerospace,LATAM,Automotive Ethernet,LinkedIn,['Customer'],1
L017028,Laura Martinez,Sony GmbH,,North America,Oscilloscopes,,"['SQL', 'Keysight_Workshop_RF_Testing', 'No_Conversion']",0
L017029,,Raytheon GmbH,Telecom,North America,PathWave Software,Email Campaign,"['AutoSens_Tech_Talk', 'DesignCon_Booth_Visit', 'Lab_Integration_Discussion', 'LinkedIn_Ad_Click', 'Keysight_Workshop_RF_Testing', 'Opportunity', 'PathWave_Trial_Request', 'PathWave_Trial_Request', 'DesignCon_Booth_Visit', 'SQL', 'Customer']",1
L017030,Michael Johnson,NXPSe_Tech,Semiconductor,,PathWave Software,Event,"['DesignCon_Booth_Visit', 'No_Conversion']",0
L017031,Chen Martinez,Samsung Electronics GmbH,Semiconductor,,PathWave Software,Event,"['Technical_Demo', 'DesignCon_Booth_Visit', 'Loaner_Unit_Evaluation', 'No_Conversion']",0
L017032,Sofia Williams,Meta Connectivity Labs,Aerospace,,,LinkedIn,"['SQL', 'Lab_Integration_Discussion', 'IMS_Badge_Scan', 'AutoSens_Tech_Talk', 'LinkedIn_Ad_Click', 'PathWave_Trial_Request', 'AutoSens_Tech_Talk', 'IMS_Badge_Scan', 'PathWave_Trial_Request', 'DesignCon_Booth_Visit', 'No_Conversion']",0
L017033,Laura Lee,,,APAC,PathWave Software,Website,['Customer'],1
L017034,Sofia Khan,Infineon,Semiconductor,North America,Oscilloscopes,Event,"['LinkedIn_Ad_Click', 'LinkedIn_Ad_Click', 'Website_Product_Page', 'Application_Engineer_Call', 'Technical_Demo', 'Opportunity', 'Customer']",1
L017035,Chen Lee,,Telecom,APAC,PathWave Software,Event,"['Application_Engineer_Call', 'MQL', 'DesignCon_Booth_Visit', 'Keysight_Workshop_RF_Testing', 'Customer']",1
L017036,Ravi Singh,Meta Connectivity Labs,Automotive,,,LinkedIn,"['Keysight_Workshop_RF_Testing', 'Lab_Integration_Discussion', 'Technical_Demo', 'Oscilloscope_Selector_Tool', 'Whitepaper_Download_5G_Test', 'Keysight_University_Course', 'Customer']",1
L017037,Michael Ito,Broadcom,Semiconductor,Europe,,Event,"['Opportunity', 'Loaner_Unit_Evaluation', 'SQL', 'Keysight_University_Course', 'Application_Engineer_Call', 'Website_Product_Page', 'Website_Product_Page', 'Oscilloscope_Selector_Tool', 'Keysight_Workshop_RF_Testing', 'Customer']",1
L017038,Chen Garcia,,Aerospace,APAC,5G Testbeds,Email Campaign,"['Application_Engineer_Call', 'Lab_Integration_Discussion', 'Loaner_Unit_Evaluation', 'Customer']",1
L017039,Laura Tanaka,Tesla Energy GmbH,Electronics,LATAM,,Sales Outreach,"['Keysight_University_Course', 'Keysight_Workshop_RF_Testing', 'PathWave_Trial_Request', 'Keysight_Workshop_RF_Testing', 'PathWave_Trial_Request', 'No_Conversion']",0
L017040,Hiroshi Williams,,Automotive,,5G Testbeds,Email Campaign,"['Website_Product_Page', 'Customer']",1
L017041,Laura Lee,Qualcomm GmbH,,,,LinkedIn,"['Oscilloscope_Selector_Tool', 'Keysight_University_Course', 'PathWave_Trial_Request', 'PathWave_Trial_Request', 'Customer']",1
L017042,Chen Garcia,Meta Connectivity Labs,,North America,,Website,"['SQL', 'IMS_Badge_Scan', 'Keysight_University_Course', 'SQL', 'No_Conversion']",0
L017043,Sofia Ito,Bosch GmbH,,APAC,5G Testbeds,Event,"['Opportunity', 'Whitepaper_Download_5G_Test', 'Oscilloscope_Selector_Tool', 'Customer']",1
L017044,Hiroshi Ito,Infineon GmbH,,North America,,Sales Outreach,['Customer'],1
L017045,Kenji Lee,Tesla Energy GmbH,,North America,,Website,"['MQL', 'Customer']",1
L017046,Laura Williams,Qualc_Tech,Aerospace,,,Sales Outreach,"['Lab_Integration_Discussion', 'LinkedIn_Ad_Click', 'LinkedIn_Ad_Click', 'Whitepaper_Download_5G_Test', 'Website_Product_Page', 'No_Conversion']",0
L017047,Daniel Tanaka,Samsung Electronics,Aerospace,,,,"['PathWave_Trial_Request', 'PathWave_Trial_Request', 'Lab_Integration_Discussion', 'DesignCon_Booth_Visit', 'AutoSens_Tech_Talk', 'Keysight_University_Course', 'AutoSens_Tech_Talk', 'Keysight_Workshop_RF_Testing', 'No_Conversion']",0
L017048,Sofia Garcia,Samsung Electronics GmbH,Telecom,North America,5G Testbeds,Email Campaign,"['DesignCon_Booth_Visit', 'SQL', 'Oscilloscope_Selector_Tool', 'Customer']",1
L017049,Sarah Chen,Samsung Electronics GmbH,Automotive,,,Event,"['LinkedIn_Ad_Click', 'Whitepaper_Download_5G_Test', 'Keysight_University_Course', 'No_Conversion']",0
L017050,Laura Martinez,Qualcomm,Electronics,,,LinkedIn,"['IMS_Badge_Scan', 'DesignCon_Booth_Visit', 'SQL', 'Keysight_University_Course', 'Oscilloscope_Selector_Tool', 'MQL', 'Application_Engineer_Call', 'Oscilloscope_Selector_Tool', 'Keysight_Workshop_RF_Testing', 'Website_Product_Page', 'No_Conversion']",0
L017051,Ravi Singh,Sony GmbH,Electronics,Europe,PathWave Software,Website,"['LinkedIn_Ad_Click', 'Loaner_Unit_Evaluation', 'Keysight_Workshop_RF_Testing', 'Loaner_Unit_Evaluation', 'Application_Engineer_Call', 'Oscilloscope_Selector_Tool', 'Application_Engineer_Call', 'Opportunity', 'AutoSens_Tech_Talk', 'Customer']",1
L017052,Sarah Johnson,Sony_Tech,Automotive,,,Event,"['AutoSens_Tech_Talk', 'Whitepaper_Download_5G_Test', 'Whitepaper_Download_5G_Test', 'Loaner_Unit_Evaluation', 'MQL', 'No_Conversion']",0
L017053,Sarah Lee,,,North America,5G Testbeds,,"['MQL', 'Lab_Integration_Discussion', 'No_Conversion']",0
L017054,Daniel Garcia,,Aerospace,,PathWave Software,Email Campaign,"['LinkedIn_Ad_Click', 'Oscilloscope_Selector_Tool', 'Oscilloscope_Selector_Tool', 'No_Conversion']",0
L017055,,Raytheon GmbH,Telecom,LATAM,Automotive Ethernet,Sales Outreach,"['Technical_Demo', 'Whitepaper_Download_5G_Test', 'Keysight_University_Course', 'Customer']",1
L017056,Sofia Patel,Raytheon GmbH,Aerospace,,Oscilloscopes,Website,"['Oscilloscope_Selector_Tool', 'AutoSens_Tech_Talk', 'Application_Engineer_Call', 'Website_Product_Page', 'MQL', 'DesignCon_Booth_Visit', 'Keysight_University_Course', 'Lab_Integration_Discussion', 'No_Conversion']",0
L017057,Sarah Garcia,NXPSe_Tech,Semiconductor,North America,PathWave Software,Email Campaign,"['Loaner_Unit_Evaluation', 'IMS_Badge_Scan', 'Application_Engineer_Call', 'Technical_Demo', 'Application_Engineer_Call', 'No_Conversion']",0
L017058,,Infin_Tech,Semiconductor,APAC,5G Testbeds,,"['SQL', 'Customer']",1
L017059,Daniel Singh,Infineon,Electronics,North America,PathWave Software,Website,"['Website_Product_Page', 'Website_Product_Page', 'DesignCon_Booth_Visit', 'Keysight_University_Course', 'Keysight_University_Course', 'Lab_Integration_Discussion', 'Customer']",1
L017060,Daniel Martinez,Samsung Electronics GmbH,Semiconductor,Europe,,Sales Outreach,"['Opportunity', 'Website_Product_Page', 'Technical_Demo', 'Customer']",1
L017061,Michael Johnson,,,LATAM,Oscilloscopes,Website,"['SQL', 'IMS_Badge_Scan', 'PathWave_Trial_Request', 'LinkedIn_Ad_Click', 'Application_Engineer_Call', 'LinkedIn_Ad_Click', 'SQL', 'PathWave_Trial_Request', 'No_Conversion']",0
L017062,Ravi Singh,Infineon GmbH,Automotive,North America,,Website,"['AutoSens_Tech_Talk', 'LinkedIn_Ad_Click', 'AutoSens_Tech_Talk', 'IMS_Badge_Scan', 'Oscilloscope_Selector_Tool', 'No_Conversion']",0
L017063,Ravi Tanaka,,Semiconductor,Europe,PathWave Software,Website,"['Whitepaper_Download_5G_Test', 'Loaner_Unit_Evaluation', 'Keysight_Workshop_RF_Testing', 'Technical_Demo', 'IMS_Badge_Scan', 'No_Conversion']",0
L017064,,Tesla Energy GmbH,,LATAM,Oscilloscopes,LinkedIn,"['Technical_Demo', 'Application_Engineer_Call', 'PathWave_Trial_Request', 'Lab_Integration_Discussion', 'LinkedIn_Ad_Click', 'Oscilloscope_Selector_Tool', 'Keysight_University_Course', 'IMS_Badge_Scan', 'Keysight_Workshop_RF_Testing', 'SQL', 'No_Conversion']",0
L017065,Chen Lee,NXP Semiconductors,,Europe,5G Testbeds,Website,"['Whitepaper_Download_5G_Test', 'Keysight_University_Course', 'DesignCon_Booth_Visit', 'Website_Product_Page', 'Customer']",1
L017066,Michael Lee,,Electronics,North America,Oscilloscopes,LinkedIn,['Customer'],1
L017067,Kenji Garcia,Broadcom,,North America,Automotive Ethernet,Email Campaign,"['PathWave_Trial_Request', 'Lab_Integration_Discussion', 'Lab_Integration_Discussion', 'Loaner_Unit_Evaluation', 'DesignCon_Booth_Visit', 'Oscilloscope_Selector_Tool', 'LinkedIn_Ad_Click', 'Website_Product_Page', 'MQL', 'No_Conversion']",0
L017068,Ahmed Singh,Infineon,Aerospace,LATAM,Oscilloscopes,Sales Outreach,"['DesignCon_Booth_Visit', 'Application_Engineer_Call', 'PathWave_Trial_Request', 'No_Conversion']",0
L017069,Ravi Tanaka,Qualcomm GmbH,,Europe,Oscilloscopes,Website,"['PathWave_Trial_Request', 'Customer']",1
L017070,Daniel Williams,,Semiconductor,APAC,5G Testbeds,Sales Outreach,"['LinkedIn_Ad_Click', 'Opportunity', 'Technical_Demo', 'AutoSens_Tech_Talk', 'Technical_Demo', 'Keysight_University_Course', 'No_Conversion']",0
L017071,Priya Garcia,,,North America,,Event,"['LinkedIn_Ad_Click', 'Opportunity', 'Customer']",1
L017072,Maria Lee,,,North America,5G Testbeds,Webinar,"['MQL', 'Application_Engineer_Call', 'MQL', 'PathWave_Trial_Request', 'LinkedIn_Ad_Click', 'Technical_Demo', 'Opportunity', 'Keysight_Workshop_RF_Testing', 'No_Conversion']",0
L017073,Michael Singh,Bosch,Automotive,North America,Automotive Ethernet,Event,"['PathWave_Trial_Request', 'LinkedIn_Ad_Click', 'AutoSens_Tech_Talk', 'No_Conversion']",0
L017074,Laura Garcia,,Electronics,North America,PathWave Software,Website,"['Opportunity', 'Application_Engineer_Call', 'Whitepaper_Download_5G_Test', 'Technical_Demo', 'IMS_Badge_Scan', 'Customer']",1
L017075,Laura Chen,Bosch_Tech,Electronics,,5G Testbeds,LinkedIn,['No_Conversion'],0
L017076,Laura Khan,Broadcom GmbH,Electronics,,,Sales Outreach,"['Whitepaper_Download_5G_Test', 'Application_Engineer_Call', 'Loaner_Unit_Evaluation', 'Application_Engineer_Call', 'Website_Product_Page', 'Application_Engineer_Call', 'No_Conversion']",0
L017077,Daniel Tanaka,Sony_Tech,Electronics,Europe,5G Testbeds,,"['PathWave_Trial_Request', 'IMS_Badge_Scan', 'Oscilloscope_Selector_Tool', 'No_Conversion']",0
L017078,Hiroshi Anders,,,Europe,PathWave Software,,"['LinkedIn_Ad_Click', 'Keysight_Workshop_RF_Testing', 'MQL', 'Keysight_Workshop_RF_Testing', 'Technical_Demo', 'Opportunity', 'Customer']",1
L017079,Maria Khan,Sony_Tech,Semiconductor,North America,,Website,"['Website_Product_Page', 'Keysight_University_Course', 'Keysight_Workshop_RF_Testing', 'IMS_Badge_Scan', 'IMS_Badge_Scan', 'LinkedIn_Ad_Click', 'No_Conversion']",0
L017080,Daniel Lee,Tesla Energy,Semiconductor,LATAM,PathWave Software,Event,"['DesignCon_Booth_Visit', 'Loaner_Unit_Evaluation', 'Keysight_University_Course', 'MQL', 'No_Conversion']",0
L017081,Laura Tanaka,Infineon GmbH,,Europe,,LinkedIn,"['PathWave_Trial_Request', 'AutoSens_Tech_Talk', 'Keysight_University_Course', 'Opportunity', 'Website_Product_Page', 'Customer']",1
L017082,Kenji Garcia,Sony_Tech,Semiconductor,North America,PathWave Software,Webinar,"['PathWave_Trial_Request', 'Customer']",1
L017083,Ravi Williams,Tesla Energy,,Europe,,Sales Outreach,"['MQL', 'Lab_Integration_Discussion', 'DesignCon_Booth_Visit', 'MQL', 'MQL', 'Loaner_Unit_Evaluation', 'Technical_Demo', 'Customer']",1
L017084,Sarah Martinez,Tesla Energy GmbH,Aerospace,LATAM,,LinkedIn,"['AutoSens_Tech_Talk', 'AutoSens_Tech_Talk', 'Keysight_University_Course', 'Website_Product_Page', 'LinkedIn_Ad_Click', 'Customer']",1
L017085,Ahmed Lee,,Telecom,APAC,,Event,"['Application_Engineer_Call', 'IMS_Badge_Scan', 'AutoSens_Tech_Talk', 'Application_Engineer_Call', 'Application_Engineer_Call', 'Loaner_Unit_Evaluation', 'Keysight_Workshop_RF_Testing', 'LinkedIn_Ad_Click', 'Lab_Integration_Discussion', 'Lab_Integration_Discussion', 'Customer']",1
L017086,Ravi Johnson,Meta Connectivity Labs,,,5G Testbeds,Webinar,"['Technical_Demo', 'LinkedIn_Ad_Click', 'Customer']",1
L017087,Chen Garcia,Tesla_Tech,Electronics,APAC,Oscilloscopes,LinkedIn,"['Technical_Demo', 'Lab_Integration_Discussion', 'IMS_Badge_Scan', 'Keysight_Workshop_RF_Testing', 'Customer']",1
L017088,Daniel Singh,Meta Connectivity Labs GmbH,Automotive,Europe,,Website,"['PathWave_Trial_Request', 'Opportunity', 'PathWave_Trial_Request', 'PathWave_Trial_Request', 'PathWave_Trial_Request', 'Application_Engineer_Call', 'Keysight_Workshop_RF_Testing', 'Whitepaper_Download_5G_Test', 'Keysight_University_Course', 'Keysight_University_Course', 'No_Conversion']",0
L017089,,,Aerospace,LATAM,Oscilloscopes,Website,"['AutoSens_Tech_Talk', 'DesignCon_Booth_Visit', 'Website_Product_Page', 'Website_Product_Page', 'Lab_Integration_Discussion', 'Website_Product_Page', 'IMS_Badge_Scan', 'No_Conversion']",0
L017090,Ravi Chen,Tesla Energy GmbH,,,,Sales Outreach,"['Application_Engineer_Call', 'Loaner_Unit_Evaluation', 'No_Conversion']",0
L017091,Michael Patel,Sony,Telecom,LATAM,,Email Campaign,"['Keysight_Workshop_RF_Testing', 'Oscilloscope_Selector_Tool', 'Keysight_University_Course', 'Customer']",1
L017092,Priya Garcia,NXPSe_Tech,Telecom,APAC,PathWave Software,Event,"['Oscilloscope_Selector_Tool', 'Loaner_Unit_Evaluation', 'Whitepaper_Download_5G_Test', 'AutoSens_Tech_Talk', 'Application_Engineer_Call', 'Opportunity', 'IMS_Badge_Scan', 'SQL', 'Customer']",1
L017093,Ravi Khan,Samsu_Tech,,Europe,Automotive Ethernet,,['Customer'],1
L017094,Sofia Lee,Infineon GmbH,Aerospace,North America,,Email Campaign,"['Lab_Integration_Discussion', 'No_Conversion']",0
L017095,Sofia Singh,Rayth_Tech,Automotive,North America,5G Testbeds,LinkedIn,"['LinkedIn_Ad_Click', 'IMS_Badge_Scan', 'Technical_Demo', 'Application_Engineer_Call', 'Lab_Integration_Discussion', 'Customer']",1
L017096,Chen Williams,,Telecom,,Oscilloscopes,Email Campaign,"['Whitepaper_Download_5G_Test', 'Keysight_University_Course', 'Lab_Integration_Discussion', 'MQL', 'Keysight_Workshop_RF_Testing', 'Application_Engineer_Call', 'AutoSens_Tech_Talk', 'DesignCon_Booth_Visit', 'No_Conversion']",0
L017097,Michael Garcia,Sony,Electronics,,,Event,"['Keysight_University_Course', 'Customer']",1
L017098,Michael Lee,,Aerospace,North America,,Event,"['Website_Product_Page', 'DesignCon_Booth_Visit', 'Keysight_Workshop_RF_Testing', 'Keysight_Workshop_RF_Testing', 'Whitepaper_Download_5G_Test', 'Website_Product_Page', 'DesignCon_Booth_Visit', 'Oscilloscope_Selector_Tool', 'No_Conversion']",0
L017099,Laura Chen,Qualcomm GmbH,,APAC,5G Testbeds,Webinar,"['Keysight_University_Course', 'Customer']",1
L017100,Michael Lee,Sony_Tech,,North America,Oscilloscopes,Sales Outreach,"['Whitepaper_Download_5G_Test', 'No_Conversion']",0
L017101,,Sony_Tech,Telecom,APAC,5G Testbeds,LinkedIn,"['PathWave_Trial_Request', 'Keysight_Workshop_RF_Testing', 'Customer']",1
L017102,Ravi Lee,Sony GmbH,Automotive,Europe,PathWave Software,,"['SQL', 'DesignCon_Booth_Visit', 'No_Conversion']",0
L017103,Daniel Garcia,Raytheon GmbH,,North America,5G Testbeds,Sales Outreach,"['LinkedIn_Ad_Click', 'No_Conversion']",0
L017104,Priya Tanaka,Raytheon,Automotive,Europe,,Sales Outreach,['No_Conversion'],0
L017105,Maria Ito,,Telecom,,PathWave Software,Webinar,"['SQL', 'Application_Engineer_Call', 'IMS_Badge_Scan', 'Oscilloscope_Selector_Tool', 'Lab_Integration_Discussion', 'Technical_Demo', 'SQL', 'No_Conversion']",0
L017106,Maria Anders,Qualcomm GmbH,Aerospace,,,Website,"['Whitepaper_Download_5G_Test', 'PathWave_Trial_Request', 'LinkedIn_Ad_Click', 'IMS_Badge_Scan', 'Whitepaper_Download_5G_Test', 'Keysight_University_Course', 'PathWave_Trial_Request', 'LinkedIn_Ad_Click', 'Oscilloscope_Selector_Tool', 'Application_Engineer_Call', 'No_Conversion']",0
L017107,Hiroshi Ito,,Semiconductor,,,Sales Outreach,"['Lab_Integration_Discussion', 'Opportunity', 'MQL', 'Loaner_Unit_Evaluation', 'No_Conversion']",0
L017108,Sarah Martinez,,Telecom,APAC,5G Testbeds,Event,"['Whitepaper_Download_5G_Test', 'Website_Product_Page', 'SQL', 'PathWave_Trial_Request', 'SQL', 'Loaner_Unit_Evaluation', 'LinkedIn_Ad_Click', 'Loaner_Unit_Evaluation', 'Keysight_University_Course', 'Technical_Demo', 'Customer']",1
L017109,Hiroshi Anders,Bosch_Tech,Aerospace,,,Webinar,"['Opportunity', 'PathWave_Trial_Request', 'AutoSens_Tech_Talk', 'Customer']",1
L017110,Laura Garcia,Sony GmbH,Telecom,,Oscilloscopes,Event,"['Lab_Integration_Discussion', 'Loaner_Unit_Evaluation', 'Customer']",1
L017111,Priya Johnson,Broad_Tech,,Europe,,Sales Outreach,"['Oscilloscope_Selector_Tool', 'Application_Engineer_Call', 'MQL', 'Technical_Demo', 'DesignCon_Booth_Visit', 'PathWave_Trial_Request', 'DesignCon_Booth_Visit', 'PathWave_Trial_Request', 'Loaner_Unit_Evaluation', 'Customer']",1
L017112,Michael Singh,Broadcom GmbH,Electronics,North America,,Sales Outreach,"['IMS_Badge_Scan', 'Lab_Integration_Discussion', 'Opportunity', 'AutoSens_Tech_Talk', 'No_Conversion']",0
L017113,Ravi Anders,Samsu_Tech,Automotive,North America,5G Testbeds,,"['LinkedIn_Ad_Click', 'PathWave_Trial_Request', 'DesignCon_Booth_Visit', 'MQL', 'IMS_Badge_Scan', 'PathWave_Trial_Request', 'Customer']",1
L017114,Priya Martinez,NXP Semiconductors,,Europe,5G Testbeds,Sales Outreach,"['DesignCon_Booth_Visit', 'MQL', 'Lab_Integration_Discussion', 'Lab_Integration_Discussion', 'Customer']",1
L017115,,Qualcomm,Telecom,LATAM,,LinkedIn,"['AutoSens_Tech_Talk', 'Website_Product_Page', 'Keysight_University_Course', 'Technical_Demo', 'No_Conversion']",0
L017116,Maria Ito,Tesla Energy GmbH,Aerospace,APAC,,Sales Outreach,"['Opportunity', 'Website_Product_Page', 'Loaner_Unit_Evaluation', 'Keysight_Workshop_RF_Testing', 'Keysight_Workshop_RF_Testing', 'Application_Engineer_Call', 'Customer']",1
L017117,Hiroshi Ito,Infineon GmbH,Telecom,,PathWave Software,Event,"['Loaner_Unit_Evaluation', 'Keysight_University_Course', 'AutoSens_Tech_Talk', 'Keysight_Workshop_RF_Testing', 'No_Conversion']",0
L017118,Sofia Johnson,,Electronics,,5G Testbeds,Email Campaign,"['AutoSens_Tech_Talk', 'SQL', 'Application_Engineer_Call', 'IMS_Badge_Scan', 'Customer']",1
L017119,Ravi Anders,Meta Connectivity Labs,Semiconductor,North America,,LinkedIn,"['Application_Engineer_Call', 'Application_Engineer_Call', 'Keysight_University_Course', 'Whitepaper_Download_5G_Test', 'LinkedIn_Ad_Click', 'AutoSens_Tech_Talk', 'Lab_Integration_Discussion', 'IMS_Badge_Scan', 'Opportunity', 'SQL', 'No_Conversion']",0
L017120,Sarah Anders,NXP Semiconductors GmbH,,North America,Automotive Ethernet,Webinar,"['Keysight_University_Course', 'SQL', 'LinkedIn_Ad_Click', 'Application_Engineer_Call', 'AutoSens_Tech_Talk', 'Technical_Demo', 'Opportunity', 'LinkedIn_Ad_Click', 'Customer']",1
L017121,Daniel Khan,Infineon,Semiconductor,,,Event,"['Keysight_Workshop_RF_Testing', 'PathWave_Trial_Request', 'Website_Product_Page', 'DesignCon_Booth_Visit', 'Technical_Demo', 'DesignCon_Booth_Visit', 'Whitepaper_Download_5G_Test', 'Customer']",1
L017122,Hiroshi Lee,Raytheon GmbH,,Europe,5G Testbeds,LinkedIn,"['LinkedIn_Ad_Click', 'No_Conversion']",0
L017123,Sofia Johnson,Qualcomm GmbH,Electronics,APAC,Oscilloscopes,,['No_Conversion'],0
L017124,Sarah Ito,Samsung Electronics,,North America,,Event,"['Keysight_University_Course', 'DesignCon_Booth_Visit', 'MQL', 'Oscilloscope_Selector_Tool', 'PathWave_Trial_Request', 'No_Conversion']",0
L017125,Chen Johnson,,,Europe,Automotive Ethernet,Website,['No_Conversion'],0
L017126,Chen Lee,Raytheon,,,PathWave Software,Sales Outreach,['No_Conversion'],0
L017127,Laura Johnson,NXPSe_Tech,Aerospace,Europe,Oscilloscopes,,['Customer'],1
L017128,Michael Anders,Samsung Electronics,Electronics,LATAM,Automotive Ethernet,LinkedIn,"['Keysight_University_Course', 'LinkedIn_Ad_Click', 'Loaner_Unit_Evaluation', 'DesignCon_Booth_Visit', 'No_Conversion']",0
L017129,Laura Martinez,Raytheon,Automotive,North America,,Event,"['LinkedIn_Ad_Click', 'Oscilloscope_Selector_Tool', 'Oscilloscope_Selector_Tool', 'No_Conversion']",0
L017130,Maria Khan,Bosch,,North America,Oscilloscopes,Webinar,"['IMS_Badge_Scan', 'Customer']",1
L017131,Sofia Anders,Broad_Tech,,Europe,Automotive Ethernet,Event,"['Keysight_University_Course', 'Customer']",1
L017132,Laura Khan,Qualc_Tech,Aerospace,Europe,Automotive Ethernet,Event,"['Whitepaper_Download_5G_Test', 'Website_Product_Page', 'Lab_Integration_Discussion', 'Customer']",1
L017133,Maria Tanaka,Tesla Energy GmbH,Automotive,APAC,,Event,"['Lab_Integration_Discussion', 'Lab_Integration_Discussion', 'Keysight_University_Course', 'LinkedIn_Ad_Click', 'No_Conversion']",0
L017134,Laura Garcia,Infineon GmbH,,Europe,,Webinar,"['Website_Product_Page', 'Loaner_Unit_Evaluation', 'Technical_Demo', 'Oscilloscope_Selector_Tool', 'Technical_Demo', 'Oscilloscope_Selector_Tool', 'MQL', 'DesignCon_Booth_Visit', 'Customer']",1
L017135,Sofia Singh,Samsung Electronics,Semiconductor,,,Webinar,"['LinkedIn_Ad_Click', 'PathWave_Trial_Request', 'MQL', 'MQL', 'Technical_Demo', 'SQL', 'SQL', 'Customer']",1
L017136,,Raytheon GmbH,Automotive,,,Sales Outreach,"['SQL', 'DesignCon_Booth_Visit', 'Technical_Demo', 'Customer']",1
L017137,,Samsu_Tech,,North America,5G Testbeds,LinkedIn,"['LinkedIn_Ad_Click', 'Loaner_Unit_Evaluation', 'Application_Engineer_Call', 'Website_Product_Page', 'Customer']",1
L017138,Sarah Lee,Tesla Energy GmbH,Automotive,,Oscilloscopes,Email Campaign,"['SQL', 'AutoSens_Tech_Talk', 'Website_Product_Page', 'PathWave_Trial_Request', 'Whitepaper_Download_5G_Test', 'Technical_Demo', 'No_Conversion']",0
L017139,Hiroshi Johnson,Raytheon,Automotive,LATAM,5G Testbeds,,"['IMS_Badge_Scan', 'PathWave_Trial_Request', 'Keysight_Workshop_RF_Testing', 'LinkedIn_Ad_Click', 'MQL', 'Keysight_Workshop_RF_Testing', 'PathWave_Trial_Request', 'No_Conversion']",0
L017140,Maria Johnson,,,,PathWave Software,LinkedIn,"['Loaner_Unit_Evaluation', 'SQL', 'LinkedIn_Ad_Click', 'Whitepaper_Download_5G_Test', 'No_Conversion']",0
L017141,,,Automotive,APAC,Automotive Ethernet,Email Campaign,['Customer'],1
L017142,Ahmed Lee,MetaC_Tech,,APAC,,Website,"['Keysight_University_Course', 'AutoSens_Tech_Talk', 'Loaner_Unit_Evaluation', 'Application_Engineer_Call', 'IMS_Badge_Scan', 'Technical_Demo', 'Customer']",1
L017143,Priya Williams,Broad_Tech,Semiconductor,North America,Oscilloscopes,Event,"['Technical_Demo', 'Opportunity', 'Application_Engineer_Call', 'Keysight_Workshop_RF_Testing', 'MQL', 'Customer']",1
L017144,Sofia Anders,Qualc_Tech,Semiconductor,North America,,Sales Outreach,"['PathWave_Trial_Request', 'MQL', 'SQL', 'Keysight_University_Course', 'IMS_Badge_Scan', 'MQL', 'Opportunity', 'IMS_Badge_Scan', 'No_Conversion']",0
L017145,Ahmed Garcia,Samsung Electronics,Semiconductor,LATAM,Oscilloscopes,Website,"['PathWave_Trial_Request', 'SQL', 'DesignCon_Booth_Visit', 'Keysight_Workshop_RF_Testing', 'Keysight_Workshop_RF_Testing', 'Loaner_Unit_Evaluation', 'Technical_Demo', 'Whitepaper_Download_5G_Test', 'Whitepaper_Download_5G_Test', 'Oscilloscope_Selector_Tool', 'No_Conversion']",0
L017146,Sarah Chen,Qualcomm,,,PathWave Software,Event,"['Opportunity', 'No_Conversion']",0
L017147,Laura Patel,,,,5G Testbeds,Event,['No_Conversion'],0
L017148,,Tesla_Tech,Electronics,Europe,,,"['MQL', 'IMS_Badge_Scan', 'Keysight_University_Course', 'Keysight_Workshop_RF_Testing', 'DesignCon_Booth_Visit', 'Loaner_Unit_Evaluation', 'PathWave_Trial_Request', 'Customer']",1
L017149,,Sony GmbH,,,,Event,"['Technical_Demo', 'Application_Engineer_Call', 'No_Conversion']",0
L017150,Ahmed Ito,Rayth_Tech,,North America,,Sales Outreach,"['Website_Product_Page', 'Technical_Demo', 'No_Conversion']",0
L017151,Priya Lee,MetaC_Tech,Telecom,LATAM,PathWave Software,Email Campaign,"['Whitepaper_Download_5G_Test', 'Loaner_Unit_Evaluation', 'Website_Product_Page', 'LinkedIn_Ad_Click', 'MQL', 'Application_Engineer_Call', 'Customer']",1
L017152,Maria Patel,Broad_Tech,Automotive,LATAM,PathWave Software,Webinar,['No_Conversion'],0
L017153,Ravi Ito,Raytheon,Automotive,North America,Oscilloscopes,Website,"['Opportunity', 'SQL', 'IMS_Badge_Scan', 'No_Conversion']",0
L017154,Sofia Singh,Broadcom GmbH,Automotive,North America,,Website,"['Opportunity', 'Oscilloscope_Selector_Tool', 'Loaner_Unit_Evaluation', 'DesignCon_Booth_Visit', 'LinkedIn_Ad_Click', 'Technical_Demo', 'DesignCon_Booth_Visit', 'DesignCon_Booth_Visit', 'Customer']",1
L017155,Kenji Ito,Raytheon,,LATAM,,,"['Lab_Integration_Discussion', 'LinkedIn_Ad_Click', 'Keysight_Workshop_RF_Testing', 'IMS_Badge_Scan', 'LinkedIn_Ad_Click', 'Application_Engineer_Call', 'Keysight_Workshop_RF_Testing', 'Website_Product_Page', 'No_Conversion']",0
L017156,Sarah Anders,Infin_Tech,Aerospace,Europe,,Sales Outreach,"['PathWave_Trial_Request', 'LinkedIn_Ad_Click', 'Customer']",1
L017157,Kenji Lee,Tesla_Tech,,North America,PathWave Software,,"['SQL', 'No_Conversion']",0
L017158,Hiroshi Ito,NXP Semiconductors,Electronics,APAC,5G Testbeds,Sales Outreach,['Customer'],1
L017159,Kenji Khan,Infineon GmbH,Aerospace,North America,,Email Campaign,"['SQL', 'PathWave_Trial_Request', 'Loaner_Unit_Evaluation', 'Keysight_Workshop_RF_Testing', 'AutoSens_Tech_Talk', 'PathWave_Trial_Request', 'No_Conversion']",0
L017160,Michael Lee,Raytheon,,North America,PathWave Software,LinkedIn,"['IMS_Badge_Scan', 'Lab_Integration_Discussion', 'LinkedIn_Ad_Click', 'Technical_Demo', 'Application_Engineer_Call', 'Keysight_University_Course', 'Keysight_Workshop_RF_Testing', 'PathWave_Trial_Request', 'No_Conversion']",0
L017161,Michael Khan,Samsung Electronics GmbH,Automotive,Europe,,,"['Keysight_Workshop_RF_Testing', 'Keysight_University_Course', 'SQL', 'Whitepaper_Download_5G_Test', 'Keysight_Workshop_RF_Testing', 'Website_Product_Page', 'Loaner_Unit_Evaluation', 'Loaner_Unit_Evaluation', 'DesignCon_Booth_Visit', 'Lab_Integration_Discussion', 'No_Conversion']",0
L017162,Sofia Lee,,Telecom,LATAM,,Webinar,"['PathWave_Trial_Request', 'DesignCon_Booth_Visit', 'No_Conversion']",0
L017163,Maria Singh,,Aerospace,Europe,Oscilloscopes,Website,"['PathWave_Trial_Request', 'Application_Engineer_Call', 'Lab_Integration_Discussion', 'Application_Engineer_Call', 'Lab_Integration_Discussion', 'Customer']",1
L017164,Priya Martinez,Infineon,Aerospace,North America,Automotive Ethernet,Email Campaign,"['Keysight_University_Course', 'LinkedIn_Ad_Click', 'Application_Engineer_Call', 'Customer']",1
L017165,Michael Johnson,NXP Semiconductors GmbH,,,,Sales Outreach,"['Website_Product_Page', 'IMS_Badge_Scan', 'MQL', 'Opportunity', 'Whitepaper_Download_5G_Test', 'No_Conversion']",0
L017166,Chen Ito,Tesla_Tech,,North America,Oscilloscopes,Website,"['LinkedIn_Ad_Click', 'Keysight_University_Course', 'IMS_Badge_Scan', 'No_Conversion']",0
L017167,Hiroshi Ito,Infin_Tech,Semiconductor,,Oscilloscopes,Webinar,"['Technical_Demo', 'No_Conversion']",0
L017168,Hiroshi Williams,Meta Connectivity Labs GmbH,Semiconductor,Europe,,Sales Outreach,['Customer'],1
L017169,Ahmed Garcia,Qualc_Tech,Automotive,,,Email Campaign,"['IMS_Badge_Scan', 'Whitepaper_Download_5G_Test', 'PathWave_Trial_Request', 'PathWave_Trial_Request', 'Oscilloscope_Selector_Tool', 'LinkedIn_Ad_Click', 'No_Conversion']",0
L017170,Daniel Patel,,Telecom,,Oscilloscopes,Event,"['Whitepaper_Download_5G_Test', 'Loaner_Unit_Evaluation', 'LinkedIn_Ad_Click', 'Loaner_Unit_Evaluation', 'Whitepaper_Download_5G_Test', 'DesignCon_Booth_Visit', 'Lab_Integration_Discussion', 'SQL', 'Opportunity', 'MQL', 'No_Conversion']",0
L017171,Chen Lee,Infineon GmbH,,North America,,Sales Outreach,"['Opportunity', 'Customer']",1
L017172,Daniel Anders,Bosch_Tech,Electronics,North America,,Webinar,['No_Conversion'],0
L017173,Priya Anders,Raytheon,Automotive,APAC,,Event,"['Loaner_Unit_Evaluation', 'Website_Product_Page', 'SQL', 'Whitepaper_Download_5G_Test', 'Opportunity', 'Loaner_Unit_Evaluation', 'Whitepaper_Download_5G_Test', 'MQL', 'LinkedIn_Ad_Click', 'Customer']",1
L017174,Maria Patel,Qualcomm GmbH,Semiconductor,North America,Oscilloscopes,Email Campaign,"['Application_Engineer_Call', 'Customer']",1
L017175,Ravi Chen,Infineon GmbH,,LATAM,5G Testbeds,Website,"['AutoSens_Tech_Talk', 'No_Conversion']",0
L017176,Sarah Patel,,Aerospace,North America,PathWave Software,Email Campaign,"['Keysight_University_Course', 'DesignCon_Booth_Visit', 'No_Conversion']",0
L017177,Hiroshi Garcia,,Automotive,,,,"['AutoSens_Tech_Talk', 'AutoSens_Tech_Talk', 'AutoSens_Tech_Talk', 'Whitepaper_Download_5G_Test', 'LinkedIn_Ad_Click', 'Opportunity', 'Technical_Demo', 'No_Conversion']",0
L017178,,Infin_Tech,Electronics,LATAM,,,['Customer'],1
L017179,Chen Lee,Meta Connectivity Labs,Automotive,North America,PathWave Software,Event,"['LinkedIn_Ad_Click', 'Technical_Demo', 'Customer']",1
L017180,Maria Garcia,,Semiconductor,LATAM,,,"['Application_Engineer_Call', 'Whitepaper_Download_5G_Test', 'Oscilloscope_Selector_Tool', 'Keysight_Workshop_RF_Testing', 'Keysight_Workshop_RF_Testing', 'Customer']",1
L017181,Michael Anders,,,APAC,5G Testbeds,Sales Outreach,"['IMS_Badge_Scan', 'SQL', 'Opportunity', 'Loaner_Unit_Evaluation', 'Whitepaper_Download_5G_Test', 'Keysight_University_Course', 'Customer']",1
L017182,Sarah Ito,Sony_Tech,,Europe,,LinkedIn,"['Opportunity', 'Keysight_University_Course', 'Website_Product_Page', 'Lab_Integration_Discussion', 'LinkedIn_Ad_Click', 'Website_Product_Page', 'Keysight_Workshop_RF_Testing', 'Customer']",1
L017183,Ravi Williams,Sony GmbH,,APAC,5G Testbeds,,"['Loaner_Unit_Evaluation', 'Keysight_University_Course', 'Whitepaper_Download_5G_Test', 'IMS_Badge_Scan', 'Lab_Integration_Discussion', 'No_Conversion']",0
L017184,Maria Khan,,Aerospace,,,Event,"['Keysight_Workshop_RF_Testing', 'MQL', 'Lab_Integration_Discussion', 'SQL', 'Website_Product_Page', 'Oscilloscope_Selector_Tool', 'AutoSens_Tech_Talk', 'SQL', 'DesignCon_Booth_Visit', 'IMS_Badge_Scan', 'No_Conversion']",0
L017185,Chen Patel,Tesla Energy GmbH,Electronics,North America,PathWave Software,Event,"['Website_Product_Page', 'Application_Engineer_Call', 'Opportunity', 'Website_Product_Page', 'SQL', 'LinkedIn_Ad_Click', 'No_Conversion']",0
L017186,Hiroshi Patel,Raytheon GmbH,,LATAM,,Email Campaign,"['AutoSens_Tech_Talk', 'Keysight_University_Course', 'DesignCon_Booth_Visit', 'Website_Product_Page', 'Keysight_University_Course', 'No_Conversion']",0
L017187,Priya Anders,Qualcomm,Electronics,LATAM,PathWave Software,,"['SQL', 'PathWave_Trial_Request', 'AutoSens_Tech_Talk', 'Keysight_Workshop_RF_Testing', 'PathWave_Trial_Request', 'MQL', 'MQL', 'Opportunity', 'Lab_Integration_Discussion', 'Customer']",1
L017188,Sarah Tanaka,,,APAC,Oscilloscopes,Website,"['Oscilloscope_Selector_Tool', 'LinkedIn_Ad_Click', 'DesignCon_Booth_Visit', 'Opportunity', 'Whitepaper_Download_5G_Test', 'SQL', 'Lab_Integration_Discussion', 'SQL', 'Website_Product_Page', 'Customer']",1
L017189,Sofia Tanaka,Broadcom GmbH,Automotive,LATAM,Automotive Ethernet,Webinar,"['Keysight_Workshop_RF_Testing', 'Customer']",1
L017190,Daniel Patel,Rayth_Tech,Electronics,LATAM,,Event,"['AutoSens_Tech_Talk', 'DesignCon_Booth_Visit', 'DesignCon_Booth_Visit', 'PathWave_Trial_Request', 'Keysight_Workshop_RF_Testing', 'No_Conversion']",0
L017191,,Tesla Energy,Semiconductor,Europe,,Event,"['SQL', 'Website_Product_Page', 'Opportunity', 'PathWave_Trial_Request', 'Keysight_Workshop_RF_Testing', 'Lab_Integration_Discussion', 'Customer']",1
L017192,Michael Lee,Broadcom,,Europe,5G Testbeds,LinkedIn,"['Whitepaper_Download_5G_Test', 'MQL', 'Loaner_Unit_Evaluation', 'Oscilloscope_Selector_Tool', 'No_Conversion']",0
L017193,Hiroshi Singh,,,Europe,,,"['Website_Product_Page', 'PathWave_Trial_Request', 'Whitepaper_Download_5G_Test', 'Keysight_University_Course', 'MQL', 'Website_Product_Page', 'Customer']",1
L017194,Hiroshi Johnson,NXPSe_Tech,Telecom,APAC,PathWave Software,Sales Outreach,"['Loaner_Unit_Evaluation', 'Keysight_University_Course', 'Keysight_University_Course', 'Lab_Integration_Discussion', 'No_Conversion']",0
L017195,Sofia Williams,,,North America,5G Testbeds,Webinar,['Customer'],1
L017196,Kenji Khan,Infineon,Electronics,North America,,,"['Loaner_Unit_Evaluation', 'DesignCon_Booth_Visit', 'Opportunity', 'DesignCon_Booth_Visit', 'Lab_Integration_Discussion', 'LinkedIn_Ad_Click', 'Keysight_Workshop_RF_Testing', 'No_Conversion']",0
L017197,Sarah Khan,Sony GmbH,Electronics,North America,Oscilloscopes,,"['Lab_Integration_Discussion', 'DesignCon_Booth_Visit', 'No_Conversion']",0
L017198,Hiroshi Tanaka,Qualc_Tech,Electronics,APAC,,Email Campaign,"['Whitepaper_Download_5G_Test', 'SQL', 'Technical_Demo', 'IMS_Badge_Scan', 'Customer']",1
L017199,Kenji Johnson,Infineon,Aerospace,LATAM,Automotive Ethernet,Email Campaign,"['Opportunity', 'AutoSens_Tech_Talk', 'IMS_Badge_Scan', 'AutoSens_Tech_Talk', 'No_Conversion']",0
L017200,Ahmed Garcia,Raytheon GmbH,Telecom,Europe,Oscilloscopes,Website,['No_Conversion'],0
L017201,Laura Patel,NXPSe_Tech,Semiconductor,Europe,,,"['Application_Engineer_Call', 'Whitepaper_Download_5G_Test', 'Keysight_University_Course', 'Oscilloscope_Selector_Tool', 'Customer']",1
L017202,Sarah Singh,NXP Semiconductors,Automotive,North America,Automotive Ethernet,,"['MQL', 'DesignCon_Booth_Visit', 'DesignCon_Booth_Visit', 'Keysight_Workshop_RF_Testing', 'Loaner_Unit_Evaluation', 'Website_Product_Page', 'Customer']",1
L017203,Sarah Martinez,Qualc_Tech,Automotive,North America,,Email Campaign,"['Loaner_Unit_Evaluation', 'MQL', 'Customer']",1
L017204,Sarah Ito,Qualcomm,Automotive,,PathWave Software,Email Campaign,"['Application_Engineer_Call', 'SQL', 'PathWave_Trial_Request', 'Whitepaper_Download_5G_Test', 'Keysight_University_Course', 'Technical_Demo', 'No_Conversion']",0
L017205,Priya Patel,Qualc_Tech,Aerospace,Europe,Oscilloscopes,Sales Outreach,"['Keysight_University_Course', 'IMS_Badge_Scan', 'IMS_Badge_Scan', 'LinkedIn_Ad_Click', 'Oscilloscope_Selector_Tool', 'Technical_Demo', 'No_Conversion']",0
L017206,Michael Martinez,Raytheon,Semiconductor,APAC,PathWave Software,Website,"['AutoSens_Tech_Talk', 'PathWave_Trial_Request', 'Website_Product_Page', 'DesignCon_Booth_Visit', 'Opportunity', 'No_Conversion']",0
L017207,Sarah Patel,NXP Semiconductors,Semiconductor,North America,Oscilloscopes,Event,"['Loaner_Unit_Evaluation', 'Technical_Demo', 'Loaner_Unit_Evaluation', 'Application_Engineer_Call', 'AutoSens_Tech_Talk', 'PathWave_Trial_Request', 'LinkedIn_Ad_Click', 'AutoSens_Tech_Talk', 'SQL', 'Technical_Demo', 'No_Conversion']",0
L017208,,,,North America,Automotive Ethernet,Webinar,"['Oscilloscope_Selector_Tool', 'Customer']",1
L017209,Michael Tanaka,NXP Semiconductors,Semiconductor,Europe,Automotive Ethernet,Website,"['LinkedIn_Ad_Click', 'MQL', 'Whitepaper_Download_5G_Test', 'Keysight_University_Course', 'AutoSens_Tech_Talk', 'LinkedIn_Ad_Click', 'Customer']",1
L017210,Maria Lee,MetaC_Tech,Semiconductor,APAC,5G Testbeds,Sales Outreach,"['Lab_Integration_Discussion', 'Website_Product_Page', 'Opportunity', 'LinkedIn_Ad_Click', 'Customer']",1
L017211,Ahmed Lee,NXPSe_Tech,,,PathWave Software,Webinar,['Customer'],1
L017212,Michael Anders,Tesla Energy,Automotive,North America,Automotive Ethernet,Website,"['Oscilloscope_Selector_Tool', 'Keysight_University_Course', 'Loaner_Unit_Evaluation', 'Website_Product_Page', 'Website_Product_Page', 'Lab_Integration_Discussion', 'Customer']",1
L017213,Daniel Patel,Raytheon GmbH,,APAC,PathWave Software,Website,['No_Conversion'],0
L017214,Maria Ito,,Automotive,Europe,5G Testbeds,Event,"['LinkedIn_Ad_Click', 'Lab_Integration_Discussion', 'Opportunity', 'AutoSens_Tech_Talk', 'Technical_Demo', 'LinkedIn_Ad_Click', 'PathWave_Trial_Request', 'Oscilloscope_Selector_Tool', 'No_Conversion']",0
L017215,Laura Johnson,Sony_Tech,,North America,5G Testbeds,Webinar,"['PathWave_Trial_Request', 'No_Conversion']",0
L017216,Sarah Williams,Broadcom,Telecom,,5G Testbeds,Webinar,"['IMS_Badge_Scan', 'Website_Product_Page', 'SQL', 'Application_Engineer_Call', 'Lab_Integration_Discussion', 'DesignCon_Booth_Visit', 'No_Conversion']",0
L017217,Laura Tanaka,Tesla Energy,,North America,,Event,"['Loaner_Unit_Evaluation', 'LinkedIn_Ad_Click', 'Keysight_University_Course', 'Website_Product_Page', 'Loaner_Unit_Evaluation', 'Lab_Integration_Discussion', 'Opportunity', 'Customer']",1
L017218,Michael Singh,Tesla Energy GmbH,,Europe,,Event,"['IMS_Badge_Scan', 'Application_Engineer_Call', 'Whitepaper_Download_5G_Test', 'MQL', 'Customer']",1
L017219,Maria Martinez,Qualcomm GmbH,,North America,,Webinar,"['LinkedIn_Ad_Click', 'Oscilloscope_Selector_Tool', 'IMS_Badge_Scan', 'AutoSens_Tech_Talk', 'No_Conversion']",0
L017220,Ravi Johnson,Qualcomm GmbH,Automotive,APAC,Automotive Ethernet,LinkedIn,"['Opportunity', 'Technical_Demo', 'Keysight_Workshop_RF_Testing', 'Oscilloscope_Selector_Tool', 'IMS_Badge_Scan', 'No_Conversion']",0
L017221,Sofia Chen,Infineon,Semiconductor,LATAM,5G Testbeds,,"['AutoSens_Tech_Talk', 'No_Conversion']",0
L017222,Hiroshi Lee,NXP Semiconductors GmbH,,,PathWave Software,,"['Keysight_University_Course', 'Application_Engineer_Call', 'IMS_Badge_Scan', 'Loaner_Unit_Evaluation', 'SQL', 'Website_Product_Page', 'AutoSens_Tech_Talk', 'LinkedIn_Ad_Click', 'Oscilloscope_Selector_Tool', 'No_Conversion']",0
L017223,Maria Martinez,NXP Semiconductors,,Europe,,Sales Outreach,"['Whitepaper_Download_5G_Test', 'SQL', 'Keysight_Workshop_RF_Testing', 'DesignCon_Booth_Visit', 'Technical_Demo', 'Keysight_University_Course', 'LinkedIn_Ad_Click', 'Keysight_University_Course', 'Customer']",1
L017224,Maria Garcia,Bosch_Tech,,Europe,,LinkedIn,"['AutoSens_Tech_Talk', 'Keysight_Workshop_RF_Testing', 'IMS_Badge_Scan', 'Application_Engineer_Call', 'Customer']",1
L017225,Hiroshi Johnson,MetaC_Tech,Electronics,,PathWave Software,Event,"['Loaner_Unit_Evaluation', 'AutoSens_Tech_Talk', 'PathWave_Trial_Request', 'No_Conversion']",0
L017226,Michael Patel,Bosch,,APAC,5G Testbeds,Email Campaign,"['Whitepaper_Download_5G_Test', 'Whitepaper_Download_5G_Test', 'Website_Product_Page', 'Keysight_University_Course', 'Keysight_Workshop_RF_Testing', 'No_Conversion']",0
L017227,Maria Patel,,Semiconductor,,PathWave Software,Sales Outreach,"['Keysight_University_Course', 'Lab_Integration_Discussion', 'Loaner_Unit_Evaluation', 'DesignCon_Booth_Visit', 'MQL', 'Application_Engineer_Call', 'No_Conversion']",0
L017228,,,,Europe,Automotive Ethernet,Email Campaign,"['Keysight_Workshop_RF_Testing', 'MQL', 'Oscilloscope_Selector_Tool', 'Customer']",1
L017229,Laura Johnson,NXP Semiconductors GmbH,Telecom,North America,,,"['SQL', 'No_Conversion']",0
L017230,Michael Anders,Infineon,Electronics,Europe,PathWave Software,Sales Outreach,"['DesignCon_Booth_Visit', 'Lab_Integration_Discussion', 'DesignCon_Booth_Visit', 'Application_Engineer_Call', 'SQL', 'No_Conversion']",0
L017231,Priya Williams,Sony,Electronics,APAC,Oscilloscopes,Event,"['Technical_Demo', 'Keysight_Workshop_RF_Testing', 'SQL', 'No_Conversion']",0
L017232,,Tesla_Tech,,LATAM,Oscilloscopes,LinkedIn,"['Application_Engineer_Call', 'LinkedIn_Ad_Click', 'IMS_Badge_Scan', 'Customer']",1
L017233,Sofia Singh,Infin_Tech,Telecom,LATAM,Oscilloscopes,Email Campaign,"['Application_Engineer_Call', 'DesignCon_Booth_Visit', 'Website_Product_Page', 'Website_Product_Page', 'Customer']",1
L017234,Priya Anders,Meta Connectivity Labs,Automotive,Europe,PathWave Software,Sales Outreach,"['LinkedIn_Ad_Click', 'IMS_Badge_Scan', 'Lab_Integration_Discussion', 'Website_Product_Page', 'Customer']",1
L017235,Ravi Johnson,Qualcomm,Automotive,Europe,Automotive Ethernet,Webinar,"['Technical_Demo', 'Lab_Integration_Discussion', 'AutoSens_Tech_Talk', 'Application_Engineer_Call', 'Loaner_Unit_Evaluation', 'Lab_Integration_Discussion', 'AutoSens_Tech_Talk', 'Website_Product_Page', 'IMS_Badge_Scan', 'IMS_Badge_Scan', 'Customer']",1
L017236,Michael Singh,,Automotive,North America,Automotive Ethernet,Email Campaign,['Customer'],1
L017237,,,Automotive,APAC,,LinkedIn,"['IMS_Badge_Scan', 'Whitepaper_Download_5G_Test', 'LinkedIn_Ad_Click', 'AutoSens_Tech_Talk', 'No_Conversion']",0
L017238,,,Semiconductor,North America,PathWave Software,LinkedIn,"['Technical_Demo', 'LinkedIn_Ad_Click', 'PathWave_Trial_Request', 'SQL', 'Keysight_University_Course', 'Customer']",1
L017239,Maria Singh,,Automotive,LATAM,5G Testbeds,Event,"['MQL', 'Whitepaper_Download_5G_Test', 'Customer']",1
L017240,Chen Chen,Qualc_Tech,Telecom,LATAM,,Email Campaign,"['LinkedIn_Ad_Click', 'MQL', 'Keysight_University_Course', 'MQL', 'Customer']",1
L017241,Laura Lee,,Automotive,LATAM,5G Testbeds,Webinar,"['Technical_Demo', 'IMS_Badge_Scan', 'AutoSens_Tech_Talk', 'Keysight_University_Course', 'Technical_Demo', 'No_Conversion']",0
L017242,Ravi Khan,,Automotive,North America,,Webinar,"['Keysight_Workshop_RF_Testing', 'MQL', 'MQL', 'Loaner_Unit_Evaluation', 'Loaner_Unit_Evaluation', 'No_Conversion']",0
L017243,Ravi Ito,Sony_Tech,Telecom,LATAM,PathWave Software,Webinar,"['DesignCon_Booth_Visit', 'Website_Product_Page', 'SQL', 'DesignCon_Booth_Visit', 'Keysight_University_Course', 'No_Conversion']",0
L017244,Michael Lee,,Automotive,Europe,Automotive Ethernet,Event,"['PathWave_Trial_Request', 'No_Conversion']",0
L017245,Maria Ito,Tesla_Tech,Automotive,,Automotive Ethernet,Email Campaign,"['IMS_Badge_Scan', 'Oscilloscope_Selector_Tool', 'Technical_Demo', 'No_Conversion']",0
L017246,Michael Anders,Infineon GmbH,Aerospace,Europe,,,"['PathWave_Trial_Request', 'Application_Engineer_Call', 'Keysight_Workshop_RF_Testing', 'Loaner_Unit_Evaluation', 'PathWave_Trial_Request', 'Lab_Integration_Discussion', 'Oscilloscope_Selector_Tool', 'No_Conversion']",0
L017247,Priya Chen,,Electronics,LATAM,PathWave Software,,"['Keysight_University_Course', 'SQL', 'Keysight_University_Course', 'Opportunity', 'Whitepaper_Download_5G_Test', 'PathWave_Trial_Request', 'Loaner_Unit_Evaluation', 'IMS_Badge_Scan', 'No_Conversion']",0
L017248,Daniel Chen,Infin_Tech,Telecom,Europe,5G Testbeds,LinkedIn,"['MQL', 'Whitepaper_Download_5G_Test', 'No_Conversion']",0
L017249,Sofia Johnson,Infin_Tech,,APAC,Automotive Ethernet,Email Campaign,"['Oscilloscope_Selector_Tool', 'SQL', 'PathWave_Trial_Request', 'Loaner_Unit_Evaluation', 'Opportunity', 'No_Conversion']",0
L017250,Priya Johnson,Broadcom GmbH,Automotive,,5G Testbeds,Webinar,"['Opportunity', 'AutoSens_Tech_Talk', 'Application_Engineer_Call', 'AutoSens_Tech_Talk', 'Customer']",1
L017251,Hiroshi Anders,Meta Connectivity Labs GmbH,Telecom,Europe,Automotive Ethernet,,"['Keysight_University_Course', 'MQL', 'Opportunity', 'AutoSens_Tech_Talk', 'No_Conversion']",0
L017252,Daniel Johnson,,Telecom,Europe,PathWave Software,Event,"['Opportunity', 'Website_Product_Page', 'LinkedIn_Ad_Click', 'Whitepaper_Download_5G_Test', 'Loaner_Unit_Evaluation', 'Website_Product_Page', 'No_Conversion']",0
L017253,Sofia Tanaka,,Telecom,,Oscilloscopes,Event,"['Keysight_University_Course', 'PathWave_Trial_Request', 'MQL', 'Oscilloscope_Selector_Tool', 'IMS_Badge_Scan', 'PathWave_Trial_Request', 'Application_Engineer_Call', 'Keysight_Workshop_RF_Testing', 'DesignCon_Booth_Visit', 'No_Conversion']",0
L017254,Hiroshi Lee,NXP Semiconductors GmbH,,LATAM,PathWave Software,Webinar,"['LinkedIn_Ad_Click', 'Loaner_Unit_Evaluation', 'Customer']",1
L017255,,Bosch GmbH,Electronics,,5G Testbeds,Website,"['Keysight_University_Course', 'PathWave_Trial_Request', 'AutoSens_Tech_Talk', 'SQL', 'MQL', 'DesignCon_Booth_Visit', 'Oscilloscope_Selector_Tool', 'Customer']",1
L017256,,Samsung Electronics GmbH,,LATAM,Automotive Ethernet,LinkedIn,"['Technical_Demo', 'Whitepaper_Download_5G_Test', 'DesignCon_Booth_Visit', 'Customer']",1
L017257,Kenji Anders,Infineon,,LATAM,Automotive Ethernet,Sales Outreach,"['SQL', 'Customer']",1
L017258,Kenji Garcia,,,Europe,,Website,"['Keysight_University_Course', 'DesignCon_Booth_Visit', 'MQL', 'LinkedIn_Ad_Click', 'LinkedIn_Ad_Click', 'LinkedIn_Ad_Click', 'Technical_Demo', 'No_Conversion']",0
L017259,Hiroshi Singh,Broad_Tech,Electronics,,5G Testbeds,Sales Outreach,"['SQL', 'Keysight_University_Course', 'Customer']",1
L017260,Maria Khan,,Automotive,,PathWave Software,Sales Outreach,"['Opportunity', 'Lab_Integration_Discussion', 'Lab_Integration_Discussion', 'DesignCon_Booth_Visit', 'Loaner_Unit_Evaluation', 'LinkedIn_Ad_Click', 'Application_Engineer_Call', 'LinkedIn_Ad_Click', 'Customer']",1
L017261,Ahmed Ito,Qualc_Tech,,Europe,,Website,"['Oscilloscope_Selector_Tool', 'DesignCon_Booth_Visit', 'AutoSens_Tech_Talk', 'Website_Product_Page', 'DesignCon_Booth_Visit', 'No_Conversion']",0
L017262,Chen Singh,Bosch GmbH,,Europe,PathWave Software,Website,['No_Conversion'],0
L017263,Michael Ito,,Electronics,North America,,Website,['No_Conversion'],0
L017264,Hiroshi Chen,Broadcom,Aerospace,Europe,,Sales Outreach,"['Keysight_University_Course', 'No_Conversion']",0
L017265,Hiroshi Singh,Bosch GmbH,Automotive,,5G Testbeds,Webinar,"['Website_Product_Page', 'Lab_Integration_Discussion', 'Loaner_Unit_Evaluation', 'PathWave_Trial_Request', 'Customer']",1
L017266,Ravi Johnson,,Semiconductor,Europe,,Sales Outreach,"['Technical_Demo', 'Application_Engineer_Call', 'LinkedIn_Ad_Click', 'Whitepaper_Download_5G_Test', 'Website_Product_Page', 'Lab_Integration_Discussion', 'Customer']",1
L017267,Michael Singh,Rayth_Tech,,,Oscilloscopes,Sales Outreach,"['PathWave_Trial_Request', 'Keysight_University_Course', 'Opportunity', 'Application_Engineer_Call', 'Application_Engineer_Call', 'AutoSens_Tech_Talk', 'Application_Engineer_Call', 'No_Conversion']",0
L017268,Sarah Chen,Meta Connectivity Labs GmbH,,LATAM,,Email Campaign,"['Technical_Demo', 'AutoSens_Tech_Talk', 'Technical_Demo', 'Customer']",1
L017269,Sofia Singh,,Automotive,Europe,Automotive Ethernet,Email Campaign,"['IMS_Badge_Scan', 'PathWave_Trial_Request', 'Keysight_University_Course', 'No_Conversion']",0
L017270,,NXP Semiconductors,Electronics,APAC,Automotive Ethernet,Sales Outreach,"['Whitepaper_Download_5G_Test', 'LinkedIn_Ad_Click', 'Application_Engineer_Call', 'Technical_Demo', 'No_Conversion']",0
L017271,Sarah Patel,MetaC_Tech,,LATAM,,Email Campaign,"['Whitepaper_Download_5G_Test', 'AutoSens_Tech_Talk', 'Keysight_Workshop_RF_Testing', 'Customer']",1
L017272,Ahmed Garcia,NXPSe_Tech,,North America,PathWave Software,Website,"['Application_Engineer_Call', 'SQL', 'Customer']",1
L017273,Laura Ito,Bosch GmbH,,,,Event,"['Opportunity', 'Lab_Integration_Discussion', 'MQL', 'Loaner_Unit_Evaluation', 'Loaner_Unit_Evaluation', 'LinkedIn_Ad_Click', 'No_Conversion']",0
L017274,Daniel Singh,,,North America,,Webinar,"['Opportunity', 'SQL', 'Technical_Demo', 'Keysight_University_Course', 'No_Conversion']",0
L017275,Laura Garcia,Tesla Energy GmbH,Semiconductor,LATAM,,LinkedIn,"['Loaner_Unit_Evaluation', 'MQL', 'Application_Engineer_Call', 'Customer']",1
L017276,,Samsu_Tech,Aerospace,Europe,,Webinar,['Customer'],1
L017277,Daniel Khan,Bosch_Tech,Semiconductor,Europe,,Email Campaign,"['DesignCon_Booth_Visit', 'Technical_Demo', 'Oscilloscope_Selector_Tool', 'Opportunity', 'IMS_Badge_Scan', 'Lab_Integration_Discussion', 'No_Conversion']",0
L017278,Daniel Martinez,Sony_Tech,Telecom,LATAM,,Website,"['Technical_Demo', 'Loaner_Unit_Evaluation', 'Customer']",1
L017279,Maria Garcia,,Aerospace,,,Email Campaign,"['SQL', 'MQL', 'AutoSens_Tech_Talk', 'No_Conversion']",0
L017280,Ahmed Patel,Tesla Energy,Aerospace,LATAM,,Webinar,"['Opportunity', 'Website_Product_Page', 'PathWave_Trial_Request', 'AutoSens_Tech_Talk', 'DesignCon_Booth_Visit', 'Technical_Demo', 'Opportunity', 'AutoSens_Tech_Talk', 'MQL', 'Customer']",1
L017281,Daniel Tanaka,,Semiconductor,LATAM,5G Testbeds,,"['Lab_Integration_Discussion', 'Keysight_Workshop_RF_Testing', 'No_Conversion']",0
L017282,Laura Garcia,MetaC_Tech,Electronics,LATAM,,LinkedIn,"['Application_Engineer_Call', 'Lab_Integration_Discussion', 'LinkedIn_Ad_Click', 'MQL', 'Application_Engineer_Call', 'AutoSens_Tech_Talk', 'Opportunity', 'Lab_Integration_Discussion', 'No_Conversion']",0
L017283,Ravi Williams,Tesla_Tech,Aerospace,LATAM,Oscilloscopes,Sales Outreach,"['LinkedIn_Ad_Click', 'Keysight_University_Course', 'Keysight_Workshop_RF_Testing', 'Opportunity', 'No_Conversion']",0
L017284,Priya Lee,Infineon GmbH,Electronics,LATAM,Automotive Ethernet,,"['SQL', 'DesignCon_Booth_Visit', 'Keysight_University_Course', 'PathWave_Trial_Request', 'Keysight_Workshop_RF_Testing', 'PathWave_Trial_Request', 'DesignCon_Booth_Visit', 'Application_Engineer_Call', 'Customer']",1
L017285,Maria Khan,Bosch GmbH,,North America,5G Testbeds,Event,"['Technical_Demo', 'Customer']",1
L017286,Sofia Martinez,Bosch GmbH,Telecom,APAC,,,"['Lab_Integration_Discussion', 'Keysight_Workshop_RF_Testing', 'Keysight_Workshop_RF_Testing', 'AutoSens_Tech_Talk', 'AutoSens_Tech_Talk', 'No_Conversion']",0
L017287,Hiroshi Ito,Samsung Electronics GmbH,,APAC,Automotive Ethernet,Sales Outreach,"['Website_Product_Page', 'Keysight_University_Course', 'Opportunity', 'Loaner_Unit_Evaluation', 'SQL', 'Oscilloscope_Selector_Tool', 'PathWave_Trial_Request', 'Whitepaper_Download_5G_Test', 'Technical_Demo', 'Customer']",1
L017288,Laura Patel,NXP Semiconductors,,,5G Testbeds,Website,"['IMS_Badge_Scan', 'Lab_Integration_Discussion', 'Customer']",1
L017289,Sofia Johnson,Meta Connectivity Labs GmbH,,LATAM,Automotive Ethernet,LinkedIn,"['Website_Product_Page', 'SQL', 'Whitepaper_Download_5G_Test', 'PathWave_Trial_Request', 'Technical_Demo', 'Customer']",1
L017290,Kenji Ito,Rayth_Tech,,,Automotive Ethernet,Event,"['Application_Engineer_Call', 'Whitepaper_Download_5G_Test', 'Keysight_University_Course', 'Loaner_Unit_Evaluation', 'Loaner_Unit_Evaluation', 'Technical_Demo', 'Application_Engineer_Call', 'No_Conversion']",0
L017291,Kenji Lee,,Semiconductor,,,Website,"['PathWave_Trial_Request', 'LinkedIn_Ad_Click', 'PathWave_Trial_Request', 'Whitepaper_Download_5G_Test', 'Application_Engineer_Call', 'AutoSens_Tech_Talk', 'LinkedIn_Ad_Click', 'Lab_Integration_Discussion', 'SQL', 'SQL', 'Customer']",1
L017292,,Sony_Tech,Aerospace,APAC,,Event,"['Opportunity', 'No_Conversion']",0
L017293,Hiroshi Garcia,NXPSe_Tech,Aerospace,North America,5G Testbeds,LinkedIn,"['Loaner_Unit_Evaluation', 'Oscilloscope_Selector_Tool', 'SQL', 'SQL', 'Website_Product_Page', 'LinkedIn_Ad_Click', 'Keysight_Workshop_RF_Testing', 'IMS_Badge_Scan', 'Loaner_Unit_Evaluation', 'Opportunity', 'No_Conversion']",0
L017294,Sofia Anders,Meta Connectivity Labs,Semiconductor,,Automotive Ethernet,Email Campaign,"['LinkedIn_Ad_Click', 'DesignCon_Booth_Visit', 'No_Conversion']",0
L017295,Laura Patel,Raytheon GmbH,Automotive,North America,,Email Campaign,"['SQL', 'PathWave_Trial_Request', 'Customer']",1
L017296,Michael Patel,Raytheon GmbH,Automotive,North America,Oscilloscopes,,"['Lab_Integration_Discussion', 'No_Conversion']",0
L017297,Chen Martinez,,,APAC,Automotive Ethernet,Email Campaign,['No_Conversion'],0
L017298,Sofia Ito,Raytheon,Automotive,,,,"['Technical_Demo', 'LinkedIn_Ad_Click', 'Oscilloscope_Selector_Tool', 'LinkedIn_Ad_Click', 'Whitepaper_Download_5G_Test', 'Whitepaper_Download_5G_Test', 'Application_Engineer_Call', 'Technical_Demo', 'MQL', 'Customer']",1
L017299,Sarah Singh,Infin_Tech,Telecom,,,Email Campaign,"['AutoSens_Tech_Talk', 'AutoSens_Tech_Talk', 'DesignCon_Booth_Visit', 'Customer']",1
L017300,Daniel Ito,Sony,Semiconductor,North America,5G Testbeds,Event,"['LinkedIn_Ad_Click', 'Loaner_Unit_Evaluation', 'Whitepaper_Download_5G_Test', 'Technical_Demo', 'Keysight_Workshop_RF_Testing', 'Whitepaper_Download_5G_Test', 'Oscilloscope_Selector_Tool', 'Customer']",1
L017301,Laura Ito,Broadcom GmbH,Aerospace,LATAM,,Email Campaign,"['AutoSens_Tech_Talk', 'Oscilloscope_Selector_Tool', 'Keysight_University_Course', 'MQL', 'Customer']",1
L017302,Priya Lee,Infineon GmbH,Semiconductor,LATAM,,LinkedIn,"['Website_Product_Page', 'Whitepaper_Download_5G_Test', 'Keysight_Workshop_RF_Testing', 'MQL', 'Customer']",1
L017303,Hiroshi Williams,,,APAC,,Website,"['AutoSens_Tech_Talk', 'MQL', 'Website_Product_Page', 'No_Conversion']",0
L017304,Laura Singh,Bosch GmbH,Telecom,North America,,LinkedIn,"['LinkedIn_Ad_Click', 'LinkedIn_Ad_Click', 'Whitepaper_Download_5G_Test', 'LinkedIn_Ad_Click', 'SQL', 'Lab_Integration_Discussion', 'No_Conversion']",0
L017305,Priya Lee,Samsu_Tech,Automotive,,,Website,"['Oscilloscope_Selector_Tool', 'IMS_Badge_Scan', 'AutoSens_Tech_Talk', 'Keysight_University_Course', 'Keysight_University_Course', 'Loaner_Unit_Evaluation', 'PathWave_Trial_Request', 'Lab_Integration_Discussion', 'No_Conversion']",0
L017306,Priya Williams,Broadcom GmbH,,LATAM,,Email Campaign,"['Lab_Integration_Discussion', 'Opportunity', 'AutoSens_Tech_Talk', 'Keysight_Workshop_RF_Testing', 'PathWave_Trial_Request', 'Keysight_University_Course', 'Customer']",1
L017307,Priya Williams,Bosch GmbH,Automotive,,Automotive Ethernet,Email Campaign,"['MQL', 'Whitepaper_Download_5G_Test', 'Oscilloscope_Selector_Tool', 'Opportunity', 'DesignCon_Booth_Visit', 'No_Conversion']",0
L017308,Chen Ito,,Aerospace,LATAM,Automotive Ethernet,LinkedIn,"['Website_Product_Page', 'Application_Engineer_Call', 'MQL', 'Keysight_University_Course', 'Customer']",1
L017309,Maria Khan,Meta Connectivity Labs,Telecom,LATAM,5G Testbeds,Webinar,"['Application_Engineer_Call', 'Website_Product_Page', 'MQL', 'Oscilloscope_Selector_Tool', 'Application_Engineer_Call', 'SQL', 'PathWave_Trial_Request', 'No_Conversion']",0
L017310,Ahmed Johnson,NXPSe_Tech,Semiconductor,,5G Testbeds,Website,"['Oscilloscope_Selector_Tool', 'MQL', 'IMS_Badge_Scan', 'Keysight_Workshop_RF_Testing', 'PathWave_Trial_Request', 'IMS_Badge_Scan', 'Customer']",1
L017311,Sarah Khan,Samsu_Tech,Semiconductor,North America,PathWave Software,Event,"['Oscilloscope_Selector_Tool', 'Oscilloscope_Selector_Tool', 'Customer']",1
L017312,Daniel Patel,Raytheon GmbH,,LATAM,,Website,"['MQL', 'SQL', 'SQL', 'Technical_Demo', 'Customer']",1
L017313,Laura Garcia,Meta Connectivity Labs,Aerospace,APAC,Oscilloscopes,Sales Outreach,"['PathWave_Trial_Request', 'LinkedIn_Ad_Click', 'Opportunity', 'Keysight_Workshop_RF_Testing', 'No_Conversion']",0
L017314,Maria Anders,Samsung Electronics GmbH,Electronics,North America,Oscilloscopes,Event,['No_Conversion'],0
L017315,Ravi Chen,Infineon GmbH,,,Oscilloscopes,Event,"['Technical_Demo', 'Lab_Integration_Discussion', 'Technical_Demo', 'Website_Product_Page', 'Oscilloscope_Selector_Tool', 'Customer']",1
L017316,Michael Chen,Meta Connectivity Labs GmbH,Electronics,Europe,PathWave Software,Email Campaign,"['DesignCon_Booth_Visit', 'LinkedIn_Ad_Click', 'Application_Engineer_Call', 'Whitepaper_Download_5G_Test', 'Customer']",1
L017317,Priya Lee,Sony GmbH,,APAC,Automotive Ethernet,,"['Technical_Demo', 'MQL', 'Technical_Demo', 'Customer']",1
L017318,Laura Johnson,,,APAC,,LinkedIn,['Customer'],1
L017319,Hiroshi Tanaka,Samsu_Tech,Telecom,Europe,Oscilloscopes,LinkedIn,['Customer'],1
L017320,Laura Martinez,Meta Connectivity Labs GmbH,Semiconductor,Europe,5G Testbeds,Webinar,"['IMS_Badge_Scan', 'DesignCon_Booth_Visit', 'PathWave_Trial_Request', 'Keysight_Workshop_RF_Testing', 'Application_Engineer_Call', 'Keysight_University_Course', 'Keysight_Workshop_RF_Testing', 'Customer']",1
L017321,Hiroshi Williams,,,,PathWave Software,LinkedIn,"['MQL', 'Keysight_Workshop_RF_Testing', 'DesignCon_Booth_Visit', 'Whitepaper_Download_5G_Test', 'Lab_Integration_Discussion', 'Technical_Demo', 'No_Conversion']",0
L017322,Kenji Lee,Sony,Electronics,North America,,Sales Outreach,"['Opportunity', 'DesignCon_Booth_Visit', 'Opportunity', 'Customer']",1
L017323,Kenji Ito,Qualcomm,Electronics,LATAM,,Email Campaign,"['IMS_Badge_Scan', 'Whitepaper_Download_5G_Test', 'Lab_Integration_Discussion', 'AutoSens_Tech_Talk', 'PathWave_Trial_Request', 'Customer']",1
L017324,,,Telecom,,Oscilloscopes,LinkedIn,"['LinkedIn_Ad_Click', 'AutoSens_Tech_Talk', 'PathWave_Trial_Request', 'SQL', 'Lab_Integration_Discussion', 'MQL', 'PathWave_Trial_Request', 'No_Conversion']",0
L017325,Kenji Williams,,Telecom,APAC,Oscilloscopes,Sales Outreach,"['AutoSens_Tech_Talk', 'Application_Engineer_Call', 'Opportunity', 'No_Conversion']",0
L017326,Ahmed Singh,Tesla Energy GmbH,Aerospace,Europe,Automotive Ethernet,LinkedIn,"['Whitepaper_Download_5G_Test', 'Customer']",1
L017327,Ahmed Williams,Meta Connectivity Labs GmbH,Automotive,APAC,Automotive Ethernet,Email Campaign,['Customer'],1
L017328,,Broad_Tech,Telecom,LATAM,5G Testbeds,Email Campaign,"['Oscilloscope_Selector_Tool', 'Opportunity', 'Technical_Demo', 'Whitepaper_Download_5G_Test', 'LinkedIn_Ad_Click', 'AutoSens_Tech_Talk', 'Opportunity', 'Website_Product_Page', 'SQL', 'Keysight_Workshop_RF_Testing', 'Customer']",1
L017329,Priya Patel,Raytheon,,Europe,,Website,"['MQL', 'DesignCon_Booth_Visit', 'SQL', 'Lab_Integration_Discussion', 'Keysight_University_Course', 'IMS_Badge_Scan', 'IMS_Badge_Scan', 'MQL', 'Customer']",1
L017330,Sarah Tanaka,,Telecom,APAC,,Event,"['LinkedIn_Ad_Click', 'LinkedIn_Ad_Click', 'No_Conversion']",0
L017331,Daniel Patel,Broadcom GmbH,,APAC,5G Testbeds,Event,"['Loaner_Unit_Evaluation', 'IMS_Badge_Scan', 'Whitepaper_Download_5G_Test', 'SQL', 'Customer']",1
L017332,Ravi Martinez,Broad_Tech,,North America,,Sales Outreach,"['SQL', 'Application_Engineer_Call', 'Keysight_University_Course', 'AutoSens_Tech_Talk', 'No_Conversion']",0
L017333,Sofia Chen,Broadcom,Telecom,North America,PathWave Software,LinkedIn,"['IMS_Badge_Scan', 'Application_Engineer_Call', 'PathWave_Trial_Request', 'No_Conversion']",0
L017334,Laura Chen,Infineon GmbH,Aerospace,,Automotive Ethernet,Event,"['AutoSens_Tech_Talk', 'Customer']",1
L017335,Sarah Singh,Tesla Energy,,LATAM,Oscilloscopes,,"['Website_Product_Page', 'No_Conversion']",0
L017336,Priya Patel,Tesla Energy GmbH,Automotive,LATAM,5G Testbeds,Website,"['SQL', 'Loaner_Unit_Evaluation', 'Technical_Demo', 'Keysight_Workshop_RF_Testing', 'SQL', 'Oscilloscope_Selector_Tool', 'SQL', 'Oscilloscope_Selector_Tool', 'Opportunity', 'Lab_Integration_Discussion', 'Customer']",1
L017337,Laura Singh,Meta Connectivity Labs,Telecom,,,Website,"['DesignCon_Booth_Visit', 'Keysight_University_Course', 'Loaner_Unit_Evaluation', 'PathWave_Trial_Request', 'No_Conversion']",0
L017338,Sofia Garcia,Sony,,LATAM,,Website,"['Keysight_University_Course', 'IMS_Badge_Scan', 'Keysight_Workshop_RF_Testing', 'MQL', 'Customer']",1
L017339,Kenji Tanaka,Bosch,Electronics,,,Email Campaign,"['AutoSens_Tech_Talk', 'Lab_Integration_Discussion', 'Whitepaper_Download_5G_Test', 'IMS_Badge_Scan', 'AutoSens_Tech_Talk', 'Whitepaper_Download_5G_Test', 'Website_Product_Page', 'Keysight_University_Course', 'Keysight_Workshop_RF_Testing', 'No_Conversion']",0
L017340,Priya Chen,Sony GmbH,Aerospace,North America,Automotive Ethernet,Webinar,"['Application_Engineer_Call', 'Customer']",1
L017341,Hiroshi Chen,Bosch_Tech,Semiconductor,,Oscilloscopes,Email Campaign,['No_Conversion'],0
L017342,Sofia Khan,,,Europe,Oscilloscopes,,"['Website_Product_Page', 'Keysight_University_Course', 'Opportunity', 'Customer']",1
L017343,Maria Tanaka,Meta Connectivity Labs,,APAC,5G Testbeds,Email Campaign,"['IMS_Badge_Scan', 'Opportunity', 'Application_Engineer_Call', 'No_Conversion']",0
L017344,Chen Lee,,,North America,,Email Campaign,"['Keysight_University_Course', 'AutoSens_Tech_Talk', 'LinkedIn_Ad_Click', 'Whitepaper_Download_5G_Test', 'Customer']",1
L017345,Hiroshi Lee,Bosch_Tech,Aerospace,APAC,PathWave Software,Sales Outreach,"['Keysight_University_Course', 'Keysight_Workshop_RF_Testing', 'DesignCon_Booth_Visit', 'AutoSens_Tech_Talk', 'IMS_Badge_Scan', 'Keysight_Workshop_RF_Testing', 'Loaner_Unit_Evaluation', 'Application_Engineer_Call', 'MQL', 'No_Conversion']",0
L017346,Michael Tanaka,Sony_Tech,Automotive,LATAM,,Sales Outreach,"['Loaner_Unit_Evaluation', 'No_Conversion']",0
L017347,Hiroshi Tanaka,NXPSe_Tech,Semiconductor,Europe,Automotive Ethernet,Event,"['Website_Product_Page', 'AutoSens_Tech_Talk', 'Opportunity', 'DesignCon_Booth_Visit', 'DesignCon_Booth_Visit', 'Keysight_University_Course', 'No_Conversion']",0
L017348,Daniel Tanaka,Tesla Energy GmbH,Aerospace,Europe,,Sales Outreach,"['Lab_Integration_Discussion', 'Whitepaper_Download_5G_Test', 'Lab_Integration_Discussion', 'Opportunity', 'LinkedIn_Ad_Click', 'IMS_Badge_Scan', 'PathWave_Trial_Request', 'Opportunity', 'SQL', 'No_Conversion']",0
L017349,Priya Martinez,,,APAC,,Event,"['Opportunity', 'LinkedIn_Ad_Click', 'Lab_Integration_Discussion', 'MQL', 'Customer']",1
L017350,,Samsung Electronics,Aerospace,Europe,,Sales Outreach,['Customer'],1
L017351,Sarah Singh,,Aerospace,LATAM,Automotive Ethernet,Webinar,"['SQL', 'AutoSens_Tech_Talk', 'Website_Product_Page', 'Whitepaper_Download_5G_Test', 'LinkedIn_Ad_Click', 'AutoSens_Tech_Talk', 'AutoSens_Tech_Talk', 'No_Conversion']",0
L017352,Maria Ito,Rayth_Tech,,North America,PathWave Software,Sales Outreach,"['MQL', 'Loaner_Unit_Evaluation', 'No_Conversion']",0
L017353,Sarah Johnson,Infineon,,LATAM,,LinkedIn,"['DesignCon_Booth_Visit', 'Keysight_University_Course', 'Customer']",1
L017354,Ahmed Patel,Meta Connectivity Labs,Telecom,Europe,5G Testbeds,Website,"['Opportunity', 'DesignCon_Booth_Visit', 'Oscilloscope_Selector_Tool', 'DesignCon_Booth_Visit', 'Loaner_Unit_Evaluation', 'Website_Product_Page', 'DesignCon_Booth_Visit', 'MQL', 'Customer']",1
L017355,Kenji Garcia,Samsung Electronics,Automotive,Europe,Automotive Ethernet,LinkedIn,"['SQL', 'SQL', 'Opportunity', 'Application_Engineer_Call', 'Website_Product_Page', 'Whitepaper_Download_5G_Test', 'AutoSens_Tech_Talk', 'LinkedIn_Ad_Click', 'Customer']",1
L017356,Sarah Martinez,Raytheon GmbH,Semiconductor,North America,Automotive Ethernet,Website,"['MQL', 'AutoSens_Tech_Talk', 'DesignCon_Booth_Visit', 'AutoSens_Tech_Talk', 'Opportunity', 'MQL', 'Keysight_Workshop_RF_Testing', 'Technical_Demo', 'Opportunity', 'No_Conversion']",0
L017357,Hiroshi Ito,NXP Semiconductors,Electronics,North America,,Webinar,"['Loaner_Unit_Evaluation', 'AutoSens_Tech_Talk', 'AutoSens_Tech_Talk', 'Keysight_University_Course', 'PathWave_Trial_Request', 'Customer']",1
L017358,Hiroshi Khan,Infineon,Aerospace,LATAM,Oscilloscopes,,"['AutoSens_Tech_Talk', 'No_Conversion']",0
L017359,Ravi Singh,Samsung Electronics,Telecom,North America,,Email Campaign,"['Application_Engineer_Call', 'DesignCon_Booth_Visit', 'Loaner_Unit_Evaluation', 'Lab_Integration_Discussion', 'LinkedIn_Ad_Click', 'SQL', 'AutoSens_Tech_Talk', 'Application_Engineer_Call', 'Customer']",1
L017360,Ravi Tanaka,MetaC_Tech,,,,,['Customer'],1
L017361,Ahmed Khan,Tesla Energy GmbH,,North America,,LinkedIn,"['Opportunity', 'Keysight_University_Course', 'DesignCon_Booth_Visit', 'Keysight_University_Course', 'Customer']",1
L017362,Laura Williams,Bosch_Tech,Electronics,APAC,PathWave Software,Event,"['Keysight_Workshop_RF_Testing', 'MQL', 'No_Conversion']",0
L017363,Kenji Lee,Bosch,Telecom,LATAM,PathWave Software,,"['Keysight_Workshop_RF_Testing', 'No_Conversion']",0
L017364,Chen Patel,,,North America,Automotive Ethernet,Website,['Customer'],1
L017365,Priya Patel,Sony,,APAC,5G Testbeds,LinkedIn,"['Lab_Integration_Discussion', 'No_Conversion']",0
L017366,Ravi Khan,NXP Semiconductors,Electronics,North America,Automotive Ethernet,,"['SQL', 'Loaner_Unit_Evaluation', 'Customer']",1
L017367,Maria Patel,Infineon,Aerospace,,Automotive Ethernet,,"['Keysight_University_Course', 'SQL', 'SQL', 'AutoSens_Tech_Talk', 'IMS_Badge_Scan', 'LinkedIn_Ad_Click', 'No_Conversion']",0
L017368,,Tesla Energy GmbH,Telecom,North America,,Website,"['SQL', 'Keysight_Workshop_RF_Testing', 'Keysight_Workshop_RF_Testing', 'Oscilloscope_Selector_Tool', 'AutoSens_Tech_Talk', 'Customer']",1
L017369,Kenji Ito,Infin_Tech,Semiconductor,,5G Testbeds,,"['DesignCon_Booth_Visit', 'MQL', 'DesignCon_Booth_Visit', 'MQL', 'DesignCon_Booth_Visit', 'No_Conversion']",0
L017370,,MetaC_Tech,,APAC,,,['No_Conversion'],0
L017371,Ravi Khan,MetaC_Tech,Semiconductor,APAC,PathWave Software,Email Campaign,"['SQL', 'SQL', 'Lab_Integration_Discussion', 'AutoSens_Tech_Talk', 'PathWave_Trial_Request', 'No_Conversion']",0
L017372,Ravi Khan,Broad_Tech,,APAC,,Website,['No_Conversion'],0
L017373,Daniel Patel,Infineon GmbH,Aerospace,APAC,5G Testbeds,Sales Outreach,"['SQL', 'Technical_Demo', 'IMS_Badge_Scan', 'No_Conversion']",0
L017374,Laura Chen,,Semiconductor,LATAM,5G Testbeds,Webinar,"['PathWave_Trial_Request', 'Customer']",1
L017375,Michael Williams,Sony,,,,Sales Outreach,"['Application_Engineer_Call', 'IMS_Badge_Scan', 'Keysight_Workshop_RF_Testing', 'MQL', 'Keysight_Workshop_RF_Testing', 'Opportunity', 'AutoSens_Tech_Talk', 'No_Conversion']",0
L017376,Hiroshi Martinez,Bosch GmbH,Semiconductor,Europe,Oscilloscopes,Event,"['Whitepaper_Download_5G_Test', 'IMS_Badge_Scan', 'AutoSens_Tech_Talk', 'LinkedIn_Ad_Click', 'No_Conversion']",0
L017377,Ahmed Williams,Tesla Energy GmbH,Automotive,APAC,,Website,['Customer'],1
L017378,Priya Singh,Sony_Tech,Electronics,,PathWave Software,Webinar,"['Oscilloscope_Selector_Tool', 'IMS_Badge_Scan', 'Customer']",1
L017379,Priya Williams,NXP Semiconductors GmbH,Aerospace,North America,PathWave Software,Webinar,"['Whitepaper_Download_5G_Test', 'Keysight_Workshop_RF_Testing', 'Loaner_Unit_Evaluation', 'DesignCon_Booth_Visit', 'No_Conversion']",0
L017380,Chen Johnson,Meta Connectivity Labs GmbH,Automotive,,,Webinar,"['PathWave_Trial_Request', 'Whitepaper_Download_5G_Test', 'AutoSens_Tech_Talk', 'Oscilloscope_Selector_Tool', 'Customer']",1
L017381,Maria Khan,Samsung Electronics GmbH,Aerospace,Europe,,Email Campaign,['Customer'],1
L017382,Sarah Singh,NXPSe_Tech,Semiconductor,North America,PathWave Software,Website,['Customer'],1
L017383,Kenji Singh,Tesla Energy,,,Automotive Ethernet,LinkedIn,"['Loaner_Unit_Evaluation', 'Oscilloscope_Selector_Tool', 'Keysight_Workshop_RF_Testing', 'SQL', 'SQL', 'DesignCon_Booth_Visit', 'Customer']",1
L017384,Laura Singh,Sony GmbH,Automotive,,,Event,"['IMS_Badge_Scan', 'Lab_Integration_Discussion', 'Application_Engineer_Call', 'Lab_Integration_Discussion', 'LinkedIn_Ad_Click', 'Application_Engineer_Call', 'Keysight_University_Course', 'DesignCon_Booth_Visit', 'No_Conversion']",0
L017385,,,Automotive,LATAM,Oscilloscopes,,"['Whitepaper_Download_5G_Test', 'SQL', 'LinkedIn_Ad_Click', 'Opportunity', 'Website_Product_Page', 'Oscilloscope_Selector_Tool', 'No_Conversion']",0
L017386,Hiroshi Williams,Samsung Electronics,Telecom,APAC,,Sales Outreach,"['DesignCon_Booth_Visit', 'PathWave_Trial_Request', 'SQL', 'LinkedIn_Ad_Click', 'No_Conversion']",0
L017387,Michael Martinez,Bosch_Tech,Aerospace,APAC,,Email Campaign,"['Keysight_University_Course', 'Technical_Demo', 'Lab_Integration_Discussion', 'Website_Product_Page', 'LinkedIn_Ad_Click', 'Oscilloscope_Selector_Tool', 'Website_Product_Page', 'Customer']",1
L017388,Daniel Patel,,Telecom,APAC,PathWave Software,,"['PathWave_Trial_Request', 'Whitepaper_Download_5G_Test', 'Customer']",1
L017389,,Rayth_Tech,Aerospace,LATAM,Oscilloscopes,Email Campaign,"['Keysight_University_Course', 'AutoSens_Tech_Talk', 'Technical_Demo', 'No_Conversion']",0
L017390,Maria Garcia,Tesla Energy,,APAC,,Webinar,"['Keysight_Workshop_RF_Testing', 'Oscilloscope_Selector_Tool', 'LinkedIn_Ad_Click', 'Loaner_Unit_Evaluation', 'Whitepaper_Download_5G_Test', 'SQL', 'No_Conversion']",0
L017391,Laura Chen,Sony,,,,Sales Outreach,"['PathWave_Trial_Request', 'LinkedIn_Ad_Click', 'Keysight_University_Course', 'No_Conversion']",0
L017392,Michael Williams,Samsung Electronics,Electronics,LATAM,5G Testbeds,Sales Outreach,"['AutoSens_Tech_Talk', 'Oscilloscope_Selector_Tool', 'AutoSens_Tech_Talk', 'Oscilloscope_Selector_Tool', 'Technical_Demo', 'Customer']",1
L017393,Laura Chen,Infineon GmbH,Telecom,APAC,,Email Campaign,"['Website_Product_Page', 'Loaner_Unit_Evaluation', 'Technical_Demo', 'Technical_Demo', 'SQL', 'IMS_Badge_Scan', 'Customer']",1
L017394,Ravi Singh,Infin_Tech,Aerospace,APAC,Automotive Ethernet,Event,"['Application_Engineer_Call', 'Opportunity', 'DesignCon_Booth_Visit', 'Customer']",1
L017395,Daniel Martinez,,Automotive,,5G Testbeds,Email Campaign,"['Loaner_Unit_Evaluation', 'Technical_Demo', 'MQL', 'Keysight_University_Course', 'Website_Product_Page', 'Whitepaper_Download_5G_Test', 'Customer']",1
L017396,,NXPSe_Tech,,APAC,Automotive Ethernet,Webinar,"['Opportunity', 'DesignCon_Booth_Visit', 'Keysight_Workshop_RF_Testing', 'Application_Engineer_Call', 'PathWave_Trial_Request', 'Oscilloscope_Selector_Tool', 'SQL', 'Loaner_Unit_Evaluation', 'DesignCon_Booth_Visit', 'Customer']",1
L017397,Daniel Singh,,,,5G Testbeds,LinkedIn,"['Keysight_Workshop_RF_Testing', 'MQL', 'PathWave_Trial_Request', 'Opportunity', 'Whitepaper_Download_5G_Test', 'Customer']",1
L017398,Sofia Singh,Infineon,Automotive,,5G Testbeds,Website,"['Website_Product_Page', 'Keysight_Workshop_RF_Testing', 'Application_Engineer_Call', 'DesignCon_Booth_Visit', 'Customer']",1
L017399,Maria Patel,,,LATAM,5G Testbeds,Webinar,"['Opportunity', 'Website_Product_Page', 'PathWave_Trial_Request', 'No_Conversion']",0
L017400,Michael Tanaka,Samsung Electronics,Electronics,Europe,Oscilloscopes,Website,"['Keysight_University_Course', 'SQL', 'PathWave_Trial_Request', 'No_Conversion']",0
L017401,Sarah Lee,,Electronics,APAC,Oscilloscopes,Sales Outreach,"['Whitepaper_Download_5G_Test', 'No_Conversion']",0
L017402,Sarah Garcia,Qualcomm GmbH,Electronics,North America,,Email Campaign,"['AutoSens_Tech_Talk', 'DesignCon_Booth_Visit', 'MQL', 'IMS_Badge_Scan', 'PathWave_Trial_Request', 'Customer']",1
L017403,Michael Tanaka,MetaC_Tech,Telecom,APAC,Automotive Ethernet,Webinar,"['Keysight_University_Course', 'Keysight_University_Course', 'Keysight_Workshop_RF_Testing', 'Keysight_University_Course', 'Oscilloscope_Selector_Tool', 'PathWave_Trial_Request', 'Oscilloscope_Selector_Tool', 'Customer']",1
L017404,Sarah Patel,,,Europe,Automotive Ethernet,,"['Website_Product_Page', 'No_Conversion']",0
L017405,Ahmed Ito,,Telecom,LATAM,Oscilloscopes,Event,"['Whitepaper_Download_5G_Test', 'Loaner_Unit_Evaluation', 'Website_Product_Page', 'PathWave_Trial_Request', 'Oscilloscope_Selector_Tool', 'No_Conversion']",0
L017406,Sarah Khan,Qualc_Tech,Semiconductor,,Automotive Ethernet,Website,"['IMS_Badge_Scan', 'Application_Engineer_Call', 'Opportunity', 'Customer']",1
L017407,Priya Johnson,Broad_Tech,Aerospace,APAC,,Email Campaign,"['Lab_Integration_Discussion', 'LinkedIn_Ad_Click', 'Loaner_Unit_Evaluation', 'Loaner_Unit_Evaluation', 'PathWave_Trial_Request', 'Customer']",1
L017408,Kenji Anders,,,,,,"['Opportunity', 'Whitepaper_Download_5G_Test', 'Application_Engineer_Call', 'DesignCon_Booth_Visit', 'IMS_Badge_Scan', 'Whitepaper_Download_5G_Test', 'Customer']",1
L017409,Ravi Martinez,Sony_Tech,Automotive,APAC,PathWave Software,LinkedIn,"['Loaner_Unit_Evaluation', 'LinkedIn_Ad_Click', 'Opportunity', 'Keysight_University_Course', 'Loaner_Unit_Evaluation', 'Customer']",1
L017410,Laura Tanaka,Samsu_Tech,Aerospace,,Oscilloscopes,Website,"['LinkedIn_Ad_Click', 'No_Conversion']",0
L017411,Daniel Tanaka,Samsung Electronics GmbH,Semiconductor,North America,PathWave Software,Event,"['SQL', 'Application_Engineer_Call', 'LinkedIn_Ad_Click', 'LinkedIn_Ad_Click', 'No_Conversion']",0
L017412,Kenji Garcia,Bosch_Tech,,North America,,Website,['Customer'],1
L017413,,,Electronics,Europe,5G Testbeds,,['Customer'],1
L017414,Michael Martinez,,Semiconductor,,,Event,"['Application_Engineer_Call', 'MQL', 'Whitepaper_Download_5G_Test', 'Loaner_Unit_Evaluation', 'Whitepaper_Download_5G_Test', 'Lab_Integration_Discussion', 'PathWave_Trial_Request', 'Application_Engineer_Call', 'Oscilloscope_Selector_Tool', 'No_Conversion']",0
L017415,Maria Singh,Bosch_Tech,Automotive,North America,,Sales Outreach,"['DesignCon_Booth_Visit', 'DesignCon_Booth_Visit', 'Whitepaper_Download_5G_Test', 'No_Conversion']",0
L017416,Daniel Garcia,Infin_Tech,Semiconductor,APAC,PathWave Software,Sales Outreach,"['Loaner_Unit_Evaluation', 'Loaner_Unit_Evaluation', 'Whitepaper_Download_5G_Test', 'Keysight_University_Course', 'No_Conversion']",0
L017417,Sarah Singh,,Semiconductor,,Automotive Ethernet,Website,"['Keysight_University_Course', 'Application_Engineer_Call', 'SQL', 'Customer']",1
L017418,,Tesla Energy GmbH,Semiconductor,North America,Automotive Ethernet,Sales Outreach,"['Whitepaper_Download_5G_Test', 'DesignCon_Booth_Visit', 'LinkedIn_Ad_Click', 'Opportunity', 'No_Conversion']",0
L017419,Laura Anders,,,Europe,5G Testbeds,Sales Outreach,"['Keysight_University_Course', 'LinkedIn_Ad_Click', 'Website_Product_Page', 'Website_Product_Page', 'Keysight_Workshop_RF_Testing', 'Application_Engineer_Call', 'DesignCon_Booth_Visit', 'Whitepaper_Download_5G_Test', 'Keysight_University_Course', 'Keysight_Workshop_RF_Testing', 'No_Conversion']",0
L017420,Sofia Chen,Raytheon GmbH,Aerospace,,Automotive Ethernet,Event,"['PathWave_Trial_Request', 'LinkedIn_Ad_Click', 'Whitepaper_Download_5G_Test', 'No_Conversion']",0
L017421,Maria Tanaka,Rayth_Tech,Telecom,North America,Automotive Ethernet,Sales Outreach,"['Website_Product_Page', 'MQL', 'DesignCon_Booth_Visit', 'Lab_Integration_Discussion', 'Keysight_Workshop_RF_Testing', 'Keysight_University_Course', 'Application_Engineer_Call', 'Lab_Integration_Discussion', 'No_Conversion']",0
L017422,Maria Johnson,,Telecom,,,Website,"['Oscilloscope_Selector_Tool', 'No_Conversion']",0
L017423,Priya Tanaka,Samsung Electronics,Automotive,,Automotive Ethernet,Event,"['Whitepaper_Download_5G_Test', 'Oscilloscope_Selector_Tool', 'Opportunity', 'Loaner_Unit_Evaluation', 'Application_Engineer_Call', 'DesignCon_Booth_Visit', 'PathWave_Trial_Request', 'Application_Engineer_Call', 'Customer']",1
L017424,,Rayth_Tech,Aerospace,North America,Oscilloscopes,Website,"['PathWave_Trial_Request', 'PathWave_Trial_Request', 'IMS_Badge_Scan', 'No_Conversion']",0
L017425,Sofia Williams,Infineon GmbH,Electronics,LATAM,,Email Campaign,['No_Conversion'],0
L017426,Ahmed Chen,Tesla Energy GmbH,,APAC,Oscilloscopes,Event,"['Keysight_University_Course', 'Keysight_Workshop_RF_Testing', 'Lab_Integration_Discussion', 'IMS_Badge_Scan', 'DesignCon_Booth_Visit', 'Application_Engineer_Call', 'IMS_Badge_Scan', 'Customer']",1
L017427,Ravi Lee,Tesla Energy,,North America,Oscilloscopes,Event,"['AutoSens_Tech_Talk', 'Keysight_Workshop_RF_Testing', 'SQL', 'Application_Engineer_Call', 'SQL', 'LinkedIn_Ad_Click', 'DesignCon_Booth_Visit', 'Lab_Integration_Discussion', 'Whitepaper_Download_5G_Test', 'Website_Product_Page', 'No_Conversion']",0
L017428,Chen Martinez,Samsung Electronics GmbH,,North America,PathWave Software,Sales Outreach,['Customer'],1
L017429,Chen Lee,,Electronics,LATAM,PathWave Software,Website,"['PathWave_Trial_Request', 'MQL', 'AutoSens_Tech_Talk', 'No_Conversion']",0
L017430,Chen Patel,Meta Connectivity Labs,Electronics,,Automotive Ethernet,,"['Website_Product_Page', 'PathWave_Trial_Request', 'DesignCon_Booth_Visit', 'Oscilloscope_Selector_Tool', 'Customer']",1
L017431,Sarah Ito,Qualcomm GmbH,Electronics,Europe,5G Testbeds,LinkedIn,"['Website_Product_Page', 'PathWave_Trial_Request', 'DesignCon_Booth_Visit', 'AutoSens_Tech_Talk', 'Whitepaper_Download_5G_Test', 'Customer']",1
L017432,Kenji Tanaka,NXP Semiconductors GmbH,Telecom,North America,PathWave Software,LinkedIn,"['LinkedIn_Ad_Click', 'IMS_Badge_Scan', 'Technical_Demo', 'DesignCon_Booth_Visit', 'Website_Product_Page', 'No_Conversion']",0
L017433,Sarah Patel,,,,,Event,"['Website_Product_Page', 'DesignCon_Booth_Visit', 'Whitepaper_Download_5G_Test', 'Keysight_Workshop_RF_Testing', 'Website_Product_Page', 'Customer']",1
L017434,Maria Martinez,MetaC_Tech,Electronics,APAC,Oscilloscopes,Sales Outreach,"['AutoSens_Tech_Talk', 'Lab_Integration_Discussion', 'Oscilloscope_Selector_Tool', 'IMS_Badge_Scan', 'IMS_Badge_Scan', 'Opportunity', 'PathWave_Trial_Request', 'Customer']",1
L017435,,Infin_Tech,Aerospace,LATAM,,Sales Outreach,"['Lab_Integration_Discussion', 'MQL', 'Application_Engineer_Call', 'IMS_Badge_Scan', 'No_Conversion']",0
L017436,Kenji Anders,,,LATAM,,LinkedIn,"['LinkedIn_Ad_Click', 'PathWave_Trial_Request', 'IMS_Badge_Scan', 'LinkedIn_Ad_Click', 'Lab_Integration_Discussion', 'DesignCon_Booth_Visit', 'Customer']",1
L017437,Kenji Lee,Meta Connectivity Labs,Aerospace,,Oscilloscopes,Email Campaign,['No_Conversion'],0
L017438,Ravi Chen,Raytheon GmbH,Electronics,APAC,PathWave Software,LinkedIn,"['MQL', 'Oscilloscope_Selector_Tool', 'PathWave_Trial_Request', 'AutoSens_Tech_Talk', 'Technical_Demo', 'No_Conversion']",0
L017439,Hiroshi Williams,Sony_Tech,Telecom,LATAM,PathWave Software,Email Campaign,"['MQL', 'SQL', 'Keysight_University_Course', 'AutoSens_Tech_Talk', 'Lab_Integration_Discussion', 'Application_Engineer_Call', 'Customer']",1
L017440,Ahmed Johnson,Infineon GmbH,Automotive,,5G Testbeds,Webinar,"['Loaner_Unit_Evaluation', 'No_Conversion']",0
L017441,Maria Ito,Infineon GmbH,Electronics,North America,PathWave Software,Webinar,"['Lab_Integration_Discussion', 'Application_Engineer_Call', 'Oscilloscope_Selector_Tool', 'MQL', 'No_Conversion']",0
L017442,Sofia Tanaka,NXP Semiconductors GmbH,,LATAM,,Email Campaign,"['Loaner_Unit_Evaluation', 'Website_Product_Page', 'LinkedIn_Ad_Click', 'Opportunity', 'LinkedIn_Ad_Click', 'MQL', 'Oscilloscope_Selector_Tool', 'No_Conversion']",0
L017443,Maria Anders,Tesla_Tech,Semiconductor,,,Sales Outreach,"['AutoSens_Tech_Talk', 'PathWave_Trial_Request', 'Website_Product_Page', 'No_Conversion']",0
L017444,Sofia Tanaka,Broad_Tech,Aerospace,Europe,,Event,"['PathWave_Trial_Request', 'Customer']",1
L017445,Maria Patel,Sony,Automotive,Europe,5G Testbeds,Email Campaign,"['PathWave_Trial_Request', 'DesignCon_Booth_Visit', 'PathWave_Trial_Request', 'Technical_Demo', 'Application_Engineer_Call', 'Customer']",1
L017446,Michael Garcia,MetaC_Tech,Telecom,APAC,Automotive Ethernet,LinkedIn,"['Lab_Integration_Discussion', 'Customer']",1
L017447,Sarah Johnson,Meta Connectivity Labs,Telecom,Europe,PathWave Software,LinkedIn,"['Whitepaper_Download_5G_Test', 'Opportunity', 'LinkedIn_Ad_Click', 'Oscilloscope_Selector_Tool', 'Application_Engineer_Call', 'Customer']",1
L017448,Kenji Singh,MetaC_Tech,,,PathWave Software,Event,"['Technical_Demo', 'Loaner_Unit_Evaluation', 'MQL', 'Application_Engineer_Call', 'Customer']",1
L017449,,Samsung Electronics,,,5G Testbeds,LinkedIn,['No_Conversion'],0
L017450,Ahmed Williams,Qualc_Tech,Electronics,,,Email Campaign,"['Keysight_University_Course', 'Keysight_University_Course', 'LinkedIn_Ad_Click', 'Customer']",1
L017451,Daniel Johnson,Qualc_Tech,Electronics,North America,PathWave Software,Event,"['Lab_Integration_Discussion', 'Keysight_University_Course', 'Lab_Integration_Discussion', 'Customer']",1
L017452,Ahmed Tanaka,,Automotive,,Oscilloscopes,,"['AutoSens_Tech_Talk', 'DesignCon_Booth_Visit', 'Whitepaper_Download_5G_Test', 'Opportunity', 'AutoSens_Tech_Talk', 'LinkedIn_Ad_Click', 'Customer']",1
L017453,Daniel Lee,Qualcomm GmbH,Automotive,LATAM,,Sales Outreach,"['AutoSens_Tech_Talk', 'No_Conversion']",0
L017454,Kenji Ito,,,,,Sales Outreach,"['PathWave_Trial_Request', 'SQL', 'No_Conversion']",0
L017455,,Broadcom,Telecom,Europe,Oscilloscopes,Website,"['Keysight_Workshop_RF_Testing', 'PathWave_Trial_Request', 'AutoSens_Tech_Talk', 'Website_Product_Page', 'Lab_Integration_Discussion', 'Customer']",1
L017456,Ahmed Tanaka,,,,,Webinar,"['Website_Product_Page', 'Website_Product_Page', 'Customer']",1
L017457,Daniel Ito,,Automotive,North America,,Event,"['Keysight_University_Course', 'LinkedIn_Ad_Click', 'Technical_Demo', 'MQL', 'Technical_Demo', 'Technical_Demo', 'Customer']",1
L017458,Sarah Garcia,Qualcomm GmbH,Automotive,APAC,,LinkedIn,"['Keysight_University_Course', 'Website_Product_Page', 'IMS_Badge_Scan', 'Website_Product_Page', 'IMS_Badge_Scan', 'Lab_Integration_Discussion', 'PathWave_Trial_Request', 'PathWave_Trial_Request', 'SQL', 'LinkedIn_Ad_Click', 'No_Conversion']",0
L017459,Michael Martinez,Sony,Electronics,,,Event,['Customer'],1
L017460,Ravi Anders,Tesla Energy,,,Automotive Ethernet,Website,"['Opportunity', 'DesignCon_Booth_Visit', 'Website_Product_Page', 'LinkedIn_Ad_Click', 'Customer']",1
L017461,Sarah Johnson,,Automotive,LATAM,,Event,['Customer'],1
L017462,,Qualcomm GmbH,,APAC,,,"['SQL', 'Loaner_Unit_Evaluation', 'Loaner_Unit_Evaluation', 'Opportunity', 'Whitepaper_Download_5G_Test', 'AutoSens_Tech_Talk', 'Keysight_University_Course', 'Oscilloscope_Selector_Tool', 'IMS_Badge_Scan', 'No_Conversion']",0
L017463,Sarah Anders,Tesla Energy GmbH,,,,LinkedIn,['Customer'],1
L017464,Daniel Tanaka,MetaC_Tech,Aerospace,LATAM,,LinkedIn,['Customer'],1
L017465,Hiroshi Martinez,Samsu_Tech,Automotive,,,Website,"['MQL', 'Opportunity', 'IMS_Badge_Scan', 'SQL', 'LinkedIn_Ad_Click', 'Lab_Integration_Discussion', 'IMS_Badge_Scan', 'Website_Product_Page', 'No_Conversion']",0
L017466,Michael Chen,Tesla Energy GmbH,Semiconductor,North America,5G Testbeds,Sales Outreach,"['SQL', 'No_Conversion']",0
L017467,Ravi Anders,,Semiconductor,APAC,PathWave Software,Website,"['PathWave_Trial_Request', 'Oscilloscope_Selector_Tool', 'MQL', 'Opportunity', 'Technical_Demo', 'Customer']",1
L017468,Ravi Ito,Qualcomm,,APAC,,Sales Outreach,"['Whitepaper_Download_5G_Test', 'MQL', 'PathWave_Trial_Request', 'Technical_Demo', 'Opportunity', 'Keysight_Workshop_RF_Testing', 'Technical_Demo', 'Customer']",1
L017469,Daniel Patel,,Semiconductor,,,Website,"['DesignCon_Booth_Visit', 'Keysight_University_Course', 'AutoSens_Tech_Talk', 'No_Conversion']",0
L017470,Ahmed Williams,Sony_Tech,,Europe,,Sales Outreach,"['DesignCon_Booth_Visit', 'PathWave_Trial_Request', 'Application_Engineer_Call', 'Loaner_Unit_Evaluation', 'SQL', 'LinkedIn_Ad_Click', 'Keysight_Workshop_RF_Testing', 'Customer']",1
L017471,Michael Patel,,Semiconductor,Europe,,Webinar,"['Technical_Demo', 'MQL', 'Oscilloscope_Selector_Tool', 'Loaner_Unit_Evaluation', 'Application_Engineer_Call', 'Lab_Integration_Discussion', 'No_Conversion']",0
L017472,Sofia Tanaka,Tesla Energy GmbH,,LATAM,5G Testbeds,Sales Outreach,"['Oscilloscope_Selector_Tool', 'Technical_Demo', 'No_Conversion']",0
L017473,Kenji Anders,,Automotive,,Oscilloscopes,,"['Application_Engineer_Call', 'Application_Engineer_Call', 'Keysight_University_Course', 'LinkedIn_Ad_Click', 'Customer']",1
L017474,Laura Lee,Meta Connectivity Labs,Automotive,,5G Testbeds,,"['DesignCon_Booth_Visit', 'Application_Engineer_Call', 'MQL', 'No_Conversion']",0
L017475,Sofia Patel,Bosch GmbH,Telecom,LATAM,Automotive Ethernet,LinkedIn,"['Oscilloscope_Selector_Tool', 'IMS_Badge_Scan', 'Oscilloscope_Selector_Tool', 'No_Conversion']",0
L017476,Laura Patel,Broadcom GmbH,Automotive,Europe,,Email Campaign,"['Technical_Demo', 'Website_Product_Page', 'Technical_Demo', 'Opportunity', 'Website_Product_Page', 'Keysight_University_Course', 'Opportunity', 'PathWave_Trial_Request', 'IMS_Badge_Scan', 'Customer']",1
L017477,Hiroshi Garcia,,Aerospace,North America,PathWave Software,Sales Outreach,"['Keysight_Workshop_RF_Testing', 'Loaner_Unit_Evaluation', 'Keysight_Workshop_RF_Testing', 'Technical_Demo', 'Oscilloscope_Selector_Tool', 'Loaner_Unit_Evaluation', 'Technical_Demo', 'Whitepaper_Download_5G_Test', 'DesignCon_Booth_Visit', 'No_Conversion']",0
L017478,Ravi Johnson,,,APAC,,LinkedIn,"['MQL', 'Keysight_Workshop_RF_Testing', 'Oscilloscope_Selector_Tool', 'Oscilloscope_Selector_Tool', 'AutoSens_Tech_Talk', 'Website_Product_Page', 'LinkedIn_Ad_Click', 'Customer']",1
L017479,Ahmed Martinez,Tesla Energy GmbH,Semiconductor,APAC,,LinkedIn,"['MQL', 'Website_Product_Page', 'PathWave_Trial_Request', 'Application_Engineer_Call', 'SQL', 'Oscilloscope_Selector_Tool', 'Keysight_University_Course', 'Technical_Demo', 'Customer']",1
L017480,Daniel Khan,Qualcomm,Semiconductor,,,LinkedIn,"['AutoSens_Tech_Talk', 'Keysight_Workshop_RF_Testing', 'LinkedIn_Ad_Click', 'No_Conversion']",0
L017481,Ravi Tanaka,Infin_Tech,,,,Sales Outreach,"['IMS_Badge_Scan', 'Customer']",1
L017482,Priya Singh,Tesla_Tech,,,Oscilloscopes,LinkedIn,"['IMS_Badge_Scan', 'AutoSens_Tech_Talk', 'Website_Product_Page', 'Customer']",1
L017483,Daniel Johnson,MetaC_Tech,Aerospace,LATAM,,Website,"['Loaner_Unit_Evaluation', 'MQL', 'Website_Product_Page', 'MQL', 'Customer']",1
L017484,,Raytheon,,,5G Testbeds,,"['Keysight_Workshop_RF_Testing', 'Website_Product_Page', 'Application_Engineer_Call', 'Loaner_Unit_Evaluation', 'Customer']",1
L017485,Ahmed Johnson,NXPSe_Tech,Telecom,APAC,Oscilloscopes,Email Campaign,"['Technical_Demo', 'Whitepaper_Download_5G_Test', 'Technical_Demo', 'LinkedIn_Ad_Click', 'Opportunity', 'Application_Engineer_Call', 'Technical_Demo', 'Lab_Integration_Discussion', 'PathWave_Trial_Request', 'Customer']",1
L017486,Chen Chen,Infineon GmbH,,Europe,Oscilloscopes,,['Customer'],1
L017487,,Samsu_Tech,Telecom,LATAM,5G Testbeds,,"['Application_Engineer_Call', 'Keysight_University_Course', 'IMS_Badge_Scan', 'Loaner_Unit_Evaluation', 'PathWave_Trial_Request', 'Oscilloscope_Selector_Tool', 'Whitepaper_Download_5G_Test', 'AutoSens_Tech_Talk', 'IMS_Badge_Scan', 'Customer']",1
L017488,Michael Tanaka,,Electronics,APAC,5G Testbeds,Sales Outreach,"['DesignCon_Booth_Visit', 'Technical_Demo', 'Customer']",1
L017489,Sarah Ito,,Semiconductor,,,Event,"['Opportunity', 'Customer']",1
L017490,,Qualcomm GmbH,Semiconductor,,,Website,"['Application_Engineer_Call', 'Whitepaper_Download_5G_Test', 'Opportunity', 'SQL', 'No_Conversion']",0
L017491,,Tesla Energy GmbH,Telecom,North America,,Sales Outreach,"['Keysight_University_Course', 'Customer']",1
L017492,Sofia Williams,Broad_Tech,,APAC,,,"['Application_Engineer_Call', 'PathWave_Trial_Request', 'No_Conversion']",0
L017493,Ravi Chen,Sony,Automotive,APAC,,Sales Outreach,"['Technical_Demo', 'No_Conversion']",0
L017494,Laura Tanaka,Infineon GmbH,Semiconductor,APAC,Automotive Ethernet,,"['MQL', 'Technical_Demo', 'Website_Product_Page', 'LinkedIn_Ad_Click', 'MQL', 'MQL', 'SQL', 'Oscilloscope_Selector_Tool', 'No_Conversion']",0
L017495,Ahmed Tanaka,Samsung Electronics,Telecom,Europe,Automotive Ethernet,,"['AutoSens_Tech_Talk', 'Oscilloscope_Selector_Tool', 'MQL', 'No_Conversion']",0
L017496,Kenji Singh,,,,5G Testbeds,Webinar,"['LinkedIn_Ad_Click', 'Technical_Demo', 'Website_Product_Page', 'Whitepaper_Download_5G_Test', 'DesignCon_Booth_Visit', 'Customer']",1
L017497,Sofia Chen,,Aerospace,North America,,Sales Outreach,"['IMS_Badge_Scan', 'Whitepaper_Download_5G_Test', 'Loaner_Unit_Evaluation', 'Loaner_Unit_Evaluation', 'Keysight_University_Course', 'No_Conversion']",0
L017498,Sarah Chen,NXP Semiconductors,Semiconductor,North America,,Webinar,"['Oscilloscope_Selector_Tool', 'Keysight_Workshop_RF_Testing', 'No_Conversion']",0
L017499,Chen Johnson,Sony GmbH,,LATAM,Automotive Ethernet,,"['PathWave_Trial_Request', 'No_Conversion']",0
L017500,Sofia Williams,Infin_Tech,,APAC,Oscilloscopes,Webinar,"['AutoSens_Tech_Talk', 'Keysight_University_Course', 'MQL', 'Oscilloscope_Selector_Tool', 'PathWave_Trial_Request', 'No_Conversion']",0
L017501,,Samsung Electronics GmbH,,Europe,PathWave Software,Sales Outreach,"['Whitepaper_Download_5G_Test', 'Application_Engineer_Call', 'DesignCon_Booth_Visit', 'Customer']",1
L017502,Michael Ito,,Telecom,APAC,Automotive Ethernet,LinkedIn,"['MQL', 'Whitepaper_Download_5G_Test', 'Customer']",1
L017503,Sarah Williams,NXPSe_Tech,Semiconductor,,,Event,['No_Conversion'],0
L017504,Hiroshi Khan,Raytheon,,North America,Automotive Ethernet,Sales Outreach,"['Whitepaper_Download_5G_Test', 'Whitepaper_Download_5G_Test', 'Website_Product_Page', 'Website_Product_Page', 'Technical_Demo', 'DesignCon_Booth_Visit', 'PathWave_Trial_Request', 'SQL', 'Opportunity', 'Whitepaper_Download_5G_Test', 'Customer']",1
L017505,Chen Martinez,Infineon,,APAC,Automotive Ethernet,Website,"['Lab_Integration_Discussion', 'Lab_Integration_Discussion', 'Lab_Integration_Discussion', 'SQL', 'No_Conversion']",0
L017506,Priya Patel,Sony,Electronics,,,,"['AutoSens_Tech_Talk', 'Keysight_University_Course', 'Website_Product_Page', 'PathWave_Trial_Request', 'Customer']",1
L017507,Ahmed Johnson,Infineon GmbH,Electronics,Europe,5G Testbeds,Sales Outreach,"['Keysight_Workshop_RF_Testing', 'MQL', 'Application_Engineer_Call', 'IMS_Badge_Scan', 'Lab_Integration_Discussion', 'No_Conversion']",0
L017508,Michael Johnson,Broadcom,Semiconductor,Europe,Automotive Ethernet,Sales Outreach,"['IMS_Badge_Scan', 'AutoSens_Tech_Talk', 'No_Conversion']",0
L017509,Kenji Patel,,,,Oscilloscopes,Website,"['Website_Product_Page', 'Oscilloscope_Selector_Tool', 'Keysight_University_Course', 'SQL', 'LinkedIn_Ad_Click', 'Customer']",1
L017510,Laura Lee,Sony GmbH,,Europe,,Event,"['PathWave_Trial_Request', 'IMS_Badge_Scan', 'Technical_Demo', 'Website_Product_Page', 'Whitepaper_Download_5G_Test', 'MQL', 'Keysight_Workshop_RF_Testing', 'Oscilloscope_Selector_Tool', 'No_Conversion']",0
L017511,Kenji Martinez,Sony,,,Automotive Ethernet,LinkedIn,"['Application_Engineer_Call', 'Oscilloscope_Selector_Tool', 'Oscilloscope_Selector_Tool', 'No_Conversion']",0
L017512,Ahmed Khan,NXP Semiconductors GmbH,Semiconductor,,Oscilloscopes,Webinar,"['Oscilloscope_Selector_Tool', 'SQL', 'DesignCon_Booth_Visit', 'Opportunity', 'DesignCon_Booth_Visit', 'DesignCon_Booth_Visit', 'Whitepaper_Download_5G_Test', 'No_Conversion']",0
L017513,Laura Patel,,Aerospace,North America,,Website,"['Website_Product_Page', 'Oscilloscope_Selector_Tool', 'Keysight_University_Course', 'No_Conversion']",0
L017514,Ahmed Khan,Broadcom,Electronics,LATAM,,Webinar,['Customer'],1
L017515,Kenji Chen,Tesla Energy,Electronics,APAC,5G Testbeds,Webinar,"['Keysight_University_Course', 'Whitepaper_Download_5G_Test', 'Loaner_Unit_Evaluation', 'SQL', 'SQL', 'MQL', 'Customer']",1
L017516,Priya Williams,Rayth_Tech,Semiconductor,,,,['No_Conversion'],0
L017517,Sofia Garcia,Bosch GmbH,Automotive,North America,Oscilloscopes,Sales Outreach,"['AutoSens_Tech_Talk', 'PathWave_Trial_Request', 'PathWave_Trial_Request', 'DesignCon_Booth_Visit', 'PathWave_Trial_Request', 'Keysight_Workshop_RF_Testing', 'Lab_Integration_Discussion', 'MQL', 'Technical_Demo', 'Customer']",1
L017518,,Infineon GmbH,Telecom,LATAM,Automotive Ethernet,Event,"['AutoSens_Tech_Talk', 'SQL', 'Opportunity', 'SQL', 'No_Conversion']",0
L017519,Michael Ito,Infineon GmbH,,,Automotive Ethernet,Event,"['MQL', 'Technical_Demo', 'Keysight_Workshop_RF_Testing', 'LinkedIn_Ad_Click', 'Lab_Integration_Discussion', 'Whitepaper_Download_5G_Test', 'Technical_Demo', 'No_Conversion']",0
L017520,Hiroshi Khan,Tesla_Tech,Semiconductor,,5G Testbeds,Webinar,"['Oscilloscope_Selector_Tool', 'Lab_Integration_Discussion', 'PathWave_Trial_Request', 'Customer']",1
L017521,Laura Chen,Bosch,Semiconductor,,,Webinar,"['Lab_Integration_Discussion', 'Technical_Demo', 'Opportunity', 'Loaner_Unit_Evaluation', 'IMS_Badge_Scan', 'PathWave_Trial_Request', 'Website_Product_Page', 'IMS_Badge_Scan', 'Oscilloscope_Selector_Tool', 'Whitepaper_Download_5G_Test', 'Customer']",1
L017522,Priya Singh,,,Europe,5G Testbeds,Webinar,"['LinkedIn_Ad_Click', 'Oscilloscope_Selector_Tool', 'DesignCon_Booth_Visit', 'Loaner_Unit_Evaluation', 'No_Conversion']",0
L017523,Maria Khan,,,LATAM,Automotive Ethernet,,"['Keysight_University_Course', 'PathWave_Trial_Request', 'Keysight_Workshop_RF_Testing', 'AutoSens_Tech_Talk', 'LinkedIn_Ad_Click', 'Customer']",1
L017524,Sarah Martinez,Samsung Electronics GmbH,Automotive,North America,PathWave Software,,"['Keysight_University_Course', 'Website_Product_Page', 'Application_Engineer_Call', 'PathWave_Trial_Request', 'No_Conversion']",0
L017525,,,Semiconductor,Europe,Oscilloscopes,Webinar,"['Technical_Demo', 'AutoSens_Tech_Talk', 'Whitepaper_Download_5G_Test', 'PathWave_Trial_Request', 'IMS_Badge_Scan', 'Whitepaper_Download_5G_Test', 'PathWave_Trial_Request', 'Keysight_Workshop_RF_Testing', 'SQL', 'DesignCon_Booth_Visit', 'No_Conversion']",0
L017526,,NXP Semiconductors GmbH,Automotive,Europe,,LinkedIn,"['DesignCon_Booth_Visit', 'Keysight_Workshop_RF_Testing', 'No_Conversion']",0
L017527,Maria Khan,Qualc_Tech,Semiconductor,,,Event,['No_Conversion'],0
L017528,,,Electronics,,,Email Campaign,"['Keysight_Workshop_RF_Testing', 'AutoSens_Tech_Talk', 'Lab_Integration_Discussion', 'Keysight_University_Course', 'Customer']",1
L017529,Kenji Johnson,Broad_Tech,Telecom,,5G Testbeds,Website,"['MQL', 'MQL', 'Opportunity', 'PathWave_Trial_Request', 'Lab_Integration_Discussion', 'IMS_Badge_Scan', 'LinkedIn_Ad_Click', 'Application_Engineer_Call', 'Opportunity', 'Application_Engineer_Call', 'Customer']",1
L017530,Ravi Tanaka,NXPSe_Tech,Automotive,,,,"['Whitepaper_Download_5G_Test', 'AutoSens_Tech_Talk', 'Keysight_Workshop_RF_Testing', 'Loaner_Unit_Evaluation', 'Whitepaper_Download_5G_Test', 'Technical_Demo', 'DesignCon_Booth_Visit', 'Technical_Demo', 'Keysight_Workshop_RF_Testing', 'LinkedIn_Ad_Click', 'Customer']",1
L017531,Maria Ito,Qualcomm GmbH,Automotive,,Oscilloscopes,Sales Outreach,"['DesignCon_Booth_Visit', 'Technical_Demo', 'AutoSens_Tech_Talk', 'Technical_Demo', 'Loaner_Unit_Evaluation', 'MQL', 'Application_Engineer_Call', 'Technical_Demo', 'Keysight_Workshop_RF_Testing', 'Technical_Demo', 'Customer']",1
L017532,Sarah Martinez,Infineon GmbH,,APAC,Automotive Ethernet,,"['Website_Product_Page', 'AutoSens_Tech_Talk', 'Lab_Integration_Discussion', 'MQL', 'MQL', 'Website_Product_Page', 'Keysight_University_Course', 'Loaner_Unit_Evaluation', 'MQL', 'Application_Engineer_Call', 'Customer']",1
L017533,Hiroshi Tanaka,,Semiconductor,Europe,PathWave Software,Website,"['Keysight_University_Course', 'SQL', 'PathWave_Trial_Request', 'No_Conversion']",0
L017534,Kenji Garcia,,Electronics,Europe,,Webinar,"['PathWave_Trial_Request', 'Whitepaper_Download_5G_Test', 'Technical_Demo', 'Keysight_University_Course', 'Lab_Integration_Discussion', 'Customer']",1
L017535,Sofia Tanaka,,,North America,5G Testbeds,Event,"['Lab_Integration_Discussion', 'AutoSens_Tech_Talk', 'LinkedIn_Ad_Click', 'Opportunity', 'SQL', 'LinkedIn_Ad_Click', 'Customer']",1
L017536,Laura Chen,Raytheon GmbH,Automotive,APAC,Automotive Ethernet,Email Campaign,"['SQL', 'AutoSens_Tech_Talk', 'Keysight_University_Course', 'MQL', 'Technical_Demo', 'Website_Product_Page', 'SQL', 'No_Conversion']",0
L017537,Priya Anders,MetaC_Tech,,North America,,Event,"['Whitepaper_Download_5G_Test', 'Website_Product_Page', 'Keysight_University_Course', 'Customer']",1
L017538,Kenji Martinez,Samsu_Tech,Electronics,APAC,PathWave Software,Webinar,"['SQL', 'Lab_Integration_Discussion', 'SQL', 'MQL', 'Customer']",1
L017539,Kenji Singh,Rayth_Tech,Aerospace,LATAM,Oscilloscopes,,"['IMS_Badge_Scan', 'Keysight_Workshop_RF_Testing', 'Keysight_Workshop_RF_Testing', 'DesignCon_Booth_Visit', 'Lab_Integration_Discussion', 'Customer']",1
L017540,Daniel Singh,,Telecom,,,Event,"['Oscilloscope_Selector_Tool', 'MQL', 'PathWave_Trial_Request', 'Opportunity', 'Opportunity', 'No_Conversion']",0
L017541,Daniel Martinez,,Aerospace,Europe,PathWave Software,Sales Outreach,"['Whitepaper_Download_5G_Test', 'MQL', 'PathWave_Trial_Request', 'Customer']",1
L017542,Priya Williams,Samsung Electronics,Semiconductor,North America,,Website,"['PathWave_Trial_Request', 'SQL', 'Keysight_University_Course', 'No_Conversion']",0
L017543,Daniel Martinez,,Electronics,North America,,Email Campaign,"['IMS_Badge_Scan', 'MQL', 'Customer']",1
L017544,Michael Lee,NXP Semiconductors,Electronics,LATAM,,Sales Outreach,"['Lab_Integration_Discussion', 'Oscilloscope_Selector_Tool', 'PathWave_Trial_Request', 'AutoSens_Tech_Talk', 'AutoSens_Tech_Talk', 'Keysight_Workshop_RF_Testing', 'Application_Engineer_Call', 'SQL', 'MQL', 'Customer']",1
L017545,,,Semiconductor,North America,,,"['AutoSens_Tech_Talk', 'Keysight_University_Course', 'No_Conversion']",0
L017546,Laura Williams,NXP Semiconductors GmbH,,Europe,Automotive Ethernet,Website,"['Technical_Demo', 'DesignCon_Booth_Visit', 'Lab_Integration_Discussion', 'Keysight_University_Course', 'Oscilloscope_Selector_Tool', 'No_Conversion']",0
L017547,Kenji Anders,NXP Semiconductors,Aerospace,LATAM,,LinkedIn,"['Oscilloscope_Selector_Tool', 'Application_Engineer_Call', 'Keysight_Workshop_RF_Testing', 'Oscilloscope_Selector_Tool', 'Keysight_University_Course', 'No_Conversion']",0
L017548,Hiroshi Garcia,MetaC_Tech,Telecom,,5G Testbeds,Sales Outreach,"['Keysight_Workshop_RF_Testing', 'Opportunity', 'Customer']",1
L017549,Michael Singh,,Semiconductor,,,Webinar,"['Technical_Demo', 'DesignCon_Booth_Visit', 'Oscilloscope_Selector_Tool', 'IMS_Badge_Scan', 'No_Conversion']",0
L017550,Sofia Garcia,,,,,Webinar,"['IMS_Badge_Scan', 'SQL', 'AutoSens_Tech_Talk', 'Website_Product_Page', 'LinkedIn_Ad_Click', 'Customer']",1
L017551,Priya Lee,,Aerospace,,5G Testbeds,Email Campaign,"['DesignCon_Booth_Visit', 'Website_Product_Page', 'Oscilloscope_Selector_Tool', 'MQL', 'Website_Product_Page', 'Customer']",1
L017552,Michael Williams,Bosch,,APAC,Automotive Ethernet,LinkedIn,['No_Conversion'],0
L017553,Maria Johnson,Samsung Electronics GmbH,,APAC,5G Testbeds,,"['SQL', 'Loaner_Unit_Evaluation', 'Keysight_Workshop_RF_Testing', 'DesignCon_Booth_Visit', 'Customer']",1
L017554,Ravi Lee,Raytheon GmbH,Aerospace,LATAM,PathWave Software,Website,"['Website_Product_Page', 'Technical_Demo', 'Loaner_Unit_Evaluation', 'Customer']",1
L017555,Sarah Ito,Sony,,LATAM,,Email Campaign,"['LinkedIn_Ad_Click', 'MQL', 'Loaner_Unit_Evaluation', 'Opportunity', 'Technical_Demo', 'Keysight_University_Course', 'Whitepaper_Download_5G_Test', 'No_Conversion']",0
L017556,,,,,PathWave Software,Sales Outreach,"['Loaner_Unit_Evaluation', 'Keysight_University_Course', 'Whitepaper_Download_5G_Test', 'No_Conversion']",0
L017557,,Tesla Energy GmbH,Electronics,LATAM,,LinkedIn,"['DesignCon_Booth_Visit', 'Application_Engineer_Call', 'Lab_Integration_Discussion', 'Whitepaper_Download_5G_Test', 'Opportunity', 'LinkedIn_Ad_Click', 'PathWave_Trial_Request', 'MQL', 'Customer']",1
L017558,Michael Patel,Meta Connectivity Labs GmbH,Semiconductor,North America,Oscilloscopes,Event,"['Application_Engineer_Call', 'Customer']",1
L017559,Chen Tanaka,,Aerospace,North America,5G Testbeds,Webinar,"['IMS_Badge_Scan', 'AutoSens_Tech_Talk', 'DesignCon_Booth_Visit', 'DesignCon_Booth_Visit', 'DesignCon_Booth_Visit', 'No_Conversion']",0
L017560,Priya Johnson,Broadcom GmbH,Telecom,,,,"['PathWave_Trial_Request', 'Loaner_Unit_Evaluation', 'Whitepaper_Download_5G_Test', 'SQL', 'Customer']",1
L017561,Ahmed Martinez,Sony_Tech,Automotive,Europe,5G Testbeds,Sales Outreach,"['IMS_Badge_Scan', 'AutoSens_Tech_Talk', 'DesignCon_Booth_Visit', 'AutoSens_Tech_Talk', 'LinkedIn_Ad_Click', 'Customer']",1
L017562,Michael Patel,Sony_Tech,,,,LinkedIn,"['IMS_Badge_Scan', 'Loaner_Unit_Evaluation', 'AutoSens_Tech_Talk', 'No_Conversion']",0
L017563,Maria Chen,,Aerospace,LATAM,Oscilloscopes,Webinar,"['Technical_Demo', 'DesignCon_Booth_Visit', 'Opportunity', 'SQL', 'No_Conversion']",0
L017564,Ravi Anders,Tesla_Tech,Automotive,APAC,,Sales Outreach,['No_Conversion'],0
L017565,Maria Chen,Bosch,Telecom,North America,Automotive Ethernet,Webinar,"['Whitepaper_Download_5G_Test', 'Oscilloscope_Selector_Tool', 'Keysight_Workshop_RF_Testing', 'AutoSens_Tech_Talk', 'No_Conversion']",0
L017566,Daniel Martinez,Sony GmbH,Telecom,APAC,Automotive Ethernet,Webinar,"['Keysight_University_Course', 'Loaner_Unit_Evaluation', 'DesignCon_Booth_Visit', 'Oscilloscope_Selector_Tool', 'IMS_Badge_Scan', 'Opportunity', 'AutoSens_Tech_Talk', 'Keysight_University_Course', 'No_Conversion']",0
L017567,Chen Tanaka,Samsung Electronics,,,PathWave Software,Email Campaign,"['Lab_Integration_Discussion', 'MQL', 'Opportunity', 'Loaner_Unit_Evaluation', 'Keysight_University_Course', 'MQL', 'Technical_Demo', 'PathWave_Trial_Request', 'Opportunity', 'IMS_Badge_Scan', 'No_Conversion']",0
L017568,Kenji Martinez,Samsu_Tech,Aerospace,LATAM,Oscilloscopes,Website,"['Application_Engineer_Call', 'Lab_Integration_Discussion', 'Technical_Demo', 'Customer']",1
L017569,Ravi Garcia,Broadcom,,,5G Testbeds,Webinar,['Customer'],1
L017570,Sarah Williams,Qualcomm,Telecom,LATAM,Oscilloscopes,LinkedIn,"['Website_Product_Page', 'MQL', 'Keysight_University_Course', 'Customer']",1
L017571,Priya Singh,,,,,Event,"['IMS_Badge_Scan', 'LinkedIn_Ad_Click', 'IMS_Badge_Scan', 'Oscilloscope_Selector_Tool', 'Whitepaper_Download_5G_Test', 'DesignCon_Booth_Visit', 'LinkedIn_Ad_Click', 'Keysight_Workshop_RF_Testing', 'No_Conversion']",0
L017572,Priya Khan,Broadcom GmbH,,LATAM,,LinkedIn,"['Whitepaper_Download_5G_Test', 'Keysight_Workshop_RF_Testing', 'Loaner_Unit_Evaluation', 'Customer']",1
L017573,Ravi Lee,Infineon,Semiconductor,North America,,Sales Outreach,"['MQL', 'Technical_Demo', 'Opportunity', 'No_Conversion']",0
L017574,Maria Patel,Samsu_Tech,Semiconductor,,,Email Campaign,['No_Conversion'],0
L017575,,Sony,,LATAM,,Webinar,"['Keysight_University_Course', 'LinkedIn_Ad_Click', 'DesignCon_Booth_Visit', 'Customer']",1
L017576,Laura Lee,Meta Connectivity Labs GmbH,Aerospace,Europe,,,"['SQL', 'No_Conversion']",0
L017577,Daniel Tanaka,Rayth_Tech,Automotive,Europe,Automotive Ethernet,Event,"['AutoSens_Tech_Talk', 'AutoSens_Tech_Talk', 'Oscilloscope_Selector_Tool', 'No_Conversion']",0
L017578,Ravi Singh,,,APAC,Automotive Ethernet,LinkedIn,['No_Conversion'],0
L017579,,Tesla Energy GmbH,Telecom,North America,,Website,"['Keysight_Workshop_RF_Testing', 'Keysight_University_Course', 'LinkedIn_Ad_Click', 'LinkedIn_Ad_Click', 'PathWave_Trial_Request', 'No_Conversion']",0
L017580,Chen Garcia,Broadcom GmbH,Semiconductor,LATAM,,,"['MQL', 'Website_Product_Page', 'Technical_Demo', 'Loaner_Unit_Evaluation', 'SQL', 'PathWave_Trial_Request', 'Customer']",1
L017581,Michael Khan,Sony GmbH,,APAC,,Webinar,"['MQL', 'Customer']",1
L017582,Michael Martinez,Bosch_Tech,Automotive,North America,,Email Campaign,"['SQL', 'PathWave_Trial_Request', 'Customer']",1
L017583,,Infineon GmbH,Automotive,Europe,Oscilloscopes,Webinar,"['Whitepaper_Download_5G_Test', 'Lab_Integration_Discussion', 'Application_Engineer_Call', 'LinkedIn_Ad_Click', 'Whitepaper_Download_5G_Test', 'LinkedIn_Ad_Click', 'Customer']",1
L017584,,Infin_Tech,,Europe,Oscilloscopes,Event,"['AutoSens_Tech_Talk', 'AutoSens_Tech_Talk', 'Application_Engineer_Call', 'SQL', 'Lab_Integration_Discussion', 'Customer']",1
L017585,Priya Tanaka,,Semiconductor,Europe,,LinkedIn,"['Website_Product_Page', 'SQL', 'IMS_Badge_Scan', 'Opportunity', 'Website_Product_Page', 'AutoSens_Tech_Talk', 'LinkedIn_Ad_Click', 'Whitepaper_Download_5G_Test', 'Customer']",1
L017586,Michael Anders,,Automotive,APAC,Automotive Ethernet,LinkedIn,"['Whitepaper_Download_5G_Test', 'SQL', 'PathWave_Trial_Request', 'PathWave_Trial_Request', 'Keysight_Workshop_RF_Testing', 'Opportunity', 'No_Conversion']",0
L017587,Laura Anders,Infin_Tech,Automotive,,,LinkedIn,"['Technical_Demo', 'Keysight_Workshop_RF_Testing', 'Website_Product_Page', 'Website_Product_Page', 'Whitepaper_Download_5G_Test', 'No_Conversion']",0
L017588,Sarah Patel,Sony_Tech,,LATAM,,Email Campaign,['Customer'],1
L017589,Sofia Williams,Bosch_Tech,Automotive,North America,PathWave Software,Email Campaign,"['Loaner_Unit_Evaluation', 'Opportunity', 'Loaner_Unit_Evaluation', 'DesignCon_Booth_Visit', 'DesignCon_Booth_Visit', 'MQL', 'AutoSens_Tech_Talk', 'No_Conversion']",0
L017590,Chen Tanaka,Raytheon GmbH,Telecom,Europe,,Event,"['DesignCon_Booth_Visit', 'Whitepaper_Download_5G_Test', 'Keysight_Workshop_RF_Testing', 'Lab_Integration_Discussion', 'Loaner_Unit_Evaluation', 'MQL', 'IMS_Badge_Scan', 'DesignCon_Booth_Visit', 'Customer']",1
L017591,,Raytheon,Semiconductor,LATAM,Oscilloscopes,Email Campaign,"['Opportunity', 'Keysight_Workshop_RF_Testing', 'Opportunity', 'Customer']",1
L017592,Ravi Garcia,Samsung Electronics,Automotive,,,Sales Outreach,['No_Conversion'],0
L017593,Daniel Patel,,Automotive,North America,,Email Campaign,"['MQL', 'PathWave_Trial_Request', 'Website_Product_Page', 'SQL', 'Keysight_University_Course', 'Customer']",1
L017594,Daniel Tanaka,Tesla Energy,Electronics,,Automotive Ethernet,,"['SQL', 'Keysight_Workshop_RF_Testing', 'AutoSens_Tech_Talk', 'Oscilloscope_Selector_Tool', 'MQL', 'IMS_Badge_Scan', 'No_Conversion']",0
L017595,Laura Williams,NXP Semiconductors GmbH,,APAC,5G Testbeds,,"['Loaner_Unit_Evaluation', 'Opportunity', 'AutoSens_Tech_Talk', 'MQL', 'MQL', 'Customer']",1
L017596,,MetaC_Tech,Automotive,,Automotive Ethernet,,"['Website_Product_Page', 'SQL', 'Whitepaper_Download_5G_Test', 'IMS_Badge_Scan', 'Keysight_Workshop_RF_Testing', 'Customer']",1
L017597,Ravi Anders,NXP Semiconductors GmbH,Telecom,APAC,PathWave Software,Website,"['IMS_Badge_Scan', 'Application_Engineer_Call', 'Technical_Demo', 'Customer']",1
L017598,Priya Khan,NXPSe_Tech,Automotive,LATAM,,Sales Outreach,['Customer'],1
L017599,Chen Ito,,Semiconductor,,,LinkedIn,"['IMS_Badge_Scan', 'Whitepaper_Download_5G_Test', 'SQL', 'LinkedIn_Ad_Click', 'Customer']",1
L017600,Daniel Singh,Broad_Tech,Electronics,Europe,Oscilloscopes,,"['Keysight_University_Course', 'PathWave_Trial_Request', 'SQL', 'Customer']",1
L017601,Priya Khan,Broadcom,Aerospace,North America,Oscilloscopes,Webinar,"['IMS_Badge_Scan', 'Application_Engineer_Call', 'Opportunity', 'Loaner_Unit_Evaluation', 'AutoSens_Tech_Talk', 'PathWave_Trial_Request', 'Whitepaper_Download_5G_Test', 'Customer']",1
L017602,Chen Martinez,Broad_Tech,Telecom,,PathWave Software,Website,"['LinkedIn_Ad_Click', 'Lab_Integration_Discussion', 'Oscilloscope_Selector_Tool', 'PathWave_Trial_Request', 'Oscilloscope_Selector_Tool', 'DesignCon_Booth_Visit', 'No_Conversion']",0
L017603,,Samsung Electronics GmbH,Automotive,LATAM,,Webinar,['No_Conversion'],0
L017604,,Qualc_Tech,,,5G Testbeds,Webinar,"['IMS_Badge_Scan', 'Keysight_University_Course', 'Lab_Integration_Discussion', 'Lab_Integration_Discussion', 'Customer']",1
L017605,Sarah Khan,Qualc_Tech,Automotive,APAC,,Website,"['LinkedIn_Ad_Click', 'IMS_Badge_Scan', 'Keysight_University_Course', 'LinkedIn_Ad_Click', 'Whitepaper_Download_5G_Test', 'Opportunity', 'DesignCon_Booth_Visit', 'No_Conversion']",0
L017606,Priya Tanaka,Meta Connectivity Labs GmbH,Electronics,North America,,Webinar,"['IMS_Badge_Scan', 'IMS_Badge_Scan', 'Application_Engineer_Call', 'No_Conversion']",0
L017607,Chen Johnson,Sony GmbH,Electronics,,5G Testbeds,Website,"['Whitepaper_Download_5G_Test', 'DesignCon_Booth_Visit', 'Keysight_University_Course', 'No_Conversion']",0
L017608,Daniel Johnson,Sony GmbH,Electronics,North America,,Webinar,"['Keysight_University_Course', 'No_Conversion']",0
L017609,Sarah Martinez,Broad_Tech,,Europe,5G Testbeds,Email Campaign,"['SQL', 'Technical_Demo', 'Loaner_Unit_Evaluation', 'SQL', 'Opportunity', 'Application_Engineer_Call', 'PathWave_Trial_Request', 'Oscilloscope_Selector_Tool', 'Lab_Integration_Discussion', 'Keysight_Workshop_RF_Testing', 'No_Conversion']",0
L017610,Priya Patel,,,APAC,Oscilloscopes,Sales Outreach,"['AutoSens_Tech_Talk', 'Whitepaper_Download_5G_Test', 'PathWave_Trial_Request', 'Whitepaper_Download_5G_Test', 'Opportunity', 'PathWave_Trial_Request', 'Opportunity', 'Whitepaper_Download_5G_Test', 'No_Conversion']",0
L017611,Maria Anders,Rayth_Tech,Semiconductor,APAC,Oscilloscopes,Event,"['Website_Product_Page', 'Customer']",1
L017612,Kenji Khan,Qualcomm GmbH,,Europe,,Webinar,"['AutoSens_Tech_Talk', 'No_Conversion']",0
L017613,Chen Chen,Sony,Telecom,North America,5G Testbeds,Email Campaign,"['Keysight_Workshop_RF_Testing', 'SQL', 'Keysight_University_Course', 'Technical_Demo', 'Application_Engineer_Call', 'IMS_Badge_Scan', 'SQL', 'DesignCon_Booth_Visit', 'Technical_Demo', 'No_Conversion']",0
L017614,Sofia Chen,Sony,Aerospace,,,LinkedIn,"['IMS_Badge_Scan', 'Whitepaper_Download_5G_Test', 'Whitepaper_Download_5G_Test', 'Customer']",1
L017615,Sarah Tanaka,,Electronics,North America,Automotive Ethernet,Webinar,"['Keysight_University_Course', 'SQL', 'Website_Product_Page', 'Loaner_Unit_Evaluation', 'Customer']",1
L017616,,Broadcom GmbH,,LATAM,,Webinar,"['Loaner_Unit_Evaluation', 'PathWave_Trial_Request', 'Application_Engineer_Call', 'LinkedIn_Ad_Click', 'Keysight_University_Course', 'Loaner_Unit_Evaluation', 'MQL', 'SQL', 'No_Conversion']",0
L017617,Chen Johnson,Tesla Energy GmbH,,,,Webinar,"['Application_Engineer_Call', 'Opportunity', 'IMS_Badge_Scan', 'Whitepaper_Download_5G_Test', 'SQL', 'Customer']",1
L017618,Maria Williams,Tesla_Tech,,LATAM,5G Testbeds,Sales Outreach,"['Application_Engineer_Call', 'Oscilloscope_Selector_Tool', 'IMS_Badge_Scan', 'MQL', 'Website_Product_Page', 'MQL', 'LinkedIn_Ad_Click', 'PathWave_Trial_Request', 'Website_Product_Page', 'Customer']",1
L017619,Sarah Ito,,Electronics,Europe,5G Testbeds,Sales Outreach,"['IMS_Badge_Scan', 'Keysight_University_Course', 'Opportunity', 'Customer']",1
L017620,Sofia Singh,,,Europe,PathWave Software,LinkedIn,"['Loaner_Unit_Evaluation', 'Whitepaper_Download_5G_Test', 'AutoSens_Tech_Talk', 'Whitepaper_Download_5G_Test', 'Technical_Demo', 'DesignCon_Booth_Visit', 'No_Conversion']",0
L017621,Michael Lee,,,,,Email Campaign,['No_Conversion'],0
L017622,,Rayth_Tech,Electronics,LATAM,5G Testbeds,,"['MQL', 'Whitepaper_Download_5G_Test', 'Whitepaper_Download_5G_Test', 'AutoSens_Tech_Talk', 'Customer']",1
L017623,Kenji Singh,Infineon,Automotive,,PathWave Software,Webinar,"['Lab_Integration_Discussion', 'Whitepaper_Download_5G_Test', 'MQL', 'PathWave_Trial_Request', 'AutoSens_Tech_Talk', 'AutoSens_Tech_Talk', 'IMS_Badge_Scan', 'Loaner_Unit_Evaluation', 'Customer']",1
L017624,Priya Garcia,Bosch_Tech,Electronics,LATAM,PathWave Software,Event,"['IMS_Badge_Scan', 'Application_Engineer_Call', 'Whitepaper_Download_5G_Test', 'LinkedIn_Ad_Click', 'Customer']",1
L017625,Sarah Tanaka,,,,PathWave Software,LinkedIn,"['Loaner_Unit_Evaluation', 'MQL', 'IMS_Badge_Scan', 'Application_Engineer_Call', 'Technical_Demo', 'MQL', 'LinkedIn_Ad_Click', 'SQL', 'Customer']",1
L017626,Maria Anders,Tesla_Tech,Automotive,North America,,Email Campaign,"['Oscilloscope_Selector_Tool', 'Customer']",1
L017627,Laura Ito,Sony GmbH,Semiconductor,APAC,,Webinar,"['Keysight_Workshop_RF_Testing', 'SQL', 'PathWave_Trial_Request', 'Keysight_University_Course', 'Customer']",1
L017628,Maria Anders,Bosch,Automotive,LATAM,Automotive Ethernet,LinkedIn,"['Whitepaper_Download_5G_Test', 'Application_Engineer_Call', 'No_Conversion']",0
L017629,Ravi Williams,NXP Semiconductors,,LATAM,,Event,"['AutoSens_Tech_Talk', 'LinkedIn_Ad_Click', 'Loaner_Unit_Evaluation', 'IMS_Badge_Scan', 'Oscilloscope_Selector_Tool', 'AutoSens_Tech_Talk', 'Customer']",1
L017630,Kenji Khan,Bosch,,North America,Oscilloscopes,LinkedIn,"['Loaner_Unit_Evaluation', 'No_Conversion']",0
L017631,Laura Tanaka,Qualcomm GmbH,Telecom,APAC,PathWave Software,Event,"['Loaner_Unit_Evaluation', 'SQL', 'Opportunity', 'LinkedIn_Ad_Click', 'Keysight_University_Course', 'SQL', 'No_Conversion']",0
L017632,Kenji Williams,,,,,Webinar,"['Website_Product_Page', 'Whitepaper_Download_5G_Test', 'Application_Engineer_Call', 'Application_Engineer_Call', 'DesignCon_Booth_Visit', 'MQL', 'PathWave_Trial_Request', 'DesignCon_Booth_Visit', 'No_Conversion']",0
L017633,Laura Tanaka,Sony GmbH,Telecom,North America,5G Testbeds,Webinar,"['MQL', 'Keysight_Workshop_RF_Testing', 'Customer']",1
L017634,Chen Chen,,,North America,Automotive Ethernet,Webinar,"['Keysight_University_Course', 'Whitepaper_Download_5G_Test', 'Whitepaper_Download_5G_Test', 'Technical_Demo', 'Opportunity', 'Whitepaper_Download_5G_Test', 'Keysight_Workshop_RF_Testing', 'Application_Engineer_Call', 'Customer']",1
L017635,Michael Chen,Sony_Tech,Aerospace,APAC,Automotive Ethernet,LinkedIn,"['Keysight_Workshop_RF_Testing', 'Keysight_University_Course', 'MQL', 'IMS_Badge_Scan', 'Keysight_Workshop_RF_Testing', 'IMS_Badge_Scan', 'Keysight_Workshop_RF_Testing', 'Customer']",1
L017636,Priya Martinez,Sony_Tech,,Europe,PathWave Software,Email Campaign,"['Application_Engineer_Call', 'Loaner_Unit_Evaluation', 'Technical_Demo', 'Keysight_University_Course', 'Technical_Demo', 'Application_Engineer_Call', 'LinkedIn_Ad_Click', 'No_Conversion']",0
L017637,Hiroshi Lee,Raytheon GmbH,Telecom,APAC,5G Testbeds,Event,"['Technical_Demo', 'Lab_Integration_Discussion', 'LinkedIn_Ad_Click', 'IMS_Badge_Scan', 'Loaner_Unit_Evaluation', 'No_Conversion']",0
L017638,Priya Anders,Tesla Energy GmbH,Telecom,North America,Automotive Ethernet,,"['PathWave_Trial_Request', 'Technical_Demo', 'Loaner_Unit_Evaluation', 'No_Conversion']",0
L017639,Hiroshi Patel,Rayth_Tech,,APAC,PathWave Software,Event,"['SQL', 'Loaner_Unit_Evaluation', 'MQL', 'AutoSens_Tech_Talk', 'DesignCon_Booth_Visit', 'Keysight_University_Course', 'IMS_Badge_Scan', 'SQL', 'LinkedIn_Ad_Click', 'Customer']",1
L017640,Sarah Lee,Bosch,Aerospace,Europe,Oscilloscopes,Sales Outreach,"['IMS_Badge_Scan', 'Keysight_Workshop_RF_Testing', 'DesignCon_Booth_Visit', 'LinkedIn_Ad_Click', 'No_Conversion']",0
L017641,Michael Singh,Qualcomm,,LATAM,,Event,"['AutoSens_Tech_Talk', 'Customer']",1
L017642,Kenji Chen,Broadcom GmbH,Electronics,APAC,,Email Campaign,"['Keysight_Workshop_RF_Testing', 'SQL', 'MQL', 'SQL', 'DesignCon_Booth_Visit', 'DesignCon_Booth_Visit', 'Customer']",1
L017643,Ahmed Williams,Infineon,Electronics,Europe,5G Testbeds,Webinar,"['Technical_Demo', 'Customer']",1
L017644,Priya Chen,Sony GmbH,,APAC,5G Testbeds,Email Campaign,"['IMS_Badge_Scan', 'Lab_Integration_Discussion', 'MQL', 'AutoSens_Tech_Talk', 'Customer']",1
L017645,Ahmed Khan,,,APAC,Automotive Ethernet,,"['IMS_Badge_Scan', 'Whitepaper_Download_5G_Test', 'Whitepaper_Download_5G_Test', 'Oscilloscope_Selector_Tool', 'LinkedIn_Ad_Click', 'Customer']",1
L017646,Sofia Khan,Samsu_Tech,Aerospace,Europe,Automotive Ethernet,Website,"['Application_Engineer_Call', 'Whitepaper_Download_5G_Test', 'Customer']",1
L017647,Ahmed Patel,,Aerospace,,Oscilloscopes,Webinar,"['Keysight_Workshop_RF_Testing', 'Technical_Demo', 'Oscilloscope_Selector_Tool', 'Lab_Integration_Discussion', 'LinkedIn_Ad_Click', 'Loaner_Unit_Evaluation', 'Website_Product_Page', 'Loaner_Unit_Evaluation', 'Technical_Demo', 'Customer']",1
L017648,Chen Anders,Infin_Tech,Automotive,LATAM,Oscilloscopes,Webinar,"['Keysight_University_Course', 'Application_Engineer_Call', 'MQL', 'Oscilloscope_Selector_Tool', 'Application_Engineer_Call', 'Customer']",1
L017649,Kenji Chen,Broad_Tech,Automotive,Europe,Automotive Ethernet,Event,"['AutoSens_Tech_Talk', 'Opportunity', 'DesignCon_Booth_Visit', 'Technical_Demo', 'DesignCon_Booth_Visit', 'Customer']",1
L017650,Maria Anders,NXP Semiconductors,Telecom,,,Event,"['Oscilloscope_Selector_Tool', 'Oscilloscope_Selector_Tool', 'Whitepaper_Download_5G_Test', 'Loaner_Unit_Evaluation', 'DesignCon_Booth_Visit', 'AutoSens_Tech_Talk', 'Technical_Demo', 'No_Conversion']",0
L017651,Kenji Ito,Meta Connectivity Labs GmbH,Aerospace,APAC,Automotive Ethernet,Website,"['Keysight_Workshop_RF_Testing', 'Keysight_University_Course', 'Website_Product_Page', 'Loaner_Unit_Evaluation', 'MQL', 'No_Conversion']",0
L017652,Michael Singh,Sony_Tech,Semiconductor,APAC,Automotive Ethernet,LinkedIn,"['Keysight_Workshop_RF_Testing', 'DesignCon_Booth_Visit', 'Technical_Demo', 'No_Conversion']",0
L017653,Hiroshi Tanaka,Sony,Semiconductor,APAC,,Email Campaign,"['Technical_Demo', 'PathWave_Trial_Request', 'PathWave_Trial_Request', 'Whitepaper_Download_5G_Test', 'SQL', 'No_Conversion']",0
L017654,Kenji Williams,Raytheon GmbH,,,,LinkedIn,"['Loaner_Unit_Evaluation', 'Website_Product_Page', 'Opportunity', 'Customer']",1
L017655,Hiroshi Chen,NXPSe_Tech,Automotive,,5G Testbeds,Webinar,"['Whitepaper_Download_5G_Test', 'IMS_Badge_Scan', 'Technical_Demo', 'LinkedIn_Ad_Click', 'AutoSens_Tech_Talk', 'AutoSens_Tech_Talk', 'Customer']",1
L017656,Daniel Singh,NXP Semiconductors GmbH,,Europe,,LinkedIn,"['Opportunity', 'Loaner_Unit_Evaluation', 'Opportunity', 'Lab_Integration_Discussion', 'Customer']",1
L017657,Daniel Anders,Raytheon GmbH,Semiconductor,LATAM,,,"['Technical_Demo', 'Technical_Demo', 'MQL', 'AutoSens_Tech_Talk', 'AutoSens_Tech_Talk', 'No_Conversion']",0
L017658,Ahmed Tanaka,NXPSe_Tech,,APAC,,Webinar,"['IMS_Badge_Scan', 'Customer']",1
L017659,Daniel Tanaka,Qualcomm,Electronics,,,,"['AutoSens_Tech_Talk', 'DesignCon_Booth_Visit', 'Website_Product_Page', 'SQL', 'PathWave_Trial_Request', 'AutoSens_Tech_Talk', 'PathWave_Trial_Request', 'IMS_Badge_Scan', 'Customer']",1
L017660,Maria Singh,Broadcom GmbH,Semiconductor,Europe,,Sales Outreach,"['Whitepaper_Download_5G_Test', 'AutoSens_Tech_Talk', 'Keysight_University_Course', 'PathWave_Trial_Request', 'SQL', 'Loaner_Unit_Evaluation', 'Customer']",1
L017661,Hiroshi Lee,Meta Connectivity Labs GmbH,Telecom,APAC,,Sales Outreach,"['Website_Product_Page', 'Website_Product_Page', 'SQL', 'Keysight_University_Course', 'Lab_Integration_Discussion', 'Customer']",1
L017662,Chen Lee,,Semiconductor,,Automotive Ethernet,Sales Outreach,"['Opportunity', 'SQL', 'Customer']",1
L017663,Laura Khan,Qualcomm GmbH,,LATAM,Oscilloscopes,Sales Outreach,"['Lab_Integration_Discussion', 'Lab_Integration_Discussion', 'Application_Engineer_Call', 'SQL', 'Customer']",1
L017664,Chen Khan,Rayth_Tech,,Europe,Automotive Ethernet,Website,"['Keysight_Workshop_RF_Testing', 'Whitepaper_Download_5G_Test', 'Oscilloscope_Selector_Tool', 'Opportunity', 'IMS_Badge_Scan', 'AutoSens_Tech_Talk', 'PathWave_Trial_Request', 'Application_Engineer_Call', 'Customer']",1
L017665,Kenji Ito,Infineon,Automotive,North America,,Event,['No_Conversion'],0
L017666,,Sony GmbH,Electronics,North America,Oscilloscopes,Email Campaign,"['Whitepaper_Download_5G_Test', 'Oscilloscope_Selector_Tool', 'Lab_Integration_Discussion', 'Customer']",1
L017667,Hiroshi Garcia,Broadcom,,,,Event,"['Oscilloscope_Selector_Tool', 'Loaner_Unit_Evaluation', 'No_Conversion']",0
L017668,Ravi Khan,Infineon,Semiconductor,LATAM,Automotive Ethernet,Event,['No_Conversion'],0
L017669,,NXP Semiconductors,Semiconductor,,,LinkedIn,"['Opportunity', 'Website_Product_Page', 'Application_Engineer_Call', 'Website_Product_Page', 'Technical_Demo', 'Customer']",1
L017670,Kenji Garcia,,Electronics,LATAM,5G Testbeds,,['Customer'],1
L017671,Hiroshi Ito,,Aerospace,LATAM,Oscilloscopes,Email Campaign,"['AutoSens_Tech_Talk', 'Lab_Integration_Discussion', 'Whitepaper_Download_5G_Test', 'Oscilloscope_Selector_Tool', 'Keysight_Workshop_RF_Testing', 'MQL', 'Keysight_University_Course', 'Loaner_Unit_Evaluation', 'Customer']",1
L017672,Laura Anders,Sony GmbH,,Europe,,,"['Whitepaper_Download_5G_Test', 'Keysight_Workshop_RF_Testing', 'Keysight_University_Course', 'Website_Product_Page', 'Opportunity', 'Customer']",1
L017673,,Bosch_Tech,Electronics,Europe,,Webinar,['Customer'],1
L017674,Ahmed Anders,Raytheon GmbH,Electronics,,PathWave Software,Website,"['Application_Engineer_Call', 'PathWave_Trial_Request', 'Opportunity', 'IMS_Badge_Scan', 'LinkedIn_Ad_Click', 'Oscilloscope_Selector_Tool', 'Website_Product_Page', 'Customer']",1
L017675,Michael Khan,Tesla Energy GmbH,,LATAM,,LinkedIn,['No_Conversion'],0
L017676,Maria Singh,Tesla Energy,,Europe,PathWave Software,,"['Loaner_Unit_Evaluation', 'Oscilloscope_Selector_Tool', 'Keysight_University_Course', 'Customer']",1
L017677,Ahmed Lee,NXP Semiconductors,Electronics,North America,Automotive Ethernet,LinkedIn,"['Lab_Integration_Discussion', 'Opportunity', 'SQL', 'PathWave_Trial_Request', 'Keysight_University_Course', 'Oscilloscope_Selector_Tool', 'Lab_Integration_Discussion', 'Whitepaper_Download_5G_Test', 'MQL', 'Lab_Integration_Discussion', 'Customer']",1
L017678,Hiroshi Lee,NXP Semiconductors,Telecom,LATAM,Automotive Ethernet,Sales Outreach,"['Website_Product_Page', 'AutoSens_Tech_Talk', 'Loaner_Unit_Evaluation', 'PathWave_Trial_Request', 'DesignCon_Booth_Visit', 'SQL', 'Customer']",1
L017679,Daniel Tanaka,MetaC_Tech,Telecom,Europe,5G Testbeds,,"['DesignCon_Booth_Visit', 'IMS_Badge_Scan', 'Keysight_University_Course', 'AutoSens_Tech_Talk', 'AutoSens_Tech_Talk', 'No_Conversion']",0
L017680,Priya Anders,Raytheon GmbH,Aerospace,North America,Oscilloscopes,Email Campaign,"['SQL', 'Customer']",1
L017681,Michael Patel,Sony_Tech,Semiconductor,LATAM,PathWave Software,Webinar,"['Technical_Demo', 'Technical_Demo', 'Keysight_Workshop_RF_Testing', 'PathWave_Trial_Request', 'SQL', 'No_Conversion']",0
L017682,Sofia Singh,Tesla Energy GmbH,Telecom,LATAM,PathWave Software,LinkedIn,"['Website_Product_Page', 'Keysight_University_Course', 'Opportunity', 'No_Conversion']",0
L017683,Laura Khan,,Automotive,,,Email Campaign,"['Whitepaper_Download_5G_Test', 'SQL', 'Keysight_University_Course', 'Application_Engineer_Call', 'Customer']",1
L017684,Daniel Patel,Infin_Tech,Semiconductor,,,Webinar,"['Oscilloscope_Selector_Tool', 'DesignCon_Booth_Visit', 'Website_Product_Page', 'Whitepaper_Download_5G_Test', 'No_Conversion']",0
L017685,Sarah Williams,Samsung Electronics GmbH,Semiconductor,LATAM,Automotive Ethernet,Event,"['Website_Product_Page', 'LinkedIn_Ad_Click', 'PathWave_Trial_Request', 'No_Conversion']",0
L017686,Chen Lee,,Telecom,Europe,Automotive Ethernet,Sales Outreach,"['AutoSens_Tech_Talk', 'Whitepaper_Download_5G_Test', 'IMS_Badge_Scan', 'Keysight_Workshop_RF_Testing', 'DesignCon_Booth_Visit', 'Lab_Integration_Discussion', 'Technical_Demo', 'No_Conversion']",0
L017687,Ahmed Lee,,,LATAM,,Webinar,['No_Conversion'],0
L017688,,NXP Semiconductors,Automotive,North America,Automotive Ethernet,Website,"['Loaner_Unit_Evaluation', 'DesignCon_Booth_Visit', 'Application_Engineer_Call', 'Lab_Integration_Discussion', 'MQL', 'Keysight_Workshop_RF_Testing', 'DesignCon_Booth_Visit', 'IMS_Badge_Scan', 'MQL', 'Customer']",1
L017689,Chen Anders,Tesla Energy GmbH,,North America,,Website,"['DesignCon_Booth_Visit', 'Customer']",1
L017690,Laura Chen,Qualcomm,Telecom,LATAM,Automotive Ethernet,Sales Outreach,"['Lab_Integration_Discussion', 'Keysight_University_Course', 'Lab_Integration_Discussion', 'Website_Product_Page', 'DesignCon_Booth_Visit', 'Customer']",1
L017691,Priya Tanaka,Tesla Energy GmbH,,North America,Automotive Ethernet,LinkedIn,"['Keysight_University_Course', 'IMS_Badge_Scan', 'Opportunity', 'Oscilloscope_Selector_Tool', 'PathWave_Trial_Request', 'Technical_Demo', 'No_Conversion']",0
L017692,Chen Tanaka,,,,,Website,"['IMS_Badge_Scan', 'Customer']",1
L017693,Ravi Khan,Meta Connectivity Labs,Semiconductor,APAC,PathWave Software,Email Campaign,"['IMS_Badge_Scan', 'Opportunity', 'Oscilloscope_Selector_Tool', 'Lab_Integration_Discussion', 'LinkedIn_Ad_Click', 'Customer']",1
L017694,Chen Anders,Meta Connectivity Labs GmbH,Telecom,Europe,Automotive Ethernet,Website,"['DesignCon_Booth_Visit', 'PathWave_Trial_Request', 'Application_Engineer_Call', 'Opportunity', 'Keysight_University_Course', 'IMS_Badge_Scan', 'Loaner_Unit_Evaluation', 'No_Conversion']",0
L017695,Ahmed Chen,,Aerospace,North America,5G Testbeds,Event,"['Loaner_Unit_Evaluation', 'Opportunity', 'AutoSens_Tech_Talk', 'Website_Product_Page', 'Keysight_University_Course', 'Application_Engineer_Call', 'No_Conversion']",0
L017696,,Bosch GmbH,Automotive,North America,,,"['Keysight_Workshop_RF_Testing', 'DesignCon_Booth_Visit', 'Loaner_Unit_Evaluation', 'Opportunity', 'Lab_Integration_Discussion', 'Customer']",1
L017697,Sofia Anders,Broad_Tech,Aerospace,LATAM,,Sales Outreach,"['Application_Engineer_Call', 'Technical_Demo', 'LinkedIn_Ad_Click', 'Lab_Integration_Discussion', 'No_Conversion']",0
L017698,Laura Johnson,Broad_Tech,,LATAM,Automotive Ethernet,Webinar,"['Opportunity', 'Lab_Integration_Discussion', 'Website_Product_Page', 'Whitepaper_Download_5G_Test', 'PathWave_Trial_Request', 'IMS_Badge_Scan', 'IMS_Badge_Scan', 'No_Conversion']",0
L017699,Ravi Chen,Tesla Energy GmbH,,,PathWave Software,Email Campaign,['No_Conversion'],0
L017700,Michael Martinez,Samsung Electronics GmbH,,Europe,,Webinar,"['Loaner_Unit_Evaluation', 'Opportunity', 'LinkedIn_Ad_Click', 'AutoSens_Tech_Talk', 'No_Conversion']",0
L017701,,Sony_Tech,Semiconductor,Europe,Automotive Ethernet,LinkedIn,"['Keysight_University_Course', 'SQL', 'Website_Product_Page', 'Customer']",1
L017702,Laura Lee,Raytheon GmbH,Telecom,LATAM,,Event,['Customer'],1
L017703,Sofia Johnson,,Automotive,Europe,PathWave Software,Website,"['LinkedIn_Ad_Click', 'SQL', 'MQL', 'Oscilloscope_Selector_Tool', 'Application_Engineer_Call', 'IMS_Badge_Scan', 'Keysight_Workshop_RF_Testing', 'Customer']",1
L017704,Priya Williams,,Aerospace,APAC,Oscilloscopes,Email Campaign,"['PathWave_Trial_Request', 'No_Conversion']",0
L017705,Chen Lee,,Electronics,North America,5G Testbeds,Email Campaign,"['Technical_Demo', 'Application_Engineer_Call', 'Keysight_University_Course', 'Opportunity', 'Opportunity', 'SQL', 'Keysight_Workshop_RF_Testing', 'IMS_Badge_Scan', 'Keysight_University_Course', 'Website_Product_Page', 'No_Conversion']",0
L017706,Maria Tanaka,Qualcomm GmbH,Semiconductor,Europe,PathWave Software,,['Customer'],1
L017707,Hiroshi Singh,Broadcom GmbH,Electronics,,Automotive Ethernet,Webinar,"['AutoSens_Tech_Talk', 'LinkedIn_Ad_Click', 'Whitepaper_Download_5G_Test', 'No_Conversion']",0
L017708,Hiroshi Patel,Broad_Tech,Telecom,LATAM,5G Testbeds,Website,['No_Conversion'],0
L017709,,Tesla Energy,Telecom,Europe,PathWave Software,,['No_Conversion'],0
L017710,Maria Khan,MetaC_Tech,Electronics,APAC,,Event,"['SQL', 'LinkedIn_Ad_Click', 'Loaner_Unit_Evaluation', 'Website_Product_Page', 'Customer']",1
L017711,Chen Ito,Samsu_Tech,Semiconductor,APAC,Automotive Ethernet,Website,"['Loaner_Unit_Evaluation', 'Lab_Integration_Discussion', 'LinkedIn_Ad_Click', 'DesignCon_Booth_Visit', 'DesignCon_Booth_Visit', 'Opportunity', 'Customer']",1
L017712,Ravi Williams,,Semiconductor,Europe,,,"['Oscilloscope_Selector_Tool', 'Website_Product_Page', 'IMS_Badge_Scan', 'Keysight_University_Course', 'Keysight_University_Course', 'AutoSens_Tech_Talk', 'Customer']",1
L017713,Laura Johnson,Sony_Tech,,North America,Automotive Ethernet,Event,"['Lab_Integration_Discussion', 'DesignCon_Booth_Visit', 'LinkedIn_Ad_Click', 'LinkedIn_Ad_Click', 'LinkedIn_Ad_Click', 'DesignCon_Booth_Visit', 'Application_Engineer_Call', 'Oscilloscope_Selector_Tool', 'Opportunity', 'Application_Engineer_Call', 'No_Conversion']",0
L017714,Maria Martinez,Meta Connectivity Labs,,,5G Testbeds,,"['Loaner_Unit_Evaluation', 'Lab_Integration_Discussion', 'LinkedIn_Ad_Click', 'SQL', 'Customer']",1
L017715,Chen Ito,Samsung Electronics,Automotive,LATAM,,Sales Outreach,"['DesignCon_Booth_Visit', 'Lab_Integration_Discussion', 'MQL', 'No_Conversion']",0
L017716,,MetaC_Tech,Automotive,APAC,PathWave Software,Sales Outreach,"['MQL', 'LinkedIn_Ad_Click', 'IMS_Badge_Scan', 'Whitepaper_Download_5G_Test', 'Application_Engineer_Call', 'Lab_Integration_Discussion', 'PathWave_Trial_Request', 'Technical_Demo', 'No_Conversion']",0
L017717,Daniel Johnson,Infineon,Electronics,North America,Oscilloscopes,Website,"['Opportunity', 'Loaner_Unit_Evaluation', 'Website_Product_Page', 'Technical_Demo', 'Application_Engineer_Call', 'LinkedIn_Ad_Click', 'PathWave_Trial_Request', 'Customer']",1
L017718,Ahmed Martinez,Bosch_Tech,,Europe,5G Testbeds,Website,"['Lab_Integration_Discussion', 'Website_Product_Page', 'SQL', 'Website_Product_Page', 'No_Conversion']",0
L017719,Ahmed Garcia,Broadcom GmbH,Electronics,LATAM,,Webinar,['No_Conversion'],0
L017720,Chen Khan,Meta Connectivity Labs,Aerospace,Europe,,Sales Outreach,"['AutoSens_Tech_Talk', 'Oscilloscope_Selector_Tool', 'Website_Product_Page', 'Oscilloscope_Selector_Tool', 'IMS_Badge_Scan', 'LinkedIn_Ad_Click', 'AutoSens_Tech_Talk', 'No_Conversion']",0
L017721,Chen Patel,Samsung Electronics GmbH,,LATAM,PathWave Software,,"['AutoSens_Tech_Talk', 'AutoSens_Tech_Talk', 'DesignCon_Booth_Visit', 'Keysight_Workshop_RF_Testing', 'Customer']",1
L017722,Hiroshi Patel,Infineon,Automotive,,Oscilloscopes,,"['IMS_Badge_Scan', 'Lab_Integration_Discussion', 'Opportunity', 'PathWave_Trial_Request', 'Keysight_University_Course', 'LinkedIn_Ad_Click', 'Keysight_Workshop_RF_Testing', 'No_Conversion']",0
L017723,Hiroshi Martinez,NXPSe_Tech,,,,Webinar,"['Technical_Demo', 'MQL', 'Opportunity', 'Customer']",1
L017724,Ravi Khan,Infin_Tech,Electronics,LATAM,,LinkedIn,"['SQL', 'Opportunity', 'Technical_Demo', 'Oscilloscope_Selector_Tool', 'Website_Product_Page', 'PathWave_Trial_Request', 'AutoSens_Tech_Talk', 'Website_Product_Page', 'Customer']",1
L017725,Sofia Ito,NXP Semiconductors GmbH,Telecom,,Automotive Ethernet,Event,"['Website_Product_Page', 'Oscilloscope_Selector_Tool', 'Oscilloscope_Selector_Tool', 'Technical_Demo', 'AutoSens_Tech_Talk', 'No_Conversion']",0
L017726,Sofia Tanaka,Qualc_Tech,,North America,,Sales Outreach,"['Lab_Integration_Discussion', 'Loaner_Unit_Evaluation', 'Website_Product_Page', 'LinkedIn_Ad_Click', 'LinkedIn_Ad_Click', 'Opportunity', 'No_Conversion']",0
L017727,,,Electronics,Europe,Automotive Ethernet,Email Campaign,['No_Conversion'],0
L017728,Priya Martinez,,Electronics,APAC,Automotive Ethernet,Sales Outreach,"['LinkedIn_Ad_Click', 'Technical_Demo', 'Technical_Demo', 'IMS_Badge_Scan', 'Technical_Demo', 'IMS_Badge_Scan', 'Customer']",1
L017729,,,Semiconductor,,,LinkedIn,"['Whitepaper_Download_5G_Test', 'PathWave_Trial_Request', 'MQL', 'Lab_Integration_Discussion', 'MQL', 'PathWave_Trial_Request', 'Technical_Demo', 'No_Conversion']",0
L017730,Ravi Williams,Qualc_Tech,Telecom,Europe,,Email Campaign,"['SQL', 'MQL', 'Opportunity', 'Technical_Demo', 'AutoSens_Tech_Talk', 'Keysight_University_Course', 'Customer']",1
L017731,Daniel Anders,Qualc_Tech,Telecom,APAC,Automotive Ethernet,Website,"['LinkedIn_Ad_Click', 'Customer']",1
L017732,Priya Tanaka,Infin_Tech,Aerospace,,Oscilloscopes,LinkedIn,"['DesignCon_Booth_Visit', 'PathWave_Trial_Request', 'PathWave_Trial_Request', 'Oscilloscope_Selector_Tool', 'MQL', 'Customer']",1
L017733,Maria Johnson,,Electronics,,,Website,"['Oscilloscope_Selector_Tool', 'AutoSens_Tech_Talk', 'IMS_Badge_Scan', 'Keysight_University_Course', 'Loaner_Unit_Evaluation', 'Customer']",1
L017734,Daniel Khan,Samsung Electronics GmbH,Automotive,Europe,5G Testbeds,Email Campaign,"['Whitepaper_Download_5G_Test', 'Lab_Integration_Discussion', 'No_Conversion']",0
L017735,Laura Tanaka,Sony,Aerospace,,Automotive Ethernet,Event,"['PathWave_Trial_Request', 'LinkedIn_Ad_Click', 'No_Conversion']",0
L017736,Maria Singh,Samsung Electronics,Telecom,LATAM,,Webinar,"['PathWave_Trial_Request', 'Loaner_Unit_Evaluation', 'PathWave_Trial_Request', 'PathWave_Trial_Request', 'DesignCon_Booth_Visit', 'IMS_Badge_Scan', 'No_Conversion']",0
L017737,Sofia Patel,Meta Connectivity Labs,Electronics,,5G Testbeds,Email Campaign,"['Whitepaper_Download_5G_Test', 'Lab_Integration_Discussion', 'Technical_Demo', 'No_Conversion']",0
L017738,Ravi Anders,Samsung Electronics GmbH,Telecom,North America,,Email Campaign,"['AutoSens_Tech_Talk', 'Whitepaper_Download_5G_Test', 'SQL', 'Oscilloscope_Selector_Tool', 'Loaner_Unit_Evaluation', 'SQL', 'No_Conversion']",0
L017739,Sarah Chen,Broadcom,Electronics,Europe,,Webinar,['Customer'],1
L017740,Ravi Williams,Infineon,Automotive,North America,,Sales Outreach,"['Technical_Demo', 'Technical_Demo', 'DesignCon_Booth_Visit', 'SQL', 'Application_Engineer_Call', 'Customer']",1
L017741,Priya Anders,Rayth_Tech,Aerospace,APAC,,Email Campaign,"['MQL', 'Technical_Demo', 'Website_Product_Page', 'Oscilloscope_Selector_Tool', 'Website_Product_Page', 'SQL', 'Keysight_Workshop_RF_Testing', 'No_Conversion']",0
L017742,Daniel Williams,,Semiconductor,North America,,,"['Whitepaper_Download_5G_Test', 'IMS_Badge_Scan', 'IMS_Badge_Scan', 'Oscilloscope_Selector_Tool', 'IMS_Badge_Scan', 'Customer']",1
L017743,Sofia Chen,,Semiconductor,,Oscilloscopes,Event,"['Technical_Demo', 'Customer']",1
L017744,Sarah Singh,Bosch_Tech,,LATAM,5G Testbeds,Sales Outreach,"['SQL', 'Opportunity', 'AutoSens_Tech_Talk', 'IMS_Badge_Scan', 'LinkedIn_Ad_Click', 'DesignCon_Booth_Visit', 'Loaner_Unit_Evaluation', 'AutoSens_Tech_Talk', 'Lab_Integration_Discussion', 'PathWave_Trial_Request', 'Customer']",1
L017745,Maria Tanaka,,Electronics,North America,Automotive Ethernet,Webinar,"['SQL', 'Oscilloscope_Selector_Tool', 'Whitepaper_Download_5G_Test', 'Loaner_Unit_Evaluation', 'Loaner_Unit_Evaluation', 'DesignCon_Booth_Visit', 'MQL', 'No_Conversion']",0
L017746,Sarah Williams,Tesla_Tech,,Europe,,Sales Outreach,"['Lab_Integration_Discussion', 'Technical_Demo', 'Keysight_University_Course', 'Application_Engineer_Call', 'Website_Product_Page', 'Keysight_Workshop_RF_Testing', 'MQL', 'No_Conversion']",0
L017747,Chen Anders,,Telecom,North America,,Sales Outreach,"['Whitepaper_Download_5G_Test', 'Technical_Demo', 'SQL', 'Oscilloscope_Selector_Tool', 'Keysight_Workshop_RF_Testing', 'Customer']",1
L017748,Laura Anders,,,APAC,PathWave Software,Email Campaign,['Customer'],1
L017749,Chen Patel,,Electronics,Europe,PathWave Software,LinkedIn,"['SQL', 'Technical_Demo', 'IMS_Badge_Scan', 'Oscilloscope_Selector_Tool', 'LinkedIn_Ad_Click', 'Whitepaper_Download_5G_Test', 'Keysight_University_Course', 'Opportunity', 'No_Conversion']",0
L017750,Hiroshi Johnson,Broadcom,,LATAM,Automotive Ethernet,LinkedIn,"['LinkedIn_Ad_Click', 'Customer']",1
L017751,Hiroshi Singh,Sony_Tech,Semiconductor,APAC,,Sales Outreach,"['Keysight_University_Course', 'IMS_Badge_Scan', 'IMS_Badge_Scan', 'SQL', 'Customer']",1
L017752,Hiroshi Tanaka,Qualcomm GmbH,Semiconductor,,,LinkedIn,['No_Conversion'],0
L017753,Sarah Williams,Raytheon GmbH,,Europe,5G Testbeds,Event,"['AutoSens_Tech_Talk', 'Whitepaper_Download_5G_Test', 'Website_Product_Page', 'Customer']",1
L017754,Sofia Johnson,Rayth_Tech,Aerospace,APAC,Oscilloscopes,Sales Outreach,"['LinkedIn_Ad_Click', 'SQL', 'Opportunity', 'Customer']",1
L017755,Michael Williams,Broadcom,Telecom,,PathWave Software,,"['IMS_Badge_Scan', 'AutoSens_Tech_Talk', 'PathWave_Trial_Request', 'DesignCon_Booth_Visit', 'No_Conversion']",0
L017756,Sarah Anders,Infineon GmbH,Electronics,LATAM,5G Testbeds,Sales Outreach,"['Website_Product_Page', 'MQL', 'Customer']",1
L017757,Sarah Garcia,NXP Semiconductors GmbH,Semiconductor,APAC,,LinkedIn,"['Lab_Integration_Discussion', 'SQL', 'Keysight_Workshop_RF_Testing', 'LinkedIn_Ad_Click', 'Loaner_Unit_Evaluation', 'IMS_Badge_Scan', 'Application_Engineer_Call', 'SQL', 'Customer']",1
L017758,Daniel Patel,,Telecom,,Oscilloscopes,,"['AutoSens_Tech_Talk', 'AutoSens_Tech_Talk', 'Keysight_University_Course', 'Keysight_University_Course', 'DesignCon_Booth_Visit', 'Website_Product_Page', 'Website_Product_Page', 'Customer']",1
L017759,Chen Anders,Infin_Tech,Telecom,APAC,Oscilloscopes,Sales Outreach,"['Loaner_Unit_Evaluation', 'Application_Engineer_Call', 'Whitepaper_Download_5G_Test', 'Loaner_Unit_Evaluation', 'IMS_Badge_Scan', 'Whitepaper_Download_5G_Test', 'Customer']",1
L017760,,Raytheon GmbH,,LATAM,,Email Campaign,"['Opportunity', 'MQL', 'Customer']",1
L017761,,Tesla Energy,Electronics,,,,"['Technical_Demo', 'MQL', 'IMS_Badge_Scan', 'Oscilloscope_Selector_Tool', 'Website_Product_Page', 'Keysight_University_Course', 'Opportunity', 'Loaner_Unit_Evaluation', 'Whitepaper_Download_5G_Test', 'No_Conversion']",0
L017762,,,Aerospace,APAC,,LinkedIn,"['PathWave_Trial_Request', 'Website_Product_Page', 'IMS_Badge_Scan', 'PathWave_Trial_Request', 'Whitepaper_Download_5G_Test', 'Keysight_University_Course', 'MQL', 'No_Conversion']",0
L017763,Sofia Martinez,Broadcom,Electronics,APAC,,,"['DesignCon_Booth_Visit', 'Lab_Integration_Discussion', 'SQL', 'Customer']",1
L017764,Maria Ito,MetaC_Tech,Telecom,Europe,PathWave Software,LinkedIn,"['DesignCon_Booth_Visit', 'Technical_Demo', 'Keysight_University_Course', 'AutoSens_Tech_Talk', 'IMS_Badge_Scan', 'Whitepaper_Download_5G_Test', 'MQL', 'AutoSens_Tech_Talk', 'Customer']",1
L017765,Priya Tanaka,Sony_Tech,Telecom,LATAM,Automotive Ethernet,Event,"['SQL', 'Opportunity', 'Website_Product_Page', 'No_Conversion']",0
L017766,,,Aerospace,Europe,,Email Campaign,"['LinkedIn_Ad_Click', 'No_Conversion']",0
L017767,Chen Ito,Meta Connectivity Labs,Automotive,North America,,Email Campaign,"['DesignCon_Booth_Visit', 'Loaner_Unit_Evaluation', 'Whitepaper_Download_5G_Test', 'Whitepaper_Download_5G_Test', 'IMS_Badge_Scan', 'Keysight_University_Course', 'No_Conversion']",0
L017768,Laura Khan,Raytheon GmbH,Electronics,LATAM,Automotive Ethernet,Sales Outreach,"['Website_Product_Page', 'AutoSens_Tech_Talk', 'Website_Product_Page', 'MQL', 'Customer']",1
L017769,Laura Garcia,Qualcomm GmbH,,North America,Automotive Ethernet,Webinar,"['PathWave_Trial_Request', 'Keysight_University_Course', 'SQL', 'MQL', 'Website_Product_Page', 'AutoSens_Tech_Talk', 'Keysight_Workshop_RF_Testing', 'No_Conversion']",0
L017770,Hiroshi Martinez,NXP Semiconductors GmbH,Automotive,APAC,,Sales Outreach,['Customer'],1
L017771,Hiroshi Johnson,,Telecom,,PathWave Software,Webinar,"['Opportunity', 'Whitepaper_Download_5G_Test', 'Lab_Integration_Discussion', 'Whitepaper_Download_5G_Test', 'AutoSens_Tech_Talk', 'LinkedIn_Ad_Click', 'Whitepaper_Download_5G_Test', 'Keysight_Workshop_RF_Testing', 'Lab_Integration_Discussion', 'Customer']",1
L017772,Chen Johnson,Broad_Tech,,Europe,,LinkedIn,"['Keysight_Workshop_RF_Testing', 'Loaner_Unit_Evaluation', 'Keysight_Workshop_RF_Testing', 'Keysight_University_Course', 'IMS_Badge_Scan', 'Opportunity', 'No_Conversion']",0
L017773,Laura Anders,Bosch GmbH,Telecom,North America,PathWave Software,LinkedIn,"['Whitepaper_Download_5G_Test', 'MQL', 'PathWave_Trial_Request', 'Website_Product_Page', 'AutoSens_Tech_Talk', 'IMS_Badge_Scan', 'MQL', 'Opportunity', 'Customer']",1
L017774,Michael Ito,,Aerospace,,Oscilloscopes,,"['DesignCon_Booth_Visit', 'Customer']",1
L017775,Ravi Patel,Broadcom,,APAC,Automotive Ethernet,Website,"['PathWave_Trial_Request', 'Technical_Demo', 'Whitepaper_Download_5G_Test', 'Oscilloscope_Selector_Tool', 'LinkedIn_Ad_Click', 'MQL', 'DesignCon_Booth_Visit', 'MQL', 'No_Conversion']",0
L017776,Chen Anders,Sony,Aerospace,APAC,,,"['Whitepaper_Download_5G_Test', 'Technical_Demo', 'Website_Product_Page', 'DesignCon_Booth_Visit', 'No_Conversion']",0
L017777,,Qualc_Tech,Electronics,LATAM,,Website,"['SQL', 'AutoSens_Tech_Talk', 'No_Conversion']",0
L017778,,,,Europe,Automotive Ethernet,Webinar,"['Opportunity', 'Website_Product_Page', 'AutoSens_Tech_Talk', 'MQL', 'Website_Product_Page', 'No_Conversion']",0
L017779,,,,,Automotive Ethernet,Website,"['IMS_Badge_Scan', 'Loaner_Unit_Evaluation', 'IMS_Badge_Scan', 'Website_Product_Page', 'IMS_Badge_Scan', 'AutoSens_Tech_Talk', 'Keysight_Workshop_RF_Testing', 'PathWave_Trial_Request', 'Website_Product_Page', 'No_Conversion']",0
L017780,Laura Ito,Broad_Tech,Aerospace,Europe,5G Testbeds,,"['IMS_Badge_Scan', 'Application_Engineer_Call', 'Opportunity', 'Lab_Integration_Discussion', 'Technical_Demo', 'LinkedIn_Ad_Click', 'No_Conversion']",0
L017781,Priya Garcia,Tesla_Tech,Telecom,,PathWave Software,Event,"['PathWave_Trial_Request', 'Whitepaper_Download_5G_Test', 'IMS_Badge_Scan', 'Whitepaper_Download_5G_Test', 'Technical_Demo', 'Lab_Integration_Discussion', 'IMS_Badge_Scan', 'MQL', 'Customer']",1
L017782,Sarah Williams,Qualcomm GmbH,Aerospace,,,Website,"['Keysight_Workshop_RF_Testing', 'MQL', 'Application_Engineer_Call', 'IMS_Badge_Scan', 'Customer']",1
L017783,Sarah Williams,Qualcomm GmbH,,North America,,Sales Outreach,"['Oscilloscope_Selector_Tool', 'Application_Engineer_Call', 'PathWave_Trial_Request', 'Whitepaper_Download_5G_Test', 'Website_Product_Page', 'DesignCon_Booth_Visit', 'IMS_Badge_Scan', 'LinkedIn_Ad_Click', 'Website_Product_Page', 'Lab_Integration_Discussion', 'Customer']",1
L017784,Chen Singh,Meta Connectivity Labs GmbH,Aerospace,Europe,PathWave Software,Email Campaign,"['Keysight_University_Course', 'Oscilloscope_Selector_Tool', 'Keysight_University_Course', 'Customer']",1
L017785,Sarah Patel,Bosch GmbH,,North America,PathWave Software,Sales Outreach,"['Lab_Integration_Discussion', 'Website_Product_Page', 'AutoSens_Tech_Talk', 'Keysight_University_Course', 'MQL', 'Customer']",1
L017786,,Meta Connectivity Labs GmbH,Telecom,APAC,,Sales Outreach,"['SQL', 'AutoSens_Tech_Talk', 'No_Conversion']",0
L017787,,,,LATAM,,Sales Outreach,"['AutoSens_Tech_Talk', 'Whitepaper_Download_5G_Test', 'SQL', 'AutoSens_Tech_Talk', 'Opportunity', 'Keysight_University_Course', 'Lab_Integration_Discussion', 'IMS_Badge_Scan', 'LinkedIn_Ad_Click', 'Customer']",1
L017788,Sarah Johnson,Bosch_Tech,Telecom,North America,,Sales Outreach,"['MQL', 'SQL', 'Application_Engineer_Call', 'MQL', 'No_Conversion']",0
L017789,Maria Garcia,Meta Connectivity Labs GmbH,,North America,Automotive Ethernet,Email Campaign,"['MQL', 'Keysight_University_Course', 'IMS_Badge_Scan', 'Technical_Demo', 'Customer']",1
L017790,Ravi Ito,Tesla_Tech,Electronics,,PathWave Software,LinkedIn,"['AutoSens_Tech_Talk', 'AutoSens_Tech_Talk', 'Lab_Integration_Discussion', 'Whitepaper_Download_5G_Test', 'Lab_Integration_Discussion', 'Whitepaper_Download_5G_Test', 'MQL', 'SQL', 'IMS_Badge_Scan', 'No_Conversion']",0
L017791,Priya Chen,NXPSe_Tech,Telecom,LATAM,,Email Campaign,"['MQL', 'Whitepaper_Download_5G_Test', 'Technical_Demo', 'No_Conversion']",0
L017792,Chen Singh,Infineon,Semiconductor,,,Sales Outreach,"['Loaner_Unit_Evaluation', 'Opportunity', 'Opportunity', 'Keysight_Workshop_RF_Testing', 'Customer']",1
L017793,Ravi Tanaka,Rayth_Tech,Electronics,North America,5G Testbeds,Event,"['PathWave_Trial_Request', 'Loaner_Unit_Evaluation', 'Oscilloscope_Selector_Tool', 'No_Conversion']",0
L017794,Sofia Khan,Infin_Tech,,,,Event,"['Application_Engineer_Call', 'Keysight_Workshop_RF_Testing', 'Website_Product_Page', 'Website_Product_Page', 'Application_Engineer_Call', 'Customer']",1
L017795,Daniel Tanaka,,Electronics,,5G Testbeds,LinkedIn,"['Application_Engineer_Call', 'Keysight_University_Course', 'AutoSens_Tech_Talk', 'Application_Engineer_Call', 'DesignCon_Booth_Visit', 'No_Conversion']",0
L017796,,Samsung Electronics GmbH,Electronics,,,,"['Lab_Integration_Discussion', 'DesignCon_Booth_Visit', 'Website_Product_Page', 'IMS_Badge_Scan', 'Technical_Demo', 'Customer']",1
L017797,Priya Williams,Broadcom GmbH,,,,Sales Outreach,"['Keysight_University_Course', 'LinkedIn_Ad_Click', 'Opportunity', 'Customer']",1
L017798,Michael Garcia,,Telecom,APAC,,Sales Outreach,"['Website_Product_Page', 'PathWave_Trial_Request', 'SQL', 'Technical_Demo', 'Keysight_University_Course', 'Customer']",1
L017799,Daniel Garcia,Sony,Aerospace,North America,Oscilloscopes,,"['MQL', 'Website_Product_Page', 'LinkedIn_Ad_Click', 'PathWave_Trial_Request', 'AutoSens_Tech_Talk', 'No_Conversion']",0
L017800,Kenji Patel,Meta Connectivity Labs GmbH,,,5G Testbeds,Webinar,"['Whitepaper_Download_5G_Test', 'Application_Engineer_Call', 'LinkedIn_Ad_Click', 'AutoSens_Tech_Talk', 'Website_Product_Page', 'Oscilloscope_Selector_Tool', 'Customer']",1
L017801,Ahmed Garcia,Sony,,,PathWave Software,Website,['No_Conversion'],0
L017802,Ahmed Martinez,Broadcom GmbH,,North America,,Email Campaign,"['Website_Product_Page', 'Technical_Demo', 'MQL', 'DesignCon_Booth_Visit', 'Technical_Demo', 'AutoSens_Tech_Talk', 'Opportunity', 'MQL', 'MQL', 'No_Conversion']",0
L017803,Sofia Johnson,Bosch,,Europe,Automotive Ethernet,,"['IMS_Badge_Scan', 'PathWave_Trial_Request', 'SQL', 'Opportunity', 'LinkedIn_Ad_Click', 'SQL', 'DesignCon_Booth_Visit', 'Customer']",1
L017804,Maria Patel,NXP Semiconductors GmbH,Semiconductor,,,,"['AutoSens_Tech_Talk', 'Lab_Integration_Discussion', 'LinkedIn_Ad_Click', 'Oscilloscope_Selector_Tool', 'No_Conversion']",0
L017805,Sofia Anders,Raytheon GmbH,Telecom,Europe,,LinkedIn,"['Oscilloscope_Selector_Tool', 'Keysight_University_Course', 'Loaner_Unit_Evaluation', 'Application_Engineer_Call', 'Keysight_University_Course', 'PathWave_Trial_Request', 'IMS_Badge_Scan', 'IMS_Badge_Scan', 'Application_Engineer_Call', 'Customer']",1
L017806,Kenji Chen,,Electronics,Europe,,Webinar,"['Keysight_University_Course', 'Keysight_Workshop_RF_Testing', 'PathWave_Trial_Request', 'Keysight_University_Course', 'Loaner_Unit_Evaluation', 'DesignCon_Booth_Visit', 'AutoSens_Tech_Talk', 'Application_Engineer_Call', 'Keysight_University_Course', 'No_Conversion']",0
L017807,Hiroshi Williams,,,North America,5G Testbeds,Event,"['MQL', 'Loaner_Unit_Evaluation', 'Lab_Integration_Discussion', 'Technical_Demo', 'AutoSens_Tech_Talk', 'MQL', 'No_Conversion']",0
L017808,Sarah Chen,NXPSe_Tech,Aerospace,North America,Oscilloscopes,LinkedIn,"['PathWave_Trial_Request', 'Website_Product_Page', 'DesignCon_Booth_Visit', 'Website_Product_Page', 'Application_Engineer_Call', 'Customer']",1
L017809,,Infin_Tech,Telecom,APAC,,Sales Outreach,"['Loaner_Unit_Evaluation', 'IMS_Badge_Scan', 'LinkedIn_Ad_Click', 'Website_Product_Page', 'SQL', 'Loaner_Unit_Evaluation', 'Application_Engineer_Call', 'Customer']",1
L017810,Priya Khan,Raytheon,,LATAM,Oscilloscopes,Webinar,"['Keysight_Workshop_RF_Testing', 'AutoSens_Tech_Talk', 'No_Conversion']",0
L017811,Daniel Chen,Qualc_Tech,Aerospace,Europe,Automotive Ethernet,Webinar,"['DesignCon_Booth_Visit', 'SQL', 'MQL', 'LinkedIn_Ad_Click', 'DesignCon_Booth_Visit', 'Opportunity', 'Loaner_Unit_Evaluation', 'Whitepaper_Download_5G_Test', 'PathWave_Trial_Request', 'Customer']",1
L017812,Sofia Martinez,MetaC_Tech,Automotive,Europe,5G Testbeds,Webinar,"['Website_Product_Page', 'Website_Product_Page', 'PathWave_Trial_Request', 'Website_Product_Page', 'Customer']",1
L017813,Sarah Patel,Qualcomm GmbH,Telecom,,Oscilloscopes,Website,"['Website_Product_Page', 'Oscilloscope_Selector_Tool', 'MQL', 'Opportunity', 'Technical_Demo', 'Website_Product_Page', 'AutoSens_Tech_Talk', 'Website_Product_Page', 'MQL', 'Application_Engineer_Call', 'Customer']",1
L017814,Sarah Lee,Broadcom GmbH,Electronics,,,Event,"['Keysight_Workshop_RF_Testing', 'Technical_Demo', 'SQL', 'No_Conversion']",0
L017815,Hiroshi Patel,Samsung Electronics GmbH,Electronics,LATAM,Oscilloscopes,Event,"['Lab_Integration_Discussion', 'LinkedIn_Ad_Click', 'IMS_Badge_Scan', 'SQL', 'IMS_Badge_Scan', 'Lab_Integration_Discussion', 'Application_Engineer_Call', 'LinkedIn_Ad_Click', 'Keysight_University_Course', 'Customer']",1
L017816,Ahmed Garcia,Tesla Energy,,Europe,,Email Campaign,"['Technical_Demo', 'DesignCon_Booth_Visit', 'Opportunity', 'Customer']",1
L017817,Kenji Johnson,Broadcom GmbH,,,PathWave Software,Sales Outreach,"['LinkedIn_Ad_Click', 'PathWave_Trial_Request', 'Opportunity', 'DesignCon_Booth_Visit', 'MQL', 'Loaner_Unit_Evaluation', 'No_Conversion']",0
L017818,Maria Chen,Bosch,Automotive,,Automotive Ethernet,Website,"['PathWave_Trial_Request', 'Technical_Demo', 'Customer']",1
L017819,,,,APAC,,Event,"['Application_Engineer_Call', 'Application_Engineer_Call', 'Application_Engineer_Call', 'Loaner_Unit_Evaluation', 'Loaner_Unit_Evaluation', 'AutoSens_Tech_Talk', 'Application_Engineer_Call', 'MQL', 'Keysight_University_Course', 'Customer']",1
L017820,Daniel Garcia,Bosch GmbH,Aerospace,APAC,Automotive Ethernet,Website,"['Opportunity', 'Technical_Demo', 'Keysight_Workshop_RF_Testing', 'No_Conversion']",0
L017821,Chen Singh,Qualc_Tech,,,Automotive Ethernet,LinkedIn,"['AutoSens_Tech_Talk', 'SQL', 'LinkedIn_Ad_Click', 'MQL', 'DesignCon_Booth_Visit', 'IMS_Badge_Scan', 'Whitepaper_Download_5G_Test', 'Application_Engineer_Call', 'Keysight_Workshop_RF_Testing', 'Customer']",1
L017822,Sarah Singh,Tesla_Tech,Semiconductor,Europe,,,"['LinkedIn_Ad_Click', 'Website_Product_Page', 'MQL', 'SQL', 'Keysight_Workshop_RF_Testing', 'Customer']",1
L017823,Maria Lee,Infineon GmbH,Aerospace,APAC,PathWave Software,Webinar,['No_Conversion'],0
L017824,Laura Chen,MetaC_Tech,Semiconductor,,,,"['Technical_Demo', 'Lab_Integration_Discussion', 'Loaner_Unit_Evaluation', 'Customer']",1
L017825,Ahmed Martinez,NXP Semiconductors GmbH,Electronics,North America,Oscilloscopes,Website,"['SQL', 'No_Conversion']",0
L017826,Laura Anders,NXPSe_Tech,Aerospace,,Oscilloscopes,Event,"['Application_Engineer_Call', 'IMS_Badge_Scan', 'SQL', 'Application_Engineer_Call', 'Lab_Integration_Discussion', 'PathWave_Trial_Request', 'Website_Product_Page', 'Keysight_Workshop_RF_Testing', 'IMS_Badge_Scan', 'Customer']",1
L017827,Priya Ito,,,Europe,,LinkedIn,"['LinkedIn_Ad_Click', 'LinkedIn_Ad_Click', 'Whitepaper_Download_5G_Test', 'Customer']",1
L017828,Sofia Ito,Sony,Electronics,,PathWave Software,Webinar,"['Whitepaper_Download_5G_Test', 'Loaner_Unit_Evaluation', 'Customer']",1
L017829,Sarah Singh,,Semiconductor,LATAM,,Email Campaign,"['AutoSens_Tech_Talk', 'DesignCon_Booth_Visit', 'PathWave_Trial_Request', 'No_Conversion']",0
L017830,Daniel Ito,Infineon GmbH,Semiconductor,APAC,Oscilloscopes,Event,"['Oscilloscope_Selector_Tool', 'Keysight_Workshop_RF_Testing', 'Customer']",1
L017831,Laura Singh,Raytheon GmbH,,North America,5G Testbeds,Event,['No_Conversion'],0
L017832,Daniel Singh,,Aerospace,Europe,5G Testbeds,Sales Outreach,"['Loaner_Unit_Evaluation', 'Website_Product_Page', 'Technical_Demo', 'Customer']",1
L017833,Ravi Khan,,Electronics,,Oscilloscopes,LinkedIn,['No_Conversion'],0
L017834,Hiroshi Anders,Tesla Energy GmbH,Telecom,,,Website,"['DesignCon_Booth_Visit', 'SQL', 'DesignCon_Booth_Visit', 'Technical_Demo', 'Website_Product_Page', 'SQL', 'Customer']",1
L017835,Daniel Singh,,Electronics,LATAM,PathWave Software,,"['Technical_Demo', 'Application_Engineer_Call', 'SQL', 'Technical_Demo', 'Loaner_Unit_Evaluation', 'Lab_Integration_Discussion', 'Loaner_Unit_Evaluation', 'Customer']",1
L017836,Daniel Lee,,,North America,Automotive Ethernet,Webinar,"['LinkedIn_Ad_Click', 'Whitepaper_Download_5G_Test', 'AutoSens_Tech_Talk', 'Oscilloscope_Selector_Tool', 'Technical_Demo', 'IMS_Badge_Scan', 'AutoSens_Tech_Talk', 'IMS_Badge_Scan', 'No_Conversion']",0
L017837,,,,APAC,Oscilloscopes,Webinar,"['DesignCon_Booth_Visit', 'Whitepaper_Download_5G_Test', 'Technical_Demo', 'LinkedIn_Ad_Click', 'PathWave_Trial_Request', 'Technical_Demo', 'Keysight_University_Course', 'Lab_Integration_Discussion', 'Customer']",1
L017838,Michael Williams,Infin_Tech,Automotive,LATAM,,Sales Outreach,"['IMS_Badge_Scan', 'Opportunity', 'Opportunity', 'AutoSens_Tech_Talk', 'AutoSens_Tech_Talk', 'LinkedIn_Ad_Click', 'No_Conversion']",0
L017839,Daniel Singh,Bosch,,LATAM,,Website,"['LinkedIn_Ad_Click', 'Keysight_Workshop_RF_Testing', 'No_Conversion']",0
L017840,Chen Anders,Qualc_Tech,,Europe,,Website,"['Technical_Demo', 'AutoSens_Tech_Talk', 'IMS_Badge_Scan', 'PathWave_Trial_Request', 'Loaner_Unit_Evaluation', 'Keysight_Workshop_RF_Testing', 'Customer']",1
L017841,Sofia Ito,Bosch GmbH,,APAC,Automotive Ethernet,Event,"['Website_Product_Page', 'Whitepaper_Download_5G_Test', 'Oscilloscope_Selector_Tool', 'SQL', 'Application_Engineer_Call', 'MQL', 'Website_Product_Page', 'Whitepaper_Download_5G_Test', 'Keysight_University_Course', 'No_Conversion']",0
L017842,Sarah Tanaka,Infineon,Electronics,North America,Oscilloscopes,Event,"['IMS_Badge_Scan', 'Website_Product_Page', 'Oscilloscope_Selector_Tool', 'Application_Engineer_Call', 'Technical_Demo', 'Keysight_University_Course', 'Website_Product_Page', 'AutoSens_Tech_Talk', 'Application_Engineer_Call', 'Website_Product_Page', 'Customer']",1
L017843,Maria Williams,Qualc_Tech,,Europe,Oscilloscopes,LinkedIn,"['Keysight_Workshop_RF_Testing', 'Customer']",1
L017844,Sarah Johnson,Sony,,APAC,,Email Campaign,"['Keysight_University_Course', 'Loaner_Unit_Evaluation', 'Technical_Demo', 'MQL', 'DesignCon_Booth_Visit', 'Application_Engineer_Call', 'Loaner_Unit_Evaluation', 'IMS_Badge_Scan', 'Customer']",1
L017845,Michael Anders,Meta Connectivity Labs GmbH,Aerospace,North America,,Sales Outreach,"['Application_Engineer_Call', 'Keysight_University_Course', 'SQL', 'No_Conversion']",0
L017846,Sofia Chen,Tesla Energy,Telecom,Europe,Oscilloscopes,,"['AutoSens_Tech_Talk', 'Lab_Integration_Discussion', 'DesignCon_Booth_Visit', 'MQL', 'Oscilloscope_Selector_Tool', 'LinkedIn_Ad_Click', 'SQL', 'LinkedIn_Ad_Click', 'No_Conversion']",0
L017847,Daniel Ito,,Electronics,North America,,Event,"['MQL', 'Lab_Integration_Discussion', 'IMS_Badge_Scan', 'No_Conversion']",0
L017848,Ahmed Ito,Samsung Electronics GmbH,Aerospace,North America,Oscilloscopes,Sales Outreach,"['Application_Engineer_Call', 'Keysight_University_Course', 'MQL', 'PathWave_Trial_Request', 'Loaner_Unit_Evaluation', 'PathWave_Trial_Request', 'PathWave_Trial_Request', 'Lab_Integration_Discussion', 'Keysight_Workshop_RF_Testing', 'No_Conversion']",0
L017849,Ravi Lee,,Automotive,APAC,Oscilloscopes,Event,"['PathWave_Trial_Request', 'Loaner_Unit_Evaluation', 'Keysight_Workshop_RF_Testing', 'Oscilloscope_Selector_Tool', 'PathWave_Trial_Request', 'Application_Engineer_Call', 'Lab_Integration_Discussion', 'Application_Engineer_Call', 'Whitepaper_Download_5G_Test', 'Loaner_Unit_Evaluation', 'No_Conversion']",0
L017850,,Qualc_Tech,Electronics,Europe,5G Testbeds,Website,"['LinkedIn_Ad_Click', 'Oscilloscope_Selector_Tool', 'Keysight_University_Course', 'DesignCon_Booth_Visit', 'Customer']",1
L017851,Kenji Singh,,Aerospace,North America,,Webinar,"['MQL', 'Whitepaper_Download_5G_Test', 'MQL', 'Whitepaper_Download_5G_Test', 'No_Conversion']",0
L017852,Laura Williams,Infineon,,,Oscilloscopes,Website,"['Whitepaper_Download_5G_Test', 'SQL', 'MQL', 'Oscilloscope_Selector_Tool', 'Lab_Integration_Discussion', 'DesignCon_Booth_Visit', 'SQL', 'Whitepaper_Download_5G_Test', 'No_Conversion']",0
L017853,Laura Ito,Infineon,,LATAM,Automotive Ethernet,LinkedIn,"['Oscilloscope_Selector_Tool', 'SQL', 'Oscilloscope_Selector_Tool', 'Customer']",1
L017854,Laura Singh,Infineon,,APAC,PathWave Software,LinkedIn,"['PathWave_Trial_Request', 'Whitepaper_Download_5G_Test', 'AutoSens_Tech_Talk', 'Lab_Integration_Discussion', 'Website_Product_Page', 'SQL', 'Customer']",1
L017855,Sarah Patel,NXPSe_Tech,Telecom,North America,Automotive Ethernet,,"['Whitepaper_Download_5G_Test', 'Keysight_Workshop_RF_Testing', 'SQL', 'Website_Product_Page', 'Opportunity', 'AutoSens_Tech_Talk', 'SQL', 'No_Conversion']",0
L017856,Ahmed Ito,Meta Connectivity Labs GmbH,Telecom,LATAM,Oscilloscopes,,"['LinkedIn_Ad_Click', 'Application_Engineer_Call', 'Whitepaper_Download_5G_Test', 'SQL', 'Opportunity', 'PathWave_Trial_Request', 'Loaner_Unit_Evaluation', 'Oscilloscope_Selector_Tool', 'No_Conversion']",0
L017857,Laura Lee,,Automotive,APAC,Automotive Ethernet,Email Campaign,"['DesignCon_Booth_Visit', 'Whitepaper_Download_5G_Test', 'DesignCon_Booth_Visit', 'No_Conversion']",0
L017858,Ravi Garcia,Samsung Electronics GmbH,Aerospace,,,Email Campaign,"['PathWave_Trial_Request', 'No_Conversion']",0
L017859,,,Electronics,North America,5G Testbeds,,"['Whitepaper_Download_5G_Test', 'Opportunity', 'SQL', 'Opportunity', 'No_Conversion']",0
L017860,Sofia Lee,,Electronics,LATAM,PathWave Software,,"['LinkedIn_Ad_Click', 'Application_Engineer_Call', 'Oscilloscope_Selector_Tool', 'Whitepaper_Download_5G_Test', 'Oscilloscope_Selector_Tool', 'SQL', 'Customer']",1
L017861,Kenji Williams,Tesla_Tech,Semiconductor,LATAM,,Webinar,"['PathWave_Trial_Request', 'SQL', 'Oscilloscope_Selector_Tool', 'Oscilloscope_Selector_Tool', 'Application_Engineer_Call', 'Oscilloscope_Selector_Tool', 'Keysight_Workshop_RF_Testing', 'SQL', 'No_Conversion']",0
L017862,Hiroshi Patel,,Aerospace,North America,,Email Campaign,"['DesignCon_Booth_Visit', 'No_Conversion']",0
L017863,Ravi Khan,Qualcomm,,LATAM,PathWave Software,Event,['No_Conversion'],0
L017864,Priya Patel,,,North America,Automotive Ethernet,Webinar,"['PathWave_Trial_Request', 'LinkedIn_Ad_Click', 'Technical_Demo', 'Application_Engineer_Call', 'LinkedIn_Ad_Click', 'No_Conversion']",0
L017865,Chen Johnson,,,APAC,PathWave Software,Sales Outreach,"['MQL', 'No_Conversion']",0
L017866,Ahmed Anders,,Electronics,LATAM,Oscilloscopes,LinkedIn,"['AutoSens_Tech_Talk', 'Opportunity', 'Keysight_Workshop_RF_Testing', 'Technical_Demo', 'AutoSens_Tech_Talk', 'PathWave_Trial_Request', 'Opportunity', 'Lab_Integration_Discussion', 'Customer']",1
L017867,Ahmed Singh,NXP Semiconductors,,North America,Automotive Ethernet,Sales Outreach,['Customer'],1
L017868,Daniel Patel,Tesla Energy,,North America,PathWave Software,Webinar,"['Application_Engineer_Call', 'Application_Engineer_Call', 'Website_Product_Page', 'Whitepaper_Download_5G_Test', 'Lab_Integration_Discussion', 'Whitepaper_Download_5G_Test', 'Customer']",1
L017869,Sarah Lee,Broad_Tech,,,,,"['Whitepaper_Download_5G_Test', 'MQL', 'Opportunity', 'AutoSens_Tech_Talk', 'No_Conversion']",0
L017870,Maria Chen,,Semiconductor,Europe,,,"['DesignCon_Booth_Visit', 'Whitepaper_Download_5G_Test', 'SQL', 'IMS_Badge_Scan', 'DesignCon_Booth_Visit', 'No_Conversion']",0
L017871,Sarah Martinez,Broad_Tech,Automotive,Europe,,Event,"['Keysight_University_Course', 'No_Conversion']",0
L017872,Ravi Garcia,,Semiconductor,North America,,Email Campaign,"['Opportunity', 'Oscilloscope_Selector_Tool', 'No_Conversion']",0
L017873,Maria Garcia,Broadcom GmbH,,LATAM,Automotive Ethernet,Webinar,"['Loaner_Unit_Evaluation', 'DesignCon_Booth_Visit', 'Keysight_University_Course', 'Technical_Demo', 'Oscilloscope_Selector_Tool', 'Customer']",1
L017874,Chen Johnson,NXP Semiconductors,Electronics,LATAM,5G Testbeds,Website,"['LinkedIn_Ad_Click', 'PathWave_Trial_Request', 'SQL', 'Opportunity', 'MQL', 'Whitepaper_Download_5G_Test', 'Lab_Integration_Discussion', 'No_Conversion']",0
L017875,Maria Johnson,Samsu_Tech,,Europe,Oscilloscopes,LinkedIn,"['Application_Engineer_Call', 'AutoSens_Tech_Talk', 'Oscilloscope_Selector_Tool', 'Application_Engineer_Call', 'AutoSens_Tech_Talk', 'Oscilloscope_Selector_Tool', 'Whitepaper_Download_5G_Test', 'Keysight_Workshop_RF_Testing', 'Opportunity', 'Customer']",1
L017876,Michael Tanaka,Infin_Tech,,Europe,Oscilloscopes,Email Campaign,['No_Conversion'],0
L017877,Sarah Khan,Sony_Tech,,,5G Testbeds,Event,"['Whitepaper_Download_5G_Test', 'Customer']",1
L017878,Priya Johnson,NXP Semiconductors,,APAC,Automotive Ethernet,,"['Website_Product_Page', 'Customer']",1
L017879,Daniel Chen,Broad_Tech,,,5G Testbeds,Website,['No_Conversion'],0
L017880,Priya Ito,Bosch GmbH,,Europe,,Event,"['Loaner_Unit_Evaluation', 'MQL', 'LinkedIn_Ad_Click', 'Loaner_Unit_Evaluation', 'Customer']",1
L017881,Priya Anders,Samsung Electronics,Semiconductor,North America,,Website,['No_Conversion'],0
L017882,Maria Singh,Meta Connectivity Labs,,North America,PathWave Software,,"['IMS_Badge_Scan', 'MQL', 'Opportunity', 'Keysight_University_Course', 'No_Conversion']",0
L017883,Priya Khan,,,APAC,Oscilloscopes,Sales Outreach,['No_Conversion'],0
L017884,,Qualcomm GmbH,Semiconductor,North America,,Email Campaign,"['Keysight_University_Course', 'Whitepaper_Download_5G_Test', 'PathWave_Trial_Request', 'MQL', 'AutoSens_Tech_Talk', 'Keysight_Workshop_RF_Testing', 'No_Conversion']",0
L017885,Ahmed Johnson,Infineon,,APAC,Oscilloscopes,Webinar,"['Technical_Demo', 'Loaner_Unit_Evaluation', 'Customer']",1
L017886,Sofia Johnson,,Semiconductor,LATAM,5G Testbeds,,['No_Conversion'],0
L017887,Sofia Johnson,,Aerospace,,,Email Campaign,"['Keysight_University_Course', 'Technical_Demo', 'PathWave_Trial_Request', 'Customer']",1
L017888,Michael Martinez,Infin_Tech,,LATAM,Automotive Ethernet,Event,"['Loaner_Unit_Evaluation', 'Application_Engineer_Call', 'AutoSens_Tech_Talk', 'Website_Product_Page', 'No_Conversion']",0
L017889,Ahmed Johnson,,,,,Webinar,"['IMS_Badge_Scan', 'IMS_Badge_Scan', 'Opportunity', 'DesignCon_Booth_Visit', 'No_Conversion']",0
L017890,Maria Patel,Tesla Energy,,,5G Testbeds,,"['Technical_Demo', 'PathWave_Trial_Request', 'Whitepaper_Download_5G_Test', 'LinkedIn_Ad_Click', 'Customer']",1
L017891,Ravi Lee,Broadcom,Electronics,North America,Automotive Ethernet,Sales Outreach,"['Oscilloscope_Selector_Tool', 'Technical_Demo', 'Customer']",1
L017892,Laura Anders,Infineon GmbH,Telecom,,Oscilloscopes,Event,"['IMS_Badge_Scan', 'Whitepaper_Download_5G_Test', 'DesignCon_Booth_Visit', 'DesignCon_Booth_Visit', 'DesignCon_Booth_Visit', 'MQL', 'Loaner_Unit_Evaluation', 'Keysight_Workshop_RF_Testing', 'Customer']",1
L017893,Daniel Williams,Sony_Tech,Aerospace,Europe,Automotive Ethernet,Website,['No_Conversion'],0
L017894,Hiroshi Lee,,Automotive,North America,Automotive Ethernet,Event,"['Website_Product_Page', 'Whitepaper_Download_5G_Test', 'DesignCon_Booth_Visit', 'Lab_Integration_Discussion', 'Opportunity', 'AutoSens_Tech_Talk', 'Keysight_University_Course', 'Customer']",1
L017895,Chen Patel,Meta Connectivity Labs GmbH,Aerospace,,PathWave Software,,"['SQL', 'Oscilloscope_Selector_Tool', 'MQL', 'Technical_Demo', 'Whitepaper_Download_5G_Test', 'Customer']",1
L017896,Michael Chen,Infin_Tech,Automotive,Europe,PathWave Software,Website,['No_Conversion'],0
L017897,Laura Patel,Bosch,,,PathWave Software,Webinar,['Customer'],1
L017898,Sarah Williams,,Automotive,North America,PathWave Software,Sales Outreach,"['Loaner_Unit_Evaluation', 'No_Conversion']",0
L017899,Chen Chen,,Semiconductor,LATAM,,,['Customer'],1
L017900,Sofia Khan,Raytheon GmbH,Electronics,LATAM,Oscilloscopes,Webinar,"['Website_Product_Page', 'Website_Product_Page', 'Keysight_University_Course', 'Keysight_Workshop_RF_Testing', 'PathWave_Trial_Request', 'Oscilloscope_Selector_Tool', 'No_Conversion']",0
L017901,,,Electronics,Europe,,Webinar,"['IMS_Badge_Scan', 'Opportunity', 'IMS_Badge_Scan', 'Opportunity', 'Lab_Integration_Discussion', 'Customer']",1
L017902,Ravi Johnson,Sony,,APAC,,Webinar,"['AutoSens_Tech_Talk', 'PathWave_Trial_Request', 'Keysight_Workshop_RF_Testing', 'SQL', 'MQL', 'Customer']",1
L017903,Priya Lee,,,,,Email Campaign,"['LinkedIn_Ad_Click', 'Keysight_University_Course', 'Application_Engineer_Call', 'MQL', 'Customer']",1
L017904,Sarah Martinez,Qualcomm GmbH,,North America,,Sales Outreach,"['IMS_Badge_Scan', 'Keysight_Workshop_RF_Testing', 'Keysight_Workshop_RF_Testing', 'Application_Engineer_Call', 'Website_Product_Page', 'Lab_Integration_Discussion', 'AutoSens_Tech_Talk', 'Website_Product_Page', 'Oscilloscope_Selector_Tool', 'Customer']",1
L017905,Ravi Patel,Qualcomm,Aerospace,Europe,,,"['PathWave_Trial_Request', 'AutoSens_Tech_Talk', 'IMS_Badge_Scan', 'Opportunity', 'Opportunity', 'No_Conversion']",0
L017906,Sofia Ito,Meta Connectivity Labs GmbH,Automotive,LATAM,,Email Campaign,"['Website_Product_Page', 'MQL', 'Lab_Integration_Discussion', 'Keysight_University_Course', 'PathWave_Trial_Request', 'MQL', 'Lab_Integration_Discussion', 'Website_Product_Page', 'IMS_Badge_Scan', 'AutoSens_Tech_Talk', 'No_Conversion']",0
L017907,Hiroshi Khan,Sony_Tech,Aerospace,North America,,Sales Outreach,"['Loaner_Unit_Evaluation', 'Opportunity', 'Lab_Integration_Discussion', 'AutoSens_Tech_Talk', 'LinkedIn_Ad_Click', 'No_Conversion']",0
L017908,Sofia Martinez,,Electronics,,Oscilloscopes,Email Campaign,"['SQL', 'Customer']",1
L017909,Ravi Williams,,,Europe,PathWave Software,Webinar,"['IMS_Badge_Scan', 'Keysight_University_Course', 'Lab_Integration_Discussion', 'Keysight_Workshop_RF_Testing', 'PathWave_Trial_Request', 'No_Conversion']",0
L017910,,Broad_Tech,Telecom,LATAM,Automotive Ethernet,Website,"['Oscilloscope_Selector_Tool', 'PathWave_Trial_Request', 'IMS_Badge_Scan', 'Loaner_Unit_Evaluation', 'IMS_Badge_Scan', 'DesignCon_Booth_Visit', 'No_Conversion']",0
L017911,Kenji Khan,Bosch GmbH,,North America,5G Testbeds,Webinar,"['Lab_Integration_Discussion', 'Technical_Demo', 'Application_Engineer_Call', 'Customer']",1
L017912,Ahmed Chen,Qualc_Tech,Semiconductor,,5G Testbeds,Webinar,"['Website_Product_Page', 'DesignCon_Booth_Visit', 'Keysight_Workshop_RF_Testing', 'Application_Engineer_Call', 'Customer']",1
L017913,Ravi Khan,NXP Semiconductors,Semiconductor,North America,,Email Campaign,"['Loaner_Unit_Evaluation', 'Customer']",1
L017914,Hiroshi Chen,,,APAC,,Email Campaign,"['AutoSens_Tech_Talk', 'PathWave_Trial_Request', 'AutoSens_Tech_Talk', 'DesignCon_Booth_Visit', 'No_Conversion']",0
L017915,Michael Williams,Rayth_Tech,Electronics,Europe,5G Testbeds,Event,"['Website_Product_Page', 'AutoSens_Tech_Talk', 'IMS_Badge_Scan', 'SQL', 'Website_Product_Page', 'No_Conversion']",0
L017916,Laura Lee,Samsung Electronics,Aerospace,LATAM,,Sales Outreach,"['Keysight_University_Course', 'Customer']",1
L017917,Michael Martinez,Meta Connectivity Labs GmbH,Telecom,LATAM,,Sales Outreach,"['PathWave_Trial_Request', 'Application_Engineer_Call', 'AutoSens_Tech_Talk', 'IMS_Badge_Scan', 'Keysight_Workshop_RF_Testing', 'PathWave_Trial_Request', 'LinkedIn_Ad_Click', 'Keysight_Workshop_RF_Testing', 'No_Conversion']",0
L017918,Ravi Tanaka,Infineon GmbH,Automotive,Europe,,LinkedIn,"['Keysight_Workshop_RF_Testing', 'Keysight_Workshop_RF_Testing', 'SQL', 'LinkedIn_Ad_Click', 'IMS_Badge_Scan', 'Opportunity', 'No_Conversion']",0
L017919,Michael Lee,Qualcomm,,APAC,5G Testbeds,LinkedIn,"['PathWave_Trial_Request', 'Oscilloscope_Selector_Tool', 'No_Conversion']",0
L017920,Chen Martinez,Bosch GmbH,Automotive,North America,,LinkedIn,"['Keysight_Workshop_RF_Testing', 'Lab_Integration_Discussion', 'Website_Product_Page', 'LinkedIn_Ad_Click', 'Keysight_University_Course', 'No_Conversion']",0
L017921,Sofia Lee,Infineon GmbH,,Europe,PathWave Software,Event,"['DesignCon_Booth_Visit', 'Opportunity', 'IMS_Badge_Scan', 'Loaner_Unit_Evaluation', 'Lab_Integration_Discussion', 'Website_Product_Page', 'SQL', 'No_Conversion']",0
L017922,Ravi Johnson,Broadcom,Semiconductor,,PathWave Software,Event,"['MQL', 'Keysight_Workshop_RF_Testing', 'Technical_Demo', 'Customer']",1
L017923,Ahmed Williams,Bosch GmbH,,LATAM,,Email Campaign,"['Keysight_University_Course', 'No_Conversion']",0
L017924,Maria Patel,,,Europe,,Website,"['MQL', 'Loaner_Unit_Evaluation', 'Keysight_University_Course', 'Opportunity', 'SQL', 'LinkedIn_Ad_Click', 'IMS_Badge_Scan', 'Lab_Integration_Discussion', 'Oscilloscope_Selector_Tool', 'Oscilloscope_Selector_Tool', 'No_Conversion']",0
L017925,Sofia Johnson,,Electronics,,Oscilloscopes,Website,"['Keysight_Workshop_RF_Testing', 'Whitepaper_Download_5G_Test', 'AutoSens_Tech_Talk', 'Customer']",1
L017926,Laura Singh,MetaC_Tech,,APAC,,Sales Outreach,['No_Conversion'],0
L017927,Michael Chen,Samsung Electronics,Automotive,Europe,,Sales Outreach,"['AutoSens_Tech_Talk', 'Opportunity', 'DesignCon_Booth_Visit', 'Oscilloscope_Selector_Tool', 'SQL', 'Customer']",1
L017928,Kenji Lee,Tesla_Tech,Semiconductor,North America,5G Testbeds,Email Campaign,"['Whitepaper_Download_5G_Test', 'LinkedIn_Ad_Click', 'Customer']",1
L017929,Michael Williams,,,LATAM,PathWave Software,Website,"['Loaner_Unit_Evaluation', 'Keysight_University_Course', 'PathWave_Trial_Request', 'No_Conversion']",0
L017930,Kenji Johnson,Broadcom GmbH,Automotive,LATAM,,LinkedIn,"['AutoSens_Tech_Talk', 'LinkedIn_Ad_Click', 'Keysight_University_Course', 'Whitepaper_Download_5G_Test', 'Customer']",1
L017931,,Broadcom,Aerospace,North America,PathWave Software,LinkedIn,"['Keysight_Workshop_RF_Testing', 'IMS_Badge_Scan', 'Keysight_Workshop_RF_Testing', 'Technical_Demo', 'Application_Engineer_Call', 'Oscilloscope_Selector_Tool', 'Technical_Demo', 'No_Conversion']",0
L017932,Chen Garcia,Tesla Energy,Electronics,,,LinkedIn,"['LinkedIn_Ad_Click', 'SQL', 'Whitepaper_Download_5G_Test', 'Website_Product_Page', 'Customer']",1
L017933,Sarah Martinez,Sony GmbH,Telecom,APAC,Oscilloscopes,Sales Outreach,"['AutoSens_Tech_Talk', 'Opportunity', 'Technical_Demo', 'Opportunity', 'Technical_Demo', 'Keysight_Workshop_RF_Testing', 'Customer']",1
L017934,Michael Patel,,Automotive,APAC,Oscilloscopes,,"['Application_Engineer_Call', 'MQL', 'SQL', 'SQL', 'Loaner_Unit_Evaluation', 'AutoSens_Tech_Talk', 'No_Conversion']",0
L017935,Priya Anders,Samsung Electronics GmbH,Electronics,Europe,,,"['PathWave_Trial_Request', 'Lab_Integration_Discussion', 'Keysight_Workshop_RF_Testing', 'Customer']",1
L017936,Priya Patel,Qualcomm,Telecom,North America,Automotive Ethernet,Webinar,"['Keysight_University_Course', 'SQL', 'Application_Engineer_Call', 'DesignCon_Booth_Visit', 'Oscilloscope_Selector_Tool', 'Opportunity', 'Customer']",1
L017937,Priya Martinez,Bosch GmbH,Aerospace,,PathWave Software,Website,['No_Conversion'],0
L017938,Michael Martinez,Raytheon GmbH,,APAC,,Website,"['Application_Engineer_Call', 'IMS_Badge_Scan', 'Keysight_Workshop_RF_Testing', 'Loaner_Unit_Evaluation', 'SQL', 'Technical_Demo', 'SQL', 'Oscilloscope_Selector_Tool', 'Lab_Integration_Discussion', 'SQL', 'Customer']",1
L017939,Chen Patel,MetaC_Tech,Semiconductor,North America,PathWave Software,Sales Outreach,"['Technical_Demo', 'Website_Product_Page', 'Keysight_University_Course', 'Whitepaper_Download_5G_Test', 'MQL', 'IMS_Badge_Scan', 'PathWave_Trial_Request', 'No_Conversion']",0
L017940,Priya Tanaka,Broadcom GmbH,Telecom,Europe,,Event,"['PathWave_Trial_Request', 'SQL', 'No_Conversion']",0
L017941,Sofia Johnson,Bosch GmbH,,LATAM,PathWave Software,Sales Outreach,"['Oscilloscope_Selector_Tool', 'SQL', 'Oscilloscope_Selector_Tool', 'Opportunity', 'MQL', 'No_Conversion']",0
L017942,Laura Tanaka,Tesla_Tech,,APAC,5G Testbeds,Sales Outreach,"['Application_Engineer_Call', 'Loaner_Unit_Evaluation', 'No_Conversion']",0
L017943,Daniel Garcia,Qualcomm GmbH,,Europe,PathWave Software,Webinar,"['Application_Engineer_Call', 'Customer']",1
L017944,Sofia Tanaka,Bosch_Tech,Automotive,,,Webinar,"['Technical_Demo', 'No_Conversion']",0
L017945,Ahmed Ito,,Automotive,LATAM,,Webinar,"['Oscilloscope_Selector_Tool', 'Whitepaper_Download_5G_Test', 'Oscilloscope_Selector_Tool', 'No_Conversion']",0
L017946,Sofia Lee,,,,Oscilloscopes,Event,['Customer'],1
L017947,Maria Tanaka,Broadcom GmbH,Semiconductor,APAC,,Webinar,['No_Conversion'],0
L017948,Kenji Singh,Tesla_Tech,Electronics,,,Email Campaign,['Customer'],1
L017949,,Qualc_Tech,Telecom,North America,,Sales Outreach,"['Application_Engineer_Call', 'Keysight_Workshop_RF_Testing', 'Oscilloscope_Selector_Tool', 'Application_Engineer_Call', 'Customer']",1
L017950,,Samsung Electronics GmbH,Telecom,,Automotive Ethernet,Sales Outreach,['No_Conversion'],0
L017951,Priya Martinez,Rayth_Tech,,Europe,PathWave Software,Webinar,"['Keysight_University_Course', 'IMS_Badge_Scan', 'Lab_Integration_Discussion', 'Loaner_Unit_Evaluation', 'No_Conversion']",0
L017952,Maria Johnson,,Automotive,North America,Oscilloscopes,Email Campaign,"['Loaner_Unit_Evaluation', 'DesignCon_Booth_Visit', 'Whitepaper_Download_5G_Test', 'AutoSens_Tech_Talk', 'Whitepaper_Download_5G_Test', 'PathWave_Trial_Request', 'No_Conversion']",0
L017953,Priya Chen,,Semiconductor,Europe,Oscilloscopes,Website,"['Website_Product_Page', 'Whitepaper_Download_5G_Test', 'Whitepaper_Download_5G_Test', 'MQL', 'No_Conversion']",0
L017954,Ravi Garcia,Sony_Tech,Electronics,,,Event,"['Website_Product_Page', 'No_Conversion']",0
L017955,Kenji Tanaka,,Automotive,APAC,5G Testbeds,Email Campaign,"['LinkedIn_Ad_Click', 'Keysight_Workshop_RF_Testing', 'Whitepaper_Download_5G_Test', 'Whitepaper_Download_5G_Test', 'Loaner_Unit_Evaluation', 'MQL', 'Customer']",1
L017956,Hiroshi Patel,Qualc_Tech,,APAC,5G Testbeds,LinkedIn,"['MQL', 'Technical_Demo', 'No_Conversion']",0
L017957,Chen Martinez,Meta Connectivity Labs,Electronics,Europe,5G Testbeds,Webinar,"['LinkedIn_Ad_Click', 'Technical_Demo', 'Loaner_Unit_Evaluation', 'Opportunity', 'LinkedIn_Ad_Click', 'Lab_Integration_Discussion', 'Customer']",1
L017958,Maria Tanaka,Sony GmbH,,APAC,5G Testbeds,Website,['No_Conversion'],0
L017959,Ravi Williams,Samsu_Tech,Electronics,APAC,5G Testbeds,Website,"['Loaner_Unit_Evaluation', 'Keysight_Workshop_RF_Testing', 'Oscilloscope_Selector_Tool', 'Technical_Demo', 'SQL', 'IMS_Badge_Scan', 'Customer']",1
L017960,Priya Singh,Sony_Tech,,North America,Oscilloscopes,Email Campaign,"['Keysight_Workshop_RF_Testing', 'Opportunity', 'Website_Product_Page', 'Whitepaper_Download_5G_Test', 'Lab_Integration_Discussion', 'PathWave_Trial_Request', 'Customer']",1
L017961,Ahmed Patel,,Automotive,North America,Automotive Ethernet,,"['Website_Product_Page', 'No_Conversion']",0
L017962,,Infineon GmbH,Semiconductor,APAC,,Sales Outreach,"['MQL', 'IMS_Badge_Scan', 'Whitepaper_Download_5G_Test', 'LinkedIn_Ad_Click', 'LinkedIn_Ad_Click', 'Customer']",1
L017963,Michael Anders,NXP Semiconductors GmbH,,LATAM,Automotive Ethernet,Webinar,"['SQL', 'Customer']",1
L017964,,Tesla Energy GmbH,Semiconductor,Europe,PathWave Software,Website,"['LinkedIn_Ad_Click', 'No_Conversion']",0
L017965,Daniel Johnson,MetaC_Tech,Telecom,APAC,Oscilloscopes,LinkedIn,"['Whitepaper_Download_5G_Test', 'Loaner_Unit_Evaluation', 'SQL', 'DesignCon_Booth_Visit', 'IMS_Badge_Scan', 'Opportunity', 'Whitepaper_Download_5G_Test', 'Customer']",1
L017966,Sarah Khan,,,,5G Testbeds,LinkedIn,['No_Conversion'],0
L017967,Ahmed Johnson,Samsung Electronics GmbH,Semiconductor,,PathWave Software,Email Campaign,['Customer'],1
L017968,Kenji Lee,Samsung Electronics,,,,Website,"['Keysight_Workshop_RF_Testing', 'LinkedIn_Ad_Click', 'Loaner_Unit_Evaluation', 'Technical_Demo', 'Website_Product_Page', 'Keysight_Workshop_RF_Testing', 'Lab_Integration_Discussion', 'Customer']",1
L017969,Priya Patel,,Semiconductor,APAC,5G Testbeds,,"['Keysight_Workshop_RF_Testing', 'Keysight_University_Course', 'Oscilloscope_Selector_Tool', 'Oscilloscope_Selector_Tool', 'No_Conversion']",0
L017970,Hiroshi Ito,MetaC_Tech,,,,LinkedIn,"['Oscilloscope_Selector_Tool', 'Customer']",1
L017971,Daniel Williams,Bosch GmbH,Automotive,,PathWave Software,Sales Outreach,"['Opportunity', 'DesignCon_Booth_Visit', 'Application_Engineer_Call', 'No_Conversion']",0
L017972,Sofia Tanaka,Sony_Tech,Telecom,,Oscilloscopes,Webinar,"['Whitepaper_Download_5G_Test', 'Technical_Demo', 'IMS_Badge_Scan', 'Technical_Demo', 'Application_Engineer_Call', 'DesignCon_Booth_Visit', 'AutoSens_Tech_Talk', 'No_Conversion']",0
L017973,Laura Martinez,Broadcom GmbH,Electronics,LATAM,Oscilloscopes,Website,"['SQL', 'Technical_Demo', 'SQL', 'No_Conversion']",0
L017974,Maria Chen,Bosch_Tech,Automotive,North America,,Website,"['PathWave_Trial_Request', 'DesignCon_Booth_Visit', 'MQL', 'No_Conversion']",0
L017975,Priya Anders,Qualcomm GmbH,,APAC,,Sales Outreach,['No_Conversion'],0
L017976,Chen Lee,Infineon,Aerospace,North America,,Email Campaign,"['Keysight_Workshop_RF_Testing', 'Keysight_Workshop_RF_Testing', 'Whitepaper_Download_5G_Test', 'SQL', 'Loaner_Unit_Evaluation', 'MQL', 'Keysight_University_Course', 'Customer']",1
L017977,,Infineon,,,PathWave Software,Email Campaign,['Customer'],1
L017978,Sarah Patel,,,Europe,5G Testbeds,,"['Application_Engineer_Call', 'Whitepaper_Download_5G_Test', 'Opportunity', 'Technical_Demo', 'No_Conversion']",0
L017979,Ravi Chen,Tesla_Tech,,APAC,Automotive Ethernet,Sales Outreach,['No_Conversion'],0
L017980,Chen Garcia,Broadcom,,APAC,PathWave Software,,"['Loaner_Unit_Evaluation', 'Keysight_University_Course', 'Opportunity', 'Oscilloscope_Selector_Tool', 'Customer']",1
L017981,Laura Tanaka,Bosch GmbH,Telecom,,PathWave Software,Email Campaign,"['Loaner_Unit_Evaluation', 'Lab_Integration_Discussion', 'Technical_Demo', 'Customer']",1
L017982,Ahmed Anders,Qualcomm,,,Automotive Ethernet,Email Campaign,['Customer'],1
L017983,Daniel Ito,Raytheon,Telecom,,5G Testbeds,,"['Oscilloscope_Selector_Tool', 'Loaner_Unit_Evaluation', 'DesignCon_Booth_Visit', 'Keysight_Workshop_RF_Testing', 'No_Conversion']",0
L017984,Maria Anders,Bosch_Tech,Telecom,North America,Oscilloscopes,Email Campaign,"['Opportunity', 'PathWave_Trial_Request', 'Application_Engineer_Call', 'Keysight_Workshop_RF_Testing', 'No_Conversion']",0
L017985,Hiroshi Ito,Bosch GmbH,,LATAM,,Sales Outreach,"['Opportunity', 'No_Conversion']",0
L017986,Sofia Anders,Bosch_Tech,Aerospace,,,Sales Outreach,"['SQL', 'Keysight_Workshop_RF_Testing', 'LinkedIn_Ad_Click', 'Website_Product_Page', 'Application_Engineer_Call', 'No_Conversion']",0
L017987,Daniel Garcia,,Semiconductor,Europe,Oscilloscopes,Event,['No_Conversion'],0
L017988,Daniel Lee,NXP Semiconductors,,North America,5G Testbeds,Sales Outreach,"['Lab_Integration_Discussion', 'Website_Product_Page', 'Opportunity', 'Customer']",1
L017989,Maria Lee,,,North America,Oscilloscopes,Sales Outreach,"['Whitepaper_Download_5G_Test', 'SQL', 'Keysight_Workshop_RF_Testing', 'IMS_Badge_Scan', 'Technical_Demo', 'No_Conversion']",0
L017990,Chen Chen,,Semiconductor,APAC,Automotive Ethernet,,"['SQL', 'IMS_Badge_Scan', 'Oscilloscope_Selector_Tool', 'IMS_Badge_Scan', 'No_Conversion']",0
L017991,Ahmed Lee,Qualcomm,,Europe,Oscilloscopes,LinkedIn,"['MQL', 'Whitepaper_Download_5G_Test', 'Lab_Integration_Discussion', 'Oscilloscope_Selector_Tool', 'LinkedIn_Ad_Click', 'SQL', 'PathWave_Trial_Request', 'Loaner_Unit_Evaluation', 'SQL', 'Customer']",1
L017992,Maria Chen,,Automotive,Europe,Oscilloscopes,Email Campaign,"['Loaner_Unit_Evaluation', 'Opportunity', 'SQL', 'LinkedIn_Ad_Click', 'Customer']",1
L017993,Priya Tanaka,Rayth_Tech,Electronics,Europe,,LinkedIn,"['IMS_Badge_Scan', 'Lab_Integration_Discussion', 'Customer']",1
L017994,Ahmed Patel,,Telecom,,Oscilloscopes,,"['Website_Product_Page', 'Keysight_Workshop_RF_Testing', 'DesignCon_Booth_Visit', 'Application_Engineer_Call', 'Whitepaper_Download_5G_Test', 'Keysight_University_Course', 'Customer']",1
L017995,Chen Johnson,,Semiconductor,APAC,PathWave Software,Sales Outreach,"['IMS_Badge_Scan', 'MQL', 'Oscilloscope_Selector_Tool', 'Customer']",1
L017996,Daniel Chen,Tesla_Tech,Electronics,North America,PathWave Software,Email Campaign,"['MQL', 'Keysight_University_Course', 'AutoSens_Tech_Talk', 'Loaner_Unit_Evaluation', 'Customer']",1
L017997,,Broadcom,Automotive,Europe,Automotive Ethernet,Sales Outreach,"['Loaner_Unit_Evaluation', 'LinkedIn_Ad_Click', 'AutoSens_Tech_Talk', 'SQL', 'MQL', 'Lab_Integration_Discussion', 'No_Conversion']",0
L017998,Chen Johnson,NXP Semiconductors GmbH,Automotive,LATAM,,Website,"['Loaner_Unit_Evaluation', 'Keysight_Workshop_RF_Testing', 'Lab_Integration_Discussion', 'No_Conversion']",0
L017999,Ravi Tanaka,Meta Connectivity Labs GmbH,Automotive,North America,,Website,"['Loaner_Unit_Evaluation', 'Website_Product_Page', 'IMS_Badge_Scan', 'No_Conversion']",0
L018000,Maria Singh,Qualcomm GmbH,Telecom,APAC,,,['Customer'],1
L018001,Sofia Ito,Qualc_Tech,Automotive,,Oscilloscopes,Event,['Customer'],1
L018002,Kenji Khan,Qualc_Tech,,Europe,,Email Campaign,"['PathWave_Trial_Request', 'Customer']",1
L018003,Ahmed Khan,,Aerospace,,Oscilloscopes,Email Campaign,"['DesignCon_Booth_Visit', 'Lab_Integration_Discussion', 'No_Conversion']",0
L018004,Chen Williams,Bosch GmbH,Aerospace,,,Sales Outreach,"['Loaner_Unit_Evaluation', 'MQL', 'Oscilloscope_Selector_Tool', 'Loaner_Unit_Evaluation', 'No_Conversion']",0
L018005,Ahmed Anders,Infin_Tech,Aerospace,,,Webinar,"['LinkedIn_Ad_Click', 'Lab_Integration_Discussion', 'Keysight_University_Course', 'PathWave_Trial_Request', 'No_Conversion']",0
L018006,,Qualc_Tech,,LATAM,Automotive Ethernet,Event,"['Application_Engineer_Call', 'Website_Product_Page', 'No_Conversion']",0
L018007,Ahmed Martinez,,,,,Sales Outreach,"['DesignCon_Booth_Visit', 'LinkedIn_Ad_Click', 'PathWave_Trial_Request', 'AutoSens_Tech_Talk', 'SQL', 'Technical_Demo', 'Keysight_Workshop_RF_Testing', 'Whitepaper_Download_5G_Test', 'Opportunity', 'No_Conversion']",0
L018008,Michael Johnson,Tesla Energy,Electronics,,Automotive Ethernet,Webinar,"['MQL', 'AutoSens_Tech_Talk', 'Opportunity', 'Opportunity', 'Loaner_Unit_Evaluation', 'No_Conversion']",0
L018009,Ravi Singh,Qualcomm,Automotive,LATAM,,LinkedIn,"['Keysight_Workshop_RF_Testing', 'Lab_Integration_Discussion', 'PathWave_Trial_Request', 'Whitepaper_Download_5G_Test', 'Whitepaper_Download_5G_Test', 'LinkedIn_Ad_Click', 'LinkedIn_Ad_Click', 'MQL', 'No_Conversion']",0
L018010,Ravi Singh,NXP Semiconductors,,,5G Testbeds,Webinar,"['Oscilloscope_Selector_Tool', 'Oscilloscope_Selector_Tool', 'Oscilloscope_Selector_Tool', 'Keysight_University_Course', 'Keysight_Workshop_RF_Testing', 'MQL', 'Customer']",1
L018011,Daniel Anders,NXPSe_Tech,Automotive,,PathWave Software,Event,"['SQL', 'AutoSens_Tech_Talk', 'Loaner_Unit_Evaluation', 'AutoSens_Tech_Talk', 'Loaner_Unit_Evaluation', 'Website_Product_Page', 'Customer']",1
L018012,Maria Ito,Broadcom,Electronics,North America,5G Testbeds,Website,"['PathWave_Trial_Request', 'IMS_Badge_Scan', 'Whitepaper_Download_5G_Test', 'AutoSens_Tech_Talk', 'Lab_Integration_Discussion', 'SQL', 'IMS_Badge_Scan', 'No_Conversion']",0
L018013,Hiroshi Lee,Tesla_Tech,Automotive,APAC,,Email Campaign,"['DesignCon_Booth_Visit', 'Lab_Integration_Discussion', 'DesignCon_Booth_Visit', 'Customer']",1
L018014,Ahmed Chen,Samsu_Tech,Electronics,,,Website,"['SQL', 'AutoSens_Tech_Talk', 'AutoSens_Tech_Talk', 'Whitepaper_Download_5G_Test', 'Application_Engineer_Call', 'AutoSens_Tech_Talk', 'Whitepaper_Download_5G_Test', 'Lab_Integration_Discussion', 'Technical_Demo', 'No_Conversion']",0
L018015,Hiroshi Anders,Meta Connectivity Labs,Semiconductor,North America,Oscilloscopes,Event,"['Keysight_Workshop_RF_Testing', 'SQL', 'Lab_Integration_Discussion', 'Oscilloscope_Selector_Tool', 'Technical_Demo', 'Whitepaper_Download_5G_Test', 'DesignCon_Booth_Visit', 'Whitepaper_Download_5G_Test', 'No_Conversion']",0
L018016,Ravi Lee,Meta Connectivity Labs GmbH,,APAC,,Sales Outreach,"['Lab_Integration_Discussion', 'PathWave_Trial_Request', 'MQL', 'Lab_Integration_Discussion', 'Application_Engineer_Call', 'Keysight_Workshop_RF_Testing', 'MQL', 'PathWave_Trial_Request', 'Website_Product_Page', 'No_Conversion']",0
L018017,Chen Williams,Bosch,,,Automotive Ethernet,Event,"['Loaner_Unit_Evaluation', 'AutoSens_Tech_Talk', 'Lab_Integration_Discussion', 'No_Conversion']",0
L018018,Sarah Ito,Infineon GmbH,Aerospace,,Automotive Ethernet,Email Campaign,['Customer'],1
L018019,Hiroshi Garcia,,Semiconductor,Europe,PathWave Software,Sales Outreach,"['Keysight_University_Course', 'Keysight_Workshop_RF_Testing', 'Lab_Integration_Discussion', 'Customer']",1
L018020,Ravi Patel,Samsu_Tech,,North America,Oscilloscopes,,"['Lab_Integration_Discussion', 'Website_Product_Page', 'Oscilloscope_Selector_Tool', 'LinkedIn_Ad_Click', 'Technical_Demo', 'Keysight_Workshop_RF_Testing', 'Customer']",1
L018021,Sarah Anders,,,LATAM,PathWave Software,,"['Website_Product_Page', 'Application_Engineer_Call', 'Oscilloscope_Selector_Tool', 'Technical_Demo', 'No_Conversion']",0
L018022,Maria Khan,,,North America,,Website,"['Keysight_Workshop_RF_Testing', 'Technical_Demo', 'Application_Engineer_Call', 'No_Conversion']",0
L018023,Priya Williams,Sony,Semiconductor,APAC,,LinkedIn,"['Whitepaper_Download_5G_Test', 'Website_Product_Page', 'Technical_Demo', 'Customer']",1
L018024,Laura Ito,Bosch,Aerospace,,PathWave Software,,"['Oscilloscope_Selector_Tool', 'IMS_Badge_Scan', 'Customer']",1
L018025,Sarah Khan,Samsu_Tech,Telecom,North America,,LinkedIn,"['Opportunity', 'No_Conversion']",0
L018026,Daniel Ito,Samsung Electronics,,North America,,Website,"['DesignCon_Booth_Visit', 'Application_Engineer_Call', 'Loaner_Unit_Evaluation', 'No_Conversion']",0
L018027,Laura Patel,Broadcom,,North America,,Email Campaign,"['PathWave_Trial_Request', 'Customer']",1
L018028,Laura Tanaka,,Semiconductor,North America,5G Testbeds,,"['SQL', 'Technical_Demo', 'IMS_Badge_Scan', 'DesignCon_Booth_Visit', 'Whitepaper_Download_5G_Test', 'Whitepaper_Download_5G_Test', 'Loaner_Unit_Evaluation', 'Customer']",1
L018029,Chen Martinez,Sony GmbH,,,Automotive Ethernet,Sales Outreach,"['Lab_Integration_Discussion', 'Customer']",1
L018030,Chen Anders,Raytheon,,APAC,5G Testbeds,,"['MQL', 'LinkedIn_Ad_Click', 'Oscilloscope_Selector_Tool', 'Loaner_Unit_Evaluation', 'Opportunity', 'No_Conversion']",0
L018031,Sarah Khan,MetaC_Tech,,Europe,5G Testbeds,Webinar,"['Loaner_Unit_Evaluation', 'Whitepaper_Download_5G_Test', 'Website_Product_Page', 'Keysight_Workshop_RF_Testing', 'Oscilloscope_Selector_Tool', 'Opportunity', 'Opportunity', 'Customer']",1
L018032,Michael Singh,Infin_Tech,Electronics,LATAM,5G Testbeds,LinkedIn,"['Technical_Demo', 'AutoSens_Tech_Talk', 'Technical_Demo', 'No_Conversion']",0
L018033,Kenji Tanaka,,Aerospace,,PathWave Software,Webinar,"['LinkedIn_Ad_Click', 'Oscilloscope_Selector_Tool', 'Oscilloscope_Selector_Tool', 'Loaner_Unit_Evaluation', 'Whitepaper_Download_5G_Test', 'Whitepaper_Download_5G_Test', 'Website_Product_Page', 'Keysight_Workshop_RF_Testing', 'PathWave_Trial_Request', 'Customer']",1
L018034,Michael Lee,Infineon GmbH,Electronics,,,LinkedIn,"['Loaner_Unit_Evaluation', 'Keysight_University_Course', 'Keysight_Workshop_RF_Testing', 'IMS_Badge_Scan', 'LinkedIn_Ad_Click', 'Lab_Integration_Discussion', 'IMS_Badge_Scan', 'MQL', 'No_Conversion']",0
L018035,Ahmed Ito,Infineon,Semiconductor,LATAM,,Webinar,"['LinkedIn_Ad_Click', 'LinkedIn_Ad_Click', 'PathWave_Trial_Request', 'PathWave_Trial_Request', 'LinkedIn_Ad_Click', 'Keysight_Workshop_RF_Testing', 'No_Conversion']",0
L018036,Ahmed Garcia,Broadcom GmbH,,North America,,Sales Outreach,['Customer'],1
L018037,Sarah Singh,MetaC_Tech,Aerospace,APAC,Automotive Ethernet,Webinar,"['LinkedIn_Ad_Click', 'Loaner_Unit_Evaluation', 'No_Conversion']",0
L018038,Ravi Tanaka,NXPSe_Tech,,Europe,Automotive Ethernet,,"['Oscilloscope_Selector_Tool', 'Application_Engineer_Call', 'Application_Engineer_Call', 'DesignCon_Booth_Visit', 'Application_Engineer_Call', 'Whitepaper_Download_5G_Test', 'Whitepaper_Download_5G_Test', 'Customer']",1
L018039,Michael Anders,NXPSe_Tech,Automotive,,Automotive Ethernet,Email Campaign,"['SQL', 'MQL', 'Technical_Demo', 'PathWave_Trial_Request', 'Website_Product_Page', 'Customer']",1
L018040,Maria Singh,Qualcomm,Semiconductor,North America,,,"['DesignCon_Booth_Visit', 'DesignCon_Booth_Visit', 'Opportunity', 'IMS_Badge_Scan', 'AutoSens_Tech_Talk', 'MQL', 'DesignCon_Booth_Visit', 'AutoSens_Tech_Talk', 'Oscilloscope_Selector_Tool', 'Customer']",1
L018041,Michael Patel,Meta Connectivity Labs,,Europe,,Website,"['Whitepaper_Download_5G_Test', 'Technical_Demo', 'Loaner_Unit_Evaluation', 'Keysight_Workshop_RF_Testing', 'Customer']",1
L018042,Chen Singh,Raytheon,Telecom,APAC,,,"['Application_Engineer_Call', 'MQL', 'SQL', 'Customer']",1
L018043,Maria Tanaka,Samsu_Tech,,LATAM,,,"['Whitepaper_Download_5G_Test', 'LinkedIn_Ad_Click', 'Application_Engineer_Call', 'Keysight_University_Course', 'No_Conversion']",0
L018044,Laura Khan,Meta Connectivity Labs,Aerospace,Europe,Automotive Ethernet,Email Campaign,"['SQL', 'DesignCon_Booth_Visit', 'Lab_Integration_Discussion', 'Oscilloscope_Selector_Tool', 'LinkedIn_Ad_Click', 'Lab_Integration_Discussion', 'Technical_Demo', 'Application_Engineer_Call', 'DesignCon_Booth_Visit', 'Customer']",1
L018045,,NXP Semiconductors GmbH,Automotive,LATAM,,,"['Opportunity', 'SQL', 'No_Conversion']",0
L018046,,,,LATAM,,Event,"['SQL', 'Lab_Integration_Discussion', 'Loaner_Unit_Evaluation', 'Opportunity', 'Oscilloscope_Selector_Tool', 'Technical_Demo', 'Opportunity', 'Keysight_University_Course', 'Customer']",1
L018047,Hiroshi Ito,Samsung Electronics,,,PathWave Software,LinkedIn,"['Opportunity', 'Oscilloscope_Selector_Tool', 'IMS_Badge_Scan', 'Customer']",1
L018048,,Broadcom,Telecom,APAC,,Website,['No_Conversion'],0
L018049,Maria Singh,Sony GmbH,,,Oscilloscopes,LinkedIn,"['DesignCon_Booth_Visit', 'Keysight_Workshop_RF_Testing', 'Keysight_University_Course', 'DesignCon_Booth_Visit', 'Lab_Integration_Discussion', 'Application_Engineer_Call', 'DesignCon_Booth_Visit', 'PathWave_Trial_Request', 'No_Conversion']",0
L018050,Kenji Martinez,Tesla Energy,Telecom,,,LinkedIn,"['Opportunity', 'Oscilloscope_Selector_Tool', 'No_Conversion']",0
L018051,Ravi Garcia,Sony GmbH,Aerospace,,Automotive Ethernet,Email Campaign,"['Keysight_University_Course', 'Application_Engineer_Call', 'Keysight_Workshop_RF_Testing', 'Customer']",1
L018052,Michael Ito,,Telecom,North America,PathWave Software,Email Campaign,"['Application_Engineer_Call', 'Keysight_University_Course', 'PathWave_Trial_Request', 'No_Conversion']",0
L018053,Laura Tanaka,Rayth_Tech,Telecom,APAC,PathWave Software,Sales Outreach,"['Keysight_Workshop_RF_Testing', 'Application_Engineer_Call', 'MQL', 'IMS_Badge_Scan', 'No_Conversion']",0
L018054,Michael Patel,Sony GmbH,Electronics,,,,"['PathWave_Trial_Request', 'Oscilloscope_Selector_Tool', 'Technical_Demo', 'Website_Product_Page', 'Keysight_Workshop_RF_Testing', 'IMS_Badge_Scan', 'Customer']",1
L018055,Ravi Johnson,Infineon GmbH,Electronics,North America,,,"['Keysight_University_Course', 'Keysight_Workshop_RF_Testing', 'SQL', 'Opportunity', 'PathWave_Trial_Request', 'AutoSens_Tech_Talk', 'SQL', 'No_Conversion']",0
L018056,Sarah Tanaka,NXPSe_Tech,Semiconductor,Europe,Automotive Ethernet,,"['DesignCon_Booth_Visit', 'SQL', 'Keysight_Workshop_RF_Testing', 'Whitepaper_Download_5G_Test', 'IMS_Badge_Scan', 'Lab_Integration_Discussion', 'Application_Engineer_Call', 'Customer']",1
L018057,Kenji Ito,,Telecom,APAC,Oscilloscopes,Website,"['Keysight_University_Course', 'Opportunity', 'AutoSens_Tech_Talk', 'No_Conversion']",0
L018058,Michael Lee,,Aerospace,,Oscilloscopes,Sales Outreach,"['Whitepaper_Download_5G_Test', 'LinkedIn_Ad_Click', 'Application_Engineer_Call', 'Website_Product_Page', 'LinkedIn_Ad_Click', 'Customer']",1
L018059,Maria Williams,NXP Semiconductors,Telecom,,,Sales Outreach,"['Oscilloscope_Selector_Tool', 'PathWave_Trial_Request', 'Whitepaper_Download_5G_Test', 'Lab_Integration_Discussion', 'Customer']",1
L018060,Hiroshi Martinez,Bosch GmbH,,Europe,5G Testbeds,Sales Outreach,"['Whitepaper_Download_5G_Test', 'SQL', 'PathWave_Trial_Request', 'Keysight_University_Course', 'DesignCon_Booth_Visit', 'IMS_Badge_Scan', 'No_Conversion']",0
L018061,Hiroshi Chen,Meta Connectivity Labs GmbH,,,,Event,"['PathWave_Trial_Request', 'IMS_Badge_Scan', 'Website_Product_Page', 'SQL', 'Keysight_University_Course', 'Whitepaper_Download_5G_Test', 'Oscilloscope_Selector_Tool', 'Customer']",1
L018062,Kenji Lee,,Telecom,Europe,,Webinar,"['Technical_Demo', 'Customer']",1
L018063,Kenji Garcia,,,Europe,PathWave Software,,"['Loaner_Unit_Evaluation', 'LinkedIn_Ad_Click', 'Technical_Demo', 'SQL', 'SQL', 'Website_Product_Page', 'Keysight_University_Course', 'MQL', 'IMS_Badge_Scan', 'No_Conversion']",0
L018064,Maria Tanaka,Bosch GmbH,Electronics,Europe,Oscilloscopes,Email Campaign,['Customer'],1
L018065,Priya Williams,,,,Oscilloscopes,Website,"['Keysight_Workshop_RF_Testing', 'No_Conversion']",0
L018066,Priya Anders,,Aerospace,,5G Testbeds,Event,"['Whitepaper_Download_5G_Test', 'SQL', 'LinkedIn_Ad_Click', 'PathWave_Trial_Request', 'AutoSens_Tech_Talk', 'No_Conversion']",0
L018067,Maria Williams,NXP Semiconductors GmbH,,LATAM,,Website,"['Oscilloscope_Selector_Tool', 'Lab_Integration_Discussion', 'Lab_Integration_Discussion', 'MQL', 'No_Conversion']",0
L018068,Michael Khan,Samsu_Tech,Aerospace,APAC,Automotive Ethernet,Website,['Customer'],1
L018069,Priya Anders,MetaC_Tech,,,5G Testbeds,Event,"['Whitepaper_Download_5G_Test', 'Loaner_Unit_Evaluation', 'SQL', 'PathWave_Trial_Request', 'Website_Product_Page', 'Application_Engineer_Call', 'PathWave_Trial_Request', 'MQL', 'No_Conversion']",0
L018070,Chen Singh,,,APAC,,,"['Keysight_Workshop_RF_Testing', 'Whitepaper_Download_5G_Test', 'Whitepaper_Download_5G_Test', 'DesignCon_Booth_Visit', 'Technical_Demo', 'No_Conversion']",0
L018071,Maria Anders,NXP Semiconductors GmbH,Electronics,LATAM,,LinkedIn,"['Oscilloscope_Selector_Tool', 'PathWave_Trial_Request', 'Lab_Integration_Discussion', 'Application_Engineer_Call', 'Application_Engineer_Call', 'LinkedIn_Ad_Click', 'Lab_Integration_Discussion', 'Technical_Demo', 'Customer']",1
L018072,Sarah Lee,Infineon,Automotive,North America,5G Testbeds,Website,"['IMS_Badge_Scan', 'No_Conversion']",0
L018073,,,Semiconductor,APAC,Automotive Ethernet,LinkedIn,"['DesignCon_Booth_Visit', 'DesignCon_Booth_Visit', 'Application_Engineer_Call', 'Keysight_Workshop_RF_Testing', 'Oscilloscope_Selector_Tool', 'PathWave_Trial_Request', 'Customer']",1
L018074,,,Telecom,North America,,Email Campaign,"['Opportunity', 'DesignCon_Booth_Visit', 'MQL', 'Oscilloscope_Selector_Tool', 'Keysight_Workshop_RF_Testing', 'Keysight_Workshop_RF_Testing', 'Customer']",1
L018075,Sarah Khan,Sony,,,5G Testbeds,Email Campaign,"['Loaner_Unit_Evaluation', 'Oscilloscope_Selector_Tool', 'Oscilloscope_Selector_Tool', 'AutoSens_Tech_Talk', 'No_Conversion']",0
L018076,Michael Khan,Infineon GmbH,Automotive,,,Webinar,"['DesignCon_Booth_Visit', 'Keysight_Workshop_RF_Testing', 'MQL', 'Technical_Demo', 'Lab_Integration_Discussion', 'No_Conversion']",0
L018077,Laura Tanaka,Infin_Tech,Semiconductor,APAC,,Sales Outreach,"['IMS_Badge_Scan', 'IMS_Badge_Scan', 'No_Conversion']",0
L018078,Kenji Williams,Bosch,Telecom,APAC,,Webinar,"['Technical_Demo', 'No_Conversion']",0
L018079,Kenji Patel,Broadcom,Electronics,LATAM,,Website,"['Technical_Demo', 'Whitepaper_Download_5G_Test', 'Oscilloscope_Selector_Tool', 'PathWave_Trial_Request', 'AutoSens_Tech_Talk', 'Technical_Demo', 'No_Conversion']",0
L018080,Maria Anders,,Telecom,APAC,,Website,['Customer'],1
L018081,Hiroshi Martinez,Sony,,North America,Oscilloscopes,Website,"['Lab_Integration_Discussion', 'Website_Product_Page', 'Keysight_University_Course', 'SQL', 'Application_Engineer_Call', 'Keysight_Workshop_RF_Testing', 'Lab_Integration_Discussion', 'Oscilloscope_Selector_Tool', 'AutoSens_Tech_Talk', 'Customer']",1
L018082,Laura Garcia,NXP Semiconductors GmbH,Automotive,APAC,PathWave Software,Sales Outreach,"['PathWave_Trial_Request', 'Opportunity', 'SQL', 'Website_Product_Page', 'Technical_Demo', 'SQL', 'Whitepaper_Download_5G_Test', 'No_Conversion']",0
L018083,,Qualcomm GmbH,Telecom,,5G Testbeds,Website,"['Keysight_Workshop_RF_Testing', 'DesignCon_Booth_Visit', 'Keysight_University_Course', 'Lab_Integration_Discussion', 'Keysight_Workshop_RF_Testing', 'DesignCon_Booth_Visit', 'Keysight_University_Course', 'Customer']",1
L018084,Sofia Patel,Qualc_Tech,Telecom,,Automotive Ethernet,,['No_Conversion'],0
L018085,Priya Tanaka,Rayth_Tech,,APAC,,LinkedIn,"['Keysight_Workshop_RF_Testing', 'Keysight_Workshop_RF_Testing', 'Lab_Integration_Discussion', 'PathWave_Trial_Request', 'AutoSens_Tech_Talk', 'PathWave_Trial_Request', 'AutoSens_Tech_Talk', 'AutoSens_Tech_Talk', 'No_Conversion']",0
L018086,Michael Khan,NXP Semiconductors,,Europe,PathWave Software,Event,"['IMS_Badge_Scan', 'No_Conversion']",0
L018087,Sarah Singh,NXP Semiconductors,Aerospace,LATAM,,,['Customer'],1
L018088,Kenji Johnson,,Semiconductor,,,Website,['Customer'],1
L018089,Chen Williams,Sony GmbH,Automotive,LATAM,,,"['SQL', 'IMS_Badge_Scan', 'Website_Product_Page', 'AutoSens_Tech_Talk', 'Customer']",1
L018090,Sarah Johnson,Broadcom,,APAC,PathWave Software,Event,"['Keysight_Workshop_RF_Testing', 'LinkedIn_Ad_Click', 'AutoSens_Tech_Talk', 'No_Conversion']",0
L018091,Michael Anders,Broadcom,Automotive,LATAM,,,"['IMS_Badge_Scan', 'Application_Engineer_Call', 'DesignCon_Booth_Visit', 'Whitepaper_Download_5G_Test', 'Technical_Demo', 'Customer']",1
L018092,Chen Singh,Qualcomm,Semiconductor,North America,Oscilloscopes,Sales Outreach,"['Loaner_Unit_Evaluation', 'SQL', 'Loaner_Unit_Evaluation', 'No_Conversion']",0
L018093,Priya Williams,Meta Connectivity Labs,Automotive,Europe,Oscilloscopes,,"['Keysight_University_Course', 'IMS_Badge_Scan', 'No_Conversion']",0
L018094,Daniel Martinez,Meta Connectivity Labs,,North America,PathWave Software,Website,"['SQL', 'Website_Product_Page', 'IMS_Badge_Scan', 'No_Conversion']",0
L018095,Maria Chen,Raytheon,Automotive,APAC,,Event,"['Whitepaper_Download_5G_Test', 'IMS_Badge_Scan', 'Website_Product_Page', 'Whitepaper_Download_5G_Test', 'IMS_Badge_Scan', 'Lab_Integration_Discussion', 'No_Conversion']",0
L018096,Kenji Lee,NXPSe_Tech,Semiconductor,Europe,Automotive Ethernet,Email Campaign,"['Oscilloscope_Selector_Tool', 'Website_Product_Page', 'No_Conversion']",0
L018097,Ravi Ito,Qualc_Tech,Automotive,North America,5G Testbeds,Website,"['Whitepaper_Download_5G_Test', 'SQL', 'Keysight_Workshop_RF_Testing', 'Customer']",1
L018098,Ahmed Johnson,Meta Connectivity Labs GmbH,,North America,PathWave Software,Email Campaign,"['LinkedIn_Ad_Click', 'No_Conversion']",0
L018099,Maria Garcia,,,,,Sales Outreach,"['Keysight_University_Course', 'Website_Product_Page', 'AutoSens_Tech_Talk', 'Website_Product_Page', 'No_Conversion']",0
L018100,Sofia Anders,,,LATAM,,Webinar,"['Oscilloscope_Selector_Tool', 'LinkedIn_Ad_Click', 'Customer']",1
L018101,Ravi Chen,Sony_Tech,Telecom,Europe,,,"['Keysight_Workshop_RF_Testing', 'Application_Engineer_Call', 'Customer']",1
L018102,Daniel Martinez,,Semiconductor,APAC,Automotive Ethernet,Sales Outreach,"['MQL', 'PathWave_Trial_Request', 'Technical_Demo', 'AutoSens_Tech_Talk', 'Customer']",1
L018103,,,Semiconductor,,,LinkedIn,"['Keysight_University_Course', 'Lab_Integration_Discussion', 'Website_Product_Page', 'SQL', 'SQL', 'DesignCon_Booth_Visit', 'Lab_Integration_Discussion', 'DesignCon_Booth_Visit', 'Keysight_University_Course', 'PathWave_Trial_Request', 'No_Conversion']",0
L018104,Ravi Garcia,MetaC_Tech,Aerospace,APAC,5G Testbeds,Sales Outreach,"['PathWave_Trial_Request', 'MQL', 'Technical_Demo', 'Keysight_University_Course', 'Opportunity', 'Keysight_University_Course', 'Customer']",1
L018105,Michael Tanaka,Meta Connectivity Labs GmbH,,Europe,,LinkedIn,"['Keysight_University_Course', 'SQL', 'Lab_Integration_Discussion', 'PathWave_Trial_Request', 'MQL', 'Application_Engineer_Call', 'Customer']",1
L018106,Maria Lee,,Semiconductor,,,Webinar,"['Whitepaper_Download_5G_Test', 'LinkedIn_Ad_Click', 'Whitepaper_Download_5G_Test', 'Keysight_University_Course', 'No_Conversion']",0
L018107,,,Semiconductor,,PathWave Software,Webinar,"['Keysight_Workshop_RF_Testing', 'Whitepaper_Download_5G_Test', 'Keysight_University_Course', 'Opportunity', 'Customer']",1
L018108,Priya Patel,,Aerospace,APAC,Oscilloscopes,LinkedIn,"['AutoSens_Tech_Talk', 'Oscilloscope_Selector_Tool', 'Website_Product_Page', 'No_Conversion']",0
L018109,Chen Tanaka,Sony_Tech,,APAC,,Webinar,"['AutoSens_Tech_Talk', 'Keysight_University_Course', 'MQL', 'Application_Engineer_Call', 'DesignCon_Booth_Visit', 'Website_Product_Page', 'No_Conversion']",0
L018110,Kenji Martinez,,Automotive,Europe,,Website,"['MQL', 'Keysight_University_Course', 'Keysight_University_Course', 'MQL', 'MQL', 'LinkedIn_Ad_Click', 'Customer']",1
L018111,Kenji Singh,NXP Semiconductors GmbH,,APAC,Oscilloscopes,Event,"['Technical_Demo', 'Keysight_University_Course', 'LinkedIn_Ad_Click', 'Lab_Integration_Discussion', 'No_Conversion']",0
L018112,Hiroshi Lee,Infineon GmbH,,Europe,,Sales Outreach,"['Loaner_Unit_Evaluation', 'Technical_Demo', 'LinkedIn_Ad_Click', 'Application_Engineer_Call', 'Customer']",1
L018113,Priya Ito,Broadcom GmbH,Automotive,Europe,5G Testbeds,Sales Outreach,"['AutoSens_Tech_Talk', 'Technical_Demo', 'IMS_Badge_Scan', 'Opportunity', 'Customer']",1
L018114,Ahmed Anders,,Semiconductor,APAC,Oscilloscopes,Webinar,"['Keysight_University_Course', 'PathWave_Trial_Request', 'SQL', 'No_Conversion']",0
L018115,Laura Garcia,Bosch_Tech,Telecom,Europe,,Webinar,"['Application_Engineer_Call', 'Application_Engineer_Call', 'Loaner_Unit_Evaluation', 'AutoSens_Tech_Talk', 'Website_Product_Page', 'Customer']",1
L018116,Hiroshi Patel,Raytheon GmbH,Electronics,LATAM,,LinkedIn,"['MQL', 'SQL', 'Keysight_Workshop_RF_Testing', 'Application_Engineer_Call', 'Application_Engineer_Call', 'Application_Engineer_Call', 'Opportunity', 'No_Conversion']",0
L018117,Chen Singh,Qualcomm GmbH,,APAC,,,"['Oscilloscope_Selector_Tool', 'Technical_Demo', 'Keysight_University_Course', 'Customer']",1
L018118,Daniel Khan,Broadcom GmbH,,LATAM,Automotive Ethernet,Website,"['MQL', 'Oscilloscope_Selector_Tool', 'Customer']",1
L018119,Ravi Ito,,Telecom,North America,,Webinar,"['DesignCon_Booth_Visit', 'SQL', 'Whitepaper_Download_5G_Test', 'AutoSens_Tech_Talk', 'Whitepaper_Download_5G_Test', 'Lab_Integration_Discussion', 'Customer']",1
L018120,Michael Chen,Rayth_Tech,,Europe,,Website,"['Lab_Integration_Discussion', 'SQL', 'Loaner_Unit_Evaluation', 'Application_Engineer_Call', 'Customer']",1
L018121,Michael Ito,Tesla_Tech,Electronics,APAC,Oscilloscopes,LinkedIn,"['LinkedIn_Ad_Click', 'SQL', 'AutoSens_Tech_Talk', 'Loaner_Unit_Evaluation', 'No_Conversion']",0
L018122,Priya Anders,,,,,Email Campaign,"['Keysight_Workshop_RF_Testing', 'LinkedIn_Ad_Click', 'Oscilloscope_Selector_Tool', 'Website_Product_Page', 'LinkedIn_Ad_Click', 'Lab_Integration_Discussion', 'Loaner_Unit_Evaluation', 'Oscilloscope_Selector_Tool', 'MQL', 'Keysight_University_Course', 'No_Conversion']",0
L018123,,Meta Connectivity Labs GmbH,,Europe,,Webinar,"['Oscilloscope_Selector_Tool', 'Customer']",1
L018124,,Broadcom GmbH,Aerospace,North America,Automotive Ethernet,,"['Technical_Demo', 'IMS_Badge_Scan', 'Website_Product_Page', 'DesignCon_Booth_Visit', 'AutoSens_Tech_Talk', 'No_Conversion']",0
L018125,Kenji Ito,Sony_Tech,,APAC,,,"['PathWave_Trial_Request', 'No_Conversion']",0
L018126,Priya Lee,Bosch,Automotive,North America,5G Testbeds,Event,"['LinkedIn_Ad_Click', 'Customer']",1
L018127,,MetaC_Tech,Semiconductor,,5G Testbeds,Email Campaign,['Customer'],1
L018128,Laura Martinez,Samsung Electronics GmbH,Aerospace,APAC,,Website,"['AutoSens_Tech_Talk', 'IMS_Badge_Scan', 'LinkedIn_Ad_Click', 'No_Conversion']",0
L018129,Ahmed Garcia,Raytheon GmbH,Automotive,Europe,Oscilloscopes,LinkedIn,"['Application_Engineer_Call', 'Website_Product_Page', 'Opportunity', 'Loaner_Unit_Evaluation', 'Website_Product_Page', 'Customer']",1
L018130,Sofia Singh,Qualcomm GmbH,,APAC,Oscilloscopes,Sales Outreach,"['IMS_Badge_Scan', 'Loaner_Unit_Evaluation', 'MQL', 'DesignCon_Booth_Visit', 'Application_Engineer_Call', 'MQL', 'Opportunity', 'Technical_Demo', 'Website_Product_Page', 'Customer']",1
L018131,Daniel Chen,Bosch,Telecom,LATAM,5G Testbeds,LinkedIn,"['MQL', 'Lab_Integration_Discussion', 'IMS_Badge_Scan', 'PathWave_Trial_Request', 'PathWave_Trial_Request', 'SQL', 'Lab_Integration_Discussion', 'Keysight_University_Course', 'MQL', 'Oscilloscope_Selector_Tool', 'No_Conversion']",0
L018132,Daniel Johnson,Qualcomm GmbH,Automotive,Europe,5G Testbeds,LinkedIn,"['LinkedIn_Ad_Click', 'Lab_Integration_Discussion', 'Technical_Demo', 'Opportunity', 'MQL', 'Technical_Demo', 'Customer']",1
L018133,Sarah Lee,Sony_Tech,,Europe,5G Testbeds,Email Campaign,"['Website_Product_Page', 'Loaner_Unit_Evaluation', 'MQL', 'AutoSens_Tech_Talk', 'Customer']",1
L018134,Maria Anders,Bosch_Tech,Semiconductor,Europe,Automotive Ethernet,Webinar,"['Keysight_Workshop_RF_Testing', 'Keysight_Workshop_RF_Testing', 'MQL', 'AutoSens_Tech_Talk', 'Opportunity', 'Keysight_University_Course', 'Opportunity', 'Customer']",1
L018135,Daniel Martinez,Samsung Electronics,Automotive,LATAM,,Sales Outreach,"['DesignCon_Booth_Visit', 'Opportunity', 'DesignCon_Booth_Visit', 'Customer']",1
L018136,Maria Tanaka,Infin_Tech,,,Automotive Ethernet,Email Campaign,['No_Conversion'],0
L018137,Ravi Singh,,,APAC,5G Testbeds,Email Campaign,"['Lab_Integration_Discussion', 'AutoSens_Tech_Talk', 'No_Conversion']",0
L018138,Maria Tanaka,Sony GmbH,Electronics,APAC,Oscilloscopes,LinkedIn,"['Lab_Integration_Discussion', 'Opportunity', 'LinkedIn_Ad_Click', 'Oscilloscope_Selector_Tool', 'IMS_Badge_Scan', 'Lab_Integration_Discussion', 'Keysight_University_Course', 'No_Conversion']",0
L018139,Chen Martinez,Qualcomm GmbH,Telecom,North America,PathWave Software,Sales Outreach,['Customer'],1
L018140,Sarah Patel,,Telecom,Europe,,Email Campaign,"['LinkedIn_Ad_Click', 'Application_Engineer_Call', 'MQL', 'No_Conversion']",0
L018141,Sofia Lee,Tesla_Tech,,LATAM,Automotive Ethernet,Email Campaign,"['DesignCon_Booth_Visit', 'Customer']",1
L018142,Ravi Garcia,,Telecom,APAC,5G Testbeds,Webinar,"['Oscilloscope_Selector_Tool', 'Opportunity', 'PathWave_Trial_Request', 'LinkedIn_Ad_Click', 'AutoSens_Tech_Talk', 'Loaner_Unit_Evaluation', 'Customer']",1
L018143,Priya Martinez,NXPSe_Tech,Aerospace,LATAM,PathWave Software,Email Campaign,"['Oscilloscope_Selector_Tool', 'SQL', 'Technical_Demo', 'Technical_Demo', 'Opportunity', 'Technical_Demo', 'Customer']",1
L018144,Kenji Garcia,Tesla_Tech,Electronics,,Automotive Ethernet,Event,['No_Conversion'],0
L018145,Sofia Ito,,Semiconductor,,Oscilloscopes,Email Campaign,"['IMS_Badge_Scan', 'Application_Engineer_Call', 'Lab_Integration_Discussion', 'IMS_Badge_Scan', 'Website_Product_Page', 'No_Conversion']",0
L018146,Laura Anders,Samsung Electronics,Aerospace,Europe,5G Testbeds,Email Campaign,"['IMS_Badge_Scan', 'Website_Product_Page', 'Website_Product_Page', 'Website_Product_Page', 'Whitepaper_Download_5G_Test', 'Oscilloscope_Selector_Tool', 'SQL', 'Application_Engineer_Call', 'No_Conversion']",0
L018147,Michael Patel,,Aerospace,APAC,Automotive Ethernet,Sales Outreach,"['Website_Product_Page', 'Technical_Demo', 'Lab_Integration_Discussion', 'Customer']",1
L018148,Priya Singh,,Semiconductor,Europe,Automotive Ethernet,Webinar,"['Oscilloscope_Selector_Tool', 'Lab_Integration_Discussion', 'DesignCon_Booth_Visit', 'PathWave_Trial_Request', 'Technical_Demo', 'Lab_Integration_Discussion', 'Technical_Demo', 'Whitepaper_Download_5G_Test', 'No_Conversion']",0
L018149,Sofia Martinez,,Telecom,Europe,,Website,"['Lab_Integration_Discussion', 'IMS_Badge_Scan', 'No_Conversion']",0
L018150,Ahmed Anders,Samsung Electronics GmbH,,LATAM,Oscilloscopes,Website,"['AutoSens_Tech_Talk', 'PathWave_Trial_Request', 'SQL', 'SQL', 'No_Conversion']",0
L018151,Priya Chen,Tesla Energy,,APAC,,LinkedIn,"['Technical_Demo', 'LinkedIn_Ad_Click', 'Lab_Integration_Discussion', 'Technical_Demo', 'Website_Product_Page', 'IMS_Badge_Scan', 'Customer']",1
L018152,Daniel Chen,Samsung Electronics,,LATAM,Automotive Ethernet,Webinar,"['Application_Engineer_Call', 'Customer']",1
L018153,Priya Chen,Sony_Tech,,North America,Oscilloscopes,Event,"['Oscilloscope_Selector_Tool', 'Keysight_Workshop_RF_Testing', 'Application_Engineer_Call', 'Loaner_Unit_Evaluation', 'Keysight_Workshop_RF_Testing', 'No_Conversion']",0
L018154,Ahmed Patel,Bosch_Tech,,LATAM,,Event,"['SQL', 'Oscilloscope_Selector_Tool', 'Application_Engineer_Call', 'Whitepaper_Download_5G_Test', 'Technical_Demo', 'LinkedIn_Ad_Click', 'Loaner_Unit_Evaluation', 'Oscilloscope_Selector_Tool', 'No_Conversion']",0
L018155,Sofia Martinez,Samsung Electronics,Automotive,LATAM,,,"['Keysight_Workshop_RF_Testing', 'SQL', 'PathWave_Trial_Request', 'No_Conversion']",0
L018156,Laura Singh,,,Europe,Oscilloscopes,LinkedIn,"['PathWave_Trial_Request', 'DesignCon_Booth_Visit', 'IMS_Badge_Scan', 'SQL', 'No_Conversion']",0
L018157,Laura Martinez,,Aerospace,North America,5G Testbeds,Sales Outreach,"['Keysight_Workshop_RF_Testing', 'Oscilloscope_Selector_Tool', 'AutoSens_Tech_Talk', 'Whitepaper_Download_5G_Test', 'PathWave_Trial_Request', 'MQL', 'No_Conversion']",0
L018158,Kenji Martinez,Infin_Tech,Automotive,Europe,,LinkedIn,['No_Conversion'],0
L018159,Kenji Singh,Infineon,Semiconductor,North America,5G Testbeds,Event,"['Whitepaper_Download_5G_Test', 'LinkedIn_Ad_Click', 'Loaner_Unit_Evaluation', 'Technical_Demo', 'SQL', 'PathWave_Trial_Request', 'IMS_Badge_Scan', 'Keysight_Workshop_RF_Testing', 'IMS_Badge_Scan', 'Oscilloscope_Selector_Tool', 'No_Conversion']",0
L018160,Sofia Anders,,Automotive,North America,,Sales Outreach,"['LinkedIn_Ad_Click', 'No_Conversion']",0
L018161,Chen Ito,,Semiconductor,North America,5G Testbeds,LinkedIn,"['PathWave_Trial_Request', 'Keysight_Workshop_RF_Testing', 'SQL', 'PathWave_Trial_Request', 'Keysight_Workshop_RF_Testing', 'No_Conversion']",0
L018162,Chen Singh,Infineon GmbH,Electronics,North America,5G Testbeds,Sales Outreach,"['DesignCon_Booth_Visit', 'Opportunity', 'Keysight_University_Course', 'No_Conversion']",0
L018163,Hiroshi Patel,,,APAC,Oscilloscopes,Event,"['IMS_Badge_Scan', 'Application_Engineer_Call', 'Technical_Demo', 'Keysight_Workshop_RF_Testing', 'Loaner_Unit_Evaluation', 'Loaner_Unit_Evaluation', 'SQL', 'Customer']",1
L018164,Michael Anders,,Automotive,North America,,Email Campaign,"['Opportunity', 'MQL', 'LinkedIn_Ad_Click', 'PathWave_Trial_Request', 'SQL', 'PathWave_Trial_Request', 'Keysight_Workshop_RF_Testing', 'LinkedIn_Ad_Click', 'Loaner_Unit_Evaluation', 'MQL', 'No_Conversion']",0
L018165,Ravi Patel,Broadcom GmbH,Aerospace,APAC,,Event,['Customer'],1
L018166,Michael Singh,,Semiconductor,,Automotive Ethernet,LinkedIn,"['DesignCon_Booth_Visit', 'SQL', 'Keysight_University_Course', 'IMS_Badge_Scan', 'IMS_Badge_Scan', 'AutoSens_Tech_Talk', 'Keysight_Workshop_RF_Testing', 'Oscilloscope_Selector_Tool', 'Customer']",1
L018167,Laura Ito,Bosch,Electronics,LATAM,5G Testbeds,LinkedIn,"['Technical_Demo', 'Customer']",1
L018168,Laura Tanaka,,Electronics,APAC,PathWave Software,,"['Oscilloscope_Selector_Tool', 'DesignCon_Booth_Visit', 'LinkedIn_Ad_Click', 'AutoSens_Tech_Talk', 'Lab_Integration_Discussion', 'MQL', 'IMS_Badge_Scan', 'Customer']",1
L018169,Kenji Lee,Sony_Tech,Semiconductor,,Automotive Ethernet,Sales Outreach,"['Keysight_University_Course', 'No_Conversion']",0
L018170,Sofia Ito,Qualcomm,Electronics,North America,,LinkedIn,"['Website_Product_Page', 'Technical_Demo', 'Website_Product_Page', 'Application_Engineer_Call', 'Customer']",1
L018171,Hiroshi Chen,,Aerospace,LATAM,Automotive Ethernet,Website,"['Website_Product_Page', 'Application_Engineer_Call', 'PathWave_Trial_Request', 'AutoSens_Tech_Talk', 'Opportunity', 'Technical_Demo', 'IMS_Badge_Scan', 'PathWave_Trial_Request', 'No_Conversion']",0
L018172,,Bosch_Tech,Electronics,Europe,,Email Campaign,"['IMS_Badge_Scan', 'Website_Product_Page', 'SQL', 'Lab_Integration_Discussion', 'Keysight_Workshop_RF_Testing', 'SQL', 'Application_Engineer_Call', 'Keysight_University_Course', 'SQL', 'Customer']",1
L018173,Hiroshi Anders,NXP Semiconductors,,LATAM,Automotive Ethernet,LinkedIn,"['PathWave_Trial_Request', 'SQL', 'No_Conversion']",0
L018174,Priya Williams,Samsung Electronics GmbH,Automotive,Europe,,Website,"['Application_Engineer_Call', 'Whitepaper_Download_5G_Test', 'LinkedIn_Ad_Click', 'Whitepaper_Download_5G_Test', 'Customer']",1
L018175,Chen Chen,Raytheon GmbH,Semiconductor,,,,"['Keysight_University_Course', 'Technical_Demo', 'Loaner_Unit_Evaluation', 'No_Conversion']",0
L018176,,Infineon GmbH,Automotive,North America,,Webinar,"['Lab_Integration_Discussion', 'Oscilloscope_Selector_Tool', 'MQL', 'MQL', 'Customer']",1
L018177,Sofia Lee,Qualcomm,,North America,PathWave Software,Email Campaign,"['Whitepaper_Download_5G_Test', 'LinkedIn_Ad_Click', 'LinkedIn_Ad_Click', 'Keysight_Workshop_RF_Testing', 'Opportunity', 'AutoSens_Tech_Talk', 'DesignCon_Booth_Visit', 'Website_Product_Page', 'AutoSens_Tech_Talk', 'LinkedIn_Ad_Click', 'Customer']",1
L018178,Daniel Khan,Samsung Electronics,Telecom,LATAM,,Sales Outreach,"['Loaner_Unit_Evaluation', 'LinkedIn_Ad_Click', 'MQL', 'SQL', 'SQL', 'Whitepaper_Download_5G_Test', 'Keysight_Workshop_RF_Testing', 'No_Conversion']",0
L018179,Ravi Anders,Qualcomm GmbH,Semiconductor,APAC,Automotive Ethernet,,"['DesignCon_Booth_Visit', 'MQL', 'Keysight_Workshop_RF_Testing', 'Application_Engineer_Call', 'Opportunity', 'Customer']",1
L018180,Priya Chen,,Semiconductor,North America,Automotive Ethernet,,"['Application_Engineer_Call', 'Oscilloscope_Selector_Tool', 'Technical_Demo', 'Keysight_Workshop_RF_Testing', 'SQL', 'Customer']",1
L018181,Ahmed Lee,Raytheon GmbH,,Europe,,Email Campaign,"['DesignCon_Booth_Visit', 'MQL', 'Customer']",1
L018182,Maria Garcia,Bosch_Tech,Semiconductor,APAC,,,"['Opportunity', 'DesignCon_Booth_Visit', 'AutoSens_Tech_Talk', 'AutoSens_Tech_Talk', 'Keysight_University_Course', 'Lab_Integration_Discussion', 'AutoSens_Tech_Talk', 'Oscilloscope_Selector_Tool', 'IMS_Badge_Scan', 'No_Conversion']",0
L018183,Laura Tanaka,Bosch_Tech,,North America,5G Testbeds,Email Campaign,"['Opportunity', 'LinkedIn_Ad_Click', 'Application_Engineer_Call', 'DesignCon_Booth_Visit', 'Customer']",1
L018184,Sarah Singh,Raytheon GmbH,Electronics,North America,5G Testbeds,Email Campaign,"['Opportunity', 'SQL', 'SQL', 'Loaner_Unit_Evaluation', 'Whitepaper_Download_5G_Test', 'MQL', 'Customer']",1
L018185,Sarah Martinez,Tesla Energy GmbH,,,Oscilloscopes,Event,"['MQL', 'Loaner_Unit_Evaluation', 'DesignCon_Booth_Visit', 'AutoSens_Tech_Talk', 'LinkedIn_Ad_Click', 'PathWave_Trial_Request', 'Keysight_Workshop_RF_Testing', 'MQL', 'Keysight_University_Course', 'Customer']",1
L018186,Ahmed Chen,Broad_Tech,,APAC,Automotive Ethernet,,"['Lab_Integration_Discussion', 'No_Conversion']",0
L018187,,Rayth_Tech,Telecom,APAC,Automotive Ethernet,LinkedIn,"['Keysight_University_Course', 'Customer']",1
L018188,Laura Garcia,MetaC_Tech,Automotive,APAC,PathWave Software,Website,"['PathWave_Trial_Request', 'Whitepaper_Download_5G_Test', 'DesignCon_Booth_Visit', 'Website_Product_Page', 'IMS_Badge_Scan', 'PathWave_Trial_Request', 'No_Conversion']",0
L018189,Michael Patel,Broadcom,,Europe,5G Testbeds,Sales Outreach,"['IMS_Badge_Scan', 'LinkedIn_Ad_Click', 'Opportunity', 'Opportunity', 'No_Conversion']",0
L018190,Maria Johnson,Tesla Energy,Semiconductor,LATAM,Automotive Ethernet,Event,['Customer'],1
L018191,Ravi Khan,Tesla_Tech,,LATAM,5G Testbeds,Email Campaign,"['Loaner_Unit_Evaluation', 'MQL', 'Loaner_Unit_Evaluation', 'Application_Engineer_Call', 'Customer']",1
L018192,Laura Chen,Rayth_Tech,Semiconductor,North America,,Event,['No_Conversion'],0
L018193,Kenji Ito,MetaC_Tech,Semiconductor,,PathWave Software,,"['AutoSens_Tech_Talk', 'AutoSens_Tech_Talk', 'Loaner_Unit_Evaluation', 'DesignCon_Booth_Visit', 'LinkedIn_Ad_Click', 'Opportunity', 'AutoSens_Tech_Talk', 'Oscilloscope_Selector_Tool', 'PathWave_Trial_Request', 'Keysight_University_Course', 'Customer']",1
L018194,Ravi Martinez,Qualc_Tech,,APAC,,LinkedIn,"['Lab_Integration_Discussion', 'Keysight_Workshop_RF_Testing', 'Website_Product_Page', 'SQL', 'Customer']",1
L018195,Ahmed Khan,,Automotive,,,Sales Outreach,"['Whitepaper_Download_5G_Test', 'Website_Product_Page', 'Application_Engineer_Call', 'Keysight_Workshop_RF_Testing', 'Keysight_University_Course', 'IMS_Badge_Scan', 'IMS_Badge_Scan', 'No_Conversion']",0
L018196,Daniel Williams,NXP Semiconductors GmbH,Semiconductor,APAC,,LinkedIn,"['IMS_Badge_Scan', 'Website_Product_Page', 'Whitepaper_Download_5G_Test', 'Technical_Demo', 'MQL', 'Lab_Integration_Discussion', 'Customer']",1
L018197,Sarah Williams,Tesla Energy GmbH,,,,Website,"['Lab_Integration_Discussion', 'Customer']",1
L018198,Daniel Williams,,Aerospace,Europe,Oscilloscopes,LinkedIn,"['Technical_Demo', 'Website_Product_Page', 'Customer']",1
L018199,Sarah Johnson,Sony,,,PathWave Software,,"['Whitepaper_Download_5G_Test', 'MQL', 'Keysight_Workshop_RF_Testing', 'No_Conversion']",0
L018200,Michael Patel,Bosch GmbH,Automotive,APAC,Oscilloscopes,Website,"['Keysight_Workshop_RF_Testing', 'No_Conversion']",0
L018201,Daniel Lee,NXP Semiconductors GmbH,,Europe,,Event,['No_Conversion'],0
L018202,Maria Singh,Sony GmbH,Semiconductor,,5G Testbeds,Event,"['LinkedIn_Ad_Click', 'PathWave_Trial_Request', 'AutoSens_Tech_Talk', 'IMS_Badge_Scan', 'Oscilloscope_Selector_Tool', 'PathWave_Trial_Request', 'No_Conversion']",0
L018203,Hiroshi Anders,Broadcom GmbH,Telecom,North America,Oscilloscopes,Website,"['DesignCon_Booth_Visit', 'Website_Product_Page', 'Application_Engineer_Call', 'Oscilloscope_Selector_Tool', 'Customer']",1
L018204,,,,LATAM,,,"['DesignCon_Booth_Visit', 'Oscilloscope_Selector_Tool', 'DesignCon_Booth_Visit', 'No_Conversion']",0
L018205,Sofia Tanaka,Infin_Tech,,,5G Testbeds,Event,"['Opportunity', 'Whitepaper_Download_5G_Test', 'Customer']",1
L018206,Ahmed Singh,,,,Automotive Ethernet,Sales Outreach,"['Keysight_University_Course', 'Keysight_University_Course', 'Whitepaper_Download_5G_Test', 'Whitepaper_Download_5G_Test', 'Keysight_Workshop_RF_Testing', 'Website_Product_Page', 'Oscilloscope_Selector_Tool', 'Opportunity', 'No_Conversion']",0
L018207,Hiroshi Lee,NXP Semiconductors GmbH,,Europe,,Website,"['AutoSens_Tech_Talk', 'Whitepaper_Download_5G_Test', 'IMS_Badge_Scan', 'Customer']",1
L018208,Hiroshi Khan,Bosch GmbH,Telecom,,PathWave Software,Email Campaign,"['Keysight_University_Course', 'Customer']",1
L018209,Ravi Singh,Sony,Automotive,LATAM,,Webinar,"['DesignCon_Booth_Visit', 'Keysight_Workshop_RF_Testing', 'AutoSens_Tech_Talk', 'MQL', 'Keysight_Workshop_RF_Testing', 'PathWave_Trial_Request', 'Customer']",1
L018210,Sarah Johnson,Broadcom GmbH,,,,LinkedIn,"['MQL', 'Website_Product_Page', 'DesignCon_Booth_Visit', 'Website_Product_Page', 'Keysight_University_Course', 'LinkedIn_Ad_Click', 'MQL', 'DesignCon_Booth_Visit', 'Customer']",1
L018211,,Sony_Tech,Semiconductor,North America,,Event,"['Opportunity', 'Oscilloscope_Selector_Tool', 'No_Conversion']",0
L018212,Chen Anders,Sony,,LATAM,Oscilloscopes,Event,"['DesignCon_Booth_Visit', 'Technical_Demo', 'Technical_Demo', 'No_Conversion']",0
L018213,Hiroshi Garcia,Broadcom,,Europe,,Sales Outreach,"['Application_Engineer_Call', 'LinkedIn_Ad_Click', 'IMS_Badge_Scan', 'DesignCon_Booth_Visit', 'Customer']",1
L018214,Sofia Chen,Bosch GmbH,Telecom,APAC,Oscilloscopes,Webinar,"['Opportunity', 'Opportunity', 'Whitepaper_Download_5G_Test', 'No_Conversion']",0
L018215,,Qualcomm GmbH,Aerospace,APAC,,LinkedIn,"['Application_Engineer_Call', 'PathWave_Trial_Request', 'Keysight_University_Course', 'Opportunity', 'No_Conversion']",0
L018216,Chen Anders,Meta Connectivity Labs GmbH,,,,Webinar,"['Keysight_Workshop_RF_Testing', 'Keysight_Workshop_RF_Testing', 'Technical_Demo', 'AutoSens_Tech_Talk', 'AutoSens_Tech_Talk', 'MQL', 'Whitepaper_Download_5G_Test', 'No_Conversion']",0
L018217,Ahmed Anders,Infineon GmbH,Electronics,North America,Oscilloscopes,LinkedIn,"['Lab_Integration_Discussion', 'DesignCon_Booth_Visit', 'Lab_Integration_Discussion', 'Website_Product_Page', 'Keysight_Workshop_RF_Testing', 'AutoSens_Tech_Talk', 'SQL', 'Customer']",1
L018218,,,Telecom,Europe,PathWave Software,Event,"['Oscilloscope_Selector_Tool', 'SQL', 'Website_Product_Page', 'LinkedIn_Ad_Click', 'Technical_Demo', 'SQL', 'No_Conversion']",0
L018219,,Sony GmbH,Telecom,North America,,Sales Outreach,"['Oscilloscope_Selector_Tool', 'LinkedIn_Ad_Click', 'IMS_Badge_Scan', 'Technical_Demo', 'Keysight_University_Course', 'Website_Product_Page', 'AutoSens_Tech_Talk', 'Customer']",1
L018220,Laura Chen,Raytheon,Automotive,North America,Automotive Ethernet,Webinar,"['PathWave_Trial_Request', 'Technical_Demo', 'LinkedIn_Ad_Click', 'Application_Engineer_Call', 'No_Conversion']",0
L018221,,Infin_Tech,Aerospace,,5G Testbeds,Website,"['SQL', 'AutoSens_Tech_Talk', 'No_Conversion']",0
L018222,Laura Tanaka,Broadcom,,Europe,,Sales Outreach,"['AutoSens_Tech_Talk', 'IMS_Badge_Scan', 'IMS_Badge_Scan', 'Loaner_Unit_Evaluation', 'Whitepaper_Download_5G_Test', 'No_Conversion']",0
L018223,,Qualc_Tech,Automotive,APAC,5G Testbeds,Email Campaign,"['Keysight_University_Course', 'MQL', 'Technical_Demo', 'Whitepaper_Download_5G_Test', 'Application_Engineer_Call', 'No_Conversion']",0
L018224,Sarah Chen,,,LATAM,,Email Campaign,"['AutoSens_Tech_Talk', 'Keysight_Workshop_RF_Testing', 'Loaner_Unit_Evaluation', 'Keysight_University_Course', 'Customer']",1
L018225,Daniel Garcia,Tesla Energy GmbH,,North America,PathWave Software,Website,"['Oscilloscope_Selector_Tool', 'AutoSens_Tech_Talk', 'Keysight_University_Course', 'Whitepaper_Download_5G_Test', 'No_Conversion']",0
L018226,Daniel Anders,NXPSe_Tech,Telecom,Europe,,LinkedIn,"['MQL', 'Customer']",1
L018227,Kenji Lee,Infineon GmbH,,LATAM,,Website,"['Technical_Demo', 'Application_Engineer_Call', 'Website_Product_Page', 'DesignCon_Booth_Visit', 'Oscilloscope_Selector_Tool', 'Keysight_Workshop_RF_Testing', 'Customer']",1
L018228,Ravi Johnson,,,APAC,,,"['Application_Engineer_Call', 'Keysight_Workshop_RF_Testing', 'Technical_Demo', 'SQL', 'LinkedIn_Ad_Click', 'Customer']",1
L018229,Daniel Garcia,Bosch GmbH,,North America,Automotive Ethernet,,"['AutoSens_Tech_Talk', 'DesignCon_Booth_Visit', 'IMS_Badge_Scan', 'Technical_Demo', 'Oscilloscope_Selector_Tool', 'Whitepaper_Download_5G_Test', 'MQL', 'No_Conversion']",0
L018230,Ahmed Williams,Qualcomm,Semiconductor,North America,,Webinar,"['Technical_Demo', 'Whitepaper_Download_5G_Test', 'MQL', 'SQL', 'Customer']",1
L018231,Laura Garcia,Raytheon,Electronics,APAC,Oscilloscopes,Email Campaign,"['Technical_Demo', 'Application_Engineer_Call', 'LinkedIn_Ad_Click', 'MQL', 'No_Conversion']",0
L018232,Ravi Tanaka,NXP Semiconductors,Aerospace,Europe,Oscilloscopes,Event,"['Keysight_Workshop_RF_Testing', 'IMS_Badge_Scan', 'SQL', 'Loaner_Unit_Evaluation', 'Customer']",1
L018233,Michael Tanaka,Tesla_Tech,,LATAM,5G Testbeds,Webinar,"['Website_Product_Page', 'SQL', 'IMS_Badge_Scan', 'Website_Product_Page', 'Website_Product_Page', 'Opportunity', 'Customer']",1
L018234,Priya Garcia,Qualcomm,Aerospace,APAC,Oscilloscopes,Webinar,"['Keysight_University_Course', 'Website_Product_Page', 'Application_Engineer_Call', 'MQL', 'Lab_Integration_Discussion', 'Customer']",1
L018235,Laura Tanaka,,Semiconductor,APAC,Automotive Ethernet,LinkedIn,"['Technical_Demo', 'AutoSens_Tech_Talk', 'DesignCon_Booth_Visit', 'No_Conversion']",0
L018236,Priya Chen,Bosch GmbH,Aerospace,,Oscilloscopes,Email Campaign,"['Oscilloscope_Selector_Tool', 'LinkedIn_Ad_Click', 'Loaner_Unit_Evaluation', 'Application_Engineer_Call', 'Technical_Demo', 'AutoSens_Tech_Talk', 'Customer']",1
L018237,Daniel Martinez,,Aerospace,LATAM,5G Testbeds,Email Campaign,['Customer'],1
L018238,Priya Singh,,Electronics,LATAM,Automotive Ethernet,Website,"['LinkedIn_Ad_Click', 'Oscilloscope_Selector_Tool', 'Oscilloscope_Selector_Tool', 'No_Conversion']",0
L018239,,Bosch_Tech,Telecom,,5G Testbeds,Webinar,"['IMS_Badge_Scan', 'Application_Engineer_Call', 'PathWave_Trial_Request', 'Technical_Demo', 'Lab_Integration_Discussion', 'MQL', 'SQL', 'Customer']",1
L018240,Sofia Khan,,,North America,,Email Campaign,"['Lab_Integration_Discussion', 'MQL', 'Keysight_Workshop_RF_Testing', 'No_Conversion']",0
L018241,Hiroshi Martinez,,Electronics,Europe,,Event,"['Lab_Integration_Discussion', 'Oscilloscope_Selector_Tool', 'Customer']",1
L018242,Sofia Martinez,,,APAC,,LinkedIn,"['Lab_Integration_Discussion', 'Whitepaper_Download_5G_Test', 'AutoSens_Tech_Talk', 'Customer']",1
L018243,Michael Johnson,,Automotive,Europe,,Webinar,"['LinkedIn_Ad_Click', 'Oscilloscope_Selector_Tool', 'Application_Engineer_Call', 'Opportunity', 'Loaner_Unit_Evaluation', 'Keysight_University_Course', 'No_Conversion']",0
L018244,Laura Lee,,Electronics,Europe,5G Testbeds,Sales Outreach,"['PathWave_Trial_Request', 'MQL', 'DesignCon_Booth_Visit', 'PathWave_Trial_Request', 'AutoSens_Tech_Talk', 'No_Conversion']",0
L018245,Hiroshi Khan,,Aerospace,North America,,,"['PathWave_Trial_Request', 'Loaner_Unit_Evaluation', 'Keysight_Workshop_RF_Testing', 'Oscilloscope_Selector_Tool', 'No_Conversion']",0
L018246,Ravi Anders,Infineon GmbH,Automotive,LATAM,5G Testbeds,Webinar,['No_Conversion'],0
L018247,Chen Ito,Samsung Electronics,,APAC,Automotive Ethernet,LinkedIn,"['Lab_Integration_Discussion', 'SQL', 'MQL', 'Technical_Demo', 'Oscilloscope_Selector_Tool', 'Customer']",1
L018248,Chen Ito,Samsu_Tech,Telecom,North America,,Event,['Customer'],1
L018249,Kenji Khan,,Aerospace,APAC,5G Testbeds,Event,"['Technical_Demo', 'Lab_Integration_Discussion', 'Keysight_Workshop_RF_Testing', 'Loaner_Unit_Evaluation', 'LinkedIn_Ad_Click', 'Opportunity', 'Keysight_University_Course', 'Lab_Integration_Discussion', 'Website_Product_Page', 'Loaner_Unit_Evaluation', 'Customer']",1
L018250,Chen Williams,,Automotive,APAC,Oscilloscopes,Webinar,"['Application_Engineer_Call', 'Keysight_University_Course', 'AutoSens_Tech_Talk', 'Website_Product_Page', 'Oscilloscope_Selector_Tool', 'Customer']",1
L018251,Kenji Singh,Tesla Energy GmbH,Semiconductor,,5G Testbeds,Webinar,"['Keysight_Workshop_RF_Testing', 'MQL', 'MQL', 'SQL', 'No_Conversion']",0
L018252,Laura Tanaka,,Semiconductor,Europe,Automotive Ethernet,LinkedIn,"['Keysight_University_Course', 'PathWave_Trial_Request', 'Technical_Demo', 'SQL', 'Technical_Demo', 'Opportunity', 'IMS_Badge_Scan', 'Oscilloscope_Selector_Tool', 'No_Conversion']",0
L018253,Ravi Singh,Infineon,Electronics,Europe,5G Testbeds,Event,"['AutoSens_Tech_Talk', 'DesignCon_Booth_Visit', 'Oscilloscope_Selector_Tool', 'LinkedIn_Ad_Click', 'SQL', 'AutoSens_Tech_Talk', 'Keysight_University_Course', 'No_Conversion']",0
L018254,Kenji Tanaka,Tesla_Tech,,Europe,,Webinar,"['Application_Engineer_Call', 'AutoSens_Tech_Talk', 'Application_Engineer_Call', 'MQL', 'Customer']",1
L018255,Laura Lee,Tesla Energy,Electronics,LATAM,Automotive Ethernet,Webinar,"['Application_Engineer_Call', 'Lab_Integration_Discussion', 'LinkedIn_Ad_Click', 'DesignCon_Booth_Visit', 'Opportunity', 'No_Conversion']",0
L018256,Sofia Singh,,Electronics,LATAM,PathWave Software,Website,"['IMS_Badge_Scan', 'Website_Product_Page', 'No_Conversion']",0
L018257,Ravi Ito,Sony GmbH,Electronics,,Oscilloscopes,Sales Outreach,['Customer'],1
L018258,,,Aerospace,Europe,,,"['LinkedIn_Ad_Click', 'Technical_Demo', 'DesignCon_Booth_Visit', 'MQL', 'Technical_Demo', 'Customer']",1
L018259,Michael Singh,Sony GmbH,Telecom,LATAM,,Sales Outreach,"['Application_Engineer_Call', 'DesignCon_Booth_Visit', 'Keysight_University_Course', 'Opportunity', 'Customer']",1
L018260,Sofia Anders,Meta Connectivity Labs,,APAC,Automotive Ethernet,Webinar,"['PathWave_Trial_Request', 'Keysight_University_Course', 'Whitepaper_Download_5G_Test', 'Customer']",1
L018261,Sofia Anders,,Semiconductor,LATAM,,Webinar,"['Technical_Demo', 'DesignCon_Booth_Visit', 'AutoSens_Tech_Talk', 'Customer']",1
L018262,Chen Martinez,Broad_Tech,Aerospace,LATAM,5G Testbeds,LinkedIn,"['Website_Product_Page', 'DesignCon_Booth_Visit', 'IMS_Badge_Scan', 'Lab_Integration_Discussion', 'Customer']",1
L018263,Ravi Tanaka,,Automotive,LATAM,,Sales Outreach,"['MQL', 'No_Conversion']",0
L018264,Daniel Ito,,Semiconductor,APAC,PathWave Software,Website,"['Whitepaper_Download_5G_Test', 'Keysight_University_Course', 'Oscilloscope_Selector_Tool', 'PathWave_Trial_Request', 'Lab_Integration_Discussion', 'No_Conversion']",0
L018265,Priya Johnson,,Telecom,,Oscilloscopes,Webinar,"['IMS_Badge_Scan', 'Application_Engineer_Call', 'IMS_Badge_Scan', 'Customer']",1
L018266,Sarah Johnson,,Electronics,North America,Oscilloscopes,Website,"['IMS_Badge_Scan', 'Oscilloscope_Selector_Tool', 'Keysight_Workshop_RF_Testing', 'Technical_Demo', 'MQL', 'Whitepaper_Download_5G_Test', 'Customer']",1
L018267,Ahmed Johnson,Infin_Tech,,Europe,5G Testbeds,Webinar,"['Loaner_Unit_Evaluation', 'Opportunity', 'Lab_Integration_Discussion', 'Customer']",1
L018268,,,Semiconductor,APAC,,Event,"['Keysight_Workshop_RF_Testing', 'Technical_Demo', 'MQL', 'No_Conversion']",0
L018269,Daniel Khan,Raytheon,Electronics,,,Event,"['AutoSens_Tech_Talk', 'Technical_Demo', 'No_Conversion']",0
L018270,Ahmed Lee,Sony GmbH,Automotive,LATAM,,Website,"['Application_Engineer_Call', 'Technical_Demo', 'MQL', 'MQL', 'Oscilloscope_Selector_Tool', 'LinkedIn_Ad_Click', 'Keysight_Workshop_RF_Testing', 'Website_Product_Page', 'Customer']",1
L018271,Laura Garcia,Sony_Tech,Aerospace,Europe,PathWave Software,Webinar,"['Application_Engineer_Call', 'Whitepaper_Download_5G_Test', 'Loaner_Unit_Evaluation', 'IMS_Badge_Scan', 'No_Conversion']",0
L018272,Michael Johnson,Tesla Energy,Semiconductor,,Oscilloscopes,,"['DesignCon_Booth_Visit', 'Website_Product_Page', 'Keysight_University_Course', 'Customer']",1
L018273,Ahmed Martinez,NXP Semiconductors GmbH,,,Oscilloscopes,Website,"['Whitepaper_Download_5G_Test', 'Application_Engineer_Call', 'DesignCon_Booth_Visit', 'Website_Product_Page', 'Application_Engineer_Call', 'MQL', 'Keysight_Workshop_RF_Testing', 'Loaner_Unit_Evaluation', 'IMS_Badge_Scan', 'PathWave_Trial_Request', 'No_Conversion']",0
L018274,Sarah Martinez,,Electronics,Europe,,,"['Keysight_Workshop_RF_Testing', 'Whitepaper_Download_5G_Test', 'Keysight_University_Course', 'Website_Product_Page', 'Opportunity', 'No_Conversion']",0
L018275,,,Semiconductor,Europe,Automotive Ethernet,,"['AutoSens_Tech_Talk', 'Whitepaper_Download_5G_Test', 'Customer']",1
L018276,Priya Chen,Infineon,Electronics,,5G Testbeds,Webinar,"['MQL', 'IMS_Badge_Scan', 'MQL', 'Application_Engineer_Call', 'DesignCon_Booth_Visit', 'Customer']",1
L018277,Hiroshi Patel,Infin_Tech,Telecom,North America,5G Testbeds,Website,"['Loaner_Unit_Evaluation', 'Technical_Demo', 'Customer']",1
L018278,Ahmed Khan,Qualc_Tech,Aerospace,APAC,,Email Campaign,"['AutoSens_Tech_Talk', 'Keysight_University_Course', 'MQL', 'MQL', 'Application_Engineer_Call', 'PathWave_Trial_Request', 'DesignCon_Booth_Visit', 'Oscilloscope_Selector_Tool', 'No_Conversion']",0
L018279,Maria Patel,Infineon GmbH,,Europe,,Sales Outreach,"['Loaner_Unit_Evaluation', 'Loaner_Unit_Evaluation', 'Customer']",1
L018280,Kenji Garcia,,Automotive,APAC,,Webinar,"['MQL', 'Opportunity', 'Keysight_University_Course', 'SQL', 'Keysight_Workshop_RF_Testing', 'Keysight_University_Course', 'Keysight_University_Course', 'Whitepaper_Download_5G_Test', 'IMS_Badge_Scan', 'Whitepaper_Download_5G_Test', 'No_Conversion']",0
L018281,Sofia Williams,Broad_Tech,Aerospace,APAC,Oscilloscopes,Sales Outreach,"['Keysight_University_Course', 'MQL', 'Technical_Demo', 'Whitepaper_Download_5G_Test', 'Technical_Demo', 'Technical_Demo', 'AutoSens_Tech_Talk', 'Technical_Demo', 'Whitepaper_Download_5G_Test', 'Oscilloscope_Selector_Tool', 'No_Conversion']",0
L018282,Kenji Singh,Sony,,,,Event,"['Opportunity', 'Loaner_Unit_Evaluation', 'Application_Engineer_Call', 'Opportunity', 'DesignCon_Booth_Visit', 'No_Conversion']",0
L018283,Ahmed Ito,,Aerospace,North America,,,"['IMS_Badge_Scan', 'Website_Product_Page', 'Whitepaper_Download_5G_Test', 'Application_Engineer_Call', 'Loaner_Unit_Evaluation', 'Keysight_University_Course', 'Whitepaper_Download_5G_Test', 'Keysight_University_Course', 'No_Conversion']",0
L018284,Michael Singh,Tesla Energy GmbH,Semiconductor,,Oscilloscopes,Website,"['Opportunity', 'No_Conversion']",0
L018285,Maria Patel,,Telecom,LATAM,PathWave Software,Sales Outreach,"['SQL', 'No_Conversion']",0
L018286,Michael Johnson,Broadcom,,Europe,PathWave Software,Sales Outreach,"['Application_Engineer_Call', 'Application_Engineer_Call', 'AutoSens_Tech_Talk', 'Loaner_Unit_Evaluation', 'Application_Engineer_Call', 'No_Conversion']",0
L018287,,Samsung Electronics,Electronics,Europe,,,"['PathWave_Trial_Request', 'SQL', 'Loaner_Unit_Evaluation', 'Opportunity', 'Technical_Demo', 'PathWave_Trial_Request', 'IMS_Badge_Scan', 'No_Conversion']",0
L018288,Daniel Tanaka,Sony_Tech,Telecom,,,Event,"['Application_Engineer_Call', 'AutoSens_Tech_Talk', 'Website_Product_Page', 'DesignCon_Booth_Visit', 'SQL', 'Website_Product_Page', 'No_Conversion']",0
L018289,Maria Johnson,Broadcom GmbH,,North America,,,"['MQL', 'Application_Engineer_Call', 'Application_Engineer_Call', 'Lab_Integration_Discussion', 'AutoSens_Tech_Talk', 'Customer']",1
L018290,Hiroshi Lee,,Semiconductor,APAC,PathWave Software,LinkedIn,"['Technical_Demo', 'No_Conversion']",0
L018291,Laura Williams,,,,Oscilloscopes,Webinar,"['MQL', 'AutoSens_Tech_Talk', 'MQL', 'Lab_Integration_Discussion', 'Customer']",1
L018292,Chen Anders,Broadcom,,APAC,PathWave Software,Email Campaign,"['SQL', 'LinkedIn_Ad_Click', 'Oscilloscope_Selector_Tool', 'Loaner_Unit_Evaluation', 'AutoSens_Tech_Talk', 'MQL', 'Lab_Integration_Discussion', 'MQL', 'Lab_Integration_Discussion', 'DesignCon_Booth_Visit', 'No_Conversion']",0
L018293,Kenji Patel,NXP Semiconductors,Aerospace,,Oscilloscopes,Event,"['Oscilloscope_Selector_Tool', 'AutoSens_Tech_Talk', 'Lab_Integration_Discussion', 'LinkedIn_Ad_Click', 'No_Conversion']",0
L018294,Michael Singh,,Telecom,APAC,,Website,"['DesignCon_Booth_Visit', 'No_Conversion']",0
L018295,Michael Johnson,Infin_Tech,Telecom,North America,Oscilloscopes,Sales Outreach,"['Lab_Integration_Discussion', 'Lab_Integration_Discussion', 'LinkedIn_Ad_Click', 'Keysight_University_Course', 'AutoSens_Tech_Talk', 'Customer']",1
L018296,Hiroshi Ito,,,North America,5G Testbeds,LinkedIn,"['LinkedIn_Ad_Click', 'Customer']",1
L018297,,,,LATAM,Oscilloscopes,LinkedIn,"['Keysight_Workshop_RF_Testing', 'PathWave_Trial_Request', 'Application_Engineer_Call', 'No_Conversion']",0
L018298,Sarah Anders,Raytheon,Telecom,,,Sales Outreach,"['SQL', 'Website_Product_Page', 'MQL', 'SQL', 'No_Conversion']",0
L018299,Priya Martinez,NXP Semiconductors GmbH,Aerospace,LATAM,,Website,"['AutoSens_Tech_Talk', 'Opportunity', 'Application_Engineer_Call', 'Customer']",1
L018300,Hiroshi Johnson,Bosch GmbH,Electronics,APAC,Oscilloscopes,Webinar,"['PathWave_Trial_Request', 'Technical_Demo', 'AutoSens_Tech_Talk', 'Oscilloscope_Selector_Tool', 'No_Conversion']",0
L018301,Hiroshi Patel,Sony GmbH,,Europe,,Website,['No_Conversion'],0
L018302,Priya Lee,,Telecom,,PathWave Software,Webinar,"['Website_Product_Page', 'Keysight_Workshop_RF_Testing', 'LinkedIn_Ad_Click', 'Whitepaper_Download_5G_Test', 'No_Conversion']",0
L018303,Ahmed Garcia,NXP Semiconductors,Electronics,Europe,PathWave Software,Email Campaign,['No_Conversion'],0
L018304,,Raytheon,Aerospace,North America,Oscilloscopes,LinkedIn,"['DesignCon_Booth_Visit', 'Keysight_Workshop_RF_Testing', 'Technical_Demo', 'Opportunity', 'No_Conversion']",0
L018305,Chen Patel,,Electronics,North America,PathWave Software,Email Campaign,"['Application_Engineer_Call', 'Lab_Integration_Discussion', 'No_Conversion']",0
L018306,Sofia Khan,Broadcom,Semiconductor,Europe,Automotive Ethernet,Sales Outreach,"['Keysight_Workshop_RF_Testing', 'Application_Engineer_Call', 'Keysight_University_Course', 'Website_Product_Page', 'Keysight_University_Course', 'IMS_Badge_Scan', 'Loaner_Unit_Evaluation', 'No_Conversion']",0
L018307,Ahmed Ito,,Telecom,,,Webinar,"['Website_Product_Page', 'DesignCon_Booth_Visit', 'Keysight_University_Course', 'Customer']",1
L018308,,Broadcom GmbH,Aerospace,North America,,Sales Outreach,"['IMS_Badge_Scan', 'No_Conversion']",0
L018309,Daniel Singh,Infineon GmbH,Telecom,APAC,,,"['Lab_Integration_Discussion', 'Keysight_University_Course', 'Technical_Demo', 'SQL', 'Keysight_Workshop_RF_Testing', 'SQL', 'DesignCon_Booth_Visit', 'PathWave_Trial_Request', 'Technical_Demo', 'Customer']",1
L018310,Laura Tanaka,,Aerospace,Europe,5G Testbeds,LinkedIn,"['Oscilloscope_Selector_Tool', 'Technical_Demo', 'LinkedIn_Ad_Click', 'IMS_Badge_Scan', 'No_Conversion']",0
L018311,,Meta Connectivity Labs,Telecom,LATAM,Oscilloscopes,,"['LinkedIn_Ad_Click', 'SQL', 'Opportunity', 'PathWave_Trial_Request', 'Customer']",1
L018312,Daniel Patel,Broadcom,,,5G Testbeds,Website,"['MQL', 'IMS_Badge_Scan', 'DesignCon_Booth_Visit', 'LinkedIn_Ad_Click', 'Customer']",1
L018313,Maria Martinez,,Electronics,LATAM,Oscilloscopes,Webinar,['No_Conversion'],0
L018314,Laura Tanaka,Sony_Tech,Automotive,LATAM,Oscilloscopes,Webinar,"['MQL', 'DesignCon_Booth_Visit', 'LinkedIn_Ad_Click', 'Loaner_Unit_Evaluation', 'No_Conversion']",0
L018315,Michael Johnson,,,LATAM,,Sales Outreach,['No_Conversion'],0
L018316,Hiroshi Johnson,Broadcom,Semiconductor,North America,Automotive Ethernet,Webinar,"['MQL', 'IMS_Badge_Scan', 'Website_Product_Page', 'Oscilloscope_Selector_Tool', 'LinkedIn_Ad_Click', 'No_Conversion']",0
L018317,Kenji Tanaka,NXP Semiconductors,Automotive,North America,5G Testbeds,Sales Outreach,"['Loaner_Unit_Evaluation', 'Application_Engineer_Call', 'Keysight_Workshop_RF_Testing', 'No_Conversion']",0
L018318,Laura Khan,Sony_Tech,Electronics,North America,,Webinar,"['Loaner_Unit_Evaluation', 'Oscilloscope_Selector_Tool', 'Lab_Integration_Discussion', 'Keysight_University_Course', 'SQL', 'Technical_Demo', 'DesignCon_Booth_Visit', 'Customer']",1
L018319,Sofia Martinez,Rayth_Tech,,,,,"['Website_Product_Page', 'Lab_Integration_Discussion', 'Technical_Demo', 'No_Conversion']",0
L018320,Ravi Singh,,Electronics,,,Event,"['Website_Product_Page', 'Lab_Integration_Discussion', 'IMS_Badge_Scan', 'Loaner_Unit_Evaluation', 'Application_Engineer_Call', 'No_Conversion']",0
L018321,Laura Martinez,Bosch,Semiconductor,LATAM,,LinkedIn,"['SQL', 'Website_Product_Page', 'SQL', 'Customer']",1
L018322,Priya Singh,,,APAC,,Sales Outreach,"['Keysight_Workshop_RF_Testing', 'Keysight_Workshop_RF_Testing', 'Application_Engineer_Call', 'Customer']",1
L018323,Chen Chen,Bosch GmbH,,LATAM,,Website,"['Keysight_Workshop_RF_Testing', 'Application_Engineer_Call', 'Opportunity', 'Keysight_Workshop_RF_Testing', 'DesignCon_Booth_Visit', 'AutoSens_Tech_Talk', 'Customer']",1
L018324,Maria Patel,Broad_Tech,,APAC,Oscilloscopes,Webinar,"['Opportunity', 'Customer']",1
L018325,Chen Johnson,Infineon GmbH,Aerospace,APAC,PathWave Software,LinkedIn,"['Keysight_University_Course', 'Opportunity', 'Whitepaper_Download_5G_Test', 'AutoSens_Tech_Talk', 'Whitepaper_Download_5G_Test', 'LinkedIn_Ad_Click', 'Oscilloscope_Selector_Tool', 'Loaner_Unit_Evaluation', 'Website_Product_Page', 'No_Conversion']",0
L018326,Sarah Garcia,Raytheon,Telecom,,PathWave Software,Event,"['DesignCon_Booth_Visit', 'Keysight_Workshop_RF_Testing', 'Customer']",1
L018327,Ravi Patel,Sony,,,Automotive Ethernet,Website,"['PathWave_Trial_Request', 'Opportunity', 'Opportunity', 'LinkedIn_Ad_Click', 'PathWave_Trial_Request', 'No_Conversion']",0
L018328,Daniel Anders,Qualc_Tech,,,,Webinar,"['Keysight_Workshop_RF_Testing', 'AutoSens_Tech_Talk', 'Loaner_Unit_Evaluation', 'No_Conversion']",0
L018329,Daniel Williams,Sony,,,Automotive Ethernet,Event,"['SQL', 'Technical_Demo', 'LinkedIn_Ad_Click', 'MQL', 'AutoSens_Tech_Talk', 'Customer']",1
L018330,Ravi Tanaka,,,Europe,,Sales Outreach,"['MQL', 'Customer']",1
L018331,Sarah Garcia,Infineon,Electronics,Europe,Automotive Ethernet,Email Campaign,"['Opportunity', 'AutoSens_Tech_Talk', 'Technical_Demo', 'Lab_Integration_Discussion', 'Loaner_Unit_Evaluation', 'LinkedIn_Ad_Click', 'No_Conversion']",0
L018332,Hiroshi Garcia,Bosch GmbH,Automotive,North America,5G Testbeds,Event,"['AutoSens_Tech_Talk', 'SQL', 'DesignCon_Booth_Visit', 'Loaner_Unit_Evaluation', 'LinkedIn_Ad_Click', 'Loaner_Unit_Evaluation', 'Lab_Integration_Discussion', 'PathWave_Trial_Request', 'Customer']",1
L018333,Hiroshi Anders,Qualcomm GmbH,,APAC,,Website,"['LinkedIn_Ad_Click', 'Keysight_University_Course', 'IMS_Badge_Scan', 'Customer']",1
L018334,Maria Johnson,Broad_Tech,,LATAM,PathWave Software,,"['LinkedIn_Ad_Click', 'SQL', 'Opportunity', 'PathWave_Trial_Request', 'No_Conversion']",0
L018335,Ravi Lee,Bosch_Tech,Electronics,,5G Testbeds,Webinar,"['Oscilloscope_Selector_Tool', 'Whitepaper_Download_5G_Test', 'Customer']",1
L018336,Chen Garcia,,,APAC,,Email Campaign,['Customer'],1
L018337,,Samsu_Tech,Semiconductor,Europe,,Webinar,"['Keysight_Workshop_RF_Testing', 'SQL', 'Keysight_Workshop_RF_Testing', 'SQL', 'Loaner_Unit_Evaluation', 'IMS_Badge_Scan', 'Keysight_University_Course', 'AutoSens_Tech_Talk', 'Customer']",1
L018338,Daniel Chen,Qualcomm GmbH,,North America,,,['Customer'],1
L018339,,Raytheon GmbH,Telecom,Europe,Oscilloscopes,Email Campaign,"['AutoSens_Tech_Talk', 'IMS_Badge_Scan', 'Oscilloscope_Selector_Tool', 'Application_Engineer_Call', 'Keysight_University_Course', 'Customer']",1
L018340,Hiroshi Ito,Tesla Energy GmbH,Automotive,LATAM,Oscilloscopes,Email Campaign,"['Oscilloscope_Selector_Tool', 'Whitepaper_Download_5G_Test', 'Application_Engineer_Call', 'PathWave_Trial_Request', 'Whitepaper_Download_5G_Test', 'Customer']",1
L018341,Kenji Khan,Broadcom GmbH,Telecom,APAC,,Email Campaign,"['Application_Engineer_Call', 'No_Conversion']",0
L018342,Daniel Khan,Rayth_Tech,Telecom,LATAM,,Sales Outreach,['No_Conversion'],0
L018343,Chen Ito,,Aerospace,LATAM,Automotive Ethernet,Webinar,"['Oscilloscope_Selector_Tool', 'Oscilloscope_Selector_Tool', 'LinkedIn_Ad_Click', 'Technical_Demo', 'DesignCon_Booth_Visit', 'Website_Product_Page', 'SQL', 'No_Conversion']",0
L018344,,Qualc_Tech,,LATAM,PathWave Software,Email Campaign,['No_Conversion'],0
L018345,Hiroshi Singh,Broadcom,,APAC,5G Testbeds,Website,"['MQL', 'MQL', 'No_Conversion']",0
L018346,Sarah Anders,Bosch,Electronics,,PathWave Software,Sales Outreach,['No_Conversion'],0
L018347,Hiroshi Williams,Broadcom,Telecom,,,Webinar,"['Lab_Integration_Discussion', 'IMS_Badge_Scan', 'AutoSens_Tech_Talk', 'Opportunity', 'Oscilloscope_Selector_Tool', 'No_Conversion']",0
L018348,Ahmed Anders,NXP Semiconductors,Telecom,LATAM,,LinkedIn,"['AutoSens_Tech_Talk', 'Lab_Integration_Discussion', 'IMS_Badge_Scan', 'No_Conversion']",0
L018349,Michael Khan,Meta Connectivity Labs GmbH,Semiconductor,,PathWave Software,Webinar,"['Application_Engineer_Call', 'Keysight_University_Course', 'DesignCon_Booth_Visit', 'Whitepaper_Download_5G_Test', 'MQL', 'AutoSens_Tech_Talk', 'Opportunity', 'Loaner_Unit_Evaluation', 'Customer']",1
L018350,Priya Singh,,Electronics,APAC,PathWave Software,Event,"['DesignCon_Booth_Visit', 'LinkedIn_Ad_Click', 'MQL', 'No_Conversion']",0
L018351,Sofia Ito,Qualc_Tech,,North America,Automotive Ethernet,Sales Outreach,"['Technical_Demo', 'Opportunity', 'Oscilloscope_Selector_Tool', 'AutoSens_Tech_Talk', 'No_Conversion']",0
L018352,Michael Tanaka,Broadcom GmbH,,APAC,PathWave Software,Sales Outreach,['No_Conversion'],0
L018353,Maria Tanaka,NXP Semiconductors GmbH,Semiconductor,Europe,Oscilloscopes,Website,"['Keysight_University_Course', 'IMS_Badge_Scan', 'Keysight_University_Course', 'SQL', 'PathWave_Trial_Request', 'DesignCon_Booth_Visit', 'MQL', 'Customer']",1
L018354,Hiroshi Anders,,Aerospace,APAC,Automotive Ethernet,Webinar,"['Oscilloscope_Selector_Tool', 'Keysight_Workshop_RF_Testing', 'Application_Engineer_Call', 'Loaner_Unit_Evaluation', 'Website_Product_Page', 'PathWave_Trial_Request', 'Keysight_University_Course', 'IMS_Badge_Scan', 'Customer']",1
L018355,Laura Singh,Bosch GmbH,Semiconductor,APAC,5G Testbeds,Webinar,"['Keysight_Workshop_RF_Testing', 'Application_Engineer_Call', 'Customer']",1
L018356,Kenji Lee,Samsung Electronics GmbH,Electronics,,5G Testbeds,LinkedIn,"['Website_Product_Page', 'Application_Engineer_Call', 'No_Conversion']",0
L018357,Sarah Johnson,NXP Semiconductors GmbH,Electronics,North America,,LinkedIn,"['Loaner_Unit_Evaluation', 'MQL', 'Keysight_University_Course', 'Loaner_Unit_Evaluation', 'Website_Product_Page', 'PathWave_Trial_Request', 'Technical_Demo', 'Loaner_Unit_Evaluation', 'Keysight_University_Course', 'Keysight_University_Course', 'Customer']",1
L018358,Michael Lee,Bosch GmbH,,APAC,5G Testbeds,Sales Outreach,"['Opportunity', 'SQL', 'Technical_Demo', 'Customer']",1
L018359,Priya Singh,NXP Semiconductors,,LATAM,,Website,"['Keysight_Workshop_RF_Testing', 'SQL', 'Opportunity', 'Opportunity', 'Loaner_Unit_Evaluation', 'LinkedIn_Ad_Click', 'Oscilloscope_Selector_Tool', 'Oscilloscope_Selector_Tool', 'IMS_Badge_Scan', 'Opportunity', 'No_Conversion']",0
L018360,Kenji Patel,Tesla Energy,Aerospace,APAC,Automotive Ethernet,Sales Outreach,"['Oscilloscope_Selector_Tool', 'SQL', 'Keysight_University_Course', 'Customer']",1
L018361,Ravi Garcia,,Aerospace,APAC,Oscilloscopes,,"['SQL', 'SQL', 'Lab_Integration_Discussion', 'PathWave_Trial_Request', 'Opportunity', 'No_Conversion']",0
L018362,Kenji Garcia,Infineon GmbH,,,5G Testbeds,Website,"['Technical_Demo', 'Lab_Integration_Discussion', 'Technical_Demo', 'Application_Engineer_Call', 'Opportunity', 'Whitepaper_Download_5G_Test', 'AutoSens_Tech_Talk', 'Customer']",1
L018363,Sofia Singh,Meta Connectivity Labs GmbH,Electronics,North America,,,"['Whitepaper_Download_5G_Test', 'Customer']",1
L018364,Maria Ito,,Aerospace,,5G Testbeds,,"['Loaner_Unit_Evaluation', 'Keysight_University_Course', 'AutoSens_Tech_Talk', 'LinkedIn_Ad_Click', 'Application_Engineer_Call', 'LinkedIn_Ad_Click', 'Opportunity', 'AutoSens_Tech_Talk', 'No_Conversion']",0
L018365,Maria Johnson,Broadcom,Electronics,North America,Oscilloscopes,Sales Outreach,"['Website_Product_Page', 'Oscilloscope_Selector_Tool', 'Oscilloscope_Selector_Tool', 'Opportunity', 'No_Conversion']",0
L018366,Kenji Martinez,,,LATAM,PathWave Software,,"['Technical_Demo', 'Oscilloscope_Selector_Tool', 'Keysight_University_Course', 'Application_Engineer_Call', 'Website_Product_Page', 'Opportunity', 'Oscilloscope_Selector_Tool', 'MQL', 'Oscilloscope_Selector_Tool', 'Customer']",1
L018367,,Rayth_Tech,,Europe,,Event,"['Loaner_Unit_Evaluation', 'Customer']",1
L018368,Chen Anders,Tesla_Tech,,APAC,Oscilloscopes,,"['Application_Engineer_Call', 'LinkedIn_Ad_Click', 'Lab_Integration_Discussion', 'Keysight_Workshop_RF_Testing', 'Whitepaper_Download_5G_Test', 'Customer']",1
L018369,Ravi Khan,,Aerospace,APAC,Automotive Ethernet,Email Campaign,"['Oscilloscope_Selector_Tool', 'Keysight_Workshop_RF_Testing', 'Keysight_University_Course', 'Opportunity', 'PathWave_Trial_Request', 'Technical_Demo', 'Keysight_Workshop_RF_Testing', 'No_Conversion']",0
L018370,Kenji Ito,Meta Connectivity Labs,Telecom,APAC,PathWave Software,Webinar,"['LinkedIn_Ad_Click', 'Keysight_University_Course', 'Keysight_Workshop_RF_Testing', 'Oscilloscope_Selector_Tool', 'Technical_Demo', 'LinkedIn_Ad_Click', 'Whitepaper_Download_5G_Test', 'PathWave_Trial_Request', 'Website_Product_Page', 'Customer']",1
L018371,Hiroshi Khan,NXP Semiconductors GmbH,Telecom,APAC,,Sales Outreach,"['Website_Product_Page', 'Whitepaper_Download_5G_Test', 'Application_Engineer_Call', 'Keysight_Workshop_RF_Testing', 'PathWave_Trial_Request', 'AutoSens_Tech_Talk', 'Keysight_University_Course', 'Whitepaper_Download_5G_Test', 'Website_Product_Page', 'Loaner_Unit_Evaluation', 'Customer']",1
L018372,,NXP Semiconductors,Aerospace,Europe,PathWave Software,Email Campaign,['Customer'],1
L018373,Ravi Johnson,,,LATAM,PathWave Software,Website,"['Oscilloscope_Selector_Tool', 'AutoSens_Tech_Talk', 'Whitepaper_Download_5G_Test', 'Oscilloscope_Selector_Tool', 'Website_Product_Page', 'DesignCon_Booth_Visit', 'Technical_Demo', 'Lab_Integration_Discussion', 'Technical_Demo', 'Customer']",1
L018374,Maria Garcia,Broadcom GmbH,Aerospace,LATAM,,Event,"['IMS_Badge_Scan', 'LinkedIn_Ad_Click', 'Oscilloscope_Selector_Tool', 'AutoSens_Tech_Talk', 'Oscilloscope_Selector_Tool', 'AutoSens_Tech_Talk', 'Whitepaper_Download_5G_Test', 'No_Conversion']",0
L018375,Hiroshi Tanaka,,Electronics,Europe,Oscilloscopes,Webinar,"['Lab_Integration_Discussion', 'MQL', 'No_Conversion']",0
L018376,Sarah Patel,Qualcomm GmbH,Electronics,,,Sales Outreach,"['Lab_Integration_Discussion', 'Oscilloscope_Selector_Tool', 'Application_Engineer_Call', 'Keysight_University_Course', 'Website_Product_Page', 'Keysight_Workshop_RF_Testing', 'Customer']",1
L018377,Priya Khan,Sony_Tech,Telecom,,Automotive Ethernet,Email Campaign,['No_Conversion'],0
L018378,Priya Garcia,Broadcom GmbH,,Europe,Oscilloscopes,Sales Outreach,"['Lab_Integration_Discussion', 'No_Conversion']",0
L018379,Maria Chen,,Aerospace,APAC,Oscilloscopes,Event,"['IMS_Badge_Scan', 'IMS_Badge_Scan', 'Website_Product_Page', 'Keysight_Workshop_RF_Testing', 'Application_Engineer_Call', 'Website_Product_Page', 'Opportunity', 'MQL', 'Customer']",1
L018380,Maria Garcia,Samsung Electronics,Aerospace,LATAM,,,"['Opportunity', 'Keysight_University_Course', 'Oscilloscope_Selector_Tool', 'No_Conversion']",0
L018381,Maria Martinez,Meta Connectivity Labs GmbH,,,,Event,"['PathWave_Trial_Request', 'Website_Product_Page', 'Lab_Integration_Discussion', 'Keysight_Workshop_RF_Testing', 'IMS_Badge_Scan', 'No_Conversion']",0
L018382,,Tesla Energy,,Europe,Automotive Ethernet,Website,"['Keysight_University_Course', 'Customer']",1
L018383,Michael Singh,Bosch GmbH,Automotive,APAC,5G Testbeds,Sales Outreach,"['SQL', 'No_Conversion']",0
L018384,Laura Garcia,Qualcomm GmbH,,LATAM,,Event,"['Whitepaper_Download_5G_Test', 'Loaner_Unit_Evaluation', 'IMS_Badge_Scan', 'Lab_Integration_Discussion', 'Oscilloscope_Selector_Tool', 'Loaner_Unit_Evaluation', 'Whitepaper_Download_5G_Test', 'No_Conversion']",0
L018385,Ravi Anders,,Semiconductor,North America,,Event,"['DesignCon_Booth_Visit', 'AutoSens_Tech_Talk', 'Loaner_Unit_Evaluation', 'Oscilloscope_Selector_Tool', 'Website_Product_Page', 'SQL', 'PathWave_Trial_Request', 'Whitepaper_Download_5G_Test', 'Loaner_Unit_Evaluation', 'Customer']",1
L018386,Daniel Tanaka,Raytheon GmbH,,,,,"['SQL', 'Keysight_Workshop_RF_Testing', 'MQL', 'Customer']",1
L018387,Hiroshi Ito,Bosch_Tech,Semiconductor,,,LinkedIn,"['SQL', 'MQL', 'Application_Engineer_Call', 'Website_Product_Page', 'DesignCon_Booth_Visit', 'DesignCon_Booth_Visit', 'Loaner_Unit_Evaluation', 'No_Conversion']",0
L018388,Chen Anders,,,APAC,,Webinar,"['MQL', 'AutoSens_Tech_Talk', 'Oscilloscope_Selector_Tool', 'MQL', 'Keysight_University_Course', 'Keysight_University_Course', 'AutoSens_Tech_Talk', 'SQL', 'Customer']",1
L018389,,Infin_Tech,Aerospace,,,Event,"['Website_Product_Page', 'Keysight_University_Course', 'LinkedIn_Ad_Click', 'Customer']",1
L018390,Chen Ito,Sony_Tech,Electronics,,PathWave Software,,"['Keysight_University_Course', 'Website_Product_Page', 'LinkedIn_Ad_Click', 'Customer']",1
L018391,Chen Tanaka,Broad_Tech,Telecom,,,Sales Outreach,"['Loaner_Unit_Evaluation', 'Application_Engineer_Call', 'Website_Product_Page', 'Customer']",1
L018392,Sofia Lee,NXP Semiconductors,Electronics,,,Event,"['Oscilloscope_Selector_Tool', 'DesignCon_Booth_Visit', 'SQL', 'SQL', 'Lab_Integration_Discussion', 'LinkedIn_Ad_Click', 'IMS_Badge_Scan', 'SQL', 'No_Conversion']",0
L018393,,Bosch_Tech,Aerospace,Europe,,LinkedIn,"['Keysight_University_Course', 'Keysight_University_Course', 'LinkedIn_Ad_Click', 'Customer']",1
L018394,Hiroshi Lee,Samsung Electronics GmbH,Telecom,LATAM,,LinkedIn,"['Oscilloscope_Selector_Tool', 'Keysight_University_Course', 'Application_Engineer_Call', 'Whitepaper_Download_5G_Test', 'Technical_Demo', 'Oscilloscope_Selector_Tool', 'Application_Engineer_Call', 'Customer']",1
L018395,Priya Martinez,Sony_Tech,Telecom,,,Sales Outreach,"['PathWave_Trial_Request', 'Opportunity', 'Website_Product_Page', 'AutoSens_Tech_Talk', 'Website_Product_Page', 'Application_Engineer_Call', 'No_Conversion']",0
L018396,Ravi Garcia,Meta Connectivity Labs GmbH,Electronics,LATAM,Automotive Ethernet,Website,"['Keysight_University_Course', 'No_Conversion']",0
L018397,Ravi Anders,,Aerospace,North America,PathWave Software,Sales Outreach,"['AutoSens_Tech_Talk', 'Whitepaper_Download_5G_Test', 'Whitepaper_Download_5G_Test', 'No_Conversion']",0
L018398,Michael Lee,NXP Semiconductors GmbH,Electronics,Europe,5G Testbeds,Sales Outreach,['Customer'],1
L018399,Daniel Garcia,Bosch_Tech,Automotive,Europe,5G Testbeds,Website,['Customer'],1
L018400,Kenji Khan,,Telecom,,Oscilloscopes,Email Campaign,"['Oscilloscope_Selector_Tool', 'Application_Engineer_Call', 'DesignCon_Booth_Visit', 'Application_Engineer_Call', 'Customer']",1
L018401,Ravi Singh,Tesla_Tech,Electronics,,,,"['Application_Engineer_Call', 'Keysight_University_Course', 'AutoSens_Tech_Talk', 'MQL', 'IMS_Badge_Scan', 'Oscilloscope_Selector_Tool', 'No_Conversion']",0
L018402,Sarah Chen,Sony,,,Automotive Ethernet,Sales Outreach,['No_Conversion'],0
L018403,Chen Garcia,,,Europe,,Website,['Customer'],1
L018404,Michael Martinez,Infineon,Semiconductor,APAC,,Website,['Customer'],1
L018405,Chen Ito,Qualcomm GmbH,Automotive,LATAM,Oscilloscopes,Webinar,"['LinkedIn_Ad_Click', 'Keysight_University_Course', 'Technical_Demo', 'LinkedIn_Ad_Click', 'Technical_Demo', 'AutoSens_Tech_Talk', 'No_Conversion']",0
L018406,Sofia Johnson,Samsu_Tech,Semiconductor,APAC,Automotive Ethernet,,"['DesignCon_Booth_Visit', 'DesignCon_Booth_Visit', 'Oscilloscope_Selector_Tool', 'Application_Engineer_Call', 'Opportunity', 'Customer']",1
L018407,Priya Singh,NXPSe_Tech,Aerospace,LATAM,,LinkedIn,['No_Conversion'],0
L018408,Sofia Tanaka,Bosch GmbH,Telecom,LATAM,5G Testbeds,Event,"['LinkedIn_Ad_Click', 'Oscilloscope_Selector_Tool', 'IMS_Badge_Scan', 'No_Conversion']",0
L018409,Ahmed Martinez,Bosch GmbH,Electronics,APAC,Oscilloscopes,Webinar,['Customer'],1
L018410,Priya Martinez,Qualcomm,Semiconductor,APAC,Automotive Ethernet,Website,['No_Conversion'],0
L018411,,Meta Connectivity Labs,,APAC,,LinkedIn,['No_Conversion'],0
L018412,Chen Chen,Broadcom,Semiconductor,Europe,,Event,"['PathWave_Trial_Request', 'Application_Engineer_Call', 'Lab_Integration_Discussion', 'Keysight_University_Course', 'Oscilloscope_Selector_Tool', 'DesignCon_Booth_Visit', 'No_Conversion']",0
L018413,Chen Khan,Tesla Energy GmbH,Aerospace,LATAM,,Event,"['Loaner_Unit_Evaluation', 'Loaner_Unit_Evaluation', 'PathWave_Trial_Request', 'No_Conversion']",0
L018414,Maria Tanaka,Broad_Tech,Electronics,LATAM,,Email Campaign,"['PathWave_Trial_Request', 'No_Conversion']",0
L018415,Priya Anders,,,APAC,Oscilloscopes,LinkedIn,"['DesignCon_Booth_Visit', 'SQL', 'MQL', 'Lab_Integration_Discussion', 'Keysight_University_Course', 'Opportunity', 'Application_Engineer_Call', 'SQL', 'No_Conversion']",0
L018416,Sofia Chen,NXP Semiconductors,,,,Sales Outreach,"['Application_Engineer_Call', 'IMS_Badge_Scan', 'No_Conversion']",0
L018417,Laura Martinez,Samsung Electronics GmbH,Automotive,,,Event,['No_Conversion'],0
L018418,,MetaC_Tech,Automotive,LATAM,,Email Campaign,"['Application_Engineer_Call', 'No_Conversion']",0
L018419,Sofia Johnson,Broad_Tech,,North America,,LinkedIn,['No_Conversion'],0
L018420,Michael Tanaka,,Aerospace,,,Webinar,"['Opportunity', 'Website_Product_Page', 'Keysight_University_Course', 'AutoSens_Tech_Talk', 'AutoSens_Tech_Talk', 'Lab_Integration_Discussion', 'Whitepaper_Download_5G_Test', 'Keysight_University_Course', 'Oscilloscope_Selector_Tool', 'Customer']",1
L018421,Sarah Lee,Samsung Electronics,Aerospace,LATAM,Oscilloscopes,Event,['No_Conversion'],0
L018422,Ahmed Patel,Bosch GmbH,Aerospace,APAC,,Event,"['LinkedIn_Ad_Click', 'Application_Engineer_Call', 'SQL', 'Technical_Demo', 'Customer']",1
L018423,Michael Lee,,Telecom,,5G Testbeds,Email Campaign,"['IMS_Badge_Scan', 'Website_Product_Page', 'AutoSens_Tech_Talk', 'MQL', 'Opportunity', 'Application_Engineer_Call', 'No_Conversion']",0
L018424,Laura Tanaka,,Semiconductor,APAC,Automotive Ethernet,Email Campaign,"['Oscilloscope_Selector_Tool', 'LinkedIn_Ad_Click', 'PathWave_Trial_Request', 'No_Conversion']",0
L018425,Chen Khan,Qualc_Tech,Electronics,North America,,Website,"['LinkedIn_Ad_Click', 'Lab_Integration_Discussion', 'Keysight_Workshop_RF_Testing', 'Loaner_Unit_Evaluation', 'PathWave_Trial_Request', 'Customer']",1
L018426,Sarah Johnson,Qualcomm,,Europe,Oscilloscopes,Webinar,"['IMS_Badge_Scan', 'Keysight_University_Course', 'Oscilloscope_Selector_Tool', 'Customer']",1
L018427,Daniel Tanaka,Raytheon GmbH,Semiconductor,,,Event,"['Loaner_Unit_Evaluation', 'IMS_Badge_Scan', 'No_Conversion']",0
L018428,Hiroshi Tanaka,,,Europe,PathWave Software,Sales Outreach,"['AutoSens_Tech_Talk', 'Keysight_Workshop_RF_Testing', 'No_Conversion']",0
L018429,Kenji Williams,Tesla Energy GmbH,Telecom,North America,Oscilloscopes,Email Campaign,"['DesignCon_Booth_Visit', 'DesignCon_Booth_Visit', 'Technical_Demo', 'Customer']",1
L018430,Kenji Tanaka,Sony_Tech,Automotive,Europe,Automotive Ethernet,Event,"['SQL', 'IMS_Badge_Scan', 'MQL', 'Customer']",1
L018431,Sofia Johnson,NXP Semiconductors,Aerospace,Europe,PathWave Software,Website,"['Application_Engineer_Call', 'No_Conversion']",0
L018432,Kenji Garcia,NXP Semiconductors,Automotive,LATAM,,,"['Application_Engineer_Call', 'No_Conversion']",0
L018433,Laura Chen,MetaC_Tech,Electronics,North America,,Sales Outreach,"['SQL', 'IMS_Badge_Scan', 'Technical_Demo', 'PathWave_Trial_Request', 'Technical_Demo', 'Keysight_University_Course', 'No_Conversion']",0
L018434,Laura Lee,,Semiconductor,,,,"['Application_Engineer_Call', 'Keysight_Workshop_RF_Testing', 'LinkedIn_Ad_Click', 'Website_Product_Page', 'Whitepaper_Download_5G_Test', 'PathWave_Trial_Request', 'Customer']",1
L018435,Ravi Martinez,NXPSe_Tech,Telecom,North America,PathWave Software,Sales Outreach,"['LinkedIn_Ad_Click', 'IMS_Badge_Scan', 'Lab_Integration_Discussion', 'Keysight_Workshop_RF_Testing', 'Opportunity', 'Keysight_Workshop_RF_Testing', 'Application_Engineer_Call', 'DesignCon_Booth_Visit', 'SQL', 'Customer']",1
L018436,Priya Singh,Bosch_Tech,Electronics,North America,,Webinar,"['PathWave_Trial_Request', 'Whitepaper_Download_5G_Test', 'Loaner_Unit_Evaluation', 'LinkedIn_Ad_Click', 'Technical_Demo', 'Lab_Integration_Discussion', 'Loaner_Unit_Evaluation', 'Application_Engineer_Call', 'No_Conversion']",0
L018437,Ahmed Chen,Tesla_Tech,Electronics,APAC,Oscilloscopes,,"['IMS_Badge_Scan', 'LinkedIn_Ad_Click', 'Oscilloscope_Selector_Tool', 'Customer']",1
L018438,Laura Garcia,Raytheon GmbH,Automotive,Europe,,Sales Outreach,"['LinkedIn_Ad_Click', 'Customer']",1
L018439,Ravi Khan,Sony GmbH,Electronics,,PathWave Software,Webinar,"['Keysight_Workshop_RF_Testing', 'AutoSens_Tech_Talk', 'Customer']",1
L018440,Maria Singh,,Telecom,,,,"['Oscilloscope_Selector_Tool', 'Keysight_University_Course', 'Loaner_Unit_Evaluation', 'Opportunity', 'MQL', 'IMS_Badge_Scan', 'Keysight_Workshop_RF_Testing', 'Keysight_Workshop_RF_Testing', 'Keysight_University_Course', 'No_Conversion']",0
L018441,Maria Patel,,Semiconductor,Europe,,Website,"['AutoSens_Tech_Talk', 'IMS_Badge_Scan', 'Lab_Integration_Discussion', 'No_Conversion']",0
L018442,Daniel Williams,Tesla Energy,Aerospace,APAC,,,"['Lab_Integration_Discussion', 'LinkedIn_Ad_Click', 'DesignCon_Booth_Visit', 'Website_Product_Page', 'Whitepaper_Download_5G_Test', 'Loaner_Unit_Evaluation', 'Keysight_Workshop_RF_Testing', 'PathWave_Trial_Request', 'AutoSens_Tech_Talk', 'IMS_Badge_Scan', 'Customer']",1
L018443,,NXPSe_Tech,,APAC,,Sales Outreach,"['Application_Engineer_Call', 'Technical_Demo', 'Customer']",1
L018444,Maria Williams,Infineon GmbH,Automotive,,5G Testbeds,,['No_Conversion'],0
L018445,Sarah Martinez,Tesla Energy GmbH,Aerospace,Europe,Oscilloscopes,Email Campaign,"['AutoSens_Tech_Talk', 'MQL', 'Whitepaper_Download_5G_Test', 'Customer']",1
L018446,Hiroshi Garcia,Samsu_Tech,Aerospace,North America,,Email Campaign,['Customer'],1
L018447,Ahmed Tanaka,Infineon GmbH,,North America,Oscilloscopes,Sales Outreach,"['Application_Engineer_Call', 'Technical_Demo', 'Lab_Integration_Discussion', 'Opportunity', 'LinkedIn_Ad_Click', 'Customer']",1
L018448,Michael Singh,Samsung Electronics GmbH,Electronics,APAC,,LinkedIn,"['DesignCon_Booth_Visit', 'Opportunity', 'SQL', 'Customer']",1
L018449,Sofia Garcia,NXP Semiconductors,,Europe,Automotive Ethernet,Sales Outreach,"['DesignCon_Booth_Visit', 'Technical_Demo', 'Application_Engineer_Call', 'PathWave_Trial_Request', 'No_Conversion']",0
L018450,Priya Khan,Tesla Energy GmbH,Aerospace,,,Webinar,"['Technical_Demo', 'Whitepaper_Download_5G_Test', 'Opportunity', 'Customer']",1
L018451,Chen Martinez,Meta Connectivity Labs,Electronics,LATAM,PathWave Software,LinkedIn,"['Opportunity', 'Application_Engineer_Call', 'SQL', 'AutoSens_Tech_Talk', 'Customer']",1
L018452,Ahmed Singh,NXPSe_Tech,Telecom,LATAM,Automotive Ethernet,Sales Outreach,"['Website_Product_Page', 'IMS_Badge_Scan', 'Technical_Demo', 'Technical_Demo', 'Customer']",1
L018453,Chen Chen,Qualcomm,Telecom,Europe,Oscilloscopes,Website,"['SQL', 'Loaner_Unit_Evaluation', 'Oscilloscope_Selector_Tool', 'Opportunity', 'Oscilloscope_Selector_Tool', 'Loaner_Unit_Evaluation', 'Customer']",1
L018454,Ahmed Tanaka,Broadcom,Automotive,LATAM,Oscilloscopes,Email Campaign,"['DesignCon_Booth_Visit', 'PathWave_Trial_Request', 'Customer']",1
L018455,Kenji Lee,Infineon GmbH,,Europe,,Webinar,"['DesignCon_Booth_Visit', 'Opportunity', 'Whitepaper_Download_5G_Test', 'Website_Product_Page', 'No_Conversion']",0
L018456,Ahmed Patel,,Telecom,,PathWave Software,,"['DesignCon_Booth_Visit', 'Technical_Demo', 'Opportunity', 'PathWave_Trial_Request', 'AutoSens_Tech_Talk', 'No_Conversion']",0
L018457,Kenji Lee,Raytheon GmbH,Semiconductor,Europe,5G Testbeds,Event,"['SQL', 'Keysight_University_Course', 'IMS_Badge_Scan', 'Whitepaper_Download_5G_Test', 'DesignCon_Booth_Visit', 'Customer']",1
L018458,Sofia Tanaka,,Automotive,Europe,PathWave Software,Email Campaign,['No_Conversion'],0
L018459,Kenji Patel,,Telecom,Europe,Oscilloscopes,Webinar,['Customer'],1
L018460,Sarah Khan,Infineon GmbH,Semiconductor,APAC,PathWave Software,Event,"['AutoSens_Tech_Talk', 'AutoSens_Tech_Talk', 'Lab_Integration_Discussion', 'LinkedIn_Ad_Click', 'DesignCon_Booth_Visit', 'Website_Product_Page', 'SQL', 'IMS_Badge_Scan', 'No_Conversion']",0
L018461,Ahmed Garcia,,Telecom,,Oscilloscopes,Email Campaign,"['AutoSens_Tech_Talk', 'Lab_Integration_Discussion', 'Oscilloscope_Selector_Tool', 'Application_Engineer_Call', 'SQL', 'Whitepaper_Download_5G_Test', 'Whitepaper_Download_5G_Test', 'No_Conversion']",0
L018462,Michael Martinez,Bosch,Telecom,North America,,Event,"['Loaner_Unit_Evaluation', 'Opportunity', 'PathWave_Trial_Request', 'LinkedIn_Ad_Click', 'Loaner_Unit_Evaluation', 'PathWave_Trial_Request', 'PathWave_Trial_Request', 'Technical_Demo', 'Keysight_Workshop_RF_Testing', 'No_Conversion']",0
L018463,Ravi Garcia,Broad_Tech,,Europe,,Sales Outreach,"['Keysight_Workshop_RF_Testing', 'Loaner_Unit_Evaluation', 'Website_Product_Page', 'Application_Engineer_Call', 'Website_Product_Page', 'No_Conversion']",0
L018464,,NXPSe_Tech,Semiconductor,LATAM,5G Testbeds,Sales Outreach,"['Whitepaper_Download_5G_Test', 'Customer']",1
L018465,Michael Williams,Meta Connectivity Labs GmbH,Electronics,,,LinkedIn,"['MQL', 'Whitepaper_Download_5G_Test', 'Opportunity', 'Whitepaper_Download_5G_Test', 'Technical_Demo', 'Customer']",1
L018466,Daniel Johnson,Samsung Electronics,,,,Event,"['LinkedIn_Ad_Click', 'Technical_Demo', 'No_Conversion']",0
L018467,Chen Tanaka,NXPSe_Tech,Aerospace,North America,,Website,"['Application_Engineer_Call', 'Keysight_Workshop_RF_Testing', 'Website_Product_Page', 'Application_Engineer_Call', 'LinkedIn_Ad_Click', 'AutoSens_Tech_Talk', 'Technical_Demo', 'Oscilloscope_Selector_Tool', 'PathWave_Trial_Request', 'Website_Product_Page', 'Customer']",1
L018468,Sofia Tanaka,Qualcomm GmbH,Aerospace,,PathWave Software,Email Campaign,"['AutoSens_Tech_Talk', 'Whitepaper_Download_5G_Test', 'Website_Product_Page', 'Lab_Integration_Discussion', 'LinkedIn_Ad_Click', 'Oscilloscope_Selector_Tool', 'Lab_Integration_Discussion', 'Technical_Demo', 'No_Conversion']",0
L018469,Sarah Ito,Infineon,,North America,5G Testbeds,Webinar,"['Whitepaper_Download_5G_Test', 'IMS_Badge_Scan', 'SQL', 'Website_Product_Page', 'Keysight_University_Course', 'MQL', 'Customer']",1
L018470,Michael Johnson,Infineon GmbH,Aerospace,,,Email Campaign,"['LinkedIn_Ad_Click', 'Oscilloscope_Selector_Tool', 'LinkedIn_Ad_Click', 'Keysight_Workshop_RF_Testing', 'AutoSens_Tech_Talk', 'PathWave_Trial_Request', 'IMS_Badge_Scan', 'Customer']",1
L018471,Hiroshi Tanaka,,Electronics,North America,PathWave Software,Event,"['MQL', 'AutoSens_Tech_Talk', 'Oscilloscope_Selector_Tool', 'Whitepaper_Download_5G_Test', 'Keysight_University_Course', 'Opportunity', 'Keysight_University_Course', 'No_Conversion']",0
L018472,Kenji Patel,,,Europe,,Website,"['Keysight_University_Course', 'SQL', 'Application_Engineer_Call', 'Keysight_Workshop_RF_Testing', 'Whitepaper_Download_5G_Test', 'Customer']",1
L018473,Ravi Williams,,,North America,,LinkedIn,"['Keysight_University_Course', 'LinkedIn_Ad_Click', 'MQL', 'Loaner_Unit_Evaluation', 'Lab_Integration_Discussion', 'DesignCon_Booth_Visit', 'Website_Product_Page', 'No_Conversion']",0
L018474,Daniel Williams,Meta Connectivity Labs GmbH,Automotive,LATAM,Automotive Ethernet,Event,['No_Conversion'],0
L018475,Kenji Chen,NXP Semiconductors GmbH,,Europe,,Sales Outreach,"['AutoSens_Tech_Talk', 'Customer']",1
L018476,Ahmed Lee,,Semiconductor,APAC,Oscilloscopes,Event,"['DesignCon_Booth_Visit', 'Application_Engineer_Call', 'Application_Engineer_Call', 'Opportunity', 'Website_Product_Page', 'SQL', 'Customer']",1
L018477,Priya Williams,NXPSe_Tech,Semiconductor,APAC,PathWave Software,Event,"['AutoSens_Tech_Talk', 'Loaner_Unit_Evaluation', 'Keysight_Workshop_RF_Testing', 'MQL', 'No_Conversion']",0
L018478,Sofia Lee,,,LATAM,,Email Campaign,"['Oscilloscope_Selector_Tool', 'Opportunity', 'Website_Product_Page', 'Opportunity', 'No_Conversion']",0
L018479,Laura Chen,Raytheon GmbH,,LATAM,Oscilloscopes,Email Campaign,"['Keysight_University_Course', 'PathWave_Trial_Request', 'MQL', 'LinkedIn_Ad_Click', 'Technical_Demo', 'Opportunity', 'Application_Engineer_Call', 'AutoSens_Tech_Talk', 'Keysight_Workshop_RF_Testing', 'No_Conversion']",0
L018480,Priya Lee,Raytheon,Electronics,LATAM,,LinkedIn,"['Keysight_Workshop_RF_Testing', 'PathWave_Trial_Request', 'Lab_Integration_Discussion', 'Lab_Integration_Discussion', 'Technical_Demo', 'LinkedIn_Ad_Click', 'Whitepaper_Download_5G_Test', 'Whitepaper_Download_5G_Test', 'SQL', 'Opportunity', 'No_Conversion']",0
L018481,Hiroshi Singh,Meta Connectivity Labs,Automotive,,5G Testbeds,Sales Outreach,"['Loaner_Unit_Evaluation', 'AutoSens_Tech_Talk', 'Website_Product_Page', 'SQL', 'DesignCon_Booth_Visit', 'Keysight_Workshop_RF_Testing', 'No_Conversion']",0
L018482,Daniel Johnson,,,APAC,,Email Campaign,"['Technical_Demo', 'MQL', 'IMS_Badge_Scan', 'IMS_Badge_Scan', 'Customer']",1
L018483,Daniel Patel,Raytheon GmbH,Aerospace,APAC,,,"['Opportunity', 'Whitepaper_Download_5G_Test', 'DesignCon_Booth_Visit', 'IMS_Badge_Scan', 'Application_Engineer_Call', 'Oscilloscope_Selector_Tool', 'LinkedIn_Ad_Click', 'No_Conversion']",0
L018484,Laura Williams,Infin_Tech,Semiconductor,North America,Automotive Ethernet,Sales Outreach,"['AutoSens_Tech_Talk', 'Loaner_Unit_Evaluation', 'SQL', 'PathWave_Trial_Request', 'No_Conversion']",0
L018485,Sarah Singh,NXP Semiconductors,Electronics,APAC,PathWave Software,LinkedIn,"['DesignCon_Booth_Visit', 'Lab_Integration_Discussion', 'No_Conversion']",0
L018486,Kenji Patel,,Automotive,APAC,5G Testbeds,Event,['Customer'],1
L018487,Ravi Tanaka,,Aerospace,North America,PathWave Software,LinkedIn,"['Technical_Demo', 'MQL', 'Opportunity', 'Website_Product_Page', 'DesignCon_Booth_Visit', 'Oscilloscope_Selector_Tool', 'Whitepaper_Download_5G_Test', 'Technical_Demo', 'Application_Engineer_Call', 'AutoSens_Tech_Talk', 'No_Conversion']",0
L018488,Ahmed Garcia,Meta Connectivity Labs,,LATAM,5G Testbeds,Website,"['IMS_Badge_Scan', 'Keysight_University_Course', 'Keysight_Workshop_RF_Testing', 'AutoSens_Tech_Talk', 'IMS_Badge_Scan', 'Technical_Demo', 'DesignCon_Booth_Visit', 'Oscilloscope_Selector_Tool', 'Opportunity', 'Customer']",1
L018489,Maria Martinez,Broadcom GmbH,Telecom,,Automotive Ethernet,Email Campaign,"['Technical_Demo', 'SQL', 'LinkedIn_Ad_Click', 'DesignCon_Booth_Visit', 'Loaner_Unit_Evaluation', 'IMS_Badge_Scan', 'Website_Product_Page', 'Customer']",1
L018490,Maria Lee,Broad_Tech,Semiconductor,North America,,,['Customer'],1
L018491,Michael Martinez,Sony GmbH,Automotive,North America,,Sales Outreach,"['MQL', 'PathWave_Trial_Request', 'AutoSens_Tech_Talk', 'AutoSens_Tech_Talk', 'AutoSens_Tech_Talk', 'No_Conversion']",0
L018492,Hiroshi Tanaka,Bosch GmbH,Telecom,,,,"['PathWave_Trial_Request', 'Keysight_Workshop_RF_Testing', 'Whitepaper_Download_5G_Test', 'Application_Engineer_Call', 'Customer']",1
L018493,Michael Johnson,Tesla Energy GmbH,,North America,PathWave Software,Event,"['AutoSens_Tech_Talk', 'Lab_Integration_Discussion', 'Loaner_Unit_Evaluation', 'Customer']",1
L018494,Sarah Garcia,Raytheon,Automotive,Europe,Oscilloscopes,LinkedIn,"['Keysight_Workshop_RF_Testing', 'AutoSens_Tech_Talk', 'Oscilloscope_Selector_Tool', 'Keysight_Workshop_RF_Testing', 'Customer']",1
L018495,Daniel Garcia,Infineon GmbH,Telecom,LATAM,,Website,"['Oscilloscope_Selector_Tool', 'Oscilloscope_Selector_Tool', 'LinkedIn_Ad_Click', 'Website_Product_Page', 'Customer']",1
L018496,Sarah Martinez,MetaC_Tech,,Europe,,Sales Outreach,"['Opportunity', 'Keysight_University_Course', 'Application_Engineer_Call', 'PathWave_Trial_Request', 'Opportunity', 'Application_Engineer_Call', 'Customer']",1
L018497,Laura Johnson,,Electronics,North America,Automotive Ethernet,Event,"['LinkedIn_Ad_Click', 'Technical_Demo', 'SQL', 'IMS_Badge_Scan', 'Customer']",1
L018498,Laura Johnson,Tesla_Tech,,LATAM,,Email Campaign,"['DesignCon_Booth_Visit', 'AutoSens_Tech_Talk', 'Website_Product_Page', 'Technical_Demo', 'Website_Product_Page', 'Keysight_University_Course', 'AutoSens_Tech_Talk', 'AutoSens_Tech_Talk', 'IMS_Badge_Scan', 'LinkedIn_Ad_Click', 'Customer']",1
L018499,Chen Chen,Bosch GmbH,Semiconductor,,,Sales Outreach,"['DesignCon_Booth_Visit', 'Keysight_University_Course', 'Customer']",1
L018500,Michael Ito,NXP Semiconductors,,APAC,,Sales Outreach,"['Application_Engineer_Call', 'LinkedIn_Ad_Click', 'MQL', 'Website_Product_Page', 'Application_Engineer_Call', 'Oscilloscope_Selector_Tool', 'IMS_Badge_Scan', 'No_Conversion']",0
L018501,Sofia Anders,MetaC_Tech,,Europe,,Website,"['Keysight_Workshop_RF_Testing', 'Customer']",1
L018502,Ahmed Johnson,Infineon GmbH,Telecom,,5G Testbeds,Event,['Customer'],1
L018503,Sofia Chen,,Aerospace,APAC,PathWave Software,Email Campaign,"['PathWave_Trial_Request', 'Website_Product_Page', 'IMS_Badge_Scan', 'MQL', 'Opportunity', 'Application_Engineer_Call', 'Keysight_University_Course', 'Keysight_Workshop_RF_Testing', 'No_Conversion']",0
L018504,Priya Tanaka,NXPSe_Tech,Automotive,North America,,LinkedIn,"['LinkedIn_Ad_Click', 'Customer']",1
L018505,,Broad_Tech,,,Automotive Ethernet,Event,"['SQL', 'Keysight_University_Course', 'LinkedIn_Ad_Click', 'IMS_Badge_Scan', 'DesignCon_Booth_Visit', 'Opportunity', 'SQL', 'AutoSens_Tech_Talk', 'MQL', 'No_Conversion']",0
L018506,Hiroshi Williams,,Semiconductor,North America,,Event,"['Whitepaper_Download_5G_Test', 'Application_Engineer_Call', 'No_Conversion']",0
L018507,Daniel Johnson,Broad_Tech,,LATAM,,Sales Outreach,"['Keysight_University_Course', 'Lab_Integration_Discussion', 'Whitepaper_Download_5G_Test', 'Application_Engineer_Call', 'Oscilloscope_Selector_Tool', 'LinkedIn_Ad_Click', 'Customer']",1
L018508,,,,,5G Testbeds,LinkedIn,"['LinkedIn_Ad_Click', 'Loaner_Unit_Evaluation', 'Lab_Integration_Discussion', 'Customer']",1
L018509,Sofia Johnson,Raytheon GmbH,Electronics,APAC,Automotive Ethernet,Website,"['Technical_Demo', 'MQL', 'MQL', 'Opportunity', 'PathWave_Trial_Request', 'Technical_Demo', 'Lab_Integration_Discussion', 'Whitepaper_Download_5G_Test', 'No_Conversion']",0
L018510,Chen Singh,Raytheon,Semiconductor,LATAM,,Email Campaign,"['SQL', 'SQL', 'Keysight_Workshop_RF_Testing', 'PathWave_Trial_Request', 'IMS_Badge_Scan', 'Opportunity', 'Customer']",1
L018511,,Infineon GmbH,Electronics,Europe,,Email Campaign,['Customer'],1
L018512,Michael Patel,Qualcomm,,APAC,,Sales Outreach,"['PathWave_Trial_Request', 'LinkedIn_Ad_Click', 'AutoSens_Tech_Talk', 'AutoSens_Tech_Talk', 'DesignCon_Booth_Visit', 'Keysight_Workshop_RF_Testing', 'Technical_Demo', 'Customer']",1
L018513,Daniel Khan,Tesla_Tech,Electronics,LATAM,Automotive Ethernet,,"['Keysight_University_Course', 'Website_Product_Page', 'Customer']",1
L018514,Sofia Martinez,Sony GmbH,,,PathWave Software,,['Customer'],1
L018515,Hiroshi Khan,Bosch,Electronics,APAC,Oscilloscopes,,"['AutoSens_Tech_Talk', 'Lab_Integration_Discussion', 'MQL', 'Customer']",1
L018516,Kenji Williams,Meta Connectivity Labs GmbH,Aerospace,Europe,5G Testbeds,Website,"['Keysight_University_Course', 'Loaner_Unit_Evaluation', 'Whitepaper_Download_5G_Test', 'Opportunity', 'Application_Engineer_Call', 'PathWave_Trial_Request', 'AutoSens_Tech_Talk', 'Keysight_Workshop_RF_Testing', 'Lab_Integration_Discussion', 'No_Conversion']",0
L018517,Priya Patel,Samsung Electronics,Electronics,,5G Testbeds,Website,['Customer'],1
L018518,Sarah Lee,NXPSe_Tech,Semiconductor,,5G Testbeds,Sales Outreach,"['Oscilloscope_Selector_Tool', 'PathWave_Trial_Request', 'DesignCon_Booth_Visit', 'Application_Engineer_Call', 'DesignCon_Booth_Visit', 'Lab_Integration_Discussion', 'Application_Engineer_Call', 'Keysight_Workshop_RF_Testing', 'Opportunity', 'SQL', 'Customer']",1
L018519,,NXP Semiconductors,,APAC,,Website,['Customer'],1
L018520,Sarah Ito,Tesla Energy GmbH,,,5G Testbeds,Webinar,"['Whitepaper_Download_5G_Test', 'PathWave_Trial_Request', 'SQL', 'No_Conversion']",0
L018521,Hiroshi Chen,,Semiconductor,LATAM,,Webinar,"['Keysight_Workshop_RF_Testing', 'Keysight_University_Course', 'LinkedIn_Ad_Click', 'AutoSens_Tech_Talk', 'Application_Engineer_Call', 'Website_Product_Page', 'Oscilloscope_Selector_Tool', 'LinkedIn_Ad_Click', 'Customer']",1
L018522,Maria Martinez,Tesla_Tech,Electronics,Europe,,Webinar,"['Website_Product_Page', 'AutoSens_Tech_Talk', 'No_Conversion']",0
L018523,Sofia Johnson,Sony GmbH,Telecom,APAC,PathWave Software,Event,"['Oscilloscope_Selector_Tool', 'No_Conversion']",0
L018524,Sarah Tanaka,NXP Semiconductors,Automotive,Europe,,Sales Outreach,"['Application_Engineer_Call', 'Keysight_University_Course', 'Keysight_Workshop_RF_Testing', 'Customer']",1
L018525,Ravi Anders,Samsung Electronics GmbH,Electronics,,PathWave Software,LinkedIn,"['Keysight_University_Course', 'No_Conversion']",0
L018526,Priya Ito,,,APAC,Automotive Ethernet,Website,['Customer'],1
L018527,,NXP Semiconductors GmbH,,APAC,Automotive Ethernet,Sales Outreach,"['Technical_Demo', 'Website_Product_Page', 'IMS_Badge_Scan', 'Customer']",1
L018528,Kenji Martinez,NXP Semiconductors GmbH,Telecom,North America,,,['No_Conversion'],0
L018529,Ravi Singh,NXPSe_Tech,Semiconductor,North America,Oscilloscopes,Email Campaign,"['IMS_Badge_Scan', 'Opportunity', 'No_Conversion']",0
L018530,Kenji Martinez,Samsung Electronics GmbH,Telecom,APAC,Oscilloscopes,LinkedIn,"['Lab_Integration_Discussion', 'DesignCon_Booth_Visit', 'Keysight_University_Course', 'MQL', 'Lab_Integration_Discussion', 'MQL', 'SQL', 'Website_Product_Page', 'SQL', 'Lab_Integration_Discussion', 'Customer']",1
L018531,,,Aerospace,,5G Testbeds,Event,"['Loaner_Unit_Evaluation', 'Keysight_Workshop_RF_Testing', 'Loaner_Unit_Evaluation', 'Technical_Demo', 'MQL', 'DesignCon_Booth_Visit', 'AutoSens_Tech_Talk', 'Loaner_Unit_Evaluation', 'LinkedIn_Ad_Click', 'Website_Product_Page', 'No_Conversion']",0
L018532,Chen Chen,,Telecom,,Oscilloscopes,,['Customer'],1
L018533,Maria Lee,Bosch,Electronics,LATAM,PathWave Software,LinkedIn,['No_Conversion'],0
L018534,Chen Singh,,,Europe,,Webinar,"['Website_Product_Page', 'PathWave_Trial_Request', 'Lab_Integration_Discussion', 'No_Conversion']",0
L018535,Priya Anders,Infineon GmbH,Aerospace,APAC,,Webinar,"['DesignCon_Booth_Visit', 'Website_Product_Page', 'IMS_Badge_Scan', 'Keysight_University_Course', 'Keysight_University_Course', 'Technical_Demo', 'Keysight_Workshop_RF_Testing', 'No_Conversion']",0
L018536,Sarah Patel,,,North America,,Email Campaign,['No_Conversion'],0
L018537,Hiroshi Williams,Sony_Tech,,,,LinkedIn,['No_Conversion'],0
L018538,,Qualcomm,Automotive,North America,5G Testbeds,Webinar,"['Opportunity', 'MQL', 'DesignCon_Booth_Visit', 'DesignCon_Booth_Visit', 'Whitepaper_Download_5G_Test', 'Technical_Demo', 'No_Conversion']",0
L018539,Hiroshi Singh,Samsu_Tech,Automotive,Europe,,Email Campaign,"['Application_Engineer_Call', 'IMS_Badge_Scan', 'Keysight_Workshop_RF_Testing', 'Loaner_Unit_Evaluation', 'Whitepaper_Download_5G_Test', 'No_Conversion']",0
L018540,Chen Patel,Broadcom GmbH,Telecom,LATAM,,Sales Outreach,"['Loaner_Unit_Evaluation', 'Website_Product_Page', 'Keysight_Workshop_RF_Testing', 'Website_Product_Page', 'Oscilloscope_Selector_Tool', 'Loaner_Unit_Evaluation', 'DesignCon_Booth_Visit', 'Customer']",1
L018541,Hiroshi Anders,Infin_Tech,Automotive,Europe,,Event,"['SQL', 'Loaner_Unit_Evaluation', 'PathWave_Trial_Request', 'Whitepaper_Download_5G_Test', 'Website_Product_Page', 'Customer']",1
L018542,,Infineon GmbH,Aerospace,APAC,Automotive Ethernet,Website,"['IMS_Badge_Scan', 'Customer']",1
L018543,Laura Martinez,Bosch GmbH,Semiconductor,LATAM,,Event,['No_Conversion'],0
L018544,Maria Patel,Tesla_Tech,,,PathWave Software,LinkedIn,"['DesignCon_Booth_Visit', 'Technical_Demo', 'Website_Product_Page', 'Technical_Demo', 'No_Conversion']",0
L018545,Kenji Chen,Qualc_Tech,,Europe,PathWave Software,Website,"['DesignCon_Booth_Visit', 'Customer']",1
L018546,Michael Johnson,Broadcom,,,5G Testbeds,Email Campaign,"['Application_Engineer_Call', 'Loaner_Unit_Evaluation', 'Loaner_Unit_Evaluation', 'DesignCon_Booth_Visit', 'Whitepaper_Download_5G_Test', 'Customer']",1
L018547,Laura Chen,Tesla Energy GmbH,Automotive,,Oscilloscopes,Event,"['Lab_Integration_Discussion', 'PathWave_Trial_Request', 'Customer']",1
L018548,Laura Williams,Bosch GmbH,Telecom,APAC,Oscilloscopes,Sales Outreach,"['Lab_Integration_Discussion', 'Website_Product_Page', 'Opportunity', 'No_Conversion']",0
L018549,Sarah Garcia,Samsu_Tech,Telecom,LATAM,Oscilloscopes,Email Campaign,"['Keysight_Workshop_RF_Testing', 'Keysight_Workshop_RF_Testing', 'PathWave_Trial_Request', 'LinkedIn_Ad_Click', 'MQL', 'Oscilloscope_Selector_Tool', 'PathWave_Trial_Request', 'Customer']",1
L018550,Laura Singh,Tesla_Tech,,,,,"['Loaner_Unit_Evaluation', 'SQL', 'No_Conversion']",0
L018551,Maria Tanaka,,Aerospace,North America,PathWave Software,,"['Whitepaper_Download_5G_Test', 'Application_Engineer_Call', 'Technical_Demo', 'MQL', 'Lab_Integration_Discussion', 'Customer']",1
L018552,Ravi Williams,Bosch_Tech,Semiconductor,North America,,Sales Outreach,"['Technical_Demo', 'LinkedIn_Ad_Click', 'Keysight_University_Course', 'AutoSens_Tech_Talk', 'Lab_Integration_Discussion', 'Keysight_Workshop_RF_Testing', 'Oscilloscope_Selector_Tool', 'Oscilloscope_Selector_Tool', 'Customer']",1
L018553,Hiroshi Ito,Meta Connectivity Labs GmbH,Semiconductor,North America,5G Testbeds,Webinar,['No_Conversion'],0
L018554,Michael Williams,,Electronics,APAC,,,"['MQL', 'Keysight_Workshop_RF_Testing', 'IMS_Badge_Scan', 'Customer']",1
L018555,Ravi Garcia,Qualcomm,,APAC,Oscilloscopes,Event,['No_Conversion'],0
L018556,Hiroshi Tanaka,Qualc_Tech,Aerospace,LATAM,,Webinar,"['LinkedIn_Ad_Click', 'IMS_Badge_Scan', 'No_Conversion']",0
L018557,Chen Ito,Infin_Tech,,APAC,,LinkedIn,['Customer'],1
L018558,Ravi Chen,,,North America,,Website,"['Keysight_Workshop_RF_Testing', 'Application_Engineer_Call', 'AutoSens_Tech_Talk', 'Customer']",1
L018559,Ahmed Chen,Bosch_Tech,,APAC,Oscilloscopes,LinkedIn,"['Keysight_Workshop_RF_Testing', 'Oscilloscope_Selector_Tool', 'LinkedIn_Ad_Click', 'Keysight_University_Course', 'Application_Engineer_Call', 'Website_Product_Page', 'Customer']",1
L018560,Maria Anders,Bosch,,,,Sales Outreach,"['Application_Engineer_Call', 'Website_Product_Page', 'Technical_Demo', 'No_Conversion']",0
L018561,Laura Williams,Infineon GmbH,,LATAM,,Webinar,"['Opportunity', 'IMS_Badge_Scan', 'Technical_Demo', 'Application_Engineer_Call', 'Website_Product_Page', 'Customer']",1
L018562,,Samsung Electronics,Automotive,,,Website,"['DesignCon_Booth_Visit', 'Website_Product_Page', 'Opportunity', 'Lab_Integration_Discussion', 'Application_Engineer_Call', 'Technical_Demo', 'AutoSens_Tech_Talk', 'Customer']",1
L018563,Michael Singh,,Semiconductor,,Automotive Ethernet,LinkedIn,"['Keysight_University_Course', 'IMS_Badge_Scan', 'Keysight_University_Course', 'AutoSens_Tech_Talk', 'Customer']",1
L018564,Sarah Tanaka,Infineon,Semiconductor,Europe,Automotive Ethernet,Event,"['DesignCon_Booth_Visit', 'Application_Engineer_Call', 'PathWave_Trial_Request', 'Customer']",1
L018565,Daniel Ito,,Electronics,,,,"['Application_Engineer_Call', 'Oscilloscope_Selector_Tool', 'SQL', 'SQL', 'No_Conversion']",0
L018566,Ravi Martinez,Infineon GmbH,Electronics,,PathWave Software,Sales Outreach,"['AutoSens_Tech_Talk', 'AutoSens_Tech_Talk', 'DesignCon_Booth_Visit', 'Keysight_Workshop_RF_Testing', 'LinkedIn_Ad_Click', 'No_Conversion']",0
L018567,Kenji Garcia,,Semiconductor,LATAM,,LinkedIn,"['Lab_Integration_Discussion', 'AutoSens_Tech_Talk', 'MQL', 'Customer']",1
L018568,Sarah Anders,Qualc_Tech,,Europe,PathWave Software,Website,"['Opportunity', 'PathWave_Trial_Request', 'LinkedIn_Ad_Click', 'AutoSens_Tech_Talk', 'DesignCon_Booth_Visit', 'No_Conversion']",0
L018569,Sarah Johnson,Qualcomm GmbH,,LATAM,5G Testbeds,,"['Oscilloscope_Selector_Tool', 'DesignCon_Booth_Visit', 'Keysight_Workshop_RF_Testing', 'Lab_Integration_Discussion', 'PathWave_Trial_Request', 'DesignCon_Booth_Visit', 'No_Conversion']",0
L018570,Hiroshi Johnson,,Automotive,,Oscilloscopes,Sales Outreach,"['Keysight_University_Course', 'Whitepaper_Download_5G_Test', 'PathWave_Trial_Request', 'Keysight_Workshop_RF_Testing', 'Website_Product_Page', 'AutoSens_Tech_Talk', 'Loaner_Unit_Evaluation', 'SQL', 'No_Conversion']",0
L018571,,Sony GmbH,Automotive,,,Email Campaign,"['Opportunity', 'Keysight_University_Course', 'DesignCon_Booth_Visit', 'Technical_Demo', 'MQL', 'LinkedIn_Ad_Click', 'LinkedIn_Ad_Click', 'No_Conversion']",0
L018572,Hiroshi Williams,Samsu_Tech,Electronics,LATAM,,Webinar,"['AutoSens_Tech_Talk', 'Whitepaper_Download_5G_Test', 'Loaner_Unit_Evaluation', 'LinkedIn_Ad_Click', 'Customer']",1
L018573,Ravi Tanaka,Qualc_Tech,Aerospace,North America,,,['Customer'],1
L018574,,Raytheon,Automotive,North America,,LinkedIn,"['PathWave_Trial_Request', 'Opportunity', 'Application_Engineer_Call', 'MQL', 'AutoSens_Tech_Talk', 'Customer']",1
L018575,Kenji Tanaka,Samsung Electronics GmbH,Aerospace,,5G Testbeds,Event,"['LinkedIn_Ad_Click', 'Oscilloscope_Selector_Tool', 'Whitepaper_Download_5G_Test', 'Technical_Demo', 'Customer']",1
L018576,Sofia Chen,Qualc_Tech,,,,Email Campaign,"['Lab_Integration_Discussion', 'Application_Engineer_Call', 'No_Conversion']",0
L018577,Michael Tanaka,,Telecom,North America,,Sales Outreach,"['Technical_Demo', 'PathWave_Trial_Request', 'SQL', 'Keysight_University_Course', 'Customer']",1
L018578,Ahmed Anders,Meta Connectivity Labs GmbH,,,PathWave Software,Webinar,"['AutoSens_Tech_Talk', 'Oscilloscope_Selector_Tool', 'Lab_Integration_Discussion', 'Loaner_Unit_Evaluation', 'Application_Engineer_Call', 'Keysight_Workshop_RF_Testing', 'LinkedIn_Ad_Click', 'Lab_Integration_Discussion', 'DesignCon_Booth_Visit', 'No_Conversion']",0
L018579,Sarah Khan,,Semiconductor,North America,Automotive Ethernet,LinkedIn,"['Application_Engineer_Call', 'Loaner_Unit_Evaluation', 'Application_Engineer_Call', 'MQL', 'SQL', 'LinkedIn_Ad_Click', 'IMS_Badge_Scan', 'No_Conversion']",0
L018580,Chen Martinez,Raytheon GmbH,,LATAM,Oscilloscopes,Email Campaign,"['DesignCon_Booth_Visit', 'Opportunity', 'Keysight_University_Course', 'DesignCon_Booth_Visit', 'Opportunity', 'PathWave_Trial_Request', 'Opportunity', 'No_Conversion']",0
L018581,Chen Lee,NXP Semiconductors GmbH,,Europe,PathWave Software,Sales Outreach,['No_Conversion'],0
L018582,Kenji Ito,Bosch,,Europe,,,"['Oscilloscope_Selector_Tool', 'Loaner_Unit_Evaluation', 'Website_Product_Page', 'No_Conversion']",0
L018583,Ravi Patel,Broadcom GmbH,,LATAM,Automotive Ethernet,,"['SQL', 'Website_Product_Page', 'Technical_Demo', 'AutoSens_Tech_Talk', 'SQL', 'Website_Product_Page', 'Whitepaper_Download_5G_Test', 'Loaner_Unit_Evaluation', 'Application_Engineer_Call', 'Customer']",1
L018584,Kenji Singh,MetaC_Tech,,LATAM,PathWave Software,Website,"['Loaner_Unit_Evaluation', 'LinkedIn_Ad_Click', 'DesignCon_Booth_Visit', 'AutoSens_Tech_Talk', 'No_Conversion']",0
L018585,Kenji Garcia,Bosch GmbH,,North America,,Email Campaign,"['Application_Engineer_Call', 'Keysight_Workshop_RF_Testing', 'Application_Engineer_Call', 'Lab_Integration_Discussion', 'IMS_Badge_Scan', 'Website_Product_Page', 'AutoSens_Tech_Talk', 'Oscilloscope_Selector_Tool', 'No_Conversion']",0
L018586,Chen Williams,NXP Semiconductors,Electronics,,,LinkedIn,"['Opportunity', 'Keysight_University_Course', 'Oscilloscope_Selector_Tool', 'PathWave_Trial_Request', 'Keysight_University_Course', 'Opportunity', 'SQL', 'Oscilloscope_Selector_Tool', 'Customer']",1
L018587,Michael Patel,Qualcomm,,APAC,,Webinar,"['Application_Engineer_Call', 'Loaner_Unit_Evaluation', 'Whitepaper_Download_5G_Test', 'Technical_Demo', 'Customer']",1
L018588,Daniel Martinez,MetaC_Tech,Aerospace,LATAM,,,"['IMS_Badge_Scan', 'No_Conversion']",0
L018589,,,Telecom,APAC,,Webinar,"['Whitepaper_Download_5G_Test', 'No_Conversion']",0
L018590,Priya Chen,Bosch,,,,,"['DesignCon_Booth_Visit', 'Technical_Demo', 'Technical_Demo', 'SQL', 'Customer']",1
L018591,Hiroshi Khan,Broadcom,,LATAM,,LinkedIn,"['Loaner_Unit_Evaluation', 'Lab_Integration_Discussion', 'SQL', 'DesignCon_Booth_Visit', 'MQL', 'MQL', 'Lab_Integration_Discussion', 'Loaner_Unit_Evaluation', 'DesignCon_Booth_Visit', 'LinkedIn_Ad_Click', 'No_Conversion']",0
L018592,Michael Lee,,Telecom,,5G Testbeds,Sales Outreach,"['LinkedIn_Ad_Click', 'IMS_Badge_Scan', 'Keysight_Workshop_RF_Testing', 'DesignCon_Booth_Visit', 'No_Conversion']",0
L018593,Hiroshi Martinez,,Electronics,APAC,,Webinar,['No_Conversion'],0
L018594,Hiroshi Anders,Samsung Electronics GmbH,,,5G Testbeds,Webinar,"['Oscilloscope_Selector_Tool', 'Lab_Integration_Discussion', 'AutoSens_Tech_Talk', 'Application_Engineer_Call', 'Technical_Demo', 'MQL', 'Whitepaper_Download_5G_Test', 'Customer']",1
L018595,Michael Tanaka,Samsung Electronics GmbH,Aerospace,Europe,5G Testbeds,Email Campaign,['Customer'],1
L018596,Hiroshi Lee,Sony GmbH,,North America,,Webinar,"['Oscilloscope_Selector_Tool', 'Website_Product_Page', 'Application_Engineer_Call', 'Website_Product_Page', 'No_Conversion']",0
L018597,Sofia Chen,MetaC_Tech,Electronics,North America,,Website,"['Keysight_University_Course', 'AutoSens_Tech_Talk', 'DesignCon_Booth_Visit', 'Oscilloscope_Selector_Tool', 'IMS_Badge_Scan', 'SQL', 'No_Conversion']",0
L018598,Daniel Williams,,Telecom,,5G Testbeds,LinkedIn,"['Application_Engineer_Call', 'Loaner_Unit_Evaluation', 'Website_Product_Page', 'Loaner_Unit_Evaluation', 'No_Conversion']",0
L018599,Hiroshi Anders,,Semiconductor,LATAM,PathWave Software,Sales Outreach,"['Technical_Demo', 'Opportunity', 'Keysight_Workshop_RF_Testing', 'Customer']",1
L018600,Chen Anders,Sony,Semiconductor,APAC,5G Testbeds,Webinar,"['IMS_Badge_Scan', 'Application_Engineer_Call', 'Customer']",1
L018601,Ravi Singh,Tesla_Tech,Telecom,APAC,PathWave Software,,"['AutoSens_Tech_Talk', 'DesignCon_Booth_Visit', 'Customer']",1
L018602,Daniel Tanaka,Bosch_Tech,,,5G Testbeds,Event,"['MQL', 'Website_Product_Page', 'Whitepaper_Download_5G_Test', 'Customer']",1
L018603,Laura Williams,Broadcom GmbH,,,,,['No_Conversion'],0
L018604,Kenji Williams,Sony GmbH,Automotive,LATAM,Automotive Ethernet,LinkedIn,"['LinkedIn_Ad_Click', 'DesignCon_Booth_Visit', 'Keysight_Workshop_RF_Testing', 'Technical_Demo', 'Keysight_University_Course', 'Customer']",1
L018605,Maria Lee,Raytheon,Electronics,LATAM,,Website,"['DesignCon_Booth_Visit', 'Lab_Integration_Discussion', 'IMS_Badge_Scan', 'Keysight_University_Course', 'SQL', 'Application_Engineer_Call', 'Keysight_Workshop_RF_Testing', 'No_Conversion']",0
L018606,Laura Patel,NXPSe_Tech,,Europe,Automotive Ethernet,LinkedIn,['Customer'],1
L018607,Priya Garcia,,,North America,5G Testbeds,Website,"['PathWave_Trial_Request', 'SQL', 'PathWave_Trial_Request', 'No_Conversion']",0
L018608,Laura Garcia,Samsung Electronics,Electronics,APAC,5G Testbeds,Sales Outreach,"['Lab_Integration_Discussion', 'PathWave_Trial_Request', 'IMS_Badge_Scan', 'No_Conversion']",0
L018609,Ravi Khan,MetaC_Tech,,North America,PathWave Software,,"['MQL', 'Technical_Demo', 'Customer']",1
L018610,Maria Anders,Samsung Electronics,,LATAM,Oscilloscopes,Email Campaign,"['Website_Product_Page', 'Keysight_University_Course', 'Opportunity', 'No_Conversion']",0
L018611,Ahmed Garcia,Qualcomm,Semiconductor,Europe,,,"['SQL', 'Opportunity', 'Application_Engineer_Call', 'IMS_Badge_Scan', 'Loaner_Unit_Evaluation', 'No_Conversion']",0
L018612,Laura Singh,Bosch_Tech,Semiconductor,LATAM,5G Testbeds,Email Campaign,"['Keysight_Workshop_RF_Testing', 'Lab_Integration_Discussion', 'MQL', 'Keysight_Workshop_RF_Testing', 'Customer']",1
L018613,Maria Williams,Sony_Tech,Semiconductor,North America,,Event,['Customer'],1
L018614,Chen Patel,Qualcomm,Semiconductor,APAC,,Email Campaign,"['LinkedIn_Ad_Click', 'Keysight_Workshop_RF_Testing', 'Oscilloscope_Selector_Tool', 'Keysight_University_Course', 'No_Conversion']",0
L018615,Hiroshi Lee,Meta Connectivity Labs GmbH,Semiconductor,North America,,Event,"['LinkedIn_Ad_Click', 'Oscilloscope_Selector_Tool', 'SQL', 'LinkedIn_Ad_Click', 'Whitepaper_Download_5G_Test', 'AutoSens_Tech_Talk', 'Customer']",1
L018616,Priya Lee,,Aerospace,North America,5G Testbeds,Email Campaign,"['Oscilloscope_Selector_Tool', 'LinkedIn_Ad_Click', 'Application_Engineer_Call', 'Website_Product_Page', 'LinkedIn_Ad_Click', 'Opportunity', 'Application_Engineer_Call', 'Lab_Integration_Discussion', 'Oscilloscope_Selector_Tool', 'Whitepaper_Download_5G_Test', 'Customer']",1
L018617,Ahmed Martinez,Sony,Semiconductor,North America,,Website,"['Keysight_University_Course', 'AutoSens_Tech_Talk', 'Application_Engineer_Call', 'Opportunity', 'Application_Engineer_Call', 'Customer']",1
L018618,Ahmed Garcia,,Telecom,LATAM,,Webinar,"['Technical_Demo', 'Whitepaper_Download_5G_Test', 'Opportunity', 'No_Conversion']",0
L018619,,Tesla Energy GmbH,,North America,PathWave Software,Email Campaign,"['SQL', 'Application_Engineer_Call', 'Keysight_Workshop_RF_Testing', 'Keysight_Workshop_RF_Testing', 'PathWave_Trial_Request', 'Customer']",1
L018620,Laura Chen,,Aerospace,,,Webinar,['No_Conversion'],0
L018621,Kenji Williams,Meta Connectivity Labs GmbH,Automotive,Europe,Automotive Ethernet,Sales Outreach,"['LinkedIn_Ad_Click', 'Keysight_Workshop_RF_Testing', 'Oscilloscope_Selector_Tool', 'LinkedIn_Ad_Click', 'No_Conversion']",0
L018622,Sofia Anders,,Automotive,North America,,,"['Whitepaper_Download_5G_Test', 'Keysight_University_Course', 'Loaner_Unit_Evaluation', 'LinkedIn_Ad_Click', 'Website_Product_Page', 'LinkedIn_Ad_Click', 'Whitepaper_Download_5G_Test', 'SQL', 'IMS_Badge_Scan', 'Customer']",1
L018623,Priya Khan,Tesla Energy,Automotive,APAC,5G Testbeds,,"['Keysight_Workshop_RF_Testing', 'PathWave_Trial_Request', 'AutoSens_Tech_Talk', 'Lab_Integration_Discussion', 'No_Conversion']",0
L018624,Sofia Johnson,NXP Semiconductors,Automotive,LATAM,,Event,"['AutoSens_Tech_Talk', 'Opportunity', 'Keysight_Workshop_RF_Testing', 'Lab_Integration_Discussion', 'AutoSens_Tech_Talk', 'Loaner_Unit_Evaluation', 'Keysight_Workshop_RF_Testing', 'Loaner_Unit_Evaluation', 'Customer']",1
L018625,Michael Ito,,,Europe,,Sales Outreach,"['Application_Engineer_Call', 'Keysight_University_Course', 'No_Conversion']",0
L018626,Daniel Tanaka,Broadcom GmbH,Automotive,,5G Testbeds,Event,['No_Conversion'],0
L018627,Laura Chen,,Aerospace,LATAM,,Sales Outreach,"['AutoSens_Tech_Talk', 'Technical_Demo', 'Customer']",1
L018628,Sofia Tanaka,Bosch GmbH,Automotive,LATAM,Automotive Ethernet,LinkedIn,"['Technical_Demo', 'Lab_Integration_Discussion', 'MQL', 'No_Conversion']",0
L018629,Hiroshi Tanaka,Meta Connectivity Labs GmbH,Aerospace,,,,"['LinkedIn_Ad_Click', 'SQL', 'No_Conversion']",0
L018630,Hiroshi Patel,Qualc_Tech,,Europe,5G Testbeds,,"['PathWave_Trial_Request', 'Customer']",1
L018631,Ravi Garcia,Qualcomm,,North America,Oscilloscopes,Sales Outreach,['Customer'],1
L018632,Hiroshi Chen,Sony,Telecom,,Automotive Ethernet,Sales Outreach,"['Application_Engineer_Call', 'IMS_Badge_Scan', 'Customer']",1
L018633,Daniel Patel,,,LATAM,PathWave Software,LinkedIn,"['Technical_Demo', 'Technical_Demo', 'PathWave_Trial_Request', 'LinkedIn_Ad_Click', 'Opportunity', 'Customer']",1
L018634,Ravi Singh,,,LATAM,Oscilloscopes,,"['Opportunity', 'Customer']",1
L018635,Sarah Khan,Tesla Energy,,Europe,PathWave Software,LinkedIn,['No_Conversion'],0
L018636,Sarah Johnson,Broad_Tech,Electronics,North America,5G Testbeds,Sales Outreach,"['AutoSens_Tech_Talk', 'Opportunity', 'No_Conversion']",0
L018637,Hiroshi Patel,Infineon,Automotive,Europe,PathWave Software,Webinar,"['Lab_Integration_Discussion', 'Loaner_Unit_Evaluation', 'MQL', 'Keysight_Workshop_RF_Testing', 'No_Conversion']",0
L018638,Ravi Garcia,,,LATAM,,,"['Loaner_Unit_Evaluation', 'LinkedIn_Ad_Click', 'Whitepaper_Download_5G_Test', 'No_Conversion']",0
L018639,Daniel Williams,Bosch_Tech,,APAC,Oscilloscopes,Email Campaign,"['Application_Engineer_Call', 'Whitepaper_Download_5G_Test', 'Customer']",1
L018640,Hiroshi Garcia,Sony GmbH,,APAC,Automotive Ethernet,Sales Outreach,"['Keysight_Workshop_RF_Testing', 'Opportunity', 'Application_Engineer_Call', 'DesignCon_Booth_Visit', 'Oscilloscope_Selector_Tool', 'Loaner_Unit_Evaluation', 'Customer']",1
L018641,Daniel Anders,Raytheon GmbH,Aerospace,APAC,5G Testbeds,,"['PathWave_Trial_Request', 'SQL', 'AutoSens_Tech_Talk', 'Keysight_University_Course', 'No_Conversion']",0
L018642,Kenji Khan,Raytheon GmbH,,,Oscilloscopes,LinkedIn,"['Loaner_Unit_Evaluation', 'Oscilloscope_Selector_Tool', 'IMS_Badge_Scan', 'PathWave_Trial_Request', 'Website_Product_Page', 'PathWave_Trial_Request', 'Oscilloscope_Selector_Tool', 'MQL', 'Customer']",1
L018643,Hiroshi Singh,,Semiconductor,LATAM,,Webinar,"['DesignCon_Booth_Visit', 'MQL', 'Loaner_Unit_Evaluation', 'Application_Engineer_Call', 'No_Conversion']",0
L018644,Ahmed Martinez,Tesla Energy,Automotive,Europe,,Email Campaign,"['Lab_Integration_Discussion', 'AutoSens_Tech_Talk', 'Keysight_University_Course', 'Application_Engineer_Call', 'Lab_Integration_Discussion', 'LinkedIn_Ad_Click', 'PathWave_Trial_Request', 'Customer']",1
L018645,Kenji Martinez,,,,,Webinar,"['IMS_Badge_Scan', 'Website_Product_Page', 'Keysight_Workshop_RF_Testing', 'MQL', 'Keysight_University_Course', 'IMS_Badge_Scan', 'Loaner_Unit_Evaluation', 'DesignCon_Booth_Visit', 'AutoSens_Tech_Talk', 'Website_Product_Page', 'Customer']",1
L018646,Daniel Tanaka,,Automotive,LATAM,,LinkedIn,"['Website_Product_Page', 'Whitepaper_Download_5G_Test', 'Whitepaper_Download_5G_Test', 'IMS_Badge_Scan', 'Customer']",1
L018647,Sofia Patel,Tesla Energy GmbH,,Europe,Oscilloscopes,LinkedIn,"['SQL', 'MQL', 'Technical_Demo', 'Customer']",1
L018648,Priya Chen,NXPSe_Tech,Aerospace,APAC,Automotive Ethernet,LinkedIn,['Customer'],1
L018649,,Broadcom GmbH,,North America,Oscilloscopes,Sales Outreach,"['Loaner_Unit_Evaluation', 'AutoSens_Tech_Talk', 'Keysight_University_Course', 'DesignCon_Booth_Visit', 'IMS_Badge_Scan', 'Keysight_University_Course', 'Customer']",1
L018650,Hiroshi Chen,,,,Oscilloscopes,Website,"['Keysight_Workshop_RF_Testing', 'Keysight_Workshop_RF_Testing', 'MQL', 'Customer']",1
L018651,Daniel Khan,MetaC_Tech,Automotive,,,Sales Outreach,"['IMS_Badge_Scan', 'LinkedIn_Ad_Click', 'AutoSens_Tech_Talk', 'LinkedIn_Ad_Click', 'Application_Engineer_Call', 'MQL', 'PathWave_Trial_Request', 'Keysight_University_Course', 'SQL', 'Customer']",1
L018652,Priya Johnson,,Semiconductor,APAC,Oscilloscopes,Website,"['Loaner_Unit_Evaluation', 'IMS_Badge_Scan', 'Opportunity', 'SQL', 'Application_Engineer_Call', 'SQL', 'Website_Product_Page', 'Oscilloscope_Selector_Tool', 'Customer']",1
L018653,Sarah Khan,Samsung Electronics,,LATAM,Automotive Ethernet,Sales Outreach,['No_Conversion'],0
L018654,,Qualcomm,,APAC,Oscilloscopes,Sales Outreach,"['AutoSens_Tech_Talk', 'Oscilloscope_Selector_Tool', 'Keysight_University_Course', 'Whitepaper_Download_5G_Test', 'SQL', 'Whitepaper_Download_5G_Test', 'Technical_Demo', 'Keysight_Workshop_RF_Testing', 'Customer']",1
L018655,Michael Tanaka,,Electronics,,Oscilloscopes,Sales Outreach,"['Website_Product_Page', 'PathWave_Trial_Request', 'Whitepaper_Download_5G_Test', 'Oscilloscope_Selector_Tool', 'Customer']",1
L018656,Kenji Garcia,Infin_Tech,Electronics,LATAM,,Email Campaign,"['MQL', 'LinkedIn_Ad_Click', 'AutoSens_Tech_Talk', 'Customer']",1
L018657,Sarah Garcia,Samsu_Tech,Aerospace,Europe,,Sales Outreach,"['IMS_Badge_Scan', 'Whitepaper_Download_5G_Test', 'No_Conversion']",0
L018658,Kenji Chen,,,Europe,Automotive Ethernet,Website,['No_Conversion'],0
L018659,Priya Johnson,Meta Connectivity Labs,Automotive,Europe,,Website,['Customer'],1
L018660,,Infineon,Electronics,APAC,Automotive Ethernet,Website,"['Oscilloscope_Selector_Tool', 'Keysight_Workshop_RF_Testing', 'Application_Engineer_Call', 'Keysight_Workshop_RF_Testing', 'Lab_Integration_Discussion', 'Whitepaper_Download_5G_Test', 'AutoSens_Tech_Talk', 'Oscilloscope_Selector_Tool', 'LinkedIn_Ad_Click', 'Keysight_Workshop_RF_Testing', 'No_Conversion']",0
L018661,,Sony GmbH,Aerospace,,Automotive Ethernet,Webinar,"['Technical_Demo', 'SQL', 'SQL', 'SQL', 'No_Conversion']",0
L018662,Kenji Chen,Qualcomm GmbH,Telecom,LATAM,,Webinar,"['Oscilloscope_Selector_Tool', 'MQL', 'IMS_Badge_Scan', 'Oscilloscope_Selector_Tool', 'Whitepaper_Download_5G_Test', 'No_Conversion']",0
L018663,Priya Johnson,Samsung Electronics GmbH,,APAC,PathWave Software,Event,"['AutoSens_Tech_Talk', 'Oscilloscope_Selector_Tool', 'Customer']",1
L018664,Michael Ito,Meta Connectivity Labs GmbH,Electronics,Europe,,Webinar,['Customer'],1
L018665,Michael Garcia,Bosch_Tech,Aerospace,,5G Testbeds,Email Campaign,"['Keysight_Workshop_RF_Testing', 'Keysight_University_Course', 'Application_Engineer_Call', 'IMS_Badge_Scan', 'Customer']",1
L018666,Ahmed Khan,Qualc_Tech,Semiconductor,LATAM,,Email Campaign,"['SQL', 'Oscilloscope_Selector_Tool', 'LinkedIn_Ad_Click', 'DesignCon_Booth_Visit', 'Customer']",1
L018667,Ravi Tanaka,Broadcom GmbH,Semiconductor,North America,5G Testbeds,LinkedIn,"['Website_Product_Page', 'Whitepaper_Download_5G_Test', 'SQL', 'MQL', 'Keysight_Workshop_RF_Testing', 'Opportunity', 'Lab_Integration_Discussion', 'Application_Engineer_Call', 'PathWave_Trial_Request', 'Lab_Integration_Discussion', 'Customer']",1
L018668,Sofia Patel,Qualc_Tech,Automotive,,,Event,"['MQL', 'Website_Product_Page', 'Oscilloscope_Selector_Tool', 'Opportunity', 'No_Conversion']",0
L018669,Priya Anders,Broad_Tech,Telecom,APAC,Oscilloscopes,Webinar,['No_Conversion'],0
L018670,,Raytheon,Electronics,LATAM,PathWave Software,Sales Outreach,"['IMS_Badge_Scan', 'Lab_Integration_Discussion', 'Technical_Demo', 'PathWave_Trial_Request', 'Customer']",1
L018671,Ravi Singh,Qualc_Tech,Automotive,,,Email Campaign,"['IMS_Badge_Scan', 'Application_Engineer_Call', 'Application_Engineer_Call', 'Oscilloscope_Selector_Tool', 'Lab_Integration_Discussion', 'No_Conversion']",0
L018672,Michael Tanaka,,Automotive,,,Event,"['IMS_Badge_Scan', 'Oscilloscope_Selector_Tool', 'Customer']",1
L018673,Hiroshi Singh,,,LATAM,Automotive Ethernet,Website,['No_Conversion'],0
L018674,Kenji Khan,NXP Semiconductors,,,,Event,"['Opportunity', 'Customer']",1
L018675,,Tesla_Tech,Telecom,North America,Oscilloscopes,LinkedIn,"['IMS_Badge_Scan', 'Loaner_Unit_Evaluation', 'IMS_Badge_Scan', 'Lab_Integration_Discussion', 'LinkedIn_Ad_Click', 'Customer']",1
L018676,Sarah Martinez,Broad_Tech,Automotive,North America,,,"['LinkedIn_Ad_Click', 'Loaner_Unit_Evaluation', 'SQL', 'Oscilloscope_Selector_Tool', 'Whitepaper_Download_5G_Test', 'No_Conversion']",0
L018677,Maria Singh,Broadcom,Semiconductor,,5G Testbeds,Website,"['Keysight_University_Course', 'IMS_Badge_Scan', 'Keysight_Workshop_RF_Testing', 'Website_Product_Page', 'SQL', 'Lab_Integration_Discussion', 'Opportunity', 'Application_Engineer_Call', 'SQL', 'Opportunity', 'Customer']",1
L018678,,Infineon GmbH,Aerospace,LATAM,,LinkedIn,"['Oscilloscope_Selector_Tool', 'Application_Engineer_Call', 'Technical_Demo', 'No_Conversion']",0
L018679,Chen Khan,Tesla Energy,Semiconductor,LATAM,PathWave Software,Email Campaign,"['Website_Product_Page', 'Keysight_University_Course', 'Website_Product_Page', 'Keysight_Workshop_RF_Testing', 'Technical_Demo', 'Website_Product_Page', 'Whitepaper_Download_5G_Test', 'Customer']",1
L018680,Daniel Singh,Raytheon,Aerospace,North America,PathWave Software,Email Campaign,"['Website_Product_Page', 'Oscilloscope_Selector_Tool', 'Customer']",1
L018681,Hiroshi Anders,Infineon,Telecom,Europe,,Sales Outreach,"['PathWave_Trial_Request', 'Oscilloscope_Selector_Tool', 'Opportunity', 'DesignCon_Booth_Visit', 'Lab_Integration_Discussion', 'Customer']",1
L018682,Chen Garcia,MetaC_Tech,Telecom,North America,,Website,"['Lab_Integration_Discussion', 'MQL', 'Technical_Demo', 'Application_Engineer_Call', 'No_Conversion']",0
L018683,Michael Williams,,Aerospace,,,Sales Outreach,['Customer'],1
L018684,Ravi Williams,Bosch GmbH,,Europe,PathWave Software,,['Customer'],1
L018685,Chen Williams,,Semiconductor,,,Sales Outreach,"['Opportunity', 'Keysight_University_Course', 'Technical_Demo', 'Customer']",1
L018686,Maria Singh,Rayth_Tech,,Europe,,Event,"['Website_Product_Page', 'MQL', 'Technical_Demo', 'AutoSens_Tech_Talk', 'Opportunity', 'Technical_Demo', 'Customer']",1
L018687,Sofia Chen,Infin_Tech,Automotive,Europe,Automotive Ethernet,Event,"['Opportunity', 'DesignCon_Booth_Visit', 'Opportunity', 'Opportunity', 'DesignCon_Booth_Visit', 'Oscilloscope_Selector_Tool', 'Customer']",1
L018688,Ahmed Martinez,Samsu_Tech,Automotive,Europe,Automotive Ethernet,Sales Outreach,"['Whitepaper_Download_5G_Test', 'AutoSens_Tech_Talk', 'Lab_Integration_Discussion', 'MQL', 'Customer']",1
L018689,Chen Johnson,Meta Connectivity Labs GmbH,,LATAM,PathWave Software,,"['Lab_Integration_Discussion', 'DesignCon_Booth_Visit', 'Oscilloscope_Selector_Tool', 'SQL', 'Customer']",1
L018690,Kenji Lee,,Semiconductor,,PathWave Software,,"['Oscilloscope_Selector_Tool', 'DesignCon_Booth_Visit', 'Application_Engineer_Call', 'Keysight_Workshop_RF_Testing', 'MQL', 'Application_Engineer_Call', 'Website_Product_Page', 'IMS_Badge_Scan', 'No_Conversion']",0
L018691,Laura Singh,Rayth_Tech,,Europe,,Event,"['PathWave_Trial_Request', 'Opportunity', 'LinkedIn_Ad_Click', 'Keysight_Workshop_RF_Testing', 'Loaner_Unit_Evaluation', 'Technical_Demo', 'Technical_Demo', 'Application_Engineer_Call', 'SQL', 'Customer']",1
L018692,Hiroshi Lee,Raytheon,Automotive,Europe,Oscilloscopes,Website,"['Whitepaper_Download_5G_Test', 'PathWave_Trial_Request', 'Website_Product_Page', 'DesignCon_Booth_Visit', 'Technical_Demo', 'Website_Product_Page', 'DesignCon_Booth_Visit', 'Opportunity', 'No_Conversion']",0
L018693,Ravi Tanaka,Tesla_Tech,Automotive,Europe,5G Testbeds,Email Campaign,['Customer'],1
L018694,,Sony,Aerospace,,PathWave Software,Website,"['Technical_Demo', 'Keysight_University_Course', 'Oscilloscope_Selector_Tool', 'Technical_Demo', 'No_Conversion']",0
L018695,,Qualc_Tech,,Europe,PathWave Software,LinkedIn,"['LinkedIn_Ad_Click', 'SQL', 'Website_Product_Page', 'Loaner_Unit_Evaluation', 'Loaner_Unit_Evaluation', 'AutoSens_Tech_Talk', 'Technical_Demo', 'Technical_Demo', 'Customer']",1
L018696,Priya Tanaka,NXP Semiconductors GmbH,Aerospace,APAC,,,"['Whitepaper_Download_5G_Test', 'Whitepaper_Download_5G_Test', 'Keysight_University_Course', 'AutoSens_Tech_Talk', 'Oscilloscope_Selector_Tool', 'Whitepaper_Download_5G_Test', 'AutoSens_Tech_Talk', 'Lab_Integration_Discussion', 'Application_Engineer_Call', 'Customer']",1
L018697,Chen Williams,NXP Semiconductors,Telecom,,Oscilloscopes,Sales Outreach,"['Oscilloscope_Selector_Tool', 'Technical_Demo', 'Opportunity', 'PathWave_Trial_Request', 'IMS_Badge_Scan', 'No_Conversion']",0
L018698,Maria Singh,Qualc_Tech,Electronics,North America,,Webinar,"['DesignCon_Booth_Visit', 'PathWave_Trial_Request', 'PathWave_Trial_Request', 'Keysight_Workshop_RF_Testing', 'Lab_Integration_Discussion', 'Customer']",1
L018699,Kenji Martinez,,Semiconductor,LATAM,Oscilloscopes,,"['Oscilloscope_Selector_Tool', 'DesignCon_Booth_Visit', 'No_Conversion']",0
L018700,Ravi Khan,Tesla_Tech,,APAC,,Webinar,"['Application_Engineer_Call', 'DesignCon_Booth_Visit', 'PathWave_Trial_Request', 'DesignCon_Booth_Visit', 'DesignCon_Booth_Visit', 'PathWave_Trial_Request', 'IMS_Badge_Scan', 'Customer']",1
L018701,Sofia Anders,,Telecom,North America,,,['Customer'],1
L018702,Michael Johnson,Broad_Tech,Aerospace,APAC,Oscilloscopes,Event,"['AutoSens_Tech_Talk', 'LinkedIn_Ad_Click', 'AutoSens_Tech_Talk', 'Loaner_Unit_Evaluation', 'PathWave_Trial_Request', 'No_Conversion']",0
L018703,Ravi Anders,Bosch GmbH,,APAC,Oscilloscopes,LinkedIn,"['Lab_Integration_Discussion', 'Website_Product_Page', 'LinkedIn_Ad_Click', 'Application_Engineer_Call', 'Customer']",1
L018704,,Meta Connectivity Labs,Automotive,North America,Oscilloscopes,LinkedIn,"['IMS_Badge_Scan', 'Lab_Integration_Discussion', 'DesignCon_Booth_Visit', 'PathWave_Trial_Request', 'IMS_Badge_Scan', 'Customer']",1
L018705,Laura Tanaka,,,North America,5G Testbeds,,['Customer'],1
L018706,Ravi Singh,,Semiconductor,LATAM,,,"['Keysight_University_Course', 'AutoSens_Tech_Talk', 'PathWave_Trial_Request', 'Whitepaper_Download_5G_Test', 'Keysight_University_Course', 'Customer']",1
L018707,Maria Martinez,Broad_Tech,,North America,PathWave Software,LinkedIn,['Customer'],1
L018708,Michael Chen,NXP Semiconductors,,North America,PathWave Software,Sales Outreach,['Customer'],1
L018709,Michael Lee,,Aerospace,,5G Testbeds,Webinar,"['SQL', 'LinkedIn_Ad_Click', 'AutoSens_Tech_Talk', 'Opportunity', 'Keysight_University_Course', 'Website_Product_Page', 'Whitepaper_Download_5G_Test', 'Whitepaper_Download_5G_Test', 'Whitepaper_Download_5G_Test', 'Whitepaper_Download_5G_Test', 'No_Conversion']",0
L018710,Kenji Khan,Tesla_Tech,Telecom,North America,,LinkedIn,"['Keysight_University_Course', 'Oscilloscope_Selector_Tool', 'Website_Product_Page', 'No_Conversion']",0
L018711,Maria Singh,Broad_Tech,Electronics,North America,,Webinar,"['Opportunity', 'PathWave_Trial_Request', 'IMS_Badge_Scan', 'LinkedIn_Ad_Click', 'Customer']",1
L018712,Kenji Ito,Qualcomm,Automotive,,,Email Campaign,['No_Conversion'],0
L018713,Sarah Patel,Samsung Electronics GmbH,Automotive,North America,5G Testbeds,Webinar,"['Loaner_Unit_Evaluation', 'Website_Product_Page', 'Lab_Integration_Discussion', 'Customer']",1
L018714,Chen Martinez,,Semiconductor,,Oscilloscopes,Webinar,"['PathWave_Trial_Request', 'Opportunity', 'Application_Engineer_Call', 'Lab_Integration_Discussion', 'PathWave_Trial_Request', 'No_Conversion']",0
L018715,Sarah Patel,Rayth_Tech,Semiconductor,North America,Oscilloscopes,LinkedIn,"['Oscilloscope_Selector_Tool', 'Oscilloscope_Selector_Tool', 'Whitepaper_Download_5G_Test', 'Keysight_Workshop_RF_Testing', 'DesignCon_Booth_Visit', 'Whitepaper_Download_5G_Test', 'Lab_Integration_Discussion', 'Whitepaper_Download_5G_Test', 'Customer']",1
L018716,Daniel Khan,Tesla Energy,,Europe,5G Testbeds,Sales Outreach,"['Application_Engineer_Call', 'Customer']",1
L018717,Kenji Tanaka,,Automotive,APAC,,Email Campaign,"['LinkedIn_Ad_Click', 'Keysight_University_Course', 'Website_Product_Page', 'Whitepaper_Download_5G_Test', 'Technical_Demo', 'Oscilloscope_Selector_Tool', 'Keysight_Workshop_RF_Testing', 'Loaner_Unit_Evaluation', 'MQL', 'No_Conversion']",0
L018718,Laura Martinez,Qualc_Tech,,,5G Testbeds,Webinar,"['Keysight_University_Course', 'PathWave_Trial_Request', 'MQL', 'No_Conversion']",0
L018719,Kenji Garcia,Tesla Energy,Telecom,North America,Automotive Ethernet,,"['Keysight_University_Course', 'Keysight_University_Course', 'AutoSens_Tech_Talk', 'DesignCon_Booth_Visit', 'Loaner_Unit_Evaluation', 'MQL', 'PathWave_Trial_Request', 'MQL', 'Website_Product_Page', 'Opportunity', 'No_Conversion']",0
L018720,Ahmed Tanaka,Sony_Tech,Electronics,Europe,PathWave Software,Email Campaign,"['Website_Product_Page', 'Technical_Demo', 'DesignCon_Booth_Visit', 'DesignCon_Booth_Visit', 'MQL', 'No_Conversion']",0
L018721,Daniel Johnson,Raytheon GmbH,Telecom,APAC,Oscilloscopes,Event,"['IMS_Badge_Scan', 'No_Conversion']",0
L018722,Ahmed Patel,Broad_Tech,Electronics,,,LinkedIn,['No_Conversion'],0
L018723,Kenji Johnson,Bosch,Aerospace,North America,Oscilloscopes,LinkedIn,['Customer'],1
L018724,Maria Chen,NXP Semiconductors,,North America,Oscilloscopes,Event,"['Loaner_Unit_Evaluation', 'Whitepaper_Download_5G_Test', 'MQL', 'No_Conversion']",0
L018725,Sofia Williams,Infin_Tech,,LATAM,,Email Campaign,"['LinkedIn_Ad_Click', 'Oscilloscope_Selector_Tool', 'Technical_Demo', 'Keysight_Workshop_RF_Testing', 'AutoSens_Tech_Talk', 'Website_Product_Page', 'MQL', 'No_Conversion']",0
L018726,Kenji Ito,Sony,,LATAM,,,"['Website_Product_Page', 'IMS_Badge_Scan', 'LinkedIn_Ad_Click', 'Opportunity', 'No_Conversion']",0
L018727,Ahmed Singh,Qualc_Tech,,APAC,5G Testbeds,Event,"['Technical_Demo', 'DesignCon_Booth_Visit', 'Customer']",1
L018728,Michael Garcia,Tesla_Tech,Semiconductor,North America,,,"['PathWave_Trial_Request', 'IMS_Badge_Scan', 'Opportunity', 'Whitepaper_Download_5G_Test', 'Opportunity', 'Customer']",1
L018729,Hiroshi Martinez,,Semiconductor,LATAM,5G Testbeds,LinkedIn,"['MQL', 'Technical_Demo', 'AutoSens_Tech_Talk', 'Customer']",1
L018730,Michael Ito,Bosch_Tech,Aerospace,,5G Testbeds,Website,"['AutoSens_Tech_Talk', 'Loaner_Unit_Evaluation', 'DesignCon_Booth_Visit', 'PathWave_Trial_Request', 'Whitepaper_Download_5G_Test', 'Opportunity', 'No_Conversion']",0
L018731,,Qualcomm,Aerospace,North America,Oscilloscopes,Event,"['PathWave_Trial_Request', 'AutoSens_Tech_Talk', 'No_Conversion']",0
L018732,Ravi Johnson,Broadcom GmbH,,,,Website,"['PathWave_Trial_Request', 'Customer']",1
L018733,Michael Williams,Infineon GmbH,Telecom,,,Event,"['Whitepaper_Download_5G_Test', 'MQL', 'No_Conversion']",0
L018734,Maria Williams,Bosch GmbH,Aerospace,LATAM,,Website,['No_Conversion'],0
L018735,Priya Singh,Bosch,Telecom,North America,,,"['MQL', 'Lab_Integration_Discussion', 'DesignCon_Booth_Visit', 'Application_Engineer_Call', 'AutoSens_Tech_Talk', 'No_Conversion']",0
L018736,Michael Patel,,Semiconductor,,PathWave Software,Webinar,['No_Conversion'],0
L018737,Laura Ito,,Electronics,LATAM,,Sales Outreach,"['Application_Engineer_Call', 'Keysight_Workshop_RF_Testing', 'IMS_Badge_Scan', 'Customer']",1
L018738,Michael Garcia,Sony,,Europe,5G Testbeds,Website,"['Loaner_Unit_Evaluation', 'PathWave_Trial_Request', 'PathWave_Trial_Request', 'Oscilloscope_Selector_Tool', 'MQL', 'AutoSens_Tech_Talk', 'Application_Engineer_Call', 'Application_Engineer_Call', 'No_Conversion']",0
L018739,,Rayth_Tech,Aerospace,APAC,,Webinar,"['AutoSens_Tech_Talk', 'Whitepaper_Download_5G_Test', 'Whitepaper_Download_5G_Test', 'No_Conversion']",0
L018740,Ahmed Anders,Qualc_Tech,,Europe,Oscilloscopes,,"['Oscilloscope_Selector_Tool', 'AutoSens_Tech_Talk', 'Opportunity', 'Whitepaper_Download_5G_Test', 'No_Conversion']",0
L018741,Sofia Patel,Broadcom,Automotive,APAC,5G Testbeds,,"['PathWave_Trial_Request', 'SQL', 'Oscilloscope_Selector_Tool', 'MQL', 'AutoSens_Tech_Talk', 'Oscilloscope_Selector_Tool', 'No_Conversion']",0
L018742,Sofia Johnson,Broadcom GmbH,,North America,,LinkedIn,"['Loaner_Unit_Evaluation', 'AutoSens_Tech_Talk', 'Keysight_University_Course', 'Lab_Integration_Discussion', 'LinkedIn_Ad_Click', 'Customer']",1
L018743,Sarah Khan,Infineon,Automotive,,,Website,"['Website_Product_Page', 'Technical_Demo', 'MQL', 'Lab_Integration_Discussion', 'Lab_Integration_Discussion', 'Whitepaper_Download_5G_Test', 'DesignCon_Booth_Visit', 'Customer']",1
L018744,Michael Patel,Tesla_Tech,Telecom,,,Event,"['Keysight_University_Course', 'PathWave_Trial_Request', 'Technical_Demo', 'Lab_Integration_Discussion', 'No_Conversion']",0
L018745,Chen Khan,Tesla Energy,,APAC,Automotive Ethernet,Event,['Customer'],1
L018746,Ahmed Tanaka,Infineon,Aerospace,Europe,Automotive Ethernet,Webinar,"['AutoSens_Tech_Talk', 'Opportunity', 'Lab_Integration_Discussion', 'DesignCon_Booth_Visit', 'Website_Product_Page', 'DesignCon_Booth_Visit', 'Website_Product_Page', 'Technical_Demo', 'Whitepaper_Download_5G_Test', 'PathWave_Trial_Request', 'No_Conversion']",0
L018747,Michael Ito,Infin_Tech,Semiconductor,,Automotive Ethernet,Webinar,"['IMS_Badge_Scan', 'Customer']",1
L018748,Laura Anders,MetaC_Tech,Electronics,APAC,Oscilloscopes,Website,"['DesignCon_Booth_Visit', 'Opportunity', 'Whitepaper_Download_5G_Test', 'DesignCon_Booth_Visit', 'Technical_Demo', 'Opportunity', 'LinkedIn_Ad_Click', 'Keysight_Workshop_RF_Testing', 'No_Conversion']",0
L018749,Ravi Martinez,Bosch,Electronics,LATAM,,Website,"['Technical_Demo', 'Technical_Demo', 'Website_Product_Page', 'Application_Engineer_Call', 'LinkedIn_Ad_Click', 'Customer']",1
L018750,Sarah Williams,,,,,Event,"['Oscilloscope_Selector_Tool', 'Loaner_Unit_Evaluation', 'MQL', 'Lab_Integration_Discussion', 'MQL', 'Opportunity', 'No_Conversion']",0
L018751,,Samsu_Tech,Telecom,LATAM,Oscilloscopes,Webinar,"['Loaner_Unit_Evaluation', 'Loaner_Unit_Evaluation', 'No_Conversion']",0
L018752,Priya Martinez,Qualcomm GmbH,,,Oscilloscopes,Event,"['Whitepaper_Download_5G_Test', 'Whitepaper_Download_5G_Test', 'Keysight_Workshop_RF_Testing', 'Whitepaper_Download_5G_Test', 'Application_Engineer_Call', 'DesignCon_Booth_Visit', 'Loaner_Unit_Evaluation', 'Technical_Demo', 'IMS_Badge_Scan', 'MQL', 'No_Conversion']",0
L018753,Sarah Tanaka,Samsung Electronics,,Europe,,,"['DesignCon_Booth_Visit', 'PathWave_Trial_Request', 'Customer']",1
L018754,Sarah Chen,,,LATAM,,LinkedIn,"['IMS_Badge_Scan', 'LinkedIn_Ad_Click', 'IMS_Badge_Scan', 'MQL', 'DesignCon_Booth_Visit', 'IMS_Badge_Scan', 'PathWave_Trial_Request', 'Customer']",1
L018755,Chen Anders,Qualcomm,Electronics,North America,Automotive Ethernet,Event,"['Lab_Integration_Discussion', 'LinkedIn_Ad_Click', 'Whitepaper_Download_5G_Test', 'IMS_Badge_Scan', 'Customer']",1
L018756,Priya Tanaka,Rayth_Tech,Semiconductor,LATAM,,Event,"['Lab_Integration_Discussion', 'DesignCon_Booth_Visit', 'MQL', 'Technical_Demo', 'Website_Product_Page', 'PathWave_Trial_Request', 'Application_Engineer_Call', 'Whitepaper_Download_5G_Test', 'No_Conversion']",0
L018757,Laura Anders,Sony_Tech,,Europe,,LinkedIn,"['AutoSens_Tech_Talk', 'No_Conversion']",0
L018758,Kenji Garcia,Qualc_Tech,Semiconductor,North America,,Website,"['LinkedIn_Ad_Click', 'Application_Engineer_Call', 'Application_Engineer_Call', 'AutoSens_Tech_Talk', 'IMS_Badge_Scan', 'No_Conversion']",0
L018759,,NXP Semiconductors,Semiconductor,North America,Automotive Ethernet,Sales Outreach,"['Website_Product_Page', 'Customer']",1
L018760,Sofia Khan,Infineon GmbH,,,,Website,"['AutoSens_Tech_Talk', 'SQL', 'Website_Product_Page', 'DesignCon_Booth_Visit', 'Keysight_University_Course', 'Loaner_Unit_Evaluation', 'No_Conversion']",0
L018761,Chen Lee,Qualcomm GmbH,Automotive,North America,PathWave Software,Sales Outreach,"['MQL', 'Keysight_University_Course', 'LinkedIn_Ad_Click', 'Keysight_Workshop_RF_Testing', 'SQL', 'IMS_Badge_Scan', 'Application_Engineer_Call', 'Technical_Demo', 'Keysight_Workshop_RF_Testing', 'Customer']",1
L018762,Sofia Ito,,Aerospace,LATAM,,Sales Outreach,['Customer'],1
L018763,Michael Patel,NXP Semiconductors GmbH,,North America,5G Testbeds,Website,"['Whitepaper_Download_5G_Test', 'Whitepaper_Download_5G_Test', 'PathWave_Trial_Request', 'DesignCon_Booth_Visit', 'Opportunity', 'Whitepaper_Download_5G_Test', 'MQL', 'Lab_Integration_Discussion', 'No_Conversion']",0
L018764,Ahmed Martinez,Meta Connectivity Labs,Aerospace,,5G Testbeds,,"['Opportunity', 'SQL', 'Website_Product_Page', 'Application_Engineer_Call', 'Keysight_University_Course', 'Customer']",1
L018765,Hiroshi Khan,,Aerospace,Europe,,LinkedIn,"['MQL', 'Application_Engineer_Call', 'Application_Engineer_Call', 'Keysight_University_Course', 'PathWave_Trial_Request', 'Lab_Integration_Discussion', 'Lab_Integration_Discussion', 'Opportunity', 'Customer']",1
L018766,Daniel Chen,NXP Semiconductors,Telecom,APAC,5G Testbeds,,"['Keysight_University_Course', 'Customer']",1
L018767,Maria Garcia,NXP Semiconductors,,APAC,Automotive Ethernet,Email Campaign,"['SQL', 'AutoSens_Tech_Talk', 'No_Conversion']",0
L018768,Maria Khan,Samsung Electronics,,,Oscilloscopes,Webinar,"['Application_Engineer_Call', 'No_Conversion']",0
L018769,Kenji Ito,Infineon,Aerospace,,PathWave Software,Email Campaign,"['Application_Engineer_Call', 'Whitepaper_Download_5G_Test', 'LinkedIn_Ad_Click', 'DesignCon_Booth_Visit', 'LinkedIn_Ad_Click', 'Technical_Demo', 'Lab_Integration_Discussion', 'No_Conversion']",0
L018770,Michael Singh,Rayth_Tech,,Europe,,Event,"['Lab_Integration_Discussion', 'Website_Product_Page', 'IMS_Badge_Scan', 'DesignCon_Booth_Visit', 'Technical_Demo', 'Whitepaper_Download_5G_Test', 'Customer']",1
L018771,Michael Singh,Tesla Energy GmbH,,Europe,,Website,"['Oscilloscope_Selector_Tool', 'No_Conversion']",0
L018772,Sarah Garcia,Samsu_Tech,Electronics,Europe,Oscilloscopes,Webinar,"['Keysight_Workshop_RF_Testing', 'AutoSens_Tech_Talk', 'Application_Engineer_Call', 'Loaner_Unit_Evaluation', 'PathWave_Trial_Request', 'Opportunity', 'Oscilloscope_Selector_Tool', 'Application_Engineer_Call', 'Application_Engineer_Call', 'MQL', 'Customer']",1
L018773,Chen Khan,,Automotive,,5G Testbeds,,"['IMS_Badge_Scan', 'LinkedIn_Ad_Click', 'DesignCon_Booth_Visit', 'Keysight_University_Course', 'LinkedIn_Ad_Click', 'MQL', 'MQL', 'AutoSens_Tech_Talk', 'No_Conversion']",0
L018774,Ravi Singh,Bosch_Tech,Telecom,LATAM,PathWave Software,Sales Outreach,"['DesignCon_Booth_Visit', 'Customer']",1
L018775,Daniel Ito,Infineon,Automotive,LATAM,,,"['DesignCon_Booth_Visit', 'SQL', 'Website_Product_Page', 'Whitepaper_Download_5G_Test', 'PathWave_Trial_Request', 'Whitepaper_Download_5G_Test', 'No_Conversion']",0
L018776,Kenji Khan,Tesla Energy GmbH,Electronics,Europe,Oscilloscopes,Website,['Customer'],1
L018777,Sarah Williams,Bosch_Tech,Telecom,LATAM,Oscilloscopes,Webinar,"['Oscilloscope_Selector_Tool', 'Keysight_University_Course', 'SQL', 'PathWave_Trial_Request', 'Customer']",1
L018778,,NXP Semiconductors,,Europe,,Website,"['Opportunity', 'Lab_Integration_Discussion', 'IMS_Badge_Scan', 'Oscilloscope_Selector_Tool', 'Customer']",1
L018779,Laura Patel,,,Europe,,Webinar,"['Keysight_University_Course', 'MQL', 'Lab_Integration_Discussion', 'DesignCon_Booth_Visit', 'PathWave_Trial_Request', 'Application_Engineer_Call', 'Website_Product_Page', 'MQL', 'Customer']",1
L018780,Sofia Ito,Raytheon GmbH,Telecom,APAC,5G Testbeds,Email Campaign,['Customer'],1
L018781,Laura Singh,Sony GmbH,Automotive,LATAM,5G Testbeds,,"['Oscilloscope_Selector_Tool', 'Keysight_Workshop_RF_Testing', 'Technical_Demo', 'LinkedIn_Ad_Click', 'Website_Product_Page', 'SQL', 'Keysight_University_Course', 'No_Conversion']",0
L018782,Maria Garcia,,Aerospace,North America,,LinkedIn,"['DesignCon_Booth_Visit', 'Opportunity', 'Opportunity', 'No_Conversion']",0
L018783,Sofia Lee,MetaC_Tech,Telecom,North America,,Website,['No_Conversion'],0
L018784,Hiroshi Lee,Bosch_Tech,,Europe,,Email Campaign,"['SQL', 'Keysight_Workshop_RF_Testing', 'DesignCon_Booth_Visit', 'Oscilloscope_Selector_Tool', 'Customer']",1
L018785,Kenji Martinez,Infin_Tech,Aerospace,Europe,Oscilloscopes,LinkedIn,"['PathWave_Trial_Request', 'DesignCon_Booth_Visit', 'Keysight_University_Course', 'Customer']",1
L018786,Hiroshi Williams,,Aerospace,,5G Testbeds,Event,"['PathWave_Trial_Request', 'Oscilloscope_Selector_Tool', 'DesignCon_Booth_Visit', 'Whitepaper_Download_5G_Test', 'Whitepaper_Download_5G_Test', 'Technical_Demo', 'LinkedIn_Ad_Click', 'SQL', 'Customer']",1
L018787,Daniel Garcia,Raytheon,Electronics,LATAM,5G Testbeds,Webinar,"['Oscilloscope_Selector_Tool', 'LinkedIn_Ad_Click', 'SQL', 'Technical_Demo', 'No_Conversion']",0
L018788,Sarah Garcia,NXP Semiconductors GmbH,Automotive,APAC,Oscilloscopes,Webinar,"['Application_Engineer_Call', 'Whitepaper_Download_5G_Test', 'No_Conversion']",0
L018789,Sofia Anders,Broad_Tech,Aerospace,,5G Testbeds,Sales Outreach,"['Loaner_Unit_Evaluation', 'SQL', 'SQL', 'No_Conversion']",0
L018790,Hiroshi Martinez,NXP Semiconductors GmbH,Telecom,Europe,Oscilloscopes,Website,"['DesignCon_Booth_Visit', 'MQL', 'Lab_Integration_Discussion', 'Oscilloscope_Selector_Tool', 'Opportunity', 'Loaner_Unit_Evaluation', 'Technical_Demo', 'Customer']",1
L018791,Maria Singh,Broadcom,Automotive,LATAM,Automotive Ethernet,Event,"['LinkedIn_Ad_Click', 'Loaner_Unit_Evaluation', 'AutoSens_Tech_Talk', 'LinkedIn_Ad_Click', 'Keysight_Workshop_RF_Testing', 'Website_Product_Page', 'Keysight_University_Course', 'AutoSens_Tech_Talk', 'PathWave_Trial_Request', 'Customer']",1
L018792,Sofia Singh,Raytheon,Semiconductor,LATAM,,Webinar,"['Keysight_Workshop_RF_Testing', 'Opportunity', 'PathWave_Trial_Request', 'Customer']",1
L018793,Michael Williams,Bosch GmbH,,,,Webinar,"['IMS_Badge_Scan', 'Website_Product_Page', 'Whitepaper_Download_5G_Test', 'MQL', 'Customer']",1
L018794,Maria Johnson,NXPSe_Tech,,North America,Oscilloscopes,Webinar,"['LinkedIn_Ad_Click', 'Loaner_Unit_Evaluation', 'Keysight_University_Course', 'IMS_Badge_Scan', 'MQL', 'Oscilloscope_Selector_Tool', 'PathWave_Trial_Request', 'Lab_Integration_Discussion', 'DesignCon_Booth_Visit', 'No_Conversion']",0
L018795,Michael Anders,Bosch GmbH,Semiconductor,North America,Oscilloscopes,LinkedIn,"['SQL', 'DesignCon_Booth_Visit', 'PathWave_Trial_Request', 'Keysight_University_Course', 'Loaner_Unit_Evaluation', 'No_Conversion']",0
L018796,Priya Singh,Sony_Tech,Electronics,LATAM,Automotive Ethernet,Sales Outreach,"['Website_Product_Page', 'Technical_Demo', 'SQL', 'Opportunity', 'No_Conversion']",0
L018797,Kenji Lee,Samsung Electronics,Telecom,Europe,Oscilloscopes,Sales Outreach,"['Keysight_Workshop_RF_Testing', 'No_Conversion']",0
L018798,,Samsung Electronics,Semiconductor,North America,,Event,['No_Conversion'],0
L018799,Chen Tanaka,Sony,Electronics,,Automotive Ethernet,,"['Oscilloscope_Selector_Tool', 'IMS_Badge_Scan', 'Keysight_University_Course', 'No_Conversion']",0
L018800,Hiroshi Williams,Raytheon GmbH,,,,Sales Outreach,"['Application_Engineer_Call', 'LinkedIn_Ad_Click', 'Whitepaper_Download_5G_Test', 'SQL', 'Application_Engineer_Call', 'Opportunity', 'AutoSens_Tech_Talk', 'No_Conversion']",0
L018801,Laura Tanaka,,Automotive,,,,"['Application_Engineer_Call', 'AutoSens_Tech_Talk', 'Customer']",1
L018802,,Samsung Electronics,Automotive,LATAM,,,"['AutoSens_Tech_Talk', 'MQL', 'Loaner_Unit_Evaluation', 'LinkedIn_Ad_Click', 'Website_Product_Page', 'LinkedIn_Ad_Click', 'DesignCon_Booth_Visit', 'Opportunity', 'Customer']",1
L018803,Maria Lee,,,Europe,,Email Campaign,"['Keysight_Workshop_RF_Testing', 'IMS_Badge_Scan', 'PathWave_Trial_Request', 'Opportunity', 'Opportunity', 'Application_Engineer_Call', 'No_Conversion']",0
L018804,Sarah Chen,Bosch_Tech,,APAC,PathWave Software,Event,['Customer'],1
L018805,Sarah Ito,Tesla Energy GmbH,Semiconductor,LATAM,PathWave Software,Event,"['IMS_Badge_Scan', 'Lab_Integration_Discussion', 'Loaner_Unit_Evaluation', 'IMS_Badge_Scan', 'Customer']",1
L018806,Kenji Ito,Broadcom,Electronics,,Automotive Ethernet,Email Campaign,"['PathWave_Trial_Request', 'LinkedIn_Ad_Click', 'Lab_Integration_Discussion', 'PathWave_Trial_Request', 'Keysight_Workshop_RF_Testing', 'Customer']",1
L018807,Daniel Ito,Tesla Energy,Automotive,,,Event,['Customer'],1
L018808,,Sony GmbH,Telecom,APAC,Automotive Ethernet,Webinar,"['IMS_Badge_Scan', 'Application_Engineer_Call', 'MQL', 'Whitepaper_Download_5G_Test', 'LinkedIn_Ad_Click', 'Customer']",1
L018809,Kenji Williams,Bosch GmbH,Semiconductor,LATAM,5G Testbeds,,"['Keysight_University_Course', 'DesignCon_Booth_Visit', 'Customer']",1
L018810,Chen Williams,,,,,LinkedIn,['Customer'],1
L018811,Hiroshi Patel,Bosch,Electronics,,5G Testbeds,Event,"['Keysight_Workshop_RF_Testing', 'MQL', 'Website_Product_Page', 'Keysight_University_Course', 'PathWave_Trial_Request', 'No_Conversion']",0
L018812,Priya Johnson,,,,Automotive Ethernet,,"['Loaner_Unit_Evaluation', 'Loaner_Unit_Evaluation', 'Technical_Demo', 'Technical_Demo', 'PathWave_Trial_Request', 'Keysight_Workshop_RF_Testing', 'Technical_Demo', 'Lab_Integration_Discussion', 'Customer']",1
L018813,Daniel Chen,Broadcom GmbH,Telecom,Europe,Oscilloscopes,,"['Keysight_University_Course', 'Keysight_Workshop_RF_Testing', 'Whitepaper_Download_5G_Test', 'PathWave_Trial_Request', 'Lab_Integration_Discussion', 'Application_Engineer_Call', 'Customer']",1
L018814,Maria Tanaka,Rayth_Tech,Semiconductor,Europe,,Email Campaign,"['Website_Product_Page', 'SQL', 'Customer']",1
L018815,Hiroshi Martinez,Qualcomm GmbH,Electronics,APAC,5G Testbeds,Webinar,"['Lab_Integration_Discussion', 'AutoSens_Tech_Talk', 'Oscilloscope_Selector_Tool', 'LinkedIn_Ad_Click', 'IMS_Badge_Scan', 'Customer']",1
L018816,Daniel Khan,Qualc_Tech,Telecom,LATAM,,Email Campaign,"['Website_Product_Page', 'Website_Product_Page', 'Oscilloscope_Selector_Tool', 'Customer']",1
L018817,Priya Patel,,Telecom,APAC,,Event,"['PathWave_Trial_Request', 'Loaner_Unit_Evaluation', 'No_Conversion']",0
L018818,Michael Tanaka,Sony,Aerospace,North America,PathWave Software,Sales Outreach,"['PathWave_Trial_Request', 'LinkedIn_Ad_Click', 'Lab_Integration_Discussion', 'MQL', 'AutoSens_Tech_Talk', 'Customer']",1
L018819,Ahmed Ito,NXP Semiconductors GmbH,Automotive,Europe,,Sales Outreach,"['IMS_Badge_Scan', 'Keysight_University_Course', 'No_Conversion']",0
L018820,Michael Garcia,Bosch,Automotive,North America,Oscilloscopes,Event,['No_Conversion'],0
L018821,Priya Lee,Rayth_Tech,Automotive,,PathWave Software,Event,"['Keysight_Workshop_RF_Testing', 'Application_Engineer_Call', 'AutoSens_Tech_Talk', 'IMS_Badge_Scan', 'Lab_Integration_Discussion', 'Customer']",1
L018822,Priya Williams,Broadcom GmbH,Aerospace,,Oscilloscopes,Sales Outreach,"['Keysight_Workshop_RF_Testing', 'LinkedIn_Ad_Click', 'LinkedIn_Ad_Click', 'Website_Product_Page', 'Customer']",1
L018823,Kenji Garcia,Sony_Tech,Automotive,Europe,Oscilloscopes,Webinar,"['IMS_Badge_Scan', 'Technical_Demo', 'DesignCon_Booth_Visit', 'Lab_Integration_Discussion', 'MQL', 'Technical_Demo', 'Customer']",1
L018824,Chen Johnson,Tesla Energy GmbH,Automotive,Europe,,Webinar,"['AutoSens_Tech_Talk', 'Technical_Demo', 'MQL', 'Application_Engineer_Call', 'LinkedIn_Ad_Click', 'Keysight_Workshop_RF_Testing', 'PathWave_Trial_Request', 'No_Conversion']",0
L018825,Chen Martinez,Broadcom,Telecom,LATAM,,LinkedIn,"['IMS_Badge_Scan', 'Lab_Integration_Discussion', 'Keysight_Workshop_RF_Testing', 'Keysight_Workshop_RF_Testing', 'MQL', 'MQL', 'No_Conversion']",0
L018826,Ahmed Johnson,,Aerospace,LATAM,Oscilloscopes,Email Campaign,"['DesignCon_Booth_Visit', 'Opportunity', 'Keysight_Workshop_RF_Testing', 'AutoSens_Tech_Talk', 'AutoSens_Tech_Talk', 'Keysight_University_Course', 'Opportunity', 'Technical_Demo', 'DesignCon_Booth_Visit', 'MQL', 'No_Conversion']",0
L018827,Priya Williams,,Electronics,LATAM,PathWave Software,LinkedIn,"['Application_Engineer_Call', 'PathWave_Trial_Request', 'Whitepaper_Download_5G_Test', 'Keysight_Workshop_RF_Testing', 'Opportunity', 'IMS_Badge_Scan', 'Customer']",1
L018828,Ravi Patel,,Aerospace,Europe,PathWave Software,,"['Opportunity', 'Application_Engineer_Call', 'Website_Product_Page', 'Oscilloscope_Selector_Tool', 'No_Conversion']",0
L018829,Sofia Tanaka,Bosch_Tech,,LATAM,,Sales Outreach,"['LinkedIn_Ad_Click', 'Oscilloscope_Selector_Tool', 'DesignCon_Booth_Visit', 'Website_Product_Page', 'DesignCon_Booth_Visit', 'Technical_Demo', 'Customer']",1
L018830,Maria Johnson,Meta Connectivity Labs GmbH,,Europe,Oscilloscopes,Email Campaign,"['Oscilloscope_Selector_Tool', 'PathWave_Trial_Request', 'Customer']",1
L018831,Chen Tanaka,,Telecom,Europe,5G Testbeds,Website,"['Opportunity', 'Opportunity', 'SQL', 'LinkedIn_Ad_Click', 'PathWave_Trial_Request', 'Application_Engineer_Call', 'IMS_Badge_Scan', 'DesignCon_Booth_Visit', 'Lab_Integration_Discussion', 'No_Conversion']",0
L018832,Laura Lee,NXP Semiconductors,Aerospace,APAC,Automotive Ethernet,,"['Website_Product_Page', 'Application_Engineer_Call', 'MQL', 'No_Conversion']",0
L018833,Laura Chen,,Automotive,LATAM,PathWave Software,Webinar,"['Lab_Integration_Discussion', 'No_Conversion']",0
L018834,Sofia Ito,NXP Semiconductors GmbH,,LATAM,5G Testbeds,,"['Loaner_Unit_Evaluation', 'PathWave_Trial_Request', 'Whitepaper_Download_5G_Test', 'Customer']",1
L018835,Priya Chen,Rayth_Tech,,,PathWave Software,Webinar,"['DesignCon_Booth_Visit', 'Technical_Demo', 'No_Conversion']",0
L018836,Daniel Chen,Broad_Tech,Aerospace,,5G Testbeds,LinkedIn,"['Technical_Demo', 'Keysight_University_Course', 'DesignCon_Booth_Visit', 'No_Conversion']",0
L018837,Hiroshi Chen,Sony,Electronics,,Oscilloscopes,LinkedIn,"['Opportunity', 'Lab_Integration_Discussion', 'Application_Engineer_Call', 'Customer']",1
L018838,Chen Patel,Sony_Tech,Semiconductor,,Oscilloscopes,Website,"['Application_Engineer_Call', 'Lab_Integration_Discussion', 'IMS_Badge_Scan', 'Technical_Demo', 'Oscilloscope_Selector_Tool', 'Lab_Integration_Discussion', 'IMS_Badge_Scan', 'DesignCon_Booth_Visit', 'No_Conversion']",0
L018839,Michael Patel,Infineon GmbH,,Europe,,Webinar,"['Whitepaper_Download_5G_Test', 'PathWave_Trial_Request', 'Opportunity', 'SQL', 'Keysight_Workshop_RF_Testing', 'Technical_Demo', 'No_Conversion']",0
L018840,Michael Tanaka,Sony_Tech,,LATAM,Automotive Ethernet,LinkedIn,"['SQL', 'MQL', 'Application_Engineer_Call', 'Customer']",1
L018841,Laura Garcia,Meta Connectivity Labs GmbH,Semiconductor,APAC,,Website,"['Keysight_University_Course', 'No_Conversion']",0
L018842,Ahmed Patel,Meta Connectivity Labs GmbH,,North America,,Sales Outreach,"['Opportunity', 'AutoSens_Tech_Talk', 'Website_Product_Page', 'SQL', 'Keysight_University_Course', 'MQL', 'AutoSens_Tech_Talk', 'Customer']",1
L018843,Ahmed Martinez,,Semiconductor,LATAM,5G Testbeds,LinkedIn,"['Keysight_University_Course', 'LinkedIn_Ad_Click', 'DesignCon_Booth_Visit', 'IMS_Badge_Scan', 'Website_Product_Page', 'Customer']",1
L018844,Laura Chen,Broadcom GmbH,Automotive,,5G Testbeds,,"['AutoSens_Tech_Talk', 'MQL', 'MQL', 'Customer']",1
L018845,,Infin_Tech,Electronics,APAC,Automotive Ethernet,Sales Outreach,"['Keysight_Workshop_RF_Testing', 'DesignCon_Booth_Visit', 'Loaner_Unit_Evaluation', 'SQL', 'LinkedIn_Ad_Click', 'Keysight_Workshop_RF_Testing', 'Customer']",1
L018846,Sofia Johnson,,Telecom,APAC,,Website,"['Whitepaper_Download_5G_Test', 'AutoSens_Tech_Talk', 'Whitepaper_Download_5G_Test', 'Oscilloscope_Selector_Tool', 'Application_Engineer_Call', 'Application_Engineer_Call', 'Opportunity', 'Lab_Integration_Discussion', 'Oscilloscope_Selector_Tool', 'Customer']",1
L018847,Sofia Tanaka,Infin_Tech,Semiconductor,North America,5G Testbeds,,"['Whitepaper_Download_5G_Test', 'Loaner_Unit_Evaluation', 'Lab_Integration_Discussion', 'Application_Engineer_Call', 'LinkedIn_Ad_Click', 'MQL', 'DesignCon_Booth_Visit', 'SQL', 'Customer']",1
L018848,Ravi Lee,Broadcom,Telecom,APAC,5G Testbeds,Event,"['LinkedIn_Ad_Click', 'MQL', 'Application_Engineer_Call', 'No_Conversion']",0
L018849,Sofia Garcia,Tesla Energy,Telecom,LATAM,,Website,"['IMS_Badge_Scan', 'Whitepaper_Download_5G_Test', 'Oscilloscope_Selector_Tool', 'Keysight_University_Course', 'IMS_Badge_Scan', 'Application_Engineer_Call', 'DesignCon_Booth_Visit', 'No_Conversion']",0
L018850,Kenji Tanaka,Sony,Telecom,APAC,,,"['Loaner_Unit_Evaluation', 'Keysight_Workshop_RF_Testing', 'LinkedIn_Ad_Click', 'No_Conversion']",0
L018851,Laura Williams,Broadcom,,Europe,Automotive Ethernet,Event,"['Technical_Demo', 'Loaner_Unit_Evaluation', 'Whitepaper_Download_5G_Test', 'DesignCon_Booth_Visit', 'Technical_Demo', 'MQL', 'Loaner_Unit_Evaluation', 'No_Conversion']",0
L018852,Maria Singh,,Aerospace,APAC,Oscilloscopes,Sales Outreach,"['Opportunity', 'Lab_Integration_Discussion', 'Keysight_University_Course', 'Loaner_Unit_Evaluation', 'Opportunity', 'Customer']",1
L018853,Priya Ito,Infineon,,,,Email Campaign,"['Loaner_Unit_Evaluation', 'Website_Product_Page', 'Website_Product_Page', 'DesignCon_Booth_Visit', 'Technical_Demo', 'Lab_Integration_Discussion', 'Application_Engineer_Call', 'Customer']",1
L018854,Laura Martinez,Rayth_Tech,Semiconductor,North America,Automotive Ethernet,Webinar,"['Oscilloscope_Selector_Tool', 'Keysight_University_Course', 'Application_Engineer_Call', 'Lab_Integration_Discussion', 'Keysight_University_Course', 'No_Conversion']",0
L018855,Ahmed Ito,Bosch GmbH,Aerospace,APAC,PathWave Software,Sales Outreach,"['SQL', 'LinkedIn_Ad_Click', 'Technical_Demo', 'Application_Engineer_Call', 'IMS_Badge_Scan', 'Technical_Demo', 'Website_Product_Page', 'No_Conversion']",0
L018856,Ravi Johnson,,Automotive,APAC,,Webinar,"['Technical_Demo', 'LinkedIn_Ad_Click', 'AutoSens_Tech_Talk', 'MQL', 'IMS_Badge_Scan', 'SQL', 'DesignCon_Booth_Visit', 'AutoSens_Tech_Talk', 'Application_Engineer_Call', 'LinkedIn_Ad_Click', 'Customer']",1
L018857,,NXP Semiconductors,,North America,,,"['Oscilloscope_Selector_Tool', 'Website_Product_Page', 'DesignCon_Booth_Visit', 'IMS_Badge_Scan', 'Technical_Demo', 'Keysight_University_Course', 'No_Conversion']",0
L018858,Maria Williams,Infineon GmbH,,APAC,5G Testbeds,Event,"['Loaner_Unit_Evaluation', 'Opportunity', 'PathWave_Trial_Request', 'Customer']",1
L018859,Michael Anders,Infineon GmbH,,Europe,,Website,"['Opportunity', 'Customer']",1
L018860,Kenji Anders,Broadcom GmbH,Telecom,Europe,PathWave Software,LinkedIn,"['Opportunity', 'Keysight_University_Course', 'Technical_Demo', 'Application_Engineer_Call', 'Lab_Integration_Discussion', 'Loaner_Unit_Evaluation', 'Application_Engineer_Call', 'PathWave_Trial_Request', 'Opportunity', 'Opportunity', 'No_Conversion']",0
L018861,Ahmed Garcia,,Semiconductor,North America,,Email Campaign,"['Lab_Integration_Discussion', 'Keysight_University_Course', 'LinkedIn_Ad_Click', 'Customer']",1
L018862,Hiroshi Lee,Broad_Tech,Electronics,APAC,,LinkedIn,"['Technical_Demo', 'Website_Product_Page', 'Website_Product_Page', 'DesignCon_Booth_Visit', 'Customer']",1
L018863,Laura Ito,Raytheon,,Europe,,,"['Lab_Integration_Discussion', 'Loaner_Unit_Evaluation', 'DesignCon_Booth_Visit', 'LinkedIn_Ad_Click', 'Customer']",1
L018864,Ravi Garcia,Bosch GmbH,,LATAM,Oscilloscopes,Event,"['Application_Engineer_Call', 'Website_Product_Page', 'IMS_Badge_Scan', 'Customer']",1
L018865,Michael Martinez,Sony GmbH,Automotive,,Automotive Ethernet,Website,"['Website_Product_Page', 'LinkedIn_Ad_Click', 'LinkedIn_Ad_Click', 'Keysight_University_Course', 'IMS_Badge_Scan', 'Technical_Demo', 'No_Conversion']",0
L018866,Sofia Garcia,,,APAC,,Webinar,"['Website_Product_Page', 'Whitepaper_Download_5G_Test', 'Opportunity', 'IMS_Badge_Scan', 'AutoSens_Tech_Talk', 'Website_Product_Page', 'LinkedIn_Ad_Click', 'Whitepaper_Download_5G_Test', 'No_Conversion']",0
L018867,Hiroshi Lee,,Telecom,Europe,5G Testbeds,Website,"['IMS_Badge_Scan', 'Lab_Integration_Discussion', 'Keysight_University_Course', 'Opportunity', 'Website_Product_Page', 'Oscilloscope_Selector_Tool', 'Opportunity', 'No_Conversion']",0
L018868,Ravi Patel,Broadcom,Aerospace,,Oscilloscopes,Event,"['DesignCon_Booth_Visit', 'Application_Engineer_Call', 'SQL', 'No_Conversion']",0
L018869,Michael Williams,Broad_Tech,,LATAM,Automotive Ethernet,Email Campaign,"['Loaner_Unit_Evaluation', 'Keysight_University_Course', 'LinkedIn_Ad_Click', 'Technical_Demo', 'Website_Product_Page', 'PathWave_Trial_Request', 'Customer']",1
L018870,Laura Ito,Bosch GmbH,Telecom,North America,5G Testbeds,Website,"['Opportunity', 'IMS_Badge_Scan', 'No_Conversion']",0
L018871,Kenji Ito,,Automotive,,,Event,"['MQL', 'Customer']",1
L018872,,Tesla_Tech,Telecom,,,Webinar,"['Keysight_Workshop_RF_Testing', 'Whitepaper_Download_5G_Test', 'MQL', 'SQL', 'DesignCon_Booth_Visit', 'Website_Product_Page', 'Lab_Integration_Discussion', 'No_Conversion']",0
L018873,Kenji Williams,Tesla Energy GmbH,Automotive,North America,5G Testbeds,Website,"['MQL', 'AutoSens_Tech_Talk', 'Customer']",1
L018874,Maria Singh,Rayth_Tech,Semiconductor,North America,,Sales Outreach,"['Application_Engineer_Call', 'Customer']",1
L018875,Sarah Anders,Broadcom GmbH,Semiconductor,North America,Automotive Ethernet,Website,"['Lab_Integration_Discussion', 'Keysight_Workshop_RF_Testing', 'Keysight_Workshop_RF_Testing', 'Opportunity', 'Customer']",1
L018876,Maria Martinez,,Automotive,APAC,Automotive Ethernet,LinkedIn,"['PathWave_Trial_Request', 'Oscilloscope_Selector_Tool', 'Website_Product_Page', 'Keysight_Workshop_RF_Testing', 'IMS_Badge_Scan', 'DesignCon_Booth_Visit', 'Lab_Integration_Discussion', 'Customer']",1
L018877,Priya Martinez,Samsu_Tech,Telecom,,,Website,['Customer'],1
L018878,Daniel Williams,MetaC_Tech,Electronics,,PathWave Software,Webinar,"['LinkedIn_Ad_Click', 'No_Conversion']",0
L018879,Michael Martinez,Tesla Energy,Electronics,,Oscilloscopes,Email Campaign,"['MQL', 'IMS_Badge_Scan', 'No_Conversion']",0
L018880,Hiroshi Ito,Meta Connectivity Labs GmbH,,North America,,Email Campaign,"['AutoSens_Tech_Talk', 'Keysight_University_Course', 'Whitepaper_Download_5G_Test', 'Opportunity', 'Oscilloscope_Selector_Tool', 'Customer']",1
L018881,Hiroshi Ito,NXP Semiconductors,Automotive,Europe,PathWave Software,Email Campaign,"['Loaner_Unit_Evaluation', 'Technical_Demo', 'SQL', 'SQL', 'Whitepaper_Download_5G_Test', 'Keysight_Workshop_RF_Testing', 'Customer']",1
L018882,Daniel Patel,Sony,Electronics,APAC,Oscilloscopes,Email Campaign,"['Loaner_Unit_Evaluation', 'Keysight_University_Course', 'Opportunity', 'No_Conversion']",0
L018883,Sarah Chen,Sony_Tech,Semiconductor,,Automotive Ethernet,Website,"['Website_Product_Page', 'Application_Engineer_Call', 'AutoSens_Tech_Talk', 'Whitepaper_Download_5G_Test', 'IMS_Badge_Scan', 'Loaner_Unit_Evaluation', 'MQL', 'AutoSens_Tech_Talk', 'PathWave_Trial_Request', 'Loaner_Unit_Evaluation', 'Customer']",1
L018884,Sarah Chen,Tesla Energy GmbH,Electronics,APAC,,Email Campaign,"['Loaner_Unit_Evaluation', 'Customer']",1
L018885,Daniel Johnson,Broadcom GmbH,,APAC,,LinkedIn,"['Website_Product_Page', 'Keysight_Workshop_RF_Testing', 'Loaner_Unit_Evaluation', 'No_Conversion']",0
L018886,Sarah Singh,Qualcomm GmbH,Aerospace,,,Website,"['IMS_Badge_Scan', 'Loaner_Unit_Evaluation', 'No_Conversion']",0
L018887,Laura Tanaka,,Aerospace,APAC,Oscilloscopes,Event,"['Opportunity', 'Keysight_Workshop_RF_Testing', 'SQL', 'Technical_Demo', 'DesignCon_Booth_Visit', 'IMS_Badge_Scan', 'Application_Engineer_Call', 'AutoSens_Tech_Talk', 'Customer']",1
L018888,Chen Khan,NXPSe_Tech,Semiconductor,APAC,PathWave Software,Website,"['Website_Product_Page', 'Website_Product_Page', 'Website_Product_Page', 'PathWave_Trial_Request', 'Technical_Demo', 'IMS_Badge_Scan', 'Lab_Integration_Discussion', 'IMS_Badge_Scan', 'DesignCon_Booth_Visit', 'No_Conversion']",0
L018889,Kenji Ito,,Telecom,LATAM,Automotive Ethernet,LinkedIn,"['Opportunity', 'Technical_Demo', 'Website_Product_Page', 'PathWave_Trial_Request', 'PathWave_Trial_Request', 'No_Conversion']",0
L018890,Sarah Tanaka,,Automotive,,5G Testbeds,Email Campaign,"['Opportunity', 'MQL', 'PathWave_Trial_Request', 'Oscilloscope_Selector_Tool', 'Customer']",1
L018891,Priya Lee,,,Europe,Oscilloscopes,Email Campaign,"['Keysight_University_Course', 'Whitepaper_Download_5G_Test', 'No_Conversion']",0
L018892,Maria Martinez,NXP Semiconductors,,North America,,Website,['No_Conversion'],0
L018893,Maria Khan,Bosch_Tech,Electronics,Europe,PathWave Software,Sales Outreach,['Customer'],1
L018894,,Sony_Tech,,Europe,,Email Campaign,"['Oscilloscope_Selector_Tool', 'Whitepaper_Download_5G_Test', 'Application_Engineer_Call', 'IMS_Badge_Scan', 'Oscilloscope_Selector_Tool', 'Whitepaper_Download_5G_Test', 'AutoSens_Tech_Talk', 'Customer']",1
L018895,Michael Khan,NXP Semiconductors GmbH,Aerospace,APAC,Automotive Ethernet,Email Campaign,"['PathWave_Trial_Request', 'Application_Engineer_Call', 'SQL', 'Whitepaper_Download_5G_Test', 'Whitepaper_Download_5G_Test', 'Oscilloscope_Selector_Tool', 'Keysight_University_Course', 'LinkedIn_Ad_Click', 'No_Conversion']",0
L018896,Daniel Williams,Tesla Energy,,,,Event,"['Keysight_University_Course', 'IMS_Badge_Scan', 'Application_Engineer_Call', 'No_Conversion']",0
L018897,Daniel Ito,Infin_Tech,Aerospace,LATAM,PathWave Software,Website,"['Website_Product_Page', 'Customer']",1
L018898,,Samsung Electronics GmbH,,,Automotive Ethernet,,"['LinkedIn_Ad_Click', 'No_Conversion']",0
L018899,Laura Patel,,Automotive,,,LinkedIn,['No_Conversion'],0
L018900,Ravi Williams,,Semiconductor,Europe,,Event,"['Keysight_University_Course', 'Loaner_Unit_Evaluation', 'Technical_Demo', 'Technical_Demo', 'Lab_Integration_Discussion', 'Keysight_University_Course', 'Website_Product_Page', 'Application_Engineer_Call', 'Loaner_Unit_Evaluation', 'No_Conversion']",0
L018901,Daniel Singh,Samsung Electronics GmbH,Aerospace,,Oscilloscopes,Sales Outreach,"['Oscilloscope_Selector_Tool', 'DesignCon_Booth_Visit', 'Keysight_University_Course', 'SQL', 'Technical_Demo', 'Opportunity', 'IMS_Badge_Scan', 'Customer']",1
L018902,Hiroshi Martinez,Sony_Tech,,,Oscilloscopes,Sales Outreach,"['Whitepaper_Download_5G_Test', 'Opportunity', 'LinkedIn_Ad_Click', 'Oscilloscope_Selector_Tool', 'Loaner_Unit_Evaluation', 'No_Conversion']",0
L018903,Sarah Anders,,Telecom,LATAM,,Webinar,"['Oscilloscope_Selector_Tool', 'DesignCon_Booth_Visit', 'Technical_Demo', 'Website_Product_Page', 'MQL', 'Application_Engineer_Call', 'Application_Engineer_Call', 'Loaner_Unit_Evaluation', 'DesignCon_Booth_Visit', 'Customer']",1
L018904,Sofia Singh,Samsung Electronics,Automotive,North America,,Webinar,"['Loaner_Unit_Evaluation', 'Loaner_Unit_Evaluation', 'LinkedIn_Ad_Click', 'Loaner_Unit_Evaluation', 'Customer']",1
L018905,Chen Martinez,Tesla Energy,Automotive,LATAM,PathWave Software,Email Campaign,"['Whitepaper_Download_5G_Test', 'Technical_Demo', 'Loaner_Unit_Evaluation', 'Opportunity', 'Application_Engineer_Call', 'Customer']",1
L018906,Laura Anders,,Electronics,,Automotive Ethernet,Webinar,"['Oscilloscope_Selector_Tool', 'Loaner_Unit_Evaluation', 'Whitepaper_Download_5G_Test', 'SQL', 'Opportunity', 'AutoSens_Tech_Talk', 'SQL', 'Opportunity', 'No_Conversion']",0
L018907,Hiroshi Anders,Qualc_Tech,Aerospace,Europe,,Sales Outreach,"['Keysight_Workshop_RF_Testing', 'Lab_Integration_Discussion', 'Keysight_University_Course', 'Oscilloscope_Selector_Tool', 'SQL', 'Application_Engineer_Call', 'AutoSens_Tech_Talk', 'PathWave_Trial_Request', 'Keysight_University_Course', 'DesignCon_Booth_Visit', 'Customer']",1
L018908,Sofia Johnson,Qualcomm GmbH,Aerospace,Europe,Automotive Ethernet,Sales Outreach,"['Website_Product_Page', 'AutoSens_Tech_Talk', 'PathWave_Trial_Request', 'No_Conversion']",0
L018909,Daniel Garcia,,Aerospace,,,Email Campaign,"['Technical_Demo', 'Whitepaper_Download_5G_Test', 'Opportunity', 'Technical_Demo', 'Customer']",1
L018910,Chen Khan,NXP Semiconductors,Automotive,APAC,5G Testbeds,Website,"['DesignCon_Booth_Visit', 'Opportunity', 'Keysight_Workshop_RF_Testing', 'PathWave_Trial_Request', 'Whitepaper_Download_5G_Test', 'Application_Engineer_Call', 'DesignCon_Booth_Visit', 'Opportunity', 'Technical_Demo', 'Keysight_University_Course', 'No_Conversion']",0
L018911,Michael Singh,,,Europe,Automotive Ethernet,LinkedIn,"['IMS_Badge_Scan', 'LinkedIn_Ad_Click', 'No_Conversion']",0
L018912,,Rayth_Tech,Aerospace,Europe,PathWave Software,Email Campaign,"['PathWave_Trial_Request', 'Application_Engineer_Call', 'Keysight_University_Course', 'AutoSens_Tech_Talk', 'Customer']",1
L018913,Chen Ito,,,,,Sales Outreach,['Customer'],1
L018914,Sofia Anders,Samsu_Tech,,,,LinkedIn,"['Lab_Integration_Discussion', 'No_Conversion']",0
L018915,Daniel Tanaka,Qualcomm,Telecom,,Automotive Ethernet,Email Campaign,"['DesignCon_Booth_Visit', 'Website_Product_Page', 'Oscilloscope_Selector_Tool', 'No_Conversion']",0
L018916,Sarah Martinez,Qualc_Tech,,,Automotive Ethernet,LinkedIn,"['PathWave_Trial_Request', 'Website_Product_Page', 'Keysight_Workshop_RF_Testing', 'Customer']",1
L018917,Daniel Tanaka,Qualc_Tech,Telecom,,,,"['PathWave_Trial_Request', 'AutoSens_Tech_Talk', 'No_Conversion']",0
L018918,Sofia Martinez,Qualcomm,Telecom,APAC,Oscilloscopes,Website,"['Lab_Integration_Discussion', 'MQL', 'PathWave_Trial_Request', 'No_Conversion']",0
L018919,Kenji Johnson,Qualc_Tech,,North America,,Sales Outreach,"['IMS_Badge_Scan', 'Customer']",1
L018920,Michael Martinez,Tesla_Tech,Aerospace,LATAM,PathWave Software,Webinar,"['DesignCon_Booth_Visit', 'Lab_Integration_Discussion', 'IMS_Badge_Scan', 'Website_Product_Page', 'MQL', 'Customer']",1
L018921,,NXPSe_Tech,Semiconductor,,5G Testbeds,Sales Outreach,"['Opportunity', 'LinkedIn_Ad_Click', 'DesignCon_Booth_Visit', 'Loaner_Unit_Evaluation', 'Technical_Demo', 'Application_Engineer_Call', 'Application_Engineer_Call', 'DesignCon_Booth_Visit', 'PathWave_Trial_Request', 'No_Conversion']",0
L018922,,Infin_Tech,Automotive,APAC,Oscilloscopes,Website,"['MQL', 'Customer']",1
L018923,Ahmed Martinez,Meta Connectivity Labs GmbH,,North America,,,"['Whitepaper_Download_5G_Test', 'SQL', 'Keysight_University_Course', 'PathWave_Trial_Request', 'Technical_Demo', 'Lab_Integration_Discussion', 'IMS_Badge_Scan', 'SQL', 'No_Conversion']",0
L018924,Ravi Garcia,,Electronics,Europe,,Sales Outreach,"['Website_Product_Page', 'No_Conversion']",0
L018925,Laura Williams,Broadcom GmbH,,Europe,,Email Campaign,"['MQL', 'Oscilloscope_Selector_Tool', 'Keysight_University_Course', 'DesignCon_Booth_Visit', 'Keysight_Workshop_RF_Testing', 'No_Conversion']",0
L018926,Daniel Lee,Samsung Electronics,Electronics,,,Event,"['Technical_Demo', 'IMS_Badge_Scan', 'Technical_Demo', 'Application_Engineer_Call', 'AutoSens_Tech_Talk', 'Technical_Demo', 'Application_Engineer_Call', 'Customer']",1
L018927,Kenji Lee,Qualcomm,Semiconductor,,,Website,"['PathWave_Trial_Request', 'Keysight_University_Course', 'IMS_Badge_Scan', 'Keysight_Workshop_RF_Testing', 'Keysight_Workshop_RF_Testing', 'MQL', 'LinkedIn_Ad_Click', 'No_Conversion']",0
L018928,Kenji Johnson,,,APAC,,Webinar,"['SQL', 'SQL', 'IMS_Badge_Scan', 'Customer']",1
L018929,Kenji Garcia,,Automotive,,,Email Campaign,"['Whitepaper_Download_5G_Test', 'Customer']",1
L018930,Sarah Tanaka,,Semiconductor,Europe,5G Testbeds,LinkedIn,"['Loaner_Unit_Evaluation', 'Keysight_Workshop_RF_Testing', 'IMS_Badge_Scan', 'LinkedIn_Ad_Click', 'PathWave_Trial_Request', 'MQL', 'Lab_Integration_Discussion', 'AutoSens_Tech_Talk', 'Customer']",1
L018931,Hiroshi Singh,,Aerospace,North America,,Email Campaign,"['Loaner_Unit_Evaluation', 'IMS_Badge_Scan', 'Whitepaper_Download_5G_Test', 'Whitepaper_Download_5G_Test', 'SQL', 'Oscilloscope_Selector_Tool', 'Customer']",1
L018932,,Tesla Energy,Aerospace,North America,PathWave Software,Sales Outreach,"['DesignCon_Booth_Visit', 'Keysight_Workshop_RF_Testing', 'Technical_Demo', 'PathWave_Trial_Request', 'Loaner_Unit_Evaluation', 'Customer']",1
L018933,Sofia Ito,Rayth_Tech,Telecom,,5G Testbeds,Email Campaign,"['Application_Engineer_Call', 'Keysight_Workshop_RF_Testing', 'Keysight_Workshop_RF_Testing', 'Loaner_Unit_Evaluation', 'Oscilloscope_Selector_Tool', 'Website_Product_Page', 'Customer']",1
L018934,Laura Williams,Bosch_Tech,,,,Event,['No_Conversion'],0
L018935,,Infineon,Aerospace,,Automotive Ethernet,LinkedIn,"['AutoSens_Tech_Talk', 'IMS_Badge_Scan', 'MQL', 'Keysight_Workshop_RF_Testing', 'Customer']",1
L018936,Sarah Chen,Qualcomm GmbH,Aerospace,,5G Testbeds,Sales Outreach,['No_Conversion'],0
L018937,Kenji Lee,Qualcomm,Automotive,APAC,Automotive Ethernet,Email Campaign,"['LinkedIn_Ad_Click', 'Application_Engineer_Call', 'SQL', 'AutoSens_Tech_Talk', 'DesignCon_Booth_Visit', 'Opportunity', 'Customer']",1
L018938,Ahmed Tanaka,,,,Oscilloscopes,Website,"['Loaner_Unit_Evaluation', 'Keysight_University_Course', 'PathWave_Trial_Request', 'Website_Product_Page', 'Customer']",1
L018939,Priya Chen,Bosch,,APAC,Automotive Ethernet,Webinar,"['Keysight_University_Course', 'MQL', 'Oscilloscope_Selector_Tool', 'Customer']",1
L018940,Laura Lee,,Automotive,Europe,PathWave Software,,"['Technical_Demo', 'AutoSens_Tech_Talk', 'AutoSens_Tech_Talk', 'Customer']",1
L018941,Michael Johnson,Bosch GmbH,,Europe,Automotive Ethernet,Webinar,"['LinkedIn_Ad_Click', 'Loaner_Unit_Evaluation', 'IMS_Badge_Scan', 'IMS_Badge_Scan', 'Whitepaper_Download_5G_Test', 'No_Conversion']",0
L018942,Kenji Johnson,NXP Semiconductors GmbH,Aerospace,North America,,Sales Outreach,"['IMS_Badge_Scan', 'Lab_Integration_Discussion', 'IMS_Badge_Scan', 'SQL', 'LinkedIn_Ad_Click', 'AutoSens_Tech_Talk', 'AutoSens_Tech_Talk', 'Customer']",1
L018943,Maria Garcia,Meta Connectivity Labs,Telecom,North America,Automotive Ethernet,Event,"['Website_Product_Page', 'SQL', 'MQL', 'Customer']",1
L018944,Sofia Williams,Samsung Electronics,,North America,Automotive Ethernet,LinkedIn,"['Whitepaper_Download_5G_Test', 'Technical_Demo', 'MQL', 'Technical_Demo', 'Website_Product_Page', 'Website_Product_Page', 'AutoSens_Tech_Talk', 'IMS_Badge_Scan', 'PathWave_Trial_Request', 'Keysight_Workshop_RF_Testing', 'No_Conversion']",0
L018945,Michael Ito,,Electronics,,,Email Campaign,"['Website_Product_Page', 'PathWave_Trial_Request', 'LinkedIn_Ad_Click', 'Website_Product_Page', 'IMS_Badge_Scan', 'DesignCon_Booth_Visit', 'MQL', 'Technical_Demo', 'SQL', 'No_Conversion']",0
L018946,Priya Tanaka,,,North America,5G Testbeds,Webinar,"['Technical_Demo', 'AutoSens_Tech_Talk', 'Application_Engineer_Call', 'Website_Product_Page', 'Keysight_Workshop_RF_Testing', 'Loaner_Unit_Evaluation', 'Loaner_Unit_Evaluation', 'LinkedIn_Ad_Click', 'LinkedIn_Ad_Click', 'Loaner_Unit_Evaluation', 'No_Conversion']",0
L018947,Hiroshi Chen,Rayth_Tech,,APAC,Oscilloscopes,Event,"['DesignCon_Booth_Visit', 'Oscilloscope_Selector_Tool', 'LinkedIn_Ad_Click', 'No_Conversion']",0
L018948,Kenji Ito,Bosch_Tech,,,Automotive Ethernet,Email Campaign,"['AutoSens_Tech_Talk', 'Keysight_University_Course', 'Keysight_University_Course', 'Customer']",1
L018949,Ravi Tanaka,Samsung Electronics GmbH,Aerospace,Europe,,Event,"['Keysight_University_Course', 'LinkedIn_Ad_Click', 'SQL', 'IMS_Badge_Scan', 'DesignCon_Booth_Visit', 'MQL', 'DesignCon_Booth_Visit', 'No_Conversion']",0
L018950,Maria Tanaka,Infin_Tech,Semiconductor,LATAM,Automotive Ethernet,Event,['Customer'],1
L018951,Laura Chen,NXP Semiconductors,,,5G Testbeds,LinkedIn,"['Opportunity', 'No_Conversion']",0
L018952,Priya Khan,,Telecom,LATAM,,Sales Outreach,['Customer'],1
L018953,Michael Khan,Qualcomm,Telecom,LATAM,,,"['LinkedIn_Ad_Click', 'Technical_Demo', 'Website_Product_Page', 'Oscilloscope_Selector_Tool', 'Oscilloscope_Selector_Tool', 'No_Conversion']",0
L018954,Michael Lee,,Telecom,Europe,Oscilloscopes,Email Campaign,"['Website_Product_Page', 'Opportunity', 'MQL', 'Customer']",1
L018955,Kenji Anders,Broadcom,Aerospace,LATAM,Automotive Ethernet,Website,"['Loaner_Unit_Evaluation', 'Website_Product_Page', 'Loaner_Unit_Evaluation', 'No_Conversion']",0
L018956,Priya Khan,,Automotive,,5G Testbeds,Sales Outreach,"['LinkedIn_Ad_Click', 'No_Conversion']",0
L018957,Michael Ito,,Aerospace,,,Website,['Customer'],1
L018958,Chen Ito,,Aerospace,,,Webinar,"['Keysight_University_Course', 'AutoSens_Tech_Talk', 'Application_Engineer_Call', 'Technical_Demo', 'LinkedIn_Ad_Click', 'Technical_Demo', 'Customer']",1
L018959,Laura Johnson,Sony GmbH,Automotive,APAC,Automotive Ethernet,Email Campaign,"['Application_Engineer_Call', 'Oscilloscope_Selector_Tool', 'MQL', 'MQL', 'MQL', 'DesignCon_Booth_Visit', 'Keysight_University_Course', 'Oscilloscope_Selector_Tool', 'Loaner_Unit_Evaluation', 'Customer']",1
L018960,Sarah Garcia,,Electronics,Europe,,Email Campaign,"['Loaner_Unit_Evaluation', 'Opportunity', 'LinkedIn_Ad_Click', 'No_Conversion']",0
L018961,Daniel Singh,MetaC_Tech,,Europe,,Event,"['Oscilloscope_Selector_Tool', 'AutoSens_Tech_Talk', 'SQL', 'SQL', 'SQL', 'Whitepaper_Download_5G_Test', 'No_Conversion']",0
L018962,Kenji Anders,NXP Semiconductors GmbH,Automotive,Europe,,Event,"['Loaner_Unit_Evaluation', 'Customer']",1
L018963,Michael Tanaka,Sony,Automotive,LATAM,,,"['Website_Product_Page', 'Loaner_Unit_Evaluation', 'Keysight_University_Course', 'MQL', 'Oscilloscope_Selector_Tool', 'LinkedIn_Ad_Click', 'PathWave_Trial_Request', 'Customer']",1
L018964,,Qualc_Tech,Automotive,LATAM,Oscilloscopes,Sales Outreach,"['Oscilloscope_Selector_Tool', 'Website_Product_Page', 'IMS_Badge_Scan', 'No_Conversion']",0
L018965,Sarah Williams,,Electronics,LATAM,PathWave Software,Sales Outreach,"['Oscilloscope_Selector_Tool', 'SQL', 'Loaner_Unit_Evaluation', 'Technical_Demo', 'LinkedIn_Ad_Click', 'Application_Engineer_Call', 'MQL', 'No_Conversion']",0
L018966,Sofia Martinez,NXPSe_Tech,Telecom,,,Website,"['Lab_Integration_Discussion', 'AutoSens_Tech_Talk', 'Lab_Integration_Discussion', 'Technical_Demo', 'Website_Product_Page', 'SQL', 'Opportunity', 'Customer']",1
L018967,Kenji Anders,NXPSe_Tech,,North America,Oscilloscopes,Sales Outreach,"['Lab_Integration_Discussion', 'No_Conversion']",0
L018968,Hiroshi Martinez,Raytheon GmbH,Automotive,APAC,Automotive Ethernet,Webinar,"['Oscilloscope_Selector_Tool', 'No_Conversion']",0
L018969,Chen Williams,NXPSe_Tech,,LATAM,5G Testbeds,LinkedIn,"['AutoSens_Tech_Talk', 'Keysight_University_Course', 'LinkedIn_Ad_Click', 'Opportunity', 'DesignCon_Booth_Visit', 'AutoSens_Tech_Talk', 'Website_Product_Page', 'Application_Engineer_Call', 'AutoSens_Tech_Talk', 'Technical_Demo', 'Customer']",1
L018970,,,,North America,PathWave Software,Webinar,"['Loaner_Unit_Evaluation', 'AutoSens_Tech_Talk', 'Opportunity', 'Whitepaper_Download_5G_Test', 'Whitepaper_Download_5G_Test', 'IMS_Badge_Scan', 'Customer']",1
L018971,Ahmed Ito,NXPSe_Tech,,,5G Testbeds,Sales Outreach,"['Lab_Integration_Discussion', 'Application_Engineer_Call', 'Opportunity', 'Keysight_University_Course', 'Customer']",1
L018972,Laura Tanaka,Samsung Electronics,Semiconductor,,,Sales Outreach,"['Application_Engineer_Call', 'Technical_Demo', 'MQL', 'SQL', 'Customer']",1
L018973,Kenji Patel,Tesla Energy GmbH,Aerospace,LATAM,,Event,"['Keysight_Workshop_RF_Testing', 'PathWave_Trial_Request', 'Technical_Demo', 'No_Conversion']",0
L018974,Maria Anders,,Automotive,Europe,5G Testbeds,Sales Outreach,"['Lab_Integration_Discussion', 'Loaner_Unit_Evaluation', 'AutoSens_Tech_Talk', 'DesignCon_Booth_Visit', 'Technical_Demo', 'Opportunity', 'No_Conversion']",0
L018975,Daniel Chen,NXPSe_Tech,,Europe,,,['Customer'],1
L018976,Chen Tanaka,,Semiconductor,North America,,,"['DesignCon_Booth_Visit', 'No_Conversion']",0
L018977,,,,North America,,Website,"['Whitepaper_Download_5G_Test', 'AutoSens_Tech_Talk', 'LinkedIn_Ad_Click', 'Keysight_Workshop_RF_Testing', 'Keysight_University_Course', 'No_Conversion']",0
L018978,Sarah Tanaka,Broad_Tech,Telecom,Europe,5G Testbeds,,"['Whitepaper_Download_5G_Test', 'Keysight_University_Course', 'Keysight_Workshop_RF_Testing', 'Lab_Integration_Discussion', 'SQL', 'DesignCon_Booth_Visit', 'Customer']",1
L018979,Ravi Tanaka,MetaC_Tech,Aerospace,APAC,Oscilloscopes,Sales Outreach,"['MQL', 'AutoSens_Tech_Talk', 'IMS_Badge_Scan', 'Opportunity', 'Whitepaper_Download_5G_Test', 'No_Conversion']",0
L018980,Daniel Johnson,Qualc_Tech,,APAC,,Sales Outreach,"['Lab_Integration_Discussion', 'Keysight_University_Course', 'Customer']",1
L018981,Daniel Johnson,Qualcomm,Semiconductor,North America,,Webinar,"['Application_Engineer_Call', 'LinkedIn_Ad_Click', 'PathWave_Trial_Request', 'Lab_Integration_Discussion', 'Website_Product_Page', 'SQL', 'Customer']",1
L018982,Maria Ito,Broadcom,,North America,,,"['SQL', 'MQL', 'IMS_Badge_Scan', 'Opportunity', 'SQL', 'Customer']",1
L018983,Sarah Ito,NXPSe_Tech,Aerospace,,Automotive Ethernet,Event,"['Opportunity', 'PathWave_Trial_Request', 'PathWave_Trial_Request', 'Website_Product_Page', 'SQL', 'Oscilloscope_Selector_Tool', 'No_Conversion']",0
L018984,Michael Patel,,Automotive,LATAM,,LinkedIn,"['Website_Product_Page', 'Opportunity', 'Lab_Integration_Discussion', 'Technical_Demo', 'AutoSens_Tech_Talk', 'Website_Product_Page', 'IMS_Badge_Scan', 'Keysight_Workshop_RF_Testing', 'SQL', 'Customer']",1
L018985,Kenji Ito,Meta Connectivity Labs GmbH,,North America,5G Testbeds,Webinar,['No_Conversion'],0
L018986,Laura Johnson,MetaC_Tech,Electronics,LATAM,5G Testbeds,Email Campaign,"['IMS_Badge_Scan', 'Whitepaper_Download_5G_Test', 'Oscilloscope_Selector_Tool', 'Opportunity', 'Opportunity', 'Loaner_Unit_Evaluation', 'No_Conversion']",0
L018987,,,Electronics,Europe,PathWave Software,Webinar,"['Application_Engineer_Call', 'Application_Engineer_Call', 'Opportunity', 'Technical_Demo', 'Keysight_Workshop_RF_Testing', 'Customer']",1
L018988,Sarah Anders,Sony_Tech,Automotive,APAC,PathWave Software,Event,"['Oscilloscope_Selector_Tool', 'Technical_Demo', 'Application_Engineer_Call', 'Keysight_Workshop_RF_Testing', 'Customer']",1
L018989,,Qualc_Tech,Semiconductor,Europe,PathWave Software,Sales Outreach,"['IMS_Badge_Scan', 'Application_Engineer_Call', 'Application_Engineer_Call', 'IMS_Badge_Scan', 'Website_Product_Page', 'Application_Engineer_Call', 'SQL', 'Customer']",1
L018990,Sofia Tanaka,Rayth_Tech,Electronics,APAC,Oscilloscopes,Website,"['Opportunity', 'LinkedIn_Ad_Click', 'Application_Engineer_Call', 'Lab_Integration_Discussion', 'No_Conversion']",0
L018991,Chen Lee,,,North America,,,"['MQL', 'Customer']",1
L018992,Daniel Johnson,MetaC_Tech,Aerospace,LATAM,,Sales Outreach,"['PathWave_Trial_Request', 'Website_Product_Page', 'Keysight_Workshop_RF_Testing', 'SQL', 'DesignCon_Booth_Visit', 'PathWave_Trial_Request', 'Customer']",1
L018993,Daniel Lee,,Telecom,,Oscilloscopes,LinkedIn,"['Opportunity', 'AutoSens_Tech_Talk', 'SQL', 'Whitepaper_Download_5G_Test', 'PathWave_Trial_Request', 'IMS_Badge_Scan', 'Application_Engineer_Call', 'No_Conversion']",0
L018994,Priya Ito,Broad_Tech,,Europe,,Email Campaign,"['Whitepaper_Download_5G_Test', 'Application_Engineer_Call', 'Technical_Demo', 'LinkedIn_Ad_Click', 'No_Conversion']",0
L018995,Sofia Khan,Infineon,Electronics,,,,['Customer'],1
L018996,Michael Chen,Samsu_Tech,Telecom,LATAM,,Email Campaign,"['SQL', 'Keysight_Workshop_RF_Testing', 'Customer']",1
L018997,Kenji Williams,Meta Connectivity Labs GmbH,,,,,"['Whitepaper_Download_5G_Test', 'PathWave_Trial_Request', 'MQL', 'IMS_Badge_Scan', 'Website_Product_Page', 'Keysight_University_Course', 'Whitepaper_Download_5G_Test', 'MQL', 'PathWave_Trial_Request', 'Customer']",1
L018998,Maria Patel,Raytheon GmbH,Electronics,LATAM,,LinkedIn,"['Opportunity', 'DesignCon_Booth_Visit', 'Keysight_University_Course', 'MQL', 'IMS_Badge_Scan', 'Website_Product_Page', 'Customer']",1
L018999,Michael Anders,NXPSe_Tech,Semiconductor,,,Webinar,"['Whitepaper_Download_5G_Test', 'Whitepaper_Download_5G_Test', 'Website_Product_Page', 'Website_Product_Page', 'Application_Engineer_Call', 'Technical_Demo', 'No_Conversion']",0
L019000,Laura Khan,Raytheon,Semiconductor,North America,5G Testbeds,Webinar,"['Oscilloscope_Selector_Tool', 'Loaner_Unit_Evaluation', 'Oscilloscope_Selector_Tool', 'No_Conversion']",0
L019001,Daniel Patel,Broadcom GmbH,,Europe,5G Testbeds,,"['Opportunity', 'Technical_Demo', 'IMS_Badge_Scan', 'Loaner_Unit_Evaluation', 'Whitepaper_Download_5G_Test', 'Opportunity', 'Loaner_Unit_Evaluation', 'No_Conversion']",0
L019002,Ahmed Ito,Samsu_Tech,,North America,PathWave Software,LinkedIn,"['Oscilloscope_Selector_Tool', 'Website_Product_Page', 'Lab_Integration_Discussion', 'Keysight_Workshop_RF_Testing', 'AutoSens_Tech_Talk', 'Keysight_University_Course', 'Customer']",1
L019003,Priya Chen,Raytheon GmbH,,APAC,PathWave Software,,['No_Conversion'],0
L019004,Priya Garcia,MetaC_Tech,,,,Email Campaign,['Customer'],1
L019005,Kenji Tanaka,Sony_Tech,Aerospace,,5G Testbeds,LinkedIn,"['IMS_Badge_Scan', 'Technical_Demo', 'PathWave_Trial_Request', 'Opportunity', 'Application_Engineer_Call', 'Lab_Integration_Discussion', 'Opportunity', 'Customer']",1
L019006,Chen Tanaka,Meta Connectivity Labs GmbH,,APAC,PathWave Software,LinkedIn,"['Technical_Demo', 'Loaner_Unit_Evaluation', 'Opportunity', 'Application_Engineer_Call', 'Opportunity', 'No_Conversion']",0
L019007,Ahmed Johnson,Raytheon,Semiconductor,APAC,Automotive Ethernet,LinkedIn,"['DesignCon_Booth_Visit', 'LinkedIn_Ad_Click', 'No_Conversion']",0
L019008,Daniel Garcia,Samsung Electronics,Telecom,APAC,Oscilloscopes,Sales Outreach,['Customer'],1
L019009,Sarah Ito,Broad_Tech,,,,Event,"['DesignCon_Booth_Visit', 'IMS_Badge_Scan', 'SQL', 'No_Conversion']",0
L019010,Ahmed Garcia,Tesla Energy,Automotive,North America,,Webinar,"['Whitepaper_Download_5G_Test', 'IMS_Badge_Scan', 'Website_Product_Page', 'IMS_Badge_Scan', 'No_Conversion']",0
L019011,Michael Chen,Broadcom GmbH,Automotive,APAC,Automotive Ethernet,,"['MQL', 'LinkedIn_Ad_Click', 'AutoSens_Tech_Talk', 'Loaner_Unit_Evaluation', 'AutoSens_Tech_Talk', 'PathWave_Trial_Request', 'Customer']",1
L019012,,Infineon,Telecom,,5G Testbeds,Website,"['PathWave_Trial_Request', 'Website_Product_Page', 'AutoSens_Tech_Talk', 'PathWave_Trial_Request', 'Customer']",1
L019013,Laura Ito,,Telecom,North America,PathWave Software,Event,"['Loaner_Unit_Evaluation', 'Technical_Demo', 'Loaner_Unit_Evaluation', 'Keysight_University_Course', 'SQL', 'LinkedIn_Ad_Click', 'SQL', 'Customer']",1
L019014,Sofia Tanaka,Raytheon,Semiconductor,LATAM,Automotive Ethernet,LinkedIn,"['Keysight_Workshop_RF_Testing', 'Oscilloscope_Selector_Tool', 'AutoSens_Tech_Talk', 'Loaner_Unit_Evaluation', 'Technical_Demo', 'Opportunity', 'Oscilloscope_Selector_Tool', 'DesignCon_Booth_Visit', 'Website_Product_Page', 'Customer']",1
L019015,Laura Chen,Broadcom,,,Automotive Ethernet,,"['Lab_Integration_Discussion', 'Opportunity', 'Keysight_University_Course', 'Application_Engineer_Call', 'Customer']",1
L019016,Chen Garcia,Meta Connectivity Labs,Aerospace,Europe,PathWave Software,Email Campaign,['Customer'],1
L019017,,,,APAC,5G Testbeds,Webinar,"['Application_Engineer_Call', 'IMS_Badge_Scan', 'DesignCon_Booth_Visit', 'Loaner_Unit_Evaluation', 'Whitepaper_Download_5G_Test', 'Loaner_Unit_Evaluation', 'DesignCon_Booth_Visit', 'Keysight_University_Course', 'Opportunity', 'No_Conversion']",0
L019018,Kenji Johnson,NXP Semiconductors,,Europe,,Email Campaign,['No_Conversion'],0
L019019,Daniel Martinez,NXPSe_Tech,Semiconductor,LATAM,Automotive Ethernet,Event,"['MQL', 'IMS_Badge_Scan', 'Keysight_Workshop_RF_Testing', 'Customer']",1
L019020,Ravi Williams,Qualcomm GmbH,,North America,,,['Customer'],1
L019021,Daniel Lee,Tesla_Tech,Automotive,,PathWave Software,Webinar,"['Lab_Integration_Discussion', 'PathWave_Trial_Request', 'No_Conversion']",0
L019022,Daniel Tanaka,Tesla Energy GmbH,Electronics,North America,Oscilloscopes,LinkedIn,"['DesignCon_Booth_Visit', 'Keysight_University_Course', 'Keysight_University_Course', 'No_Conversion']",0
L019023,Kenji Patel,,Telecom,Europe,,LinkedIn,"['Keysight_University_Course', 'Technical_Demo', 'PathWave_Trial_Request', 'Lab_Integration_Discussion', 'Keysight_Workshop_RF_Testing', 'No_Conversion']",0
L019024,Daniel Patel,MetaC_Tech,,LATAM,Oscilloscopes,Event,"['Keysight_University_Course', 'PathWave_Trial_Request', 'Technical_Demo', 'AutoSens_Tech_Talk', 'Customer']",1
L019025,Michael Lee,Meta Connectivity Labs,,North America,,Sales Outreach,"['PathWave_Trial_Request', 'PathWave_Trial_Request', 'Whitepaper_Download_5G_Test', 'AutoSens_Tech_Talk', 'Customer']",1
L019026,Sarah Anders,Samsung Electronics,Aerospace,,,Sales Outreach,"['IMS_Badge_Scan', 'Customer']",1
L019027,Sofia Khan,Tesla Energy,Semiconductor,,Oscilloscopes,Sales Outreach,['No_Conversion'],0
L019028,Chen Lee,Tesla_Tech,Aerospace,North America,5G Testbeds,Website,"['Opportunity', 'DesignCon_Booth_Visit', 'No_Conversion']",0
L019029,Sarah Garcia,Tesla Energy,Semiconductor,APAC,,Event,['No_Conversion'],0
L019030,,Infineon GmbH,Semiconductor,Europe,5G Testbeds,,"['Whitepaper_Download_5G_Test', 'Keysight_University_Course', 'Opportunity', 'Lab_Integration_Discussion', 'Keysight_Workshop_RF_Testing', 'Website_Product_Page', 'Customer']",1
L019031,Hiroshi Lee,Qualc_Tech,Electronics,,Automotive Ethernet,Email Campaign,"['Loaner_Unit_Evaluation', 'Loaner_Unit_Evaluation', 'Website_Product_Page', 'DesignCon_Booth_Visit', 'Opportunity', 'AutoSens_Tech_Talk', 'Opportunity', 'SQL', 'No_Conversion']",0
L019032,Kenji Williams,,,APAC,5G Testbeds,Email Campaign,"['AutoSens_Tech_Talk', 'No_Conversion']",0
L019033,Michael Lee,Broadcom GmbH,,APAC,,Email Campaign,"['Application_Engineer_Call', 'Loaner_Unit_Evaluation', 'Technical_Demo', 'Customer']",1
L019034,Chen Patel,Raytheon GmbH,Telecom,North America,,Event,"['Whitepaper_Download_5G_Test', 'AutoSens_Tech_Talk', 'Loaner_Unit_Evaluation', 'Loaner_Unit_Evaluation', 'Technical_Demo', 'Customer']",1
L019035,Michael Williams,Qualcomm,Electronics,North America,PathWave Software,Webinar,['No_Conversion'],0
L019036,Michael Khan,Raytheon,Automotive,LATAM,,,"['Technical_Demo', 'PathWave_Trial_Request', 'SQL', 'Technical_Demo', 'Customer']",1
L019037,Chen Ito,Infineon,,Europe,,Sales Outreach,"['Loaner_Unit_Evaluation', 'Loaner_Unit_Evaluation', 'LinkedIn_Ad_Click', 'Technical_Demo', 'SQL', 'Keysight_University_Course', 'Customer']",1
L019038,Priya Chen,,,Europe,,LinkedIn,"['MQL', 'Keysight_Workshop_RF_Testing', 'Keysight_University_Course', 'SQL', 'Technical_Demo', 'MQL', 'Lab_Integration_Discussion', 'Whitepaper_Download_5G_Test', 'Keysight_University_Course', 'Customer']",1
L019039,Sarah Khan,Tesla Energy,Aerospace,North America,,Website,"['Keysight_Workshop_RF_Testing', 'MQL', 'Whitepaper_Download_5G_Test', 'Customer']",1
L019040,Hiroshi Patel,Samsung Electronics GmbH,Electronics,,PathWave Software,Website,"['AutoSens_Tech_Talk', 'SQL', 'Lab_Integration_Discussion', 'DesignCon_Booth_Visit', 'Customer']",1
L019041,Michael Williams,Broadcom,,LATAM,Automotive Ethernet,Sales Outreach,"['Loaner_Unit_Evaluation', 'Lab_Integration_Discussion', 'Keysight_University_Course', 'No_Conversion']",0
L019042,Ravi Ito,,,,Oscilloscopes,Event,"['Keysight_Workshop_RF_Testing', 'Keysight_University_Course', 'Keysight_University_Course', 'DesignCon_Booth_Visit', 'IMS_Badge_Scan', 'Keysight_Workshop_RF_Testing', 'Opportunity', 'Loaner_Unit_Evaluation', 'No_Conversion']",0
L019043,Maria Tanaka,,,LATAM,PathWave Software,Event,"['Whitepaper_Download_5G_Test', 'AutoSens_Tech_Talk', 'AutoSens_Tech_Talk', 'Customer']",1
L019044,Maria Williams,Infineon,,APAC,5G Testbeds,Webinar,"['Lab_Integration_Discussion', 'Oscilloscope_Selector_Tool', 'Lab_Integration_Discussion', 'Keysight_Workshop_RF_Testing', 'Opportunity', 'MQL', 'LinkedIn_Ad_Click', 'No_Conversion']",0
L019045,Sofia Ito,MetaC_Tech,Electronics,LATAM,PathWave Software,Webinar,"['MQL', 'Customer']",1
L019046,Maria Chen,,Automotive,LATAM,Oscilloscopes,Sales Outreach,"['SQL', 'Website_Product_Page', 'LinkedIn_Ad_Click', 'Opportunity', 'MQL', 'Customer']",1
L019047,Maria Lee,Tesla Energy GmbH,Aerospace,Europe,Automotive Ethernet,,"['PathWave_Trial_Request', 'AutoSens_Tech_Talk', 'Customer']",1
L019048,Hiroshi Lee,Sony_Tech,Aerospace,,5G Testbeds,Sales Outreach,"['DesignCon_Booth_Visit', 'Keysight_Workshop_RF_Testing', 'SQL', 'Customer']",1
L019049,Sofia Lee,Sony GmbH,Semiconductor,Europe,,Email Campaign,"['Oscilloscope_Selector_Tool', 'Oscilloscope_Selector_Tool', 'Technical_Demo', 'LinkedIn_Ad_Click', 'Opportunity', 'No_Conversion']",0
L019050,Kenji Patel,NXP Semiconductors,,,Oscilloscopes,LinkedIn,"['MQL', 'Keysight_University_Course', 'Technical_Demo', 'Customer']",1
L019051,Laura Garcia,,,LATAM,PathWave Software,Email Campaign,"['LinkedIn_Ad_Click', 'IMS_Badge_Scan', 'No_Conversion']",0
L019052,Maria Singh,,,Europe,Oscilloscopes,Event,"['Keysight_University_Course', 'LinkedIn_Ad_Click', 'Customer']",1
L019053,Laura Lee,,Automotive,North America,Oscilloscopes,LinkedIn,"['Technical_Demo', 'PathWave_Trial_Request', 'IMS_Badge_Scan', 'Whitepaper_Download_5G_Test', 'Customer']",1
L019054,Priya Khan,,Telecom,,5G Testbeds,LinkedIn,"['Keysight_University_Course', 'Website_Product_Page', 'IMS_Badge_Scan', 'No_Conversion']",0
L019055,Hiroshi Martinez,Tesla Energy GmbH,Automotive,North America,PathWave Software,Email Campaign,"['SQL', 'Customer']",1
L019056,Ahmed Tanaka,Raytheon,,LATAM,5G Testbeds,,['No_Conversion'],0
L019057,Ahmed Patel,Sony GmbH,Automotive,APAC,PathWave Software,Event,"['LinkedIn_Ad_Click', 'No_Conversion']",0
L019058,Daniel Anders,Tesla Energy GmbH,Aerospace,LATAM,5G Testbeds,Webinar,['Customer'],1
L019059,Chen Anders,,Automotive,North America,5G Testbeds,Webinar,"['Loaner_Unit_Evaluation', 'Technical_Demo', 'Technical_Demo', 'Keysight_University_Course', 'Technical_Demo', 'Whitepaper_Download_5G_Test', 'PathWave_Trial_Request', 'Customer']",1
L019060,Chen Patel,Meta Connectivity Labs,Automotive,APAC,Oscilloscopes,Sales Outreach,"['LinkedIn_Ad_Click', 'Application_Engineer_Call', 'No_Conversion']",0
L019061,Daniel Patel,Samsu_Tech,Semiconductor,North America,,Website,"['Application_Engineer_Call', 'DesignCon_Booth_Visit', 'Technical_Demo', 'IMS_Badge_Scan', 'Technical_Demo', 'Whitepaper_Download_5G_Test', 'Website_Product_Page', 'Keysight_Workshop_RF_Testing', 'MQL', 'AutoSens_Tech_Talk', 'Customer']",1
L019062,Ravi Patel,Samsung Electronics,Automotive,,,Webinar,"['SQL', 'PathWave_Trial_Request', 'Opportunity', 'LinkedIn_Ad_Click', 'PathWave_Trial_Request', 'Lab_Integration_Discussion', 'Keysight_Workshop_RF_Testing', 'Opportunity', 'Whitepaper_Download_5G_Test', 'Oscilloscope_Selector_Tool', 'Customer']",1
L019063,Daniel Martinez,Infineon GmbH,Automotive,APAC,Oscilloscopes,Website,"['Loaner_Unit_Evaluation', 'IMS_Badge_Scan', 'Technical_Demo', 'No_Conversion']",0
L019064,Ravi Tanaka,,,APAC,PathWave Software,Website,"['Keysight_Workshop_RF_Testing', 'Opportunity', 'LinkedIn_Ad_Click', 'Customer']",1
L019065,Sofia Williams,Bosch_Tech,Electronics,,Oscilloscopes,LinkedIn,"['Whitepaper_Download_5G_Test', 'IMS_Badge_Scan', 'Website_Product_Page', 'MQL', 'LinkedIn_Ad_Click', 'No_Conversion']",0
L019066,Sarah Garcia,Tesla Energy GmbH,,,PathWave Software,LinkedIn,"['PathWave_Trial_Request', 'Keysight_Workshop_RF_Testing', 'PathWave_Trial_Request', 'Lab_Integration_Discussion', 'No_Conversion']",0
L019067,Sofia Lee,,Telecom,North America,,Sales Outreach,['Customer'],1
L019068,Hiroshi Patel,Sony GmbH,Semiconductor,,PathWave Software,Website,"['SQL', 'Keysight_University_Course', 'SQL', 'Technical_Demo', 'SQL', 'Keysight_Workshop_RF_Testing', 'No_Conversion']",0
L019069,Sofia Johnson,,Automotive,LATAM,Automotive Ethernet,Event,"['LinkedIn_Ad_Click', 'Opportunity', 'SQL', 'Technical_Demo', 'No_Conversion']",0
L019070,Sofia Chen,Raytheon GmbH,Electronics,,,Website,"['SQL', 'DesignCon_Booth_Visit', 'Website_Product_Page', 'Whitepaper_Download_5G_Test', 'Opportunity', 'LinkedIn_Ad_Click', 'Whitepaper_Download_5G_Test', 'Website_Product_Page', 'Customer']",1
L019071,Hiroshi Garcia,Meta Connectivity Labs GmbH,Telecom,Europe,,Sales Outreach,"['Opportunity', 'AutoSens_Tech_Talk', 'SQL', 'PathWave_Trial_Request', 'Keysight_Workshop_RF_Testing', 'IMS_Badge_Scan', 'Website_Product_Page', 'Website_Product_Page', 'SQL', 'AutoSens_Tech_Talk', 'No_Conversion']",0
L019072,Chen Tanaka,Tesla Energy,Electronics,,Automotive Ethernet,Email Campaign,"['LinkedIn_Ad_Click', 'IMS_Badge_Scan', 'Website_Product_Page', 'Technical_Demo', 'Oscilloscope_Selector_Tool', 'Loaner_Unit_Evaluation', 'LinkedIn_Ad_Click', 'No_Conversion']",0
L019073,Sarah Williams,Infineon GmbH,Automotive,LATAM,,Event,"['Keysight_Workshop_RF_Testing', 'Application_Engineer_Call', 'Keysight_University_Course', 'Oscilloscope_Selector_Tool', 'Loaner_Unit_Evaluation', 'No_Conversion']",0
L019074,Sofia Singh,,Semiconductor,APAC,PathWave Software,,"['Technical_Demo', 'LinkedIn_Ad_Click', 'Loaner_Unit_Evaluation', 'Website_Product_Page', 'AutoSens_Tech_Talk', 'IMS_Badge_Scan', 'Keysight_University_Course', 'Customer']",1
L019075,Ahmed Johnson,Bosch_Tech,,APAC,,Webinar,"['Keysight_University_Course', 'SQL', 'SQL', 'Oscilloscope_Selector_Tool', 'LinkedIn_Ad_Click', 'PathWave_Trial_Request', 'Keysight_Workshop_RF_Testing', 'Keysight_Workshop_RF_Testing', 'Website_Product_Page', 'Customer']",1
L019076,Laura Tanaka,Rayth_Tech,Semiconductor,Europe,Automotive Ethernet,Sales Outreach,"['Keysight_Workshop_RF_Testing', 'Oscilloscope_Selector_Tool', 'Lab_Integration_Discussion', 'MQL', 'No_Conversion']",0
L019077,Sarah Martinez,Tesla Energy,Telecom,APAC,,Webinar,"['IMS_Badge_Scan', 'Lab_Integration_Discussion', 'AutoSens_Tech_Talk', 'Technical_Demo', 'Keysight_University_Course', 'Customer']",1
L019078,Daniel Chen,,Semiconductor,LATAM,PathWave Software,Website,"['Whitepaper_Download_5G_Test', 'MQL', 'Keysight_University_Course', 'Customer']",1
L019079,,NXP Semiconductors GmbH,Automotive,,Automotive Ethernet,Event,"['Oscilloscope_Selector_Tool', 'DesignCon_Booth_Visit', 'Oscilloscope_Selector_Tool', 'Whitepaper_Download_5G_Test', 'Keysight_University_Course', 'Oscilloscope_Selector_Tool', 'SQL', 'Application_Engineer_Call', 'Customer']",1
L019080,Michael Patel,Rayth_Tech,Aerospace,North America,Oscilloscopes,Website,"['Opportunity', 'Technical_Demo', 'Application_Engineer_Call', 'Technical_Demo', 'SQL', 'Loaner_Unit_Evaluation', 'Customer']",1
L019081,Ravi Singh,Raytheon,,APAC,,Webinar,"['IMS_Badge_Scan', 'Technical_Demo', 'Application_Engineer_Call', 'Technical_Demo', 'DesignCon_Booth_Visit', 'Whitepaper_Download_5G_Test', 'PathWave_Trial_Request', 'AutoSens_Tech_Talk', 'PathWave_Trial_Request', 'Customer']",1
L019082,Laura Tanaka,Tesla Energy GmbH,Automotive,North America,Automotive Ethernet,,"['PathWave_Trial_Request', 'MQL', 'PathWave_Trial_Request', 'Customer']",1
L019083,Ahmed Tanaka,,Aerospace,North America,5G Testbeds,Event,"['Keysight_University_Course', 'Oscilloscope_Selector_Tool', 'Oscilloscope_Selector_Tool', 'Whitepaper_Download_5G_Test', 'IMS_Badge_Scan', 'Technical_Demo', 'Loaner_Unit_Evaluation', 'Customer']",1
L019084,Daniel Lee,Qualcomm GmbH,Aerospace,Europe,Automotive Ethernet,Sales Outreach,"['Technical_Demo', 'Oscilloscope_Selector_Tool', 'DesignCon_Booth_Visit', 'AutoSens_Tech_Talk', 'Keysight_Workshop_RF_Testing', 'IMS_Badge_Scan', 'Customer']",1
L019085,Daniel Chen,Tesla Energy,Automotive,LATAM,Oscilloscopes,Webinar,"['Opportunity', 'No_Conversion']",0
L019086,Ravi Garcia,,Automotive,LATAM,PathWave Software,Sales Outreach,"['MQL', 'No_Conversion']",0
L019087,Daniel Tanaka,Bosch_Tech,Telecom,North America,,Email Campaign,"['LinkedIn_Ad_Click', 'Website_Product_Page', 'Website_Product_Page', 'No_Conversion']",0
L019088,Hiroshi Williams,Meta Connectivity Labs GmbH,Automotive,,,Email Campaign,"['LinkedIn_Ad_Click', 'Technical_Demo', 'Keysight_Workshop_RF_Testing', 'SQL', 'PathWave_Trial_Request', 'Opportunity', 'MQL', 'No_Conversion']",0
L019089,Ravi Anders,,Automotive,,Oscilloscopes,Website,"['PathWave_Trial_Request', 'Oscilloscope_Selector_Tool', 'Website_Product_Page', 'SQL', 'DesignCon_Booth_Visit', 'Customer']",1
L019090,Ravi Singh,,Electronics,Europe,5G Testbeds,Website,"['IMS_Badge_Scan', 'Keysight_University_Course', 'Website_Product_Page', 'Whitepaper_Download_5G_Test', 'Customer']",1
L019091,Michael Williams,Sony_Tech,,LATAM,,,['No_Conversion'],0
L019092,Ravi Singh,Infineon,Telecom,LATAM,Automotive Ethernet,Sales Outreach,"['Application_Engineer_Call', 'AutoSens_Tech_Talk', 'DesignCon_Booth_Visit', 'IMS_Badge_Scan', 'No_Conversion']",0
L019093,Hiroshi Garcia,NXPSe_Tech,Telecom,,5G Testbeds,Event,"['AutoSens_Tech_Talk', 'Opportunity', 'DesignCon_Booth_Visit', 'Website_Product_Page', 'AutoSens_Tech_Talk', 'Technical_Demo', 'Whitepaper_Download_5G_Test', 'Whitepaper_Download_5G_Test', 'Oscilloscope_Selector_Tool', 'Customer']",1
L019094,Laura Martinez,,,APAC,5G Testbeds,Email Campaign,"['IMS_Badge_Scan', 'Whitepaper_Download_5G_Test', 'IMS_Badge_Scan', 'Technical_Demo', 'Technical_Demo', 'Keysight_Workshop_RF_Testing', 'SQL', 'No_Conversion']",0
L019095,,Tesla Energy GmbH,,Europe,5G Testbeds,Event,"['Loaner_Unit_Evaluation', 'DesignCon_Booth_Visit', 'MQL', 'No_Conversion']",0
L019096,Michael Johnson,Sony,Automotive,North America,,Event,"['Loaner_Unit_Evaluation', 'Opportunity', 'Opportunity', 'Customer']",1
L019097,Ahmed Lee,Tesla Energy GmbH,,North America,,Email Campaign,"['PathWave_Trial_Request', 'AutoSens_Tech_Talk', 'Oscilloscope_Selector_Tool', 'IMS_Badge_Scan', 'Lab_Integration_Discussion', 'Oscilloscope_Selector_Tool', 'Oscilloscope_Selector_Tool', 'DesignCon_Booth_Visit', 'Website_Product_Page', 'Customer']",1
L019098,Ravi Patel,,,North America,5G Testbeds,,"['Lab_Integration_Discussion', 'Whitepaper_Download_5G_Test', 'Loaner_Unit_Evaluation', 'Keysight_Workshop_RF_Testing', 'PathWave_Trial_Request', 'No_Conversion']",0
L019099,,Infineon GmbH,Electronics,Europe,,LinkedIn,"['DesignCon_Booth_Visit', 'Technical_Demo', 'Whitepaper_Download_5G_Test', 'Loaner_Unit_Evaluation', 'Customer']",1
L019100,Priya Martinez,Meta Connectivity Labs GmbH,Automotive,,Oscilloscopes,Webinar,['No_Conversion'],0
L019101,Maria Williams,Tesla Energy GmbH,Aerospace,North America,5G Testbeds,Website,"['Keysight_University_Course', 'Lab_Integration_Discussion', 'Loaner_Unit_Evaluation', 'Opportunity', 'LinkedIn_Ad_Click', 'Whitepaper_Download_5G_Test', 'LinkedIn_Ad_Click', 'Loaner_Unit_Evaluation', 'Keysight_University_Course', 'No_Conversion']",0
L019102,Kenji Garcia,Sony_Tech,,Europe,,LinkedIn,"['LinkedIn_Ad_Click', 'Opportunity', 'Loaner_Unit_Evaluation', 'Customer']",1
L019103,,Sony GmbH,Semiconductor,APAC,Oscilloscopes,LinkedIn,"['Keysight_Workshop_RF_Testing', 'Customer']",1
L019104,Hiroshi Martinez,Tesla Energy GmbH,Telecom,,,Email Campaign,"['PathWave_Trial_Request', 'LinkedIn_Ad_Click', 'PathWave_Trial_Request', 'Website_Product_Page', 'No_Conversion']",0
L019105,Sofia Khan,Qualcomm GmbH,Electronics,LATAM,,Website,"['Opportunity', 'Customer']",1
L019106,Priya Chen,Broadcom GmbH,Telecom,,,Event,"['Technical_Demo', 'Lab_Integration_Discussion', 'Lab_Integration_Discussion', 'Lab_Integration_Discussion', 'Whitepaper_Download_5G_Test', 'MQL', 'Lab_Integration_Discussion', 'No_Conversion']",0
L019107,Daniel Garcia,Broadcom GmbH,Semiconductor,Europe,5G Testbeds,Event,"['Keysight_Workshop_RF_Testing', 'No_Conversion']",0
L019108,Maria Patel,Samsung Electronics,Semiconductor,,5G Testbeds,Email Campaign,"['Keysight_Workshop_RF_Testing', 'Application_Engineer_Call', 'DesignCon_Booth_Visit', 'Application_Engineer_Call', 'SQL', 'DesignCon_Booth_Visit', 'PathWave_Trial_Request', 'AutoSens_Tech_Talk', 'Application_Engineer_Call', 'Customer']",1
L019109,Laura Singh,Sony_Tech,Electronics,,,LinkedIn,"['Application_Engineer_Call', 'MQL', 'Loaner_Unit_Evaluation', 'Loaner_Unit_Evaluation', 'Technical_Demo', 'Website_Product_Page', 'Lab_Integration_Discussion', 'Customer']",1
L019110,Maria Martinez,Samsung Electronics GmbH,,APAC,,Website,"['Website_Product_Page', 'Loaner_Unit_Evaluation', 'Oscilloscope_Selector_Tool', 'Keysight_Workshop_RF_Testing', 'Oscilloscope_Selector_Tool', 'No_Conversion']",0
L019111,Maria Ito,Raytheon GmbH,Semiconductor,LATAM,5G Testbeds,Event,"['Oscilloscope_Selector_Tool', 'Lab_Integration_Discussion', 'Keysight_Workshop_RF_Testing', 'Loaner_Unit_Evaluation', 'Opportunity', 'AutoSens_Tech_Talk', 'Whitepaper_Download_5G_Test', 'SQL', 'Loaner_Unit_Evaluation', 'Lab_Integration_Discussion', 'Customer']",1
L019112,Laura Singh,Broad_Tech,Automotive,Europe,,Event,['Customer'],1
L019113,Daniel Ito,Samsung Electronics,Telecom,LATAM,Oscilloscopes,Sales Outreach,"['Loaner_Unit_Evaluation', 'LinkedIn_Ad_Click', 'Website_Product_Page', 'Opportunity', 'No_Conversion']",0
L019114,Kenji Patel,Raytheon,,Europe,,Sales Outreach,"['Oscilloscope_Selector_Tool', 'SQL', 'Customer']",1
L019115,Laura Anders,,,North America,5G Testbeds,Event,"['Application_Engineer_Call', 'Website_Product_Page', 'DesignCon_Booth_Visit', 'Application_Engineer_Call', 'MQL', 'Keysight_University_Course', 'No_Conversion']",0
L019116,Maria Johnson,Infineon GmbH,Aerospace,,,,['No_Conversion'],0
L019117,Laura Ito,Broad_Tech,Automotive,,,Website,"['AutoSens_Tech_Talk', 'Technical_Demo', 'AutoSens_Tech_Talk', 'Loaner_Unit_Evaluation', 'No_Conversion']",0
L019118,Ravi Garcia,Sony_Tech,,APAC,,,"['LinkedIn_Ad_Click', 'Loaner_Unit_Evaluation', 'DesignCon_Booth_Visit', 'MQL', 'Oscilloscope_Selector_Tool', 'DesignCon_Booth_Visit', 'No_Conversion']",0
L019119,Sarah Anders,Rayth_Tech,Telecom,APAC,,Webinar,"['DesignCon_Booth_Visit', 'Customer']",1
L019120,Daniel Tanaka,NXP Semiconductors,Automotive,Europe,PathWave Software,Sales Outreach,"['Technical_Demo', 'Opportunity', 'Customer']",1
L019121,Sofia Martinez,Qualcomm,Semiconductor,North America,,Website,"['Keysight_University_Course', 'Loaner_Unit_Evaluation', 'Customer']",1
L019122,Daniel Anders,,Semiconductor,North America,Automotive Ethernet,Event,"['SQL', 'Website_Product_Page', 'Lab_Integration_Discussion', 'AutoSens_Tech_Talk', 'Opportunity', 'Customer']",1
L019123,Kenji Garcia,Infineon GmbH,Electronics,North America,Automotive Ethernet,Email Campaign,"['IMS_Badge_Scan', 'LinkedIn_Ad_Click', 'IMS_Badge_Scan', 'Customer']",1
L019124,Maria Tanaka,Bosch,Aerospace,Europe,Automotive Ethernet,,"['Application_Engineer_Call', 'Customer']",1
L019125,Michael Chen,Tesla Energy GmbH,,Europe,,Event,"['DesignCon_Booth_Visit', 'LinkedIn_Ad_Click', 'Oscilloscope_Selector_Tool', 'Website_Product_Page', 'Customer']",1
L019126,Priya Lee,Samsu_Tech,Aerospace,Europe,5G Testbeds,Sales Outreach,"['Keysight_Workshop_RF_Testing', 'DesignCon_Booth_Visit', 'PathWave_Trial_Request', 'PathWave_Trial_Request', 'Technical_Demo', 'Technical_Demo', 'Opportunity', 'Website_Product_Page', 'Customer']",1
L019127,Priya Ito,Samsung Electronics,,APAC,,Sales Outreach,"['PathWave_Trial_Request', 'PathWave_Trial_Request', 'IMS_Badge_Scan', 'SQL', 'Keysight_Workshop_RF_Testing', 'LinkedIn_Ad_Click', 'No_Conversion']",0
L019128,Ahmed Lee,,,LATAM,,Email Campaign,"['Opportunity', 'Customer']",1
L019129,Ravi Anders,Qualcomm,Automotive,APAC,,Event,"['AutoSens_Tech_Talk', 'PathWave_Trial_Request', 'Whitepaper_Download_5G_Test', 'Oscilloscope_Selector_Tool', 'No_Conversion']",0
L019130,Laura Tanaka,Qualcomm GmbH,Automotive,LATAM,,Sales Outreach,['No_Conversion'],0
L019131,Ravi Martinez,Broad_Tech,,North America,5G Testbeds,Webinar,"['IMS_Badge_Scan', 'Application_Engineer_Call', 'SQL', 'No_Conversion']",0
L019132,Sofia Khan,Tesla Energy,Automotive,LATAM,PathWave Software,Email Campaign,"['Whitepaper_Download_5G_Test', 'Website_Product_Page', 'Whitepaper_Download_5G_Test', 'PathWave_Trial_Request', 'IMS_Badge_Scan', 'Lab_Integration_Discussion', 'DesignCon_Booth_Visit', 'AutoSens_Tech_Talk', 'No_Conversion']",0
L019133,Priya Williams,Bosch_Tech,Automotive,APAC,,LinkedIn,['No_Conversion'],0
L019134,Daniel Patel,Meta Connectivity Labs GmbH,Electronics,North America,,LinkedIn,"['Website_Product_Page', 'Technical_Demo', 'AutoSens_Tech_Talk', 'Application_Engineer_Call', 'Customer']",1
L019135,Sofia Chen,,,LATAM,,Webinar,"['LinkedIn_Ad_Click', 'Keysight_Workshop_RF_Testing', 'Loaner_Unit_Evaluation', 'SQL', 'IMS_Badge_Scan', 'Opportunity', 'DesignCon_Booth_Visit', 'Customer']",1
L019136,Ravi Williams,,,APAC,Automotive Ethernet,Event,"['SQL', 'Keysight_University_Course', 'Lab_Integration_Discussion', 'Lab_Integration_Discussion', 'Keysight_University_Course', 'Customer']",1
L019137,Sarah Patel,,Electronics,,,Webinar,"['Lab_Integration_Discussion', 'No_Conversion']",0
L019138,Ahmed Tanaka,,,Europe,Oscilloscopes,LinkedIn,"['AutoSens_Tech_Talk', 'No_Conversion']",0
L019139,Hiroshi Martinez,Samsung Electronics GmbH,Telecom,,Oscilloscopes,Sales Outreach,"['Opportunity', 'Whitepaper_Download_5G_Test', 'Oscilloscope_Selector_Tool', 'Keysight_University_Course', 'MQL', 'Website_Product_Page', 'MQL', 'No_Conversion']",0
L019140,Sofia Patel,Qualcomm,Automotive,APAC,,Sales Outreach,"['SQL', 'Customer']",1
L019141,Sofia Martinez,Sony_Tech,Telecom,LATAM,5G Testbeds,Sales Outreach,"['Website_Product_Page', 'Lab_Integration_Discussion', 'Lab_Integration_Discussion', 'Customer']",1
L019142,Priya Tanaka,,Telecom,LATAM,Oscilloscopes,Event,"['Website_Product_Page', 'MQL', 'Customer']",1
L019143,Ravi Lee,NXPSe_Tech,Electronics,North America,Automotive Ethernet,Sales Outreach,"['IMS_Badge_Scan', 'DesignCon_Booth_Visit', 'Website_Product_Page', 'AutoSens_Tech_Talk', 'LinkedIn_Ad_Click', 'SQL', 'SQL', 'Customer']",1
L019144,Daniel Singh,Qualcomm GmbH,Electronics,,PathWave Software,Sales Outreach,"['MQL', 'Lab_Integration_Discussion', 'Customer']",1
L019145,Daniel Martinez,Raytheon GmbH,,Europe,5G Testbeds,Event,"['Application_Engineer_Call', 'No_Conversion']",0
L019146,Hiroshi Johnson,,Telecom,APAC,5G Testbeds,Email Campaign,"['Website_Product_Page', 'MQL', 'Website_Product_Page', 'No_Conversion']",0
L019147,Maria Lee,Bosch GmbH,Aerospace,Europe,,,"['Lab_Integration_Discussion', 'AutoSens_Tech_Talk', 'IMS_Badge_Scan', 'No_Conversion']",0
L019148,Maria Khan,Bosch GmbH,Semiconductor,,Automotive Ethernet,Sales Outreach,"['Loaner_Unit_Evaluation', 'Application_Engineer_Call', 'Lab_Integration_Discussion', 'Customer']",1
L019149,Ahmed Lee,Sony,,APAC,,Event,"['Website_Product_Page', 'Loaner_Unit_Evaluation', 'Website_Product_Page', 'LinkedIn_Ad_Click', 'AutoSens_Tech_Talk', 'Application_Engineer_Call', 'SQL', 'Website_Product_Page', 'Oscilloscope_Selector_Tool', 'IMS_Badge_Scan', 'Customer']",1
L019150,Ravi Anders,Raytheon GmbH,Automotive,,Automotive Ethernet,Website,"['AutoSens_Tech_Talk', 'IMS_Badge_Scan', 'Application_Engineer_Call', 'Lab_Integration_Discussion', 'Loaner_Unit_Evaluation', 'Loaner_Unit_Evaluation', 'AutoSens_Tech_Talk', 'MQL', 'LinkedIn_Ad_Click', 'PathWave_Trial_Request', 'Customer']",1
L019151,Ahmed Patel,Raytheon GmbH,,Europe,PathWave Software,LinkedIn,"['Technical_Demo', 'Application_Engineer_Call', 'Oscilloscope_Selector_Tool', 'Technical_Demo', 'Keysight_University_Course', 'Keysight_University_Course', 'No_Conversion']",0
L019152,,Broadcom,Automotive,Europe,,Website,"['Whitepaper_Download_5G_Test', 'Loaner_Unit_Evaluation', 'LinkedIn_Ad_Click', 'No_Conversion']",0
L019153,Chen Ito,,Electronics,Europe,PathWave Software,LinkedIn,"['Keysight_University_Course', 'Keysight_Workshop_RF_Testing', 'Technical_Demo', 'No_Conversion']",0
L019154,Hiroshi Johnson,Infineon GmbH,,Europe,5G Testbeds,Website,"['IMS_Badge_Scan', 'Opportunity', 'Technical_Demo', 'IMS_Badge_Scan', 'No_Conversion']",0
L019155,Sofia Johnson,Tesla Energy GmbH,Electronics,,,Event,"['Loaner_Unit_Evaluation', 'No_Conversion']",0
L019156,Ahmed Anders,Broadcom GmbH,Semiconductor,Europe,PathWave Software,Email Campaign,"['AutoSens_Tech_Talk', 'Loaner_Unit_Evaluation', 'Application_Engineer_Call', 'Keysight_Workshop_RF_Testing', 'Application_Engineer_Call', 'Technical_Demo', 'No_Conversion']",0
L019157,Ravi Ito,MetaC_Tech,Semiconductor,,Oscilloscopes,Webinar,"['AutoSens_Tech_Talk', 'PathWave_Trial_Request', 'No_Conversion']",0
L019158,Michael Martinez,NXP Semiconductors GmbH,,Europe,,Webinar,"['Website_Product_Page', 'DesignCon_Booth_Visit', 'AutoSens_Tech_Talk', 'Customer']",1
L019159,Priya Ito,,,Europe,,Website,"['DesignCon_Booth_Visit', 'Opportunity', 'SQL', 'Oscilloscope_Selector_Tool', 'SQL', 'PathWave_Trial_Request', 'PathWave_Trial_Request', 'Oscilloscope_Selector_Tool', 'Application_Engineer_Call', 'Whitepaper_Download_5G_Test', 'Customer']",1
L019160,Sofia Williams,Infineon,Electronics,LATAM,,LinkedIn,"['MQL', 'SQL', 'Loaner_Unit_Evaluation', 'Lab_Integration_Discussion', 'SQL', 'MQL', 'Technical_Demo', 'Keysight_Workshop_RF_Testing', 'Keysight_University_Course', 'No_Conversion']",0
L019161,Michael Khan,Bosch_Tech,Semiconductor,,PathWave Software,Event,"['IMS_Badge_Scan', 'Lab_Integration_Discussion', 'SQL', 'MQL', 'Technical_Demo', 'Oscilloscope_Selector_Tool', 'Loaner_Unit_Evaluation', 'Whitepaper_Download_5G_Test', 'Whitepaper_Download_5G_Test', 'Oscilloscope_Selector_Tool', 'No_Conversion']",0
L019162,,,,,5G Testbeds,LinkedIn,"['Technical_Demo', 'IMS_Badge_Scan', 'Keysight_University_Course', 'No_Conversion']",0
L019163,Priya Khan,Samsung Electronics GmbH,Semiconductor,,,Email Campaign,"['Keysight_University_Course', 'No_Conversion']",0
L019164,Hiroshi Tanaka,,Aerospace,Europe,,,"['Technical_Demo', 'Application_Engineer_Call', 'Lab_Integration_Discussion', 'Opportunity', 'DesignCon_Booth_Visit', 'Customer']",1
L019165,Priya Williams,,Telecom,Europe,,,"['LinkedIn_Ad_Click', 'IMS_Badge_Scan', 'PathWave_Trial_Request', 'PathWave_Trial_Request', 'Loaner_Unit_Evaluation', 'Keysight_Workshop_RF_Testing', 'PathWave_Trial_Request', 'PathWave_Trial_Request', 'No_Conversion']",0
L019166,,Qualcomm GmbH,,Europe,,Email Campaign,"['Oscilloscope_Selector_Tool', 'Application_Engineer_Call', 'Keysight_Workshop_RF_Testing', 'Keysight_Workshop_RF_Testing', 'Application_Engineer_Call', 'Website_Product_Page', 'Keysight_University_Course', 'AutoSens_Tech_Talk', 'Customer']",1
L019167,,Infineon GmbH,Aerospace,,Oscilloscopes,Website,"['IMS_Badge_Scan', 'IMS_Badge_Scan', 'Customer']",1
L019168,Kenji Lee,Bosch,Automotive,,Automotive Ethernet,LinkedIn,"['Technical_Demo', 'Technical_Demo', 'Whitepaper_Download_5G_Test', 'SQL', 'SQL', 'Keysight_University_Course', 'LinkedIn_Ad_Click', 'No_Conversion']",0
L019169,Sarah Garcia,Raytheon GmbH,Aerospace,APAC,5G Testbeds,LinkedIn,"['MQL', 'Keysight_University_Course', 'MQL', 'LinkedIn_Ad_Click', 'Customer']",1
L019170,Ahmed Chen,Broadcom GmbH,,APAC,Oscilloscopes,Event,"['Application_Engineer_Call', 'Website_Product_Page', 'Technical_Demo', 'No_Conversion']",0
L019171,,,Telecom,,Oscilloscopes,,"['IMS_Badge_Scan', 'Website_Product_Page', 'Whitepaper_Download_5G_Test', 'Keysight_University_Course', 'SQL', 'LinkedIn_Ad_Click', 'Whitepaper_Download_5G_Test', 'Customer']",1
L019172,Maria Martinez,,Semiconductor,LATAM,Automotive Ethernet,LinkedIn,"['SQL', 'Whitepaper_Download_5G_Test', 'Website_Product_Page', 'SQL', 'PathWave_Trial_Request', 'Loaner_Unit_Evaluation', 'Opportunity', 'MQL', 'SQL', 'No_Conversion']",0
L019173,Michael Garcia,,Electronics,Europe,,,"['Application_Engineer_Call', 'MQL', 'MQL', 'Oscilloscope_Selector_Tool', 'AutoSens_Tech_Talk', 'Loaner_Unit_Evaluation', 'Keysight_Workshop_RF_Testing', 'Customer']",1
L019174,Sofia Garcia,Broadcom,Semiconductor,,Automotive Ethernet,Webinar,"['Opportunity', 'IMS_Badge_Scan', 'Lab_Integration_Discussion', 'Application_Engineer_Call', 'MQL', 'Whitepaper_Download_5G_Test', 'No_Conversion']",0
L019175,Priya Anders,Broadcom,Aerospace,,5G Testbeds,Event,"['Keysight_University_Course', 'AutoSens_Tech_Talk', 'Loaner_Unit_Evaluation', 'MQL', 'DesignCon_Booth_Visit', 'IMS_Badge_Scan', 'No_Conversion']",0
L019176,Maria Anders,Bosch,Automotive,APAC,,Email Campaign,"['Website_Product_Page', 'SQL', 'IMS_Badge_Scan', 'Opportunity', 'Website_Product_Page', 'Opportunity', 'Technical_Demo', 'No_Conversion']",0
L019177,Sarah Singh,Qualcomm,Telecom,Europe,Automotive Ethernet,Email Campaign,"['Application_Engineer_Call', 'Lab_Integration_Discussion', 'Lab_Integration_Discussion', 'AutoSens_Tech_Talk', 'Keysight_Workshop_RF_Testing', 'Lab_Integration_Discussion', 'Lab_Integration_Discussion', 'PathWave_Trial_Request', 'No_Conversion']",0
L019178,,,Semiconductor,,,Webinar,"['Keysight_University_Course', 'AutoSens_Tech_Talk', 'Customer']",1
L019179,Kenji Tanaka,Samsu_Tech,,Europe,Oscilloscopes,Webinar,"['Oscilloscope_Selector_Tool', 'Application_Engineer_Call', 'SQL', 'Keysight_Workshop_RF_Testing', 'No_Conversion']",0
L019180,Laura Khan,Qualc_Tech,Automotive,,Oscilloscopes,Website,"['Website_Product_Page', 'Technical_Demo', 'Website_Product_Page', 'Keysight_Workshop_RF_Testing', 'Keysight_Workshop_RF_Testing', 'Lab_Integration_Discussion', 'Keysight_University_Course', 'No_Conversion']",0
L019181,Maria Tanaka,Qualc_Tech,,North America,Oscilloscopes,Event,"['Opportunity', 'Whitepaper_Download_5G_Test', 'LinkedIn_Ad_Click', 'Whitepaper_Download_5G_Test', 'Loaner_Unit_Evaluation', 'Keysight_University_Course', 'LinkedIn_Ad_Click', 'Application_Engineer_Call', 'Opportunity', 'Oscilloscope_Selector_Tool', 'No_Conversion']",0
L019182,Laura Singh,Sony,,LATAM,PathWave Software,Webinar,"['MQL', 'Oscilloscope_Selector_Tool', 'LinkedIn_Ad_Click', 'Oscilloscope_Selector_Tool', 'Whitepaper_Download_5G_Test', 'Keysight_Workshop_RF_Testing', 'PathWave_Trial_Request', 'AutoSens_Tech_Talk', 'LinkedIn_Ad_Click', 'Application_Engineer_Call', 'No_Conversion']",0
L019183,Sarah Chen,Samsu_Tech,Electronics,,5G Testbeds,,['Customer'],1
L019184,Priya Anders,Bosch GmbH,Semiconductor,,,Event,['Customer'],1
L019185,Sofia Khan,Bosch GmbH,,North America,Oscilloscopes,,['Customer'],1
L019186,,Qualcomm,Aerospace,Europe,,Email Campaign,"['Technical_Demo', 'SQL', 'Customer']",1
L019187,Ahmed Chen,Tesla Energy,,North America,Oscilloscopes,,"['IMS_Badge_Scan', 'AutoSens_Tech_Talk', 'Lab_Integration_Discussion', 'LinkedIn_Ad_Click', 'Opportunity', 'Lab_Integration_Discussion', 'SQL', 'Customer']",1
L019188,,,Aerospace,LATAM,Oscilloscopes,Webinar,"['SQL', 'Oscilloscope_Selector_Tool', 'Opportunity', 'Website_Product_Page', 'Application_Engineer_Call', 'PathWave_Trial_Request', 'Customer']",1
L019189,Michael Tanaka,Samsung Electronics,Telecom,APAC,,Event,['Customer'],1
L019190,Laura Johnson,Sony_Tech,,APAC,,Website,"['PathWave_Trial_Request', 'LinkedIn_Ad_Click', 'Whitepaper_Download_5G_Test', 'Technical_Demo', 'Loaner_Unit_Evaluation', 'MQL', 'No_Conversion']",0
L019191,Sarah Chen,NXP Semiconductors GmbH,Semiconductor,Europe,,Sales Outreach,"['Technical_Demo', 'Oscilloscope_Selector_Tool', 'Opportunity', 'AutoSens_Tech_Talk', 'Technical_Demo', 'LinkedIn_Ad_Click', 'Customer']",1
L019192,Ravi Chen,Bosch,,North America,,Webinar,"['MQL', 'IMS_Badge_Scan', 'Technical_Demo', 'Lab_Integration_Discussion', 'Oscilloscope_Selector_Tool', 'Opportunity', 'Customer']",1
L019193,Ahmed Tanaka,,Automotive,,Automotive Ethernet,,"['Technical_Demo', 'No_Conversion']",0
L019194,Kenji Patel,,,APAC,PathWave Software,Webinar,"['LinkedIn_Ad_Click', 'Keysight_University_Course', 'AutoSens_Tech_Talk', 'MQL', 'IMS_Badge_Scan', 'No_Conversion']",0
L019195,Sarah Tanaka,Infineon GmbH,Electronics,Europe,,Sales Outreach,"['DesignCon_Booth_Visit', 'No_Conversion']",0
L019196,Kenji Singh,Raytheon,Semiconductor,Europe,,LinkedIn,"['SQL', 'No_Conversion']",0
L019197,Ahmed Tanaka,Infineon,,Europe,,LinkedIn,"['LinkedIn_Ad_Click', 'MQL', 'Keysight_Workshop_RF_Testing', 'Keysight_University_Course', 'Opportunity', 'Opportunity', 'Technical_Demo', 'Keysight_University_Course', 'Customer']",1
L019198,Priya Patel,Rayth_Tech,Telecom,Europe,5G Testbeds,,"['Oscilloscope_Selector_Tool', 'Whitepaper_Download_5G_Test', 'AutoSens_Tech_Talk', 'Website_Product_Page', 'Customer']",1
L019199,Daniel Lee,Samsung Electronics GmbH,Automotive,,5G Testbeds,Event,"['Loaner_Unit_Evaluation', 'No_Conversion']",0
L019200,Hiroshi Johnson,Bosch GmbH,Electronics,North America,Oscilloscopes,Webinar,"['Application_Engineer_Call', 'Loaner_Unit_Evaluation', 'DesignCon_Booth_Visit', 'SQL', 'No_Conversion']",0
L019201,,Meta Connectivity Labs,Automotive,Europe,,,"['MQL', 'AutoSens_Tech_Talk', 'Technical_Demo', 'Opportunity', 'MQL', 'Technical_Demo', 'Customer']",1
L019202,Michael Tanaka,Raytheon GmbH,,,,LinkedIn,"['DesignCon_Booth_Visit', 'AutoSens_Tech_Talk', 'No_Conversion']",0
L019203,Sarah Patel,,,,Automotive Ethernet,Webinar,"['Opportunity', 'PathWave_Trial_Request', 'Website_Product_Page', 'DesignCon_Booth_Visit', 'Loaner_Unit_Evaluation', 'Customer']",1
L019204,Ravi Khan,NXP Semiconductors GmbH,Semiconductor,Europe,5G Testbeds,Sales Outreach,"['Loaner_Unit_Evaluation', 'Website_Product_Page', 'Customer']",1
L019205,,,Electronics,North America,PathWave Software,Website,"['LinkedIn_Ad_Click', 'LinkedIn_Ad_Click', 'Lab_Integration_Discussion', 'SQL', 'SQL', 'AutoSens_Tech_Talk', 'LinkedIn_Ad_Click', 'IMS_Badge_Scan', 'Lab_Integration_Discussion', 'Customer']",1
L019206,Sofia Singh,Infin_Tech,Aerospace,,PathWave Software,,"['Keysight_University_Course', 'Keysight_Workshop_RF_Testing', 'Loaner_Unit_Evaluation', 'Customer']",1
L019207,Laura Tanaka,Sony GmbH,Telecom,APAC,,Sales Outreach,"['Technical_Demo', 'Application_Engineer_Call', 'Customer']",1
L019208,Kenji Singh,Raytheon,Telecom,Europe,5G Testbeds,,"['Website_Product_Page', 'Opportunity', 'Technical_Demo', 'DesignCon_Booth_Visit', 'PathWave_Trial_Request', 'Customer']",1
L019209,Laura Anders,Broadcom,,Europe,,Event,"['Keysight_Workshop_RF_Testing', 'Lab_Integration_Discussion', 'No_Conversion']",0
L019210,Ahmed Singh,Infineon GmbH,,,PathWave Software,LinkedIn,"['Technical_Demo', 'AutoSens_Tech_Talk', 'Technical_Demo', 'Keysight_University_Course', 'Loaner_Unit_Evaluation', 'Application_Engineer_Call', 'Application_Engineer_Call', 'Lab_Integration_Discussion', 'Lab_Integration_Discussion', 'No_Conversion']",0
L019211,Laura Khan,Samsung Electronics GmbH,,,PathWave Software,Webinar,['Customer'],1
L019212,Kenji Garcia,Broadcom GmbH,,APAC,Oscilloscopes,Event,"['Oscilloscope_Selector_Tool', 'Loaner_Unit_Evaluation', 'PathWave_Trial_Request', 'PathWave_Trial_Request', 'Lab_Integration_Discussion', 'No_Conversion']",0
L019213,Sofia Patel,NXPSe_Tech,Aerospace,APAC,PathWave Software,Website,"['MQL', 'No_Conversion']",0
L019214,Priya Tanaka,,,Europe,5G Testbeds,Event,"['DesignCon_Booth_Visit', 'Whitepaper_Download_5G_Test', 'IMS_Badge_Scan', 'No_Conversion']",0
L019215,Priya Williams,,Aerospace,North America,,Event,['No_Conversion'],0
L019216,Ravi Martinez,Sony GmbH,Telecom,Europe,5G Testbeds,Email Campaign,"['Oscilloscope_Selector_Tool', 'DesignCon_Booth_Visit', 'DesignCon_Booth_Visit', 'Opportunity', 'Application_Engineer_Call', 'No_Conversion']",0
L019217,Chen Anders,Broad_Tech,Electronics,North America,PathWave Software,Sales Outreach,"['Keysight_University_Course', 'Loaner_Unit_Evaluation', 'MQL', 'Oscilloscope_Selector_Tool', 'Opportunity', 'Whitepaper_Download_5G_Test', 'Opportunity', 'Loaner_Unit_Evaluation', 'Customer']",1
L019218,Sarah Williams,Bosch GmbH,Telecom,LATAM,,Event,"['Application_Engineer_Call', 'Loaner_Unit_Evaluation', 'Keysight_University_Course', 'Whitepaper_Download_5G_Test', 'IMS_Badge_Scan', 'DesignCon_Booth_Visit', 'Loaner_Unit_Evaluation', 'No_Conversion']",0
L019219,Ahmed Garcia,Rayth_Tech,Automotive,,Automotive Ethernet,Event,"['IMS_Badge_Scan', 'Whitepaper_Download_5G_Test', 'AutoSens_Tech_Talk', 'Opportunity', 'Whitepaper_Download_5G_Test', 'Keysight_University_Course', 'Lab_Integration_Discussion', 'No_Conversion']",0
L019220,Chen Patel,Meta Connectivity Labs GmbH,Telecom,North America,5G Testbeds,Website,"['LinkedIn_Ad_Click', 'PathWave_Trial_Request', 'Website_Product_Page', 'DesignCon_Booth_Visit', 'No_Conversion']",0
L019221,Ahmed Anders,Raytheon GmbH,,North America,Automotive Ethernet,Sales Outreach,['Customer'],1
L019222,Ravi Garcia,,Telecom,,Oscilloscopes,Website,"['SQL', 'Technical_Demo', 'Oscilloscope_Selector_Tool', 'Lab_Integration_Discussion', 'SQL', 'No_Conversion']",0
L019223,Michael Garcia,Broadcom,Automotive,LATAM,,Website,"['Oscilloscope_Selector_Tool', 'Technical_Demo', 'Oscilloscope_Selector_Tool', 'Customer']",1
L019224,Kenji Anders,Bosch,,Europe,5G Testbeds,,"['DesignCon_Booth_Visit', 'DesignCon_Booth_Visit', 'Loaner_Unit_Evaluation', 'No_Conversion']",0
L019225,Ahmed Singh,Samsung Electronics GmbH,Semiconductor,,Oscilloscopes,Sales Outreach,"['IMS_Badge_Scan', 'SQL', 'DesignCon_Booth_Visit', 'Lab_Integration_Discussion', 'Customer']",1
L019226,Chen Johnson,Raytheon GmbH,Electronics,LATAM,Oscilloscopes,Event,['Customer'],1
L019227,Maria Anders,Sony GmbH,Semiconductor,Europe,5G Testbeds,,"['AutoSens_Tech_Talk', 'SQL', 'MQL', 'Whitepaper_Download_5G_Test', 'DesignCon_Booth_Visit', 'Customer']",1
L019228,Chen Singh,Sony_Tech,Semiconductor,,,Event,"['LinkedIn_Ad_Click', 'Application_Engineer_Call', 'Customer']",1
L019229,Priya Patel,Qualcomm,,APAC,Oscilloscopes,Sales Outreach,"['MQL', 'MQL', 'Lab_Integration_Discussion', 'Lab_Integration_Discussion', 'Website_Product_Page', 'No_Conversion']",0
L019230,Daniel Ito,Meta Connectivity Labs GmbH,Electronics,Europe,Oscilloscopes,Event,"['Whitepaper_Download_5G_Test', 'Website_Product_Page', 'AutoSens_Tech_Talk', 'Whitepaper_Download_5G_Test', 'Whitepaper_Download_5G_Test', 'Oscilloscope_Selector_Tool', 'Lab_Integration_Discussion', 'No_Conversion']",0
L019231,Sofia Martinez,Raytheon,Telecom,APAC,PathWave Software,Website,"['Website_Product_Page', 'DesignCon_Booth_Visit', 'Application_Engineer_Call', 'LinkedIn_Ad_Click', 'Website_Product_Page', 'PathWave_Trial_Request', 'Keysight_University_Course', 'Keysight_Workshop_RF_Testing', 'IMS_Badge_Scan', 'LinkedIn_Ad_Click', 'No_Conversion']",0
L019232,Ravi Tanaka,,Telecom,,Automotive Ethernet,Website,"['Keysight_Workshop_RF_Testing', 'AutoSens_Tech_Talk', 'Technical_Demo', 'AutoSens_Tech_Talk', 'No_Conversion']",0
L019233,Sarah Williams,Bosch GmbH,Telecom,,,,"['SQL', 'AutoSens_Tech_Talk', 'IMS_Badge_Scan', 'Website_Product_Page', 'Application_Engineer_Call', 'SQL', 'No_Conversion']",0
L019234,Ahmed Khan,Meta Connectivity Labs,,,,Website,"['AutoSens_Tech_Talk', 'Loaner_Unit_Evaluation', 'Keysight_University_Course', 'Website_Product_Page', 'Keysight_University_Course', 'No_Conversion']",0
L019235,Laura Williams,Infineon,Electronics,APAC,,,"['PathWave_Trial_Request', 'Whitepaper_Download_5G_Test', 'Keysight_Workshop_RF_Testing', 'LinkedIn_Ad_Click', 'Application_Engineer_Call', 'DesignCon_Booth_Visit', 'AutoSens_Tech_Talk', 'PathWave_Trial_Request', 'Whitepaper_Download_5G_Test', 'Customer']",1
L019236,Sarah Patel,Samsung Electronics GmbH,,Europe,Oscilloscopes,Event,"['AutoSens_Tech_Talk', 'PathWave_Trial_Request', 'Opportunity', 'Technical_Demo', 'AutoSens_Tech_Talk', 'No_Conversion']",0
L019237,Priya Garcia,MetaC_Tech,Semiconductor,North America,,LinkedIn,"['Loaner_Unit_Evaluation', 'AutoSens_Tech_Talk', 'Website_Product_Page', 'Whitepaper_Download_5G_Test', 'SQL', 'DesignCon_Booth_Visit', 'No_Conversion']",0
L019238,Chen Lee,Meta Connectivity Labs,Electronics,,,Webinar,"['DesignCon_Booth_Visit', 'IMS_Badge_Scan', 'Keysight_University_Course', 'Customer']",1
L019239,Sofia Anders,Samsung Electronics GmbH,Automotive,North America,,LinkedIn,"['AutoSens_Tech_Talk', 'Keysight_Workshop_RF_Testing', 'Loaner_Unit_Evaluation', 'DesignCon_Booth_Visit', 'No_Conversion']",0
L019240,Sofia Lee,,Semiconductor,APAC,PathWave Software,Sales Outreach,['No_Conversion'],0
L019241,Sarah Chen,NXPSe_Tech,Electronics,LATAM,5G Testbeds,Sales Outreach,"['SQL', 'Oscilloscope_Selector_Tool', 'IMS_Badge_Scan', 'Loaner_Unit_Evaluation', 'No_Conversion']",0
L019242,Hiroshi Johnson,MetaC_Tech,Automotive,LATAM,5G Testbeds,Website,"['Whitepaper_Download_5G_Test', 'Opportunity', 'Keysight_University_Course', 'Application_Engineer_Call', 'Keysight_University_Course', 'Opportunity', 'Opportunity', 'Keysight_University_Course', 'Keysight_Workshop_RF_Testing', 'Lab_Integration_Discussion', 'No_Conversion']",0
L019243,Maria Martinez,NXP Semiconductors,,North America,,Webinar,"['Application_Engineer_Call', 'Keysight_Workshop_RF_Testing', 'Oscilloscope_Selector_Tool', 'Customer']",1
L019244,Michael Lee,Broadcom,Electronics,North America,,Event,"['Technical_Demo', 'Whitepaper_Download_5G_Test', 'Oscilloscope_Selector_Tool', 'MQL', 'Keysight_Workshop_RF_Testing', 'Technical_Demo', 'Loaner_Unit_Evaluation', 'Technical_Demo', 'SQL', 'SQL', 'Customer']",1
L019245,Sofia Martinez,Raytheon GmbH,Electronics,North America,5G Testbeds,Event,"['DesignCon_Booth_Visit', 'Whitepaper_Download_5G_Test', 'PathWave_Trial_Request', 'Keysight_University_Course', 'Whitepaper_Download_5G_Test', 'Application_Engineer_Call', 'No_Conversion']",0
L019246,Ravi Patel,Broad_Tech,Aerospace,Europe,,Event,"['Opportunity', 'IMS_Badge_Scan', 'Application_Engineer_Call', 'Loaner_Unit_Evaluation', 'DesignCon_Booth_Visit', 'Keysight_University_Course', 'Keysight_Workshop_RF_Testing', 'SQL', 'AutoSens_Tech_Talk', 'LinkedIn_Ad_Click', 'No_Conversion']",0
L019247,Hiroshi Tanaka,Bosch_Tech,Telecom,LATAM,Oscilloscopes,,"['LinkedIn_Ad_Click', 'Website_Product_Page', 'Technical_Demo', 'Customer']",1
L019248,Michael Khan,,,APAC,,Email Campaign,"['Opportunity', 'Opportunity', 'Opportunity', 'PathWave_Trial_Request', 'Customer']",1
L019249,Priya Singh,NXPSe_Tech,,APAC,,LinkedIn,"['Loaner_Unit_Evaluation', 'Loaner_Unit_Evaluation', 'LinkedIn_Ad_Click', 'Customer']",1
L019250,Ravi Khan,Raytheon,Electronics,Europe,PathWave Software,Website,"['Keysight_University_Course', 'AutoSens_Tech_Talk', 'Website_Product_Page', 'AutoSens_Tech_Talk', 'No_Conversion']",0
L019251,Ahmed Anders,Qualc_Tech,Semiconductor,North America,Oscilloscopes,LinkedIn,"['Opportunity', 'Application_Engineer_Call', 'Website_Product_Page', 'DesignCon_Booth_Visit', 'LinkedIn_Ad_Click', 'Keysight_Workshop_RF_Testing', 'Keysight_University_Course', 'LinkedIn_Ad_Click', 'Customer']",1
L019252,Sarah Anders,Qualcomm,Aerospace,LATAM,PathWave Software,Website,"['Opportunity', 'LinkedIn_Ad_Click', 'PathWave_Trial_Request', 'SQL', 'MQL', 'Keysight_University_Course', 'MQL', 'Customer']",1
L019253,Priya Garcia,Rayth_Tech,Automotive,North America,PathWave Software,Sales Outreach,"['MQL', 'IMS_Badge_Scan', 'AutoSens_Tech_Talk', 'Whitepaper_Download_5G_Test', 'PathWave_Trial_Request', 'No_Conversion']",0
L019254,Ravi Garcia,,Semiconductor,LATAM,,Event,"['AutoSens_Tech_Talk', 'Customer']",1
L019255,Priya Lee,Bosch GmbH,Aerospace,North America,,Webinar,"['Loaner_Unit_Evaluation', 'Loaner_Unit_Evaluation', 'Keysight_University_Course', 'Application_Engineer_Call', 'Oscilloscope_Selector_Tool', 'No_Conversion']",0
L019256,Priya Lee,Qualcomm GmbH,Semiconductor,LATAM,,Webinar,['Customer'],1
L019257,Daniel Johnson,Bosch GmbH,,LATAM,Oscilloscopes,Sales Outreach,"['Application_Engineer_Call', 'Keysight_Workshop_RF_Testing', 'Website_Product_Page', 'No_Conversion']",0
L019258,Maria Lee,Tesla Energy,Automotive,LATAM,,Email Campaign,"['Lab_Integration_Discussion', 'Keysight_University_Course', 'Opportunity', 'SQL', 'AutoSens_Tech_Talk', 'LinkedIn_Ad_Click', 'Loaner_Unit_Evaluation', 'PathWave_Trial_Request', 'Customer']",1
L019259,Daniel Martinez,Sony_Tech,,Europe,Automotive Ethernet,Sales Outreach,"['Lab_Integration_Discussion', 'PathWave_Trial_Request', 'Technical_Demo', 'Website_Product_Page', 'LinkedIn_Ad_Click', 'Customer']",1
L019260,Maria Johnson,,,Europe,Oscilloscopes,LinkedIn,['Customer'],1
L019261,Hiroshi Johnson,Bosch_Tech,Aerospace,APAC,,LinkedIn,"['AutoSens_Tech_Talk', 'IMS_Badge_Scan', 'Lab_Integration_Discussion', 'AutoSens_Tech_Talk', 'DesignCon_Booth_Visit', 'LinkedIn_Ad_Click', 'No_Conversion']",0
L019262,Michael Tanaka,Infin_Tech,Semiconductor,North America,,Webinar,"['Website_Product_Page', 'IMS_Badge_Scan', 'LinkedIn_Ad_Click', 'Oscilloscope_Selector_Tool', 'No_Conversion']",0
L019263,Ravi Singh,Raytheon,Telecom,North America,,,"['Oscilloscope_Selector_Tool', 'Technical_Demo', 'PathWave_Trial_Request', 'Customer']",1
L019264,Priya Patel,,Semiconductor,APAC,Oscilloscopes,Webinar,"['Website_Product_Page', 'SQL', 'PathWave_Trial_Request', 'Keysight_University_Course', 'Customer']",1
L019265,Sarah Singh,,Automotive,Europe,,,"['Technical_Demo', 'Lab_Integration_Discussion', 'No_Conversion']",0
L019266,,Tesla Energy GmbH,Semiconductor,LATAM,Automotive Ethernet,Sales Outreach,"['IMS_Badge_Scan', 'Keysight_University_Course', 'DesignCon_Booth_Visit', 'AutoSens_Tech_Talk', 'Lab_Integration_Discussion', 'Website_Product_Page', 'Keysight_Workshop_RF_Testing', 'MQL', 'Customer']",1
L019267,Ahmed Ito,Sony GmbH,Semiconductor,APAC,PathWave Software,Website,"['AutoSens_Tech_Talk', 'Technical_Demo', 'Keysight_Workshop_RF_Testing', 'LinkedIn_Ad_Click', 'Loaner_Unit_Evaluation', 'Keysight_Workshop_RF_Testing', 'DesignCon_Booth_Visit', 'LinkedIn_Ad_Click', 'PathWave_Trial_Request', 'MQL', 'Customer']",1
L019268,Sofia Johnson,NXPSe_Tech,,LATAM,PathWave Software,LinkedIn,"['MQL', 'IMS_Badge_Scan', 'No_Conversion']",0
L019269,Maria Anders,,,,5G Testbeds,,"['Lab_Integration_Discussion', 'Keysight_Workshop_RF_Testing', 'DesignCon_Booth_Visit', 'Keysight_Workshop_RF_Testing', 'Customer']",1
L019270,Kenji Williams,,Aerospace,Europe,,Email Campaign,"['Keysight_University_Course', 'IMS_Badge_Scan', 'PathWave_Trial_Request', 'No_Conversion']",0
L019271,Sofia Tanaka,Sony GmbH,,APAC,,,"['Whitepaper_Download_5G_Test', 'AutoSens_Tech_Talk', 'PathWave_Trial_Request', 'Opportunity', 'Customer']",1
L019272,Priya Ito,Meta Connectivity Labs GmbH,Electronics,APAC,PathWave Software,Email Campaign,['No_Conversion'],0
L019273,Laura Singh,Raytheon,Aerospace,Europe,,Sales Outreach,"['MQL', 'Customer']",1
L019274,Daniel Anders,,Semiconductor,Europe,,Event,"['PathWave_Trial_Request', 'Keysight_Workshop_RF_Testing', 'PathWave_Trial_Request', 'No_Conversion']",0
L019275,Michael Garcia,,,APAC,PathWave Software,Email Campaign,"['AutoSens_Tech_Talk', 'Keysight_University_Course', 'SQL', 'Loaner_Unit_Evaluation', 'PathWave_Trial_Request', 'Keysight_Workshop_RF_Testing', 'Technical_Demo', 'No_Conversion']",0
L019276,Maria Williams,Samsu_Tech,Automotive,,Automotive Ethernet,,"['AutoSens_Tech_Talk', 'LinkedIn_Ad_Click', 'Keysight_Workshop_RF_Testing', 'SQL', 'Customer']",1
L019277,Chen Khan,Broadcom GmbH,Aerospace,,,Sales Outreach,"['Oscilloscope_Selector_Tool', 'Oscilloscope_Selector_Tool', 'PathWave_Trial_Request', 'Opportunity', 'Application_Engineer_Call', 'No_Conversion']",0
L019278,Kenji Khan,,,Europe,,Email Campaign,"['Loaner_Unit_Evaluation', 'Customer']",1
L019279,Chen Singh,Infin_Tech,Semiconductor,,Oscilloscopes,LinkedIn,"['Oscilloscope_Selector_Tool', 'MQL', 'MQL', 'No_Conversion']",0
L019280,,Tesla Energy,,,,Event,"['Opportunity', 'Keysight_Workshop_RF_Testing', 'No_Conversion']",0
L019281,Kenji Patel,,Automotive,North America,Oscilloscopes,,"['PathWave_Trial_Request', 'No_Conversion']",0
L019282,Priya Khan,Qualc_Tech,Semiconductor,Europe,5G Testbeds,Email Campaign,"['Oscilloscope_Selector_Tool', 'Loaner_Unit_Evaluation', 'IMS_Badge_Scan', 'IMS_Badge_Scan', 'No_Conversion']",0
L019283,Hiroshi Williams,Bosch,Aerospace,LATAM,,Event,"['DesignCon_Booth_Visit', 'AutoSens_Tech_Talk', 'Keysight_Workshop_RF_Testing', 'IMS_Badge_Scan', 'PathWave_Trial_Request', 'Keysight_University_Course', 'PathWave_Trial_Request', 'Opportunity', 'Lab_Integration_Discussion', 'Technical_Demo', 'Customer']",1
L019284,Ahmed Patel,Sony GmbH,,North America,,Webinar,"['Website_Product_Page', 'MQL', 'Keysight_University_Course', 'PathWave_Trial_Request', 'No_Conversion']",0
L019285,Daniel Johnson,Tesla_Tech,Aerospace,Europe,,Sales Outreach,"['LinkedIn_Ad_Click', 'AutoSens_Tech_Talk', 'Customer']",1
L019286,Kenji Lee,Samsu_Tech,Aerospace,Europe,Oscilloscopes,Email Campaign,"['PathWave_Trial_Request', 'SQL', 'PathWave_Trial_Request', 'No_Conversion']",0
L019287,Kenji Singh,,Automotive,Europe,,Website,"['SQL', 'Technical_Demo', 'Oscilloscope_Selector_Tool', 'IMS_Badge_Scan', 'Loaner_Unit_Evaluation', 'Oscilloscope_Selector_Tool', 'LinkedIn_Ad_Click', 'Customer']",1
L019288,Sarah Johnson,Tesla Energy GmbH,,Europe,,Email Campaign,"['Loaner_Unit_Evaluation', 'Keysight_Workshop_RF_Testing', 'Whitepaper_Download_5G_Test', 'Lab_Integration_Discussion', 'Lab_Integration_Discussion', 'Whitepaper_Download_5G_Test', 'Website_Product_Page', 'Customer']",1
L019289,Sofia Anders,Meta Connectivity Labs,,North America,Oscilloscopes,LinkedIn,['Customer'],1
L019290,Hiroshi Patel,MetaC_Tech,Automotive,APAC,Oscilloscopes,Website,"['PathWave_Trial_Request', 'SQL', 'MQL', 'No_Conversion']",0
L019291,Kenji Singh,Qualc_Tech,Aerospace,LATAM,Automotive Ethernet,Website,"['Loaner_Unit_Evaluation', 'Opportunity', 'Keysight_Workshop_RF_Testing', 'MQL', 'Whitepaper_Download_5G_Test', 'No_Conversion']",0
L019292,Chen Williams,,,,Automotive Ethernet,LinkedIn,"['Lab_Integration_Discussion', 'LinkedIn_Ad_Click', 'Whitepaper_Download_5G_Test', 'Customer']",1
L019293,Sarah Tanaka,Tesla_Tech,Automotive,LATAM,Oscilloscopes,Website,"['LinkedIn_Ad_Click', 'IMS_Badge_Scan', 'AutoSens_Tech_Talk', 'Opportunity', 'DesignCon_Booth_Visit', 'Oscilloscope_Selector_Tool', 'Oscilloscope_Selector_Tool', 'SQL', 'SQL', 'Keysight_Workshop_RF_Testing', 'Customer']",1
L019294,Chen Ito,Infin_Tech,Automotive,APAC,PathWave Software,,"['Oscilloscope_Selector_Tool', 'SQL', 'LinkedIn_Ad_Click', 'Keysight_University_Course', 'Lab_Integration_Discussion', 'Customer']",1
L019295,Sarah Ito,Broadcom GmbH,Aerospace,APAC,5G Testbeds,,"['Lab_Integration_Discussion', 'IMS_Badge_Scan', 'IMS_Badge_Scan', 'Application_Engineer_Call', 'Loaner_Unit_Evaluation', 'MQL', 'Lab_Integration_Discussion', 'SQL', 'SQL', 'Whitepaper_Download_5G_Test', 'No_Conversion']",0
L019296,Kenji Khan,Raytheon GmbH,Automotive,APAC,Oscilloscopes,Email Campaign,['No_Conversion'],0
L019297,Hiroshi Singh,Infineon GmbH,,,,Webinar,"['Opportunity', 'Application_Engineer_Call', 'PathWave_Trial_Request', 'Whitepaper_Download_5G_Test', 'Technical_Demo', 'DesignCon_Booth_Visit', 'AutoSens_Tech_Talk', 'No_Conversion']",0
L019298,Hiroshi Anders,Sony_Tech,Aerospace,Europe,PathWave Software,Email Campaign,"['SQL', 'Technical_Demo', 'Loaner_Unit_Evaluation', 'Whitepaper_Download_5G_Test', 'LinkedIn_Ad_Click', 'Lab_Integration_Discussion', 'Application_Engineer_Call', 'DesignCon_Booth_Visit', 'Customer']",1
L019299,Sarah Patel,,Electronics,Europe,PathWave Software,Webinar,"['Keysight_University_Course', 'Application_Engineer_Call', 'DesignCon_Booth_Visit', 'Opportunity', 'Oscilloscope_Selector_Tool', 'Lab_Integration_Discussion', 'Keysight_Workshop_RF_Testing', 'Lab_Integration_Discussion', 'Customer']",1
L019300,Hiroshi Lee,,Semiconductor,APAC,5G Testbeds,Webinar,"['Opportunity', 'MQL', 'Keysight_University_Course', 'MQL', 'MQL', 'Whitepaper_Download_5G_Test', 'DesignCon_Booth_Visit', 'No_Conversion']",0
L019301,Sarah Chen,,Aerospace,APAC,,Event,"['Oscilloscope_Selector_Tool', 'Lab_Integration_Discussion', 'Keysight_Workshop_RF_Testing', 'Keysight_University_Course', 'Lab_Integration_Discussion', 'No_Conversion']",0
L019302,Hiroshi Chen,,Electronics,APAC,Oscilloscopes,Event,"['Loaner_Unit_Evaluation', 'Technical_Demo', 'Oscilloscope_Selector_Tool', 'Keysight_Workshop_RF_Testing', 'MQL', 'IMS_Badge_Scan', 'No_Conversion']",0
L019303,Chen Chen,Bosch,Automotive,Europe,Automotive Ethernet,,"['DesignCon_Booth_Visit', 'SQL', 'DesignCon_Booth_Visit', 'Application_Engineer_Call', 'Customer']",1
L019304,Kenji Anders,Infineon,Automotive,,5G Testbeds,,"['MQL', 'AutoSens_Tech_Talk', 'IMS_Badge_Scan', 'Application_Engineer_Call', 'Whitepaper_Download_5G_Test', 'No_Conversion']",0
L019305,Michael Singh,Broad_Tech,Electronics,,PathWave Software,LinkedIn,"['Keysight_University_Course', 'SQL', 'Loaner_Unit_Evaluation', 'Customer']",1
L019306,Daniel Patel,Meta Connectivity Labs GmbH,Automotive,LATAM,,Sales Outreach,"['Opportunity', 'Loaner_Unit_Evaluation', 'Oscilloscope_Selector_Tool', 'IMS_Badge_Scan', 'Opportunity', 'Application_Engineer_Call', 'Loaner_Unit_Evaluation', 'No_Conversion']",0
L019307,Sarah Khan,Sony_Tech,Electronics,APAC,Automotive Ethernet,LinkedIn,"['IMS_Badge_Scan', 'DesignCon_Booth_Visit', 'Customer']",1
L019308,Ahmed Ito,Tesla Energy,Telecom,APAC,,Event,"['LinkedIn_Ad_Click', 'PathWave_Trial_Request', 'Opportunity', 'Keysight_Workshop_RF_Testing', 'No_Conversion']",0
L019309,Ahmed Lee,Sony,,North America,Oscilloscopes,Email Campaign,"['Website_Product_Page', 'MQL', 'Customer']",1
L019310,Maria Johnson,Broadcom GmbH,Semiconductor,,5G Testbeds,Webinar,"['Technical_Demo', 'Loaner_Unit_Evaluation', 'Lab_Integration_Discussion', 'Opportunity', 'Application_Engineer_Call', 'Loaner_Unit_Evaluation', 'Keysight_Workshop_RF_Testing', 'Website_Product_Page', 'No_Conversion']",0
L019311,Laura Williams,Infineon GmbH,Aerospace,North America,Oscilloscopes,Webinar,"['DesignCon_Booth_Visit', 'LinkedIn_Ad_Click', 'Technical_Demo', 'Loaner_Unit_Evaluation', 'PathWave_Trial_Request', 'Loaner_Unit_Evaluation', 'Opportunity', 'Whitepaper_Download_5G_Test', 'Customer']",1
L019312,Kenji Williams,Meta Connectivity Labs GmbH,,APAC,Oscilloscopes,Sales Outreach,"['IMS_Badge_Scan', 'Lab_Integration_Discussion', 'Opportunity', 'Loaner_Unit_Evaluation', 'Keysight_University_Course', 'Website_Product_Page', 'No_Conversion']",0
L019313,Kenji Martinez,Bosch_Tech,Aerospace,,Oscilloscopes,Website,"['PathWave_Trial_Request', 'Customer']",1
L019314,Maria Ito,MetaC_Tech,Aerospace,APAC,,Sales Outreach,"['Keysight_Workshop_RF_Testing', 'SQL', 'DesignCon_Booth_Visit', 'Keysight_University_Course', 'DesignCon_Booth_Visit', 'Application_Engineer_Call', 'Application_Engineer_Call', 'Customer']",1
L019315,Maria Singh,,Electronics,LATAM,PathWave Software,Event,"['Loaner_Unit_Evaluation', 'AutoSens_Tech_Talk', 'Keysight_University_Course', 'MQL', 'Keysight_University_Course', 'Application_Engineer_Call', 'Lab_Integration_Discussion', 'PathWave_Trial_Request', 'Application_Engineer_Call', 'No_Conversion']",0
L019316,,Tesla_Tech,,LATAM,Oscilloscopes,,"['Oscilloscope_Selector_Tool', 'Application_Engineer_Call', 'Customer']",1
L019317,Priya Singh,Bosch_Tech,Electronics,LATAM,,,"['Technical_Demo', 'Loaner_Unit_Evaluation', 'DesignCon_Booth_Visit', 'Oscilloscope_Selector_Tool', 'No_Conversion']",0
L019318,Michael Patel,Rayth_Tech,Aerospace,Europe,,Sales Outreach,"['Oscilloscope_Selector_Tool', 'DesignCon_Booth_Visit', 'No_Conversion']",0
L019319,Priya Ito,Bosch GmbH,Automotive,Europe,,Event,"['Technical_Demo', 'PathWave_Trial_Request', 'Loaner_Unit_Evaluation', 'MQL', 'MQL', 'Website_Product_Page', 'Loaner_Unit_Evaluation', 'MQL', 'Customer']",1
L019320,Ahmed Garcia,,Semiconductor,,5G Testbeds,Webinar,"['Keysight_University_Course', 'AutoSens_Tech_Talk', 'Opportunity', 'Website_Product_Page', 'IMS_Badge_Scan', 'Oscilloscope_Selector_Tool', 'Technical_Demo', 'No_Conversion']",0
L019321,Ahmed Lee,Tesla Energy,,APAC,PathWave Software,,"['AutoSens_Tech_Talk', 'Application_Engineer_Call', 'IMS_Badge_Scan', 'Website_Product_Page', 'Opportunity', 'Application_Engineer_Call', 'No_Conversion']",0
L019322,,Qualc_Tech,Aerospace,Europe,,Webinar,"['Loaner_Unit_Evaluation', 'AutoSens_Tech_Talk', 'LinkedIn_Ad_Click', 'PathWave_Trial_Request', 'MQL', 'PathWave_Trial_Request', 'Website_Product_Page', 'No_Conversion']",0
L019323,Michael Williams,NXP Semiconductors GmbH,Automotive,,Oscilloscopes,Sales Outreach,"['IMS_Badge_Scan', 'Customer']",1
L019324,Kenji Patel,MetaC_Tech,Telecom,,,,"['AutoSens_Tech_Talk', 'Website_Product_Page', 'No_Conversion']",0
L019325,Kenji Chen,Meta Connectivity Labs,,LATAM,Automotive Ethernet,Event,"['Website_Product_Page', 'Customer']",1
L019326,,Qualc_Tech,Electronics,North America,PathWave Software,Email Campaign,"['AutoSens_Tech_Talk', 'Website_Product_Page', 'Keysight_Workshop_RF_Testing', 'IMS_Badge_Scan', 'Customer']",1
L019327,Sarah Martinez,,Aerospace,,,Event,"['Website_Product_Page', 'LinkedIn_Ad_Click', 'Website_Product_Page', 'Lab_Integration_Discussion', 'Website_Product_Page', 'Technical_Demo', 'Application_Engineer_Call', 'IMS_Badge_Scan', 'No_Conversion']",0
L019328,Laura Patel,Broad_Tech,Semiconductor,,5G Testbeds,Email Campaign,"['PathWave_Trial_Request', 'AutoSens_Tech_Talk', 'Keysight_Workshop_RF_Testing', 'Application_Engineer_Call', 'Lab_Integration_Discussion', 'Loaner_Unit_Evaluation', 'Whitepaper_Download_5G_Test', 'Customer']",1
L019329,Sarah Singh,Tesla Energy,Automotive,,,Website,"['PathWave_Trial_Request', 'PathWave_Trial_Request', 'Keysight_Workshop_RF_Testing', 'Application_Engineer_Call', 'Opportunity', 'Oscilloscope_Selector_Tool', 'Customer']",1
L019330,,Samsung Electronics GmbH,Telecom,LATAM,,Sales Outreach,"['IMS_Badge_Scan', 'Keysight_University_Course', 'LinkedIn_Ad_Click', 'Customer']",1
L019331,Maria Singh,Bosch,Automotive,Europe,,Webinar,['No_Conversion'],0
L019332,Ravi Martinez,NXP Semiconductors,Semiconductor,,Oscilloscopes,LinkedIn,"['SQL', 'DesignCon_Booth_Visit', 'Keysight_University_Course', 'Loaner_Unit_Evaluation', 'DesignCon_Booth_Visit', 'No_Conversion']",0
L019333,Michael Lee,Bosch,Automotive,APAC,5G Testbeds,Website,"['PathWave_Trial_Request', 'AutoSens_Tech_Talk', 'Opportunity', 'MQL', 'Website_Product_Page', 'Loaner_Unit_Evaluation', 'MQL', 'Customer']",1
L019334,,Tesla Energy,Telecom,APAC,Automotive Ethernet,Event,"['Technical_Demo', 'SQL', 'Customer']",1
L019335,Priya Johnson,Samsung Electronics,Aerospace,,,Sales Outreach,"['LinkedIn_Ad_Click', 'Loaner_Unit_Evaluation', 'PathWave_Trial_Request', 'Keysight_Workshop_RF_Testing', 'MQL', 'Loaner_Unit_Evaluation', 'Customer']",1
L019336,Sarah Tanaka,Meta Connectivity Labs,Electronics,LATAM,Oscilloscopes,Webinar,"['LinkedIn_Ad_Click', 'Website_Product_Page', 'Customer']",1
L019337,,,Semiconductor,Europe,PathWave Software,Email Campaign,"['Lab_Integration_Discussion', 'SQL', 'Customer']",1
L019338,Sofia Lee,Sony_Tech,Electronics,LATAM,Automotive Ethernet,Website,"['Lab_Integration_Discussion', 'IMS_Badge_Scan', 'SQL', 'Opportunity', 'Keysight_Workshop_RF_Testing', 'Loaner_Unit_Evaluation', 'IMS_Badge_Scan', 'No_Conversion']",0
L019339,Sarah Patel,Meta Connectivity Labs GmbH,Electronics,North America,,Webinar,"['AutoSens_Tech_Talk', 'SQL', 'Website_Product_Page', 'DesignCon_Booth_Visit', 'No_Conversion']",0
L019340,Hiroshi Tanaka,,Automotive,APAC,5G Testbeds,Website,"['Website_Product_Page', 'Website_Product_Page', 'Technical_Demo', 'LinkedIn_Ad_Click', 'Technical_Demo', 'IMS_Badge_Scan', 'Opportunity', 'Customer']",1
L019341,Maria Chen,Tesla Energy GmbH,Semiconductor,Europe,Automotive Ethernet,LinkedIn,"['AutoSens_Tech_Talk', 'PathWave_Trial_Request', 'Lab_Integration_Discussion', 'AutoSens_Tech_Talk', 'Oscilloscope_Selector_Tool', 'DesignCon_Booth_Visit', 'Customer']",1
L019342,Kenji Khan,NXPSe_Tech,Aerospace,APAC,,Sales Outreach,"['Lab_Integration_Discussion', 'DesignCon_Booth_Visit', 'Application_Engineer_Call', 'Whitepaper_Download_5G_Test', 'AutoSens_Tech_Talk', 'MQL', 'Website_Product_Page', 'Application_Engineer_Call', 'Keysight_University_Course', 'Keysight_University_Course', 'Customer']",1
L019343,,Qualc_Tech,,North America,5G Testbeds,Sales Outreach,['No_Conversion'],0
L019344,Kenji Chen,,,,PathWave Software,Webinar,"['Whitepaper_Download_5G_Test', 'Keysight_University_Course', 'Website_Product_Page', 'No_Conversion']",0
L019345,Hiroshi Chen,Bosch,,APAC,PathWave Software,Webinar,['No_Conversion'],0
L019346,Kenji Williams,Bosch,Telecom,North America,Automotive Ethernet,LinkedIn,"['Website_Product_Page', 'PathWave_Trial_Request', 'Website_Product_Page', 'Keysight_Workshop_RF_Testing', 'Whitepaper_Download_5G_Test', 'IMS_Badge_Scan', 'No_Conversion']",0
L019347,Sarah Ito,Samsu_Tech,,Europe,,,"['PathWave_Trial_Request', 'Lab_Integration_Discussion', 'Keysight_University_Course', 'PathWave_Trial_Request', 'Customer']",1
L019348,,Raytheon GmbH,Telecom,,,Event,"['Loaner_Unit_Evaluation', 'SQL', 'IMS_Badge_Scan', 'Keysight_Workshop_RF_Testing', 'No_Conversion']",0
L019349,Kenji Patel,Samsu_Tech,,APAC,,LinkedIn,"['AutoSens_Tech_Talk', 'LinkedIn_Ad_Click', 'PathWave_Trial_Request', 'Application_Engineer_Call', 'SQL', 'SQL', 'Whitepaper_Download_5G_Test', 'PathWave_Trial_Request', 'Application_Engineer_Call', 'Loaner_Unit_Evaluation', 'No_Conversion']",0
L019350,,Bosch_Tech,Automotive,Europe,PathWave Software,Website,"['Opportunity', 'No_Conversion']",0
L019351,Daniel Johnson,Sony,Aerospace,Europe,5G Testbeds,LinkedIn,"['Lab_Integration_Discussion', 'Keysight_University_Course', 'Loaner_Unit_Evaluation', 'No_Conversion']",0
L019352,Michael Anders,Samsung Electronics GmbH,Semiconductor,LATAM,,Website,"['Keysight_University_Course', 'SQL', 'PathWave_Trial_Request', 'DesignCon_Booth_Visit', 'Website_Product_Page', 'Customer']",1
L019353,Kenji Singh,MetaC_Tech,Telecom,Europe,Automotive Ethernet,LinkedIn,"['Keysight_University_Course', 'Keysight_Workshop_RF_Testing', 'LinkedIn_Ad_Click', 'Lab_Integration_Discussion', 'MQL', 'No_Conversion']",0
L019354,Priya Singh,Bosch,Aerospace,Europe,5G Testbeds,Website,"['Keysight_University_Course', 'Keysight_University_Course', 'SQL', 'MQL', 'No_Conversion']",0
L019355,Laura Williams,Bosch_Tech,Aerospace,APAC,Oscilloscopes,Website,"['Keysight_Workshop_RF_Testing', 'Loaner_Unit_Evaluation', 'Lab_Integration_Discussion', 'MQL', 'No_Conversion']",0
L019356,Hiroshi Lee,,,LATAM,Oscilloscopes,,"['Loaner_Unit_Evaluation', 'PathWave_Trial_Request', 'Keysight_University_Course', 'Loaner_Unit_Evaluation', 'Application_Engineer_Call', 'Lab_Integration_Discussion', 'MQL', 'No_Conversion']",0
L019357,Michael Johnson,Broad_Tech,,Europe,,,"['Application_Engineer_Call', 'MQL', 'PathWave_Trial_Request', 'Application_Engineer_Call', 'SQL', 'Oscilloscope_Selector_Tool', 'No_Conversion']",0
L019358,Sarah Singh,Tesla Energy,Automotive,LATAM,,Sales Outreach,"['Website_Product_Page', 'DesignCon_Booth_Visit', 'Technical_Demo', 'Loaner_Unit_Evaluation', 'Opportunity', 'No_Conversion']",0
L019359,Michael Chen,,,Europe,Automotive Ethernet,Website,"['Website_Product_Page', 'DesignCon_Booth_Visit', 'No_Conversion']",0
L019360,Ravi Ito,Infineon,Electronics,Europe,Oscilloscopes,,"['Loaner_Unit_Evaluation', 'DesignCon_Booth_Visit', 'Customer']",1
L019361,Daniel Garcia,Tesla Energy GmbH,,Europe,Automotive Ethernet,Event,"['MQL', 'Keysight_Workshop_RF_Testing', 'IMS_Badge_Scan', 'Lab_Integration_Discussion', 'MQL', 'Application_Engineer_Call', 'Application_Engineer_Call', 'Whitepaper_Download_5G_Test', 'Keysight_University_Course', 'SQL', 'No_Conversion']",0
L019362,,Tesla_Tech,Telecom,,Automotive Ethernet,Event,"['DesignCon_Booth_Visit', 'MQL', 'MQL', 'Oscilloscope_Selector_Tool', 'Loaner_Unit_Evaluation', 'AutoSens_Tech_Talk', 'Keysight_University_Course', 'Oscilloscope_Selector_Tool', 'Opportunity', 'No_Conversion']",0
L019363,Sofia Ito,Broadcom GmbH,,APAC,5G Testbeds,Email Campaign,"['Lab_Integration_Discussion', 'LinkedIn_Ad_Click', 'AutoSens_Tech_Talk', 'DesignCon_Booth_Visit', 'Application_Engineer_Call', 'DesignCon_Booth_Visit', 'Keysight_Workshop_RF_Testing', 'Technical_Demo', 'No_Conversion']",0
L019364,,NXPSe_Tech,,,,Website,"['Keysight_University_Course', 'LinkedIn_Ad_Click', 'IMS_Badge_Scan', 'IMS_Badge_Scan', 'Keysight_Workshop_RF_Testing', 'Opportunity', 'LinkedIn_Ad_Click', 'Loaner_Unit_Evaluation', 'MQL', 'No_Conversion']",0
L019365,Sofia Singh,,Aerospace,North America,,Website,"['PathWave_Trial_Request', 'No_Conversion']",0
L019366,Kenji Garcia,Meta Connectivity Labs,Automotive,Europe,Oscilloscopes,Email Campaign,"['Keysight_University_Course', 'AutoSens_Tech_Talk', 'PathWave_Trial_Request', 'Customer']",1
L019367,Laura Singh,Tesla Energy GmbH,Semiconductor,LATAM,,,"['DesignCon_Booth_Visit', 'Application_Engineer_Call', 'No_Conversion']",0
L019368,Maria Khan,Broadcom GmbH,,APAC,5G Testbeds,Sales Outreach,"['Whitepaper_Download_5G_Test', 'Customer']",1
L019369,Ravi Williams,Sony,Telecom,LATAM,PathWave Software,,"['Technical_Demo', 'No_Conversion']",0
L019370,Priya Ito,,Electronics,APAC,,Sales Outreach,"['Loaner_Unit_Evaluation', 'Keysight_Workshop_RF_Testing', 'Whitepaper_Download_5G_Test', 'Whitepaper_Download_5G_Test', 'No_Conversion']",0
L019371,Ahmed Anders,,Semiconductor,Europe,Oscilloscopes,Sales Outreach,"['Keysight_Workshop_RF_Testing', 'Oscilloscope_Selector_Tool', 'DesignCon_Booth_Visit', 'No_Conversion']",0
L019372,Chen Anders,Meta Connectivity Labs GmbH,Semiconductor,,,LinkedIn,"['Lab_Integration_Discussion', 'Oscilloscope_Selector_Tool', 'Lab_Integration_Discussion', 'Lab_Integration_Discussion', 'AutoSens_Tech_Talk', 'Website_Product_Page', 'Customer']",1
L019373,,Sony,Semiconductor,,,Webinar,"['Lab_Integration_Discussion', 'Keysight_University_Course', 'Customer']",1
L019374,Sofia Anders,Sony GmbH,Aerospace,Europe,,Website,"['DesignCon_Booth_Visit', 'Application_Engineer_Call', 'Loaner_Unit_Evaluation', 'No_Conversion']",0
L019375,Maria Ito,Broadcom,Aerospace,APAC,Oscilloscopes,Sales Outreach,"['DesignCon_Booth_Visit', 'Whitepaper_Download_5G_Test', 'No_Conversion']",0
L019376,Hiroshi Lee,Rayth_Tech,Telecom,APAC,Oscilloscopes,Website,"['Application_Engineer_Call', 'LinkedIn_Ad_Click', 'SQL', 'Loaner_Unit_Evaluation', 'Loaner_Unit_Evaluation', 'No_Conversion']",0
L019377,Priya Chen,Samsu_Tech,Semiconductor,APAC,Automotive Ethernet,Website,"['Lab_Integration_Discussion', 'Application_Engineer_Call', 'LinkedIn_Ad_Click', 'Website_Product_Page', 'SQL', 'Oscilloscope_Selector_Tool', 'No_Conversion']",0
L019378,Ravi Patel,,,,PathWave Software,Webinar,"['Lab_Integration_Discussion', 'Whitepaper_Download_5G_Test', 'Keysight_Workshop_RF_Testing', 'Keysight_University_Course', 'Oscilloscope_Selector_Tool', 'Customer']",1
L019379,Ravi Patel,Broad_Tech,Telecom,,,Event,"['PathWave_Trial_Request', 'DesignCon_Booth_Visit', 'IMS_Badge_Scan', 'Keysight_Workshop_RF_Testing', 'LinkedIn_Ad_Click', 'IMS_Badge_Scan', 'Keysight_Workshop_RF_Testing', 'Technical_Demo', 'Website_Product_Page', 'MQL', 'Customer']",1
L019380,Hiroshi Williams,NXP Semiconductors GmbH,Automotive,North America,5G Testbeds,,"['AutoSens_Tech_Talk', 'MQL', 'IMS_Badge_Scan', 'MQL', 'No_Conversion']",0
L019381,Daniel Singh,,Automotive,LATAM,,Event,"['MQL', 'IMS_Badge_Scan', 'No_Conversion']",0
L019382,,Sony GmbH,Semiconductor,LATAM,5G Testbeds,Website,"['DesignCon_Booth_Visit', 'LinkedIn_Ad_Click', 'Website_Product_Page', 'DesignCon_Booth_Visit', 'Loaner_Unit_Evaluation', 'Lab_Integration_Discussion', 'No_Conversion']",0
L019383,Sarah Garcia,Bosch GmbH,,North America,Oscilloscopes,LinkedIn,['No_Conversion'],0
L019384,Maria Khan,Qualcomm,Automotive,APAC,Automotive Ethernet,Event,"['MQL', 'Opportunity', 'MQL', 'SQL', 'No_Conversion']",0
L019385,,,Aerospace,,,Webinar,"['Keysight_Workshop_RF_Testing', 'AutoSens_Tech_Talk', 'Customer']",1
L019386,,,Automotive,Europe,,,"['Whitepaper_Download_5G_Test', 'Application_Engineer_Call', 'AutoSens_Tech_Talk', 'Technical_Demo', 'No_Conversion']",0
L019387,,Samsung Electronics GmbH,Semiconductor,LATAM,,Website,"['Opportunity', 'IMS_Badge_Scan', 'Loaner_Unit_Evaluation', 'Opportunity', 'Customer']",1
L019388,Daniel Chen,Raytheon,Electronics,LATAM,Oscilloscopes,Event,"['LinkedIn_Ad_Click', 'LinkedIn_Ad_Click', 'Whitepaper_Download_5G_Test', 'PathWave_Trial_Request', 'Customer']",1
L019389,Chen Tanaka,,Telecom,North America,Oscilloscopes,Event,"['Keysight_University_Course', 'Whitepaper_Download_5G_Test', 'Keysight_University_Course', 'Technical_Demo', 'No_Conversion']",0
L019390,Maria Williams,Tesla_Tech,,,,Event,"['Application_Engineer_Call', 'Keysight_Workshop_RF_Testing', 'SQL', 'Loaner_Unit_Evaluation', 'Loaner_Unit_Evaluation', 'No_Conversion']",0
L019391,Laura Williams,Tesla Energy GmbH,Electronics,,Automotive Ethernet,Event,"['Opportunity', 'Whitepaper_Download_5G_Test', 'IMS_Badge_Scan', 'Keysight_Workshop_RF_Testing', 'IMS_Badge_Scan', 'No_Conversion']",0
L019392,Sarah Garcia,Sony_Tech,,Europe,,Sales Outreach,['No_Conversion'],0
L019393,Hiroshi Martinez,Infin_Tech,,,5G Testbeds,Website,"['IMS_Badge_Scan', 'Loaner_Unit_Evaluation', 'Application_Engineer_Call', 'AutoSens_Tech_Talk', 'Loaner_Unit_Evaluation', 'Whitepaper_Download_5G_Test', 'Application_Engineer_Call', 'No_Conversion']",0
L019394,Priya Patel,Bosch GmbH,Automotive,LATAM,5G Testbeds,LinkedIn,"['AutoSens_Tech_Talk', 'DesignCon_Booth_Visit', 'SQL', 'Application_Engineer_Call', 'Technical_Demo', 'LinkedIn_Ad_Click', 'Loaner_Unit_Evaluation', 'Opportunity', 'No_Conversion']",0
L019395,Kenji Lee,Bosch_Tech,,Europe,Oscilloscopes,Email Campaign,"['Lab_Integration_Discussion', 'PathWave_Trial_Request', 'LinkedIn_Ad_Click', 'Oscilloscope_Selector_Tool', 'Keysight_University_Course', 'Keysight_Workshop_RF_Testing', 'SQL', 'No_Conversion']",0
L019396,Michael Ito,Infineon GmbH,Telecom,APAC,PathWave Software,Webinar,"['Whitepaper_Download_5G_Test', 'IMS_Badge_Scan', 'Application_Engineer_Call', 'No_Conversion']",0
L019397,Hiroshi Chen,,Telecom,APAC,Automotive Ethernet,Sales Outreach,"['Lab_Integration_Discussion', 'Loaner_Unit_Evaluation', 'DesignCon_Booth_Visit', 'Keysight_Workshop_RF_Testing', 'DesignCon_Booth_Visit', 'AutoSens_Tech_Talk', 'Customer']",1
L019398,Hiroshi Lee,,Semiconductor,APAC,,Event,"['PathWave_Trial_Request', 'Customer']",1
L019399,Priya Garcia,Sony,,North America,PathWave Software,LinkedIn,"['Application_Engineer_Call', 'Opportunity', 'AutoSens_Tech_Talk', 'Opportunity', 'PathWave_Trial_Request', 'LinkedIn_Ad_Click', 'Oscilloscope_Selector_Tool', 'Customer']",1
L019400,,,Aerospace,,5G Testbeds,Email Campaign,"['PathWave_Trial_Request', 'Loaner_Unit_Evaluation', 'Whitepaper_Download_5G_Test', 'SQL', 'PathWave_Trial_Request', 'PathWave_Trial_Request', 'Application_Engineer_Call', 'AutoSens_Tech_Talk', 'No_Conversion']",0
L019401,Laura Patel,Sony,Electronics,LATAM,PathWave Software,,"['AutoSens_Tech_Talk', 'Lab_Integration_Discussion', 'Opportunity', 'Oscilloscope_Selector_Tool', 'PathWave_Trial_Request', 'IMS_Badge_Scan', 'Customer']",1
L019402,Priya Khan,Samsung Electronics,Electronics,,,Event,"['MQL', 'Keysight_University_Course', 'PathWave_Trial_Request', 'Lab_Integration_Discussion', 'Customer']",1
L019403,Kenji Tanaka,Rayth_Tech,Semiconductor,Europe,Oscilloscopes,Email Campaign,"['PathWave_Trial_Request', 'Website_Product_Page', 'Keysight_University_Course', 'AutoSens_Tech_Talk', 'Website_Product_Page', 'Customer']",1
L019404,Hiroshi Lee,Infineon,Semiconductor,Europe,,Website,['Customer'],1
L019405,Hiroshi Ito,Meta Connectivity Labs,Telecom,North America,PathWave Software,,"['Keysight_University_Course', 'Application_Engineer_Call', 'MQL', 'IMS_Badge_Scan', 'PathWave_Trial_Request', 'LinkedIn_Ad_Click', 'Oscilloscope_Selector_Tool', 'LinkedIn_Ad_Click', 'Customer']",1
L019406,Daniel Tanaka,NXP Semiconductors,Telecom,APAC,,Sales Outreach,"['Oscilloscope_Selector_Tool', 'Website_Product_Page', 'Application_Engineer_Call', 'Oscilloscope_Selector_Tool', 'No_Conversion']",0
L019407,Ravi Ito,,Telecom,,Automotive Ethernet,Website,"['DesignCon_Booth_Visit', 'PathWave_Trial_Request', 'Website_Product_Page', 'No_Conversion']",0
L019408,Ahmed Singh,Meta Connectivity Labs GmbH,Semiconductor,,,Event,"['Website_Product_Page', 'AutoSens_Tech_Talk', 'PathWave_Trial_Request', 'Loaner_Unit_Evaluation', 'SQL', 'Customer']",1
L019409,Sarah Patel,NXP Semiconductors GmbH,,,,Sales Outreach,"['SQL', 'Opportunity', 'AutoSens_Tech_Talk', 'No_Conversion']",0
L019410,Ahmed Chen,Samsung Electronics,Automotive,,,Sales Outreach,"['SQL', 'IMS_Badge_Scan', 'Customer']",1
L019411,Sofia Anders,,,APAC,Automotive Ethernet,Email Campaign,"['Technical_Demo', 'Website_Product_Page', 'Website_Product_Page', 'Whitepaper_Download_5G_Test', 'Oscilloscope_Selector_Tool', 'IMS_Badge_Scan', 'Technical_Demo', 'DesignCon_Booth_Visit', 'MQL', 'Customer']",1
L019412,Chen Singh,Broadcom,Aerospace,Europe,PathWave Software,Website,['No_Conversion'],0
L019413,Kenji Chen,Samsung Electronics,,North America,5G Testbeds,Event,"['Loaner_Unit_Evaluation', 'AutoSens_Tech_Talk', 'DesignCon_Booth_Visit', 'Oscilloscope_Selector_Tool', 'No_Conversion']",0
L019414,Sofia Patel,Samsung Electronics,Aerospace,LATAM,,,"['SQL', 'LinkedIn_Ad_Click', 'Loaner_Unit_Evaluation', 'Customer']",1
L019415,Ravi Anders,,Automotive,Europe,,Webinar,"['Lab_Integration_Discussion', 'Customer']",1
L019416,Priya Lee,Meta Connectivity Labs GmbH,,LATAM,,Website,"['Website_Product_Page', 'Opportunity', 'Keysight_University_Course', 'Keysight_Workshop_RF_Testing', 'AutoSens_Tech_Talk', 'PathWave_Trial_Request', 'Opportunity', 'DesignCon_Booth_Visit', 'IMS_Badge_Scan', 'Keysight_Workshop_RF_Testing', 'No_Conversion']",0
L019417,Kenji Lee,Rayth_Tech,Aerospace,LATAM,5G Testbeds,Event,"['LinkedIn_Ad_Click', 'Loaner_Unit_Evaluation', 'Customer']",1
L019418,,,Aerospace,North America,PathWave Software,Webinar,"['DesignCon_Booth_Visit', 'Whitepaper_Download_5G_Test', 'No_Conversion']",0
L019419,Ahmed Singh,Meta Connectivity Labs GmbH,,,Oscilloscopes,Event,"['Loaner_Unit_Evaluation', 'Whitepaper_Download_5G_Test', 'Loaner_Unit_Evaluation', 'Keysight_University_Course', 'No_Conversion']",0
L019420,Sofia Patel,NXP Semiconductors GmbH,,North America,Oscilloscopes,Email Campaign,"['LinkedIn_Ad_Click', 'Whitepaper_Download_5G_Test', 'PathWave_Trial_Request', 'IMS_Badge_Scan', 'Keysight_University_Course', 'DesignCon_Booth_Visit', 'No_Conversion']",0
L019421,Laura Khan,Samsung Electronics GmbH,,North America,5G Testbeds,Website,"['Whitepaper_Download_5G_Test', 'Website_Product_Page', 'Website_Product_Page', 'No_Conversion']",0
L019422,Kenji Lee,Sony GmbH,Electronics,Europe,Oscilloscopes,Website,"['AutoSens_Tech_Talk', 'Keysight_Workshop_RF_Testing', 'SQL', 'Customer']",1
L019423,Laura Anders,NXP Semiconductors GmbH,Automotive,North America,Automotive Ethernet,,"['Oscilloscope_Selector_Tool', 'Keysight_Workshop_RF_Testing', 'DesignCon_Booth_Visit', 'No_Conversion']",0
L019424,Maria Singh,Raytheon,Semiconductor,Europe,5G Testbeds,Event,"['MQL', 'Loaner_Unit_Evaluation', 'MQL', 'Loaner_Unit_Evaluation', 'Oscilloscope_Selector_Tool', 'No_Conversion']",0
L019425,Maria Anders,Samsu_Tech,Semiconductor,,,Email Campaign,['No_Conversion'],0
L019426,Priya Martinez,Broad_Tech,,,,,['No_Conversion'],0
L019427,Ahmed Anders,Bosch,Aerospace,Europe,,LinkedIn,"['Oscilloscope_Selector_Tool', 'IMS_Badge_Scan', 'Keysight_University_Course', 'Technical_Demo', 'Opportunity', 'Keysight_Workshop_RF_Testing', 'AutoSens_Tech_Talk', 'Loaner_Unit_Evaluation', 'Technical_Demo', 'No_Conversion']",0
L019428,Michael Patel,Qualcomm GmbH,Telecom,LATAM,,Website,"['Keysight_Workshop_RF_Testing', 'DesignCon_Booth_Visit', 'Customer']",1
L019429,Chen Williams,Bosch GmbH,,North America,Oscilloscopes,Website,"['DesignCon_Booth_Visit', 'Loaner_Unit_Evaluation', 'Loaner_Unit_Evaluation', 'Keysight_University_Course', 'Keysight_University_Course', 'Loaner_Unit_Evaluation', 'No_Conversion']",0
L019430,Michael Chen,MetaC_Tech,Aerospace,North America,Oscilloscopes,Email Campaign,"['Lab_Integration_Discussion', 'SQL', 'DesignCon_Booth_Visit', 'Whitepaper_Download_5G_Test', 'Opportunity', 'Customer']",1
L019431,Sarah Martinez,,Electronics,North America,PathWave Software,Sales Outreach,"['Keysight_Workshop_RF_Testing', 'MQL', 'Oscilloscope_Selector_Tool', 'Opportunity', 'LinkedIn_Ad_Click', 'Whitepaper_Download_5G_Test', 'IMS_Badge_Scan', 'No_Conversion']",0
L019432,Sarah Chen,Qualcomm GmbH,Telecom,LATAM,Oscilloscopes,Sales Outreach,"['MQL', 'Website_Product_Page', 'AutoSens_Tech_Talk', 'DesignCon_Booth_Visit', 'AutoSens_Tech_Talk', 'Website_Product_Page', 'Website_Product_Page', 'Keysight_Workshop_RF_Testing', 'Customer']",1
L019433,Michael Patel,Samsu_Tech,Aerospace,APAC,Automotive Ethernet,Event,"['Whitepaper_Download_5G_Test', 'LinkedIn_Ad_Click', 'Website_Product_Page', 'Whitepaper_Download_5G_Test', 'Whitepaper_Download_5G_Test', 'DesignCon_Booth_Visit', 'Keysight_University_Course', 'IMS_Badge_Scan', 'No_Conversion']",0
L019434,Maria Tanaka,Infineon GmbH,,Europe,5G Testbeds,Sales Outreach,"['LinkedIn_Ad_Click', 'Technical_Demo', 'Opportunity', 'Customer']",1
L019435,Chen Garcia,Infin_Tech,Automotive,LATAM,,Webinar,"['Opportunity', 'IMS_Badge_Scan', 'IMS_Badge_Scan', 'MQL', 'LinkedIn_Ad_Click', 'IMS_Badge_Scan', 'Website_Product_Page', 'No_Conversion']",0
L019436,Chen Lee,NXPSe_Tech,,LATAM,,LinkedIn,"['SQL', 'Loaner_Unit_Evaluation', 'Oscilloscope_Selector_Tool', 'PathWave_Trial_Request', 'Whitepaper_Download_5G_Test', 'Customer']",1
L019437,Kenji Singh,Broad_Tech,Telecom,North America,Oscilloscopes,Sales Outreach,"['Website_Product_Page', 'Loaner_Unit_Evaluation', 'LinkedIn_Ad_Click', 'IMS_Badge_Scan', 'No_Conversion']",0
L019438,Michael Ito,Tesla_Tech,Aerospace,,Oscilloscopes,Event,"['DesignCon_Booth_Visit', 'DesignCon_Booth_Visit', 'Whitepaper_Download_5G_Test', 'No_Conversion']",0
L019439,Ahmed Khan,Broadcom,Semiconductor,APAC,,,"['Website_Product_Page', 'DesignCon_Booth_Visit', 'MQL', 'Whitepaper_Download_5G_Test', 'Lab_Integration_Discussion', 'Customer']",1
L019440,Ahmed Anders,Qualc_Tech,Semiconductor,North America,PathWave Software,,"['AutoSens_Tech_Talk', 'AutoSens_Tech_Talk', 'Lab_Integration_Discussion', 'No_Conversion']",0
L019441,Priya Ito,Samsung Electronics GmbH,Aerospace,LATAM,5G Testbeds,,"['Keysight_University_Course', 'Keysight_Workshop_RF_Testing', 'Application_Engineer_Call', 'Opportunity', 'Loaner_Unit_Evaluation', 'Customer']",1
L019442,Chen Garcia,,,Europe,PathWave Software,Website,"['Opportunity', 'IMS_Badge_Scan', 'Customer']",1
L019443,Priya Patel,Sony GmbH,,LATAM,5G Testbeds,LinkedIn,['Customer'],1
L019444,Ahmed Patel,Samsung Electronics GmbH,Semiconductor,,Oscilloscopes,Event,"['AutoSens_Tech_Talk', 'Loaner_Unit_Evaluation', 'Technical_Demo', 'Oscilloscope_Selector_Tool', 'Whitepaper_Download_5G_Test', 'Opportunity', 'Application_Engineer_Call', 'Loaner_Unit_Evaluation', 'Oscilloscope_Selector_Tool', 'MQL', 'No_Conversion']",0
L019445,Maria Johnson,Infineon GmbH,Automotive,,Automotive Ethernet,Website,"['AutoSens_Tech_Talk', 'Lab_Integration_Discussion', 'DesignCon_Booth_Visit', 'Lab_Integration_Discussion', 'Opportunity', 'LinkedIn_Ad_Click', 'No_Conversion']",0
L019446,Chen Martinez,,Electronics,APAC,,Email Campaign,"['Loaner_Unit_Evaluation', 'No_Conversion']",0
L019447,Ahmed Khan,Qualcomm GmbH,,North America,Automotive Ethernet,Webinar,"['Keysight_University_Course', 'MQL', 'SQL', 'PathWave_Trial_Request', 'AutoSens_Tech_Talk', 'Application_Engineer_Call', 'Keysight_University_Course', 'Website_Product_Page', 'No_Conversion']",0
L019448,Ravi Lee,Infineon,Automotive,,5G Testbeds,Website,"['IMS_Badge_Scan', 'Keysight_University_Course', 'Whitepaper_Download_5G_Test', 'MQL', 'PathWave_Trial_Request', 'SQL', 'Customer']",1
L019449,,,Automotive,Europe,PathWave Software,,"['Technical_Demo', 'DesignCon_Booth_Visit', 'Keysight_Workshop_RF_Testing', 'Technical_Demo', 'DesignCon_Booth_Visit', 'Customer']",1
L019450,Hiroshi Chen,Bosch GmbH,,APAC,,Website,"['AutoSens_Tech_Talk', 'PathWave_Trial_Request', 'Keysight_Workshop_RF_Testing', 'No_Conversion']",0
L019451,Daniel Khan,Samsung Electronics,Automotive,North America,5G Testbeds,,['No_Conversion'],0
L019452,Daniel Johnson,Bosch_Tech,Electronics,North America,,Webinar,"['Technical_Demo', 'Keysight_Workshop_RF_Testing', 'AutoSens_Tech_Talk', 'Website_Product_Page', 'PathWave_Trial_Request', 'Customer']",1
L019453,Daniel Martinez,NXP Semiconductors GmbH,Aerospace,APAC,,LinkedIn,"['Application_Engineer_Call', 'MQL', 'Opportunity', 'Customer']",1
L019454,Kenji Chen,Broadcom GmbH,Telecom,,PathWave Software,,"['Website_Product_Page', 'Keysight_Workshop_RF_Testing', 'Customer']",1
L019455,Kenji Lee,Raytheon,,,,Sales Outreach,"['Lab_Integration_Discussion', 'Technical_Demo', 'Keysight_Workshop_RF_Testing', 'No_Conversion']",0
L019456,Sofia Tanaka,Sony,,APAC,Automotive Ethernet,Email Campaign,"['Application_Engineer_Call', 'Loaner_Unit_Evaluation', 'Opportunity', 'Keysight_Workshop_RF_Testing', 'SQL', 'Oscilloscope_Selector_Tool', 'Customer']",1
L019457,Ahmed Garcia,Broad_Tech,Electronics,APAC,PathWave Software,Email Campaign,"['Keysight_Workshop_RF_Testing', 'Whitepaper_Download_5G_Test', 'AutoSens_Tech_Talk', 'No_Conversion']",0
L019458,Sarah Tanaka,,Telecom,North America,,Event,"['Technical_Demo', 'IMS_Badge_Scan', 'Whitepaper_Download_5G_Test', 'No_Conversion']",0
L019459,Hiroshi Ito,Bosch,Telecom,North America,,Sales Outreach,"['IMS_Badge_Scan', 'DesignCon_Booth_Visit', 'Application_Engineer_Call', 'IMS_Badge_Scan', 'Customer']",1
L019460,Sofia Johnson,Bosch,Automotive,LATAM,,Email Campaign,"['Keysight_Workshop_RF_Testing', 'Lab_Integration_Discussion', 'PathWave_Trial_Request', 'Loaner_Unit_Evaluation', 'Customer']",1
L019461,,Raytheon GmbH,Aerospace,Europe,PathWave Software,Webinar,"['MQL', 'DesignCon_Booth_Visit', 'Keysight_University_Course', 'Customer']",1
L019462,Michael Chen,,Aerospace,North America,Oscilloscopes,Webinar,"['Loaner_Unit_Evaluation', 'IMS_Badge_Scan', 'MQL', 'Customer']",1
L019463,Daniel Williams,Broadcom,Electronics,North America,Automotive Ethernet,,"['Opportunity', 'IMS_Badge_Scan', 'Oscilloscope_Selector_Tool', 'No_Conversion']",0
L019464,Maria Johnson,Tesla Energy,Telecom,APAC,,Website,"['Loaner_Unit_Evaluation', 'Application_Engineer_Call', 'DesignCon_Booth_Visit', 'Customer']",1
L019465,Ravi Martinez,,,North America,PathWave Software,Email Campaign,"['SQL', 'Opportunity', 'No_Conversion']",0
L019466,Sofia Patel,NXP Semiconductors GmbH,Semiconductor,North America,Oscilloscopes,Event,"['Keysight_University_Course', 'PathWave_Trial_Request', 'Loaner_Unit_Evaluation', 'SQL', 'Technical_Demo', 'Lab_Integration_Discussion', 'PathWave_Trial_Request', 'Whitepaper_Download_5G_Test', 'DesignCon_Booth_Visit', 'Opportunity', 'No_Conversion']",0
L019467,Ahmed Chen,Broad_Tech,Telecom,Europe,PathWave Software,Sales Outreach,"['AutoSens_Tech_Talk', 'LinkedIn_Ad_Click', 'LinkedIn_Ad_Click', 'No_Conversion']",0
L019468,Sofia Patel,Tesla Energy GmbH,,,5G Testbeds,Event,"['IMS_Badge_Scan', 'Technical_Demo', 'SQL', 'PathWave_Trial_Request', 'Opportunity', 'Whitepaper_Download_5G_Test', 'No_Conversion']",0
L019469,Ahmed Singh,,Automotive,Europe,Oscilloscopes,Sales Outreach,"['LinkedIn_Ad_Click', 'IMS_Badge_Scan', 'MQL', 'Oscilloscope_Selector_Tool', 'DesignCon_Booth_Visit', 'Oscilloscope_Selector_Tool', 'No_Conversion']",0
L019470,Chen Garcia,Bosch_Tech,,,Automotive Ethernet,Sales Outreach,['Customer'],1
L019471,Maria Anders,,Automotive,North America,,Event,"['Opportunity', 'Website_Product_Page', 'Keysight_Workshop_RF_Testing', 'Website_Product_Page', 'Loaner_Unit_Evaluation', 'Customer']",1
L019472,Michael Ito,Broad_Tech,Automotive,North America,,Sales Outreach,"['Opportunity', 'Technical_Demo', 'Keysight_Workshop_RF_Testing', 'No_Conversion']",0
L019473,Ravi Lee,Meta Connectivity Labs GmbH,Aerospace,,,Webinar,['No_Conversion'],0
L019474,Chen Khan,,Aerospace,LATAM,PathWave Software,Email Campaign,"['LinkedIn_Ad_Click', 'Application_Engineer_Call', 'Oscilloscope_Selector_Tool', 'Lab_Integration_Discussion', 'AutoSens_Tech_Talk', 'Customer']",1
L019475,Laura Patel,,Aerospace,,Oscilloscopes,Webinar,"['Lab_Integration_Discussion', 'No_Conversion']",0
L019476,Kenji Garcia,Qualc_Tech,Telecom,LATAM,Oscilloscopes,Event,['Customer'],1
L019477,Priya Ito,Tesla Energy,Electronics,Europe,,Sales Outreach,"['Opportunity', 'PathWave_Trial_Request', 'Loaner_Unit_Evaluation', 'Website_Product_Page', 'Customer']",1
L019478,Maria Johnson,,Semiconductor,APAC,PathWave Software,Email Campaign,"['Oscilloscope_Selector_Tool', 'No_Conversion']",0
L019479,Maria Tanaka,,,Europe,5G Testbeds,Webinar,"['AutoSens_Tech_Talk', 'AutoSens_Tech_Talk', 'Keysight_University_Course', 'Oscilloscope_Selector_Tool', 'LinkedIn_Ad_Click', 'No_Conversion']",0
L019480,Sofia Lee,Tesla_Tech,Automotive,APAC,,Webinar,"['Oscilloscope_Selector_Tool', 'Lab_Integration_Discussion', 'IMS_Badge_Scan', 'DesignCon_Booth_Visit', 'SQL', 'Application_Engineer_Call', 'MQL', 'Oscilloscope_Selector_Tool', 'MQL', 'Lab_Integration_Discussion', 'Customer']",1
L019481,Sofia Anders,Meta Connectivity Labs GmbH,Electronics,Europe,Oscilloscopes,Webinar,"['Technical_Demo', 'No_Conversion']",0
L019482,Maria Johnson,NXP Semiconductors,Electronics,APAC,,Event,"['SQL', 'Application_Engineer_Call', 'Opportunity', 'SQL', 'IMS_Badge_Scan', 'Website_Product_Page', 'IMS_Badge_Scan', 'Website_Product_Page', 'Customer']",1
L019483,,Tesla Energy GmbH,Electronics,APAC,Oscilloscopes,Event,"['MQL', 'DesignCon_Booth_Visit', 'AutoSens_Tech_Talk', 'Lab_Integration_Discussion', 'LinkedIn_Ad_Click', 'SQL', 'AutoSens_Tech_Talk', 'Customer']",1
L019484,Kenji Patel,,Electronics,Europe,,Email Campaign,"['Technical_Demo', 'Customer']",1
L019485,Daniel Ito,Qualcomm GmbH,,North America,,LinkedIn,"['Lab_Integration_Discussion', 'MQL', 'Keysight_Workshop_RF_Testing', 'AutoSens_Tech_Talk', 'Customer']",1
L019486,Ravi Martinez,,Electronics,North America,,Webinar,"['Lab_Integration_Discussion', 'Oscilloscope_Selector_Tool', 'LinkedIn_Ad_Click', 'Opportunity', 'Customer']",1
L019487,Kenji Anders,,Electronics,APAC,Automotive Ethernet,Sales Outreach,['No_Conversion'],0
L019488,Laura Martinez,Infin_Tech,Automotive,Europe,Automotive Ethernet,Event,"['Technical_Demo', 'Loaner_Unit_Evaluation', 'Website_Product_Page', 'AutoSens_Tech_Talk', 'Website_Product_Page', 'No_Conversion']",0
L019489,Daniel Singh,,Telecom,,PathWave Software,Email Campaign,"['AutoSens_Tech_Talk', 'No_Conversion']",0
L019490,Hiroshi Martinez,Meta Connectivity Labs GmbH,Electronics,,,Email Campaign,"['Whitepaper_Download_5G_Test', 'AutoSens_Tech_Talk', 'Oscilloscope_Selector_Tool', 'SQL', 'Whitepaper_Download_5G_Test', 'Customer']",1
L019491,Laura Lee,Meta Connectivity Labs GmbH,Semiconductor,North America,5G Testbeds,Webinar,"['DesignCon_Booth_Visit', 'Lab_Integration_Discussion', 'SQL', 'LinkedIn_Ad_Click', 'Keysight_Workshop_RF_Testing', 'Lab_Integration_Discussion', 'Customer']",1
L019492,Hiroshi Anders,,Telecom,APAC,,Webinar,"['Oscilloscope_Selector_Tool', 'SQL', 'IMS_Badge_Scan', 'Website_Product_Page', 'Customer']",1
L019493,Sarah Johnson,Bosch GmbH,Semiconductor,,Automotive Ethernet,Website,"['Keysight_Workshop_RF_Testing', 'PathWave_Trial_Request', 'Oscilloscope_Selector_Tool', 'AutoSens_Tech_Talk', 'Application_Engineer_Call', 'Technical_Demo', 'Whitepaper_Download_5G_Test', 'Opportunity', 'Oscilloscope_Selector_Tool', 'No_Conversion']",0
L019494,Chen Ito,,,,Automotive Ethernet,Website,"['Technical_Demo', 'MQL', 'Website_Product_Page', 'IMS_Badge_Scan', 'Oscilloscope_Selector_Tool', 'Technical_Demo', 'Keysight_University_Course', 'MQL', 'Oscilloscope_Selector_Tool', 'Lab_Integration_Discussion', 'Customer']",1
L019495,Laura Chen,NXP Semiconductors,,APAC,PathWave Software,Email Campaign,"['IMS_Badge_Scan', 'Opportunity', 'MQL', 'Technical_Demo', 'Customer']",1
L019496,Ahmed Garcia,Qualcomm GmbH,Semiconductor,North America,Oscilloscopes,Webinar,"['IMS_Badge_Scan', 'Keysight_Workshop_RF_Testing', 'DesignCon_Booth_Visit', 'Customer']",1
L019497,Laura Khan,Infin_Tech,,APAC,5G Testbeds,Website,"['Opportunity', 'Opportunity', 'Lab_Integration_Discussion', 'LinkedIn_Ad_Click', 'Oscilloscope_Selector_Tool', 'AutoSens_Tech_Talk', 'Customer']",1
L019498,Sofia Tanaka,Sony_Tech,Automotive,North America,,,"['Keysight_Workshop_RF_Testing', 'Keysight_University_Course', 'LinkedIn_Ad_Click', 'Keysight_University_Course', 'Website_Product_Page', 'PathWave_Trial_Request', 'Lab_Integration_Discussion', 'No_Conversion']",0
L019499,Daniel Garcia,Sony_Tech,Aerospace,,PathWave Software,,"['PathWave_Trial_Request', 'Oscilloscope_Selector_Tool', 'Opportunity', 'SQL', 'Lab_Integration_Discussion', 'AutoSens_Tech_Talk', 'LinkedIn_Ad_Click', 'Opportunity', 'Application_Engineer_Call', 'Loaner_Unit_Evaluation', 'Customer']",1
L019500,Kenji Khan,Sony GmbH,,Europe,,,"['Keysight_Workshop_RF_Testing', 'IMS_Badge_Scan', 'Application_Engineer_Call', 'Website_Product_Page', 'Application_Engineer_Call', 'IMS_Badge_Scan', 'Website_Product_Page', 'Customer']",1
L019501,Laura Lee,Meta Connectivity Labs GmbH,Electronics,APAC,Automotive Ethernet,Website,"['IMS_Badge_Scan', 'MQL', 'IMS_Badge_Scan', 'Opportunity', 'Customer']",1
L019502,Daniel Martinez,Bosch,,Europe,Oscilloscopes,Website,"['Keysight_Workshop_RF_Testing', 'Oscilloscope_Selector_Tool', 'LinkedIn_Ad_Click', 'SQL', 'IMS_Badge_Scan', 'Lab_Integration_Discussion', 'Customer']",1
L019503,Sofia Ito,,Aerospace,APAC,,Email Campaign,"['Website_Product_Page', 'MQL', 'Oscilloscope_Selector_Tool', 'Whitepaper_Download_5G_Test', 'Technical_Demo', 'SQL', 'AutoSens_Tech_Talk', 'Lab_Integration_Discussion', 'No_Conversion']",0
L019504,Chen Williams,,,Europe,,LinkedIn,"['Keysight_University_Course', 'DesignCon_Booth_Visit', 'Application_Engineer_Call', 'SQL', 'SQL', 'Oscilloscope_Selector_Tool', 'Website_Product_Page', 'Keysight_University_Course', 'LinkedIn_Ad_Click', 'Oscilloscope_Selector_Tool', 'No_Conversion']",0
L019505,Sofia Ito,Tesla Energy GmbH,,LATAM,PathWave Software,,"['LinkedIn_Ad_Click', 'Keysight_University_Course', 'LinkedIn_Ad_Click', 'MQL', 'Whitepaper_Download_5G_Test', 'Customer']",1
L019506,Chen Martinez,NXP Semiconductors,Telecom,APAC,Automotive Ethernet,Sales Outreach,"['IMS_Badge_Scan', 'Customer']",1
L019507,Maria Garcia,NXPSe_Tech,,North America,,Sales Outreach,"['DesignCon_Booth_Visit', 'Opportunity', 'MQL', 'Website_Product_Page', 'DesignCon_Booth_Visit', 'Opportunity', 'Keysight_University_Course', 'No_Conversion']",0
L019508,Maria Singh,Qualcomm GmbH,Semiconductor,North America,,LinkedIn,['No_Conversion'],0
L019509,Laura Khan,Sony,Semiconductor,APAC,,Email Campaign,['Customer'],1
L019510,Sofia Ito,NXP Semiconductors,,,,Event,"['Keysight_University_Course', 'Lab_Integration_Discussion', 'Application_Engineer_Call', 'MQL', 'LinkedIn_Ad_Click', 'Keysight_University_Course', 'Lab_Integration_Discussion', 'SQL', 'Whitepaper_Download_5G_Test', 'Customer']",1
L019511,Laura Patel,Samsung Electronics,Electronics,APAC,,Sales Outreach,"['MQL', 'Keysight_University_Course', 'Website_Product_Page', 'No_Conversion']",0
L019512,Ahmed Khan,,Automotive,,,Email Campaign,"['IMS_Badge_Scan', 'Opportunity', 'Customer']",1
L019513,Sarah Ito,Sony,Electronics,LATAM,PathWave Software,Sales Outreach,"['PathWave_Trial_Request', 'DesignCon_Booth_Visit', 'SQL', 'MQL', 'No_Conversion']",0
L019514,,Broad_Tech,Aerospace,APAC,,Sales Outreach,"['Opportunity', 'Whitepaper_Download_5G_Test', 'SQL', 'Application_Engineer_Call', 'Opportunity', 'Keysight_University_Course', 'Loaner_Unit_Evaluation', 'MQL', 'No_Conversion']",0
L019515,Laura Lee,Bosch,Automotive,,Oscilloscopes,Sales Outreach,"['Keysight_University_Course', 'PathWave_Trial_Request', 'Keysight_University_Course', 'DesignCon_Booth_Visit', 'Keysight_Workshop_RF_Testing', 'Technical_Demo', 'Opportunity', 'AutoSens_Tech_Talk', 'PathWave_Trial_Request', 'PathWave_Trial_Request', 'Customer']",1
L019516,Sofia Patel,NXP Semiconductors GmbH,Telecom,,,,"['Whitepaper_Download_5G_Test', 'Oscilloscope_Selector_Tool', 'DesignCon_Booth_Visit', 'No_Conversion']",0
L019517,Hiroshi Garcia,Infineon,,Europe,5G Testbeds,LinkedIn,"['Keysight_Workshop_RF_Testing', 'Lab_Integration_Discussion', 'No_Conversion']",0
L019518,Daniel Anders,,Automotive,North America,,Webinar,"['PathWave_Trial_Request', 'Opportunity', 'Whitepaper_Download_5G_Test', 'Application_Engineer_Call', 'Application_Engineer_Call', 'Lab_Integration_Discussion', 'Keysight_Workshop_RF_Testing', 'Customer']",1
L019519,Chen Martinez,NXP Semiconductors,Semiconductor,Europe,5G Testbeds,Sales Outreach,"['Lab_Integration_Discussion', 'Lab_Integration_Discussion', 'MQL', 'MQL', 'Customer']",1
L019520,Ahmed Johnson,Samsung Electronics GmbH,,,Automotive Ethernet,,['No_Conversion'],0
L019521,Sofia Martinez,Sony,,North America,,Email Campaign,"['PathWave_Trial_Request', 'AutoSens_Tech_Talk', 'Customer']",1
L019522,Daniel Garcia,,Automotive,,PathWave Software,Event,"['PathWave_Trial_Request', 'PathWave_Trial_Request', 'DesignCon_Booth_Visit', 'DesignCon_Booth_Visit', 'DesignCon_Booth_Visit', 'Keysight_Workshop_RF_Testing', 'Application_Engineer_Call', 'Customer']",1
L019523,Chen Garcia,,Aerospace,North America,,Event,"['DesignCon_Booth_Visit', 'No_Conversion']",0
L019524,Kenji Patel,Tesla Energy,Automotive,North America,Oscilloscopes,Email Campaign,"['Lab_Integration_Discussion', 'DesignCon_Booth_Visit', 'Oscilloscope_Selector_Tool', 'Lab_Integration_Discussion', 'MQL', 'LinkedIn_Ad_Click', 'Website_Product_Page', 'Application_Engineer_Call', 'Customer']",1
L019525,Ahmed Khan,Qualcomm GmbH,Electronics,North America,,,"['Opportunity', 'No_Conversion']",0
L019526,Maria Ito,Infineon GmbH,Aerospace,LATAM,PathWave Software,Email Campaign,"['DesignCon_Booth_Visit', 'Website_Product_Page', 'Technical_Demo', 'Whitepaper_Download_5G_Test', 'Oscilloscope_Selector_Tool', 'Application_Engineer_Call', 'IMS_Badge_Scan', 'AutoSens_Tech_Talk', 'No_Conversion']",0
L019527,Kenji Tanaka,Bosch_Tech,Telecom,Europe,Automotive Ethernet,,"['Keysight_University_Course', 'Website_Product_Page', 'Application_Engineer_Call', 'SQL', 'PathWave_Trial_Request', 'Keysight_University_Course', 'Lab_Integration_Discussion', 'Technical_Demo', 'Customer']",1
L019528,Ravi Garcia,,,APAC,,LinkedIn,['No_Conversion'],0
L019529,Michael Garcia,NXP Semiconductors,,North America,,Website,"['Keysight_University_Course', 'Technical_Demo', 'PathWave_Trial_Request', 'Keysight_Workshop_RF_Testing', 'Oscilloscope_Selector_Tool', 'Customer']",1
L019530,Michael Anders,,,LATAM,,Sales Outreach,['Customer'],1
L019531,Sarah Johnson,Qualcomm,Semiconductor,North America,Oscilloscopes,Webinar,"['Lab_Integration_Discussion', 'Application_Engineer_Call', 'Whitepaper_Download_5G_Test', 'LinkedIn_Ad_Click', 'Loaner_Unit_Evaluation', 'No_Conversion']",0
L019532,Sarah Garcia,,,Europe,5G Testbeds,,['Customer'],1
L019533,Maria Ito,Rayth_Tech,Telecom,Europe,,Website,"['Keysight_Workshop_RF_Testing', 'No_Conversion']",0
L019534,Maria Garcia,NXP Semiconductors GmbH,,North America,5G Testbeds,Email Campaign,"['Website_Product_Page', 'Application_Engineer_Call', 'AutoSens_Tech_Talk', 'Keysight_Workshop_RF_Testing', 'Whitepaper_Download_5G_Test', 'MQL', 'Customer']",1
L019535,Maria Chen,Sony GmbH,Telecom,North America,Automotive Ethernet,Webinar,"['Website_Product_Page', 'Loaner_Unit_Evaluation', 'MQL', 'No_Conversion']",0
L019536,,Raytheon,Semiconductor,APAC,5G Testbeds,Event,"['SQL', 'Keysight_University_Course', 'No_Conversion']",0
L019537,Chen Khan,Qualcomm GmbH,Electronics,APAC,,Sales Outreach,"['Technical_Demo', 'Loaner_Unit_Evaluation', 'Whitepaper_Download_5G_Test', 'Application_Engineer_Call', 'Keysight_Workshop_RF_Testing', 'Oscilloscope_Selector_Tool', 'DesignCon_Booth_Visit', 'Application_Engineer_Call', 'Customer']",1
L019538,Priya Khan,Broad_Tech,,,5G Testbeds,Sales Outreach,"['Opportunity', 'DesignCon_Booth_Visit', 'IMS_Badge_Scan', 'IMS_Badge_Scan', 'MQL', 'Keysight_University_Course', 'No_Conversion']",0
L019539,Ravi Lee,Tesla Energy GmbH,,APAC,Oscilloscopes,,"['PathWave_Trial_Request', 'MQL', 'LinkedIn_Ad_Click', 'No_Conversion']",0
L019540,Sofia Williams,Infineon GmbH,,APAC,Oscilloscopes,Sales Outreach,"['AutoSens_Tech_Talk', 'MQL', 'No_Conversion']",0
L019541,Ravi Garcia,,,Europe,PathWave Software,Event,['Customer'],1
L019542,Ahmed Chen,Infineon,Telecom,LATAM,Oscilloscopes,,"['Opportunity', 'SQL', 'PathWave_Trial_Request', 'PathWave_Trial_Request', 'Keysight_University_Course', 'Keysight_Workshop_RF_Testing', 'Website_Product_Page', 'IMS_Badge_Scan', 'Whitepaper_Download_5G_Test', 'SQL', 'Customer']",1
L019543,Daniel Martinez,NXP Semiconductors GmbH,Telecom,LATAM,,,"['Opportunity', 'PathWave_Trial_Request', 'DesignCon_Booth_Visit', 'Customer']",1
L019544,Sarah Anders,Qualcomm GmbH,,LATAM,Oscilloscopes,Event,"['SQL', 'MQL', 'SQL', 'AutoSens_Tech_Talk', 'Loaner_Unit_Evaluation', 'Application_Engineer_Call', 'LinkedIn_Ad_Click', 'Technical_Demo', 'No_Conversion']",0
L019545,Ravi Chen,Sony GmbH,,North America,,Email Campaign,['Customer'],1
L019546,Sofia Ito,Broadcom,Automotive,North America,Automotive Ethernet,Event,"['PathWave_Trial_Request', 'Application_Engineer_Call', 'Opportunity', 'Technical_Demo', 'No_Conversion']",0
L019547,Daniel Ito,Raytheon,,,Automotive Ethernet,LinkedIn,"['SQL', 'DesignCon_Booth_Visit', 'Keysight_University_Course', 'No_Conversion']",0
L019548,Kenji Anders,,Aerospace,,Automotive Ethernet,,"['PathWave_Trial_Request', 'Website_Product_Page', 'AutoSens_Tech_Talk', 'Keysight_University_Course', 'Oscilloscope_Selector_Tool', 'No_Conversion']",0
L019549,Ravi Williams,Samsung Electronics,,LATAM,,Event,"['Keysight_University_Course', 'PathWave_Trial_Request', 'No_Conversion']",0
L019550,Ahmed Khan,Bosch,Electronics,LATAM,,Sales Outreach,"['Technical_Demo', 'Application_Engineer_Call', 'AutoSens_Tech_Talk', 'No_Conversion']",0
L019551,,Bosch GmbH,Telecom,North America,PathWave Software,,"['SQL', 'SQL', 'Application_Engineer_Call', 'Customer']",1
L019552,Priya Martinez,Raytheon,Semiconductor,,,Email Campaign,"['IMS_Badge_Scan', 'MQL', 'Oscilloscope_Selector_Tool', 'Lab_Integration_Discussion', 'IMS_Badge_Scan', 'Whitepaper_Download_5G_Test', 'Customer']",1
L019553,,Tesla Energy GmbH,Automotive,North America,,,"['Keysight_Workshop_RF_Testing', 'Oscilloscope_Selector_Tool', 'Application_Engineer_Call', 'No_Conversion']",0
L019554,Hiroshi Tanaka,Bosch,,,,,['Customer'],1
L019555,Michael Garcia,Meta Connectivity Labs GmbH,,LATAM,,Sales Outreach,"['SQL', 'PathWave_Trial_Request', 'Oscilloscope_Selector_Tool', 'Customer']",1
L019556,Daniel Ito,,Electronics,North America,,LinkedIn,"['Lab_Integration_Discussion', 'Technical_Demo', 'Oscilloscope_Selector_Tool', 'No_Conversion']",0
L019557,,,Automotive,Europe,Automotive Ethernet,Sales Outreach,"['Technical_Demo', 'Application_Engineer_Call', 'LinkedIn_Ad_Click', 'Whitepaper_Download_5G_Test', 'Loaner_Unit_Evaluation', 'Customer']",1
L019558,Hiroshi Tanaka,,Aerospace,LATAM,5G Testbeds,Email Campaign,"['MQL', 'Opportunity', 'DesignCon_Booth_Visit', 'Lab_Integration_Discussion', 'Website_Product_Page', 'Technical_Demo', 'Application_Engineer_Call', 'No_Conversion']",0
L019559,Sarah Ito,Sony,,North America,,Email Campaign,"['Whitepaper_Download_5G_Test', 'PathWave_Trial_Request', 'SQL', 'MQL', 'Customer']",1
L019560,Maria Chen,Tesla Energy GmbH,Semiconductor,North America,Automotive Ethernet,Event,"['Website_Product_Page', 'Whitepaper_Download_5G_Test', 'MQL', 'MQL', 'Keysight_Workshop_RF_Testing', 'Lab_Integration_Discussion', 'Customer']",1
L019561,Kenji Johnson,Tesla Energy GmbH,Automotive,North America,PathWave Software,LinkedIn,['No_Conversion'],0
L019562,Kenji Ito,,Telecom,,5G Testbeds,Website,"['Opportunity', 'Lab_Integration_Discussion', 'SQL', 'SQL', 'DesignCon_Booth_Visit', 'Loaner_Unit_Evaluation', 'Application_Engineer_Call', 'PathWave_Trial_Request', 'DesignCon_Booth_Visit', 'Opportunity', 'No_Conversion']",0
L019563,Chen Ito,Sony_Tech,Electronics,LATAM,5G Testbeds,Event,"['PathWave_Trial_Request', 'AutoSens_Tech_Talk', 'SQL', 'Loaner_Unit_Evaluation', 'Keysight_Workshop_RF_Testing', 'Technical_Demo', 'SQL', 'Application_Engineer_Call', 'Customer']",1
L019564,Hiroshi Lee,Meta Connectivity Labs,,LATAM,,Webinar,"['Oscilloscope_Selector_Tool', 'Application_Engineer_Call', 'SQL', 'MQL', 'No_Conversion']",0
L019565,Sofia Martinez,Broad_Tech,,,,Email Campaign,"['Keysight_Workshop_RF_Testing', 'LinkedIn_Ad_Click', 'PathWave_Trial_Request', 'LinkedIn_Ad_Click', 'LinkedIn_Ad_Click', 'Application_Engineer_Call', 'PathWave_Trial_Request', 'Opportunity', 'Opportunity', 'SQL', 'Customer']",1
L019566,,,Aerospace,APAC,Oscilloscopes,,"['AutoSens_Tech_Talk', 'DesignCon_Booth_Visit', 'Loaner_Unit_Evaluation', 'SQL', 'Technical_Demo', 'AutoSens_Tech_Talk', 'DesignCon_Booth_Visit', 'Keysight_Workshop_RF_Testing', 'Keysight_Workshop_RF_Testing', 'Customer']",1
L019567,Maria Anders,Sony GmbH,Automotive,,Automotive Ethernet,Website,"['Oscilloscope_Selector_Tool', 'Keysight_Workshop_RF_Testing', 'Lab_Integration_Discussion', 'Application_Engineer_Call', 'PathWave_Trial_Request', 'Opportunity', 'Website_Product_Page', 'Customer']",1
L019568,Ravi Martinez,Infineon,Aerospace,Europe,,Website,['Customer'],1
L019569,Michael Khan,,Aerospace,,5G Testbeds,LinkedIn,['Customer'],1
L019570,,NXPSe_Tech,Aerospace,Europe,PathWave Software,LinkedIn,"['IMS_Badge_Scan', 'PathWave_Trial_Request', 'Keysight_University_Course', 'Technical_Demo', 'Oscilloscope_Selector_Tool', 'SQL', 'Lab_Integration_Discussion', 'No_Conversion']",0
L019571,Michael Martinez,Rayth_Tech,,North America,5G Testbeds,Website,"['Website_Product_Page', 'No_Conversion']",0
L019572,Daniel Lee,Bosch,Semiconductor,North America,5G Testbeds,Webinar,"['Loaner_Unit_Evaluation', 'Opportunity', 'No_Conversion']",0
L019573,Laura Garcia,Qualcomm,Automotive,LATAM,,Email Campaign,"['MQL', 'Whitepaper_Download_5G_Test', 'No_Conversion']",0
L019574,,Samsung Electronics GmbH,Semiconductor,LATAM,,Website,"['LinkedIn_Ad_Click', 'Application_Engineer_Call', 'Loaner_Unit_Evaluation', 'Website_Product_Page', 'Opportunity', 'Application_Engineer_Call', 'Lab_Integration_Discussion', 'IMS_Badge_Scan', 'Customer']",1
L019575,Daniel Anders,Tesla Energy GmbH,Semiconductor,,,Website,['No_Conversion'],0
L019576,,NXP Semiconductors,,North America,,,"['Loaner_Unit_Evaluation', 'Loaner_Unit_Evaluation', 'LinkedIn_Ad_Click', 'Customer']",1
L019577,Sofia Williams,MetaC_Tech,Electronics,North America,Oscilloscopes,Email Campaign,"['Loaner_Unit_Evaluation', 'Whitepaper_Download_5G_Test', 'Customer']",1
L019578,Chen Williams,,,Europe,,Webinar,"['Keysight_Workshop_RF_Testing', 'Technical_Demo', 'SQL', 'IMS_Badge_Scan', 'Keysight_University_Course', 'Lab_Integration_Discussion', 'No_Conversion']",0
L019579,Daniel Garcia,Infineon,,LATAM,,,"['Website_Product_Page', 'Website_Product_Page', 'MQL', 'LinkedIn_Ad_Click', 'Technical_Demo', 'Whitepaper_Download_5G_Test', 'No_Conversion']",0
L019580,Michael Johnson,Bosch_Tech,Telecom,North America,,LinkedIn,['Customer'],1
L019581,,,Electronics,,,Email Campaign,"['Website_Product_Page', 'Customer']",1
L019582,Kenji Khan,Sony_Tech,Telecom,Europe,PathWave Software,Webinar,"['AutoSens_Tech_Talk', 'Keysight_Workshop_RF_Testing', 'Loaner_Unit_Evaluation', 'Application_Engineer_Call', 'Customer']",1
L019583,Hiroshi Tanaka,Qualcomm GmbH,Semiconductor,APAC,Oscilloscopes,Email Campaign,"['DesignCon_Booth_Visit', 'Oscilloscope_Selector_Tool', 'AutoSens_Tech_Talk', 'Whitepaper_Download_5G_Test', 'Website_Product_Page', 'Customer']",1
L019584,Maria Ito,NXPSe_Tech,,LATAM,Oscilloscopes,Webinar,"['Loaner_Unit_Evaluation', 'SQL', 'LinkedIn_Ad_Click', 'LinkedIn_Ad_Click', 'Application_Engineer_Call', 'MQL', 'No_Conversion']",0
L019585,Laura Garcia,,Electronics,LATAM,,Event,"['Lab_Integration_Discussion', 'MQL', 'SQL', 'Opportunity', 'Keysight_Workshop_RF_Testing', 'Website_Product_Page', 'MQL', 'Keysight_University_Course', 'Opportunity', 'Customer']",1
L019586,Ravi Tanaka,Tesla Energy GmbH,,North America,,LinkedIn,"['IMS_Badge_Scan', 'AutoSens_Tech_Talk', 'SQL', 'Customer']",1
L019587,Maria Singh,Qualcomm GmbH,Automotive,,,Webinar,"['LinkedIn_Ad_Click', 'No_Conversion']",0
L019588,Hiroshi Khan,Rayth_Tech,,,PathWave Software,Event,"['Oscilloscope_Selector_Tool', 'Application_Engineer_Call', 'SQL', 'PathWave_Trial_Request', 'Customer']",1
L019589,Priya Ito,Qualcomm,Semiconductor,LATAM,Oscilloscopes,Sales Outreach,"['Loaner_Unit_Evaluation', 'Application_Engineer_Call', 'Customer']",1
L019590,Laura Martinez,Infin_Tech,,Europe,,Website,"['Website_Product_Page', 'MQL', 'Opportunity', 'AutoSens_Tech_Talk', 'DesignCon_Booth_Visit', 'DesignCon_Booth_Visit', 'Customer']",1
L019591,Laura Williams,,Automotive,LATAM,,Event,"['Keysight_Workshop_RF_Testing', 'Keysight_Workshop_RF_Testing', 'Technical_Demo', 'SQL', 'Customer']",1
L019592,Chen Johnson,Raytheon,Aerospace,Europe,PathWave Software,Website,['No_Conversion'],0
L019593,Sarah Williams,Meta Connectivity Labs GmbH,,LATAM,,Sales Outreach,['Customer'],1
L019594,Priya Williams,Tesla_Tech,Telecom,,PathWave Software,,['No_Conversion'],0
L019595,Laura Chen,Qualcomm,Semiconductor,APAC,PathWave Software,Sales Outreach,"['DesignCon_Booth_Visit', 'Lab_Integration_Discussion', 'AutoSens_Tech_Talk', 'No_Conversion']",0
L019596,Priya Lee,Bosch_Tech,Automotive,North America,,Website,"['Oscilloscope_Selector_Tool', 'Opportunity', 'MQL', 'Customer']",1
L019597,Sarah Singh,,Semiconductor,LATAM,5G Testbeds,Email Campaign,"['Keysight_Workshop_RF_Testing', 'Lab_Integration_Discussion', 'Loaner_Unit_Evaluation', 'Lab_Integration_Discussion', 'Customer']",1
L019598,Sofia Anders,Samsung Electronics GmbH,Semiconductor,North America,PathWave Software,Event,"['Oscilloscope_Selector_Tool', 'Keysight_Workshop_RF_Testing', 'No_Conversion']",0
L019599,Michael Ito,,,,5G Testbeds,Website,"['MQL', 'SQL', 'PathWave_Trial_Request', 'No_Conversion']",0
L019600,Kenji Khan,NXPSe_Tech,Automotive,North America,Oscilloscopes,Website,"['IMS_Badge_Scan', 'SQL', 'Lab_Integration_Discussion', 'Keysight_University_Course', 'Technical_Demo', 'IMS_Badge_Scan', 'SQL', 'Oscilloscope_Selector_Tool', 'Loaner_Unit_Evaluation', 'Customer']",1
L019601,Sofia Williams,NXP Semiconductors,Automotive,LATAM,Automotive Ethernet,Event,"['Lab_Integration_Discussion', 'PathWave_Trial_Request', 'Lab_Integration_Discussion', 'Customer']",1
L019602,Maria Garcia,Tesla_Tech,Electronics,,,LinkedIn,"['PathWave_Trial_Request', 'Technical_Demo', 'MQL', 'MQL', 'Whitepaper_Download_5G_Test', 'No_Conversion']",0
L019603,,Tesla_Tech,,North America,,Event,"['Keysight_Workshop_RF_Testing', 'Customer']",1
L019604,Ahmed Johnson,Sony_Tech,,Europe,Automotive Ethernet,Webinar,"['PathWave_Trial_Request', 'Keysight_University_Course', 'SQL', 'Oscilloscope_Selector_Tool', 'Customer']",1
L019605,Kenji Singh,,Electronics,,,Webinar,['No_Conversion'],0
L019606,Kenji Khan,NXPSe_Tech,Semiconductor,APAC,5G Testbeds,Website,"['Loaner_Unit_Evaluation', 'DesignCon_Booth_Visit', 'Technical_Demo', 'Oscilloscope_Selector_Tool', 'Customer']",1
L019607,Ravi Chen,Raytheon GmbH,Telecom,Europe,,Website,"['PathWave_Trial_Request', 'Customer']",1
L019608,Ahmed Ito,Tesla_Tech,Aerospace,LATAM,PathWave Software,,['Customer'],1
L019609,Daniel Tanaka,,Aerospace,,,LinkedIn,"['LinkedIn_Ad_Click', 'IMS_Badge_Scan', 'LinkedIn_Ad_Click', 'No_Conversion']",0
L019610,Ahmed Garcia,,,,,LinkedIn,"['MQL', 'LinkedIn_Ad_Click', 'Loaner_Unit_Evaluation', 'DesignCon_Booth_Visit', 'Customer']",1
L019611,Laura Martinez,Qualcomm GmbH,Semiconductor,LATAM,PathWave Software,LinkedIn,['No_Conversion'],0
L019612,Michael Lee,Sony,Telecom,North America,Automotive Ethernet,Event,"['MQL', 'SQL', 'Lab_Integration_Discussion', 'No_Conversion']",0
L019613,Kenji Ito,,Telecom,,5G Testbeds,Webinar,"['DesignCon_Booth_Visit', 'Application_Engineer_Call', 'PathWave_Trial_Request', 'Application_Engineer_Call', 'No_Conversion']",0
L019614,Hiroshi Tanaka,Infin_Tech,Aerospace,,,Webinar,"['MQL', 'Technical_Demo', 'Oscilloscope_Selector_Tool', 'Customer']",1
L019615,Maria Tanaka,Sony GmbH,Aerospace,LATAM,,Webinar,"['Opportunity', 'Customer']",1
L019616,Daniel Lee,,Automotive,,PathWave Software,Webinar,"['AutoSens_Tech_Talk', 'No_Conversion']",0
L019617,Ravi Martinez,,Semiconductor,LATAM,Oscilloscopes,Email Campaign,"['Loaner_Unit_Evaluation', 'IMS_Badge_Scan', 'Lab_Integration_Discussion', 'IMS_Badge_Scan', 'Technical_Demo', 'Lab_Integration_Discussion', 'Website_Product_Page', 'PathWave_Trial_Request', 'Customer']",1
L019618,Priya Anders,Broadcom GmbH,Telecom,,5G Testbeds,Webinar,"['Website_Product_Page', 'Whitepaper_Download_5G_Test', 'Customer']",1
L019619,,Tesla Energy GmbH,Semiconductor,,,Email Campaign,"['Keysight_Workshop_RF_Testing', 'SQL', 'Technical_Demo', 'Website_Product_Page', 'Keysight_Workshop_RF_Testing', 'Application_Engineer_Call', 'Whitepaper_Download_5G_Test', 'PathWave_Trial_Request', 'SQL', 'Customer']",1
L019620,Chen Khan,Tesla Energy,,Europe,Automotive Ethernet,LinkedIn,"['Opportunity', 'Opportunity', 'AutoSens_Tech_Talk', 'SQL', 'PathWave_Trial_Request', 'Keysight_University_Course', 'Application_Engineer_Call', 'No_Conversion']",0
L019621,Michael Chen,Rayth_Tech,Electronics,,5G Testbeds,Event,"['SQL', 'Technical_Demo', 'Application_Engineer_Call', 'Customer']",1
L019622,Priya Williams,Tesla_Tech,Automotive,,PathWave Software,LinkedIn,"['Keysight_University_Course', 'Opportunity', 'MQL', 'Customer']",1
L019623,Priya Patel,Qualcomm GmbH,Automotive,,Automotive Ethernet,Webinar,['No_Conversion'],0
L019624,Chen Singh,Bosch GmbH,,APAC,Oscilloscopes,Website,"['AutoSens_Tech_Talk', 'AutoSens_Tech_Talk', 'Oscilloscope_Selector_Tool', 'DesignCon_Booth_Visit', 'No_Conversion']",0
L019625,Kenji Martinez,,,Europe,Automotive Ethernet,Website,"['Loaner_Unit_Evaluation', 'AutoSens_Tech_Talk', 'DesignCon_Booth_Visit', 'AutoSens_Tech_Talk', 'Whitepaper_Download_5G_Test', 'Keysight_University_Course', 'PathWave_Trial_Request', 'No_Conversion']",0
L019626,Hiroshi Ito,,,LATAM,,Email Campaign,"['Keysight_University_Course', 'Lab_Integration_Discussion', 'Oscilloscope_Selector_Tool', 'Opportunity', 'Technical_Demo', 'PathWave_Trial_Request', 'No_Conversion']",0
L019627,Hiroshi Ito,,Automotive,,Oscilloscopes,LinkedIn,['Customer'],1
L019628,Laura Martinez,Sony_Tech,Automotive,North America,,Email Campaign,"['Oscilloscope_Selector_Tool', 'AutoSens_Tech_Talk', 'PathWave_Trial_Request', 'No_Conversion']",0
L019629,Laura Patel,Qualcomm GmbH,Telecom,North America,,Webinar,['Customer'],1
L019630,Laura Patel,,,APAC,Oscilloscopes,Email Campaign,"['Keysight_University_Course', 'IMS_Badge_Scan', 'DesignCon_Booth_Visit', 'No_Conversion']",0
L019631,Michael Singh,Meta Connectivity Labs GmbH,Telecom,North America,5G Testbeds,LinkedIn,"['PathWave_Trial_Request', 'Website_Product_Page', 'Customer']",1
L019632,Michael Singh,Raytheon,Electronics,North America,PathWave Software,Website,"['Website_Product_Page', 'Loaner_Unit_Evaluation', 'No_Conversion']",0
L019633,Daniel Martinez,Sony GmbH,Automotive,LATAM,Automotive Ethernet,Sales Outreach,"['MQL', 'DesignCon_Booth_Visit', 'IMS_Badge_Scan', 'Keysight_University_Course', 'Keysight_Workshop_RF_Testing', 'MQL', 'No_Conversion']",0
L019634,Michael Martinez,Qualcomm,,APAC,Oscilloscopes,Event,"['Loaner_Unit_Evaluation', 'Opportunity', 'No_Conversion']",0
L019635,Kenji Patel,,,LATAM,,Event,"['Opportunity', 'Website_Product_Page', 'PathWave_Trial_Request', 'SQL', 'Customer']",1
L019636,Kenji Martinez,Meta Connectivity Labs GmbH,,APAC,PathWave Software,Sales Outreach,"['Opportunity', 'Loaner_Unit_Evaluation', 'Loaner_Unit_Evaluation', 'Oscilloscope_Selector_Tool', 'Keysight_University_Course', 'Customer']",1
L019637,Daniel Anders,Samsu_Tech,,APAC,5G Testbeds,Webinar,"['Loaner_Unit_Evaluation', 'Oscilloscope_Selector_Tool', 'Keysight_University_Course', 'DesignCon_Booth_Visit', 'Customer']",1
L019638,Kenji Chen,Qualcomm,Aerospace,North America,,Event,"['LinkedIn_Ad_Click', 'Loaner_Unit_Evaluation', 'DesignCon_Booth_Visit', 'Opportunity', 'PathWave_Trial_Request', 'No_Conversion']",0
L019639,Hiroshi Lee,Sony GmbH,Automotive,,Automotive Ethernet,Website,['No_Conversion'],0
L019640,,Qualcomm,Automotive,APAC,Oscilloscopes,Event,"['LinkedIn_Ad_Click', 'Oscilloscope_Selector_Tool', 'Application_Engineer_Call', 'Customer']",1
L019641,Hiroshi Williams,Infin_Tech,,North America,5G Testbeds,Website,"['Whitepaper_Download_5G_Test', 'Lab_Integration_Discussion', 'Loaner_Unit_Evaluation', 'Technical_Demo', 'LinkedIn_Ad_Click', 'Website_Product_Page', 'Lab_Integration_Discussion', 'DesignCon_Booth_Visit', 'Keysight_University_Course', 'Customer']",1
L019642,Ahmed Tanaka,,Aerospace,North America,PathWave Software,Event,"['Lab_Integration_Discussion', 'MQL', 'IMS_Badge_Scan', 'No_Conversion']",0
L019643,Ravi Ito,Broad_Tech,,North America,,Webinar,"['LinkedIn_Ad_Click', 'Opportunity', 'Loaner_Unit_Evaluation', 'PathWave_Trial_Request', 'Loaner_Unit_Evaluation', 'AutoSens_Tech_Talk', 'PathWave_Trial_Request', 'Customer']",1
L019644,Sofia Williams,Bosch GmbH,Electronics,,,Website,"['Lab_Integration_Discussion', 'Technical_Demo', 'Whitepaper_Download_5G_Test', 'DesignCon_Booth_Visit', 'Keysight_Workshop_RF_Testing', 'Customer']",1
L019645,Priya Chen,Infin_Tech,Telecom,North America,Oscilloscopes,,"['Keysight_Workshop_RF_Testing', 'Keysight_Workshop_RF_Testing', 'Loaner_Unit_Evaluation', 'Loaner_Unit_Evaluation', 'No_Conversion']",0
L019646,Maria Johnson,,Aerospace,LATAM,5G Testbeds,Webinar,"['Keysight_University_Course', 'PathWave_Trial_Request', 'DesignCon_Booth_Visit', 'Loaner_Unit_Evaluation', 'Lab_Integration_Discussion', 'AutoSens_Tech_Talk', 'Website_Product_Page', 'SQL', 'PathWave_Trial_Request', 'Customer']",1
L019647,Ahmed Martinez,,Automotive,,Automotive Ethernet,LinkedIn,"['DesignCon_Booth_Visit', 'Application_Engineer_Call', 'Website_Product_Page', 'LinkedIn_Ad_Click', 'Website_Product_Page', 'No_Conversion']",0
L019648,Laura Johnson,Qualcomm GmbH,Automotive,APAC,Automotive Ethernet,LinkedIn,"['MQL', 'Loaner_Unit_Evaluation', 'IMS_Badge_Scan', 'Customer']",1
L019649,Sarah Tanaka,Qualcomm GmbH,,APAC,PathWave Software,Sales Outreach,"['LinkedIn_Ad_Click', 'Application_Engineer_Call', 'Keysight_Workshop_RF_Testing', 'Technical_Demo', 'No_Conversion']",0
L019650,Hiroshi Johnson,Bosch_Tech,Semiconductor,LATAM,5G Testbeds,Sales Outreach,"['Opportunity', 'Application_Engineer_Call', 'Opportunity', 'Opportunity', 'IMS_Badge_Scan', 'No_Conversion']",0
L019651,Sofia Patel,Bosch_Tech,,LATAM,PathWave Software,Webinar,"['Whitepaper_Download_5G_Test', 'Lab_Integration_Discussion', 'Keysight_Workshop_RF_Testing', 'No_Conversion']",0
L019652,Laura Ito,Broadcom GmbH,Aerospace,APAC,Automotive Ethernet,,['No_Conversion'],0
L019653,Chen Garcia,Meta Connectivity Labs,,North America,Automotive Ethernet,Sales Outreach,"['Oscilloscope_Selector_Tool', 'LinkedIn_Ad_Click', 'Technical_Demo', 'Oscilloscope_Selector_Tool', 'PathWave_Trial_Request', 'Lab_Integration_Discussion', 'AutoSens_Tech_Talk', 'Customer']",1
L019654,Laura Johnson,Meta Connectivity Labs GmbH,Telecom,Europe,,,"['Website_Product_Page', 'Keysight_University_Course', 'Whitepaper_Download_5G_Test', 'Loaner_Unit_Evaluation', 'PathWave_Trial_Request', 'Keysight_Workshop_RF_Testing', 'Customer']",1
L019655,Ahmed Johnson,Samsung Electronics GmbH,,LATAM,,Email Campaign,"['Loaner_Unit_Evaluation', 'Keysight_University_Course', 'SQL', 'Keysight_Workshop_RF_Testing', 'MQL', 'IMS_Badge_Scan', 'SQL', 'Opportunity', 'SQL', 'Customer']",1
L019656,Maria Chen,Broad_Tech,Aerospace,Europe,,Website,"['PathWave_Trial_Request', 'MQL', 'Website_Product_Page', 'Customer']",1
L019657,Kenji Patel,,Telecom,,5G Testbeds,Sales Outreach,"['LinkedIn_Ad_Click', 'Keysight_Workshop_RF_Testing', 'Loaner_Unit_Evaluation', 'Customer']",1
L019658,Kenji Lee,Bosch,Electronics,LATAM,Oscilloscopes,LinkedIn,"['DesignCon_Booth_Visit', 'AutoSens_Tech_Talk', 'Loaner_Unit_Evaluation', 'Loaner_Unit_Evaluation', 'Keysight_University_Course', 'Loaner_Unit_Evaluation', 'DesignCon_Booth_Visit', 'Keysight_Workshop_RF_Testing', 'Application_Engineer_Call', 'Customer']",1
L019659,Kenji Williams,,,LATAM,5G Testbeds,Email Campaign,['Customer'],1
L019660,Ahmed Lee,Qualc_Tech,Automotive,LATAM,,Email Campaign,"['Application_Engineer_Call', 'Website_Product_Page', 'Technical_Demo', 'LinkedIn_Ad_Click', 'DesignCon_Booth_Visit', 'PathWave_Trial_Request', 'Opportunity', 'AutoSens_Tech_Talk', 'AutoSens_Tech_Talk', 'Customer']",1
L019661,Ahmed Khan,Bosch GmbH,Telecom,LATAM,Automotive Ethernet,LinkedIn,"['Technical_Demo', 'SQL', 'DesignCon_Booth_Visit', 'Opportunity', 'PathWave_Trial_Request', 'PathWave_Trial_Request', 'No_Conversion']",0
L019662,Maria Tanaka,,Semiconductor,LATAM,,LinkedIn,"['Website_Product_Page', 'MQL', 'AutoSens_Tech_Talk', 'SQL', 'DesignCon_Booth_Visit', 'Oscilloscope_Selector_Tool', 'Oscilloscope_Selector_Tool', 'No_Conversion']",0
L019663,Ahmed Lee,,Aerospace,,,Email Campaign,"['LinkedIn_Ad_Click', 'SQL', 'LinkedIn_Ad_Click', 'Customer']",1
L019664,Priya Singh,,,North America,5G Testbeds,Website,"['Website_Product_Page', 'LinkedIn_Ad_Click', 'Keysight_University_Course', 'SQL', 'SQL', 'Keysight_Workshop_RF_Testing', 'IMS_Badge_Scan', 'No_Conversion']",0
L019665,Laura Patel,,,Europe,PathWave Software,Event,"['PathWave_Trial_Request', 'AutoSens_Tech_Talk', 'MQL', 'Lab_Integration_Discussion', 'No_Conversion']",0
L019666,Sarah Chen,Qualcomm,,APAC,Oscilloscopes,Website,"['Technical_Demo', 'Whitepaper_Download_5G_Test', 'IMS_Badge_Scan', 'SQL', 'DesignCon_Booth_Visit', 'Technical_Demo', 'DesignCon_Booth_Visit', 'Keysight_University_Course', 'PathWave_Trial_Request', 'No_Conversion']",0
L019667,Daniel Williams,Infineon GmbH,Telecom,LATAM,PathWave Software,Email Campaign,"['IMS_Badge_Scan', 'DesignCon_Booth_Visit', 'Opportunity', 'Website_Product_Page', 'PathWave_Trial_Request', 'Technical_Demo', 'No_Conversion']",0
L019668,,Bosch,,,,Webinar,"['Keysight_University_Course', 'LinkedIn_Ad_Click', 'SQL', 'Opportunity', 'Customer']",1
L019669,Michael Singh,NXP Semiconductors GmbH,Telecom,,,Sales Outreach,"['Opportunity', 'MQL', 'Loaner_Unit_Evaluation', 'PathWave_Trial_Request', 'Technical_Demo', 'Whitepaper_Download_5G_Test', 'Whitepaper_Download_5G_Test', 'Whitepaper_Download_5G_Test', 'Customer']",1
L019670,Laura Martinez,,Automotive,LATAM,PathWave Software,LinkedIn,"['Opportunity', 'PathWave_Trial_Request', 'Loaner_Unit_Evaluation', 'Customer']",1
L019671,Chen Anders,Samsu_Tech,Automotive,Europe,,Website,"['SQL', 'Customer']",1
L019672,Hiroshi Williams,Sony GmbH,Aerospace,North America,,Sales Outreach,['Customer'],1
L019673,Laura Khan,,Telecom,APAC,PathWave Software,Event,"['Loaner_Unit_Evaluation', 'MQL', 'Website_Product_Page', 'AutoSens_Tech_Talk', 'Lab_Integration_Discussion', 'Opportunity', 'Website_Product_Page', 'No_Conversion']",0
L019674,Ravi Garcia,Tesla_Tech,Automotive,Europe,Automotive Ethernet,Website,"['Opportunity', 'Customer']",1
L019675,Laura Garcia,Tesla_Tech,Electronics,North America,,LinkedIn,"['Website_Product_Page', 'Loaner_Unit_Evaluation', 'LinkedIn_Ad_Click', 'Keysight_Workshop_RF_Testing', 'PathWave_Trial_Request', 'Whitepaper_Download_5G_Test', 'Customer']",1
L019676,Maria Tanaka,Infin_Tech,Telecom,North America,PathWave Software,LinkedIn,"['MQL', 'Opportunity', 'Oscilloscope_Selector_Tool', 'MQL', 'MQL', 'Application_Engineer_Call', 'Website_Product_Page', 'Customer']",1
L019677,Hiroshi Tanaka,Sony,Semiconductor,North America,,LinkedIn,"['Keysight_Workshop_RF_Testing', 'No_Conversion']",0
L019678,Maria Williams,Raytheon GmbH,Automotive,,Oscilloscopes,Event,"['Website_Product_Page', 'No_Conversion']",0
L019679,Ahmed Anders,Meta Connectivity Labs,Aerospace,North America,PathWave Software,Sales Outreach,"['IMS_Badge_Scan', 'AutoSens_Tech_Talk', 'Lab_Integration_Discussion', 'Customer']",1
L019680,Hiroshi Tanaka,Infin_Tech,Electronics,North America,,Sales Outreach,"['LinkedIn_Ad_Click', 'Website_Product_Page', 'MQL', 'Oscilloscope_Selector_Tool', 'Customer']",1
L019681,Ravi Patel,Bosch GmbH,Semiconductor,LATAM,,,"['SQL', 'Oscilloscope_Selector_Tool', 'Loaner_Unit_Evaluation', 'No_Conversion']",0
L019682,Hiroshi Ito,Infin_Tech,Aerospace,LATAM,5G Testbeds,Sales Outreach,"['PathWave_Trial_Request', 'Application_Engineer_Call', 'Technical_Demo', 'LinkedIn_Ad_Click', 'DesignCon_Booth_Visit', 'Customer']",1
L019683,Chen Lee,Raytheon GmbH,Semiconductor,,Automotive Ethernet,Website,"['Opportunity', 'Customer']",1
L019684,Daniel Johnson,Tesla_Tech,,Europe,,Website,"['Loaner_Unit_Evaluation', 'No_Conversion']",0
L019685,Ahmed Khan,Broad_Tech,,LATAM,,Event,['Customer'],1
L019686,Sofia Martinez,NXPSe_Tech,,Europe,5G Testbeds,Event,"['Lab_Integration_Discussion', 'Customer']",1
L019687,Laura Martinez,Raytheon GmbH,,,,Webinar,"['Opportunity', 'Website_Product_Page', 'No_Conversion']",0
L019688,Sofia Khan,Raytheon GmbH,,LATAM,Automotive Ethernet,Sales Outreach,"['LinkedIn_Ad_Click', 'Opportunity', 'Technical_Demo', 'Website_Product_Page', 'Whitepaper_Download_5G_Test', 'Whitepaper_Download_5G_Test', 'Website_Product_Page', 'Keysight_University_Course', 'Lab_Integration_Discussion', 'No_Conversion']",0
L019689,Sarah Lee,Tesla Energy GmbH,Aerospace,North America,,Website,"['Keysight_Workshop_RF_Testing', 'Whitepaper_Download_5G_Test', 'Lab_Integration_Discussion', 'Loaner_Unit_Evaluation', 'Oscilloscope_Selector_Tool', 'Whitepaper_Download_5G_Test', 'IMS_Badge_Scan', 'Customer']",1
L019690,Chen Williams,Sony GmbH,Aerospace,APAC,PathWave Software,Sales Outreach,"['Website_Product_Page', 'IMS_Badge_Scan', 'No_Conversion']",0
L019691,,,Aerospace,North America,5G Testbeds,Website,"['Website_Product_Page', 'LinkedIn_Ad_Click', 'PathWave_Trial_Request', 'Lab_Integration_Discussion', 'No_Conversion']",0
L019692,Sofia Martinez,Qualcomm,Electronics,,,LinkedIn,['No_Conversion'],0
L019693,,Samsung Electronics GmbH,Semiconductor,LATAM,5G Testbeds,Email Campaign,"['LinkedIn_Ad_Click', 'Opportunity', 'DesignCon_Booth_Visit', 'IMS_Badge_Scan', 'Loaner_Unit_Evaluation', 'No_Conversion']",0
L019694,Sarah Singh,Sony,,APAC,,,"['DesignCon_Booth_Visit', 'IMS_Badge_Scan', 'DesignCon_Booth_Visit', 'No_Conversion']",0
L019695,Kenji Lee,NXP Semiconductors GmbH,Telecom,APAC,Oscilloscopes,Event,"['SQL', 'No_Conversion']",0
L019696,Hiroshi Tanaka,Tesla_Tech,Aerospace,North America,,LinkedIn,"['Website_Product_Page', 'Technical_Demo', 'Lab_Integration_Discussion', 'Opportunity', 'Loaner_Unit_Evaluation', 'DesignCon_Booth_Visit', 'PathWave_Trial_Request', 'No_Conversion']",0
L019697,Michael Anders,Broad_Tech,Aerospace,LATAM,5G Testbeds,,"['Opportunity', 'Oscilloscope_Selector_Tool', 'LinkedIn_Ad_Click', 'Application_Engineer_Call', 'Lab_Integration_Discussion', 'Whitepaper_Download_5G_Test', 'Lab_Integration_Discussion', 'No_Conversion']",0
L019698,Sofia Ito,Sony GmbH,Aerospace,,,Email Campaign,"['IMS_Badge_Scan', 'AutoSens_Tech_Talk', 'Keysight_University_Course', 'SQL', 'DesignCon_Booth_Visit', 'MQL', 'Customer']",1
L019699,Daniel Anders,Bosch,,APAC,5G Testbeds,Event,"['PathWave_Trial_Request', 'PathWave_Trial_Request', 'AutoSens_Tech_Talk', 'Website_Product_Page', 'Whitepaper_Download_5G_Test', 'Customer']",1
L019700,Maria Anders,,Automotive,Europe,PathWave Software,Sales Outreach,"['Loaner_Unit_Evaluation', 'DesignCon_Booth_Visit', 'Keysight_University_Course', 'Customer']",1
L019701,Maria Garcia,Sony_Tech,,North America,,Webinar,"['Website_Product_Page', 'Loaner_Unit_Evaluation', 'Whitepaper_Download_5G_Test', 'Loaner_Unit_Evaluation', 'Customer']",1
L019702,Kenji Khan,Sony,Semiconductor,,,LinkedIn,"['Opportunity', 'No_Conversion']",0
L019703,Maria Lee,Sony GmbH,Telecom,North America,5G Testbeds,Event,"['Whitepaper_Download_5G_Test', 'Opportunity', 'Whitepaper_Download_5G_Test', 'PathWave_Trial_Request', 'PathWave_Trial_Request', 'Customer']",1
L019704,Laura Martinez,,,LATAM,,LinkedIn,['Customer'],1
L019705,Michael Johnson,Rayth_Tech,Electronics,Europe,PathWave Software,Sales Outreach,['Customer'],1
L019706,Maria Patel,Tesla_Tech,Telecom,,Automotive Ethernet,Email Campaign,"['DesignCon_Booth_Visit', 'DesignCon_Booth_Visit', 'SQL', 'LinkedIn_Ad_Click', 'Customer']",1
L019707,Kenji Lee,MetaC_Tech,Electronics,APAC,Automotive Ethernet,Sales Outreach,"['LinkedIn_Ad_Click', 'Customer']",1
L019708,Kenji Johnson,Tesla_Tech,Electronics,LATAM,,Webinar,"['PathWave_Trial_Request', 'Loaner_Unit_Evaluation', 'DesignCon_Booth_Visit', 'No_Conversion']",0
L019709,Ravi Martinez,Samsung Electronics,,APAC,,Website,"['Opportunity', 'Loaner_Unit_Evaluation', 'Opportunity', 'Keysight_Workshop_RF_Testing', 'Technical_Demo', 'PathWave_Trial_Request', 'Keysight_University_Course', 'SQL', 'Customer']",1
L019710,,,,LATAM,Automotive Ethernet,Website,"['Lab_Integration_Discussion', 'SQL', 'Loaner_Unit_Evaluation', 'Application_Engineer_Call', 'Opportunity', 'Loaner_Unit_Evaluation', 'Website_Product_Page', 'No_Conversion']",0
L019711,Laura Chen,Meta Connectivity Labs GmbH,Aerospace,LATAM,,Website,"['Technical_Demo', 'Loaner_Unit_Evaluation', 'Website_Product_Page', 'Customer']",1
L019712,Daniel Singh,Infineon,,APAC,PathWave Software,Sales Outreach,"['Loaner_Unit_Evaluation', 'Customer']",1
L019713,,Broad_Tech,Electronics,,PathWave Software,,"['Opportunity', 'Keysight_University_Course', 'Whitepaper_Download_5G_Test', 'Customer']",1
L019714,Hiroshi Ito,Tesla_Tech,Automotive,LATAM,5G Testbeds,,"['Application_Engineer_Call', 'No_Conversion']",0
L019715,Laura Chen,Meta Connectivity Labs,,LATAM,,Email Campaign,"['LinkedIn_Ad_Click', 'Whitepaper_Download_5G_Test', 'Keysight_Workshop_RF_Testing', 'Loaner_Unit_Evaluation', 'Lab_Integration_Discussion', 'Customer']",1
L019716,Ravi Anders,Qualcomm,Telecom,,5G Testbeds,Webinar,"['Application_Engineer_Call', 'Oscilloscope_Selector_Tool', 'LinkedIn_Ad_Click', 'Loaner_Unit_Evaluation', 'Customer']",1
L019717,Hiroshi Chen,,Semiconductor,,,Event,"['SQL', 'SQL', 'Opportunity', 'Lab_Integration_Discussion', 'Oscilloscope_Selector_Tool', 'Oscilloscope_Selector_Tool', 'No_Conversion']",0
L019718,Michael Tanaka,Tesla Energy,Electronics,,5G Testbeds,,"['Opportunity', 'MQL', 'Keysight_Workshop_RF_Testing', 'AutoSens_Tech_Talk', 'Loaner_Unit_Evaluation', 'Keysight_University_Course', 'AutoSens_Tech_Talk', 'AutoSens_Tech_Talk', 'DesignCon_Booth_Visit', 'Whitepaper_Download_5G_Test', 'No_Conversion']",0
L019719,Chen Singh,MetaC_Tech,Aerospace,North America,PathWave Software,,"['Keysight_Workshop_RF_Testing', 'Keysight_University_Course', 'IMS_Badge_Scan', 'Loaner_Unit_Evaluation', 'IMS_Badge_Scan', 'Application_Engineer_Call', 'Keysight_University_Course', 'DesignCon_Booth_Visit', 'No_Conversion']",0
L019720,Priya Chen,NXP Semiconductors GmbH,Electronics,APAC,Oscilloscopes,Website,"['LinkedIn_Ad_Click', 'Customer']",1
L019721,Maria Anders,Samsu_Tech,Telecom,APAC,PathWave Software,Sales Outreach,['No_Conversion'],0
L019722,Laura Singh,Samsung Electronics,Telecom,,,Event,"['Lab_Integration_Discussion', 'No_Conversion']",0
L019723,Sarah Lee,Samsung Electronics GmbH,,APAC,Automotive Ethernet,LinkedIn,"['MQL', 'Customer']",1
L019724,Maria Singh,Samsung Electronics GmbH,,North America,PathWave Software,Website,"['LinkedIn_Ad_Click', 'Technical_Demo', 'MQL', 'SQL', 'Customer']",1
L019725,,Sony,Semiconductor,LATAM,,Event,"['Oscilloscope_Selector_Tool', 'Oscilloscope_Selector_Tool', 'Opportunity', 'No_Conversion']",0
L019726,Sarah Tanaka,Tesla Energy GmbH,,North America,Oscilloscopes,Email Campaign,['No_Conversion'],0
L019727,Sarah Johnson,Bosch,Semiconductor,Europe,,Webinar,"['Technical_Demo', 'Website_Product_Page', 'Customer']",1
L019728,Kenji Lee,Bosch,Electronics,,Oscilloscopes,LinkedIn,"['Website_Product_Page', 'Customer']",1
L019729,Chen Anders,Bosch_Tech,Telecom,North America,,Webinar,"['Technical_Demo', 'Application_Engineer_Call', 'No_Conversion']",0
L019730,Sarah Lee,Sony,Aerospace,APAC,PathWave Software,Webinar,['Customer'],1
L019731,Priya Tanaka,Raytheon GmbH,Automotive,APAC,,Website,"['Keysight_Workshop_RF_Testing', 'LinkedIn_Ad_Click', 'DesignCon_Booth_Visit', 'Loaner_Unit_Evaluation', 'Whitepaper_Download_5G_Test', 'Customer']",1
L019732,Laura Singh,,Electronics,APAC,,,"['Loaner_Unit_Evaluation', 'Customer']",1
L019733,,,Automotive,LATAM,,Webinar,"['Website_Product_Page', 'Opportunity', 'SQL', 'Keysight_University_Course', 'SQL', 'SQL', 'SQL', 'SQL', 'Keysight_University_Course', 'No_Conversion']",0
L019734,Maria Williams,Sony,Semiconductor,North America,,Webinar,"['LinkedIn_Ad_Click', 'MQL', 'SQL', 'Loaner_Unit_Evaluation', 'Opportunity', 'No_Conversion']",0
L019735,Ravi Williams,MetaC_Tech,Semiconductor,LATAM,PathWave Software,Event,"['Keysight_Workshop_RF_Testing', 'PathWave_Trial_Request', 'Customer']",1
L019736,Sofia Williams,Infineon GmbH,Telecom,,Automotive Ethernet,Sales Outreach,"['SQL', 'PathWave_Trial_Request', 'Website_Product_Page', 'No_Conversion']",0
L019737,Ravi Williams,,Electronics,Europe,Oscilloscopes,Sales Outreach,"['Application_Engineer_Call', 'Lab_Integration_Discussion', 'PathWave_Trial_Request', 'LinkedIn_Ad_Click', 'No_Conversion']",0
L019738,Laura Patel,Qualc_Tech,,Europe,Automotive Ethernet,Sales Outreach,"['LinkedIn_Ad_Click', 'Website_Product_Page', 'MQL', 'Loaner_Unit_Evaluation', 'No_Conversion']",0
L019739,Daniel Tanaka,Meta Connectivity Labs,Aerospace,North America,Oscilloscopes,Website,"['LinkedIn_Ad_Click', 'SQL', 'AutoSens_Tech_Talk', 'No_Conversion']",0
L019740,Sofia Lee,Raytheon GmbH,Aerospace,LATAM,Automotive Ethernet,Webinar,"['Whitepaper_Download_5G_Test', 'Keysight_University_Course', 'IMS_Badge_Scan', 'IMS_Badge_Scan', 'Customer']",1
L019741,Laura Singh,,Aerospace,,PathWave Software,Event,"['SQL', 'Keysight_University_Course', 'Opportunity', 'Technical_Demo', 'LinkedIn_Ad_Click', 'Customer']",1
L019742,Hiroshi Lee,Qualc_Tech,Electronics,North America,,Sales Outreach,['Customer'],1
L019743,Kenji Anders,,Telecom,APAC,Oscilloscopes,Webinar,"['Loaner_Unit_Evaluation', 'PathWave_Trial_Request', 'No_Conversion']",0
L019744,Michael Martinez,Tesla_Tech,Electronics,,Automotive Ethernet,Sales Outreach,"['Website_Product_Page', 'Lab_Integration_Discussion', 'No_Conversion']",0
L019745,Laura Johnson,Bosch GmbH,Telecom,North America,Automotive Ethernet,LinkedIn,"['Oscilloscope_Selector_Tool', 'MQL', 'IMS_Badge_Scan', 'Opportunity', 'Loaner_Unit_Evaluation', 'No_Conversion']",0
L019746,Chen Johnson,,Automotive,,,LinkedIn,"['PathWave_Trial_Request', 'Application_Engineer_Call', 'Lab_Integration_Discussion', 'Customer']",1
L019747,,,Aerospace,LATAM,,Event,"['DesignCon_Booth_Visit', 'Oscilloscope_Selector_Tool', 'Loaner_Unit_Evaluation', 'MQL', 'PathWave_Trial_Request', 'Application_Engineer_Call', 'Keysight_Workshop_RF_Testing', 'Keysight_Workshop_RF_Testing', 'Keysight_Workshop_RF_Testing', 'SQL', 'No_Conversion']",0
L019748,Hiroshi Johnson,Broad_Tech,Electronics,Europe,,LinkedIn,"['Keysight_Workshop_RF_Testing', 'Keysight_University_Course', 'Opportunity', 'IMS_Badge_Scan', 'AutoSens_Tech_Talk', 'Keysight_University_Course', 'Keysight_Workshop_RF_Testing', 'SQL', 'Opportunity', 'Keysight_Workshop_RF_Testing', 'Customer']",1
L019749,Maria Anders,,,North America,PathWave Software,Webinar,"['SQL', 'No_Conversion']",0
L019750,Sarah Lee,Broadcom,,,PathWave Software,Event,"['Application_Engineer_Call', 'Oscilloscope_Selector_Tool', 'Customer']",1
L019751,Daniel Patel,,Electronics,APAC,,Event,"['Website_Product_Page', 'Technical_Demo', 'Customer']",1
L019752,Priya Singh,Infineon GmbH,Automotive,,,Email Campaign,"['PathWave_Trial_Request', 'Keysight_Workshop_RF_Testing', 'PathWave_Trial_Request', 'Application_Engineer_Call', 'Customer']",1
L019753,,,Electronics,North America,,Webinar,"['AutoSens_Tech_Talk', 'PathWave_Trial_Request', 'DesignCon_Booth_Visit', 'MQL', 'Customer']",1
L019754,Sarah Anders,Meta Connectivity Labs GmbH,,,,Event,"['MQL', 'Website_Product_Page', 'Keysight_University_Course', 'Opportunity', 'Technical_Demo', 'Customer']",1
L019755,Ravi Ito,,,North America,Automotive Ethernet,Webinar,"['SQL', 'LinkedIn_Ad_Click', 'SQL', 'Customer']",1
L019756,Priya Williams,Sony GmbH,,LATAM,5G Testbeds,Event,"['Keysight_Workshop_RF_Testing', 'Website_Product_Page', 'DesignCon_Booth_Visit', 'Keysight_Workshop_RF_Testing', 'Customer']",1
L019757,Hiroshi Patel,Samsung Electronics GmbH,Semiconductor,LATAM,,Sales Outreach,"['Website_Product_Page', 'Technical_Demo', 'Keysight_Workshop_RF_Testing', 'SQL', 'Opportunity', 'MQL', 'Application_Engineer_Call', 'SQL', 'Opportunity', 'LinkedIn_Ad_Click', 'No_Conversion']",0
L019758,Laura Williams,Tesla_Tech,,LATAM,Automotive Ethernet,LinkedIn,"['SQL', 'Opportunity', 'LinkedIn_Ad_Click', 'Keysight_University_Course', 'No_Conversion']",0
L019759,Ravi Tanaka,Broad_Tech,Aerospace,Europe,,LinkedIn,['Customer'],1
L019760,Kenji Williams,Rayth_Tech,,APAC,Oscilloscopes,Email Campaign,['Customer'],1
L019761,Chen Patel,,,North America,5G Testbeds,Sales Outreach,['No_Conversion'],0
L019762,Sofia Johnson,Samsu_Tech,Telecom,LATAM,,LinkedIn,"['PathWave_Trial_Request', 'SQL', 'MQL', 'Keysight_University_Course', 'DesignCon_Booth_Visit', 'LinkedIn_Ad_Click', 'Loaner_Unit_Evaluation', 'Keysight_Workshop_RF_Testing', 'No_Conversion']",0
L019763,Sofia Martinez,Qualcomm GmbH,,APAC,Automotive Ethernet,LinkedIn,"['Lab_Integration_Discussion', 'MQL', 'Keysight_Workshop_RF_Testing', 'Oscilloscope_Selector_Tool', 'Lab_Integration_Discussion', 'No_Conversion']",0
L019764,Laura Patel,Rayth_Tech,,LATAM,Oscilloscopes,,"['Oscilloscope_Selector_Tool', 'Lab_Integration_Discussion', 'Application_Engineer_Call', 'Technical_Demo', 'Oscilloscope_Selector_Tool', 'LinkedIn_Ad_Click', 'AutoSens_Tech_Talk', 'Customer']",1
L019765,Ahmed Lee,NXP Semiconductors GmbH,Semiconductor,APAC,PathWave Software,Webinar,"['Website_Product_Page', 'Technical_Demo', 'LinkedIn_Ad_Click', 'Technical_Demo', 'No_Conversion']",0
L019766,Chen Anders,Bosch_Tech,Aerospace,,5G Testbeds,Email Campaign,"['AutoSens_Tech_Talk', 'AutoSens_Tech_Talk', 'Application_Engineer_Call', 'SQL', 'No_Conversion']",0
L019767,Sofia Chen,,,,Oscilloscopes,Website,"['Website_Product_Page', 'Oscilloscope_Selector_Tool', 'IMS_Badge_Scan', 'Website_Product_Page', 'Customer']",1
L019768,Kenji Khan,Qualcomm,,,,,"['Oscilloscope_Selector_Tool', 'Whitepaper_Download_5G_Test', 'MQL', 'Lab_Integration_Discussion', 'DesignCon_Booth_Visit', 'Customer']",1
L019769,Laura Garcia,Infin_Tech,Telecom,Europe,,Email Campaign,"['Opportunity', 'MQL', 'LinkedIn_Ad_Click', 'DesignCon_Booth_Visit', 'Customer']",1
L019770,Sofia Ito,Raytheon GmbH,Automotive,,,Event,"['Lab_Integration_Discussion', 'Loaner_Unit_Evaluation', 'Oscilloscope_Selector_Tool', 'No_Conversion']",0
L019771,Ahmed Khan,Qualc_Tech,Semiconductor,,5G Testbeds,Email Campaign,"['LinkedIn_Ad_Click', 'IMS_Badge_Scan', 'SQL', 'Loaner_Unit_Evaluation', 'Application_Engineer_Call', 'Customer']",1
L019772,Daniel Khan,NXP Semiconductors,Semiconductor,North America,Oscilloscopes,LinkedIn,"['Oscilloscope_Selector_Tool', 'Loaner_Unit_Evaluation', 'AutoSens_Tech_Talk', 'Customer']",1
L019773,Chen Garcia,Sony_Tech,Aerospace,,,Event,"['Keysight_Workshop_RF_Testing', 'Technical_Demo', 'LinkedIn_Ad_Click', 'IMS_Badge_Scan', 'LinkedIn_Ad_Click', 'No_Conversion']",0
L019774,Sarah Johnson,Infin_Tech,Electronics,North America,Oscilloscopes,Sales Outreach,"['Application_Engineer_Call', 'SQL', 'Oscilloscope_Selector_Tool', 'Customer']",1
L019775,Michael Khan,Sony GmbH,Aerospace,APAC,Automotive Ethernet,,"['Technical_Demo', 'SQL', 'PathWave_Trial_Request', 'DesignCon_Booth_Visit', 'Loaner_Unit_Evaluation', 'DesignCon_Booth_Visit', 'Whitepaper_Download_5G_Test', 'Website_Product_Page', 'Opportunity', 'No_Conversion']",0
L019776,Ravi Lee,Bosch GmbH,Electronics,,,Email Campaign,"['Whitepaper_Download_5G_Test', 'Customer']",1
L019777,Sofia Williams,Infin_Tech,Electronics,North America,Oscilloscopes,,['Customer'],1
L019778,,Infineon GmbH,,,,Webinar,"['Application_Engineer_Call', 'Opportunity', 'Website_Product_Page', 'Customer']",1
L019779,Kenji Garcia,Meta Connectivity Labs GmbH,Electronics,Europe,5G Testbeds,Event,"['IMS_Badge_Scan', 'MQL', 'DesignCon_Booth_Visit', 'Lab_Integration_Discussion', 'Customer']",1
L019780,Priya Lee,,,LATAM,,LinkedIn,"['SQL', 'Keysight_University_Course', 'PathWave_Trial_Request', 'PathWave_Trial_Request', 'No_Conversion']",0
L019781,Ahmed Tanaka,Tesla Energy,Telecom,LATAM,Automotive Ethernet,Email Campaign,"['PathWave_Trial_Request', 'Whitepaper_Download_5G_Test', 'Oscilloscope_Selector_Tool', 'No_Conversion']",0
L019782,Maria Johnson,Sony_Tech,Electronics,North America,PathWave Software,Website,"['Oscilloscope_Selector_Tool', 'PathWave_Trial_Request', 'Technical_Demo', 'No_Conversion']",0
L019783,Maria Ito,Sony GmbH,Telecom,Europe,5G Testbeds,Webinar,"['Keysight_Workshop_RF_Testing', 'AutoSens_Tech_Talk', 'No_Conversion']",0
L019784,Maria Chen,Rayth_Tech,,,Automotive Ethernet,LinkedIn,"['Technical_Demo', 'No_Conversion']",0
L019785,Priya Anders,,,North America,Oscilloscopes,Email Campaign,"['Technical_Demo', 'Lab_Integration_Discussion', 'PathWave_Trial_Request', 'Oscilloscope_Selector_Tool', 'Customer']",1
L019786,Daniel Martinez,Samsu_Tech,Semiconductor,,,Event,['Customer'],1
L019787,Kenji Khan,Qualc_Tech,Electronics,LATAM,PathWave Software,Email Campaign,"['IMS_Badge_Scan', 'Opportunity', 'PathWave_Trial_Request', 'No_Conversion']",0
L019788,Daniel Anders,,,APAC,,LinkedIn,"['Oscilloscope_Selector_Tool', 'Website_Product_Page', 'LinkedIn_Ad_Click', 'No_Conversion']",0
L019789,Ahmed Johnson,Tesla_Tech,,,,,"['Keysight_University_Course', 'MQL', 'No_Conversion']",0
L019790,Ahmed Khan,Sony,Electronics,North America,PathWave Software,Webinar,"['Keysight_Workshop_RF_Testing', 'DesignCon_Booth_Visit', 'LinkedIn_Ad_Click', 'No_Conversion']",0
L019791,Laura Patel,Qualc_Tech,Telecom,LATAM,Automotive Ethernet,Sales Outreach,"['SQL', 'LinkedIn_Ad_Click', 'Lab_Integration_Discussion', 'AutoSens_Tech_Talk', 'Oscilloscope_Selector_Tool', 'Opportunity', 'No_Conversion']",0
L019792,Hiroshi Patel,Bosch GmbH,Automotive,North America,,,"['IMS_Badge_Scan', 'MQL', 'No_Conversion']",0
L019793,Maria Singh,,,North America,,Sales Outreach,"['Application_Engineer_Call', 'SQL', 'IMS_Badge_Scan', 'Customer']",1
L019794,Daniel Williams,Sony_Tech,Aerospace,LATAM,Oscilloscopes,LinkedIn,"['Technical_Demo', 'Customer']",1
L019795,Daniel Singh,,Electronics,,5G Testbeds,Email Campaign,"['Website_Product_Page', 'Application_Engineer_Call', 'LinkedIn_Ad_Click', 'Opportunity', 'SQL', 'Technical_Demo', 'Oscilloscope_Selector_Tool', 'PathWave_Trial_Request', 'No_Conversion']",0
L019796,Laura Lee,Sony_Tech,Telecom,Europe,PathWave Software,Sales Outreach,"['LinkedIn_Ad_Click', 'AutoSens_Tech_Talk', 'Application_Engineer_Call', 'No_Conversion']",0
L019797,Maria Johnson,Infineon GmbH,Electronics,,Automotive Ethernet,Event,"['DesignCon_Booth_Visit', 'Customer']",1
L019798,Maria Singh,,Semiconductor,Europe,PathWave Software,,"['Keysight_Workshop_RF_Testing', 'Oscilloscope_Selector_Tool', 'Loaner_Unit_Evaluation', 'Customer']",1
L019799,Sarah Garcia,Sony GmbH,Telecom,APAC,Oscilloscopes,,['Customer'],1
L019800,Sarah Garcia,,Electronics,APAC,,,"['LinkedIn_Ad_Click', 'Opportunity', 'Lab_Integration_Discussion', 'Technical_Demo', 'Customer']",1
L019801,,Samsu_Tech,Aerospace,North America,PathWave Software,Webinar,"['Keysight_Workshop_RF_Testing', 'Technical_Demo', 'Application_Engineer_Call', 'LinkedIn_Ad_Click', 'Keysight_University_Course', 'Customer']",1
L019802,Hiroshi Anders,Broad_Tech,Semiconductor,APAC,Oscilloscopes,Sales Outreach,"['Website_Product_Page', 'No_Conversion']",0
L019803,Daniel Ito,MetaC_Tech,Telecom,Europe,PathWave Software,Event,"['Opportunity', 'DesignCon_Booth_Visit', 'IMS_Badge_Scan', 'Lab_Integration_Discussion', 'Loaner_Unit_Evaluation', 'IMS_Badge_Scan', 'MQL', 'LinkedIn_Ad_Click', 'No_Conversion']",0
L019804,Sarah Tanaka,NXP Semiconductors GmbH,,North America,5G Testbeds,Email Campaign,"['Website_Product_Page', 'Oscilloscope_Selector_Tool', 'Whitepaper_Download_5G_Test', 'Customer']",1
L019805,Ahmed Chen,Bosch GmbH,,LATAM,,Website,"['Website_Product_Page', 'IMS_Badge_Scan', 'AutoSens_Tech_Talk', 'DesignCon_Booth_Visit', 'LinkedIn_Ad_Click', 'Customer']",1
L019806,Sarah Khan,Sony,,,,Webinar,"['Website_Product_Page', 'Technical_Demo', 'AutoSens_Tech_Talk', 'Lab_Integration_Discussion', 'Whitepaper_Download_5G_Test', 'Keysight_University_Course', 'Customer']",1
L019807,Laura Tanaka,Tesla_Tech,,,,LinkedIn,"['IMS_Badge_Scan', 'LinkedIn_Ad_Click', 'LinkedIn_Ad_Click', 'AutoSens_Tech_Talk', 'Whitepaper_Download_5G_Test', 'DesignCon_Booth_Visit', 'LinkedIn_Ad_Click', 'LinkedIn_Ad_Click', 'MQL', 'SQL', 'Customer']",1
L019808,Hiroshi Tanaka,Samsu_Tech,,North America,5G Testbeds,LinkedIn,"['Keysight_Workshop_RF_Testing', 'Whitepaper_Download_5G_Test', 'Application_Engineer_Call', 'Oscilloscope_Selector_Tool', 'Customer']",1
L019809,Sofia Johnson,,Automotive,Europe,Automotive Ethernet,LinkedIn,"['Website_Product_Page', 'IMS_Badge_Scan', 'No_Conversion']",0
L019810,,MetaC_Tech,Telecom,Europe,PathWave Software,Website,"['Keysight_Workshop_RF_Testing', 'Lab_Integration_Discussion', 'Customer']",1
L019811,Ravi Williams,Bosch_Tech,Telecom,,,Event,"['Keysight_Workshop_RF_Testing', 'Opportunity', 'Keysight_University_Course', 'Loaner_Unit_Evaluation', 'Whitepaper_Download_5G_Test', 'SQL', 'IMS_Badge_Scan', 'Opportunity', 'Lab_Integration_Discussion', 'Customer']",1
L019812,Laura Anders,Tesla_Tech,Electronics,APAC,,Website,"['Whitepaper_Download_5G_Test', 'Opportunity', 'Technical_Demo', 'No_Conversion']",0
L019813,Ahmed Patel,Tesla Energy GmbH,Telecom,,,Website,"['SQL', 'MQL', 'Keysight_Workshop_RF_Testing', 'Application_Engineer_Call', 'Technical_Demo', 'Whitepaper_Download_5G_Test', 'No_Conversion']",0
L019814,Hiroshi Chen,Sony_Tech,Electronics,North America,Oscilloscopes,LinkedIn,"['Loaner_Unit_Evaluation', 'AutoSens_Tech_Talk', 'Application_Engineer_Call', 'No_Conversion']",0
L019815,Ravi Garcia,Infineon GmbH,,North America,PathWave Software,Sales Outreach,"['Opportunity', 'Opportunity', 'DesignCon_Booth_Visit', 'LinkedIn_Ad_Click', 'No_Conversion']",0
L019816,Hiroshi Anders,Qualcomm GmbH,Electronics,APAC,Automotive Ethernet,Webinar,"['AutoSens_Tech_Talk', 'Opportunity', 'IMS_Badge_Scan', 'Oscilloscope_Selector_Tool', 'LinkedIn_Ad_Click', 'Keysight_University_Course', 'No_Conversion']",0
L019817,Daniel Ito,,Aerospace,APAC,Oscilloscopes,Webinar,"['Technical_Demo', 'Whitepaper_Download_5G_Test', 'Opportunity', 'AutoSens_Tech_Talk', 'IMS_Badge_Scan', 'IMS_Badge_Scan', 'Website_Product_Page', 'AutoSens_Tech_Talk', 'No_Conversion']",0
L019818,Hiroshi Singh,Tesla Energy GmbH,Semiconductor,,,Event,"['AutoSens_Tech_Talk', 'Opportunity', 'IMS_Badge_Scan', 'Whitepaper_Download_5G_Test', 'DesignCon_Booth_Visit', 'DesignCon_Booth_Visit', 'Keysight_Workshop_RF_Testing', 'SQL', 'Customer']",1
L019819,Priya Chen,NXP Semiconductors,,,,Webinar,"['LinkedIn_Ad_Click', 'Whitepaper_Download_5G_Test', 'PathWave_Trial_Request', 'PathWave_Trial_Request', 'No_Conversion']",0
L019820,Sofia Williams,Tesla Energy,Telecom,North America,PathWave Software,,['Customer'],1
L019821,Ahmed Patel,Samsung Electronics GmbH,Automotive,,,,"['Lab_Integration_Discussion', 'Customer']",1
L019822,Sofia Lee,Tesla_Tech,Electronics,,Automotive Ethernet,Website,"['Technical_Demo', 'Whitepaper_Download_5G_Test', 'No_Conversion']",0
L019823,Maria Singh,Broadcom GmbH,,North America,Oscilloscopes,,"['Oscilloscope_Selector_Tool', 'Lab_Integration_Discussion', 'Oscilloscope_Selector_Tool', 'SQL', 'DesignCon_Booth_Visit', 'Keysight_University_Course', 'Application_Engineer_Call', 'Application_Engineer_Call', 'Whitepaper_Download_5G_Test', 'No_Conversion']",0
L019824,,Broad_Tech,,North America,,,"['PathWave_Trial_Request', 'Website_Product_Page', 'Application_Engineer_Call', 'Customer']",1
L019825,Hiroshi Khan,Tesla Energy,Semiconductor,APAC,PathWave Software,,"['AutoSens_Tech_Talk', 'SQL', 'Customer']",1
L019826,Sarah Anders,Broadcom GmbH,Electronics,North America,PathWave Software,Website,"['Oscilloscope_Selector_Tool', 'Opportunity', 'PathWave_Trial_Request', 'Technical_Demo', 'Technical_Demo', 'PathWave_Trial_Request', 'DesignCon_Booth_Visit', 'AutoSens_Tech_Talk', 'Customer']",1
L019827,Priya Chen,Broadcom,Aerospace,APAC,PathWave Software,Sales Outreach,"['Website_Product_Page', 'DesignCon_Booth_Visit', 'LinkedIn_Ad_Click', 'DesignCon_Booth_Visit', 'DesignCon_Booth_Visit', 'Customer']",1
L019828,Sofia Tanaka,Rayth_Tech,,,Oscilloscopes,Email Campaign,"['Website_Product_Page', 'Keysight_University_Course', 'Website_Product_Page', 'Application_Engineer_Call', 'Keysight_University_Course', 'PathWave_Trial_Request', 'Whitepaper_Download_5G_Test', 'Customer']",1
L019829,Hiroshi Ito,,Electronics,APAC,,Event,['No_Conversion'],0
L019830,Michael Khan,Broadcom GmbH,Semiconductor,North America,PathWave Software,Event,"['LinkedIn_Ad_Click', 'No_Conversion']",0
L019831,Ahmed Chen,Broad_Tech,Automotive,,Oscilloscopes,,"['Keysight_University_Course', 'Opportunity', 'Website_Product_Page', 'Oscilloscope_Selector_Tool', 'Lab_Integration_Discussion', 'AutoSens_Tech_Talk', 'Lab_Integration_Discussion', 'No_Conversion']",0
L019832,Chen Garcia,Infineon,,Europe,,Event,"['LinkedIn_Ad_Click', 'Customer']",1
L019833,Chen Tanaka,Sony_Tech,Automotive,,5G Testbeds,Website,"['Opportunity', 'SQL', 'Keysight_University_Course', 'Customer']",1
L019834,Ravi Ito,MetaC_Tech,Electronics,Europe,,Event,"['PathWave_Trial_Request', 'AutoSens_Tech_Talk', 'Opportunity', 'No_Conversion']",0
L019835,Chen Chen,Meta Connectivity Labs GmbH,Automotive,APAC,,,"['LinkedIn_Ad_Click', 'Whitepaper_Download_5G_Test', 'DesignCon_Booth_Visit', 'SQL', 'Loaner_Unit_Evaluation', 'AutoSens_Tech_Talk', 'LinkedIn_Ad_Click', 'PathWave_Trial_Request', 'Customer']",1
L019836,,,Aerospace,LATAM,Automotive Ethernet,Event,"['LinkedIn_Ad_Click', 'PathWave_Trial_Request', 'PathWave_Trial_Request', 'No_Conversion']",0
L019837,Chen Ito,Samsu_Tech,,,,,"['LinkedIn_Ad_Click', 'Application_Engineer_Call', 'Loaner_Unit_Evaluation', 'No_Conversion']",0
L019838,Sarah Chen,Sony,,APAC,PathWave Software,Email Campaign,"['Whitepaper_Download_5G_Test', 'LinkedIn_Ad_Click', 'Oscilloscope_Selector_Tool', 'SQL', 'Keysight_University_Course', 'Keysight_University_Course', 'MQL', 'Whitepaper_Download_5G_Test', 'Opportunity', 'PathWave_Trial_Request', 'Customer']",1
L019839,Chen Johnson,Infineon GmbH,,APAC,PathWave Software,Event,"['LinkedIn_Ad_Click', 'Opportunity', 'LinkedIn_Ad_Click', 'Application_Engineer_Call', 'Loaner_Unit_Evaluation', 'Whitepaper_Download_5G_Test', 'Loaner_Unit_Evaluation', 'MQL', 'Keysight_Workshop_RF_Testing', 'LinkedIn_Ad_Click', 'No_Conversion']",0
L019840,Priya Tanaka,Bosch,Semiconductor,,5G Testbeds,Website,"['Website_Product_Page', 'Technical_Demo', 'LinkedIn_Ad_Click', 'Opportunity', 'PathWave_Trial_Request', 'Lab_Integration_Discussion', 'Whitepaper_Download_5G_Test', 'Lab_Integration_Discussion', 'DesignCon_Booth_Visit', 'Whitepaper_Download_5G_Test', 'Customer']",1
L019841,Daniel Garcia,Qualcomm,,LATAM,5G Testbeds,Event,"['Lab_Integration_Discussion', 'Customer']",1
L019842,Ravi Chen,Infin_Tech,,,,Email Campaign,"['Application_Engineer_Call', 'SQL', 'MQL', 'Keysight_Workshop_RF_Testing', 'Oscilloscope_Selector_Tool', 'Customer']",1
L019843,Sarah Lee,,Electronics,LATAM,5G Testbeds,,['Customer'],1
L019844,Maria Williams,Raytheon,,North America,Oscilloscopes,Event,"['Technical_Demo', 'No_Conversion']",0
L019845,Kenji Williams,,Semiconductor,North America,Automotive Ethernet,Sales Outreach,"['Oscilloscope_Selector_Tool', 'MQL', 'Lab_Integration_Discussion', 'Customer']",1
L019846,Hiroshi Khan,NXPSe_Tech,,,5G Testbeds,Email Campaign,"['Application_Engineer_Call', 'Opportunity', 'Technical_Demo', 'AutoSens_Tech_Talk', 'LinkedIn_Ad_Click', 'SQL', 'MQL', 'Customer']",1
L019847,Chen Chen,Raytheon,Electronics,APAC,,Website,"['Opportunity', 'Website_Product_Page', 'Keysight_Workshop_RF_Testing', 'No_Conversion']",0
L019848,Maria Lee,,Automotive,Europe,,Email Campaign,"['IMS_Badge_Scan', 'IMS_Badge_Scan', 'MQL', 'Oscilloscope_Selector_Tool', 'Technical_Demo', 'Application_Engineer_Call', 'Opportunity', 'No_Conversion']",0
L019849,Sofia Williams,Infin_Tech,Telecom,North America,Oscilloscopes,Website,"['LinkedIn_Ad_Click', 'Loaner_Unit_Evaluation', 'Oscilloscope_Selector_Tool', 'Website_Product_Page', 'PathWave_Trial_Request', 'LinkedIn_Ad_Click', 'Oscilloscope_Selector_Tool', 'LinkedIn_Ad_Click', 'LinkedIn_Ad_Click', 'Customer']",1
L019850,Chen Johnson,Tesla Energy,Semiconductor,,,Email Campaign,"['IMS_Badge_Scan', 'Lab_Integration_Discussion', 'No_Conversion']",0
L019851,Ravi Martinez,Sony_Tech,,,,Website,"['Website_Product_Page', 'Keysight_Workshop_RF_Testing', 'Technical_Demo', 'SQL', 'IMS_Badge_Scan', 'AutoSens_Tech_Talk', 'PathWave_Trial_Request', 'Application_Engineer_Call', 'Whitepaper_Download_5G_Test', 'Lab_Integration_Discussion', 'No_Conversion']",0
L019852,Ravi Chen,Broadcom,Automotive,APAC,5G Testbeds,Event,"['LinkedIn_Ad_Click', 'Keysight_Workshop_RF_Testing', 'DesignCon_Booth_Visit', 'Customer']",1
L019853,Michael Patel,,,LATAM,Automotive Ethernet,,"['Technical_Demo', 'Loaner_Unit_Evaluation', 'DesignCon_Booth_Visit', 'Loaner_Unit_Evaluation', 'Keysight_Workshop_RF_Testing', 'No_Conversion']",0
L019854,Sofia Williams,,Electronics,LATAM,,Email Campaign,"['Keysight_Workshop_RF_Testing', 'PathWave_Trial_Request', 'Oscilloscope_Selector_Tool', 'Website_Product_Page', 'Keysight_University_Course', 'Keysight_University_Course', 'Keysight_University_Course', 'MQL', 'Customer']",1
L019855,Priya Martinez,Qualcomm,Aerospace,APAC,5G Testbeds,Sales Outreach,"['MQL', 'Application_Engineer_Call', 'Application_Engineer_Call', 'Loaner_Unit_Evaluation', 'Whitepaper_Download_5G_Test', 'No_Conversion']",0
L019856,Maria Johnson,Bosch GmbH,,,PathWave Software,Email Campaign,"['AutoSens_Tech_Talk', 'Keysight_Workshop_RF_Testing', 'Keysight_Workshop_RF_Testing', 'No_Conversion']",0
L019857,Michael Ito,Raytheon,Automotive,APAC,,Email Campaign,"['AutoSens_Tech_Talk', 'Application_Engineer_Call', 'No_Conversion']",0
L019858,Hiroshi Johnson,Tesla_Tech,Electronics,,PathWave Software,Sales Outreach,"['Keysight_University_Course', 'AutoSens_Tech_Talk', 'Application_Engineer_Call', 'DesignCon_Booth_Visit', 'Keysight_University_Course', 'No_Conversion']",0
L019859,,Bosch GmbH,Electronics,Europe,PathWave Software,,"['Keysight_University_Course', 'Loaner_Unit_Evaluation', 'Website_Product_Page', 'No_Conversion']",0
L019860,Hiroshi Patel,Tesla_Tech,,North America,,Website,"['Website_Product_Page', 'No_Conversion']",0
L019861,Laura Anders,Rayth_Tech,Automotive,,Automotive Ethernet,Website,"['Application_Engineer_Call', 'Customer']",1
L019862,,Sony_Tech,,North America,,Webinar,['No_Conversion'],0
L019863,Daniel Khan,NXP Semiconductors GmbH,Telecom,APAC,5G Testbeds,LinkedIn,"['Keysight_Workshop_RF_Testing', 'Customer']",1
L019864,Sofia Patel,,Semiconductor,APAC,Oscilloscopes,,"['Whitepaper_Download_5G_Test', 'IMS_Badge_Scan', 'Customer']",1
L019865,Michael Tanaka,Broad_Tech,Aerospace,North America,,Event,"['PathWave_Trial_Request', 'LinkedIn_Ad_Click', 'Application_Engineer_Call', 'IMS_Badge_Scan', 'LinkedIn_Ad_Click', 'Application_Engineer_Call', 'SQL', 'Application_Engineer_Call', 'Oscilloscope_Selector_Tool', 'Application_Engineer_Call', 'Customer']",1
L019866,Daniel Tanaka,Infineon,Automotive,,Oscilloscopes,LinkedIn,"['Technical_Demo', 'Application_Engineer_Call', 'DesignCon_Booth_Visit', 'Technical_Demo', 'DesignCon_Booth_Visit', 'PathWave_Trial_Request', 'Customer']",1
L019867,Maria Patel,Bosch GmbH,Semiconductor,APAC,,,"['Keysight_Workshop_RF_Testing', 'IMS_Badge_Scan', 'PathWave_Trial_Request', 'LinkedIn_Ad_Click', 'Opportunity', 'Customer']",1
L019868,Chen Garcia,MetaC_Tech,Aerospace,,PathWave Software,Event,"['Lab_Integration_Discussion', 'Customer']",1
L019869,Daniel Chen,Samsung Electronics,Semiconductor,APAC,Oscilloscopes,LinkedIn,['Customer'],1
L019870,Ahmed Williams,Qualc_Tech,,Europe,Oscilloscopes,Event,"['Opportunity', 'Lab_Integration_Discussion', 'Oscilloscope_Selector_Tool', 'No_Conversion']",0
L019871,,Broad_Tech,Semiconductor,North America,,Sales Outreach,"['MQL', 'Whitepaper_Download_5G_Test', 'Application_Engineer_Call', 'Keysight_University_Course', 'MQL', 'Technical_Demo', 'Website_Product_Page', 'Opportunity', 'IMS_Badge_Scan', 'Customer']",1
L019872,Sarah Garcia,Qualc_Tech,Aerospace,LATAM,,Website,"['Whitepaper_Download_5G_Test', 'Opportunity', 'Opportunity', 'LinkedIn_Ad_Click', 'Customer']",1
L019873,Michael Khan,Tesla_Tech,,LATAM,5G Testbeds,Sales Outreach,['No_Conversion'],0
L019874,Maria Garcia,Tesla_Tech,,Europe,,Webinar,['No_Conversion'],0
L019875,Hiroshi Johnson,,Telecom,LATAM,Oscilloscopes,Email Campaign,"['DesignCon_Booth_Visit', 'AutoSens_Tech_Talk', 'AutoSens_Tech_Talk', 'Customer']",1
L019876,Hiroshi Khan,NXPSe_Tech,Aerospace,APAC,,LinkedIn,"['PathWave_Trial_Request', 'Opportunity', 'Customer']",1
L019877,Daniel Martinez,Samsung Electronics,Telecom,APAC,,Email Campaign,"['Whitepaper_Download_5G_Test', 'Keysight_Workshop_RF_Testing', 'AutoSens_Tech_Talk', 'Technical_Demo', 'PathWave_Trial_Request', 'Lab_Integration_Discussion', 'Lab_Integration_Discussion', 'LinkedIn_Ad_Click', 'Lab_Integration_Discussion', 'Keysight_University_Course', 'No_Conversion']",0
L019878,Kenji Lee,Broadcom GmbH,,APAC,,Sales Outreach,"['MQL', 'Keysight_University_Course', 'Oscilloscope_Selector_Tool', 'Oscilloscope_Selector_Tool', 'MQL', 'Whitepaper_Download_5G_Test', 'PathWave_Trial_Request', 'Technical_Demo', 'Keysight_Workshop_RF_Testing', 'Website_Product_Page', 'Customer']",1
L019879,Laura Khan,Bosch_Tech,,APAC,Oscilloscopes,,"['PathWave_Trial_Request', 'No_Conversion']",0
L019880,Kenji Khan,,Electronics,,,Event,"['AutoSens_Tech_Talk', 'Lab_Integration_Discussion', 'Technical_Demo', 'PathWave_Trial_Request', 'No_Conversion']",0
L019881,Hiroshi Khan,,,North America,,Webinar,"['Keysight_Workshop_RF_Testing', 'LinkedIn_Ad_Click', 'Keysight_University_Course', 'DesignCon_Booth_Visit', 'DesignCon_Booth_Visit', 'Lab_Integration_Discussion', 'Customer']",1
L019882,Laura Lee,,,LATAM,PathWave Software,Webinar,"['Website_Product_Page', 'PathWave_Trial_Request', 'Opportunity', 'Lab_Integration_Discussion', 'AutoSens_Tech_Talk', 'No_Conversion']",0
L019883,Hiroshi Singh,Sony,,Europe,5G Testbeds,,"['Keysight_Workshop_RF_Testing', 'PathWave_Trial_Request', 'LinkedIn_Ad_Click', 'Lab_Integration_Discussion', 'Oscilloscope_Selector_Tool', 'DesignCon_Booth_Visit', 'No_Conversion']",0
L019884,Sarah Singh,Infineon,Electronics,North America,5G Testbeds,,"['MQL', 'Lab_Integration_Discussion', 'Loaner_Unit_Evaluation', 'SQL', 'Customer']",1
L019885,Maria Ito,Meta Connectivity Labs GmbH,Semiconductor,LATAM,Automotive Ethernet,Email Campaign,['Customer'],1
L019886,Maria Ito,Sony_Tech,Automotive,Europe,5G Testbeds,LinkedIn,"['Technical_Demo', 'Loaner_Unit_Evaluation', 'Keysight_Workshop_RF_Testing', 'PathWave_Trial_Request', 'AutoSens_Tech_Talk', 'Loaner_Unit_Evaluation', 'Keysight_University_Course', 'MQL', 'Keysight_Workshop_RF_Testing', 'No_Conversion']",0
L019887,,,Automotive,LATAM,,Email Campaign,"['Application_Engineer_Call', 'DesignCon_Booth_Visit', 'IMS_Badge_Scan', 'Loaner_Unit_Evaluation', 'Website_Product_Page', 'Customer']",1
L019888,Maria Patel,MetaC_Tech,,,Oscilloscopes,Email Campaign,"['Opportunity', 'Keysight_University_Course', 'IMS_Badge_Scan', 'Loaner_Unit_Evaluation', 'Technical_Demo', 'SQL', 'No_Conversion']",0
L019889,Maria Chen,MetaC_Tech,Semiconductor,Europe,Oscilloscopes,Webinar,"['Lab_Integration_Discussion', 'Technical_Demo', 'Opportunity', 'Customer']",1
L019890,Michael Patel,NXP Semiconductors GmbH,Telecom,North America,PathWave Software,Event,['No_Conversion'],0
L019891,Ravi Khan,Infineon GmbH,,North America,5G Testbeds,LinkedIn,"['Loaner_Unit_Evaluation', 'Opportunity', 'Lab_Integration_Discussion', 'Application_Engineer_Call', 'PathWave_Trial_Request', 'SQL', 'No_Conversion']",0
L019892,Ahmed Lee,Bosch_Tech,Electronics,LATAM,,Sales Outreach,"['Opportunity', 'Whitepaper_Download_5G_Test', 'DesignCon_Booth_Visit', 'IMS_Badge_Scan', 'Application_Engineer_Call', 'Customer']",1
L019893,Daniel Anders,Bosch_Tech,Telecom,North America,Oscilloscopes,Email Campaign,"['Whitepaper_Download_5G_Test', 'Whitepaper_Download_5G_Test', 'Application_Engineer_Call', 'SQL', 'Application_Engineer_Call', 'No_Conversion']",0
L019894,Ahmed Singh,Broad_Tech,Semiconductor,North America,,,"['Lab_Integration_Discussion', 'Opportunity', 'SQL', 'Customer']",1
L019895,Daniel Ito,Meta Connectivity Labs,Telecom,North America,,Sales Outreach,"['Technical_Demo', 'SQL', 'Opportunity', 'Website_Product_Page', 'PathWave_Trial_Request', 'PathWave_Trial_Request', 'Opportunity', 'Keysight_Workshop_RF_Testing', 'LinkedIn_Ad_Click', 'No_Conversion']",0
L019896,Sarah Tanaka,Qualcomm GmbH,Telecom,,,LinkedIn,"['Website_Product_Page', 'Oscilloscope_Selector_Tool', 'Whitepaper_Download_5G_Test', 'LinkedIn_Ad_Click', 'MQL', 'Website_Product_Page', 'AutoSens_Tech_Talk', 'SQL', 'SQL', 'No_Conversion']",0
L019897,Sarah Anders,NXP Semiconductors GmbH,,,Automotive Ethernet,Email Campaign,"['Technical_Demo', 'Keysight_University_Course', 'MQL', 'Opportunity', 'LinkedIn_Ad_Click', 'MQL', 'Keysight_Workshop_RF_Testing', 'DesignCon_Booth_Visit', 'Customer']",1
L019898,Priya Martinez,Infineon GmbH,Semiconductor,,5G Testbeds,LinkedIn,"['Whitepaper_Download_5G_Test', 'Application_Engineer_Call', 'Keysight_University_Course', 'MQL', 'Oscilloscope_Selector_Tool', 'Loaner_Unit_Evaluation', 'Oscilloscope_Selector_Tool', 'Opportunity', 'PathWave_Trial_Request', 'Customer']",1
L019899,Priya Anders,,Semiconductor,Europe,,Webinar,"['Keysight_Workshop_RF_Testing', 'Website_Product_Page', 'Keysight_University_Course', 'No_Conversion']",0
L019900,Hiroshi Garcia,,,Europe,,Sales Outreach,"['Whitepaper_Download_5G_Test', 'Whitepaper_Download_5G_Test', 'PathWave_Trial_Request', 'Customer']",1
L019901,Kenji Anders,Infineon GmbH,Semiconductor,,PathWave Software,Sales Outreach,"['Opportunity', 'Application_Engineer_Call', 'AutoSens_Tech_Talk', 'Customer']",1
L019902,Hiroshi Lee,Qualcomm,,,Oscilloscopes,Webinar,"['MQL', 'DesignCon_Booth_Visit', 'SQL', 'No_Conversion']",0
L019903,Hiroshi Patel,,Semiconductor,,5G Testbeds,Email Campaign,"['LinkedIn_Ad_Click', 'Customer']",1
L019904,Ravi Williams,,Automotive,,Oscilloscopes,,['No_Conversion'],0
L019905,Kenji Tanaka,Qualc_Tech,Semiconductor,APAC,Automotive Ethernet,Event,['Customer'],1
L019906,Sarah Lee,Sony GmbH,Electronics,LATAM,5G Testbeds,Event,"['DesignCon_Booth_Visit', 'Lab_Integration_Discussion', 'PathWave_Trial_Request', 'DesignCon_Booth_Visit', 'Opportunity', 'Website_Product_Page', 'Loaner_Unit_Evaluation', 'DesignCon_Booth_Visit', 'Customer']",1
L019907,,Bosch GmbH,,North America,5G Testbeds,Webinar,"['Keysight_Workshop_RF_Testing', 'LinkedIn_Ad_Click', 'Whitepaper_Download_5G_Test', 'Keysight_Workshop_RF_Testing', 'Oscilloscope_Selector_Tool', 'Website_Product_Page', 'DesignCon_Booth_Visit', 'No_Conversion']",0
L019908,Hiroshi Patel,NXP Semiconductors GmbH,,,Oscilloscopes,Webinar,"['DesignCon_Booth_Visit', 'MQL', 'Keysight_University_Course', 'DesignCon_Booth_Visit', 'Loaner_Unit_Evaluation', 'No_Conversion']",0
L019909,,Bosch_Tech,,APAC,,,"['Oscilloscope_Selector_Tool', 'Loaner_Unit_Evaluation', 'No_Conversion']",0
L019910,Laura Martinez,Tesla Energy GmbH,Aerospace,,,,"['IMS_Badge_Scan', 'IMS_Badge_Scan', 'Technical_Demo', 'Website_Product_Page', 'Loaner_Unit_Evaluation', 'Keysight_University_Course', 'IMS_Badge_Scan', 'SQL', 'Application_Engineer_Call', 'No_Conversion']",0
L019911,Hiroshi Singh,,,APAC,5G Testbeds,Event,['No_Conversion'],0
L019912,Ravi Chen,Samsu_Tech,,APAC,,Website,"['LinkedIn_Ad_Click', 'IMS_Badge_Scan', 'Website_Product_Page', 'Oscilloscope_Selector_Tool', 'Whitepaper_Download_5G_Test', 'Whitepaper_Download_5G_Test', 'No_Conversion']",0
L019913,,Tesla Energy GmbH,,North America,Oscilloscopes,LinkedIn,['No_Conversion'],0
L019914,Sarah Lee,,Telecom,,5G Testbeds,Email Campaign,"['Keysight_University_Course', 'LinkedIn_Ad_Click', 'Opportunity', 'Opportunity', 'Customer']",1
L019915,Laura Anders,Bosch_Tech,Telecom,Europe,Automotive Ethernet,Webinar,"['Keysight_University_Course', 'SQL', 'PathWave_Trial_Request', 'Website_Product_Page', 'Loaner_Unit_Evaluation', 'Keysight_Workshop_RF_Testing', 'Whitepaper_Download_5G_Test', 'No_Conversion']",0
L019916,Sofia Chen,Raytheon GmbH,Semiconductor,Europe,,Event,['No_Conversion'],0
L019917,Hiroshi Singh,Samsung Electronics,,LATAM,Oscilloscopes,Website,"['Website_Product_Page', 'Technical_Demo', 'Keysight_Workshop_RF_Testing', 'No_Conversion']",0
L019918,Ravi Anders,Rayth_Tech,Aerospace,Europe,Automotive Ethernet,Event,"['LinkedIn_Ad_Click', 'Keysight_University_Course', 'AutoSens_Tech_Talk', 'Keysight_University_Course', 'No_Conversion']",0
L019919,Hiroshi Patel,Rayth_Tech,Automotive,North America,5G Testbeds,Sales Outreach,"['Lab_Integration_Discussion', 'Whitepaper_Download_5G_Test', 'Whitepaper_Download_5G_Test', 'Oscilloscope_Selector_Tool', 'Application_Engineer_Call', 'Oscilloscope_Selector_Tool', 'PathWave_Trial_Request', 'AutoSens_Tech_Talk', 'No_Conversion']",0
L019920,Priya Williams,Rayth_Tech,Telecom,LATAM,Oscilloscopes,,"['Loaner_Unit_Evaluation', 'MQL', 'Lab_Integration_Discussion', 'Keysight_Workshop_RF_Testing', 'Customer']",1
L019921,Kenji Johnson,NXP Semiconductors GmbH,,APAC,Oscilloscopes,Event,"['Keysight_University_Course', 'Customer']",1
L019922,,,Electronics,APAC,Automotive Ethernet,Webinar,"['Application_Engineer_Call', 'Website_Product_Page', 'No_Conversion']",0
L019923,Hiroshi Williams,,Aerospace,LATAM,Automotive Ethernet,Website,['Customer'],1
L019924,Daniel Khan,Samsung Electronics,Semiconductor,Europe,,Sales Outreach,"['MQL', 'DesignCon_Booth_Visit', 'Lab_Integration_Discussion', 'Whitepaper_Download_5G_Test', 'SQL', 'Customer']",1
L019925,Kenji Martinez,Broadcom,,APAC,,Website,"['Website_Product_Page', 'Keysight_Workshop_RF_Testing', 'DesignCon_Booth_Visit', 'Whitepaper_Download_5G_Test', 'LinkedIn_Ad_Click', 'SQL', 'MQL', 'Application_Engineer_Call', 'Opportunity', 'No_Conversion']",0
L019926,Ahmed Martinez,Tesla Energy,Semiconductor,,PathWave Software,Website,"['Whitepaper_Download_5G_Test', 'SQL', 'LinkedIn_Ad_Click', 'Loaner_Unit_Evaluation', 'No_Conversion']",0
L019927,Ravi Ito,,,LATAM,PathWave Software,Sales Outreach,['No_Conversion'],0
L019928,Chen Singh,Sony_Tech,Electronics,LATAM,PathWave Software,Email Campaign,"['Application_Engineer_Call', 'LinkedIn_Ad_Click', 'Technical_Demo', 'Application_Engineer_Call', 'Keysight_Workshop_RF_Testing', 'MQL', 'Technical_Demo', 'Customer']",1
L019929,Maria Ito,Infineon GmbH,Electronics,LATAM,,Event,"['Technical_Demo', 'Keysight_University_Course', 'Lab_Integration_Discussion', 'IMS_Badge_Scan', 'Keysight_University_Course', 'Loaner_Unit_Evaluation', 'Website_Product_Page', 'Whitepaper_Download_5G_Test', 'No_Conversion']",0
L019930,Chen Ito,Tesla_Tech,Automotive,Europe,,,"['LinkedIn_Ad_Click', 'Opportunity', 'Application_Engineer_Call', 'Customer']",1
L019931,Daniel Johnson,Meta Connectivity Labs GmbH,,LATAM,5G Testbeds,Webinar,"['DesignCon_Booth_Visit', 'Keysight_University_Course', 'Keysight_Workshop_RF_Testing', 'Customer']",1
L019932,Maria Garcia,NXPSe_Tech,Aerospace,APAC,Automotive Ethernet,Event,"['MQL', 'SQL', 'DesignCon_Booth_Visit', 'Website_Product_Page', 'Whitepaper_Download_5G_Test', 'Website_Product_Page', 'SQL', 'Application_Engineer_Call', 'MQL', 'No_Conversion']",0
L019933,Ahmed Lee,Meta Connectivity Labs,,North America,Oscilloscopes,,"['Lab_Integration_Discussion', 'Lab_Integration_Discussion', 'Application_Engineer_Call', 'No_Conversion']",0
L019934,Hiroshi Khan,Tesla_Tech,,LATAM,Oscilloscopes,Event,"['AutoSens_Tech_Talk', 'AutoSens_Tech_Talk', 'No_Conversion']",0
L019935,Ravi Johnson,Qualcomm,,,,Sales Outreach,['Customer'],1
L019936,Laura Johnson,,Aerospace,APAC,,Sales Outreach,"['Whitepaper_Download_5G_Test', 'PathWave_Trial_Request', 'IMS_Badge_Scan', 'No_Conversion']",0
L019937,Sarah Tanaka,Qualcomm GmbH,,Europe,Oscilloscopes,Webinar,"['Keysight_University_Course', 'No_Conversion']",0
L019938,,Sony_Tech,Electronics,Europe,,,"['Application_Engineer_Call', 'AutoSens_Tech_Talk', 'PathWave_Trial_Request', 'Technical_Demo', 'Website_Product_Page', 'AutoSens_Tech_Talk', 'SQL', 'Whitepaper_Download_5G_Test', 'Whitepaper_Download_5G_Test', 'Customer']",1
L019939,Hiroshi Chen,NXPSe_Tech,Semiconductor,,,Email Campaign,['No_Conversion'],0
L019940,Sofia Martinez,Qualc_Tech,Semiconductor,LATAM,5G Testbeds,Sales Outreach,['Customer'],1
L019941,Priya Patel,Raytheon,,LATAM,Oscilloscopes,LinkedIn,"['LinkedIn_Ad_Click', 'Keysight_University_Course', 'DesignCon_Booth_Visit', 'Technical_Demo', 'IMS_Badge_Scan', 'LinkedIn_Ad_Click', 'Customer']",1
L019942,Hiroshi Singh,Meta Connectivity Labs,Telecom,APAC,PathWave Software,Sales Outreach,"['DesignCon_Booth_Visit', 'DesignCon_Booth_Visit', 'Opportunity', 'Keysight_University_Course', 'Customer']",1
L019943,Maria Singh,,Automotive,,,Email Campaign,"['Website_Product_Page', 'Lab_Integration_Discussion', 'Loaner_Unit_Evaluation', 'MQL', 'IMS_Badge_Scan', 'LinkedIn_Ad_Click', 'No_Conversion']",0
L019944,Laura Khan,Broadcom,,,Oscilloscopes,Email Campaign,"['SQL', 'Website_Product_Page', 'PathWave_Trial_Request', 'DesignCon_Booth_Visit', 'Opportunity', 'MQL', 'Loaner_Unit_Evaluation', 'SQL', 'No_Conversion']",0
L019945,Laura Khan,NXP Semiconductors GmbH,Telecom,,PathWave Software,,"['Lab_Integration_Discussion', 'IMS_Badge_Scan', 'Customer']",1
L019946,Maria Patel,,,LATAM,PathWave Software,Event,"['AutoSens_Tech_Talk', 'Website_Product_Page', 'SQL', 'No_Conversion']",0
L019947,Chen Williams,Sony_Tech,Electronics,North America,,LinkedIn,"['Loaner_Unit_Evaluation', 'Customer']",1
L019948,Michael Garcia,,Semiconductor,North America,,Event,"['DesignCon_Booth_Visit', 'AutoSens_Tech_Talk', 'PathWave_Trial_Request', 'Customer']",1
L019949,Sarah Tanaka,Infineon GmbH,Automotive,North America,5G Testbeds,Website,['Customer'],1
L019950,Sarah Anders,Broadcom GmbH,Aerospace,LATAM,PathWave Software,Website,"['MQL', 'PathWave_Trial_Request', 'Keysight_University_Course', 'PathWave_Trial_Request', 'Customer']",1
L019951,Michael Patel,,,Europe,,LinkedIn,"['LinkedIn_Ad_Click', 'Keysight_University_Course', 'Customer']",1
L019952,Sarah Garcia,Bosch,Semiconductor,North America,,Event,"['Whitepaper_Download_5G_Test', 'LinkedIn_Ad_Click', 'Oscilloscope_Selector_Tool', 'No_Conversion']",0
L019953,Kenji Lee,Qualcomm GmbH,Telecom,North America,Automotive Ethernet,Webinar,['Customer'],1
L019954,,Sony GmbH,Semiconductor,North America,PathWave Software,Email Campaign,"['Keysight_University_Course', 'Customer']",1
L019955,Sofia Singh,Samsu_Tech,,,,Email Campaign,"['Keysight_Workshop_RF_Testing', 'SQL', 'LinkedIn_Ad_Click', 'MQL', 'No_Conversion']",0
L019956,Kenji Ito,Samsung Electronics,Semiconductor,LATAM,,LinkedIn,"['MQL', 'Keysight_University_Course', 'DesignCon_Booth_Visit', 'Oscilloscope_Selector_Tool', 'SQL', 'Website_Product_Page', 'Keysight_University_Course', 'Website_Product_Page', 'Keysight_Workshop_RF_Testing', 'Customer']",1
L019957,Hiroshi Garcia,,Semiconductor,,,Webinar,"['Whitepaper_Download_5G_Test', 'MQL', 'Oscilloscope_Selector_Tool', 'No_Conversion']",0
L019958,,MetaC_Tech,Automotive,APAC,Automotive Ethernet,,"['SQL', 'SQL', 'Keysight_University_Course', 'Customer']",1
L019959,Kenji Khan,Rayth_Tech,Telecom,APAC,,Email Campaign,"['Keysight_Workshop_RF_Testing', 'Lab_Integration_Discussion', 'No_Conversion']",0
L019960,Sarah Lee,,Telecom,,,Event,"['Whitepaper_Download_5G_Test', 'Loaner_Unit_Evaluation', 'Opportunity', 'AutoSens_Tech_Talk', 'Website_Product_Page', 'Opportunity', 'IMS_Badge_Scan', 'No_Conversion']",0
L019961,Daniel Anders,Qualc_Tech,Electronics,,,Email Campaign,"['LinkedIn_Ad_Click', 'LinkedIn_Ad_Click', 'Customer']",1
L019962,Hiroshi Tanaka,Sony_Tech,,APAC,Automotive Ethernet,Sales Outreach,"['LinkedIn_Ad_Click', 'Keysight_Workshop_RF_Testing', 'Application_Engineer_Call', 'Customer']",1
L019963,Ravi Martinez,,Aerospace,APAC,Oscilloscopes,Webinar,"['MQL', 'Application_Engineer_Call', 'SQL', 'Customer']",1
L019964,Michael Chen,Infineon,,LATAM,Oscilloscopes,Event,['Customer'],1
L019965,Sarah Chen,,Semiconductor,,,Event,"['AutoSens_Tech_Talk', 'MQL', 'Technical_Demo', 'PathWave_Trial_Request', 'Customer']",1
L019966,Chen Chen,Sony,Automotive,LATAM,,Event,['Customer'],1
L019967,,Rayth_Tech,,APAC,,Email Campaign,"['Keysight_University_Course', 'MQL', 'Application_Engineer_Call', 'PathWave_Trial_Request', 'Customer']",1
L019968,Sofia Singh,Sony,Telecom,APAC,,Event,"['Oscilloscope_Selector_Tool', 'MQL', 'LinkedIn_Ad_Click', 'AutoSens_Tech_Talk', 'No_Conversion']",0
L019969,,,,LATAM,PathWave Software,,"['PathWave_Trial_Request', 'PathWave_Trial_Request', 'DesignCon_Booth_Visit', 'LinkedIn_Ad_Click', 'Application_Engineer_Call', 'Keysight_University_Course', 'Opportunity', 'SQL', 'IMS_Badge_Scan', 'Loaner_Unit_Evaluation', 'Customer']",1
L019970,Sarah Tanaka,Samsung Electronics,,,PathWave Software,LinkedIn,"['Technical_Demo', 'LinkedIn_Ad_Click', 'Technical_Demo', 'No_Conversion']",0
L019971,,Infineon GmbH,Semiconductor,APAC,,Email Campaign,"['DesignCon_Booth_Visit', 'Customer']",1
L019972,Laura Anders,Broadcom GmbH,Automotive,,PathWave Software,Website,"['AutoSens_Tech_Talk', 'Application_Engineer_Call', 'Lab_Integration_Discussion', 'Keysight_University_Course', 'Technical_Demo', 'Customer']",1
L019973,Daniel Lee,,Electronics,APAC,Oscilloscopes,Sales Outreach,"['DesignCon_Booth_Visit', 'Oscilloscope_Selector_Tool', 'Loaner_Unit_Evaluation', 'LinkedIn_Ad_Click', 'MQL', 'Lab_Integration_Discussion', 'No_Conversion']",0
L019974,Priya Martinez,NXP Semiconductors,Semiconductor,North America,Oscilloscopes,,"['DesignCon_Booth_Visit', 'Whitepaper_Download_5G_Test', 'DesignCon_Booth_Visit', 'Website_Product_Page', 'Whitepaper_Download_5G_Test', 'Technical_Demo', 'Whitepaper_Download_5G_Test', 'Oscilloscope_Selector_Tool', 'Oscilloscope_Selector_Tool', 'Technical_Demo', 'No_Conversion']",0
L019975,Ravi Lee,Bosch,,North America,Automotive Ethernet,LinkedIn,"['DesignCon_Booth_Visit', 'Keysight_Workshop_RF_Testing', 'Keysight_Workshop_RF_Testing', 'Whitepaper_Download_5G_Test', 'Keysight_Workshop_RF_Testing', 'LinkedIn_Ad_Click', 'Oscilloscope_Selector_Tool', 'Whitepaper_Download_5G_Test', 'No_Conversion']",0
L019976,Ahmed Khan,Qualcomm,,LATAM,,LinkedIn,"['LinkedIn_Ad_Click', 'No_Conversion']",0
L019977,Ahmed Johnson,Qualcomm,,APAC,Automotive Ethernet,Sales Outreach,"['Technical_Demo', 'Oscilloscope_Selector_Tool', 'Opportunity', 'Whitepaper_Download_5G_Test', 'Lab_Integration_Discussion', 'Whitepaper_Download_5G_Test', 'Loaner_Unit_Evaluation', 'Technical_Demo', 'Customer']",1
L019978,Sofia Williams,Raytheon,Telecom,,PathWave Software,,"['AutoSens_Tech_Talk', 'AutoSens_Tech_Talk', 'No_Conversion']",0
L019979,Hiroshi Singh,Samsung Electronics,,,PathWave Software,Sales Outreach,['No_Conversion'],0
L019980,Chen Martinez,Infin_Tech,Aerospace,APAC,5G Testbeds,Sales Outreach,"['Keysight_Workshop_RF_Testing', 'Keysight_University_Course', 'Whitepaper_Download_5G_Test', 'AutoSens_Tech_Talk', 'No_Conversion']",0
L019981,Maria Johnson,,Electronics,LATAM,,Webinar,"['LinkedIn_Ad_Click', 'Website_Product_Page', 'Website_Product_Page', 'Technical_Demo', 'Oscilloscope_Selector_Tool', 'Keysight_University_Course', 'MQL', 'DesignCon_Booth_Visit', 'Opportunity', 'Customer']",1
L019982,Hiroshi Williams,Meta Connectivity Labs GmbH,Automotive,,,,"['DesignCon_Booth_Visit', 'IMS_Badge_Scan', 'Lab_Integration_Discussion', 'AutoSens_Tech_Talk', 'DesignCon_Booth_Visit', 'No_Conversion']",0
L019983,Priya Garcia,Samsu_Tech,Electronics,,5G Testbeds,Webinar,"['IMS_Badge_Scan', 'IMS_Badge_Scan', 'Keysight_University_Course', 'Keysight_Workshop_RF_Testing', 'Lab_Integration_Discussion', 'Oscilloscope_Selector_Tool', 'Lab_Integration_Discussion', 'LinkedIn_Ad_Click', 'Lab_Integration_Discussion', 'Customer']",1
L019984,Daniel Chen,Broadcom,Electronics,,5G Testbeds,Website,"['Opportunity', 'IMS_Badge_Scan', 'PathWave_Trial_Request', 'MQL', 'IMS_Badge_Scan', 'No_Conversion']",0
L019985,,,Automotive,APAC,PathWave Software,Event,"['LinkedIn_Ad_Click', 'Application_Engineer_Call', 'Website_Product_Page', 'SQL', 'Opportunity', 'DesignCon_Booth_Visit', 'MQL', 'No_Conversion']",0
L019986,,MetaC_Tech,,North America,Automotive Ethernet,LinkedIn,"['Technical_Demo', 'SQL', 'Website_Product_Page', 'Loaner_Unit_Evaluation', 'Oscilloscope_Selector_Tool', 'Technical_Demo', 'No_Conversion']",0
L019987,Laura Khan,Raytheon,Semiconductor,North America,Automotive Ethernet,,"['LinkedIn_Ad_Click', 'Oscilloscope_Selector_Tool', 'Opportunity', 'Application_Engineer_Call', 'Website_Product_Page', 'Whitepaper_Download_5G_Test', 'Oscilloscope_Selector_Tool', 'Opportunity', 'Oscilloscope_Selector_Tool', 'No_Conversion']",0
L019988,Michael Anders,NXP Semiconductors GmbH,,Europe,PathWave Software,Event,['No_Conversion'],0
L019989,Priya Singh,,Semiconductor,,PathWave Software,,"['LinkedIn_Ad_Click', 'IMS_Badge_Scan', 'Keysight_University_Course', 'Opportunity', 'Customer']",1
L019990,Ahmed Martinez,,,,,LinkedIn,"['AutoSens_Tech_Talk', 'AutoSens_Tech_Talk', 'DesignCon_Booth_Visit', 'SQL', 'MQL', 'SQL', 'MQL', 'Keysight_University_Course', 'Opportunity', 'Customer']",1
L019991,Daniel Martinez,Qualcomm,,North America,PathWave Software,Sales Outreach,['Customer'],1
L019992,Michael Lee,Meta Connectivity Labs,,,Automotive Ethernet,Website,"['Whitepaper_Download_5G_Test', 'Lab_Integration_Discussion', 'AutoSens_Tech_Talk', 'No_Conversion']",0
L019993,Kenji Ito,,Aerospace,,PathWave Software,LinkedIn,"['SQL', 'PathWave_Trial_Request', 'IMS_Badge_Scan', 'Technical_Demo', 'Customer']",1
L019994,Michael Anders,,Electronics,LATAM,,Website,"['Website_Product_Page', 'DesignCon_Booth_Visit', 'Keysight_Workshop_RF_Testing', 'Website_Product_Page', 'PathWave_Trial_Request', 'Technical_Demo', 'SQL', 'Lab_Integration_Discussion', 'MQL', 'No_Conversion']",0
L019995,Laura Tanaka,Tesla Energy,Semiconductor,Europe,5G Testbeds,LinkedIn,"['Whitepaper_Download_5G_Test', 'AutoSens_Tech_Talk', 'MQL', 'Loaner_Unit_Evaluation', 'Oscilloscope_Selector_Tool', 'Oscilloscope_Selector_Tool', 'No_Conversion']",0
L019996,Michael Patel,,Semiconductor,North America,Oscilloscopes,Sales Outreach,"['Technical_Demo', 'No_Conversion']",0
L019997,Kenji Anders,Meta Connectivity Labs,,Europe,Oscilloscopes,Sales Outreach,"['PathWave_Trial_Request', 'SQL', 'Keysight_University_Course', 'Application_Engineer_Call', 'Loaner_Unit_Evaluation', 'Website_Product_Page', 'No_Conversion']",0
L019998,Ravi Anders,,Electronics,APAC,PathWave Software,LinkedIn,['Customer'],1
L019999,Kenji Khan,,Semiconductor,Europe,,Sales Outreach,"['IMS_Badge_Scan', 'Application_Engineer_Call', 'DesignCon_Booth_Visit', 'Customer']",1
L020000,Michael Johnson,MetaC_Tech,Aerospace,North America,Automotive Ethernet,Website,"['DesignCon_Booth_Visit', 'Keysight_University_Course', 'IMS_Badge_Scan', 'PathWave_Trial_Request', 'Loaner_Unit_Evaluation', 'MQL', 'Application_Engineer_Call', 'Customer']",1
