Lead_ID,Client_Name,Client_Company,Industry,Region,Product_Interest,Lead_Source,Touchpoint_Sequence,Converted
L000001,Daniel Johnson,Raytheon GmbH,Telecom,Europe,5G Testbeds,,"['Keysight_University_Course', 'Oscilloscope_Selector_Tool', 'Opportunity', 'Technical_Demo', 'IMS_Badge_Scan', 'No_Conversion']",0
L000002,Ahmed Ito,Qualc_Tech,Aerospace,APAC,Oscilloscopes,Webinar,['Customer'],1
L000003,Priya Khan,NXP Semiconductors GmbH,Electronics,,,,"['DesignCon_Booth_Visit', 'Application_Engineer_Call', 'Whitepaper_Download_5G_Test', 'Oscilloscope_Selector_Tool', 'Whitepaper_Download_5G_Test', 'Whitepaper_Download_5G_Test', 'No_Conversion']",0
L000004,Kenji Tanaka,Tesla Energy GmbH,Automotive,,,Email Campaign,"['PathWave_Trial_Request', 'Customer']",1
L000005,Daniel Williams,Infin_Tech,Aerospace,,5G Testbeds,,"['Application_Engineer_Call', 'Oscilloscope_Selector_Tool', 'Customer']",1
L000006,Kenji Martinez,NXP Semiconductors,Aerospace,LATAM,Automotive Ethernet,Sales Outreach,"['Lab_Integration_Discussion', 'PathWave_Trial_Request', 'SQL', 'Loaner_Unit_Evaluation', 'Opportunity', 'No_Conversion']",0
L000007,Kenji Garcia,Bosch GmbH,,APAC,,Website,"['Application_Engineer_Call', 'PathWave_Trial_Request', 'IMS_Badge_Scan', 'LinkedIn_Ad_Click', 'DesignCon_Booth_Visit', 'SQL', 'Opportunity', 'AutoSens_Tech_Talk', 'DesignCon_Booth_Visit', 'Customer']",1
L000008,Chen Anders,,Semiconductor,Europe,,,"['Loaner_Unit_Evaluation', 'DesignCon_Booth_Visit', 'Keysight_Workshop_RF_Testing', 'Website_Product_Page', 'Technical_Demo', 'PathWave_Trial_Request', 'Oscilloscope_Selector_Tool', 'Whitepaper_Download_5G_Test', 'Whitepaper_Download_5G_Test', 'Oscilloscope_Selector_Tool', 'Customer']",1
L000009,Daniel Chen,Samsung Electronics,Telecom,North America,,Sales Outreach,"['SQL', 'Loaner_Unit_Evaluation', 'Application_Engineer_Call', 'No_Conversion']",0
L000010,Daniel Johnson,,Automotive,North America,Automotive Ethernet,Website,"['PathWave_Trial_Request', 'Application_Engineer_Call', 'IMS_Badge_Scan', 'LinkedIn_Ad_Click', 'Oscilloscope_Selector_Tool', 'Customer']",1
L000011,Sofia Williams,Qualcomm GmbH,,North America,,Sales Outreach,"['LinkedIn_Ad_Click', 'Technical_Demo', 'Oscilloscope_Selector_Tool', 'No_Conversion']",0
L000012,Sofia Patel,NXPSe_Tech,,Europe,Oscilloscopes,Email Campaign,"['Website_Product_Page', 'LinkedIn_Ad_Click', 'No_Conversion']",0
L000013,Maria Tanaka,MetaC_Tech,Semiconductor,,Oscilloscopes,Webinar,"['Technical_Demo', 'Opportunity', 'Technical_Demo', 'Customer']",1
L000014,Maria Martinez,,Semiconductor,,,Email Campaign,"['Website_Product_Page', 'Keysight_University_Course', 'Application_Engineer_Call', 'No_Conversion']",0
L000015,Hiroshi Anders,,Electronics,Europe,Oscilloscopes,,"['AutoSens_Tech_Talk', 'Customer']",1
L000016,Michael Martinez,,Electronics,North America,5G Testbeds,,"['Lab_Integration_Discussion', 'Whitepaper_Download_5G_Test', 'Technical_Demo', 'MQL', 'No_Conversion']",0
L000017,Ravi Khan,Broadcom,Electronics,Europe,Oscilloscopes,Website,"['Opportunity', 'IMS_Badge_Scan', 'Whitepaper_Download_5G_Test', 'AutoSens_Tech_Talk', 'Lab_Integration_Discussion', 'No_Conversion']",0
L000018,Chen Chen,,Semiconductor,APAC,5G Testbeds,Sales Outreach,"['Keysight_Workshop_RF_Testing', 'Oscilloscope_Selector_Tool', 'MQL', 'PathWave_Trial_Request', 'Technical_Demo', 'SQL', 'IMS_Badge_Scan', 'No_Conversion']",0
L000019,Chen Khan,,Electronics,North America,5G Testbeds,Webinar,"['Keysight_Workshop_RF_Testing', 'MQL', 'Oscilloscope_Selector_Tool', 'Technical_Demo', 'Loaner_Unit_Evaluation', 'Whitepaper_Download_5G_Test', 'Opportunity', 'Customer']",1
L000020,Priya Patel,Tesla_Tech,Automotive,APAC,,Event,"['PathWave_Trial_Request', 'Customer']",1
L000021,Sofia Anders,Meta Connectivity Labs GmbH,Electronics,APAC,,Event,"['Oscilloscope_Selector_Tool', 'AutoSens_Tech_Talk', 'Whitepaper_Download_5G_Test', 'Customer']",1
L000022,,Meta Connectivity Labs,Electronics,Europe,,Event,"['Lab_Integration_Discussion', 'IMS_Badge_Scan', 'Oscilloscope_Selector_Tool', 'LinkedIn_Ad_Click', 'MQL', 'Oscilloscope_Selector_Tool', 'Lab_Integration_Discussion', 'MQL', 'No_Conversion']",0
L000023,Maria Garcia,Raytheon,Electronics,,5G Testbeds,,"['Lab_Integration_Discussion', 'No_Conversion']",0
L000024,Ravi Singh,Bosch,Automotive,LATAM,5G Testbeds,Sales Outreach,"['DesignCon_Booth_Visit', 'Keysight_Workshop_RF_Testing', 'Whitepaper_Download_5G_Test', 'No_Conversion']",0
L000025,Sofia Patel,,Aerospace,LATAM,Oscilloscopes,Sales Outreach,"['Keysight_Workshop_RF_Testing', 'Technical_Demo', 'Oscilloscope_Selector_Tool', 'PathWave_Trial_Request', 'PathWave_Trial_Request', 'Oscilloscope_Selector_Tool', 'Customer']",1
L000026,Maria Lee,Infineon,Semiconductor,,,,"['Loaner_Unit_Evaluation', 'MQL', 'Whitepaper_Download_5G_Test', 'No_Conversion']",0
L000027,Priya Khan,Samsung Electronics,Electronics,APAC,,Sales Outreach,"['LinkedIn_Ad_Click', 'DesignCon_Booth_Visit', 'Lab_Integration_Discussion', 'Website_Product_Page', 'No_Conversion']",0
L000028,Ahmed Lee,Tesla Energy,Electronics,APAC,Automotive Ethernet,Website,"['LinkedIn_Ad_Click', 'Whitepaper_Download_5G_Test', 'IMS_Badge_Scan', 'PathWave_Trial_Request', 'Loaner_Unit_Evaluation', 'Whitepaper_Download_5G_Test', 'IMS_Badge_Scan', 'SQL', 'No_Conversion']",0
L000029,Hiroshi Anders,Samsung Electronics GmbH,,,,Email Campaign,"['PathWave_Trial_Request', 'Oscilloscope_Selector_Tool', 'Application_Engineer_Call', 'No_Conversion']",0
L000030,Daniel Ito,Broadcom,Electronics,APAC,PathWave Software,Event,"['Keysight_University_Course', 'Customer']",1
L000031,Kenji Ito,Samsung Electronics,Electronics,North America,5G Testbeds,Email Campaign,"['Website_Product_Page', 'Oscilloscope_Selector_Tool', 'Lab_Integration_Discussion', 'Customer']",1
L000032,Laura Anders,Broadcom GmbH,Semiconductor,APAC,Automotive Ethernet,Website,"['MQL', 'IMS_Badge_Scan', 'IMS_Badge_Scan', 'No_Conversion']",0
L000033,Maria Williams,Rayth_Tech,Automotive,North America,,,"['Whitepaper_Download_5G_Test', 'Application_Engineer_Call', 'Loaner_Unit_Evaluation', 'Customer']",1
L000034,Priya Tanaka,Rayth_Tech,,APAC,,Website,['No_Conversion'],0
L000035,Priya Khan,Qualc_Tech,Automotive,,5G Testbeds,Email Campaign,"['Loaner_Unit_Evaluation', 'Oscilloscope_Selector_Tool', 'Opportunity', 'Application_Engineer_Call', 'Oscilloscope_Selector_Tool', 'Oscilloscope_Selector_Tool', 'IMS_Badge_Scan', 'Whitepaper_Download_5G_Test', 'MQL', 'IMS_Badge_Scan', 'Customer']",1
L000036,Laura Chen,Tesla Energy GmbH,Automotive,APAC,Oscilloscopes,Email Campaign,"['LinkedIn_Ad_Click', 'AutoSens_Tech_Talk', 'Technical_Demo', 'Oscilloscope_Selector_Tool', 'LinkedIn_Ad_Click', 'DesignCon_Booth_Visit', 'No_Conversion']",0
L000037,Daniel Singh,Bosch_Tech,,LATAM,,Sales Outreach,"['Opportunity', 'SQL', 'Oscilloscope_Selector_Tool', 'Loaner_Unit_Evaluation', 'PathWave_Trial_Request', 'No_Conversion']",0
L000038,Kenji Ito,Tesla Energy GmbH,,Europe,,Email Campaign,"['Whitepaper_Download_5G_Test', 'LinkedIn_Ad_Click', 'Website_Product_Page', 'Whitepaper_Download_5G_Test', 'Opportunity', 'Keysight_Workshop_RF_Testing', 'DesignCon_Booth_Visit', 'No_Conversion']",0
L000039,Maria Martinez,Raytheon,Electronics,North America,Oscilloscopes,Website,"['Loaner_Unit_Evaluation', 'MQL', 'Oscilloscope_Selector_Tool', 'Customer']",1
L000040,Chen Williams,Meta Connectivity Labs GmbH,Automotive,LATAM,5G Testbeds,Webinar,"['Lab_Integration_Discussion', 'DesignCon_Booth_Visit', 'MQL', 'Customer']",1
L000041,,MetaC_Tech,Electronics,Europe,,Sales Outreach,"['Website_Product_Page', 'SQL', 'SQL', 'Customer']",1
L000042,Sofia Martinez,Qualcomm GmbH,Aerospace,APAC,PathWave Software,Webinar,"['Oscilloscope_Selector_Tool', 'No_Conversion']",0
L000043,Ravi Chen,Sony_Tech,Semiconductor,LATAM,5G Testbeds,LinkedIn,"['IMS_Badge_Scan', 'Application_Engineer_Call', 'Loaner_Unit_Evaluation', 'Keysight_Workshop_RF_Testing', 'IMS_Badge_Scan', 'Customer']",1
L000044,Sofia Lee,Qualc_Tech,Automotive,LATAM,5G Testbeds,Webinar,"['IMS_Badge_Scan', 'Website_Product_Page', 'MQL', 'No_Conversion']",0
L000045,Michael Tanaka,Sony_Tech,Electronics,LATAM,,LinkedIn,"['Technical_Demo', 'Website_Product_Page', 'Opportunity', 'Lab_Integration_Discussion', 'MQL', 'IMS_Badge_Scan', 'Loaner_Unit_Evaluation', 'SQL', 'Customer']",1
L000046,Sofia Johnson,Infin_Tech,Aerospace,Europe,,LinkedIn,"['Lab_Integration_Discussion', 'Keysight_Workshop_RF_Testing', 'IMS_Badge_Scan', 'Oscilloscope_Selector_Tool', 'PathWave_Trial_Request', 'No_Conversion']",0
L000047,Laura Lee,,Aerospace,Europe,Oscilloscopes,LinkedIn,"['AutoSens_Tech_Talk', 'Keysight_University_Course', 'Lab_Integration_Discussion', 'Technical_Demo', 'Website_Product_Page', 'Customer']",1
L000048,Chen Anders,,Semiconductor,Europe,5G Testbeds,Event,"['LinkedIn_Ad_Click', 'Keysight_University_Course', 'IMS_Badge_Scan', 'Opportunity', 'Opportunity', 'No_Conversion']",0
L000049,Priya Patel,,Automotive,LATAM,Oscilloscopes,Sales Outreach,"['LinkedIn_Ad_Click', 'AutoSens_Tech_Talk', 'Lab_Integration_Discussion', 'No_Conversion']",0
L000050,Chen Anders,Bosch,Semiconductor,,Automotive Ethernet,Webinar,"['Keysight_Workshop_RF_Testing', 'SQL', 'Keysight_University_Course', 'Application_Engineer_Call', 'Opportunity', 'SQL', 'Application_Engineer_Call', 'Customer']",1
L000051,Michael Williams,Qualc_Tech,,APAC,Automotive Ethernet,Email Campaign,"['Technical_Demo', 'AutoSens_Tech_Talk', 'Lab_Integration_Discussion', 'Customer']",1
L000052,Ahmed Martinez,Sony GmbH,Electronics,North America,5G Testbeds,Event,['Customer'],1
L000053,Laura Chen,Tesla Energy GmbH,,Europe,PathWave Software,Website,['Customer'],1
L000054,Hiroshi Patel,Tesla_Tech,,,,Webinar,"['Keysight_Workshop_RF_Testing', 'Website_Product_Page', 'Customer']",1
L000055,Michael Garcia,Qualcomm,Electronics,LATAM,Automotive Ethernet,LinkedIn,"['Keysight_University_Course', 'MQL', 'AutoSens_Tech_Talk', 'Opportunity', 'No_Conversion']",0
L000056,Michael Lee,Bosch GmbH,Aerospace,LATAM,Automotive Ethernet,Event,"['LinkedIn_Ad_Click', 'Keysight_Workshop_RF_Testing', 'AutoSens_Tech_Talk', 'Keysight_Workshop_RF_Testing', 'Keysight_University_Course', 'No_Conversion']",0
L000057,Ahmed Khan,,,North America,Oscilloscopes,Website,"['PathWave_Trial_Request', 'SQL', 'IMS_Badge_Scan', 'Whitepaper_Download_5G_Test', 'SQL', 'Whitepaper_Download_5G_Test', 'SQL', 'Whitepaper_Download_5G_Test', 'Customer']",1
L000058,Michael Johnson,Broad_Tech,Automotive,LATAM,,Website,"['PathWave_Trial_Request', 'Customer']",1
L000059,Priya Tanaka,NXP Semiconductors GmbH,,Europe,PathWave Software,Sales Outreach,"['Opportunity', 'Keysight_University_Course', 'Application_Engineer_Call', 'IMS_Badge_Scan', 'MQL', 'DesignCon_Booth_Visit', 'IMS_Badge_Scan', 'No_Conversion']",0
L000060,Chen Garcia,Meta Connectivity Labs,Aerospace,,PathWave Software,Event,"['Technical_Demo', 'Loaner_Unit_Evaluation', 'Oscilloscope_Selector_Tool', 'Application_Engineer_Call', 'Lab_Integration_Discussion', 'DesignCon_Booth_Visit', 'MQL', 'No_Conversion']",0
L000061,Ahmed Garcia,,Electronics,LATAM,PathWave Software,Sales Outreach,"['DesignCon_Booth_Visit', 'DesignCon_Booth_Visit', 'LinkedIn_Ad_Click', 'IMS_Badge_Scan', 'Application_Engineer_Call', 'Lab_Integration_Discussion', 'Customer']",1
L000062,Michael Singh,,,,Automotive Ethernet,,"['DesignCon_Booth_Visit', 'Customer']",1
L000063,Chen Ito,Samsu_Tech,Electronics,LATAM,,Website,"['SQL', 'Lab_Integration_Discussion', 'IMS_Badge_Scan', 'Opportunity', 'Whitepaper_Download_5G_Test', 'No_Conversion']",0
L000064,Sofia Tanaka,Qualcomm GmbH,,North America,,Sales Outreach,"['IMS_Badge_Scan', 'Customer']",1
L000065,Hiroshi Chen,,Semiconductor,APAC,Automotive Ethernet,Sales Outreach,"['Whitepaper_Download_5G_Test', 'PathWave_Trial_Request', 'Customer']",1
L000066,Kenji Chen,Infineon,Electronics,North America,5G Testbeds,Sales Outreach,"['Keysight_University_Course', 'PathWave_Trial_Request', 'Loaner_Unit_Evaluation', 'Application_Engineer_Call', 'SQL', 'AutoSens_Tech_Talk', 'Technical_Demo', 'Loaner_Unit_Evaluation', 'Customer']",1
L000067,Sarah Williams,,Telecom,Europe,PathWave Software,LinkedIn,"['Opportunity', 'Lab_Integration_Discussion', 'Website_Product_Page', 'Application_Engineer_Call', 'Customer']",1
L000068,,Broad_Tech,,Europe,5G Testbeds,Website,"['Technical_Demo', 'SQL', 'DesignCon_Booth_Visit', 'Lab_Integration_Discussion', 'Lab_Integration_Discussion', 'Lab_Integration_Discussion', 'Loaner_Unit_Evaluation', 'LinkedIn_Ad_Click', 'IMS_Badge_Scan', 'Customer']",1
L000069,Ahmed Chen,Sony_Tech,,APAC,PathWave Software,,"['Opportunity', 'DesignCon_Booth_Visit', 'Oscilloscope_Selector_Tool', 'AutoSens_Tech_Talk', 'DesignCon_Booth_Visit', 'LinkedIn_Ad_Click', 'Customer']",1
L000070,Kenji Tanaka,,,Europe,PathWave Software,Webinar,"['Technical_Demo', 'DesignCon_Booth_Visit', 'AutoSens_Tech_Talk', 'Customer']",1
L000071,Sarah Lee,Qualc_Tech,,Europe,,Website,['Customer'],1
L000072,Ahmed Khan,,Semiconductor,North America,,Webinar,"['DesignCon_Booth_Visit', 'LinkedIn_Ad_Click', 'MQL', 'Lab_Integration_Discussion', 'AutoSens_Tech_Talk', 'Customer']",1
L000073,Ahmed Ito,MetaC_Tech,Aerospace,APAC,,LinkedIn,"['IMS_Badge_Scan', 'MQL', 'Application_Engineer_Call', 'Opportunity', 'Lab_Integration_Discussion', 'Whitepaper_Download_5G_Test', 'Keysight_University_Course', 'SQL', 'Customer']",1
L000074,Laura Anders,Broadcom,Electronics,North America,PathWave Software,Website,"['LinkedIn_Ad_Click', 'Opportunity', 'DesignCon_Booth_Visit', 'Keysight_University_Course', 'Application_Engineer_Call', 'Oscilloscope_Selector_Tool', 'Customer']",1
L000075,Sofia Martinez,NXP Semiconductors GmbH,,LATAM,,LinkedIn,"['Whitepaper_Download_5G_Test', 'Application_Engineer_Call', 'Keysight_University_Course', 'Lab_Integration_Discussion', 'PathWave_Trial_Request', 'PathWave_Trial_Request', 'Lab_Integration_Discussion', 'Customer']",1
L000076,Daniel Martinez,Infin_Tech,Telecom,,,Website,"['Keysight_Workshop_RF_Testing', 'Technical_Demo', 'PathWave_Trial_Request', 'Customer']",1
L000077,,,Telecom,,,,"['Website_Product_Page', 'Application_Engineer_Call', 'Loaner_Unit_Evaluation', 'MQL', 'Website_Product_Page', 'IMS_Badge_Scan', 'Application_Engineer_Call', 'No_Conversion']",0
L000078,Laura Khan,,,North America,Oscilloscopes,LinkedIn,"['IMS_Badge_Scan', 'Technical_Demo', 'Lab_Integration_Discussion', 'Loaner_Unit_Evaluation', 'No_Conversion']",0
L000079,Priya Singh,NXP Semiconductors GmbH,Electronics,Europe,5G Testbeds,,"['LinkedIn_Ad_Click', 'Keysight_Workshop_RF_Testing', 'Website_Product_Page', 'No_Conversion']",0
L000080,Laura Tanaka,,Electronics,APAC,5G Testbeds,Webinar,"['DesignCon_Booth_Visit', 'Lab_Integration_Discussion', 'Customer']",1
L000081,Chen Patel,Samsung Electronics,Semiconductor,,PathWave Software,Email Campaign,"['SQL', 'Keysight_Workshop_RF_Testing', 'AutoSens_Tech_Talk', 'Oscilloscope_Selector_Tool', 'IMS_Badge_Scan', 'Customer']",1
L000082,,NXPSe_Tech,Telecom,North America,Oscilloscopes,Website,"['Website_Product_Page', 'Oscilloscope_Selector_Tool', 'No_Conversion']",0
L000083,Ahmed Anders,Samsung Electronics GmbH,Electronics,,5G Testbeds,Website,"['Keysight_Workshop_RF_Testing', 'MQL', 'MQL', 'Customer']",1
L000084,Ravi Lee,,Aerospace,,,Webinar,"['Technical_Demo', 'Keysight_Workshop_RF_Testing', 'Customer']",1
L000085,Priya Williams,NXPSe_Tech,Automotive,North America,,Sales Outreach,"['SQL', 'PathWave_Trial_Request', 'LinkedIn_Ad_Click', 'Keysight_Workshop_RF_Testing', 'Customer']",1
L000086,Daniel Williams,Raytheon,,LATAM,Oscilloscopes,Webinar,['No_Conversion'],0
L000087,Priya Ito,Tesla Energy GmbH,,,PathWave Software,Website,['No_Conversion'],0
L000088,Sofia Johnson,Sony_Tech,Telecom,LATAM,5G Testbeds,Webinar,"['IMS_Badge_Scan', 'Technical_Demo', 'LinkedIn_Ad_Click', 'No_Conversion']",0
L000089,Maria Lee,MetaC_Tech,Aerospace,North America,Oscilloscopes,Webinar,"['Application_Engineer_Call', 'Keysight_University_Course', 'Customer']",1
L000090,Hiroshi Johnson,Infineon,Telecom,APAC,Oscilloscopes,,"['Keysight_Workshop_RF_Testing', 'IMS_Badge_Scan', 'Lab_Integration_Discussion', 'No_Conversion']",0
L000091,Sarah Anders,Infineon GmbH,,LATAM,,LinkedIn,"['Technical_Demo', 'MQL', 'SQL', 'IMS_Badge_Scan', 'Keysight_University_Course', 'Customer']",1
L000092,Sarah Singh,NXP Semiconductors,Semiconductor,LATAM,5G Testbeds,Email Campaign,['Customer'],1
L000093,Laura Chen,Samsung Electronics,,North America,5G Testbeds,,['No_Conversion'],0
L000094,,,,,5G Testbeds,Email Campaign,"['SQL', 'Technical_Demo', 'No_Conversion']",0
L000095,Priya Lee,Sony GmbH,,,PathWave Software,LinkedIn,"['PathWave_Trial_Request', 'SQL', 'Loaner_Unit_Evaluation', 'PathWave_Trial_Request', 'Customer']",1
L000096,Hiroshi Anders,Tesla Energy GmbH,Automotive,Europe,PathWave Software,LinkedIn,"['Whitepaper_Download_5G_Test', 'Technical_Demo', 'Lab_Integration_Discussion', 'LinkedIn_Ad_Click', 'AutoSens_Tech_Talk', 'Customer']",1
L000097,Michael Chen,Bosch,Electronics,,,LinkedIn,['No_Conversion'],0
L000098,Maria Patel,,Semiconductor,,,LinkedIn,"['SQL', 'Customer']",1
L000099,Michael Martinez,,Semiconductor,North America,,Event,"['SQL', 'AutoSens_Tech_Talk', 'Keysight_Workshop_RF_Testing', 'No_Conversion']",0
L000100,,Sony GmbH,,Europe,Oscilloscopes,LinkedIn,"['Technical_Demo', 'AutoSens_Tech_Talk', 'Technical_Demo', 'PathWave_Trial_Request', 'No_Conversion']",0
L000101,Ahmed Anders,Infineon GmbH,,LATAM,,Webinar,"['Loaner_Unit_Evaluation', 'AutoSens_Tech_Talk', 'SQL', 'Lab_Integration_Discussion', 'LinkedIn_Ad_Click', 'Customer']",1
L000102,Priya Johnson,Meta Connectivity Labs GmbH,Automotive,,PathWave Software,Sales Outreach,"['PathWave_Trial_Request', 'SQL', 'Opportunity', 'Customer']",1
L000103,Sarah Johnson,,Telecom,LATAM,5G Testbeds,Event,"['Lab_Integration_Discussion', 'Customer']",1
L000104,,,Electronics,APAC,Oscilloscopes,Event,"['Technical_Demo', 'Customer']",1
L000105,,Sony,,LATAM,,Sales Outreach,"['PathWave_Trial_Request', 'LinkedIn_Ad_Click', 'Technical_Demo', 'Lab_Integration_Discussion', 'Oscilloscope_Selector_Tool', 'Lab_Integration_Discussion', 'SQL', 'No_Conversion']",0
L000106,,Qualc_Tech,Electronics,North America,,LinkedIn,"['SQL', 'PathWave_Trial_Request', 'PathWave_Trial_Request', 'Opportunity', 'MQL', 'SQL', 'Application_Engineer_Call', 'Customer']",1
L000107,Sofia Ito,,Telecom,North America,,Event,"['LinkedIn_Ad_Click', 'LinkedIn_Ad_Click', 'Opportunity', 'MQL', 'Oscilloscope_Selector_Tool', 'Lab_Integration_Discussion', 'No_Conversion']",0
L000108,Sofia Garcia,,,Europe,Oscilloscopes,Sales Outreach,"['Keysight_Workshop_RF_Testing', 'Keysight_University_Course', 'MQL', 'No_Conversion']",0
L000109,Hiroshi Chen,,,LATAM,PathWave Software,,"['Keysight_University_Course', 'Whitepaper_Download_5G_Test', 'AutoSens_Tech_Talk', 'Keysight_Workshop_RF_Testing', 'Loaner_Unit_Evaluation', 'IMS_Badge_Scan', 'Whitepaper_Download_5G_Test', 'Technical_Demo', 'No_Conversion']",0
L000110,Daniel Chen,,,,5G Testbeds,Sales Outreach,"['Keysight_Workshop_RF_Testing', 'MQL', 'Whitepaper_Download_5G_Test', 'PathWave_Trial_Request', 'Customer']",1
L000111,Daniel Williams,Qualc_Tech,Electronics,North America,,Event,"['AutoSens_Tech_Talk', 'AutoSens_Tech_Talk', 'IMS_Badge_Scan', 'PathWave_Trial_Request', 'DesignCon_Booth_Visit', 'Keysight_University_Course', 'Oscilloscope_Selector_Tool', 'MQL', 'Loaner_Unit_Evaluation', 'DesignCon_Booth_Visit', 'Customer']",1
L000112,Daniel Johnson,Meta Connectivity Labs GmbH,,,,LinkedIn,"['Whitepaper_Download_5G_Test', 'Opportunity', 'Opportunity', 'Technical_Demo', 'DesignCon_Booth_Visit', 'Whitepaper_Download_5G_Test', 'No_Conversion']",0
L000113,Laura Lee,NXPSe_Tech,,Europe,PathWave Software,Website,"['Keysight_University_Course', 'Customer']",1
L000114,,Infineon GmbH,Aerospace,,5G Testbeds,,['Customer'],1
L000115,Michael Garcia,,Semiconductor,Europe,PathWave Software,,"['Lab_Integration_Discussion', 'LinkedIn_Ad_Click', 'SQL', 'AutoSens_Tech_Talk', 'Opportunity', 'Keysight_Workshop_RF_Testing', 'PathWave_Trial_Request', 'Loaner_Unit_Evaluation', 'Application_Engineer_Call', 'Oscilloscope_Selector_Tool', 'No_Conversion']",0
L000116,Hiroshi Williams,Broadcom GmbH,,Europe,,Webinar,"['DesignCon_Booth_Visit', 'AutoSens_Tech_Talk', 'No_Conversion']",0
L000117,Ravi Ito,,,LATAM,5G Testbeds,Event,"['DesignCon_Booth_Visit', 'Technical_Demo', 'Loaner_Unit_Evaluation', 'Website_Product_Page', 'No_Conversion']",0
L000118,Sofia Tanaka,Qualcomm,Automotive,,Automotive Ethernet,Email Campaign,"['SQL', 'Loaner_Unit_Evaluation', 'MQL', 'Keysight_Workshop_RF_Testing', 'Technical_Demo', 'Customer']",1
L000119,Michael Ito,MetaC_Tech,,LATAM,Oscilloscopes,,['Customer'],1
L000120,Ahmed Tanaka,Tesla_Tech,,Europe,Automotive Ethernet,LinkedIn,"['Keysight_Workshop_RF_Testing', 'Website_Product_Page', 'No_Conversion']",0
L000121,Kenji Tanaka,Raytheon GmbH,,LATAM,Automotive Ethernet,Sales Outreach,['Customer'],1
L000122,Laura Williams,Qualcomm,Automotive,,Automotive Ethernet,Event,"['Lab_Integration_Discussion', 'AutoSens_Tech_Talk', 'AutoSens_Tech_Talk', 'Whitepaper_Download_5G_Test', 'Opportunity', 'Keysight_Workshop_RF_Testing', 'Loaner_Unit_Evaluation', 'DesignCon_Booth_Visit', 'No_Conversion']",0
L000123,Sarah Lee,Infin_Tech,Aerospace,,,LinkedIn,"['LinkedIn_Ad_Click', 'Application_Engineer_Call', 'Website_Product_Page', 'Lab_Integration_Discussion', 'Website_Product_Page', 'Loaner_Unit_Evaluation', 'AutoSens_Tech_Talk', 'Opportunity', 'SQL', 'Opportunity', 'No_Conversion']",0
L000124,Laura Williams,Raytheon,Electronics,LATAM,PathWave Software,Webinar,"['Keysight_University_Course', 'Technical_Demo', 'MQL', 'AutoSens_Tech_Talk', 'Customer']",1
L000125,Priya Tanaka,,Automotive,North America,,Webinar,"['Keysight_University_Course', 'PathWave_Trial_Request', 'Keysight_University_Course', 'DesignCon_Booth_Visit', 'LinkedIn_Ad_Click', 'Application_Engineer_Call', 'No_Conversion']",0
L000126,Hiroshi Martinez,Samsu_Tech,,LATAM,,LinkedIn,"['DesignCon_Booth_Visit', 'MQL', 'PathWave_Trial_Request', 'MQL', 'Technical_Demo', 'Whitepaper_Download_5G_Test', 'Whitepaper_Download_5G_Test', 'No_Conversion']",0
L000127,Ahmed Singh,Samsung Electronics,Electronics,APAC,PathWave Software,Sales Outreach,['No_Conversion'],0
L000128,Kenji Singh,Samsu_Tech,Telecom,,Automotive Ethernet,Email Campaign,"['Keysight_University_Course', 'Keysight_University_Course', 'Opportunity', 'MQL', 'Loaner_Unit_Evaluation', 'LinkedIn_Ad_Click', 'MQL', 'Keysight_University_Course', 'Customer']",1
L000129,Maria Tanaka,Infineon,,North America,PathWave Software,Email Campaign,"['Technical_Demo', 'DesignCon_Booth_Visit', 'PathWave_Trial_Request', 'IMS_Badge_Scan', 'Keysight_University_Course', 'No_Conversion']",0
L000130,Chen Williams,Broad_Tech,Automotive,LATAM,,LinkedIn,"['Keysight_Workshop_RF_Testing', 'Website_Product_Page', 'PathWave_Trial_Request', 'DesignCon_Booth_Visit', 'No_Conversion']",0
L000131,Kenji Williams,Tesla Energy,Telecom,North America,,LinkedIn,"['Application_Engineer_Call', 'No_Conversion']",0
L000132,Priya Singh,Tesla Energy,,Europe,Oscilloscopes,Webinar,"['AutoSens_Tech_Talk', 'Opportunity', 'AutoSens_Tech_Talk', 'Opportunity', 'Keysight_University_Course', 'SQL', 'Customer']",1
L000133,Sarah Chen,Sony_Tech,Telecom,Europe,,Sales Outreach,"['SQL', 'IMS_Badge_Scan', 'AutoSens_Tech_Talk', 'PathWave_Trial_Request', 'LinkedIn_Ad_Click', 'Customer']",1
L000134,Daniel Ito,Qualcomm GmbH,Semiconductor,Europe,PathWave Software,,"['Whitepaper_Download_5G_Test', 'Application_Engineer_Call', 'Application_Engineer_Call', 'Keysight_Workshop_RF_Testing', 'Customer']",1
L000135,Chen Garcia,NXP Semiconductors,,Europe,,Webinar,"['Keysight_Workshop_RF_Testing', 'Application_Engineer_Call', 'Opportunity', 'SQL', 'No_Conversion']",0
L000136,Laura Chen,,,APAC,,Email Campaign,"['Opportunity', 'PathWave_Trial_Request', 'Technical_Demo', 'No_Conversion']",0
L000137,Kenji Anders,Broadcom GmbH,,Europe,Automotive Ethernet,Email Campaign,"['LinkedIn_Ad_Click', 'Customer']",1
L000138,Kenji Johnson,Bosch_Tech,Electronics,North America,5G Testbeds,LinkedIn,"['Loaner_Unit_Evaluation', 'Keysight_University_Course', 'IMS_Badge_Scan', 'Lab_Integration_Discussion', 'LinkedIn_Ad_Click', 'SQL', 'No_Conversion']",0
L000139,,Qualc_Tech,,,,LinkedIn,"['Lab_Integration_Discussion', 'SQL', 'Loaner_Unit_Evaluation', 'Opportunity', 'PathWave_Trial_Request', 'No_Conversion']",0
L000140,Priya Chen,MetaC_Tech,Telecom,APAC,,Website,"['SQL', 'LinkedIn_Ad_Click', 'LinkedIn_Ad_Click', 'Technical_Demo', 'LinkedIn_Ad_Click', 'Oscilloscope_Selector_Tool', 'No_Conversion']",0
L000141,Michael Patel,Sony_Tech,Semiconductor,North America,PathWave Software,Website,"['Oscilloscope_Selector_Tool', 'Lab_Integration_Discussion', 'Keysight_University_Course', 'Application_Engineer_Call', 'No_Conversion']",0
L000142,Chen Garcia,,Electronics,,,Webinar,"['LinkedIn_Ad_Click', 'MQL', 'Application_Engineer_Call', 'Keysight_Workshop_RF_Testing', 'Whitepaper_Download_5G_Test', 'Keysight_Workshop_RF_Testing', 'Website_Product_Page', 'Technical_Demo', 'DesignCon_Booth_Visit', 'Customer']",1
L000143,Sarah Williams,Broadcom,Automotive,APAC,5G Testbeds,Webinar,"['DesignCon_Booth_Visit', 'Keysight_Workshop_RF_Testing', 'SQL', 'PathWave_Trial_Request', 'Lab_Integration_Discussion', 'PathWave_Trial_Request', 'SQL', 'DesignCon_Booth_Visit', 'SQL', 'No_Conversion']",0
L000144,Priya Johnson,Bosch,Aerospace,,,,"['LinkedIn_Ad_Click', 'Opportunity', 'Keysight_University_Course', 'Loaner_Unit_Evaluation', 'AutoSens_Tech_Talk', 'No_Conversion']",0
L000145,Sarah Williams,Infin_Tech,,Europe,Automotive Ethernet,Website,"['SQL', 'Application_Engineer_Call', 'No_Conversion']",0
L000146,Kenji Singh,,Automotive,,,Webinar,"['Keysight_Workshop_RF_Testing', 'LinkedIn_Ad_Click', 'Website_Product_Page', 'Loaner_Unit_Evaluation', 'AutoSens_Tech_Talk', 'Customer']",1
L000147,Michael Williams,Raytheon GmbH,Semiconductor,LATAM,,Event,"['Oscilloscope_Selector_Tool', 'PathWave_Trial_Request', 'Website_Product_Page', 'MQL', 'LinkedIn_Ad_Click', 'Technical_Demo', 'Customer']",1
L000148,Ravi Tanaka,Sony GmbH,Telecom,APAC,PathWave Software,Webinar,"['Lab_Integration_Discussion', 'LinkedIn_Ad_Click', 'Technical_Demo', 'Customer']",1
L000149,,,Semiconductor,North America,,Webinar,"['Technical_Demo', 'No_Conversion']",0
L000150,Sofia Anders,Samsung Electronics GmbH,Electronics,North America,5G Testbeds,Sales Outreach,"['Technical_Demo', 'Oscilloscope_Selector_Tool', 'AutoSens_Tech_Talk', 'MQL', 'Customer']",1
L000151,Sarah Johnson,,Telecom,,,Sales Outreach,"['Loaner_Unit_Evaluation', 'Oscilloscope_Selector_Tool', 'Website_Product_Page', 'LinkedIn_Ad_Click', 'Whitepaper_Download_5G_Test', 'IMS_Badge_Scan', 'Opportunity', 'DesignCon_Booth_Visit', 'Technical_Demo', 'Application_Engineer_Call', 'Customer']",1
L000152,Ahmed Ito,Qualc_Tech,Telecom,North America,,Sales Outreach,"['AutoSens_Tech_Talk', 'Website_Product_Page', 'MQL', 'AutoSens_Tech_Talk', 'Customer']",1
L000153,Maria Tanaka,Broadcom,Automotive,,,Email Campaign,"['Application_Engineer_Call', 'Loaner_Unit_Evaluation', 'Technical_Demo', 'AutoSens_Tech_Talk', 'LinkedIn_Ad_Click', 'AutoSens_Tech_Talk', 'Whitepaper_Download_5G_Test', 'Loaner_Unit_Evaluation', 'No_Conversion']",0
L000154,Sarah Martinez,,Aerospace,North America,,Event,['Customer'],1
L000155,Sofia Tanaka,Bosch,Semiconductor,APAC,,Email Campaign,"['SQL', 'Lab_Integration_Discussion', 'Website_Product_Page', 'PathWave_Trial_Request', 'Oscilloscope_Selector_Tool', 'DesignCon_Booth_Visit', 'No_Conversion']",0
L000156,Maria Singh,NXPSe_Tech,,LATAM,Oscilloscopes,,"['DesignCon_Booth_Visit', 'Technical_Demo', 'No_Conversion']",0
L000157,Ahmed Johnson,MetaC_Tech,Telecom,APAC,,Sales Outreach,"['SQL', 'Opportunity', 'Keysight_Workshop_RF_Testing', 'IMS_Badge_Scan', 'No_Conversion']",0
L000158,Maria Martinez,NXP Semiconductors GmbH,,,Oscilloscopes,Event,"['SQL', 'AutoSens_Tech_Talk', 'SQL', 'Customer']",1
L000159,Hiroshi Lee,,Telecom,North America,Oscilloscopes,Webinar,"['Oscilloscope_Selector_Tool', 'Website_Product_Page', 'PathWave_Trial_Request', 'Customer']",1
L000160,Michael Khan,,Telecom,North America,5G Testbeds,,['No_Conversion'],0
L000161,Chen Khan,Samsung Electronics GmbH,,North America,PathWave Software,LinkedIn,"['IMS_Badge_Scan', 'Website_Product_Page', 'PathWave_Trial_Request', 'LinkedIn_Ad_Click', 'No_Conversion']",0
L000162,Ravi Chen,Sony GmbH,Aerospace,LATAM,,Webinar,"['Whitepaper_Download_5G_Test', 'No_Conversion']",0
L000163,Maria Martinez,Tesla Energy GmbH,Electronics,APAC,5G Testbeds,Website,"['Application_Engineer_Call', 'LinkedIn_Ad_Click', 'DesignCon_Booth_Visit', 'DesignCon_Booth_Visit', 'Technical_Demo', 'Oscilloscope_Selector_Tool', 'Technical_Demo', 'Customer']",1
L000164,Daniel Anders,,Electronics,,Automotive Ethernet,,"['Loaner_Unit_Evaluation', 'MQL', 'AutoSens_Tech_Talk', 'DesignCon_Booth_Visit', 'SQL', 'DesignCon_Booth_Visit', 'Application_Engineer_Call', 'Keysight_Workshop_RF_Testing', 'Lab_Integration_Discussion', 'MQL', 'No_Conversion']",0
L000165,Priya Garcia,Tesla Energy GmbH,Automotive,LATAM,,Website,"['Technical_Demo', 'DesignCon_Booth_Visit', 'Oscilloscope_Selector_Tool', 'Keysight_University_Course', 'Customer']",1
L000166,Sarah Chen,Sony GmbH,,,PathWave Software,,"['AutoSens_Tech_Talk', 'Lab_Integration_Discussion', 'LinkedIn_Ad_Click', 'Customer']",1
L000167,Chen Singh,Qualcomm,Aerospace,,,,"['Website_Product_Page', 'Whitepaper_Download_5G_Test', 'No_Conversion']",0
L000168,Sarah Lee,Sony,Aerospace,North America,Oscilloscopes,Webinar,"['Application_Engineer_Call', 'Whitepaper_Download_5G_Test', 'Technical_Demo', 'MQL', 'Oscilloscope_Selector_Tool', 'DesignCon_Booth_Visit', 'No_Conversion']",0
L000169,,Rayth_Tech,Automotive,,,LinkedIn,['Customer'],1
L000170,Hiroshi Garcia,Sony_Tech,Aerospace,APAC,5G Testbeds,Webinar,"['MQL', 'MQL', 'Keysight_University_Course', 'Whitepaper_Download_5G_Test', 'Website_Product_Page', 'Technical_Demo', 'Keysight_University_Course', 'Customer']",1
L000171,Priya Singh,,,APAC,PathWave Software,,"['Application_Engineer_Call', 'Application_Engineer_Call', 'Keysight_Workshop_RF_Testing', 'No_Conversion']",0
L000172,Ahmed Anders,Rayth_Tech,Electronics,,Automotive Ethernet,Event,"['Application_Engineer_Call', 'PathWave_Trial_Request', 'Keysight_Workshop_RF_Testing', 'Technical_Demo', 'DesignCon_Booth_Visit', 'Loaner_Unit_Evaluation', 'LinkedIn_Ad_Click', 'Customer']",1
L000173,Chen Ito,Qualcomm GmbH,Electronics,North America,,Sales Outreach,"['Loaner_Unit_Evaluation', 'DesignCon_Booth_Visit', 'Oscilloscope_Selector_Tool', 'DesignCon_Booth_Visit', 'IMS_Badge_Scan', 'MQL', 'Whitepaper_Download_5G_Test', 'MQL', 'Customer']",1
L000174,Ravi Garcia,Samsung Electronics,,APAC,PathWave Software,Event,"['MQL', 'Customer']",1
L000175,Kenji Tanaka,,Aerospace,APAC,,Webinar,"['IMS_Badge_Scan', 'Oscilloscope_Selector_Tool', 'DesignCon_Booth_Visit', 'PathWave_Trial_Request', 'MQL', 'Technical_Demo', 'AutoSens_Tech_Talk', 'Keysight_Workshop_RF_Testing', 'Oscilloscope_Selector_Tool', 'Customer']",1
L000176,Laura Martinez,Samsu_Tech,Semiconductor,,,Email Campaign,"['DesignCon_Booth_Visit', 'SQL', 'Website_Product_Page', 'Customer']",1
L000177,Laura Singh,Broadcom GmbH,Aerospace,,,Email Campaign,"['LinkedIn_Ad_Click', 'No_Conversion']",0
L000178,,Samsu_Tech,,,,LinkedIn,['No_Conversion'],0
L000179,Kenji Lee,Meta Connectivity Labs,Electronics,LATAM,5G Testbeds,Website,"['AutoSens_Tech_Talk', 'DesignCon_Booth_Visit', 'AutoSens_Tech_Talk', 'Customer']",1
L000180,Ahmed Johnson,,,Europe,PathWave Software,Webinar,"['Whitepaper_Download_5G_Test', 'AutoSens_Tech_Talk', 'Application_Engineer_Call', 'No_Conversion']",0
L000181,Chen Tanaka,,Aerospace,Europe,,Sales Outreach,"['DesignCon_Booth_Visit', 'Customer']",1
L000182,Sofia Singh,Qualc_Tech,Aerospace,Europe,Automotive Ethernet,Sales Outreach,"['Keysight_Workshop_RF_Testing', 'No_Conversion']",0
L000183,Daniel Chen,Samsu_Tech,Aerospace,,Automotive Ethernet,Event,"['DesignCon_Booth_Visit', 'DesignCon_Booth_Visit', 'DesignCon_Booth_Visit', 'Lab_Integration_Discussion', 'Customer']",1
L000184,Chen Lee,Sony_Tech,Aerospace,,Automotive Ethernet,Event,"['Opportunity', 'IMS_Badge_Scan', 'PathWave_Trial_Request', 'MQL', 'Technical_Demo', 'DesignCon_Booth_Visit', 'No_Conversion']",0
L000185,Kenji Patel,Infineon,Automotive,,Oscilloscopes,Sales Outreach,"['AutoSens_Tech_Talk', 'Technical_Demo', 'LinkedIn_Ad_Click', 'Lab_Integration_Discussion', 'DesignCon_Booth_Visit', 'MQL', 'DesignCon_Booth_Visit', 'Keysight_Workshop_RF_Testing', 'Loaner_Unit_Evaluation', 'Customer']",1
L000186,Sarah Singh,Infin_Tech,,APAC,,,"['Lab_Integration_Discussion', 'AutoSens_Tech_Talk', 'Opportunity', 'SQL', 'Opportunity', 'MQL', 'Keysight_Workshop_RF_Testing', 'Application_Engineer_Call', 'LinkedIn_Ad_Click', 'Customer']",1
L000187,,Broadcom,,Europe,,Event,"['Keysight_Workshop_RF_Testing', 'Keysight_Workshop_RF_Testing', 'SQL', 'Application_Engineer_Call', 'Whitepaper_Download_5G_Test', 'Keysight_Workshop_RF_Testing', 'LinkedIn_Ad_Click', 'Keysight_Workshop_RF_Testing', 'AutoSens_Tech_Talk', 'Whitepaper_Download_5G_Test', 'No_Conversion']",0
L000188,Sarah Singh,,,APAC,Automotive Ethernet,Webinar,"['Opportunity', 'Website_Product_Page', 'PathWave_Trial_Request', 'No_Conversion']",0
L000189,Michael Tanaka,Qualcomm GmbH,,APAC,PathWave Software,Event,"['MQL', 'Whitepaper_Download_5G_Test', 'Application_Engineer_Call', 'Technical_Demo', 'PathWave_Trial_Request', 'MQL', 'Customer']",1
L000190,Hiroshi Martinez,Bosch,Automotive,North America,,Event,"['LinkedIn_Ad_Click', 'Keysight_University_Course', 'MQL', 'Keysight_University_Course', 'Technical_Demo', 'Oscilloscope_Selector_Tool', 'Customer']",1
L000191,Kenji Anders,Raytheon GmbH,,LATAM,PathWave Software,,"['PathWave_Trial_Request', 'Technical_Demo', 'No_Conversion']",0
L000192,Michael Singh,Meta Connectivity Labs GmbH,Automotive,APAC,,LinkedIn,"['Whitepaper_Download_5G_Test', 'Keysight_University_Course', 'Keysight_University_Course', 'Customer']",1
L000193,Sarah Patel,,,North America,Automotive Ethernet,Webinar,"['Whitepaper_Download_5G_Test', 'No_Conversion']",0
L000194,Chen Johnson,Tesla Energy,Electronics,North America,5G Testbeds,Webinar,"['AutoSens_Tech_Talk', 'IMS_Badge_Scan', 'AutoSens_Tech_Talk', 'Customer']",1
L000195,Chen Martinez,,Telecom,North America,Automotive Ethernet,Sales Outreach,"['DesignCon_Booth_Visit', 'Opportunity', 'Whitepaper_Download_5G_Test', 'IMS_Badge_Scan', 'AutoSens_Tech_Talk', 'MQL', 'Loaner_Unit_Evaluation', 'Website_Product_Page', 'Oscilloscope_Selector_Tool', 'No_Conversion']",0
L000196,Chen Tanaka,Raytheon,Semiconductor,Europe,,LinkedIn,"['Oscilloscope_Selector_Tool', 'LinkedIn_Ad_Click', 'Opportunity', 'Customer']",1
L000197,Kenji Tanaka,Broadcom,Aerospace,LATAM,,Webinar,"['AutoSens_Tech_Talk', 'Application_Engineer_Call', 'Application_Engineer_Call', 'Loaner_Unit_Evaluation', 'IMS_Badge_Scan', 'Oscilloscope_Selector_Tool', 'No_Conversion']",0
L000198,Daniel Tanaka,Broadcom GmbH,,Europe,,Webinar,"['Whitepaper_Download_5G_Test', 'Customer']",1
L000199,Sofia Lee,Broadcom GmbH,Semiconductor,LATAM,Automotive Ethernet,Website,"['Whitepaper_Download_5G_Test', 'Application_Engineer_Call', 'Technical_Demo', 'DesignCon_Booth_Visit', 'Technical_Demo', 'No_Conversion']",0
L000200,,Tesla_Tech,,APAC,,Sales Outreach,"['Website_Product_Page', 'AutoSens_Tech_Talk', 'No_Conversion']",0
L000201,Hiroshi Patel,Tesla Energy,Aerospace,,Automotive Ethernet,Webinar,"['Whitepaper_Download_5G_Test', 'DesignCon_Booth_Visit', 'Keysight_University_Course', 'Opportunity', 'Customer']",1
L000202,,Broadcom,,North America,,Email Campaign,['No_Conversion'],0
L000203,Michael Johnson,Infineon GmbH,Electronics,,5G Testbeds,Sales Outreach,"['PathWave_Trial_Request', 'MQL', 'Loaner_Unit_Evaluation', 'Website_Product_Page', 'LinkedIn_Ad_Click', 'DesignCon_Booth_Visit', 'DesignCon_Booth_Visit', 'Keysight_University_Course', 'No_Conversion']",0
L000204,Chen Williams,Samsung Electronics,Automotive,,,Sales Outreach,"['Loaner_Unit_Evaluation', 'Opportunity', 'Lab_Integration_Discussion', 'PathWave_Trial_Request', 'Loaner_Unit_Evaluation', 'Lab_Integration_Discussion', 'SQL', 'Customer']",1
L000205,Laura Ito,Bosch_Tech,Electronics,APAC,,Email Campaign,"['DesignCon_Booth_Visit', 'Oscilloscope_Selector_Tool', 'IMS_Badge_Scan', 'Lab_Integration_Discussion', 'Customer']",1
L000206,Hiroshi Tanaka,,Aerospace,APAC,Oscilloscopes,,"['DesignCon_Booth_Visit', 'Application_Engineer_Call', 'Lab_Integration_Discussion', 'Lab_Integration_Discussion', 'LinkedIn_Ad_Click', 'Customer']",1
L000207,Hiroshi Martinez,Qualcomm GmbH,,North America,Automotive Ethernet,,"['IMS_Badge_Scan', 'IMS_Badge_Scan', 'Application_Engineer_Call', 'Loaner_Unit_Evaluation', 'PathWave_Trial_Request', 'Application_Engineer_Call', 'IMS_Badge_Scan', 'Keysight_Workshop_RF_Testing', 'No_Conversion']",0
L000208,Daniel Ito,Rayth_Tech,Electronics,LATAM,Automotive Ethernet,Email Campaign,"['Technical_Demo', 'Whitepaper_Download_5G_Test', 'IMS_Badge_Scan', 'MQL', 'Loaner_Unit_Evaluation', 'Customer']",1
L000209,Priya Tanaka,Meta Connectivity Labs,Semiconductor,North America,5G Testbeds,Webinar,"['Application_Engineer_Call', 'Technical_Demo', 'IMS_Badge_Scan', 'Whitepaper_Download_5G_Test', 'Keysight_University_Course', 'Website_Product_Page', 'Technical_Demo', 'MQL', 'No_Conversion']",0
L000210,Laura Patel,Tesla_Tech,Automotive,LATAM,Automotive Ethernet,LinkedIn,['Customer'],1
L000211,Sarah Ito,,Aerospace,LATAM,5G Testbeds,Sales Outreach,"['Website_Product_Page', 'Technical_Demo', 'Customer']",1
L000212,Laura Williams,MetaC_Tech,Automotive,,Oscilloscopes,Website,"['Technical_Demo', 'Application_Engineer_Call', 'AutoSens_Tech_Talk', 'SQL', 'No_Conversion']",0
L000213,Sarah Martinez,Tesla_Tech,Semiconductor,,Automotive Ethernet,Webinar,"['IMS_Badge_Scan', 'IMS_Badge_Scan', 'Website_Product_Page', 'MQL', 'Loaner_Unit_Evaluation', 'LinkedIn_Ad_Click', 'Lab_Integration_Discussion', 'SQL', 'Customer']",1
L000214,Ravi Ito,Qualcomm GmbH,,LATAM,,Website,"['SQL', 'AutoSens_Tech_Talk', 'AutoSens_Tech_Talk', 'Customer']",1
L000215,Chen Williams,Broadcom GmbH,Automotive,North America,,Sales Outreach,"['Lab_Integration_Discussion', 'Lab_Integration_Discussion', 'AutoSens_Tech_Talk', 'Loaner_Unit_Evaluation', 'Opportunity', 'PathWave_Trial_Request', 'Whitepaper_Download_5G_Test', 'LinkedIn_Ad_Click', 'No_Conversion']",0
L000216,Maria Tanaka,Meta Connectivity Labs GmbH,Electronics,LATAM,,Website,['No_Conversion'],0
L000217,Chen Garcia,MetaC_Tech,Electronics,LATAM,Oscilloscopes,Website,"['Opportunity', 'AutoSens_Tech_Talk', 'Customer']",1
L000218,Hiroshi Ito,Raytheon GmbH,,Europe,5G Testbeds,Website,"['LinkedIn_Ad_Click', 'Lab_Integration_Discussion', 'No_Conversion']",0
L000219,Hiroshi Singh,Tesla Energy GmbH,Automotive,North America,,LinkedIn,"['Keysight_University_Course', 'Application_Engineer_Call', 'IMS_Badge_Scan', 'Keysight_Workshop_RF_Testing', 'DesignCon_Booth_Visit', 'PathWave_Trial_Request', 'Oscilloscope_Selector_Tool', 'No_Conversion']",0
L000220,Ahmed Ito,Meta Connectivity Labs GmbH,,LATAM,,LinkedIn,['No_Conversion'],0
L000221,,Infineon GmbH,,LATAM,Automotive Ethernet,Sales Outreach,"['MQL', 'Opportunity', 'Technical_Demo', 'Technical_Demo', 'Loaner_Unit_Evaluation', 'Customer']",1
L000222,Hiroshi Johnson,,Electronics,LATAM,5G Testbeds,Sales Outreach,['No_Conversion'],0
L000223,Sarah Lee,NXP Semiconductors GmbH,Telecom,APAC,,,"['IMS_Badge_Scan', 'DesignCon_Booth_Visit', 'IMS_Badge_Scan', 'Opportunity', 'DesignCon_Booth_Visit', 'Customer']",1
L000224,Kenji Chen,,Electronics,LATAM,,Website,"['SQL', 'Keysight_Workshop_RF_Testing', 'DesignCon_Booth_Visit', 'Application_Engineer_Call', 'MQL', 'Application_Engineer_Call', 'Oscilloscope_Selector_Tool', 'Application_Engineer_Call', 'Customer']",1
L000225,Priya Williams,Bosch GmbH,Telecom,Europe,,Website,"['Lab_Integration_Discussion', 'DesignCon_Booth_Visit', 'Loaner_Unit_Evaluation', 'SQL', 'DesignCon_Booth_Visit', 'No_Conversion']",0
L000226,,Rayth_Tech,,,Automotive Ethernet,LinkedIn,"['Loaner_Unit_Evaluation', 'Application_Engineer_Call', 'MQL', 'Customer']",1
L000227,Chen Anders,Infineon GmbH,,,,Event,"['Lab_Integration_Discussion', 'Keysight_Workshop_RF_Testing', 'Opportunity', 'MQL', 'Loaner_Unit_Evaluation', 'AutoSens_Tech_Talk', 'No_Conversion']",0
L000228,Chen Martinez,Tesla Energy GmbH,,,,,"['Opportunity', 'AutoSens_Tech_Talk', 'Customer']",1
L000229,Sofia Garcia,,,Europe,Automotive Ethernet,,"['SQL', 'Lab_Integration_Discussion', 'Application_Engineer_Call', 'SQL', 'No_Conversion']",0
L000230,Daniel Ito,NXP Semiconductors GmbH,Aerospace,Europe,Automotive Ethernet,,"['Whitepaper_Download_5G_Test', 'IMS_Badge_Scan', 'Oscilloscope_Selector_Tool', 'Customer']",1
L000231,Daniel Lee,,Electronics,LATAM,Oscilloscopes,Webinar,"['Loaner_Unit_Evaluation', 'Keysight_University_Course', 'Customer']",1
L000232,Laura Khan,Qualcomm GmbH,Aerospace,,Automotive Ethernet,Webinar,"['Application_Engineer_Call', 'No_Conversion']",0
L000233,Ahmed Martinez,Rayth_Tech,,LATAM,5G Testbeds,Sales Outreach,"['Oscilloscope_Selector_Tool', 'Application_Engineer_Call', 'SQL', 'DesignCon_Booth_Visit', 'PathWave_Trial_Request', 'Website_Product_Page', 'No_Conversion']",0
L000234,Kenji Martinez,Qualcomm,Automotive,LATAM,PathWave Software,Event,"['Loaner_Unit_Evaluation', 'MQL', 'Oscilloscope_Selector_Tool', 'LinkedIn_Ad_Click', 'Customer']",1
L000235,Laura Chen,Raytheon GmbH,,Europe,,Webinar,"['Keysight_University_Course', 'Technical_Demo', 'SQL', 'AutoSens_Tech_Talk', 'Oscilloscope_Selector_Tool', 'AutoSens_Tech_Talk', 'Technical_Demo', 'MQL', 'No_Conversion']",0
L000236,Hiroshi Singh,,Aerospace,Europe,,,"['Loaner_Unit_Evaluation', 'Customer']",1
L000237,Daniel Garcia,Qualc_Tech,Semiconductor,Europe,Automotive Ethernet,Event,"['SQL', 'Keysight_University_Course', 'Lab_Integration_Discussion', 'Technical_Demo', 'SQL', 'PathWave_Trial_Request', 'SQL', 'Whitepaper_Download_5G_Test', 'AutoSens_Tech_Talk', 'IMS_Badge_Scan', 'Customer']",1
L000238,,Tesla_Tech,,LATAM,PathWave Software,Sales Outreach,"['Technical_Demo', 'PathWave_Trial_Request', 'Keysight_Workshop_RF_Testing', 'SQL', 'No_Conversion']",0
L000239,Priya Williams,,Electronics,Europe,,Sales Outreach,"['Application_Engineer_Call', 'Lab_Integration_Discussion', 'SQL', 'Lab_Integration_Discussion', 'Keysight_University_Course', 'Keysight_University_Course', 'No_Conversion']",0
L000240,Chen Tanaka,Broadcom GmbH,,,,,"['AutoSens_Tech_Talk', 'Application_Engineer_Call', 'IMS_Badge_Scan', 'Loaner_Unit_Evaluation', 'PathWave_Trial_Request', 'AutoSens_Tech_Talk', 'Whitepaper_Download_5G_Test', 'Customer']",1
L000241,Michael Khan,,Semiconductor,,PathWave Software,Email Campaign,"['Website_Product_Page', 'MQL', 'LinkedIn_Ad_Click', 'LinkedIn_Ad_Click', 'Customer']",1
L000242,Hiroshi Ito,,,Europe,,Website,['Customer'],1
L000243,Daniel Ito,,Telecom,LATAM,,Website,"['Keysight_Workshop_RF_Testing', 'Application_Engineer_Call', 'Oscilloscope_Selector_Tool', 'Technical_Demo', 'AutoSens_Tech_Talk', 'No_Conversion']",0
L000244,Ahmed Chen,Bosch,Semiconductor,LATAM,Oscilloscopes,LinkedIn,"['Lab_Integration_Discussion', 'DesignCon_Booth_Visit', 'Keysight_Workshop_RF_Testing', 'MQL', 'Website_Product_Page', 'Keysight_Workshop_RF_Testing', 'AutoSens_Tech_Talk', 'Customer']",1
L000245,Sofia Khan,,Aerospace,North America,Automotive Ethernet,Email Campaign,"['LinkedIn_Ad_Click', 'Opportunity', 'IMS_Badge_Scan', 'Loaner_Unit_Evaluation', 'Website_Product_Page', 'Oscilloscope_Selector_Tool', 'No_Conversion']",0
L000246,Maria Johnson,NXP Semiconductors,,APAC,Oscilloscopes,Webinar,"['DesignCon_Booth_Visit', 'PathWave_Trial_Request', 'Opportunity', 'PathWave_Trial_Request', 'Customer']",1
L000247,Ravi Tanaka,Broadcom GmbH,Automotive,Europe,PathWave Software,Sales Outreach,"['Keysight_Workshop_RF_Testing', 'Oscilloscope_Selector_Tool', 'Customer']",1
L000248,,Qualc_Tech,Electronics,LATAM,PathWave Software,Sales Outreach,"['AutoSens_Tech_Talk', 'AutoSens_Tech_Talk', 'Website_Product_Page', 'DesignCon_Booth_Visit', 'AutoSens_Tech_Talk', 'Keysight_Workshop_RF_Testing', 'Loaner_Unit_Evaluation', 'Customer']",1
L000249,Ahmed Williams,NXP Semiconductors GmbH,Automotive,LATAM,,Event,['Customer'],1
L000250,Chen Khan,,Semiconductor,Europe,Automotive Ethernet,Sales Outreach,"['AutoSens_Tech_Talk', 'Keysight_Workshop_RF_Testing', 'IMS_Badge_Scan', 'PathWave_Trial_Request', 'Customer']",1
L000251,Priya Ito,Broadcom,Electronics,,Automotive Ethernet,,"['LinkedIn_Ad_Click', 'No_Conversion']",0
L000252,Kenji Martinez,,Telecom,LATAM,,Webinar,"['Opportunity', 'Technical_Demo', 'Opportunity', 'No_Conversion']",0
L000253,Hiroshi Singh,Bosch_Tech,Semiconductor,Europe,,Webinar,"['Keysight_Workshop_RF_Testing', 'No_Conversion']",0
L000254,Priya Khan,Raytheon,Automotive,North America,5G Testbeds,LinkedIn,"['Oscilloscope_Selector_Tool', 'Technical_Demo', 'IMS_Badge_Scan', 'No_Conversion']",0
L000255,Hiroshi Tanaka,Samsung Electronics GmbH,Electronics,,,Sales Outreach,"['Whitepaper_Download_5G_Test', 'Technical_Demo', 'IMS_Badge_Scan', 'Customer']",1
L000256,Ravi Singh,,Aerospace,Europe,,Event,['Customer'],1
L000257,Michael Anders,Raytheon GmbH,Semiconductor,,,Webinar,"['DesignCon_Booth_Visit', 'DesignCon_Booth_Visit', 'Keysight_Workshop_RF_Testing', 'Application_Engineer_Call', 'AutoSens_Tech_Talk', 'Technical_Demo', 'SQL', 'Loaner_Unit_Evaluation', 'No_Conversion']",0
L000258,Maria Patel,Broadcom,Electronics,,,Website,"['Lab_Integration_Discussion', 'Technical_Demo', 'No_Conversion']",0
L000259,Hiroshi Johnson,Broadcom,Telecom,North America,PathWave Software,Webinar,"['Application_Engineer_Call', 'Oscilloscope_Selector_Tool', 'Website_Product_Page', 'Customer']",1
L000260,Chen Singh,Infineon,Automotive,Europe,,,"['Technical_Demo', 'PathWave_Trial_Request', 'Lab_Integration_Discussion', 'MQL', 'SQL', 'IMS_Badge_Scan', 'DesignCon_Booth_Visit', 'DesignCon_Booth_Visit', 'SQL', 'Application_Engineer_Call', 'No_Conversion']",0
L000261,Kenji Khan,Infin_Tech,Aerospace,LATAM,,,"['DesignCon_Booth_Visit', 'Website_Product_Page', 'LinkedIn_Ad_Click', 'No_Conversion']",0
L000262,Chen Anders,Samsung Electronics,Semiconductor,APAC,Oscilloscopes,Email Campaign,"['Lab_Integration_Discussion', 'PathWave_Trial_Request', 'Opportunity', 'Whitepaper_Download_5G_Test', 'LinkedIn_Ad_Click', 'Oscilloscope_Selector_Tool', 'Customer']",1
L000263,,,Electronics,,,Event,"['Oscilloscope_Selector_Tool', 'Keysight_Workshop_RF_Testing', 'DesignCon_Booth_Visit', 'No_Conversion']",0
L000264,Laura Patel,MetaC_Tech,Aerospace,LATAM,Automotive Ethernet,Event,"['Application_Engineer_Call', 'Technical_Demo', 'No_Conversion']",0
L000265,Daniel Tanaka,,Electronics,Europe,Automotive Ethernet,LinkedIn,"['DesignCon_Booth_Visit', 'SQL', 'Keysight_Workshop_RF_Testing', 'Keysight_Workshop_RF_Testing', 'Keysight_Workshop_RF_Testing', 'AutoSens_Tech_Talk', 'Application_Engineer_Call', 'Opportunity', 'AutoSens_Tech_Talk', 'No_Conversion']",0
L000266,Chen Khan,Meta Connectivity Labs,Automotive,,PathWave Software,,"['MQL', 'PathWave_Trial_Request', 'Oscilloscope_Selector_Tool', 'Loaner_Unit_Evaluation', 'DesignCon_Booth_Visit', 'No_Conversion']",0
L000267,Sofia Ito,,,Europe,,,['Customer'],1
L000268,Michael Johnson,,,Europe,Automotive Ethernet,,"['MQL', 'Whitepaper_Download_5G_Test', 'Opportunity', 'Website_Product_Page', 'No_Conversion']",0
L000269,Maria Johnson,Raytheon GmbH,,North America,Automotive Ethernet,,"['Technical_Demo', 'Oscilloscope_Selector_Tool', 'Keysight_Workshop_RF_Testing', 'Technical_Demo', 'Customer']",1
L000270,Daniel Johnson,Broad_Tech,Aerospace,,,Email Campaign,"['Opportunity', 'MQL', 'Customer']",1
L000271,Hiroshi Patel,,,APAC,PathWave Software,,"['Technical_Demo', 'IMS_Badge_Scan', 'Technical_Demo', 'Customer']",1
L000272,Kenji Anders,Meta Connectivity Labs,Semiconductor,,,,['Customer'],1
L000273,Michael Johnson,Bosch,Telecom,,Automotive Ethernet,Webinar,['Customer'],1
L000274,Laura Garcia,Bosch_Tech,Semiconductor,Europe,Automotive Ethernet,Website,"['Application_Engineer_Call', 'LinkedIn_Ad_Click', 'No_Conversion']",0
L000275,Maria Johnson,Rayth_Tech,Electronics,APAC,,Event,"['Website_Product_Page', 'DesignCon_Booth_Visit', 'Keysight_Workshop_RF_Testing', 'Lab_Integration_Discussion', 'PathWave_Trial_Request', 'Application_Engineer_Call', 'SQL', 'Website_Product_Page', 'IMS_Badge_Scan', 'Customer']",1
L000276,Sarah Lee,Sony_Tech,,LATAM,,Sales Outreach,"['Oscilloscope_Selector_Tool', 'Keysight_University_Course', 'No_Conversion']",0
L000277,,MetaC_Tech,Semiconductor,LATAM,Automotive Ethernet,LinkedIn,"['Keysight_Workshop_RF_Testing', 'DesignCon_Booth_Visit', 'Customer']",1
L000278,Ahmed Singh,Qualc_Tech,,LATAM,,Event,"['IMS_Badge_Scan', 'DesignCon_Booth_Visit', 'Customer']",1
L000279,Ahmed Ito,Sony_Tech,Telecom,,,Event,"['SQL', 'Customer']",1
L000280,Hiroshi Ito,,Semiconductor,Europe,Automotive Ethernet,LinkedIn,"['PathWave_Trial_Request', 'AutoSens_Tech_Talk', 'Lab_Integration_Discussion', 'No_Conversion']",0
L000281,Sofia Patel,Tesla Energy,Aerospace,North America,Automotive Ethernet,Event,"['Keysight_Workshop_RF_Testing', 'Loaner_Unit_Evaluation', 'Keysight_Workshop_RF_Testing', 'Application_Engineer_Call', 'No_Conversion']",0
L000282,Ravi Lee,NXP Semiconductors,Semiconductor,,Oscilloscopes,Event,"['LinkedIn_Ad_Click', 'Application_Engineer_Call', 'SQL', 'Keysight_Workshop_RF_Testing', 'AutoSens_Tech_Talk', 'Lab_Integration_Discussion', 'Loaner_Unit_Evaluation', 'Customer']",1
L000283,Sofia Lee,Raytheon GmbH,Aerospace,North America,,LinkedIn,"['Lab_Integration_Discussion', 'Customer']",1
L000284,Ahmed Anders,Broadcom GmbH,Automotive,North America,,Email Campaign,"['Keysight_University_Course', 'Keysight_University_Course', 'Keysight_University_Course', 'Customer']",1
L000285,Priya Tanaka,Bosch GmbH,,Europe,5G Testbeds,Website,"['AutoSens_Tech_Talk', 'Website_Product_Page', 'SQL', 'MQL', 'AutoSens_Tech_Talk', 'Customer']",1
L000286,Daniel Tanaka,Bosch GmbH,Telecom,LATAM,5G Testbeds,Website,"['Application_Engineer_Call', 'PathWave_Trial_Request', 'Keysight_University_Course', 'Opportunity', 'Keysight_Workshop_RF_Testing', 'No_Conversion']",0
L000287,Chen Garcia,Samsung Electronics,,LATAM,Automotive Ethernet,Webinar,"['Opportunity', 'No_Conversion']",0
L000288,,,Semiconductor,North America,,Webinar,"['MQL', 'DesignCon_Booth_Visit', 'Application_Engineer_Call', 'Lab_Integration_Discussion', 'PathWave_Trial_Request', 'No_Conversion']",0
L000289,,Samsung Electronics,,,PathWave Software,LinkedIn,"['Opportunity', 'No_Conversion']",0
L000290,Michael Singh,Samsung Electronics GmbH,Electronics,,,Email Campaign,"['AutoSens_Tech_Talk', 'No_Conversion']",0
L000291,Ahmed Patel,Rayth_Tech,Semiconductor,Europe,,Webinar,"['Website_Product_Page', 'Customer']",1
L000292,Ravi Lee,Samsu_Tech,,Europe,5G Testbeds,,"['Application_Engineer_Call', 'PathWave_Trial_Request', 'Keysight_University_Course', 'Oscilloscope_Selector_Tool', 'No_Conversion']",0
L000293,,Rayth_Tech,Aerospace,North America,5G Testbeds,Website,"['SQL', 'Opportunity', 'DesignCon_Booth_Visit', 'Oscilloscope_Selector_Tool', 'Opportunity', 'LinkedIn_Ad_Click', 'MQL', 'Application_Engineer_Call', 'No_Conversion']",0
L000294,Ravi Lee,,Automotive,Europe,Automotive Ethernet,Event,"['LinkedIn_Ad_Click', 'Loaner_Unit_Evaluation', 'No_Conversion']",0
L000295,Laura Singh,Qualcomm,Automotive,LATAM,,LinkedIn,"['SQL', 'Loaner_Unit_Evaluation', 'Lab_Integration_Discussion', 'Opportunity', 'No_Conversion']",0
L000296,Maria Singh,,Telecom,LATAM,Automotive Ethernet,Email Campaign,"['PathWave_Trial_Request', 'SQL', 'LinkedIn_Ad_Click', 'Whitepaper_Download_5G_Test', 'Customer']",1
L000297,Ahmed Khan,,,,,Email Campaign,"['DesignCon_Booth_Visit', 'IMS_Badge_Scan', 'IMS_Badge_Scan', 'Opportunity', 'PathWave_Trial_Request', 'IMS_Badge_Scan', 'PathWave_Trial_Request', 'MQL', 'LinkedIn_Ad_Click', 'No_Conversion']",0
L000298,Maria Garcia,Samsung Electronics,Electronics,North America,PathWave Software,Webinar,"['DesignCon_Booth_Visit', 'MQL', 'DesignCon_Booth_Visit', 'No_Conversion']",0
L000299,Sarah Lee,,,APAC,Oscilloscopes,,"['Lab_Integration_Discussion', 'DesignCon_Booth_Visit', 'LinkedIn_Ad_Click', 'Customer']",1
L000300,Maria Johnson,Raytheon GmbH,Electronics,APAC,,,"['Technical_Demo', 'Keysight_Workshop_RF_Testing', 'Technical_Demo', 'AutoSens_Tech_Talk', 'Keysight_University_Course', 'No_Conversion']",0
L000301,Ahmed Garcia,Bosch GmbH,Aerospace,Europe,,LinkedIn,"['Opportunity', 'DesignCon_Booth_Visit', 'LinkedIn_Ad_Click', 'Technical_Demo', 'Customer']",1
L000302,Priya Khan,,,,,Email Campaign,['Customer'],1
L000303,Priya Williams,Bosch GmbH,Telecom,,Automotive Ethernet,Event,"['SQL', 'Keysight_University_Course', 'MQL', 'Keysight_Workshop_RF_Testing', 'Customer']",1
L000304,Kenji Anders,Broadcom GmbH,Semiconductor,LATAM,5G Testbeds,Webinar,"['Keysight_University_Course', 'LinkedIn_Ad_Click', 'Opportunity', 'Lab_Integration_Discussion', 'Keysight_University_Course', 'No_Conversion']",0
L000305,Ahmed Tanaka,Qualcomm GmbH,,Europe,Automotive Ethernet,Webinar,"['AutoSens_Tech_Talk', 'MQL', 'DesignCon_Booth_Visit', 'Customer']",1
L000306,Chen Tanaka,,,,5G Testbeds,Website,"['Whitepaper_Download_5G_Test', 'No_Conversion']",0
L000307,Sarah Tanaka,Infin_Tech,Telecom,Europe,,Email Campaign,"['AutoSens_Tech_Talk', 'PathWave_Trial_Request', 'Loaner_Unit_Evaluation', 'Customer']",1
L000308,Chen Williams,Meta Connectivity Labs GmbH,Semiconductor,APAC,5G Testbeds,Email Campaign,"['Opportunity', 'LinkedIn_Ad_Click', 'Whitepaper_Download_5G_Test', 'SQL', 'SQL', 'No_Conversion']",0
L000309,Sofia Lee,Samsung Electronics GmbH,Telecom,Europe,Automotive Ethernet,Sales Outreach,"['Loaner_Unit_Evaluation', 'PathWave_Trial_Request', 'LinkedIn_Ad_Click', 'Opportunity', 'Keysight_Workshop_RF_Testing', 'Technical_Demo', 'Technical_Demo', 'No_Conversion']",0
L000310,Priya Lee,Sony_Tech,Automotive,LATAM,,Email Campaign,"['Oscilloscope_Selector_Tool', 'Keysight_Workshop_RF_Testing', 'Keysight_University_Course', 'SQL', 'Technical_Demo', 'Website_Product_Page', 'Customer']",1
L000311,Maria Anders,NXP Semiconductors,Electronics,North America,,Sales Outreach,['Customer'],1
L000312,Sofia Ito,Infineon,,LATAM,Oscilloscopes,,"['Opportunity', 'Whitepaper_Download_5G_Test', 'Technical_Demo', 'SQL', 'Oscilloscope_Selector_Tool', 'Technical_Demo', 'Application_Engineer_Call', 'Lab_Integration_Discussion', 'AutoSens_Tech_Talk', 'Customer']",1
L000313,Ahmed Patel,,Aerospace,APAC,PathWave Software,LinkedIn,"['Keysight_University_Course', 'DesignCon_Booth_Visit', 'IMS_Badge_Scan', 'MQL', 'Customer']",1
L000314,Daniel Lee,Sony GmbH,Electronics,Europe,,,"['Whitepaper_Download_5G_Test', 'Application_Engineer_Call', 'Opportunity', 'Customer']",1
L000315,,Broad_Tech,,,,Event,"['Keysight_University_Course', 'Keysight_University_Course', 'Customer']",1
L000316,Sarah Garcia,Qualcomm GmbH,Aerospace,North America,5G Testbeds,Sales Outreach,"['Technical_Demo', 'Keysight_University_Course', 'Whitepaper_Download_5G_Test', 'Lab_Integration_Discussion', 'No_Conversion']",0
L000317,Hiroshi Chen,,Telecom,LATAM,PathWave Software,LinkedIn,"['Oscilloscope_Selector_Tool', 'SQL', 'PathWave_Trial_Request', 'Application_Engineer_Call', 'Customer']",1
L000318,Maria Garcia,NXPSe_Tech,Aerospace,Europe,PathWave Software,LinkedIn,"['LinkedIn_Ad_Click', 'Lab_Integration_Discussion', 'DesignCon_Booth_Visit', 'Customer']",1
L000319,Kenji Tanaka,,,North America,5G Testbeds,,"['IMS_Badge_Scan', 'Whitepaper_Download_5G_Test', 'MQL', 'Customer']",1
L000320,,Infineon GmbH,,APAC,,Webinar,"['Application_Engineer_Call', 'Keysight_University_Course', 'Website_Product_Page', 'MQL', 'No_Conversion']",0
L000321,Maria Patel,Raytheon,Electronics,,,Event,"['Website_Product_Page', 'Customer']",1
L000322,Hiroshi Patel,Qualc_Tech,Telecom,Europe,5G Testbeds,Website,"['Application_Engineer_Call', 'AutoSens_Tech_Talk', 'Technical_Demo', 'Keysight_Workshop_RF_Testing', 'LinkedIn_Ad_Click', 'SQL', 'Customer']",1
L000323,Priya Johnson,Raytheon GmbH,Electronics,,,,"['LinkedIn_Ad_Click', 'DesignCon_Booth_Visit', 'Loaner_Unit_Evaluation', 'AutoSens_Tech_Talk', 'IMS_Badge_Scan', 'AutoSens_Tech_Talk', 'Keysight_University_Course', 'Customer']",1
L000324,Michael Williams,Infineon,Electronics,North America,,LinkedIn,"['AutoSens_Tech_Talk', 'Whitepaper_Download_5G_Test', 'DesignCon_Booth_Visit', 'DesignCon_Booth_Visit', 'Keysight_Workshop_RF_Testing', 'AutoSens_Tech_Talk', 'Customer']",1
L000325,,NXPSe_Tech,Telecom,North America,,LinkedIn,['No_Conversion'],0
L000326,Michael Martinez,Sony,Automotive,North America,Oscilloscopes,Sales Outreach,"['Website_Product_Page', 'Keysight_University_Course', 'Opportunity', 'AutoSens_Tech_Talk', 'Application_Engineer_Call', 'DesignCon_Booth_Visit', 'Whitepaper_Download_5G_Test', 'Keysight_Workshop_RF_Testing', 'Lab_Integration_Discussion', 'No_Conversion']",0
L000327,Chen Ito,Bosch GmbH,Aerospace,,PathWave Software,Website,"['Whitepaper_Download_5G_Test', 'Customer']",1
L000328,Ravi Singh,NXP Semiconductors GmbH,Electronics,,PathWave Software,Webinar,"['LinkedIn_Ad_Click', 'PathWave_Trial_Request', 'Technical_Demo', 'Keysight_Workshop_RF_Testing', 'Customer']",1
L000329,Priya Ito,NXP Semiconductors GmbH,,,,Website,"['AutoSens_Tech_Talk', 'DesignCon_Booth_Visit', 'Keysight_University_Course', 'Lab_Integration_Discussion', 'SQL', 'Whitepaper_Download_5G_Test', 'Keysight_Workshop_RF_Testing', 'PathWave_Trial_Request', 'Lab_Integration_Discussion', 'Loaner_Unit_Evaluation', 'Customer']",1
L000330,Sofia Lee,Infineon,Automotive,,Oscilloscopes,Webinar,"['Website_Product_Page', 'MQL', 'Lab_Integration_Discussion', 'No_Conversion']",0
L000331,Chen Johnson,NXPSe_Tech,Telecom,Europe,,Email Campaign,"['Keysight_University_Course', 'DesignCon_Booth_Visit', 'Opportunity', 'Whitepaper_Download_5G_Test', 'Opportunity', 'LinkedIn_Ad_Click', 'Keysight_Workshop_RF_Testing', 'No_Conversion']",0
L000332,Hiroshi Tanaka,Samsu_Tech,,LATAM,,Email Campaign,"['PathWave_Trial_Request', 'Lab_Integration_Discussion', 'Keysight_Workshop_RF_Testing', 'Keysight_Workshop_RF_Testing', 'Lab_Integration_Discussion', 'IMS_Badge_Scan', 'Website_Product_Page', 'Customer']",1
L000333,,Samsung Electronics,,APAC,5G Testbeds,Event,"['Application_Engineer_Call', 'Technical_Demo', 'DesignCon_Booth_Visit', 'Oscilloscope_Selector_Tool', 'MQL', 'Lab_Integration_Discussion', 'IMS_Badge_Scan', 'Customer']",1
L000334,Daniel Johnson,Sony GmbH,Automotive,LATAM,Automotive Ethernet,Event,"['Keysight_University_Course', 'Whitepaper_Download_5G_Test', 'Oscilloscope_Selector_Tool', 'SQL', 'Whitepaper_Download_5G_Test', 'Website_Product_Page', 'Customer']",1
L000335,Kenji Tanaka,Samsung Electronics GmbH,,,,,"['Technical_Demo', 'Loaner_Unit_Evaluation', 'Keysight_Workshop_RF_Testing', 'No_Conversion']",0
L000336,Laura Chen,Meta Connectivity Labs,Automotive,North America,5G Testbeds,Email Campaign,"['Lab_Integration_Discussion', 'No_Conversion']",0
L000337,Ravi Johnson,Bosch_Tech,Aerospace,North America,5G Testbeds,Event,"['Keysight_University_Course', 'LinkedIn_Ad_Click', 'Whitepaper_Download_5G_Test', 'AutoSens_Tech_Talk', 'MQL', 'IMS_Badge_Scan', 'Customer']",1
L000338,Hiroshi Johnson,,Semiconductor,Europe,,Webinar,"['Technical_Demo', 'Loaner_Unit_Evaluation', 'DesignCon_Booth_Visit', 'SQL', 'Keysight_Workshop_RF_Testing', 'Technical_Demo', 'Customer']",1
L000339,Chen Chen,Sony,,Europe,,Webinar,"['Lab_Integration_Discussion', 'Lab_Integration_Discussion', 'Application_Engineer_Call', 'PathWave_Trial_Request', 'Customer']",1
L000340,Ahmed Singh,Bosch,,,5G Testbeds,Sales Outreach,"['Application_Engineer_Call', 'Opportunity', 'Loaner_Unit_Evaluation', 'Opportunity', 'Lab_Integration_Discussion', 'DesignCon_Booth_Visit', 'PathWave_Trial_Request', 'Technical_Demo', 'No_Conversion']",0
L000341,Kenji Garcia,Bosch GmbH,,Europe,,LinkedIn,"['Loaner_Unit_Evaluation', 'Website_Product_Page', 'MQL', 'Customer']",1
L000342,Daniel Patel,Sony,Semiconductor,,5G Testbeds,Website,"['DesignCon_Booth_Visit', 'AutoSens_Tech_Talk', 'Customer']",1
L000343,Daniel Singh,Bosch GmbH,Semiconductor,Europe,5G Testbeds,LinkedIn,"['IMS_Badge_Scan', 'Customer']",1
L000344,Sarah Ito,Bosch,Aerospace,APAC,Automotive Ethernet,LinkedIn,"['SQL', 'IMS_Badge_Scan', 'Loaner_Unit_Evaluation', 'Customer']",1
L000345,Hiroshi Lee,Samsu_Tech,Telecom,North America,,,"['Loaner_Unit_Evaluation', 'SQL', 'PathWave_Trial_Request', 'No_Conversion']",0
L000346,Sarah Singh,Samsu_Tech,,North America,,Webinar,"['Keysight_Workshop_RF_Testing', 'Loaner_Unit_Evaluation', 'Lab_Integration_Discussion', 'IMS_Badge_Scan', 'Oscilloscope_Selector_Tool', 'No_Conversion']",0
L000347,Ravi Tanaka,Bosch_Tech,,Europe,,Website,"['Keysight_Workshop_RF_Testing', 'LinkedIn_Ad_Click', 'Loaner_Unit_Evaluation', 'Technical_Demo', 'Keysight_University_Course', 'Application_Engineer_Call', 'SQL', 'SQL', 'Customer']",1
L000348,,Bosch GmbH,,North America,,LinkedIn,"['Opportunity', 'Technical_Demo', 'Website_Product_Page', 'Technical_Demo', 'Oscilloscope_Selector_Tool', 'Keysight_Workshop_RF_Testing', 'Website_Product_Page', 'Loaner_Unit_Evaluation', 'Customer']",1
L000349,Sarah Khan,NXP Semiconductors,Telecom,,Automotive Ethernet,Sales Outreach,"['SQL', 'No_Conversion']",0
L000350,Priya Singh,Sony_Tech,Electronics,North America,,Email Campaign,"['Oscilloscope_Selector_Tool', 'Whitepaper_Download_5G_Test', 'Loaner_Unit_Evaluation', 'Keysight_University_Course', 'Whitepaper_Download_5G_Test', 'Whitepaper_Download_5G_Test', 'MQL', 'Opportunity', 'No_Conversion']",0
L000351,,Infineon GmbH,,North America,5G Testbeds,Website,"['Oscilloscope_Selector_Tool', 'Website_Product_Page', 'Opportunity', 'No_Conversion']",0
L000352,Sarah Lee,Rayth_Tech,,North America,5G Testbeds,Event,"['Oscilloscope_Selector_Tool', 'Whitepaper_Download_5G_Test', 'Opportunity', 'MQL', 'Customer']",1
L000353,Michael Johnson,,,,,Email Campaign,"['LinkedIn_Ad_Click', 'SQL', 'MQL', 'Customer']",1
L000354,Chen Williams,Bosch GmbH,Automotive,,PathWave Software,Website,"['Lab_Integration_Discussion', 'DesignCon_Booth_Visit', 'LinkedIn_Ad_Click', 'Keysight_Workshop_RF_Testing', 'MQL', 'Keysight_University_Course', 'MQL', 'Whitepaper_Download_5G_Test', 'Customer']",1
L000355,Maria Martinez,NXP Semiconductors,,,Oscilloscopes,Website,"['IMS_Badge_Scan', 'Application_Engineer_Call', 'Technical_Demo', 'SQL', 'Loaner_Unit_Evaluation', 'Customer']",1
L000356,Daniel Martinez,Meta Connectivity Labs GmbH,Semiconductor,APAC,PathWave Software,Email Campaign,['Customer'],1
L000357,Kenji Khan,Infin_Tech,Telecom,APAC,,Sales Outreach,"['Loaner_Unit_Evaluation', 'Whitepaper_Download_5G_Test', 'Customer']",1
L000358,Chen Garcia,Tesla Energy,Aerospace,,Oscilloscopes,,"['PathWave_Trial_Request', 'No_Conversion']",0
L000359,Sofia Singh,Broad_Tech,Aerospace,,Automotive Ethernet,Email Campaign,"['Whitepaper_Download_5G_Test', 'Keysight_University_Course', 'Oscilloscope_Selector_Tool', 'Customer']",1
L000360,Kenji Martinez,Rayth_Tech,,,,,"['Oscilloscope_Selector_Tool', 'Customer']",1
L000361,Daniel Khan,,,Europe,5G Testbeds,Webinar,"['IMS_Badge_Scan', 'IMS_Badge_Scan', 'Technical_Demo', 'Website_Product_Page', 'Lab_Integration_Discussion', 'Loaner_Unit_Evaluation', 'Customer']",1
L000362,Hiroshi Johnson,NXP Semiconductors,Electronics,Europe,Oscilloscopes,Event,"['AutoSens_Tech_Talk', 'Loaner_Unit_Evaluation', 'Lab_Integration_Discussion', 'Customer']",1
L000363,Michael Johnson,Qualc_Tech,Telecom,Europe,Oscilloscopes,LinkedIn,"['Keysight_Workshop_RF_Testing', 'LinkedIn_Ad_Click', 'LinkedIn_Ad_Click', 'Technical_Demo', 'MQL', 'IMS_Badge_Scan', 'Customer']",1
L000364,Priya Williams,Rayth_Tech,Semiconductor,APAC,,Website,"['DesignCon_Booth_Visit', 'Loaner_Unit_Evaluation', 'AutoSens_Tech_Talk', 'Keysight_University_Course', 'Keysight_University_Course', 'AutoSens_Tech_Talk', 'No_Conversion']",0
L000365,Michael Chen,Tesla Energy,Automotive,,Automotive Ethernet,Website,"['Keysight_University_Course', 'IMS_Badge_Scan', 'Application_Engineer_Call', 'SQL', 'AutoSens_Tech_Talk', 'Technical_Demo', 'Oscilloscope_Selector_Tool', 'Opportunity', 'SQL', 'Customer']",1
L000366,Daniel Garcia,Infineon GmbH,Aerospace,LATAM,,Sales Outreach,"['Technical_Demo', 'Lab_Integration_Discussion', 'IMS_Badge_Scan', 'No_Conversion']",0
L000367,Michael Williams,,Telecom,,,Email Campaign,"['Whitepaper_Download_5G_Test', 'Application_Engineer_Call', 'Keysight_University_Course', 'Lab_Integration_Discussion', 'LinkedIn_Ad_Click', 'No_Conversion']",0
L000368,Sarah Anders,Raytheon,,LATAM,5G Testbeds,Website,"['IMS_Badge_Scan', 'Keysight_Workshop_RF_Testing', 'Opportunity', 'MQL', 'Opportunity', 'Loaner_Unit_Evaluation', 'IMS_Badge_Scan', 'Customer']",1
L000369,Kenji Williams,Sony_Tech,,North America,Automotive Ethernet,Webinar,"['AutoSens_Tech_Talk', 'Application_Engineer_Call', 'LinkedIn_Ad_Click', 'Oscilloscope_Selector_Tool', 'DesignCon_Booth_Visit', 'Customer']",1
L000370,Michael Martinez,,,,Oscilloscopes,Event,"['Keysight_University_Course', 'Technical_Demo', 'SQL', 'Customer']",1
L000371,Ahmed Patel,Infineon GmbH,Automotive,North America,Oscilloscopes,,"['AutoSens_Tech_Talk', 'PathWave_Trial_Request', 'Application_Engineer_Call', 'Customer']",1
L000372,Sofia Garcia,,Electronics,LATAM,Oscilloscopes,Website,"['Technical_Demo', 'No_Conversion']",0
L000373,Chen Garcia,MetaC_Tech,Telecom,North America,,Event,"['Lab_Integration_Discussion', 'Technical_Demo', 'Whitepaper_Download_5G_Test', 'Whitepaper_Download_5G_Test', 'Customer']",1
L000374,Ahmed Johnson,Meta Connectivity Labs GmbH,,,Automotive Ethernet,Email Campaign,"['MQL', 'Whitepaper_Download_5G_Test', 'SQL', 'Customer']",1
L000375,,Infineon,,,5G Testbeds,Webinar,"['Loaner_Unit_Evaluation', 'Customer']",1
L000376,Maria Khan,,Telecom,APAC,PathWave Software,Website,"['SQL', 'Opportunity', 'MQL', 'Keysight_University_Course', 'No_Conversion']",0
L000377,Sofia Ito,,,LATAM,,LinkedIn,"['Keysight_University_Course', 'LinkedIn_Ad_Click', 'Customer']",1
L000378,Ahmed Lee,NXP Semiconductors GmbH,,LATAM,,Email Campaign,"['Keysight_Workshop_RF_Testing', 'AutoSens_Tech_Talk', 'Application_Engineer_Call', 'Keysight_University_Course', 'Loaner_Unit_Evaluation', 'Lab_Integration_Discussion', 'Customer']",1
L000379,Sarah Tanaka,Meta Connectivity Labs,Electronics,APAC,PathWave Software,Email Campaign,"['LinkedIn_Ad_Click', 'PathWave_Trial_Request', 'Opportunity', 'No_Conversion']",0
L000380,Maria Martinez,Meta Connectivity Labs,Telecom,North America,PathWave Software,Webinar,"['PathWave_Trial_Request', 'Customer']",1
L000381,Laura Martinez,NXP Semiconductors,,APAC,,Event,"['Opportunity', 'Keysight_University_Course', 'IMS_Badge_Scan', 'Customer']",1
L000382,Ravi Khan,Samsung Electronics GmbH,,LATAM,,Webinar,"['Keysight_Workshop_RF_Testing', 'Loaner_Unit_Evaluation', 'Opportunity', 'Website_Product_Page', 'Customer']",1
L000383,Ravi Chen,Broad_Tech,,,Automotive Ethernet,Webinar,"['Keysight_Workshop_RF_Testing', 'Whitepaper_Download_5G_Test', 'Website_Product_Page', 'Whitepaper_Download_5G_Test', 'SQL', 'PathWave_Trial_Request', 'Website_Product_Page', 'LinkedIn_Ad_Click', 'Lab_Integration_Discussion', 'No_Conversion']",0
L000384,Laura Anders,,,,Automotive Ethernet,Event,"['Lab_Integration_Discussion', 'Technical_Demo', 'MQL', 'Lab_Integration_Discussion', 'IMS_Badge_Scan', 'Keysight_Workshop_RF_Testing', 'Whitepaper_Download_5G_Test', 'Keysight_Workshop_RF_Testing', 'No_Conversion']",0
L000385,Priya Khan,Samsung Electronics,Electronics,APAC,Oscilloscopes,LinkedIn,"['Keysight_Workshop_RF_Testing', 'Technical_Demo', 'Oscilloscope_Selector_Tool', 'No_Conversion']",0
L000386,Ahmed Chen,Infineon GmbH,,APAC,,Website,"['Loaner_Unit_Evaluation', 'DesignCon_Booth_Visit', 'PathWave_Trial_Request', 'Lab_Integration_Discussion', 'Application_Engineer_Call', 'Whitepaper_Download_5G_Test', 'AutoSens_Tech_Talk', 'PathWave_Trial_Request', 'Technical_Demo', 'No_Conversion']",0
L000387,Ahmed Anders,Sony GmbH,Telecom,,PathWave Software,Sales Outreach,"['Whitepaper_Download_5G_Test', 'DesignCon_Booth_Visit', 'Loaner_Unit_Evaluation', 'Keysight_Workshop_RF_Testing', 'SQL', 'No_Conversion']",0
L000388,Michael Singh,Sony,Telecom,Europe,,,"['Application_Engineer_Call', 'DesignCon_Booth_Visit', 'Lab_Integration_Discussion', 'Technical_Demo', 'MQL', 'Lab_Integration_Discussion', 'PathWave_Trial_Request', 'Customer']",1
L000389,Sofia Chen,,Electronics,LATAM,,Webinar,"['IMS_Badge_Scan', 'No_Conversion']",0
L000390,Ahmed Lee,Sony_Tech,Telecom,North America,PathWave Software,Event,"['Oscilloscope_Selector_Tool', 'AutoSens_Tech_Talk', 'MQL', 'Keysight_Workshop_RF_Testing', 'No_Conversion']",0
L000391,Sarah Johnson,,,,,,"['Keysight_University_Course', 'Lab_Integration_Discussion', 'Application_Engineer_Call', 'Lab_Integration_Discussion', 'Whitepaper_Download_5G_Test', 'No_Conversion']",0
L000392,Michael Anders,NXP Semiconductors,Telecom,Europe,,LinkedIn,['Customer'],1
L000393,Sarah Singh,,Semiconductor,North America,Oscilloscopes,,"['AutoSens_Tech_Talk', 'Oscilloscope_Selector_Tool', 'Customer']",1
L000394,,Sony_Tech,Automotive,APAC,PathWave Software,Website,['No_Conversion'],0
L000395,Sofia Chen,,Semiconductor,North America,Oscilloscopes,,"['Lab_Integration_Discussion', 'AutoSens_Tech_Talk', 'Application_Engineer_Call', 'IMS_Badge_Scan', 'PathWave_Trial_Request', 'Keysight_University_Course', 'DesignCon_Booth_Visit', 'MQL', 'IMS_Badge_Scan', 'Oscilloscope_Selector_Tool', 'Customer']",1
L000396,Ravi Patel,,Aerospace,North America,,,"['Lab_Integration_Discussion', 'LinkedIn_Ad_Click', 'Oscilloscope_Selector_Tool', 'Website_Product_Page', 'PathWave_Trial_Request', 'Whitepaper_Download_5G_Test', 'Whitepaper_Download_5G_Test', 'DesignCon_Booth_Visit', 'No_Conversion']",0
L000397,Ravi Chen,Tesla Energy GmbH,,North America,Oscilloscopes,Sales Outreach,"['Whitepaper_Download_5G_Test', 'MQL', 'PathWave_Trial_Request', 'Oscilloscope_Selector_Tool', 'No_Conversion']",0
L000398,Ravi Khan,Qualc_Tech,Telecom,LATAM,Oscilloscopes,Website,"['IMS_Badge_Scan', 'LinkedIn_Ad_Click', 'Technical_Demo', 'MQL', 'No_Conversion']",0
L000399,,Infineon GmbH,Telecom,APAC,Oscilloscopes,Email Campaign,"['Loaner_Unit_Evaluation', 'DesignCon_Booth_Visit', 'Keysight_University_Course', 'Website_Product_Page', 'Lab_Integration_Discussion', 'Application_Engineer_Call', 'DesignCon_Booth_Visit', 'Customer']",1
L000400,Ahmed Lee,NXP Semiconductors GmbH,Aerospace,,,Webinar,['Customer'],1
L000401,Chen Lee,,Telecom,Europe,Automotive Ethernet,Webinar,"['IMS_Badge_Scan', 'Lab_Integration_Discussion', 'Technical_Demo', 'DesignCon_Booth_Visit', 'Customer']",1
L000402,Michael Garcia,Rayth_Tech,,North America,Oscilloscopes,Webinar,"['Website_Product_Page', 'Technical_Demo', 'Website_Product_Page', 'MQL', 'DesignCon_Booth_Visit', 'Keysight_Workshop_RF_Testing', 'DesignCon_Booth_Visit', 'Whitepaper_Download_5G_Test', 'Customer']",1
L000403,,Samsung Electronics GmbH,,,5G Testbeds,Email Campaign,"['Whitepaper_Download_5G_Test', 'Website_Product_Page', 'Lab_Integration_Discussion', 'LinkedIn_Ad_Click', 'PathWave_Trial_Request', 'Website_Product_Page', 'MQL', 'Customer']",1
L000404,Priya Lee,MetaC_Tech,Semiconductor,APAC,5G Testbeds,Website,"['MQL', 'Keysight_University_Course', 'SQL', 'Keysight_University_Course', 'DesignCon_Booth_Visit', 'SQL', 'Customer']",1
L000405,Ravi Anders,Meta Connectivity Labs GmbH,,,Oscilloscopes,Sales Outreach,"['PathWave_Trial_Request', 'Lab_Integration_Discussion', 'DesignCon_Booth_Visit', 'Technical_Demo', 'Customer']",1
L000406,Michael Johnson,Samsung Electronics,,North America,,Sales Outreach,"['DesignCon_Booth_Visit', 'Customer']",1
L000407,Sarah Johnson,Tesla Energy,Automotive,Europe,,,"['PathWave_Trial_Request', 'MQL', 'PathWave_Trial_Request', 'SQL', 'Customer']",1
L000408,Sofia Khan,Meta Connectivity Labs,Automotive,,,Event,"['Lab_Integration_Discussion', 'IMS_Badge_Scan', 'Loaner_Unit_Evaluation', 'DesignCon_Booth_Visit', 'Customer']",1
L000409,Priya Chen,Meta Connectivity Labs GmbH,Aerospace,North America,Oscilloscopes,Sales Outreach,"['Keysight_University_Course', 'SQL', 'Website_Product_Page', 'AutoSens_Tech_Talk', 'Loaner_Unit_Evaluation', 'Keysight_University_Course', 'No_Conversion']",0
L000410,Sarah Garcia,Tesla Energy GmbH,Aerospace,North America,,Email Campaign,"['Application_Engineer_Call', 'Technical_Demo', 'LinkedIn_Ad_Click', 'MQL', 'IMS_Badge_Scan', 'No_Conversion']",0
L000411,Ahmed Lee,,,North America,,Website,"['Oscilloscope_Selector_Tool', 'Customer']",1
L000412,Hiroshi Ito,Bosch,,North America,,Email Campaign,"['SQL', 'Keysight_University_Course', 'Customer']",1
L000413,Daniel Khan,Qualcomm,Semiconductor,North America,Oscilloscopes,Website,"['Application_Engineer_Call', 'MQL', 'Lab_Integration_Discussion', 'Technical_Demo', 'LinkedIn_Ad_Click', 'No_Conversion']",0
L000414,Sarah Khan,Samsu_Tech,,APAC,Oscilloscopes,LinkedIn,"['Whitepaper_Download_5G_Test', 'Loaner_Unit_Evaluation', 'Whitepaper_Download_5G_Test', 'IMS_Badge_Scan', 'Oscilloscope_Selector_Tool', 'SQL', 'Application_Engineer_Call', 'Technical_Demo', 'Keysight_University_Course', 'No_Conversion']",0
L000415,Ahmed Patel,,Automotive,LATAM,,Website,"['PathWave_Trial_Request', 'Oscilloscope_Selector_Tool', 'Technical_Demo', 'Lab_Integration_Discussion', 'Keysight_University_Course', 'LinkedIn_Ad_Click', 'DesignCon_Booth_Visit', 'Keysight_Workshop_RF_Testing', 'IMS_Badge_Scan', 'No_Conversion']",0
L000416,Chen Anders,,Electronics,Europe,,Sales Outreach,"['Loaner_Unit_Evaluation', 'Oscilloscope_Selector_Tool', 'Oscilloscope_Selector_Tool', 'AutoSens_Tech_Talk', 'LinkedIn_Ad_Click', 'LinkedIn_Ad_Click', 'Opportunity', 'Lab_Integration_Discussion', 'Customer']",1
L000417,Chen Chen,Sony_Tech,Telecom,North America,Automotive Ethernet,Event,"['MQL', 'Website_Product_Page', 'No_Conversion']",0
L000418,Priya Garcia,,,LATAM,5G Testbeds,LinkedIn,"['DesignCon_Booth_Visit', 'No_Conversion']",0
L000419,Michael Ito,Infineon,Electronics,LATAM,Automotive Ethernet,Website,['Customer'],1
L000420,Ahmed Garcia,Tesla_Tech,Electronics,North America,,LinkedIn,"['Technical_Demo', 'LinkedIn_Ad_Click', 'SQL', 'AutoSens_Tech_Talk', 'Opportunity', 'Keysight_University_Course', 'DesignCon_Booth_Visit', 'Loaner_Unit_Evaluation', 'Application_Engineer_Call', 'PathWave_Trial_Request', 'No_Conversion']",0
L000421,Sofia Williams,NXP Semiconductors GmbH,Semiconductor,Europe,Automotive Ethernet,,"['MQL', 'LinkedIn_Ad_Click', 'Technical_Demo', 'Customer']",1
L000422,Chen Martinez,Meta Connectivity Labs GmbH,Semiconductor,,5G Testbeds,Website,"['Keysight_University_Course', 'Keysight_University_Course', 'Lab_Integration_Discussion', 'Oscilloscope_Selector_Tool', 'Oscilloscope_Selector_Tool', 'Technical_Demo', 'AutoSens_Tech_Talk', 'Opportunity', 'Oscilloscope_Selector_Tool', 'PathWave_Trial_Request', 'No_Conversion']",0
L000423,Sofia Tanaka,Raytheon GmbH,,APAC,Automotive Ethernet,,"['Lab_Integration_Discussion', 'AutoSens_Tech_Talk', 'No_Conversion']",0
L000424,Maria Tanaka,,Aerospace,Europe,,Website,"['MQL', 'IMS_Badge_Scan', 'MQL', 'Customer']",1
L000425,Kenji Khan,Broadcom GmbH,Telecom,LATAM,,LinkedIn,"['Opportunity', 'Loaner_Unit_Evaluation', 'Loaner_Unit_Evaluation', 'No_Conversion']",0
L000426,Ravi Williams,Qualcomm,Automotive,,Automotive Ethernet,Sales Outreach,"['Keysight_Workshop_RF_Testing', 'MQL', 'LinkedIn_Ad_Click', 'Technical_Demo', 'No_Conversion']",0
L000427,Maria Anders,,,North America,PathWave Software,LinkedIn,"['LinkedIn_Ad_Click', 'Loaner_Unit_Evaluation', 'Loaner_Unit_Evaluation', 'IMS_Badge_Scan', 'Customer']",1
L000428,Michael Singh,,Automotive,North America,Oscilloscopes,Event,"['AutoSens_Tech_Talk', 'PathWave_Trial_Request', 'PathWave_Trial_Request', 'SQL', 'Loaner_Unit_Evaluation', 'Whitepaper_Download_5G_Test', 'No_Conversion']",0
L000429,Maria Patel,,Semiconductor,,Automotive Ethernet,,"['Website_Product_Page', 'Keysight_University_Course', 'Customer']",1
L000430,Ahmed Garcia,,,,,Event,"['AutoSens_Tech_Talk', 'Technical_Demo', 'Opportunity', 'DesignCon_Booth_Visit', 'Website_Product_Page', 'Website_Product_Page', 'MQL', 'Customer']",1
L000431,Priya Khan,Sony_Tech,Aerospace,,,LinkedIn,"['Technical_Demo', 'Technical_Demo', 'Customer']",1
L000432,Ahmed Khan,,,,Oscilloscopes,Sales Outreach,['Customer'],1
L000433,Daniel Patel,,,,PathWave Software,Event,"['MQL', 'SQL', 'IMS_Badge_Scan', 'PathWave_Trial_Request', 'Opportunity', 'LinkedIn_Ad_Click', 'Opportunity', 'Oscilloscope_Selector_Tool', 'Application_Engineer_Call', 'No_Conversion']",0
L000434,Priya Lee,Qualcomm,,APAC,Automotive Ethernet,Sales Outreach,"['Keysight_University_Course', 'Whitepaper_Download_5G_Test', 'No_Conversion']",0
L000435,Hiroshi Khan,Sony,Telecom,North America,,Event,['No_Conversion'],0
L000436,Laura Chen,Broad_Tech,Automotive,,,Webinar,"['Whitepaper_Download_5G_Test', 'No_Conversion']",0
L000437,Kenji Ito,Qualcomm GmbH,Electronics,APAC,5G Testbeds,LinkedIn,"['Loaner_Unit_Evaluation', 'Opportunity', 'SQL', 'No_Conversion']",0
L000438,Ahmed Ito,Broad_Tech,,North America,,LinkedIn,"['PathWave_Trial_Request', 'Lab_Integration_Discussion', 'Keysight_Workshop_RF_Testing', 'Lab_Integration_Discussion', 'Oscilloscope_Selector_Tool', 'PathWave_Trial_Request', 'Lab_Integration_Discussion', 'No_Conversion']",0
L000439,Laura Ito,Qualc_Tech,Automotive,,5G Testbeds,Sales Outreach,"['Lab_Integration_Discussion', 'Keysight_University_Course', 'MQL', 'Customer']",1
L000440,Sarah Chen,Meta Connectivity Labs GmbH,,Europe,,Webinar,"['Opportunity', 'Keysight_Workshop_RF_Testing', 'Keysight_Workshop_RF_Testing', 'IMS_Badge_Scan', 'MQL', 'Application_Engineer_Call', 'MQL', 'Customer']",1
L000441,Michael Tanaka,,,Europe,,Webinar,"['Loaner_Unit_Evaluation', 'Opportunity', 'LinkedIn_Ad_Click', 'Loaner_Unit_Evaluation', 'MQL', 'Customer']",1
L000442,Ahmed Martinez,Raytheon GmbH,,APAC,,Sales Outreach,['No_Conversion'],0
L000443,Ravi Tanaka,Raytheon,,Europe,5G Testbeds,Webinar,"['IMS_Badge_Scan', 'PathWave_Trial_Request', 'Keysight_Workshop_RF_Testing', 'Keysight_Workshop_RF_Testing', 'No_Conversion']",0
L000444,Chen Chen,Bosch GmbH,Aerospace,,,Webinar,"['SQL', 'Application_Engineer_Call', 'Oscilloscope_Selector_Tool', 'AutoSens_Tech_Talk', 'PathWave_Trial_Request', 'Oscilloscope_Selector_Tool', 'Keysight_Workshop_RF_Testing', 'SQL', 'No_Conversion']",0
L000445,Daniel Anders,MetaC_Tech,,North America,Oscilloscopes,Email Campaign,"['AutoSens_Tech_Talk', 'SQL', 'LinkedIn_Ad_Click', 'Lab_Integration_Discussion', 'IMS_Badge_Scan', 'MQL', 'Whitepaper_Download_5G_Test', 'Application_Engineer_Call', 'Website_Product_Page', 'LinkedIn_Ad_Click', 'Customer']",1
L000446,Maria Ito,Samsu_Tech,Automotive,LATAM,PathWave Software,Webinar,"['Application_Engineer_Call', 'PathWave_Trial_Request', 'Customer']",1
L000447,Chen Anders,Infineon GmbH,,North America,PathWave Software,Website,"['Application_Engineer_Call', 'Technical_Demo', 'Lab_Integration_Discussion', 'Oscilloscope_Selector_Tool', 'AutoSens_Tech_Talk', 'Lab_Integration_Discussion', 'Keysight_University_Course', 'Customer']",1
L000448,Chen Ito,,,LATAM,Automotive Ethernet,Email Campaign,"['Oscilloscope_Selector_Tool', 'LinkedIn_Ad_Click', 'PathWave_Trial_Request', 'Lab_Integration_Discussion', 'Keysight_University_Course', 'Opportunity', 'MQL', 'No_Conversion']",0
L000449,Sofia Patel,Bosch GmbH,Automotive,North America,PathWave Software,Event,['Customer'],1
L000450,Ravi Martinez,Samsung Electronics,Semiconductor,Europe,,Webinar,"['Keysight_Workshop_RF_Testing', 'Application_Engineer_Call', 'MQL', 'Application_Engineer_Call', 'Customer']",1
L000451,Ahmed Martinez,Rayth_Tech,Automotive,LATAM,Oscilloscopes,Website,"['LinkedIn_Ad_Click', 'DesignCon_Booth_Visit', 'Lab_Integration_Discussion', 'Technical_Demo', 'Keysight_University_Course', 'No_Conversion']",0
L000452,Maria Garcia,NXP Semiconductors,Electronics,APAC,PathWave Software,LinkedIn,"['AutoSens_Tech_Talk', 'Lab_Integration_Discussion', 'IMS_Badge_Scan', 'Application_Engineer_Call', 'SQL', 'No_Conversion']",0
L000453,Michael Chen,Infineon GmbH,Telecom,,Oscilloscopes,Email Campaign,"['AutoSens_Tech_Talk', 'Customer']",1
L000454,Kenji Patel,Meta Connectivity Labs GmbH,,APAC,,Email Campaign,"['Opportunity', 'Customer']",1
L000455,Kenji Khan,Raytheon,Automotive,,Automotive Ethernet,,"['Website_Product_Page', 'DesignCon_Booth_Visit', 'LinkedIn_Ad_Click', 'PathWave_Trial_Request', 'AutoSens_Tech_Talk', 'PathWave_Trial_Request', 'Keysight_Workshop_RF_Testing', 'DesignCon_Booth_Visit', 'AutoSens_Tech_Talk', 'No_Conversion']",0
L000456,,,Aerospace,LATAM,PathWave Software,Website,"['Oscilloscope_Selector_Tool', 'Lab_Integration_Discussion', 'Lab_Integration_Discussion', 'Loaner_Unit_Evaluation', 'LinkedIn_Ad_Click', 'Website_Product_Page', 'Customer']",1
L000457,Priya Khan,Raytheon GmbH,,North America,Oscilloscopes,LinkedIn,['Customer'],1
L000458,Sofia Chen,,Semiconductor,North America,5G Testbeds,Website,['No_Conversion'],0
L000459,Hiroshi Singh,,,North America,,Website,"['IMS_Badge_Scan', 'LinkedIn_Ad_Click', 'Loaner_Unit_Evaluation', 'DesignCon_Booth_Visit', 'Lab_Integration_Discussion', 'Lab_Integration_Discussion', 'Oscilloscope_Selector_Tool', 'Keysight_Workshop_RF_Testing', 'No_Conversion']",0
L000460,Ravi Tanaka,Samsung Electronics GmbH,,North America,5G Testbeds,LinkedIn,"['PathWave_Trial_Request', 'AutoSens_Tech_Talk', 'Whitepaper_Download_5G_Test', 'No_Conversion']",0
L000461,,Qualcomm,,APAC,PathWave Software,LinkedIn,"['IMS_Badge_Scan', 'Keysight_University_Course', 'DesignCon_Booth_Visit', 'LinkedIn_Ad_Click', 'No_Conversion']",0
L000462,,Qualcomm,Aerospace,,,Sales Outreach,"['Loaner_Unit_Evaluation', 'Application_Engineer_Call', 'Website_Product_Page', 'Oscilloscope_Selector_Tool', 'Website_Product_Page', 'Technical_Demo', 'DesignCon_Booth_Visit', 'Loaner_Unit_Evaluation', 'No_Conversion']",0
L000463,Kenji Johnson,Bosch,,,PathWave Software,Website,"['Keysight_Workshop_RF_Testing', 'LinkedIn_Ad_Click', 'LinkedIn_Ad_Click', 'Customer']",1
L000464,Ahmed Khan,,Automotive,,Automotive Ethernet,Website,"['PathWave_Trial_Request', 'Lab_Integration_Discussion', 'Loaner_Unit_Evaluation', 'Customer']",1
L000465,,Rayth_Tech,,LATAM,,Webinar,['No_Conversion'],0
L000466,Sarah Johnson,,Aerospace,,Automotive Ethernet,Event,"['Opportunity', 'Technical_Demo', 'LinkedIn_Ad_Click', 'Whitepaper_Download_5G_Test', 'DesignCon_Booth_Visit', 'Oscilloscope_Selector_Tool', 'SQL', 'No_Conversion']",0
L000467,Daniel Johnson,Tesla Energy GmbH,Aerospace,Europe,PathWave Software,Webinar,"['DesignCon_Booth_Visit', 'IMS_Badge_Scan', 'IMS_Badge_Scan', 'LinkedIn_Ad_Click', 'PathWave_Trial_Request', 'Opportunity', 'Oscilloscope_Selector_Tool', 'PathWave_Trial_Request', 'Application_Engineer_Call', 'No_Conversion']",0
L000468,Laura Williams,Tesla Energy GmbH,Aerospace,LATAM,PathWave Software,Sales Outreach,"['AutoSens_Tech_Talk', 'Keysight_University_Course', 'Website_Product_Page', 'No_Conversion']",0
L000469,,Samsung Electronics,Aerospace,APAC,,Sales Outreach,['No_Conversion'],0
L000470,Michael Ito,Broadcom,Aerospace,North America,PathWave Software,,"['Keysight_University_Course', 'SQL', 'Application_Engineer_Call', 'Lab_Integration_Discussion', 'Keysight_Workshop_RF_Testing', 'Technical_Demo', 'No_Conversion']",0
L000471,Laura Khan,,Telecom,APAC,,,"['Lab_Integration_Discussion', 'Website_Product_Page', 'Keysight_University_Course', 'No_Conversion']",0
L000472,Hiroshi Chen,Tesla Energy,,Europe,PathWave Software,Sales Outreach,"['Whitepaper_Download_5G_Test', 'MQL', 'Keysight_University_Course', 'Keysight_Workshop_RF_Testing', 'LinkedIn_Ad_Click', 'LinkedIn_Ad_Click', 'Oscilloscope_Selector_Tool', 'Customer']",1
L000473,,NXP Semiconductors,Aerospace,LATAM,,Sales Outreach,"['MQL', 'SQL', 'Loaner_Unit_Evaluation', 'PathWave_Trial_Request', 'Technical_Demo', 'DesignCon_Booth_Visit', 'IMS_Badge_Scan', 'Lab_Integration_Discussion', 'LinkedIn_Ad_Click', 'No_Conversion']",0
L000474,Sofia Singh,,,North America,,Sales Outreach,"['LinkedIn_Ad_Click', 'IMS_Badge_Scan', 'No_Conversion']",0
L000475,,Broadcom GmbH,Aerospace,Europe,Automotive Ethernet,,"['Keysight_Workshop_RF_Testing', 'PathWave_Trial_Request', 'DesignCon_Booth_Visit', 'Application_Engineer_Call', 'Website_Product_Page', 'Customer']",1
L000476,Kenji Johnson,Broad_Tech,,,Automotive Ethernet,Webinar,"['MQL', 'Loaner_Unit_Evaluation', 'Technical_Demo', 'Application_Engineer_Call', 'Keysight_University_Course', 'MQL', 'No_Conversion']",0
L000477,Michael Chen,Raytheon,,,Oscilloscopes,Website,"['DesignCon_Booth_Visit', 'Keysight_Workshop_RF_Testing', 'LinkedIn_Ad_Click', 'IMS_Badge_Scan', 'Keysight_University_Course', 'LinkedIn_Ad_Click', 'Lab_Integration_Discussion', 'Keysight_Workshop_RF_Testing', 'Opportunity', 'No_Conversion']",0
L000478,Priya Singh,Bosch GmbH,Aerospace,LATAM,Oscilloscopes,Sales Outreach,"['IMS_Badge_Scan', 'SQL', 'Keysight_University_Course', 'PathWave_Trial_Request', 'Customer']",1
L000479,Hiroshi Khan,Bosch_Tech,,LATAM,,,"['DesignCon_Booth_Visit', 'LinkedIn_Ad_Click', 'Whitepaper_Download_5G_Test', 'DesignCon_Booth_Visit', 'Customer']",1
L000480,Laura Williams,Samsung Electronics GmbH,,Europe,Oscilloscopes,LinkedIn,"['Lab_Integration_Discussion', 'Website_Product_Page', 'AutoSens_Tech_Talk', 'PathWave_Trial_Request', 'Customer']",1
L000481,Laura Patel,NXPSe_Tech,Telecom,,Oscilloscopes,LinkedIn,"['Loaner_Unit_Evaluation', 'Website_Product_Page', 'Whitepaper_Download_5G_Test', 'Keysight_University_Course', 'SQL', 'Lab_Integration_Discussion', 'PathWave_Trial_Request', 'Whitepaper_Download_5G_Test', 'Lab_Integration_Discussion', 'No_Conversion']",0
L000482,Laura Ito,Samsung Electronics,Telecom,LATAM,,,"['AutoSens_Tech_Talk', 'No_Conversion']",0
L000483,Sarah Ito,Infineon GmbH,Telecom,Europe,Oscilloscopes,,"['AutoSens_Tech_Talk', 'Lab_Integration_Discussion', 'Website_Product_Page', 'Keysight_Workshop_RF_Testing', 'AutoSens_Tech_Talk', 'PathWave_Trial_Request', 'No_Conversion']",0
L000484,Ravi Johnson,,Semiconductor,APAC,Automotive Ethernet,LinkedIn,"['MQL', 'Customer']",1
L000485,Ravi Martinez,Broad_Tech,Semiconductor,LATAM,,LinkedIn,"['SQL', 'Whitepaper_Download_5G_Test', 'MQL', 'Technical_Demo', 'Technical_Demo', 'DesignCon_Booth_Visit', 'LinkedIn_Ad_Click', 'Customer']",1
L000486,Chen Martinez,,,Europe,,,"['LinkedIn_Ad_Click', 'Keysight_Workshop_RF_Testing', 'No_Conversion']",0
L000487,Maria Ito,Raytheon,Electronics,,5G Testbeds,Webinar,"['DesignCon_Booth_Visit', 'PathWave_Trial_Request', 'Lab_Integration_Discussion', 'Opportunity', 'Customer']",1
L000488,Sarah Tanaka,Meta Connectivity Labs GmbH,Semiconductor,Europe,PathWave Software,Website,"['SQL', 'IMS_Badge_Scan', 'Website_Product_Page', 'Website_Product_Page', 'No_Conversion']",0
L000489,Michael Singh,,Aerospace,APAC,Oscilloscopes,LinkedIn,"['Whitepaper_Download_5G_Test', 'DesignCon_Booth_Visit', 'PathWave_Trial_Request', 'MQL', 'MQL', 'MQL', 'AutoSens_Tech_Talk', 'PathWave_Trial_Request', 'Customer']",1
L000490,Maria Chen,NXP Semiconductors GmbH,,,Automotive Ethernet,Sales Outreach,"['Technical_Demo', 'Technical_Demo', 'No_Conversion']",0
L000491,Hiroshi Williams,Samsu_Tech,Automotive,North America,Automotive Ethernet,Website,"['Oscilloscope_Selector_Tool', 'No_Conversion']",0
L000492,Laura Chen,Qualcomm,Semiconductor,Europe,Oscilloscopes,Webinar,"['DesignCon_Booth_Visit', 'Oscilloscope_Selector_Tool', 'Oscilloscope_Selector_Tool', 'Customer']",1
L000493,Hiroshi Tanaka,Qualcomm GmbH,Aerospace,North America,Oscilloscopes,Email Campaign,"['SQL', 'Whitepaper_Download_5G_Test', 'Whitepaper_Download_5G_Test', 'IMS_Badge_Scan', 'SQL', 'MQL', 'Lab_Integration_Discussion', 'Keysight_University_Course', 'No_Conversion']",0
L000494,Kenji Singh,Meta Connectivity Labs,Aerospace,APAC,,Event,"['Lab_Integration_Discussion', 'MQL', 'Opportunity', 'Whitepaper_Download_5G_Test', 'IMS_Badge_Scan', 'Keysight_Workshop_RF_Testing', 'IMS_Badge_Scan', 'IMS_Badge_Scan', 'Customer']",1
L000495,Sarah Johnson,,Telecom,,,LinkedIn,"['Oscilloscope_Selector_Tool', 'DesignCon_Booth_Visit', 'Application_Engineer_Call', 'LinkedIn_Ad_Click', 'Customer']",1
L000496,Maria Johnson,,Semiconductor,LATAM,,LinkedIn,"['Opportunity', 'Application_Engineer_Call', 'Customer']",1
L000497,Chen Singh,Sony_Tech,Automotive,APAC,PathWave Software,Website,"['Loaner_Unit_Evaluation', 'Application_Engineer_Call', 'Whitepaper_Download_5G_Test', 'Customer']",1
L000498,Priya Lee,,,,,Webinar,"['IMS_Badge_Scan', 'No_Conversion']",0
L000499,Sarah Khan,Broadcom,Aerospace,North America,Automotive Ethernet,LinkedIn,"['Application_Engineer_Call', 'Oscilloscope_Selector_Tool', 'DesignCon_Booth_Visit', 'IMS_Badge_Scan', 'MQL', 'Customer']",1
L000500,Priya Chen,Infineon,Telecom,,PathWave Software,Website,"['Whitepaper_Download_5G_Test', 'LinkedIn_Ad_Click', 'Oscilloscope_Selector_Tool', 'LinkedIn_Ad_Click', 'Customer']",1
L000501,Daniel Singh,Infineon,Aerospace,LATAM,Oscilloscopes,Event,"['Technical_Demo', 'Opportunity', 'DesignCon_Booth_Visit', 'Keysight_University_Course', 'Oscilloscope_Selector_Tool', 'Whitepaper_Download_5G_Test', 'Application_Engineer_Call', 'Website_Product_Page', 'No_Conversion']",0
L000502,Priya Johnson,NXPSe_Tech,Semiconductor,APAC,Oscilloscopes,Event,"['Oscilloscope_Selector_Tool', 'Opportunity', 'SQL', 'Whitepaper_Download_5G_Test', 'Opportunity', 'DesignCon_Booth_Visit', 'No_Conversion']",0
L000503,,,,LATAM,,Email Campaign,"['Keysight_Workshop_RF_Testing', 'LinkedIn_Ad_Click', 'Lab_Integration_Discussion', 'LinkedIn_Ad_Click', 'Customer']",1
L000504,Priya Patel,Bosch_Tech,Electronics,North America,,Email Campaign,"['Website_Product_Page', 'Lab_Integration_Discussion', 'MQL', 'DesignCon_Booth_Visit', 'Whitepaper_Download_5G_Test', 'Whitepaper_Download_5G_Test', 'Customer']",1
L000505,Kenji Martinez,Broad_Tech,Telecom,,PathWave Software,LinkedIn,"['LinkedIn_Ad_Click', 'Application_Engineer_Call', 'No_Conversion']",0
L000506,Maria Khan,Raytheon GmbH,,,,Event,"['Technical_Demo', 'LinkedIn_Ad_Click', 'AutoSens_Tech_Talk', 'LinkedIn_Ad_Click', 'MQL', 'Oscilloscope_Selector_Tool', 'Customer']",1
L000507,,NXP Semiconductors GmbH,,North America,PathWave Software,Email Campaign,"['Whitepaper_Download_5G_Test', 'Website_Product_Page', 'IMS_Badge_Scan', 'Lab_Integration_Discussion', 'AutoSens_Tech_Talk', 'AutoSens_Tech_Talk', 'Technical_Demo', 'SQL', 'LinkedIn_Ad_Click', 'Customer']",1
L000508,Chen Williams,Bosch_Tech,Automotive,APAC,Automotive Ethernet,Email Campaign,"['Website_Product_Page', 'Application_Engineer_Call', 'Customer']",1
L000509,Ravi Martinez,Infineon,Electronics,APAC,Automotive Ethernet,Sales Outreach,"['Keysight_Workshop_RF_Testing', 'Opportunity', 'No_Conversion']",0
L000510,Laura Chen,Meta Connectivity Labs GmbH,Automotive,,PathWave Software,Sales Outreach,"['Keysight_Workshop_RF_Testing', 'Oscilloscope_Selector_Tool', 'DesignCon_Booth_Visit', 'Customer']",1
L000511,Laura Garcia,Broadcom GmbH,Aerospace,North America,Oscilloscopes,,['Customer'],1
L000512,Hiroshi Singh,,Semiconductor,North America,,Sales Outreach,"['PathWave_Trial_Request', 'IMS_Badge_Scan', 'DesignCon_Booth_Visit', 'Application_Engineer_Call', 'MQL', 'AutoSens_Tech_Talk', 'Whitepaper_Download_5G_Test', 'Customer']",1
L000513,Sarah Johnson,Raytheon GmbH,,APAC,,Event,"['Loaner_Unit_Evaluation', 'MQL', 'LinkedIn_Ad_Click', 'Application_Engineer_Call', 'PathWave_Trial_Request', 'IMS_Badge_Scan', 'AutoSens_Tech_Talk', 'Oscilloscope_Selector_Tool', 'Lab_Integration_Discussion', 'No_Conversion']",0
L000514,Priya Tanaka,Samsung Electronics,Aerospace,Europe,,LinkedIn,"['PathWave_Trial_Request', 'SQL', 'PathWave_Trial_Request', 'Keysight_University_Course', 'Oscilloscope_Selector_Tool', 'Lab_Integration_Discussion', 'Keysight_Workshop_RF_Testing', 'Application_Engineer_Call', 'Customer']",1
L000515,Michael Williams,Sony,Telecom,LATAM,Automotive Ethernet,Webinar,"['Lab_Integration_Discussion', 'PathWave_Trial_Request', 'Whitepaper_Download_5G_Test', 'Customer']",1
L000516,Ravi Lee,Raytheon GmbH,Semiconductor,LATAM,,,"['AutoSens_Tech_Talk', 'LinkedIn_Ad_Click', 'DesignCon_Booth_Visit', 'IMS_Badge_Scan', 'Technical_Demo', 'Website_Product_Page', 'Website_Product_Page', 'MQL', 'PathWave_Trial_Request', 'MQL', 'No_Conversion']",0
L000517,Sofia Lee,Qualcomm GmbH,Semiconductor,LATAM,Automotive Ethernet,LinkedIn,"['Whitepaper_Download_5G_Test', 'No_Conversion']",0
L000518,Ravi Johnson,NXPSe_Tech,Aerospace,,PathWave Software,LinkedIn,['Customer'],1
L000519,Sofia Martinez,NXP Semiconductors,Semiconductor,APAC,Automotive Ethernet,Webinar,"['Loaner_Unit_Evaluation', 'Customer']",1
L000520,Kenji Singh,Rayth_Tech,,Europe,5G Testbeds,,"['Application_Engineer_Call', 'DesignCon_Booth_Visit', 'Loaner_Unit_Evaluation', 'No_Conversion']",0
L000521,Ahmed Lee,Qualc_Tech,Automotive,LATAM,,Website,"['Application_Engineer_Call', 'Customer']",1
L000522,Chen Williams,Tesla Energy,Semiconductor,LATAM,Automotive Ethernet,Website,['No_Conversion'],0
L000523,Chen Ito,Sony,,APAC,5G Testbeds,Event,"['Keysight_University_Course', 'Oscilloscope_Selector_Tool', 'Technical_Demo', 'Oscilloscope_Selector_Tool', 'No_Conversion']",0
L000524,Maria Ito,Tesla Energy,Telecom,LATAM,5G Testbeds,Sales Outreach,"['Whitepaper_Download_5G_Test', 'Opportunity', 'DesignCon_Booth_Visit', 'AutoSens_Tech_Talk', 'Lab_Integration_Discussion', 'Loaner_Unit_Evaluation', 'LinkedIn_Ad_Click', 'Application_Engineer_Call', 'Keysight_Workshop_RF_Testing', 'Technical_Demo', 'Customer']",1
L000525,Ahmed Singh,Qualc_Tech,Telecom,,,Webinar,"['Opportunity', 'SQL', 'MQL', 'SQL', 'Lab_Integration_Discussion', 'Customer']",1
L000526,Chen Anders,NXP Semiconductors GmbH,,North America,,Website,"['LinkedIn_Ad_Click', 'Oscilloscope_Selector_Tool', 'Whitepaper_Download_5G_Test', 'Website_Product_Page', 'DesignCon_Booth_Visit', 'Customer']",1
L000527,Hiroshi Johnson,,,,Automotive Ethernet,Event,"['SQL', 'Keysight_University_Course', 'Lab_Integration_Discussion', 'LinkedIn_Ad_Click', 'Lab_Integration_Discussion', 'AutoSens_Tech_Talk', 'No_Conversion']",0
L000528,Ravi Martinez,Infin_Tech,Electronics,APAC,,Webinar,"['Whitepaper_Download_5G_Test', 'Loaner_Unit_Evaluation', 'AutoSens_Tech_Talk', 'Loaner_Unit_Evaluation', 'No_Conversion']",0
L000529,Ravi Singh,Samsu_Tech,Semiconductor,LATAM,Oscilloscopes,Website,"['Loaner_Unit_Evaluation', 'Website_Product_Page', 'Keysight_University_Course', 'PathWave_Trial_Request', 'Opportunity', 'No_Conversion']",0
L000530,,,,,5G Testbeds,Webinar,['Customer'],1
L000531,Kenji Khan,Raytheon GmbH,Automotive,North America,PathWave Software,Event,"['Lab_Integration_Discussion', 'DesignCon_Booth_Visit', 'Loaner_Unit_Evaluation', 'Keysight_Workshop_RF_Testing', 'DesignCon_Booth_Visit', 'MQL', 'Application_Engineer_Call', 'IMS_Badge_Scan', 'Customer']",1
L000532,Hiroshi Tanaka,NXP Semiconductors,,,,Webinar,"['Technical_Demo', 'Customer']",1
L000533,Ahmed Williams,,Semiconductor,LATAM,,Webinar,"['AutoSens_Tech_Talk', 'Keysight_University_Course', 'Customer']",1
L000534,Michael Garcia,Infineon,Semiconductor,APAC,,Email Campaign,"['Keysight_University_Course', 'Keysight_Workshop_RF_Testing', 'AutoSens_Tech_Talk', 'DesignCon_Booth_Visit', 'MQL', 'DesignCon_Booth_Visit', 'Customer']",1
L000535,Priya Martinez,,Aerospace,,,Website,"['IMS_Badge_Scan', 'Loaner_Unit_Evaluation', 'PathWave_Trial_Request', 'Application_Engineer_Call', 'Application_Engineer_Call', 'No_Conversion']",0
L000536,Ravi Chen,Tesla Energy,,North America,PathWave Software,Website,"['Application_Engineer_Call', 'Lab_Integration_Discussion', 'PathWave_Trial_Request', 'SQL', 'SQL', 'Loaner_Unit_Evaluation', 'Website_Product_Page', 'Customer']",1
L000537,Ravi Patel,Samsung Electronics,Automotive,LATAM,5G Testbeds,Website,"['Whitepaper_Download_5G_Test', 'Keysight_University_Course', 'MQL', 'Whitepaper_Download_5G_Test', 'PathWave_Trial_Request', 'Keysight_University_Course', 'MQL', 'Customer']",1
L000538,Daniel Patel,Infineon GmbH,Semiconductor,LATAM,Oscilloscopes,LinkedIn,"['DesignCon_Booth_Visit', 'No_Conversion']",0
L000539,Kenji Chen,,Electronics,Europe,,LinkedIn,"['Lab_Integration_Discussion', 'AutoSens_Tech_Talk', 'Keysight_Workshop_RF_Testing', 'Loaner_Unit_Evaluation', 'Customer']",1
L000540,Ahmed Chen,Qualcomm GmbH,,APAC,PathWave Software,Website,"['Keysight_Workshop_RF_Testing', 'Keysight_Workshop_RF_Testing', 'Application_Engineer_Call', 'PathWave_Trial_Request', 'Website_Product_Page', 'Keysight_University_Course', 'No_Conversion']",0
L000541,Laura Singh,NXPSe_Tech,Telecom,APAC,,Sales Outreach,"['Whitepaper_Download_5G_Test', 'Customer']",1
L000542,Laura Tanaka,Meta Connectivity Labs GmbH,Telecom,Europe,,Event,"['IMS_Badge_Scan', 'Opportunity', 'PathWave_Trial_Request', 'Loaner_Unit_Evaluation', 'Application_Engineer_Call', 'Whitepaper_Download_5G_Test', 'Application_Engineer_Call', 'MQL', 'Website_Product_Page', 'Keysight_Workshop_RF_Testing', 'Customer']",1
L000543,Michael Singh,Tesla Energy,,North America,,LinkedIn,"['Opportunity', 'Whitepaper_Download_5G_Test', 'Customer']",1
L000544,Chen Garcia,Broadcom,,,PathWave Software,LinkedIn,"['Application_Engineer_Call', 'PathWave_Trial_Request', 'Lab_Integration_Discussion', 'Oscilloscope_Selector_Tool', 'IMS_Badge_Scan', 'Whitepaper_Download_5G_Test', 'DesignCon_Booth_Visit', 'MQL', 'Customer']",1
L000545,Maria Chen,Sony,Telecom,Europe,Automotive Ethernet,Event,"['Whitepaper_Download_5G_Test', 'Whitepaper_Download_5G_Test', 'IMS_Badge_Scan', 'Customer']",1
L000546,Ravi Johnson,NXP Semiconductors,,North America,,Event,"['Application_Engineer_Call', 'SQL', 'LinkedIn_Ad_Click', 'Loaner_Unit_Evaluation', 'Technical_Demo', 'Customer']",1
L000547,Sofia Johnson,,Automotive,LATAM,PathWave Software,Webinar,"['Application_Engineer_Call', 'PathWave_Trial_Request', 'Website_Product_Page', 'LinkedIn_Ad_Click', 'No_Conversion']",0
L000548,Ravi Garcia,,Semiconductor,,,LinkedIn,"['Loaner_Unit_Evaluation', 'Keysight_University_Course', 'DesignCon_Booth_Visit', 'No_Conversion']",0
L000549,Daniel Tanaka,,Semiconductor,Europe,5G Testbeds,Email Campaign,"['Loaner_Unit_Evaluation', 'Technical_Demo', 'Technical_Demo', 'Website_Product_Page', 'Customer']",1
L000550,Sofia Williams,NXP Semiconductors,Telecom,Europe,,Sales Outreach,"['Oscilloscope_Selector_Tool', 'Keysight_University_Course', 'Technical_Demo', 'Customer']",1
L000551,Ahmed Chen,Bosch_Tech,Telecom,APAC,Oscilloscopes,Sales Outreach,"['AutoSens_Tech_Talk', 'Keysight_University_Course', 'Oscilloscope_Selector_Tool', 'No_Conversion']",0
L000552,Hiroshi Garcia,Tesla_Tech,Semiconductor,LATAM,Oscilloscopes,Email Campaign,['Customer'],1
L000553,Michael Khan,Sony_Tech,Telecom,Europe,5G Testbeds,,"['Whitepaper_Download_5G_Test', 'Application_Engineer_Call', 'LinkedIn_Ad_Click', 'LinkedIn_Ad_Click', 'Application_Engineer_Call', 'Technical_Demo', 'Loaner_Unit_Evaluation', 'LinkedIn_Ad_Click', 'No_Conversion']",0
L000554,Maria Martinez,,Automotive,Europe,Automotive Ethernet,LinkedIn,"['Keysight_Workshop_RF_Testing', 'IMS_Badge_Scan', 'Oscilloscope_Selector_Tool', 'Whitepaper_Download_5G_Test', 'Website_Product_Page', 'PathWave_Trial_Request', 'AutoSens_Tech_Talk', 'Opportunity', 'Technical_Demo', 'No_Conversion']",0
L000555,Ahmed Martinez,MetaC_Tech,Telecom,Europe,5G Testbeds,Webinar,"['Keysight_University_Course', 'Keysight_Workshop_RF_Testing', 'MQL', 'Opportunity', 'Application_Engineer_Call', 'AutoSens_Tech_Talk', 'Application_Engineer_Call', 'Customer']",1
L000556,Ahmed Williams,Samsung Electronics GmbH,Semiconductor,North America,,Sales Outreach,"['Oscilloscope_Selector_Tool', 'Customer']",1
L000557,Ravi Martinez,Rayth_Tech,,North America,Automotive Ethernet,Sales Outreach,"['Website_Product_Page', 'DesignCon_Booth_Visit', 'Whitepaper_Download_5G_Test', 'PathWave_Trial_Request', 'Oscilloscope_Selector_Tool', 'Oscilloscope_Selector_Tool', 'Keysight_Workshop_RF_Testing', 'No_Conversion']",0
L000558,Maria Lee,,Automotive,Europe,Automotive Ethernet,Email Campaign,"['Oscilloscope_Selector_Tool', 'PathWave_Trial_Request', 'No_Conversion']",0
L000559,Kenji Johnson,,Automotive,Europe,Oscilloscopes,LinkedIn,"['Website_Product_Page', 'Customer']",1
L000560,Laura Lee,Broad_Tech,Aerospace,APAC,,Webinar,"['Oscilloscope_Selector_Tool', 'Whitepaper_Download_5G_Test', 'No_Conversion']",0
L000561,Ravi Chen,Tesla_Tech,Telecom,North America,Oscilloscopes,Webinar,"['Website_Product_Page', 'DesignCon_Booth_Visit', 'Lab_Integration_Discussion', 'Oscilloscope_Selector_Tool', 'No_Conversion']",0
L000562,Priya Singh,Qualcomm GmbH,,APAC,,LinkedIn,"['Oscilloscope_Selector_Tool', 'SQL', 'Lab_Integration_Discussion', 'No_Conversion']",0
L000563,Daniel Johnson,,,LATAM,5G Testbeds,Event,"['Opportunity', 'Lab_Integration_Discussion', 'Oscilloscope_Selector_Tool', 'Keysight_University_Course', 'LinkedIn_Ad_Click', 'Opportunity', 'No_Conversion']",0
L000564,Hiroshi Anders,Infineon,,North America,,Email Campaign,"['AutoSens_Tech_Talk', 'SQL', 'Opportunity', 'No_Conversion']",0
L000565,,Raytheon,Automotive,,5G Testbeds,Event,"['IMS_Badge_Scan', 'No_Conversion']",0
L000566,Chen Ito,Infineon,Automotive,,Automotive Ethernet,,"['PathWave_Trial_Request', 'Opportunity', 'PathWave_Trial_Request', 'No_Conversion']",0
L000567,Michael Patel,Raytheon GmbH,,APAC,,Webinar,"['SQL', 'Website_Product_Page', 'Keysight_Workshop_RF_Testing', 'Keysight_University_Course', 'Customer']",1
L000568,,Bosch_Tech,Automotive,,,Email Campaign,"['DesignCon_Booth_Visit', 'No_Conversion']",0
L000569,Daniel Patel,Tesla Energy,Telecom,LATAM,,Sales Outreach,"['Application_Engineer_Call', 'IMS_Badge_Scan', 'Keysight_University_Course', 'PathWave_Trial_Request', 'Customer']",1
L000570,Maria Ito,Bosch,,Europe,Oscilloscopes,Webinar,"['Oscilloscope_Selector_Tool', 'IMS_Badge_Scan', 'MQL', 'IMS_Badge_Scan', 'No_Conversion']",0
L000571,Priya Patel,NXP Semiconductors,,North America,,Webinar,"['DesignCon_Booth_Visit', 'PathWave_Trial_Request', 'SQL', 'Customer']",1
L000572,Sofia Williams,Broadcom,Aerospace,LATAM,,Sales Outreach,"['DesignCon_Booth_Visit', 'Customer']",1
L000573,Sarah Tanaka,Sony,Automotive,LATAM,Automotive Ethernet,Event,"['LinkedIn_Ad_Click', 'MQL', 'DesignCon_Booth_Visit', 'Loaner_Unit_Evaluation', 'Keysight_University_Course', 'Technical_Demo', 'DesignCon_Booth_Visit', 'Customer']",1
L000574,Ahmed Anders,Tesla Energy GmbH,Aerospace,Europe,PathWave Software,LinkedIn,"['PathWave_Trial_Request', 'Lab_Integration_Discussion', 'Technical_Demo', 'AutoSens_Tech_Talk', 'PathWave_Trial_Request', 'Website_Product_Page', 'No_Conversion']",0
L000575,,Tesla Energy,,Europe,,Email Campaign,"['LinkedIn_Ad_Click', 'IMS_Badge_Scan', 'Keysight_Workshop_RF_Testing', 'DesignCon_Booth_Visit', 'No_Conversion']",0
L000576,Priya Lee,,Semiconductor,North America,Oscilloscopes,Sales Outreach,"['IMS_Badge_Scan', 'Technical_Demo', 'Lab_Integration_Discussion', 'Keysight_Workshop_RF_Testing', 'AutoSens_Tech_Talk', 'PathWave_Trial_Request', 'Application_Engineer_Call', 'Customer']",1
L000577,Daniel Singh,Sony_Tech,Semiconductor,North America,Automotive Ethernet,LinkedIn,"['SQL', 'DesignCon_Booth_Visit', 'Customer']",1
L000578,Laura Ito,,Automotive,APAC,Automotive Ethernet,Sales Outreach,"['Opportunity', 'AutoSens_Tech_Talk', 'Application_Engineer_Call', 'Application_Engineer_Call', 'Keysight_University_Course', 'Customer']",1
L000579,Sarah Martinez,NXP Semiconductors GmbH,,APAC,,Website,"['IMS_Badge_Scan', 'Technical_Demo', 'Lab_Integration_Discussion', 'No_Conversion']",0
L000580,Ravi Chen,Samsung Electronics,,APAC,Automotive Ethernet,Email Campaign,"['Lab_Integration_Discussion', 'DesignCon_Booth_Visit', 'SQL', 'Customer']",1
L000581,Ravi Patel,NXP Semiconductors GmbH,Electronics,APAC,PathWave Software,Website,"['Keysight_Workshop_RF_Testing', 'Keysight_University_Course', 'Application_Engineer_Call', 'PathWave_Trial_Request', 'PathWave_Trial_Request', 'Keysight_University_Course', 'Opportunity', 'Technical_Demo', 'Lab_Integration_Discussion', 'Customer']",1
L000582,Sofia Lee,Tesla_Tech,,Europe,Automotive Ethernet,LinkedIn,"['SQL', 'No_Conversion']",0
L000583,Ahmed Tanaka,,Telecom,,,LinkedIn,"['Opportunity', 'Lab_Integration_Discussion', 'Keysight_Workshop_RF_Testing', 'AutoSens_Tech_Talk', 'Website_Product_Page', 'Oscilloscope_Selector_Tool', 'Customer']",1
L000584,Maria Garcia,Bosch GmbH,,Europe,,Website,"['Technical_Demo', 'Oscilloscope_Selector_Tool', 'Lab_Integration_Discussion', 'AutoSens_Tech_Talk', 'SQL', 'AutoSens_Tech_Talk', 'Technical_Demo', 'Website_Product_Page', 'Customer']",1
L000585,,Broadcom,Semiconductor,Europe,Automotive Ethernet,Webinar,['Customer'],1
L000586,,MetaC_Tech,Telecom,,,Sales Outreach,"['IMS_Badge_Scan', 'No_Conversion']",0
L000587,Michael Garcia,,Electronics,,5G Testbeds,Event,"['Keysight_University_Course', 'AutoSens_Tech_Talk', 'Technical_Demo', 'Website_Product_Page', 'Loaner_Unit_Evaluation', 'Opportunity', 'LinkedIn_Ad_Click', 'Whitepaper_Download_5G_Test', 'Customer']",1
L000588,,Raytheon GmbH,Electronics,LATAM,PathWave Software,,"['Website_Product_Page', 'Website_Product_Page', 'LinkedIn_Ad_Click', 'Website_Product_Page', 'Oscilloscope_Selector_Tool', 'Opportunity', 'AutoSens_Tech_Talk', 'Customer']",1
L000589,Sarah Chen,Infineon GmbH,Aerospace,APAC,,LinkedIn,"['Website_Product_Page', 'AutoSens_Tech_Talk', 'Technical_Demo', 'MQL', 'Technical_Demo', 'No_Conversion']",0
L000590,Chen Martinez,Raytheon GmbH,,North America,Automotive Ethernet,Email Campaign,"['Lab_Integration_Discussion', 'Customer']",1
L000591,Sofia Chen,Infin_Tech,,Europe,,,"['Technical_Demo', 'No_Conversion']",0
L000592,Maria Chen,Meta Connectivity Labs GmbH,Telecom,Europe,,LinkedIn,"['IMS_Badge_Scan', 'Customer']",1
L000593,Chen Patel,Tesla Energy GmbH,Telecom,North America,Oscilloscopes,Event,"['Loaner_Unit_Evaluation', 'MQL', 'IMS_Badge_Scan', 'Customer']",1
L000594,Laura Lee,Bosch,Automotive,LATAM,5G Testbeds,Website,"['LinkedIn_Ad_Click', 'Keysight_Workshop_RF_Testing', 'Keysight_Workshop_RF_Testing', 'No_Conversion']",0
L000595,Daniel Lee,Rayth_Tech,Aerospace,APAC,Automotive Ethernet,Website,"['Application_Engineer_Call', 'Whitepaper_Download_5G_Test', 'Oscilloscope_Selector_Tool', 'DesignCon_Booth_Visit', 'DesignCon_Booth_Visit', 'DesignCon_Booth_Visit', 'No_Conversion']",0
L000596,Hiroshi Martinez,MetaC_Tech,Telecom,,5G Testbeds,Website,"['LinkedIn_Ad_Click', 'Technical_Demo', 'Whitepaper_Download_5G_Test', 'SQL', 'SQL', 'Oscilloscope_Selector_Tool', 'Lab_Integration_Discussion', 'DesignCon_Booth_Visit', 'Customer']",1
L000597,,Samsung Electronics GmbH,Automotive,LATAM,Oscilloscopes,Event,"['Keysight_Workshop_RF_Testing', 'Application_Engineer_Call', 'MQL', 'SQL', 'LinkedIn_Ad_Click', 'Website_Product_Page', 'DesignCon_Booth_Visit', 'Loaner_Unit_Evaluation', 'Customer']",1
L000598,Hiroshi Singh,,Electronics,APAC,,Email Campaign,"['PathWave_Trial_Request', 'IMS_Badge_Scan', 'LinkedIn_Ad_Click', 'Customer']",1
L000599,Ravi Tanaka,,,APAC,,,"['SQL', 'Oscilloscope_Selector_Tool', 'IMS_Badge_Scan', 'No_Conversion']",0
L000600,Priya Singh,Qualcomm GmbH,Automotive,Europe,5G Testbeds,Event,"['Whitepaper_Download_5G_Test', 'Oscilloscope_Selector_Tool', 'Keysight_University_Course', 'IMS_Badge_Scan', 'SQL', 'Technical_Demo', 'Application_Engineer_Call', 'Customer']",1
L000601,Kenji Ito,NXPSe_Tech,Semiconductor,,,Website,"['Oscilloscope_Selector_Tool', 'Lab_Integration_Discussion', 'Oscilloscope_Selector_Tool', 'LinkedIn_Ad_Click', 'Whitepaper_Download_5G_Test', 'MQL', 'Lab_Integration_Discussion', 'DesignCon_Booth_Visit', 'IMS_Badge_Scan', 'Oscilloscope_Selector_Tool', 'Customer']",1
L000602,Sarah Chen,,,,,Email Campaign,"['LinkedIn_Ad_Click', 'PathWave_Trial_Request', 'MQL', 'Loaner_Unit_Evaluation', 'DesignCon_Booth_Visit', 'Loaner_Unit_Evaluation', 'Website_Product_Page', 'SQL', 'Keysight_University_Course', 'Customer']",1
L000603,Ravi Tanaka,Sony GmbH,,LATAM,PathWave Software,LinkedIn,"['SQL', 'DesignCon_Booth_Visit', 'DesignCon_Booth_Visit', 'No_Conversion']",0
L000604,Chen Patel,Qualcomm GmbH,Telecom,APAC,Oscilloscopes,LinkedIn,"['SQL', 'Website_Product_Page', 'Keysight_University_Course', 'IMS_Badge_Scan', 'No_Conversion']",0
L000605,Sofia Patel,Raytheon GmbH,,,,Event,['No_Conversion'],0
L000606,Kenji Johnson,Tesla Energy GmbH,Automotive,,,Email Campaign,"['Technical_Demo', 'Application_Engineer_Call', 'DesignCon_Booth_Visit', 'Customer']",1
L000607,Chen Williams,Meta Connectivity Labs,,North America,PathWave Software,Event,"['Keysight_Workshop_RF_Testing', 'Opportunity', 'MQL', 'LinkedIn_Ad_Click', 'Keysight_University_Course', 'Oscilloscope_Selector_Tool', 'Whitepaper_Download_5G_Test', 'Customer']",1
L000608,Priya Patel,,,LATAM,Oscilloscopes,Email Campaign,"['DesignCon_Booth_Visit', 'PathWave_Trial_Request', 'Website_Product_Page', 'AutoSens_Tech_Talk', 'Application_Engineer_Call', 'LinkedIn_Ad_Click', 'MQL', 'Whitepaper_Download_5G_Test', 'Keysight_Workshop_RF_Testing', 'Whitepaper_Download_5G_Test', 'No_Conversion']",0
L000609,Ravi Williams,Samsung Electronics,Semiconductor,APAC,Oscilloscopes,Website,['Customer'],1
L000610,Kenji Singh,Bosch,,,PathWave Software,LinkedIn,['No_Conversion'],0
L000611,Priya Garcia,Qualc_Tech,Electronics,Europe,,,"['Oscilloscope_Selector_Tool', 'Keysight_Workshop_RF_Testing', 'Application_Engineer_Call', 'Keysight_Workshop_RF_Testing', 'IMS_Badge_Scan', 'Keysight_Workshop_RF_Testing', 'Customer']",1
L000612,Ahmed Patel,Samsu_Tech,Electronics,Europe,PathWave Software,Website,"['Website_Product_Page', 'SQL', 'Website_Product_Page', 'Keysight_University_Course', 'Whitepaper_Download_5G_Test', 'MQL', 'No_Conversion']",0
L000613,Ahmed Ito,Bosch GmbH,Electronics,,,Webinar,"['Website_Product_Page', 'Keysight_University_Course', 'LinkedIn_Ad_Click', 'No_Conversion']",0
L000614,,Samsung Electronics GmbH,Aerospace,Europe,Oscilloscopes,LinkedIn,"['AutoSens_Tech_Talk', 'Keysight_University_Course', 'DesignCon_Booth_Visit', 'AutoSens_Tech_Talk', 'AutoSens_Tech_Talk', 'MQL', 'Opportunity', 'Customer']",1
L000615,Chen Williams,Samsu_Tech,,Europe,Automotive Ethernet,Email Campaign,"['DesignCon_Booth_Visit', 'Customer']",1
L000616,Daniel Singh,NXPSe_Tech,,LATAM,Oscilloscopes,Sales Outreach,"['DesignCon_Booth_Visit', 'Loaner_Unit_Evaluation', 'Loaner_Unit_Evaluation', 'Customer']",1
L000617,Daniel Khan,Raytheon,Aerospace,,Automotive Ethernet,Email Campaign,"['Opportunity', 'Whitepaper_Download_5G_Test', 'Keysight_Workshop_RF_Testing', 'No_Conversion']",0
L000618,Kenji Lee,Qualcomm GmbH,,,,LinkedIn,"['MQL', 'DesignCon_Booth_Visit', 'Customer']",1
L000619,Ravi Ito,Tesla_Tech,,,,Webinar,['Customer'],1
L000620,Ahmed Ito,Qualc_Tech,Electronics,North America,,Website,"['DesignCon_Booth_Visit', 'MQL', 'Keysight_University_Course', 'Opportunity', 'IMS_Badge_Scan', 'SQL', 'Oscilloscope_Selector_Tool', 'Technical_Demo', 'Whitepaper_Download_5G_Test', 'Keysight_Workshop_RF_Testing', 'No_Conversion']",0
L000621,Sarah Garcia,Meta Connectivity Labs,Electronics,North America,5G Testbeds,Email Campaign,"['Opportunity', 'AutoSens_Tech_Talk', 'Oscilloscope_Selector_Tool', 'Keysight_Workshop_RF_Testing', 'MQL', 'Customer']",1
L000622,Ahmed Patel,Sony,,APAC,5G Testbeds,Email Campaign,"['Whitepaper_Download_5G_Test', 'SQL', 'Oscilloscope_Selector_Tool', 'LinkedIn_Ad_Click', 'Keysight_Workshop_RF_Testing', 'Loaner_Unit_Evaluation', 'No_Conversion']",0
L000623,Maria Martinez,Sony GmbH,Telecom,APAC,PathWave Software,Webinar,"['Loaner_Unit_Evaluation', 'Whitepaper_Download_5G_Test', 'IMS_Badge_Scan', 'DesignCon_Booth_Visit', 'SQL', 'Keysight_University_Course', 'SQL', 'No_Conversion']",0
L000624,Ahmed Lee,Qualcomm,Aerospace,North America,Oscilloscopes,,"['Website_Product_Page', 'Loaner_Unit_Evaluation', 'Loaner_Unit_Evaluation', 'DesignCon_Booth_Visit', 'Website_Product_Page', 'No_Conversion']",0
L000625,Hiroshi Tanaka,Sony GmbH,Telecom,,Oscilloscopes,Website,"['Oscilloscope_Selector_Tool', 'Keysight_Workshop_RF_Testing', 'AutoSens_Tech_Talk', 'Lab_Integration_Discussion', 'Opportunity', 'IMS_Badge_Scan', 'Customer']",1
L000626,Sarah Garcia,Infineon GmbH,Semiconductor,APAC,PathWave Software,,"['Loaner_Unit_Evaluation', 'Website_Product_Page', 'Whitepaper_Download_5G_Test', 'DesignCon_Booth_Visit', 'Website_Product_Page', 'Application_Engineer_Call', 'No_Conversion']",0
L000627,Hiroshi Williams,,Electronics,Europe,Oscilloscopes,,"['Whitepaper_Download_5G_Test', 'MQL', 'MQL', 'Application_Engineer_Call', 'Customer']",1
L000628,Michael Singh,,Aerospace,LATAM,Automotive Ethernet,Email Campaign,"['Opportunity', 'MQL', 'Keysight_Workshop_RF_Testing', 'DesignCon_Booth_Visit', 'Loaner_Unit_Evaluation', 'No_Conversion']",0
L000629,Ahmed Ito,Infineon GmbH,Aerospace,Europe,PathWave Software,LinkedIn,"['AutoSens_Tech_Talk', 'LinkedIn_Ad_Click', 'PathWave_Trial_Request', 'Customer']",1
L000630,Daniel Martinez,Qualcomm GmbH,Aerospace,LATAM,Oscilloscopes,Webinar,"['PathWave_Trial_Request', 'Keysight_Workshop_RF_Testing', 'LinkedIn_Ad_Click', 'No_Conversion']",0
L000631,Priya Johnson,Samsung Electronics GmbH,Automotive,,5G Testbeds,Website,"['Lab_Integration_Discussion', 'Lab_Integration_Discussion', 'Keysight_University_Course', 'IMS_Badge_Scan', 'Oscilloscope_Selector_Tool', 'LinkedIn_Ad_Click', 'No_Conversion']",0
L000632,,Infin_Tech,,LATAM,,Webinar,"['Website_Product_Page', 'Customer']",1
L000633,Sarah Khan,Broadcom,Automotive,,,Email Campaign,"['DesignCon_Booth_Visit', 'No_Conversion']",0
L000634,Daniel Chen,Infineon GmbH,Telecom,,,LinkedIn,"['SQL', 'Customer']",1
L000635,Daniel Lee,Infineon GmbH,Semiconductor,LATAM,PathWave Software,Sales Outreach,"['Oscilloscope_Selector_Tool', 'AutoSens_Tech_Talk', 'Whitepaper_Download_5G_Test', 'Application_Engineer_Call', 'Technical_Demo', 'Whitepaper_Download_5G_Test', 'DesignCon_Booth_Visit', 'Opportunity', 'Customer']",1
L000636,Daniel Garcia,NXP Semiconductors GmbH,Semiconductor,North America,Automotive Ethernet,Sales Outreach,"['IMS_Badge_Scan', 'Oscilloscope_Selector_Tool', 'SQL', 'No_Conversion']",0
L000637,Sarah Martinez,Broadcom GmbH,Aerospace,LATAM,PathWave Software,Event,"['Opportunity', 'No_Conversion']",0
L000638,Michael Khan,Tesla_Tech,,Europe,Automotive Ethernet,Event,"['Website_Product_Page', 'IMS_Badge_Scan', 'Customer']",1
L000639,Ravi Garcia,NXPSe_Tech,,APAC,,LinkedIn,['Customer'],1
L000640,Priya Lee,Raytheon GmbH,Automotive,LATAM,Oscilloscopes,Email Campaign,"['SQL', 'Application_Engineer_Call', 'Customer']",1
L000641,Daniel Singh,Qualc_Tech,Automotive,Europe,,Event,"['LinkedIn_Ad_Click', 'SQL', 'Application_Engineer_Call', 'Technical_Demo', 'Customer']",1
L000642,Ahmed Singh,,Telecom,North America,,Sales Outreach,"['LinkedIn_Ad_Click', 'AutoSens_Tech_Talk', 'PathWave_Trial_Request', 'Oscilloscope_Selector_Tool', 'DesignCon_Booth_Visit', 'SQL', 'Application_Engineer_Call', 'Application_Engineer_Call', 'Lab_Integration_Discussion', 'Customer']",1
L000643,Chen Williams,,,,,Event,"['Keysight_Workshop_RF_Testing', 'Keysight_Workshop_RF_Testing', 'Whitepaper_Download_5G_Test', 'Opportunity', 'Website_Product_Page', 'Keysight_Workshop_RF_Testing', 'Oscilloscope_Selector_Tool', 'Keysight_Workshop_RF_Testing', 'Keysight_Workshop_RF_Testing', 'Customer']",1
L000644,Sarah Tanaka,,Semiconductor,Europe,PathWave Software,LinkedIn,"['SQL', 'Application_Engineer_Call', 'SQL', 'Loaner_Unit_Evaluation', 'Oscilloscope_Selector_Tool', 'IMS_Badge_Scan', 'Customer']",1
L000645,Priya Patel,Raytheon,Aerospace,APAC,5G Testbeds,Email Campaign,"['Oscilloscope_Selector_Tool', 'Oscilloscope_Selector_Tool', 'Whitepaper_Download_5G_Test', 'No_Conversion']",0
L000646,Ahmed Ito,NXP Semiconductors GmbH,,,Oscilloscopes,Website,"['LinkedIn_Ad_Click', 'Website_Product_Page', 'Oscilloscope_Selector_Tool', 'IMS_Badge_Scan', 'No_Conversion']",0
L000647,Priya Williams,,Electronics,North America,,LinkedIn,"['AutoSens_Tech_Talk', 'IMS_Badge_Scan', 'Loaner_Unit_Evaluation', 'MQL', 'MQL', 'SQL', 'Application_Engineer_Call', 'Customer']",1
L000648,Hiroshi Khan,Sony_Tech,,APAC,,Website,"['DesignCon_Booth_Visit', 'AutoSens_Tech_Talk', 'Whitepaper_Download_5G_Test', 'Keysight_University_Course', 'No_Conversion']",0
L000649,,Infin_Tech,,,Automotive Ethernet,Sales Outreach,"['LinkedIn_Ad_Click', 'No_Conversion']",0
L000650,Hiroshi Williams,NXP Semiconductors,,North America,PathWave Software,Sales Outreach,"['Opportunity', 'Oscilloscope_Selector_Tool', 'No_Conversion']",0
L000651,Laura Williams,,Semiconductor,Europe,,,"['MQL', 'SQL', 'Website_Product_Page', 'No_Conversion']",0
L000652,Hiroshi Martinez,,Automotive,Europe,,Event,"['Opportunity', 'Oscilloscope_Selector_Tool', 'Whitepaper_Download_5G_Test', 'Opportunity', 'LinkedIn_Ad_Click', 'Lab_Integration_Discussion', 'No_Conversion']",0
L000653,,Qualcomm GmbH,,APAC,,Webinar,"['Website_Product_Page', 'No_Conversion']",0
L000654,Ravi Lee,Broadcom GmbH,,APAC,Automotive Ethernet,Sales Outreach,"['Opportunity', 'DesignCon_Booth_Visit', 'AutoSens_Tech_Talk', 'SQL', 'Opportunity', 'No_Conversion']",0
L000655,Kenji Khan,Sony_Tech,Aerospace,Europe,PathWave Software,LinkedIn,"['MQL', 'SQL', 'IMS_Badge_Scan', 'Lab_Integration_Discussion', 'Customer']",1
L000656,Priya Anders,NXPSe_Tech,Electronics,Europe,,Event,"['Lab_Integration_Discussion', 'Customer']",1
L000657,Michael Khan,Samsung Electronics,,APAC,,Website,"['IMS_Badge_Scan', 'SQL', 'Whitepaper_Download_5G_Test', 'Opportunity', 'SQL', 'SQL', 'Customer']",1
L000658,Chen Patel,Bosch GmbH,Telecom,,PathWave Software,Website,"['PathWave_Trial_Request', 'Keysight_University_Course', 'Whitepaper_Download_5G_Test', 'No_Conversion']",0
L000659,Hiroshi Martinez,Raytheon GmbH,Electronics,North America,5G Testbeds,LinkedIn,"['LinkedIn_Ad_Click', 'Application_Engineer_Call', 'MQL', 'Application_Engineer_Call', 'Application_Engineer_Call', 'Loaner_Unit_Evaluation', 'Customer']",1
L000660,Sofia Khan,Tesla_Tech,,,5G Testbeds,,"['Whitepaper_Download_5G_Test', 'Technical_Demo', 'Technical_Demo', 'Opportunity', 'Opportunity', 'LinkedIn_Ad_Click', 'Lab_Integration_Discussion', 'Application_Engineer_Call', 'IMS_Badge_Scan', 'Customer']",1
L000661,Daniel Williams,,,LATAM,,,"['DesignCon_Booth_Visit', 'Website_Product_Page', 'Website_Product_Page', 'IMS_Badge_Scan', 'Technical_Demo', 'LinkedIn_Ad_Click', 'Customer']",1
L000662,Michael Lee,Qualcomm,Semiconductor,Europe,PathWave Software,,"['Application_Engineer_Call', 'No_Conversion']",0
L000663,Ravi Williams,Infineon GmbH,Aerospace,North America,Automotive Ethernet,Website,"['Oscilloscope_Selector_Tool', 'AutoSens_Tech_Talk', 'Opportunity', 'Technical_Demo', 'Whitepaper_Download_5G_Test', 'Whitepaper_Download_5G_Test', 'Opportunity', 'Oscilloscope_Selector_Tool', 'PathWave_Trial_Request', 'Website_Product_Page', 'No_Conversion']",0
L000664,Hiroshi Lee,Samsung Electronics,Electronics,LATAM,Automotive Ethernet,Event,"['Keysight_Workshop_RF_Testing', 'LinkedIn_Ad_Click', 'Opportunity', 'AutoSens_Tech_Talk', 'Keysight_Workshop_RF_Testing', 'Customer']",1
L000665,Laura Patel,,Semiconductor,North America,,Event,"['Oscilloscope_Selector_Tool', 'AutoSens_Tech_Talk', 'IMS_Badge_Scan', 'Lab_Integration_Discussion', 'SQL', 'Opportunity', 'Keysight_University_Course', 'DesignCon_Booth_Visit', 'No_Conversion']",0
L000666,Daniel Lee,Infineon,,APAC,,Event,"['Oscilloscope_Selector_Tool', 'PathWave_Trial_Request', 'Loaner_Unit_Evaluation', 'No_Conversion']",0
L000667,Priya Patel,Meta Connectivity Labs,Telecom,Europe,,Event,"['Opportunity', 'Keysight_University_Course', 'DesignCon_Booth_Visit', 'Customer']",1
L000668,Daniel Martinez,Meta Connectivity Labs GmbH,Aerospace,,PathWave Software,Webinar,"['Technical_Demo', 'Loaner_Unit_Evaluation', 'Opportunity', 'Customer']",1
L000669,,Samsung Electronics GmbH,,LATAM,PathWave Software,Website,"['Oscilloscope_Selector_Tool', 'Loaner_Unit_Evaluation', 'No_Conversion']",0
L000670,Priya Garcia,Infin_Tech,Electronics,,5G Testbeds,Event,"['DesignCon_Booth_Visit', 'SQL', 'Customer']",1
L000671,Chen Johnson,Samsung Electronics GmbH,,Europe,Oscilloscopes,LinkedIn,"['Website_Product_Page', 'Application_Engineer_Call', 'Opportunity', 'MQL', 'Opportunity', 'Customer']",1
L000672,Priya Martinez,NXP Semiconductors,,LATAM,,Website,"['IMS_Badge_Scan', 'Application_Engineer_Call', 'Loaner_Unit_Evaluation', 'PathWave_Trial_Request', 'SQL', 'Opportunity', 'IMS_Badge_Scan', 'Customer']",1
L000673,Kenji Williams,Infineon,,APAC,,,"['Application_Engineer_Call', 'DesignCon_Booth_Visit', 'MQL', 'No_Conversion']",0
L000674,Maria Tanaka,Tesla_Tech,,,PathWave Software,Event,"['Technical_Demo', 'Keysight_Workshop_RF_Testing', 'Keysight_University_Course', 'Customer']",1
L000675,Ravi Garcia,Sony_Tech,,APAC,5G Testbeds,Website,['No_Conversion'],0
L000676,Hiroshi Ito,Qualc_Tech,,APAC,Automotive Ethernet,Email Campaign,['Customer'],1
L000677,Maria Singh,Raytheon,Telecom,APAC,PathWave Software,Sales Outreach,"['Lab_Integration_Discussion', 'SQL', 'No_Conversion']",0
L000678,Sarah Williams,,Aerospace,LATAM,,Event,"['LinkedIn_Ad_Click', 'Opportunity', 'Loaner_Unit_Evaluation', 'Keysight_University_Course', 'Website_Product_Page', 'Customer']",1
L000679,Maria Williams,Sony,Semiconductor,LATAM,Automotive Ethernet,Website,"['Website_Product_Page', 'Application_Engineer_Call', 'Customer']",1
L000680,Ahmed Johnson,Broadcom GmbH,Aerospace,Europe,,,"['Loaner_Unit_Evaluation', 'Loaner_Unit_Evaluation', 'Technical_Demo', 'Lab_Integration_Discussion', 'AutoSens_Tech_Talk', 'Whitepaper_Download_5G_Test', 'No_Conversion']",0
L000681,Michael Garcia,Sony,,,,Event,"['Technical_Demo', 'Website_Product_Page', 'PathWave_Trial_Request', 'PathWave_Trial_Request', 'No_Conversion']",0
L000682,Hiroshi Singh,Tesla Energy GmbH,Telecom,,5G Testbeds,Event,"['Lab_Integration_Discussion', 'LinkedIn_Ad_Click', 'MQL', 'LinkedIn_Ad_Click', 'AutoSens_Tech_Talk', 'Customer']",1
L000683,Sarah Ito,,,LATAM,5G Testbeds,Email Campaign,"['Opportunity', 'Keysight_University_Course', 'LinkedIn_Ad_Click', 'Loaner_Unit_Evaluation', 'MQL', 'MQL', 'Customer']",1
L000684,Kenji Johnson,,Semiconductor,,Oscilloscopes,LinkedIn,"['SQL', 'Keysight_Workshop_RF_Testing', 'Application_Engineer_Call', 'Loaner_Unit_Evaluation', 'Whitepaper_Download_5G_Test', 'Lab_Integration_Discussion', 'SQL', 'Customer']",1
L000685,Hiroshi Garcia,,Semiconductor,LATAM,,Event,"['SQL', 'SQL', 'PathWave_Trial_Request', 'Technical_Demo', 'Lab_Integration_Discussion', 'Loaner_Unit_Evaluation', 'Lab_Integration_Discussion', 'Customer']",1
L000686,Priya Chen,Sony GmbH,,,Automotive Ethernet,Website,"['Oscilloscope_Selector_Tool', 'Keysight_University_Course', 'Oscilloscope_Selector_Tool', 'DesignCon_Booth_Visit', 'Website_Product_Page', 'Customer']",1
L000687,Michael Johnson,Samsung Electronics GmbH,Aerospace,Europe,,LinkedIn,"['SQL', 'LinkedIn_Ad_Click', 'AutoSens_Tech_Talk', 'No_Conversion']",0
L000688,Chen Williams,Bosch GmbH,Telecom,LATAM,,LinkedIn,"['IMS_Badge_Scan', 'No_Conversion']",0
L000689,Kenji Lee,Raytheon GmbH,Telecom,,Automotive Ethernet,Event,"['PathWave_Trial_Request', 'Website_Product_Page', 'Customer']",1
L000690,Ahmed Tanaka,Samsung Electronics,,,Automotive Ethernet,Email Campaign,"['DesignCon_Booth_Visit', 'DesignCon_Booth_Visit', 'Oscilloscope_Selector_Tool', 'LinkedIn_Ad_Click', 'Website_Product_Page', 'SQL', 'Technical_Demo', 'Keysight_Workshop_RF_Testing', 'No_Conversion']",0
L000691,Kenji Lee,MetaC_Tech,,Europe,5G Testbeds,Sales Outreach,['Customer'],1
L000692,Ravi Chen,Qualc_Tech,Aerospace,North America,,,"['IMS_Badge_Scan', 'DesignCon_Booth_Visit', 'Technical_Demo', 'SQL', 'Website_Product_Page', 'Customer']",1
L000693,Ahmed Khan,Tesla_Tech,Electronics,Europe,,Website,"['PathWave_Trial_Request', 'LinkedIn_Ad_Click', 'Opportunity', 'DesignCon_Booth_Visit', 'Keysight_University_Course', 'No_Conversion']",0
L000694,Ravi Garcia,Sony GmbH,,North America,Automotive Ethernet,Email Campaign,['No_Conversion'],0
L000695,Ravi Singh,Sony,Telecom,,,LinkedIn,"['Opportunity', 'Oscilloscope_Selector_Tool', 'Technical_Demo', 'PathWave_Trial_Request', 'Website_Product_Page', 'Application_Engineer_Call', 'Oscilloscope_Selector_Tool', 'Customer']",1
L000696,Kenji Tanaka,Samsung Electronics GmbH,Automotive,LATAM,Automotive Ethernet,Event,"['SQL', 'Application_Engineer_Call', 'Lab_Integration_Discussion', 'AutoSens_Tech_Talk', 'DesignCon_Booth_Visit', 'Customer']",1
L000697,Daniel Tanaka,Infineon GmbH,Automotive,APAC,PathWave Software,LinkedIn,"['Loaner_Unit_Evaluation', 'Opportunity', 'AutoSens_Tech_Talk', 'Customer']",1
L000698,,Bosch_Tech,,APAC,,LinkedIn,"['IMS_Badge_Scan', 'Whitepaper_Download_5G_Test', 'Website_Product_Page', 'LinkedIn_Ad_Click', 'DesignCon_Booth_Visit', 'DesignCon_Booth_Visit', 'Opportunity', 'MQL', 'AutoSens_Tech_Talk', 'Opportunity', 'Customer']",1
L000699,Sarah Lee,,Electronics,Europe,,Webinar,"['Keysight_University_Course', 'PathWave_Trial_Request', 'MQL', 'No_Conversion']",0
L000700,Sofia Williams,MetaC_Tech,,APAC,PathWave Software,Website,"['Technical_Demo', 'SQL', 'Keysight_Workshop_RF_Testing', 'Customer']",1
L000701,Sarah Tanaka,,Semiconductor,APAC,5G Testbeds,Email Campaign,['No_Conversion'],0
L000702,Sofia Ito,,Telecom,North America,Automotive Ethernet,LinkedIn,"['PathWave_Trial_Request', 'Keysight_Workshop_RF_Testing', 'Customer']",1
L000703,Kenji Patel,Rayth_Tech,Automotive,LATAM,5G Testbeds,Email Campaign,['Customer'],1
L000704,Sofia Garcia,Sony_Tech,Automotive,LATAM,,Website,"['Application_Engineer_Call', 'Keysight_Workshop_RF_Testing', 'Application_Engineer_Call', 'Opportunity', 'Lab_Integration_Discussion', 'No_Conversion']",0
L000705,,NXPSe_Tech,,,,Sales Outreach,"['Application_Engineer_Call', 'Technical_Demo', 'MQL', 'AutoSens_Tech_Talk', 'Opportunity', 'Keysight_Workshop_RF_Testing', 'Loaner_Unit_Evaluation', 'No_Conversion']",0
L000706,Laura Khan,Bosch GmbH,,APAC,Oscilloscopes,Webinar,"['Loaner_Unit_Evaluation', 'No_Conversion']",0
L000707,Ahmed Johnson,Infineon,,LATAM,PathWave Software,Webinar,"['Website_Product_Page', 'Website_Product_Page', 'LinkedIn_Ad_Click', 'SQL', 'AutoSens_Tech_Talk', 'Loaner_Unit_Evaluation', 'Loaner_Unit_Evaluation', 'Whitepaper_Download_5G_Test', 'Customer']",1
L000708,Kenji Chen,NXP Semiconductors,Electronics,Europe,PathWave Software,,"['Whitepaper_Download_5G_Test', 'Technical_Demo', 'AutoSens_Tech_Talk', 'Customer']",1
L000709,Sofia Chen,Infineon,Semiconductor,APAC,PathWave Software,Email Campaign,"['Opportunity', 'Opportunity', 'MQL', 'Application_Engineer_Call', 'Application_Engineer_Call', 'Customer']",1
L000710,Ravi Williams,Tesla_Tech,Automotive,,PathWave Software,Website,"['LinkedIn_Ad_Click', 'Oscilloscope_Selector_Tool', 'Website_Product_Page', 'Technical_Demo', 'Opportunity', 'No_Conversion']",0
L000711,Kenji Chen,Tesla Energy,Automotive,,Automotive Ethernet,,"['Opportunity', 'LinkedIn_Ad_Click', 'SQL', 'DesignCon_Booth_Visit', 'Technical_Demo', 'Loaner_Unit_Evaluation', 'PathWave_Trial_Request', 'IMS_Badge_Scan', 'SQL', 'Customer']",1
L000712,,Infineon,Semiconductor,Europe,,Event,"['Keysight_Workshop_RF_Testing', 'Keysight_Workshop_RF_Testing', 'Oscilloscope_Selector_Tool', 'Technical_Demo', 'SQL', 'Whitepaper_Download_5G_Test', 'Keysight_University_Course', 'Lab_Integration_Discussion', 'Technical_Demo', 'Customer']",1
L000713,Chen Khan,Sony,Automotive,North America,Automotive Ethernet,Sales Outreach,"['Keysight_University_Course', 'LinkedIn_Ad_Click', 'Lab_Integration_Discussion', 'No_Conversion']",0
L000714,Ravi Ito,NXPSe_Tech,Telecom,,Oscilloscopes,Sales Outreach,"['PathWave_Trial_Request', 'Application_Engineer_Call', 'Website_Product_Page', 'Whitepaper_Download_5G_Test', 'LinkedIn_Ad_Click', 'Website_Product_Page', 'Keysight_University_Course', 'No_Conversion']",0
L000715,Daniel Martinez,Infineon GmbH,Automotive,North America,PathWave Software,,"['Application_Engineer_Call', 'PathWave_Trial_Request', 'AutoSens_Tech_Talk', 'LinkedIn_Ad_Click', 'Oscilloscope_Selector_Tool', 'Keysight_University_Course', 'Whitepaper_Download_5G_Test', 'LinkedIn_Ad_Click', 'Keysight_University_Course', 'No_Conversion']",0
L000716,Ahmed Ito,Samsu_Tech,Automotive,,,Webinar,"['Keysight_University_Course', 'Whitepaper_Download_5G_Test', 'Keysight_Workshop_RF_Testing', 'Technical_Demo', 'Application_Engineer_Call', 'Opportunity', 'Keysight_Workshop_RF_Testing', 'SQL', 'Customer']",1
L000717,Ravi Patel,NXP Semiconductors GmbH,Automotive,,Oscilloscopes,LinkedIn,['Customer'],1
L000718,,,Electronics,,5G Testbeds,Website,"['Loaner_Unit_Evaluation', 'Keysight_University_Course', 'Lab_Integration_Discussion', 'No_Conversion']",0
L000719,Michael Singh,Bosch,Telecom,,,Webinar,"['Oscilloscope_Selector_Tool', 'AutoSens_Tech_Talk', 'Technical_Demo', 'Whitepaper_Download_5G_Test', 'Customer']",1
L000720,Laura Singh,Tesla_Tech,Semiconductor,LATAM,,LinkedIn,['No_Conversion'],0
L000721,Priya Lee,Broadcom,,,PathWave Software,Website,"['Lab_Integration_Discussion', 'PathWave_Trial_Request', 'Keysight_University_Course', 'DesignCon_Booth_Visit', 'Whitepaper_Download_5G_Test', 'LinkedIn_Ad_Click', 'Technical_Demo', 'Customer']",1
L000722,Michael Patel,Infineon,,Europe,,Webinar,"['DesignCon_Booth_Visit', 'IMS_Badge_Scan', 'DesignCon_Booth_Visit', 'DesignCon_Booth_Visit', 'Whitepaper_Download_5G_Test', 'Oscilloscope_Selector_Tool', 'IMS_Badge_Scan', 'No_Conversion']",0
L000723,Sarah Garcia,Qualcomm,,LATAM,,Event,"['PathWave_Trial_Request', 'Loaner_Unit_Evaluation', 'AutoSens_Tech_Talk', 'Keysight_Workshop_RF_Testing', 'Customer']",1
L000724,Maria Williams,Infineon,,Europe,Automotive Ethernet,Website,"['AutoSens_Tech_Talk', 'PathWave_Trial_Request', 'MQL', 'PathWave_Trial_Request', 'PathWave_Trial_Request', 'No_Conversion']",0
L000725,Priya Singh,Meta Connectivity Labs GmbH,Automotive,APAC,,Email Campaign,"['Keysight_Workshop_RF_Testing', 'Whitepaper_Download_5G_Test', 'SQL', 'IMS_Badge_Scan', 'Opportunity', 'Whitepaper_Download_5G_Test', 'Opportunity', 'DesignCon_Booth_Visit', 'Keysight_Workshop_RF_Testing', 'Loaner_Unit_Evaluation', 'Customer']",1
L000726,Priya Singh,,Electronics,North America,PathWave Software,Webinar,"['PathWave_Trial_Request', 'Website_Product_Page', 'AutoSens_Tech_Talk', 'AutoSens_Tech_Talk', 'AutoSens_Tech_Talk', 'Application_Engineer_Call', 'No_Conversion']",0
L000727,Daniel Tanaka,Tesla Energy GmbH,,Europe,,Website,"['Opportunity', 'Lab_Integration_Discussion', 'No_Conversion']",0
L000728,Ravi Tanaka,Sony,,LATAM,,LinkedIn,"['LinkedIn_Ad_Click', 'No_Conversion']",0
L000729,Sarah Chen,MetaC_Tech,,,Oscilloscopes,Event,"['SQL', 'Whitepaper_Download_5G_Test', 'MQL', 'Website_Product_Page', 'No_Conversion']",0
L000730,Ravi Singh,Infineon GmbH,Aerospace,North America,PathWave Software,Email Campaign,"['Website_Product_Page', 'Loaner_Unit_Evaluation', 'SQL', 'Customer']",1
L000731,Priya Williams,Tesla Energy,,North America,,Email Campaign,"['SQL', 'Oscilloscope_Selector_Tool', 'No_Conversion']",0
L000732,Ravi Williams,MetaC_Tech,Telecom,,,LinkedIn,['Customer'],1
L000733,Chen Khan,Tesla Energy,Automotive,APAC,Automotive Ethernet,Email Campaign,"['PathWave_Trial_Request', 'Whitepaper_Download_5G_Test', 'SQL', 'AutoSens_Tech_Talk', 'SQL', 'Technical_Demo', 'No_Conversion']",0
L000734,,Raytheon,,LATAM,5G Testbeds,LinkedIn,"['AutoSens_Tech_Talk', 'MQL', 'MQL', 'Lab_Integration_Discussion', 'Technical_Demo', 'Customer']",1
L000735,Michael Johnson,NXP Semiconductors,Automotive,,,Website,"['Application_Engineer_Call', 'PathWave_Trial_Request', 'Keysight_University_Course', 'LinkedIn_Ad_Click', 'Whitepaper_Download_5G_Test', 'PathWave_Trial_Request', 'Whitepaper_Download_5G_Test', 'IMS_Badge_Scan', 'Website_Product_Page', 'No_Conversion']",0
L000736,Daniel Patel,MetaC_Tech,Electronics,,PathWave Software,Event,"['AutoSens_Tech_Talk', 'Whitepaper_Download_5G_Test', 'Keysight_Workshop_RF_Testing', 'MQL', 'IMS_Badge_Scan', 'Keysight_University_Course', 'SQL', 'Customer']",1
L000737,Daniel Martinez,,Telecom,Europe,PathWave Software,Website,"['AutoSens_Tech_Talk', 'Opportunity', 'Opportunity', 'PathWave_Trial_Request', 'No_Conversion']",0
L000738,Ahmed Ito,Samsung Electronics,Telecom,LATAM,PathWave Software,LinkedIn,"['Keysight_University_Course', 'DesignCon_Booth_Visit', 'Opportunity', 'Website_Product_Page', 'IMS_Badge_Scan', 'Whitepaper_Download_5G_Test', 'Application_Engineer_Call', 'No_Conversion']",0
L000739,Chen Garcia,NXP Semiconductors,Electronics,LATAM,Oscilloscopes,Website,"['Whitepaper_Download_5G_Test', 'Technical_Demo', 'Keysight_Workshop_RF_Testing', 'DesignCon_Booth_Visit', 'LinkedIn_Ad_Click', 'SQL', 'DesignCon_Booth_Visit', 'Whitepaper_Download_5G_Test', 'Application_Engineer_Call', 'No_Conversion']",0
L000740,Maria Tanaka,,,North America,,LinkedIn,"['DesignCon_Booth_Visit', 'AutoSens_Tech_Talk', 'DesignCon_Booth_Visit', 'Customer']",1
L000741,Hiroshi Anders,,Automotive,North America,,LinkedIn,"['Whitepaper_Download_5G_Test', 'Whitepaper_Download_5G_Test', 'LinkedIn_Ad_Click', 'Keysight_Workshop_RF_Testing', 'Loaner_Unit_Evaluation', 'Whitepaper_Download_5G_Test', 'Customer']",1
L000742,Laura Chen,Infineon,Semiconductor,LATAM,Oscilloscopes,LinkedIn,['No_Conversion'],0
L000743,Kenji Chen,Rayth_Tech,Electronics,North America,,Website,"['AutoSens_Tech_Talk', 'No_Conversion']",0
L000744,Maria Johnson,Broad_Tech,,,Oscilloscopes,Sales Outreach,"['PathWave_Trial_Request', 'Oscilloscope_Selector_Tool', 'Lab_Integration_Discussion', 'Website_Product_Page', 'Website_Product_Page', 'LinkedIn_Ad_Click', 'No_Conversion']",0
L000745,Chen Lee,Qualcomm GmbH,Electronics,APAC,,Webinar,"['Oscilloscope_Selector_Tool', 'Keysight_Workshop_RF_Testing', 'Lab_Integration_Discussion', 'PathWave_Trial_Request', 'Keysight_Workshop_RF_Testing', 'Customer']",1
L000746,Ahmed Johnson,Tesla Energy GmbH,,APAC,,Webinar,"['Application_Engineer_Call', 'Lab_Integration_Discussion', 'DesignCon_Booth_Visit', 'MQL', 'PathWave_Trial_Request', 'LinkedIn_Ad_Click', 'IMS_Badge_Scan', 'Lab_Integration_Discussion', 'Customer']",1
L000747,Ahmed Johnson,Bosch_Tech,Telecom,,PathWave Software,Sales Outreach,"['Lab_Integration_Discussion', 'Technical_Demo', 'Keysight_University_Course', 'Lab_Integration_Discussion', 'No_Conversion']",0
L000748,Maria Johnson,NXP Semiconductors,Semiconductor,North America,5G Testbeds,Sales Outreach,"['AutoSens_Tech_Talk', 'MQL', 'DesignCon_Booth_Visit', 'Keysight_Workshop_RF_Testing', 'Customer']",1
L000749,Michael Chen,Samsu_Tech,Aerospace,Europe,Automotive Ethernet,Event,['No_Conversion'],0
L000750,Sarah Ito,Sony,Aerospace,,PathWave Software,Email Campaign,"['Whitepaper_Download_5G_Test', 'SQL', 'MQL', 'MQL', 'Lab_Integration_Discussion', 'IMS_Badge_Scan', 'No_Conversion']",0
L000751,Daniel Anders,Samsung Electronics GmbH,Semiconductor,,5G Testbeds,Webinar,"['SQL', 'Application_Engineer_Call', 'Whitepaper_Download_5G_Test', 'Lab_Integration_Discussion', 'Whitepaper_Download_5G_Test', 'Technical_Demo', 'DesignCon_Booth_Visit', 'MQL', 'Website_Product_Page', 'SQL', 'Customer']",1
L000752,Kenji Patel,Qualcomm,Aerospace,,,LinkedIn,"['Oscilloscope_Selector_Tool', 'DesignCon_Booth_Visit', 'Loaner_Unit_Evaluation', 'AutoSens_Tech_Talk', 'Keysight_University_Course', 'No_Conversion']",0
L000753,,,,,,Sales Outreach,"['PathWave_Trial_Request', 'Keysight_University_Course', 'Keysight_Workshop_RF_Testing', 'Application_Engineer_Call', 'Application_Engineer_Call', 'PathWave_Trial_Request', 'Technical_Demo', 'LinkedIn_Ad_Click', 'Keysight_University_Course', 'Whitepaper_Download_5G_Test', 'Customer']",1
L000754,Sofia Lee,Raytheon,Automotive,,,Email Campaign,"['AutoSens_Tech_Talk', 'MQL', 'Opportunity', 'Oscilloscope_Selector_Tool', 'Customer']",1
L000755,Kenji Garcia,,Electronics,LATAM,,Sales Outreach,"['Lab_Integration_Discussion', 'LinkedIn_Ad_Click', 'Customer']",1
L000756,Ravi Singh,Bosch_Tech,,Europe,,Webinar,"['IMS_Badge_Scan', 'MQL', 'Lab_Integration_Discussion', 'SQL', 'AutoSens_Tech_Talk', 'DesignCon_Booth_Visit', 'Keysight_University_Course', 'Customer']",1
L000757,,Meta Connectivity Labs,Semiconductor,,Oscilloscopes,Event,"['SQL', 'Keysight_Workshop_RF_Testing', 'Loaner_Unit_Evaluation', 'Keysight_University_Course', 'AutoSens_Tech_Talk', 'No_Conversion']",0
L000758,Michael Khan,Infin_Tech,Telecom,APAC,Automotive Ethernet,Webinar,"['Opportunity', 'No_Conversion']",0
L000759,Chen Garcia,Samsu_Tech,Semiconductor,,,,"['Technical_Demo', 'AutoSens_Tech_Talk', 'Customer']",1
L000760,Chen Chen,,,LATAM,PathWave Software,Event,"['Technical_Demo', 'No_Conversion']",0
L000761,Maria Lee,Infineon,,APAC,Oscilloscopes,Sales Outreach,"['IMS_Badge_Scan', 'MQL', 'Opportunity', 'Keysight_Workshop_RF_Testing', 'DesignCon_Booth_Visit', 'Oscilloscope_Selector_Tool', 'SQL', 'Keysight_Workshop_RF_Testing', 'LinkedIn_Ad_Click', 'No_Conversion']",0
L000762,,Meta Connectivity Labs,Aerospace,,,Event,"['Whitepaper_Download_5G_Test', 'Application_Engineer_Call', 'Customer']",1
L000763,Priya Williams,Infineon GmbH,,Europe,Automotive Ethernet,Website,"['Application_Engineer_Call', 'LinkedIn_Ad_Click', 'DesignCon_Booth_Visit', 'MQL', 'Opportunity', 'PathWave_Trial_Request', 'Customer']",1
L000764,Sofia Lee,Broadcom GmbH,Aerospace,APAC,PathWave Software,Sales Outreach,"['IMS_Badge_Scan', 'PathWave_Trial_Request', 'DesignCon_Booth_Visit', 'Keysight_Workshop_RF_Testing', 'No_Conversion']",0
L000765,Sarah Garcia,Qualc_Tech,Electronics,Europe,Oscilloscopes,Webinar,"['MQL', 'No_Conversion']",0
L000766,Sofia Ito,,Telecom,,Automotive Ethernet,Webinar,"['IMS_Badge_Scan', 'Lab_Integration_Discussion', 'LinkedIn_Ad_Click', 'Oscilloscope_Selector_Tool', 'DesignCon_Booth_Visit', 'Opportunity', 'Website_Product_Page', 'Lab_Integration_Discussion', 'LinkedIn_Ad_Click', 'Whitepaper_Download_5G_Test', 'Customer']",1
L000767,Ahmed Patel,Qualcomm GmbH,Electronics,LATAM,Oscilloscopes,Sales Outreach,"['Oscilloscope_Selector_Tool', 'Opportunity', 'No_Conversion']",0
L000768,Kenji Johnson,Raytheon GmbH,,,,Webinar,"['MQL', 'Oscilloscope_Selector_Tool', 'AutoSens_Tech_Talk', 'Opportunity', 'MQL', 'No_Conversion']",0
L000769,Maria Chen,Sony,Telecom,,PathWave Software,Webinar,"['PathWave_Trial_Request', 'Opportunity', 'DesignCon_Booth_Visit', 'PathWave_Trial_Request', 'Loaner_Unit_Evaluation', 'Keysight_University_Course', 'MQL', 'No_Conversion']",0
L000770,Daniel Singh,Bosch_Tech,,LATAM,,Email Campaign,['No_Conversion'],0
L000771,Michael Chen,Samsu_Tech,Electronics,APAC,,Webinar,"['Whitepaper_Download_5G_Test', 'MQL', 'Website_Product_Page', 'Oscilloscope_Selector_Tool', 'Technical_Demo', 'Whitepaper_Download_5G_Test', 'No_Conversion']",0
L000772,Chen Tanaka,Infineon GmbH,Aerospace,,Oscilloscopes,Event,"['PathWave_Trial_Request', 'Oscilloscope_Selector_Tool', 'Technical_Demo', 'No_Conversion']",0
L000773,Hiroshi Johnson,Raytheon GmbH,,North America,Oscilloscopes,Sales Outreach,"['Website_Product_Page', 'Keysight_Workshop_RF_Testing', 'PathWave_Trial_Request', 'No_Conversion']",0
L000774,Michael Patel,MetaC_Tech,Automotive,,,Website,"['Oscilloscope_Selector_Tool', 'No_Conversion']",0
L000775,Sarah Patel,,Automotive,,,Sales Outreach,"['MQL', 'LinkedIn_Ad_Click', 'MQL', 'Customer']",1
L000776,Daniel Singh,,Semiconductor,,,LinkedIn,"['Website_Product_Page', 'Customer']",1
L000777,Daniel Ito,Sony_Tech,Automotive,,Automotive Ethernet,Website,"['Lab_Integration_Discussion', 'SQL', 'Whitepaper_Download_5G_Test', 'No_Conversion']",0
L000778,Priya Lee,Tesla Energy GmbH,,APAC,PathWave Software,,"['LinkedIn_Ad_Click', 'AutoSens_Tech_Talk', 'Opportunity', 'IMS_Badge_Scan', 'IMS_Badge_Scan', 'Opportunity', 'SQL', 'Lab_Integration_Discussion', 'Lab_Integration_Discussion', 'No_Conversion']",0
L000779,Kenji Singh,Bosch_Tech,Automotive,LATAM,Automotive Ethernet,Event,"['DesignCon_Booth_Visit', 'Customer']",1
L000780,,Qualc_Tech,,,,Sales Outreach,"['AutoSens_Tech_Talk', 'Keysight_Workshop_RF_Testing', 'IMS_Badge_Scan', 'SQL', 'Keysight_University_Course', 'LinkedIn_Ad_Click', 'IMS_Badge_Scan', 'SQL', 'LinkedIn_Ad_Click', 'No_Conversion']",0
L000781,Ravi Khan,,,Europe,,Email Campaign,"['PathWave_Trial_Request', 'DesignCon_Booth_Visit', 'No_Conversion']",0
L000782,,Meta Connectivity Labs,,,Automotive Ethernet,Website,"['Technical_Demo', 'Application_Engineer_Call', 'IMS_Badge_Scan', 'PathWave_Trial_Request', 'No_Conversion']",0
L000783,Chen Johnson,,,North America,5G Testbeds,Event,"['PathWave_Trial_Request', 'AutoSens_Tech_Talk', 'AutoSens_Tech_Talk', 'AutoSens_Tech_Talk', 'Keysight_Workshop_RF_Testing', 'Customer']",1
L000784,Laura Garcia,Infineon,,North America,Automotive Ethernet,Webinar,"['Website_Product_Page', 'Keysight_Workshop_RF_Testing', 'MQL', 'LinkedIn_Ad_Click', 'Website_Product_Page', 'SQL', 'Application_Engineer_Call', 'No_Conversion']",0
L000785,Chen Singh,Samsung Electronics GmbH,,Europe,Automotive Ethernet,Webinar,"['LinkedIn_Ad_Click', 'PathWave_Trial_Request', 'PathWave_Trial_Request', 'Keysight_Workshop_RF_Testing', 'No_Conversion']",0
L000786,Sofia Ito,Samsung Electronics,Semiconductor,,,,"['Website_Product_Page', 'Website_Product_Page', 'Application_Engineer_Call', 'MQL', 'No_Conversion']",0
L000787,Michael Tanaka,Infin_Tech,,LATAM,PathWave Software,Website,"['Website_Product_Page', 'Technical_Demo', 'No_Conversion']",0
L000788,,Raytheon,Electronics,,PathWave Software,,"['Opportunity', 'SQL', 'Technical_Demo', 'Customer']",1
L000789,Michael Ito,Qualc_Tech,,LATAM,,LinkedIn,"['AutoSens_Tech_Talk', 'LinkedIn_Ad_Click', 'MQL', 'Website_Product_Page', 'Oscilloscope_Selector_Tool', 'Keysight_Workshop_RF_Testing', 'AutoSens_Tech_Talk', 'MQL', 'Opportunity', 'Keysight_University_Course', 'No_Conversion']",0
L000790,Sarah Ito,Qualcomm,Electronics,North America,Oscilloscopes,Webinar,"['MQL', 'Lab_Integration_Discussion', 'Oscilloscope_Selector_Tool', 'Keysight_University_Course', 'LinkedIn_Ad_Click', 'Customer']",1
L000791,Maria Garcia,,Electronics,LATAM,5G Testbeds,Sales Outreach,"['SQL', 'DesignCon_Booth_Visit', 'Loaner_Unit_Evaluation', 'PathWave_Trial_Request', 'LinkedIn_Ad_Click', 'Opportunity', 'Customer']",1
L000792,Ahmed Khan,Raytheon,Semiconductor,LATAM,Automotive Ethernet,Website,"['Oscilloscope_Selector_Tool', 'SQL', 'PathWave_Trial_Request', 'DesignCon_Booth_Visit', 'Keysight_Workshop_RF_Testing', 'Loaner_Unit_Evaluation', 'PathWave_Trial_Request', 'PathWave_Trial_Request', 'Website_Product_Page', 'No_Conversion']",0
L000793,Kenji Martinez,Bosch,Automotive,APAC,,Sales Outreach,"['DesignCon_Booth_Visit', 'LinkedIn_Ad_Click', 'LinkedIn_Ad_Click', 'AutoSens_Tech_Talk', 'SQL', 'No_Conversion']",0
L000794,Sofia Anders,NXPSe_Tech,Semiconductor,North America,,Email Campaign,"['MQL', 'DesignCon_Booth_Visit', 'MQL', 'PathWave_Trial_Request', 'Application_Engineer_Call', 'No_Conversion']",0
L000795,,Raytheon,Electronics,North America,,LinkedIn,"['Keysight_Workshop_RF_Testing', 'Keysight_Workshop_RF_Testing', 'Whitepaper_Download_5G_Test', 'DesignCon_Booth_Visit', 'Opportunity', 'Whitepaper_Download_5G_Test', 'DesignCon_Booth_Visit', 'Customer']",1
L000796,,Samsung Electronics,,,,LinkedIn,"['LinkedIn_Ad_Click', 'LinkedIn_Ad_Click', 'Keysight_Workshop_RF_Testing', 'Technical_Demo', 'Technical_Demo', 'Keysight_University_Course', 'Whitepaper_Download_5G_Test', 'Whitepaper_Download_5G_Test', 'Customer']",1
L000797,Ahmed Johnson,Bosch,Electronics,,,Event,"['Lab_Integration_Discussion', 'Keysight_University_Course', 'Application_Engineer_Call', 'Whitepaper_Download_5G_Test', 'PathWave_Trial_Request', 'DesignCon_Booth_Visit', 'Application_Engineer_Call', 'Customer']",1
L000798,,Sony_Tech,Automotive,Europe,5G Testbeds,,['Customer'],1
L000799,Daniel Khan,,Automotive,Europe,PathWave Software,Webinar,"['Keysight_Workshop_RF_Testing', 'PathWave_Trial_Request', 'SQL', 'DesignCon_Booth_Visit', 'Opportunity', 'Keysight_Workshop_RF_Testing', 'Lab_Integration_Discussion', 'Customer']",1
L000800,,Bosch_Tech,,LATAM,,,"['Oscilloscope_Selector_Tool', 'Lab_Integration_Discussion', 'No_Conversion']",0
L000801,Michael Johnson,Qualc_Tech,,,5G Testbeds,Webinar,"['SQL', 'AutoSens_Tech_Talk', 'Opportunity', 'IMS_Badge_Scan', 'Opportunity', 'LinkedIn_Ad_Click', 'Opportunity', 'LinkedIn_Ad_Click', 'MQL', 'Opportunity', 'No_Conversion']",0
L000802,Priya Lee,Samsung Electronics GmbH,,,5G Testbeds,Sales Outreach,"['Keysight_University_Course', 'Oscilloscope_Selector_Tool', 'Lab_Integration_Discussion', 'IMS_Badge_Scan', 'PathWave_Trial_Request', 'SQL', 'No_Conversion']",0
L000803,,Qualcomm GmbH,Aerospace,,,Website,"['PathWave_Trial_Request', 'Opportunity', 'Opportunity', 'Website_Product_Page', 'No_Conversion']",0
L000804,Laura Johnson,Raytheon,Semiconductor,LATAM,,LinkedIn,"['IMS_Badge_Scan', 'LinkedIn_Ad_Click', 'IMS_Badge_Scan', 'SQL', 'No_Conversion']",0
L000805,Ahmed Martinez,Qualcomm,Aerospace,,,Event,"['Application_Engineer_Call', 'Opportunity', 'MQL', 'MQL', 'PathWave_Trial_Request', 'Website_Product_Page', 'LinkedIn_Ad_Click', 'Whitepaper_Download_5G_Test', 'Keysight_Workshop_RF_Testing', 'Customer']",1
L000806,Kenji Patel,,Aerospace,APAC,PathWave Software,LinkedIn,"['MQL', 'IMS_Badge_Scan', 'No_Conversion']",0
L000807,Ravi Tanaka,,Semiconductor,APAC,PathWave Software,Sales Outreach,"['Opportunity', 'Application_Engineer_Call', 'AutoSens_Tech_Talk', 'PathWave_Trial_Request', 'Customer']",1
L000808,Ahmed Williams,Sony_Tech,Telecom,North America,Oscilloscopes,Event,"['SQL', 'Application_Engineer_Call', 'Oscilloscope_Selector_Tool', 'Customer']",1
L000809,Hiroshi Khan,,,APAC,,Sales Outreach,"['IMS_Badge_Scan', 'SQL', 'PathWave_Trial_Request', 'Keysight_Workshop_RF_Testing', 'Website_Product_Page', 'Oscilloscope_Selector_Tool', 'AutoSens_Tech_Talk', 'Customer']",1
L000810,Ravi Singh,Broad_Tech,Telecom,,PathWave Software,Webinar,"['IMS_Badge_Scan', 'LinkedIn_Ad_Click', 'Opportunity', 'Customer']",1
L000811,,,Electronics,LATAM,Automotive Ethernet,Sales Outreach,"['MQL', 'Loaner_Unit_Evaluation', 'DesignCon_Booth_Visit', 'Oscilloscope_Selector_Tool', 'Keysight_Workshop_RF_Testing', 'Customer']",1
L000812,Sofia Williams,Sony_Tech,Telecom,Europe,Oscilloscopes,LinkedIn,"['AutoSens_Tech_Talk', 'Technical_Demo', 'Technical_Demo', 'Opportunity', 'DesignCon_Booth_Visit', 'Keysight_University_Course', 'LinkedIn_Ad_Click', 'No_Conversion']",0
L000813,Michael Tanaka,Bosch_Tech,Automotive,LATAM,5G Testbeds,Event,"['DesignCon_Booth_Visit', 'Website_Product_Page', 'No_Conversion']",0
L000814,Hiroshi Tanaka,,,,5G Testbeds,Email Campaign,"['Website_Product_Page', 'MQL', 'IMS_Badge_Scan', 'AutoSens_Tech_Talk', 'Oscilloscope_Selector_Tool', 'AutoSens_Tech_Talk', 'Customer']",1
L000815,Ravi Patel,Meta Connectivity Labs,,APAC,5G Testbeds,Email Campaign,"['IMS_Badge_Scan', 'Opportunity', 'Oscilloscope_Selector_Tool', 'No_Conversion']",0
L000816,Laura Anders,Raytheon GmbH,,,,Webinar,"['PathWave_Trial_Request', 'Keysight_Workshop_RF_Testing', 'Lab_Integration_Discussion', 'AutoSens_Tech_Talk', 'Application_Engineer_Call', 'Keysight_Workshop_RF_Testing', 'Oscilloscope_Selector_Tool', 'DesignCon_Booth_Visit', 'Customer']",1
L000817,Sofia Garcia,Samsung Electronics GmbH,,APAC,,Event,"['Oscilloscope_Selector_Tool', 'No_Conversion']",0
L000818,Daniel Garcia,Rayth_Tech,,North America,,LinkedIn,['Customer'],1
L000819,Maria Ito,Broadcom,Automotive,,PathWave Software,Event,"['Keysight_Workshop_RF_Testing', 'SQL', 'Oscilloscope_Selector_Tool', 'No_Conversion']",0
L000820,Sofia Williams,Meta Connectivity Labs,Telecom,,,Website,"['LinkedIn_Ad_Click', 'Opportunity', 'Technical_Demo', 'Customer']",1
L000821,Sarah Khan,,,LATAM,Oscilloscopes,Email Campaign,"['Whitepaper_Download_5G_Test', 'No_Conversion']",0
L000822,Kenji Ito,Sony,Aerospace,APAC,Automotive Ethernet,LinkedIn,"['IMS_Badge_Scan', 'Oscilloscope_Selector_Tool', 'Application_Engineer_Call', 'Website_Product_Page', 'DesignCon_Booth_Visit', 'AutoSens_Tech_Talk', 'MQL', 'Oscilloscope_Selector_Tool', 'Keysight_Workshop_RF_Testing', 'Customer']",1
L000823,,Bosch_Tech,,North America,,LinkedIn,"['MQL', 'Customer']",1
L000824,Hiroshi Martinez,Infineon GmbH,,North America,,Webinar,"['Technical_Demo', 'Customer']",1
L000825,Daniel Williams,Rayth_Tech,Automotive,,Oscilloscopes,Email Campaign,['Customer'],1
L000826,,Qualcomm,Electronics,Europe,5G Testbeds,Webinar,['No_Conversion'],0
L000827,Daniel Ito,Sony,,LATAM,Oscilloscopes,,"['Keysight_University_Course', 'IMS_Badge_Scan', 'Keysight_Workshop_RF_Testing', 'No_Conversion']",0
L000828,Sofia Martinez,,Aerospace,APAC,PathWave Software,LinkedIn,"['IMS_Badge_Scan', 'Technical_Demo', 'LinkedIn_Ad_Click', 'Keysight_University_Course', 'IMS_Badge_Scan', 'SQL', 'Opportunity', 'MQL', 'Keysight_Workshop_RF_Testing', 'Customer']",1
L000829,Maria Tanaka,Raytheon,Electronics,LATAM,,Sales Outreach,"['Whitepaper_Download_5G_Test', 'Whitepaper_Download_5G_Test', 'Application_Engineer_Call', 'SQL', 'PathWave_Trial_Request', 'Customer']",1
L000830,Michael Anders,Broadcom,,,Oscilloscopes,,"['Technical_Demo', 'No_Conversion']",0
L000831,Daniel Martinez,Sony GmbH,,Europe,,Webinar,"['Keysight_University_Course', 'DesignCon_Booth_Visit', 'Opportunity', 'Opportunity', 'Opportunity', 'Customer']",1
L000832,Sofia Singh,Tesla Energy GmbH,Electronics,Europe,PathWave Software,,"['Whitepaper_Download_5G_Test', 'Lab_Integration_Discussion', 'Application_Engineer_Call', 'No_Conversion']",0
L000833,Maria Khan,Bosch GmbH,Electronics,APAC,PathWave Software,Website,"['SQL', 'IMS_Badge_Scan', 'Keysight_University_Course', 'SQL', 'IMS_Badge_Scan', 'Lab_Integration_Discussion', 'MQL', 'Opportunity', 'No_Conversion']",0
L000834,Daniel Anders,Raytheon,Automotive,North America,,LinkedIn,"['AutoSens_Tech_Talk', 'Website_Product_Page', 'PathWave_Trial_Request', 'No_Conversion']",0
L000835,Sofia Lee,Infineon,Semiconductor,,Automotive Ethernet,Sales Outreach,"['Oscilloscope_Selector_Tool', 'Keysight_Workshop_RF_Testing', 'Opportunity', 'IMS_Badge_Scan', 'Application_Engineer_Call', 'Technical_Demo', 'No_Conversion']",0
L000836,Laura Khan,NXPSe_Tech,,,,Sales Outreach,['No_Conversion'],0
L000837,Michael Patel,Raytheon,Semiconductor,,Oscilloscopes,Event,"['Keysight_University_Course', 'SQL', 'Oscilloscope_Selector_Tool', 'Keysight_Workshop_RF_Testing', 'Oscilloscope_Selector_Tool', 'SQL', 'No_Conversion']",0
L000838,Chen Martinez,NXP Semiconductors GmbH,Semiconductor,Europe,Automotive Ethernet,,"['Keysight_University_Course', 'Opportunity', 'Application_Engineer_Call', 'Customer']",1
L000839,Daniel Ito,,Electronics,,5G Testbeds,,"['MQL', 'SQL', 'Loaner_Unit_Evaluation', 'Website_Product_Page', 'No_Conversion']",0
L000840,Kenji Singh,Infin_Tech,Automotive,LATAM,,Website,"['Oscilloscope_Selector_Tool', 'No_Conversion']",0
L000841,Ravi Khan,,Aerospace,,,Event,"['PathWave_Trial_Request', 'Customer']",1
L000842,Sarah Tanaka,MetaC_Tech,Aerospace,North America,5G Testbeds,LinkedIn,"['Loaner_Unit_Evaluation', 'Loaner_Unit_Evaluation', 'Loaner_Unit_Evaluation', 'Whitepaper_Download_5G_Test', 'Opportunity', 'Opportunity', 'Oscilloscope_Selector_Tool', 'No_Conversion']",0
L000843,Laura Williams,Broadcom GmbH,,North America,5G Testbeds,Email Campaign,['Customer'],1
L000844,Maria Khan,Raytheon GmbH,,,Automotive Ethernet,Event,"['Keysight_University_Course', 'Opportunity', 'AutoSens_Tech_Talk', 'Customer']",1
L000845,,,Electronics,,,Email Campaign,"['AutoSens_Tech_Talk', 'Lab_Integration_Discussion', 'Application_Engineer_Call', 'Customer']",1
L000846,Maria Singh,Infineon GmbH,,APAC,,Sales Outreach,"['AutoSens_Tech_Talk', 'Application_Engineer_Call', 'Lab_Integration_Discussion', 'Keysight_University_Course', 'Loaner_Unit_Evaluation', 'LinkedIn_Ad_Click', 'SQL', 'Website_Product_Page', 'PathWave_Trial_Request', 'Customer']",1
L000847,Michael Williams,Bosch,,LATAM,5G Testbeds,LinkedIn,"['IMS_Badge_Scan', 'Loaner_Unit_Evaluation', 'Whitepaper_Download_5G_Test', 'Website_Product_Page', 'No_Conversion']",0
L000848,Michael Garcia,,Semiconductor,LATAM,5G Testbeds,Event,"['Keysight_University_Course', 'Customer']",1
L000849,Michael Lee,Raytheon,Aerospace,APAC,PathWave Software,LinkedIn,"['Technical_Demo', 'Oscilloscope_Selector_Tool', 'IMS_Badge_Scan', 'LinkedIn_Ad_Click', 'Website_Product_Page', 'Website_Product_Page', 'MQL', 'AutoSens_Tech_Talk', 'No_Conversion']",0
L000850,Priya Patel,,Aerospace,APAC,5G Testbeds,Sales Outreach,"['Website_Product_Page', 'Opportunity', 'DesignCon_Booth_Visit', 'IMS_Badge_Scan', 'MQL', 'MQL', 'SQL', 'DesignCon_Booth_Visit', 'No_Conversion']",0
L000851,Maria Tanaka,,Electronics,North America,5G Testbeds,,"['Whitepaper_Download_5G_Test', 'Customer']",1
L000852,Michael Tanaka,NXP Semiconductors GmbH,Electronics,LATAM,,LinkedIn,"['Loaner_Unit_Evaluation', 'Whitepaper_Download_5G_Test', 'Lab_Integration_Discussion', 'Keysight_Workshop_RF_Testing', 'Customer']",1
L000853,Michael Anders,Bosch,Automotive,North America,,Event,"['PathWave_Trial_Request', 'Technical_Demo', 'MQL', 'Technical_Demo', 'Lab_Integration_Discussion', 'Keysight_University_Course', 'Customer']",1
L000854,,Samsu_Tech,,,,Website,"['Lab_Integration_Discussion', 'SQL', 'AutoSens_Tech_Talk', 'Loaner_Unit_Evaluation', 'LinkedIn_Ad_Click', 'Oscilloscope_Selector_Tool', 'Customer']",1
L000855,Kenji Lee,,Electronics,,,Email Campaign,"['Technical_Demo', 'Whitepaper_Download_5G_Test', 'MQL', 'Technical_Demo', 'PathWave_Trial_Request', 'AutoSens_Tech_Talk', 'No_Conversion']",0
L000856,Sofia Singh,Infin_Tech,Automotive,North America,5G Testbeds,LinkedIn,"['Whitepaper_Download_5G_Test', 'IMS_Badge_Scan', 'Oscilloscope_Selector_Tool', 'AutoSens_Tech_Talk', 'MQL', 'Customer']",1
L000857,Michael Tanaka,Tesla_Tech,Electronics,North America,,Event,"['Opportunity', 'SQL', 'Application_Engineer_Call', 'DesignCon_Booth_Visit', 'SQL', 'Customer']",1
L000858,Sarah Johnson,,Aerospace,APAC,Automotive Ethernet,Webinar,"['Whitepaper_Download_5G_Test', 'Website_Product_Page', 'No_Conversion']",0
L000859,Priya Patel,Meta Connectivity Labs,Telecom,Europe,PathWave Software,Sales Outreach,"['Keysight_Workshop_RF_Testing', 'Lab_Integration_Discussion', 'LinkedIn_Ad_Click', 'MQL', 'Keysight_University_Course', 'No_Conversion']",0
L000860,Kenji Tanaka,,Aerospace,,5G Testbeds,,"['Lab_Integration_Discussion', 'Technical_Demo', 'No_Conversion']",0
L000861,Daniel Chen,Meta Connectivity Labs,Semiconductor,North America,Oscilloscopes,Webinar,"['PathWave_Trial_Request', 'PathWave_Trial_Request', 'Website_Product_Page', 'Customer']",1
L000862,Michael Martinez,Infineon,Semiconductor,Europe,,Email Campaign,"['DesignCon_Booth_Visit', 'DesignCon_Booth_Visit', 'Website_Product_Page', 'AutoSens_Tech_Talk', 'DesignCon_Booth_Visit', 'Oscilloscope_Selector_Tool', 'Whitepaper_Download_5G_Test', 'Whitepaper_Download_5G_Test', 'SQL', 'No_Conversion']",0
L000863,Michael Tanaka,,Electronics,,,Website,['No_Conversion'],0
L000864,Priya Chen,Bosch_Tech,Semiconductor,Europe,,Webinar,['Customer'],1
L000865,Sarah Anders,Qualc_Tech,,,,Email Campaign,"['Website_Product_Page', 'Oscilloscope_Selector_Tool', 'PathWave_Trial_Request', 'Keysight_University_Course', 'IMS_Badge_Scan', 'No_Conversion']",0
L000866,Sarah Patel,NXP Semiconductors,Aerospace,,5G Testbeds,Event,"['SQL', 'Technical_Demo', 'Website_Product_Page', 'Opportunity', 'Lab_Integration_Discussion', 'DesignCon_Booth_Visit', 'Loaner_Unit_Evaluation', 'DesignCon_Booth_Visit', 'LinkedIn_Ad_Click', 'No_Conversion']",0
L000867,Ahmed Tanaka,Meta Connectivity Labs,Telecom,LATAM,Automotive Ethernet,LinkedIn,['No_Conversion'],0
L000868,Ahmed Garcia,Tesla Energy,Electronics,LATAM,,Webinar,"['Opportunity', 'Website_Product_Page', 'Customer']",1
L000869,Chen Patel,Tesla_Tech,Automotive,Europe,,Event,"['Keysight_University_Course', 'Opportunity', 'DesignCon_Booth_Visit', 'Lab_Integration_Discussion', 'No_Conversion']",0
L000870,Laura Lee,Bosch,Electronics,,Oscilloscopes,Sales Outreach,"['Application_Engineer_Call', 'Keysight_University_Course', 'Opportunity', 'Keysight_Workshop_RF_Testing', 'IMS_Badge_Scan', 'AutoSens_Tech_Talk', 'Customer']",1
L000871,Kenji Lee,Infineon,,LATAM,,Email Campaign,['Customer'],1
L000872,Hiroshi Martinez,,Telecom,APAC,Automotive Ethernet,Website,"['SQL', 'AutoSens_Tech_Talk', 'Lab_Integration_Discussion', 'Technical_Demo', 'Keysight_University_Course', 'AutoSens_Tech_Talk', 'Loaner_Unit_Evaluation', 'PathWave_Trial_Request', 'Website_Product_Page', 'Customer']",1
L000873,Hiroshi Anders,Rayth_Tech,,,,Email Campaign,"['Whitepaper_Download_5G_Test', 'Oscilloscope_Selector_Tool', 'Loaner_Unit_Evaluation', 'Whitepaper_Download_5G_Test', 'Lab_Integration_Discussion', 'No_Conversion']",0
L000874,Kenji Tanaka,,Aerospace,,5G Testbeds,Webinar,"['SQL', 'Application_Engineer_Call', 'MQL', 'IMS_Badge_Scan', 'Technical_Demo', 'Technical_Demo', 'IMS_Badge_Scan', 'AutoSens_Tech_Talk', 'No_Conversion']",0
L000875,Michael Singh,Tesla Energy,,APAC,,Email Campaign,"['LinkedIn_Ad_Click', 'Website_Product_Page', 'No_Conversion']",0
L000876,Priya Ito,Bosch_Tech,Telecom,APAC,5G Testbeds,,"['Whitepaper_Download_5G_Test', 'Loaner_Unit_Evaluation', 'Whitepaper_Download_5G_Test', 'Website_Product_Page', 'MQL', 'IMS_Badge_Scan', 'No_Conversion']",0
L000877,Sofia Martinez,Meta Connectivity Labs,Semiconductor,Europe,,Email Campaign,['No_Conversion'],0
L000878,,Samsung Electronics GmbH,,APAC,PathWave Software,Event,"['Lab_Integration_Discussion', 'Website_Product_Page', 'MQL', 'LinkedIn_Ad_Click', 'SQL', 'No_Conversion']",0
L000879,Ahmed Garcia,Bosch,,APAC,PathWave Software,LinkedIn,"['Keysight_University_Course', 'IMS_Badge_Scan', 'Website_Product_Page', 'MQL', 'AutoSens_Tech_Talk', 'Website_Product_Page', 'SQL', 'No_Conversion']",0
L000880,Daniel Khan,Qualc_Tech,Electronics,LATAM,PathWave Software,LinkedIn,"['SQL', 'Keysight_Workshop_RF_Testing', 'No_Conversion']",0
L000881,Hiroshi Johnson,Broad_Tech,Electronics,North America,,Website,"['Keysight_University_Course', 'PathWave_Trial_Request', 'Keysight_Workshop_RF_Testing', 'Customer']",1
L000882,Hiroshi Williams,,,,,LinkedIn,"['Whitepaper_Download_5G_Test', 'IMS_Badge_Scan', 'Keysight_Workshop_RF_Testing', 'Lab_Integration_Discussion', 'Keysight_Workshop_RF_Testing', 'SQL', 'Loaner_Unit_Evaluation', 'Customer']",1
L000883,Ravi Chen,Bosch,Telecom,North America,Automotive Ethernet,Event,"['Loaner_Unit_Evaluation', 'Technical_Demo', 'Keysight_Workshop_RF_Testing', 'Oscilloscope_Selector_Tool', 'Technical_Demo', 'AutoSens_Tech_Talk', 'Website_Product_Page', 'SQL', 'Whitepaper_Download_5G_Test', 'No_Conversion']",0
L000884,Ahmed Lee,,Semiconductor,APAC,PathWave Software,Event,"['LinkedIn_Ad_Click', 'Oscilloscope_Selector_Tool', 'MQL', 'Whitepaper_Download_5G_Test', 'Customer']",1
L000885,Sofia Patel,,Automotive,LATAM,,Webinar,['No_Conversion'],0
L000886,Hiroshi Martinez,Tesla Energy,Telecom,Europe,Automotive Ethernet,Webinar,"['Loaner_Unit_Evaluation', 'Loaner_Unit_Evaluation', 'Website_Product_Page', 'LinkedIn_Ad_Click', 'Application_Engineer_Call', 'MQL', 'Application_Engineer_Call', 'IMS_Badge_Scan', 'Website_Product_Page', 'SQL', 'No_Conversion']",0
L000887,Michael Patel,NXPSe_Tech,,Europe,Oscilloscopes,Sales Outreach,"['MQL', 'Opportunity', 'Loaner_Unit_Evaluation', 'Application_Engineer_Call', 'MQL', 'SQL', 'Whitepaper_Download_5G_Test', 'Lab_Integration_Discussion', 'Opportunity', 'No_Conversion']",0
L000888,,Infineon GmbH,Telecom,North America,5G Testbeds,Email Campaign,"['Oscilloscope_Selector_Tool', 'Keysight_Workshop_RF_Testing', 'IMS_Badge_Scan', 'Whitepaper_Download_5G_Test', 'Keysight_Workshop_RF_Testing', 'Whitepaper_Download_5G_Test', 'Oscilloscope_Selector_Tool', 'No_Conversion']",0
L000889,Sarah Martinez,Meta Connectivity Labs,Electronics,North America,5G Testbeds,Event,"['Loaner_Unit_Evaluation', 'Customer']",1
L000890,Kenji Johnson,Qualcomm GmbH,,North America,5G Testbeds,LinkedIn,"['Whitepaper_Download_5G_Test', 'Lab_Integration_Discussion', 'Application_Engineer_Call', 'Keysight_University_Course', 'Technical_Demo', 'No_Conversion']",0
L000891,Michael Williams,Infin_Tech,Automotive,Europe,,Website,['No_Conversion'],0
L000892,Kenji Garcia,Tesla_Tech,,,Automotive Ethernet,Sales Outreach,"['PathWave_Trial_Request', 'SQL', 'Loaner_Unit_Evaluation', 'Application_Engineer_Call', 'Opportunity', 'Loaner_Unit_Evaluation', 'Opportunity', 'AutoSens_Tech_Talk', 'LinkedIn_Ad_Click', 'Loaner_Unit_Evaluation', 'No_Conversion']",0
L000893,Michael Martinez,Sony GmbH,Electronics,LATAM,,,"['SQL', 'LinkedIn_Ad_Click', 'DesignCon_Booth_Visit', 'Keysight_University_Course', 'No_Conversion']",0
L000894,Laura Singh,NXPSe_Tech,,LATAM,PathWave Software,Event,['No_Conversion'],0
L000895,Ravi Garcia,MetaC_Tech,,LATAM,PathWave Software,,"['AutoSens_Tech_Talk', 'IMS_Badge_Scan', 'SQL', 'Loaner_Unit_Evaluation', 'Opportunity', 'Loaner_Unit_Evaluation', 'LinkedIn_Ad_Click', 'Website_Product_Page', 'MQL', 'MQL', 'No_Conversion']",0
L000896,Maria Chen,Samsung Electronics,Aerospace,North America,Automotive Ethernet,Event,"['SQL', 'No_Conversion']",0
L000897,Daniel Anders,Bosch,,North America,PathWave Software,LinkedIn,"['SQL', 'PathWave_Trial_Request', 'Technical_Demo', 'Customer']",1
L000898,Ravi Patel,Infineon,Aerospace,North America,Automotive Ethernet,Webinar,"['Keysight_Workshop_RF_Testing', 'Lab_Integration_Discussion', 'Opportunity', 'Customer']",1
L000899,Daniel Patel,Raytheon GmbH,Electronics,,Oscilloscopes,Webinar,['Customer'],1
L000900,,Bosch,,,Oscilloscopes,LinkedIn,"['Technical_Demo', 'Oscilloscope_Selector_Tool', 'IMS_Badge_Scan', 'No_Conversion']",0
L000901,Ravi Martinez,Tesla_Tech,Semiconductor,APAC,,Email Campaign,"['Loaner_Unit_Evaluation', 'IMS_Badge_Scan', 'Application_Engineer_Call', 'No_Conversion']",0
L000902,Sarah Tanaka,Meta Connectivity Labs GmbH,,LATAM,PathWave Software,Sales Outreach,"['Opportunity', 'Technical_Demo', 'Application_Engineer_Call', 'Customer']",1
L000903,,Broadcom GmbH,Telecom,LATAM,,Event,['Customer'],1
L000904,Sarah Patel,Sony_Tech,,,,Email Campaign,"['Keysight_Workshop_RF_Testing', 'Lab_Integration_Discussion', 'Lab_Integration_Discussion', 'No_Conversion']",0
L000905,Sofia Johnson,Tesla_Tech,Electronics,,,Website,"['Lab_Integration_Discussion', 'Oscilloscope_Selector_Tool', 'Application_Engineer_Call', 'PathWave_Trial_Request', 'Customer']",1
L000906,Sarah Chen,Meta Connectivity Labs GmbH,Aerospace,LATAM,,Event,"['Keysight_University_Course', 'DesignCon_Booth_Visit', 'Keysight_Workshop_RF_Testing', 'Loaner_Unit_Evaluation', 'Opportunity', 'Customer']",1
L000907,Ravi Chen,Bosch GmbH,Automotive,,PathWave Software,Webinar,"['DesignCon_Booth_Visit', 'Lab_Integration_Discussion', 'Oscilloscope_Selector_Tool', 'Oscilloscope_Selector_Tool', 'Customer']",1
L000908,Chen Chen,,,North America,PathWave Software,Webinar,"['SQL', 'DesignCon_Booth_Visit', 'Whitepaper_Download_5G_Test', 'Application_Engineer_Call', 'Website_Product_Page', 'MQL', 'Keysight_University_Course', 'Keysight_University_Course', 'Customer']",1
L000909,Sarah Khan,,Aerospace,LATAM,Oscilloscopes,LinkedIn,"['Lab_Integration_Discussion', 'DesignCon_Booth_Visit', 'Oscilloscope_Selector_Tool', 'Whitepaper_Download_5G_Test', 'Application_Engineer_Call', 'AutoSens_Tech_Talk', 'Customer']",1
L000910,Hiroshi Garcia,Infin_Tech,,Europe,,Event,"['Oscilloscope_Selector_Tool', 'Keysight_University_Course', 'PathWave_Trial_Request', 'IMS_Badge_Scan', 'Application_Engineer_Call', 'No_Conversion']",0
L000911,Ravi Williams,Broadcom GmbH,Automotive,APAC,Oscilloscopes,Sales Outreach,"['Website_Product_Page', 'Keysight_Workshop_RF_Testing', 'PathWave_Trial_Request', 'Keysight_Workshop_RF_Testing', 'DesignCon_Booth_Visit', 'No_Conversion']",0
L000912,Ravi Patel,,Automotive,North America,Oscilloscopes,Event,"['Technical_Demo', 'Whitepaper_Download_5G_Test', 'Application_Engineer_Call', 'MQL', 'No_Conversion']",0
L000913,Kenji Chen,,,LATAM,5G Testbeds,Webinar,"['Keysight_University_Course', 'SQL', 'Customer']",1
L000914,Daniel Patel,Meta Connectivity Labs,Semiconductor,LATAM,PathWave Software,Event,"['Loaner_Unit_Evaluation', 'Lab_Integration_Discussion', 'Keysight_Workshop_RF_Testing', 'DesignCon_Booth_Visit', 'Lab_Integration_Discussion', 'Customer']",1
L000915,Michael Tanaka,,,,,Sales Outreach,"['Technical_Demo', 'Oscilloscope_Selector_Tool', 'Loaner_Unit_Evaluation', 'Customer']",1
L000916,Laura Patel,Raytheon,Semiconductor,APAC,,Event,"['Application_Engineer_Call', 'MQL', 'Whitepaper_Download_5G_Test', 'Website_Product_Page', 'Loaner_Unit_Evaluation', 'AutoSens_Tech_Talk', 'PathWave_Trial_Request', 'DesignCon_Booth_Visit', 'Oscilloscope_Selector_Tool', 'No_Conversion']",0
L000917,Maria Khan,Bosch_Tech,,,Oscilloscopes,Website,"['Application_Engineer_Call', 'Opportunity', 'Lab_Integration_Discussion', 'Keysight_University_Course', 'SQL', 'Opportunity', 'SQL', 'Opportunity', 'Opportunity', 'Loaner_Unit_Evaluation', 'Customer']",1
L000918,Maria Garcia,,Telecom,,PathWave Software,Sales Outreach,"['IMS_Badge_Scan', 'Loaner_Unit_Evaluation', 'MQL', 'Application_Engineer_Call', 'AutoSens_Tech_Talk', 'Website_Product_Page', 'Customer']",1
L000919,,,Semiconductor,Europe,,LinkedIn,"['Loaner_Unit_Evaluation', 'Loaner_Unit_Evaluation', 'IMS_Badge_Scan', 'LinkedIn_Ad_Click', 'No_Conversion']",0
L000920,Sarah Johnson,Broad_Tech,Automotive,North America,Automotive Ethernet,Event,"['PathWave_Trial_Request', 'Opportunity', 'Customer']",1
L000921,,Qualc_Tech,Automotive,APAC,,Email Campaign,"['Website_Product_Page', 'PathWave_Trial_Request', 'SQL', 'Customer']",1
L000922,Ahmed Khan,,,LATAM,,,"['Whitepaper_Download_5G_Test', 'Whitepaper_Download_5G_Test', 'No_Conversion']",0
L000923,Priya Chen,,Electronics,Europe,,Sales Outreach,"['Loaner_Unit_Evaluation', 'No_Conversion']",0
L000924,Daniel Singh,Qualc_Tech,Automotive,North America,,LinkedIn,"['AutoSens_Tech_Talk', 'Application_Engineer_Call', 'Opportunity', 'Customer']",1
L000925,Chen Johnson,,,LATAM,,Webinar,"['MQL', 'SQL', 'DesignCon_Booth_Visit', 'No_Conversion']",0
L000926,Daniel Lee,Samsu_Tech,Telecom,APAC,5G Testbeds,Website,"['Technical_Demo', 'Technical_Demo', 'Customer']",1
L000927,Sofia Singh,NXPSe_Tech,Telecom,,Oscilloscopes,Email Campaign,"['Opportunity', 'SQL', 'PathWave_Trial_Request', 'DesignCon_Booth_Visit', 'No_Conversion']",0
L000928,Hiroshi Johnson,Infineon GmbH,,Europe,Automotive Ethernet,Sales Outreach,"['Oscilloscope_Selector_Tool', 'IMS_Badge_Scan', 'Loaner_Unit_Evaluation', 'Technical_Demo', 'LinkedIn_Ad_Click', 'LinkedIn_Ad_Click', 'PathWave_Trial_Request', 'Loaner_Unit_Evaluation', 'Oscilloscope_Selector_Tool', 'LinkedIn_Ad_Click', 'Customer']",1
L000929,Priya Lee,NXP Semiconductors GmbH,,,,Event,"['IMS_Badge_Scan', 'IMS_Badge_Scan', 'SQL', 'MQL', 'AutoSens_Tech_Talk', 'Keysight_Workshop_RF_Testing', 'DesignCon_Booth_Visit', 'No_Conversion']",0
L000930,Laura Williams,,,Europe,5G Testbeds,Email Campaign,"['Technical_Demo', 'LinkedIn_Ad_Click', 'SQL', 'AutoSens_Tech_Talk', 'MQL', 'Keysight_University_Course', 'Customer']",1
L000931,,Samsung Electronics,,LATAM,PathWave Software,Email Campaign,"['DesignCon_Booth_Visit', 'Keysight_Workshop_RF_Testing', 'Loaner_Unit_Evaluation', 'No_Conversion']",0
L000932,,Sony GmbH,,,,,"['Loaner_Unit_Evaluation', 'PathWave_Trial_Request', 'Customer']",1
L000933,Priya Chen,Qualc_Tech,Telecom,North America,5G Testbeds,LinkedIn,"['SQL', 'Oscilloscope_Selector_Tool', 'Lab_Integration_Discussion', 'Website_Product_Page', 'No_Conversion']",0
L000934,Priya Ito,Tesla_Tech,,Europe,PathWave Software,LinkedIn,"['MQL', 'Keysight_Workshop_RF_Testing', 'PathWave_Trial_Request', 'Technical_Demo', 'Technical_Demo', 'Lab_Integration_Discussion', 'AutoSens_Tech_Talk', 'Customer']",1
L000935,Sofia Anders,Qualcomm GmbH,Telecom,,5G Testbeds,Website,"['Opportunity', 'Website_Product_Page', 'Keysight_Workshop_RF_Testing', 'AutoSens_Tech_Talk', 'No_Conversion']",0
L000936,Chen Anders,Sony GmbH,Electronics,,,Event,"['PathWave_Trial_Request', 'Keysight_University_Course', 'Keysight_University_Course', 'Website_Product_Page', 'PathWave_Trial_Request', 'Oscilloscope_Selector_Tool', 'No_Conversion']",0
L000937,Hiroshi Patel,NXPSe_Tech,Automotive,APAC,Automotive Ethernet,Webinar,['No_Conversion'],0
L000938,Michael Chen,Bosch,,Europe,,Website,"['Technical_Demo', 'Customer']",1
L000939,Daniel Patel,,,LATAM,5G Testbeds,Email Campaign,"['Website_Product_Page', 'SQL', 'No_Conversion']",0
L000940,Ahmed Johnson,,Telecom,,,Sales Outreach,['No_Conversion'],0
L000941,Maria Tanaka,Infineon,Telecom,Europe,PathWave Software,LinkedIn,"['Keysight_University_Course', 'Keysight_Workshop_RF_Testing', 'Website_Product_Page', 'Opportunity', 'Keysight_University_Course', 'AutoSens_Tech_Talk', 'Whitepaper_Download_5G_Test', 'No_Conversion']",0
L000942,Daniel Williams,Tesla Energy GmbH,Semiconductor,North America,,Website,"['MQL', 'Customer']",1
L000943,Hiroshi Ito,,Semiconductor,APAC,Oscilloscopes,,"['Technical_Demo', 'DesignCon_Booth_Visit', 'Keysight_University_Course', 'Technical_Demo', 'IMS_Badge_Scan', 'Oscilloscope_Selector_Tool', 'PathWave_Trial_Request', 'Customer']",1
L000944,Sarah Anders,NXP Semiconductors,,Europe,Automotive Ethernet,Website,"['Keysight_University_Course', 'Technical_Demo', 'Lab_Integration_Discussion', 'Technical_Demo', 'Oscilloscope_Selector_Tool', 'Whitepaper_Download_5G_Test', 'Website_Product_Page', 'Customer']",1
L000945,Laura Johnson,Qualcomm,Semiconductor,,,Email Campaign,"['MQL', 'PathWave_Trial_Request', 'MQL', 'Oscilloscope_Selector_Tool', 'No_Conversion']",0
L000946,Chen Singh,,Semiconductor,APAC,,Sales Outreach,"['Technical_Demo', 'Keysight_Workshop_RF_Testing', 'PathWave_Trial_Request', 'Opportunity', 'Whitepaper_Download_5G_Test', 'No_Conversion']",0
L000947,Kenji Lee,Meta Connectivity Labs,,Europe,,,"['Application_Engineer_Call', 'PathWave_Trial_Request', 'MQL', 'No_Conversion']",0
L000948,Laura Patel,Sony GmbH,,,,Email Campaign,"['Loaner_Unit_Evaluation', 'Customer']",1
L000949,Michael Ito,Bosch,Telecom,APAC,,Sales Outreach,"['AutoSens_Tech_Talk', 'Opportunity', 'Oscilloscope_Selector_Tool', 'No_Conversion']",0
L000950,Michael Garcia,Broad_Tech,Aerospace,APAC,Oscilloscopes,Event,"['Website_Product_Page', 'Customer']",1
L000951,Laura Singh,Meta Connectivity Labs,Electronics,Europe,,,"['Website_Product_Page', 'Customer']",1
L000952,Michael Martinez,Sony GmbH,Telecom,,PathWave Software,Website,"['IMS_Badge_Scan', 'Customer']",1
L000953,Ravi Singh,Qualcomm GmbH,Electronics,,Automotive Ethernet,Website,"['Loaner_Unit_Evaluation', 'No_Conversion']",0
L000954,Laura Garcia,NXPSe_Tech,Electronics,,Automotive Ethernet,Website,"['Lab_Integration_Discussion', 'No_Conversion']",0
L000955,Maria Martinez,Broadcom,Aerospace,LATAM,Automotive Ethernet,Sales Outreach,"['Application_Engineer_Call', 'PathWave_Trial_Request', 'LinkedIn_Ad_Click', 'Lab_Integration_Discussion', 'Website_Product_Page', 'Keysight_Workshop_RF_Testing', 'AutoSens_Tech_Talk', 'MQL', 'Lab_Integration_Discussion', 'Customer']",1
L000956,,,Telecom,North America,Oscilloscopes,,['Customer'],1
L000957,Hiroshi Tanaka,Meta Connectivity Labs,Aerospace,LATAM,,,"['LinkedIn_Ad_Click', 'Keysight_University_Course', 'Website_Product_Page', 'Loaner_Unit_Evaluation', 'MQL', 'AutoSens_Tech_Talk', 'LinkedIn_Ad_Click', 'Keysight_Workshop_RF_Testing', 'Lab_Integration_Discussion', 'Opportunity', 'Customer']",1
L000958,Ravi Williams,MetaC_Tech,Electronics,Europe,Automotive Ethernet,Website,"['Loaner_Unit_Evaluation', 'SQL', 'Whitepaper_Download_5G_Test', 'DesignCon_Booth_Visit', 'Keysight_Workshop_RF_Testing', 'Keysight_University_Course', 'Application_Engineer_Call', 'MQL', 'Customer']",1
L000959,Laura Tanaka,MetaC_Tech,,Europe,,Email Campaign,"['Application_Engineer_Call', 'Keysight_Workshop_RF_Testing', 'MQL', 'Whitepaper_Download_5G_Test', 'Customer']",1
L000960,Hiroshi Martinez,Samsu_Tech,,North America,5G Testbeds,Email Campaign,"['Oscilloscope_Selector_Tool', 'Website_Product_Page', 'Keysight_University_Course', 'LinkedIn_Ad_Click', 'Lab_Integration_Discussion', 'LinkedIn_Ad_Click', 'Website_Product_Page', 'No_Conversion']",0
L000961,Laura Singh,Broadcom GmbH,,,PathWave Software,Sales Outreach,"['Keysight_University_Course', 'Keysight_University_Course', 'LinkedIn_Ad_Click', 'Application_Engineer_Call', 'DesignCon_Booth_Visit', 'Website_Product_Page', 'Application_Engineer_Call', 'PathWave_Trial_Request', 'Keysight_University_Course', 'No_Conversion']",0
L000962,,Meta Connectivity Labs GmbH,,LATAM,Automotive Ethernet,Sales Outreach,"['Opportunity', 'IMS_Badge_Scan', 'Customer']",1
L000963,Maria Chen,Raytheon,Aerospace,LATAM,Automotive Ethernet,LinkedIn,"['Website_Product_Page', 'AutoSens_Tech_Talk', 'Keysight_Workshop_RF_Testing', 'PathWave_Trial_Request', 'Customer']",1
L000964,Ahmed Khan,,Aerospace,North America,,Sales Outreach,"['Loaner_Unit_Evaluation', 'Keysight_University_Course', 'Oscilloscope_Selector_Tool', 'No_Conversion']",0
L000965,Ravi Johnson,MetaC_Tech,Aerospace,,Oscilloscopes,Email Campaign,"['Keysight_University_Course', 'Lab_Integration_Discussion', 'IMS_Badge_Scan', 'PathWave_Trial_Request', 'Loaner_Unit_Evaluation', 'Customer']",1
L000966,,Infineon GmbH,Automotive,APAC,,Sales Outreach,"['Loaner_Unit_Evaluation', 'Customer']",1
L000967,Ravi Garcia,,Electronics,LATAM,Automotive Ethernet,Webinar,"['Keysight_University_Course', 'Loaner_Unit_Evaluation', 'IMS_Badge_Scan', 'Customer']",1
L000968,Laura Lee,Samsung Electronics GmbH,,APAC,PathWave Software,,"['IMS_Badge_Scan', 'Customer']",1
L000969,,Qualcomm GmbH,,North America,5G Testbeds,,"['Website_Product_Page', 'Website_Product_Page', 'Loaner_Unit_Evaluation', 'PathWave_Trial_Request', 'Customer']",1
L000970,Sofia Anders,Rayth_Tech,Semiconductor,Europe,,LinkedIn,"['AutoSens_Tech_Talk', 'Keysight_Workshop_RF_Testing', 'Opportunity', 'Opportunity', 'Application_Engineer_Call', 'Lab_Integration_Discussion', 'Keysight_Workshop_RF_Testing', 'No_Conversion']",0
L000971,Sofia Chen,Meta Connectivity Labs GmbH,Telecom,,,Event,['No_Conversion'],0
L000972,Chen Khan,MetaC_Tech,Telecom,LATAM,5G Testbeds,Website,"['Loaner_Unit_Evaluation', 'No_Conversion']",0
L000973,,,Automotive,APAC,Automotive Ethernet,Event,"['Oscilloscope_Selector_Tool', 'PathWave_Trial_Request', 'Whitepaper_Download_5G_Test', 'Loaner_Unit_Evaluation', 'MQL', 'Website_Product_Page', 'Customer']",1
L000974,Hiroshi Patel,Broadcom,,North America,PathWave Software,Email Campaign,"['Website_Product_Page', 'Opportunity', 'Application_Engineer_Call', 'Website_Product_Page', 'Application_Engineer_Call', 'Whitepaper_Download_5G_Test', 'LinkedIn_Ad_Click', 'Website_Product_Page', 'No_Conversion']",0
L000975,Ahmed Martinez,Tesla Energy GmbH,Electronics,,5G Testbeds,,"['PathWave_Trial_Request', 'Customer']",1
L000976,Priya Ito,Infineon,Electronics,,5G Testbeds,Webinar,"['Oscilloscope_Selector_Tool', 'AutoSens_Tech_Talk', 'Lab_Integration_Discussion', 'DesignCon_Booth_Visit', 'Website_Product_Page', 'Customer']",1
L000977,Kenji Johnson,NXP Semiconductors GmbH,Telecom,Europe,PathWave Software,Website,"['Technical_Demo', 'IMS_Badge_Scan', 'DesignCon_Booth_Visit', 'Oscilloscope_Selector_Tool', 'PathWave_Trial_Request', 'No_Conversion']",0
L000978,Sofia Anders,,Telecom,,5G Testbeds,Sales Outreach,"['Keysight_Workshop_RF_Testing', 'Lab_Integration_Discussion', 'Lab_Integration_Discussion', 'No_Conversion']",0
L000979,,Infineon,,North America,,Website,"['LinkedIn_Ad_Click', 'PathWave_Trial_Request', 'IMS_Badge_Scan', 'Customer']",1
L000980,Sofia Garcia,,Electronics,North America,,Email Campaign,"['Application_Engineer_Call', 'Loaner_Unit_Evaluation', 'Oscilloscope_Selector_Tool', 'No_Conversion']",0
L000981,Hiroshi Khan,Bosch,Aerospace,APAC,PathWave Software,Event,['No_Conversion'],0
L000982,Hiroshi Ito,Qualcomm GmbH,Semiconductor,,PathWave Software,Event,"['Loaner_Unit_Evaluation', 'Loaner_Unit_Evaluation', 'AutoSens_Tech_Talk', 'Keysight_Workshop_RF_Testing', 'No_Conversion']",0
L000983,Daniel Garcia,Infin_Tech,Electronics,APAC,Automotive Ethernet,Event,"['Whitepaper_Download_5G_Test', 'Whitepaper_Download_5G_Test', 'Customer']",1
L000984,Priya Khan,MetaC_Tech,,North America,PathWave Software,Email Campaign,"['Lab_Integration_Discussion', 'LinkedIn_Ad_Click', 'Lab_Integration_Discussion', 'Keysight_Workshop_RF_Testing', 'SQL', 'Customer']",1
L000985,Chen Singh,,Automotive,Europe,,Sales Outreach,"['AutoSens_Tech_Talk', 'MQL', 'Oscilloscope_Selector_Tool', 'AutoSens_Tech_Talk', 'AutoSens_Tech_Talk', 'Technical_Demo', 'No_Conversion']",0
L000986,Ravi Williams,Raytheon GmbH,Semiconductor,Europe,PathWave Software,Website,"['Keysight_University_Course', 'DesignCon_Booth_Visit', 'SQL', 'DesignCon_Booth_Visit', 'DesignCon_Booth_Visit', 'IMS_Badge_Scan', 'SQL', 'AutoSens_Tech_Talk', 'Lab_Integration_Discussion', 'PathWave_Trial_Request', 'Customer']",1
L000987,Sarah Anders,Bosch GmbH,Aerospace,,,Sales Outreach,"['Keysight_University_Course', 'No_Conversion']",0
L000988,Ravi Chen,,Telecom,North America,Oscilloscopes,Webinar,"['Opportunity', 'IMS_Badge_Scan', 'Keysight_University_Course', 'Technical_Demo', 'Customer']",1
L000989,,,Aerospace,LATAM,,,['No_Conversion'],0
L000990,Hiroshi Lee,Samsung Electronics GmbH,Semiconductor,,,Sales Outreach,"['Loaner_Unit_Evaluation', 'IMS_Badge_Scan', 'No_Conversion']",0
L000991,Ravi Anders,Infineon,Aerospace,Europe,,Webinar,['Customer'],1
L000992,Sofia Johnson,Meta Connectivity Labs GmbH,,APAC,PathWave Software,Sales Outreach,"['Keysight_Workshop_RF_Testing', 'No_Conversion']",0
L000993,Sofia Williams,,Aerospace,Europe,5G Testbeds,Webinar,['No_Conversion'],0
L000994,Maria Chen,,,,,Webinar,"['Lab_Integration_Discussion', 'IMS_Badge_Scan', 'LinkedIn_Ad_Click', 'LinkedIn_Ad_Click', 'Lab_Integration_Discussion', 'LinkedIn_Ad_Click', 'Keysight_University_Course', 'Lab_Integration_Discussion', 'LinkedIn_Ad_Click', 'Customer']",1
L000995,Chen Williams,MetaC_Tech,,,,Email Campaign,"['Loaner_Unit_Evaluation', 'LinkedIn_Ad_Click', 'Technical_Demo', 'Opportunity', 'Technical_Demo', 'SQL', 'Customer']",1
L000996,Priya Ito,,,,,,"['Keysight_University_Course', 'Lab_Integration_Discussion', 'DesignCon_Booth_Visit', 'LinkedIn_Ad_Click', 'MQL', 'Technical_Demo', 'Customer']",1
L000997,Priya Johnson,,,,,Website,"['Keysight_University_Course', 'No_Conversion']",0
L000998,Ahmed Anders,NXPSe_Tech,Electronics,North America,Oscilloscopes,Website,"['Lab_Integration_Discussion', 'Loaner_Unit_Evaluation', 'LinkedIn_Ad_Click', 'AutoSens_Tech_Talk', 'Opportunity', 'Keysight_Workshop_RF_Testing', 'DesignCon_Booth_Visit', 'Customer']",1
L000999,Laura Williams,Tesla Energy GmbH,,North America,Oscilloscopes,Website,"['MQL', 'Keysight_Workshop_RF_Testing', 'Keysight_University_Course', 'Opportunity', 'MQL', 'No_Conversion']",0
L001000,Ahmed Ito,Rayth_Tech,Automotive,,,Webinar,['No_Conversion'],0
L001001,Priya Garcia,Meta Connectivity Labs GmbH,,,5G Testbeds,Email Campaign,['Customer'],1
L001002,Priya Lee,Samsu_Tech,,,,Event,"['AutoSens_Tech_Talk', 'Whitepaper_Download_5G_Test', 'Keysight_Workshop_RF_Testing', 'Customer']",1
L001003,Ahmed Martinez,Sony,Automotive,APAC,,Website,"['Website_Product_Page', 'Technical_Demo', 'Customer']",1
L001004,Sofia Martinez,NXPSe_Tech,,LATAM,5G Testbeds,Sales Outreach,"['PathWave_Trial_Request', 'LinkedIn_Ad_Click', 'IMS_Badge_Scan', 'No_Conversion']",0
L001005,Priya Khan,Raytheon,Telecom,Europe,,Email Campaign,"['PathWave_Trial_Request', 'LinkedIn_Ad_Click', 'Application_Engineer_Call', 'No_Conversion']",0
L001006,Ahmed Johnson,Qualc_Tech,Telecom,Europe,,Email Campaign,"['DesignCon_Booth_Visit', 'SQL', 'Website_Product_Page', 'Website_Product_Page', 'Whitepaper_Download_5G_Test', 'Website_Product_Page', 'No_Conversion']",0
L001007,Michael Tanaka,Tesla_Tech,Automotive,North America,,Webinar,"['Website_Product_Page', 'Keysight_Workshop_RF_Testing', 'Loaner_Unit_Evaluation', 'Technical_Demo', 'No_Conversion']",0
L001008,,Qualcomm GmbH,Electronics,APAC,PathWave Software,,"['Loaner_Unit_Evaluation', 'Website_Product_Page', 'DesignCon_Booth_Visit', 'IMS_Badge_Scan', 'Lab_Integration_Discussion', 'MQL', 'Website_Product_Page', 'DesignCon_Booth_Visit', 'Keysight_Workshop_RF_Testing', 'Customer']",1
L001009,Michael Johnson,Sony_Tech,,Europe,Automotive Ethernet,LinkedIn,"['DesignCon_Booth_Visit', 'DesignCon_Booth_Visit', 'IMS_Badge_Scan', 'DesignCon_Booth_Visit', 'Application_Engineer_Call', 'IMS_Badge_Scan', 'No_Conversion']",0
L001010,Sarah Chen,NXPSe_Tech,Semiconductor,Europe,Oscilloscopes,Webinar,['Customer'],1
L001011,Michael Singh,Qualc_Tech,Electronics,LATAM,,Sales Outreach,"['Keysight_University_Course', 'Loaner_Unit_Evaluation', 'Website_Product_Page', 'Lab_Integration_Discussion', 'Technical_Demo', 'Technical_Demo', 'Customer']",1
L001012,Ravi Patel,Sony_Tech,Electronics,,5G Testbeds,Email Campaign,"['Website_Product_Page', 'Keysight_Workshop_RF_Testing', 'Opportunity', 'Whitepaper_Download_5G_Test', 'No_Conversion']",0
L001013,Kenji Singh,Tesla Energy,,Europe,PathWave Software,Email Campaign,"['Keysight_University_Course', 'IMS_Badge_Scan', 'Technical_Demo', 'SQL', 'Website_Product_Page', 'Keysight_Workshop_RF_Testing', 'Keysight_Workshop_RF_Testing', 'No_Conversion']",0
L001014,Laura Chen,Broadcom,Automotive,LATAM,Automotive Ethernet,Event,"['Opportunity', 'Whitepaper_Download_5G_Test', 'MQL', 'Technical_Demo', 'Loaner_Unit_Evaluation', 'Application_Engineer_Call', 'Opportunity', 'Technical_Demo', 'Customer']",1
L001015,Chen Chen,Bosch_Tech,Electronics,Europe,,Email Campaign,"['Application_Engineer_Call', 'DesignCon_Booth_Visit', 'No_Conversion']",0
L001016,Chen Williams,Broadcom,Automotive,Europe,Oscilloscopes,Website,['Customer'],1
L001017,Sarah Anders,,Telecom,North America,,Webinar,"['Opportunity', 'No_Conversion']",0
L001018,Daniel Patel,Bosch GmbH,,North America,,Event,"['Application_Engineer_Call', 'Customer']",1
L001019,Sofia Johnson,NXPSe_Tech,,Europe,Automotive Ethernet,Event,"['PathWave_Trial_Request', 'MQL', 'DesignCon_Booth_Visit', 'AutoSens_Tech_Talk', 'Keysight_University_Course', 'PathWave_Trial_Request', 'Lab_Integration_Discussion', 'Customer']",1
L001020,Ahmed Lee,Bosch GmbH,,LATAM,Automotive Ethernet,Webinar,"['Application_Engineer_Call', 'Technical_Demo', 'Application_Engineer_Call', 'IMS_Badge_Scan', 'IMS_Badge_Scan', 'LinkedIn_Ad_Click', 'Customer']",1
L001021,Hiroshi Williams,Tesla Energy GmbH,Automotive,LATAM,,Sales Outreach,"['Keysight_University_Course', 'Technical_Demo', 'Loaner_Unit_Evaluation', 'Application_Engineer_Call', 'No_Conversion']",0
L001022,Kenji Garcia,Rayth_Tech,Automotive,LATAM,PathWave Software,Website,"['IMS_Badge_Scan', 'Opportunity', 'LinkedIn_Ad_Click', 'Customer']",1
L001023,Chen Martinez,NXP Semiconductors GmbH,,,5G Testbeds,LinkedIn,"['PathWave_Trial_Request', 'Keysight_University_Course', 'AutoSens_Tech_Talk', 'Lab_Integration_Discussion', 'PathWave_Trial_Request', 'Loaner_Unit_Evaluation', 'MQL', 'Whitepaper_Download_5G_Test', 'Application_Engineer_Call', 'Customer']",1
L001024,Daniel Garcia,Bosch,,LATAM,Automotive Ethernet,LinkedIn,"['Keysight_University_Course', 'DesignCon_Booth_Visit', 'Technical_Demo', 'Whitepaper_Download_5G_Test', 'Application_Engineer_Call', 'IMS_Badge_Scan', 'AutoSens_Tech_Talk', 'IMS_Badge_Scan', 'No_Conversion']",0
L001025,Kenji Patel,Bosch,Automotive,APAC,,Website,"['PathWave_Trial_Request', 'PathWave_Trial_Request', 'Customer']",1
L001026,Kenji Ito,Sony,Semiconductor,,Oscilloscopes,,"['Lab_Integration_Discussion', 'Customer']",1
L001027,,Qualc_Tech,Electronics,Europe,5G Testbeds,Sales Outreach,"['Oscilloscope_Selector_Tool', 'Website_Product_Page', 'Website_Product_Page', 'No_Conversion']",0
L001028,Sofia Ito,Qualc_Tech,Telecom,Europe,,Sales Outreach,"['SQL', 'LinkedIn_Ad_Click', 'PathWave_Trial_Request', 'Keysight_Workshop_RF_Testing', 'Customer']",1
L001029,Chen Patel,Infineon,,LATAM,,Website,"['PathWave_Trial_Request', 'Loaner_Unit_Evaluation', 'Website_Product_Page', 'SQL', 'PathWave_Trial_Request', 'No_Conversion']",0
L001030,Kenji Martinez,,Semiconductor,,PathWave Software,Webinar,"['Application_Engineer_Call', 'Keysight_University_Course', 'Keysight_Workshop_RF_Testing', 'Customer']",1
L001031,Ahmed Lee,Tesla Energy GmbH,Electronics,LATAM,,Website,"['LinkedIn_Ad_Click', 'IMS_Badge_Scan', 'Opportunity', 'No_Conversion']",0
L001032,Kenji Johnson,Broad_Tech,,APAC,5G Testbeds,Event,"['DesignCon_Booth_Visit', 'PathWave_Trial_Request', 'Application_Engineer_Call', 'No_Conversion']",0
L001033,Daniel Singh,Meta Connectivity Labs GmbH,Aerospace,,,Sales Outreach,"['Whitepaper_Download_5G_Test', 'Keysight_University_Course', 'Website_Product_Page', 'No_Conversion']",0
L001034,Sofia Patel,MetaC_Tech,Aerospace,Europe,Oscilloscopes,Webinar,['No_Conversion'],0
L001035,Chen Lee,Tesla_Tech,Aerospace,,5G Testbeds,Website,"['Keysight_University_Course', 'AutoSens_Tech_Talk', 'PathWave_Trial_Request', 'Lab_Integration_Discussion', 'Whitepaper_Download_5G_Test', 'Opportunity', 'Keysight_Workshop_RF_Testing', 'Loaner_Unit_Evaluation', 'LinkedIn_Ad_Click', 'Customer']",1
L001036,,NXPSe_Tech,Electronics,North America,Automotive Ethernet,LinkedIn,"['Website_Product_Page', 'LinkedIn_Ad_Click', 'Customer']",1
L001037,Daniel Anders,Meta Connectivity Labs GmbH,Aerospace,APAC,Oscilloscopes,Website,"['Lab_Integration_Discussion', 'Whitepaper_Download_5G_Test', 'Oscilloscope_Selector_Tool', 'Website_Product_Page', 'Oscilloscope_Selector_Tool', 'Loaner_Unit_Evaluation', 'SQL', 'SQL', 'Customer']",1
L001038,Laura Lee,Samsu_Tech,,Europe,PathWave Software,Webinar,"['Lab_Integration_Discussion', 'PathWave_Trial_Request', 'Opportunity', 'Keysight_Workshop_RF_Testing', 'No_Conversion']",0
L001039,Hiroshi Lee,,,North America,,Email Campaign,"['Opportunity', 'Opportunity', 'Keysight_Workshop_RF_Testing', 'Loaner_Unit_Evaluation', 'No_Conversion']",0
L001040,Sarah Garcia,Tesla_Tech,Semiconductor,,Oscilloscopes,,"['SQL', 'IMS_Badge_Scan', 'SQL', 'Customer']",1
L001041,Chen Williams,,Electronics,North America,Oscilloscopes,LinkedIn,"['SQL', 'Technical_Demo', 'Loaner_Unit_Evaluation', 'PathWave_Trial_Request', 'Customer']",1
L001042,,Tesla Energy,Aerospace,LATAM,Oscilloscopes,Event,"['Technical_Demo', 'Keysight_University_Course', 'Keysight_Workshop_RF_Testing', 'Opportunity', 'LinkedIn_Ad_Click', 'Customer']",1
L001043,Kenji Singh,Meta Connectivity Labs,,,Automotive Ethernet,Email Campaign,"['Technical_Demo', 'MQL', 'IMS_Badge_Scan', 'Oscilloscope_Selector_Tool', 'IMS_Badge_Scan', 'Whitepaper_Download_5G_Test', 'IMS_Badge_Scan', 'Technical_Demo', 'No_Conversion']",0
L001044,Sarah Chen,,Automotive,APAC,,Event,"['Whitepaper_Download_5G_Test', 'AutoSens_Tech_Talk', 'Whitepaper_Download_5G_Test', 'Application_Engineer_Call', 'Customer']",1
L001045,Laura Singh,Tesla Energy,,APAC,Oscilloscopes,Webinar,"['Keysight_Workshop_RF_Testing', 'SQL', 'Application_Engineer_Call', 'Loaner_Unit_Evaluation', 'Keysight_Workshop_RF_Testing', 'Keysight_University_Course', 'MQL', 'Opportunity', 'LinkedIn_Ad_Click', 'Customer']",1
L001046,Sarah Chen,Bosch_Tech,Electronics,North America,Oscilloscopes,Sales Outreach,"['Opportunity', 'Technical_Demo', 'Loaner_Unit_Evaluation', 'PathWave_Trial_Request', 'Customer']",1
L001047,Priya Johnson,,Automotive,Europe,,,"['Technical_Demo', 'No_Conversion']",0
L001048,,Qualc_Tech,Telecom,Europe,PathWave Software,Event,"['Whitepaper_Download_5G_Test', 'IMS_Badge_Scan', 'LinkedIn_Ad_Click', 'LinkedIn_Ad_Click', 'Customer']",1
L001049,Hiroshi Patel,,Semiconductor,Europe,,LinkedIn,"['Application_Engineer_Call', 'Oscilloscope_Selector_Tool', 'AutoSens_Tech_Talk', 'No_Conversion']",0
L001050,Maria Garcia,Bosch GmbH,,,,Event,"['Keysight_Workshop_RF_Testing', 'Oscilloscope_Selector_Tool', 'Website_Product_Page', 'Keysight_Workshop_RF_Testing', 'Lab_Integration_Discussion', 'MQL', 'Application_Engineer_Call', 'IMS_Badge_Scan', 'LinkedIn_Ad_Click', 'Website_Product_Page', 'No_Conversion']",0
L001051,Kenji Tanaka,Raytheon GmbH,Aerospace,,5G Testbeds,Website,"['Whitepaper_Download_5G_Test', 'MQL', 'Loaner_Unit_Evaluation', 'Lab_Integration_Discussion', 'No_Conversion']",0
L001052,Daniel Patel,,,LATAM,PathWave Software,Website,"['Oscilloscope_Selector_Tool', 'Whitepaper_Download_5G_Test', 'IMS_Badge_Scan', 'Website_Product_Page', 'DesignCon_Booth_Visit', 'Customer']",1
L001053,Daniel Khan,Broadcom,Electronics,North America,Oscilloscopes,Website,"['Keysight_University_Course', 'Customer']",1
L001054,Daniel Anders,Broadcom GmbH,Aerospace,LATAM,Automotive Ethernet,LinkedIn,"['Keysight_Workshop_RF_Testing', 'Whitepaper_Download_5G_Test', 'DesignCon_Booth_Visit', 'Whitepaper_Download_5G_Test', 'Customer']",1
L001055,Ravi Lee,,Automotive,LATAM,Oscilloscopes,Sales Outreach,"['Loaner_Unit_Evaluation', 'LinkedIn_Ad_Click', 'MQL', 'Keysight_University_Course', 'No_Conversion']",0
L001056,Hiroshi Ito,MetaC_Tech,Automotive,APAC,,LinkedIn,"['AutoSens_Tech_Talk', 'Website_Product_Page', 'Website_Product_Page', 'PathWave_Trial_Request', 'Oscilloscope_Selector_Tool', 'AutoSens_Tech_Talk', 'Opportunity', 'No_Conversion']",0
L001057,Ravi Singh,Meta Connectivity Labs,Telecom,,,Email Campaign,"['PathWave_Trial_Request', 'Technical_Demo', 'SQL', 'Oscilloscope_Selector_Tool', 'Loaner_Unit_Evaluation', 'Customer']",1
L001058,Ahmed Johnson,Samsung Electronics GmbH,Semiconductor,,,Email Campaign,"['Lab_Integration_Discussion', 'Customer']",1
L001059,Chen Martinez,Bosch_Tech,,APAC,,Email Campaign,['No_Conversion'],0
L001060,Chen Chen,Rayth_Tech,Semiconductor,Europe,,Website,"['MQL', 'AutoSens_Tech_Talk', 'AutoSens_Tech_Talk', 'Keysight_University_Course', 'SQL', 'Oscilloscope_Selector_Tool', 'Customer']",1
L001061,Chen Johnson,,,,Oscilloscopes,Sales Outreach,"['Technical_Demo', 'MQL', 'Loaner_Unit_Evaluation', 'Keysight_Workshop_RF_Testing', 'Loaner_Unit_Evaluation', 'Lab_Integration_Discussion', 'No_Conversion']",0
L001062,Ravi Garcia,Infineon GmbH,,Europe,,Webinar,"['Keysight_University_Course', 'Keysight_University_Course', 'Application_Engineer_Call', 'Website_Product_Page', 'No_Conversion']",0
L001063,Priya Khan,NXP Semiconductors,Semiconductor,Europe,5G Testbeds,Event,"['Oscilloscope_Selector_Tool', 'Keysight_University_Course', 'IMS_Badge_Scan', 'AutoSens_Tech_Talk', 'Lab_Integration_Discussion', 'No_Conversion']",0
L001064,,Sony GmbH,,LATAM,5G Testbeds,,"['Lab_Integration_Discussion', 'Loaner_Unit_Evaluation', 'Whitepaper_Download_5G_Test', 'AutoSens_Tech_Talk', 'No_Conversion']",0
L001065,Daniel Anders,Qualcomm GmbH,,,,Event,['No_Conversion'],0
L001066,Kenji Khan,Infineon,,,Oscilloscopes,Email Campaign,"['Opportunity', 'AutoSens_Tech_Talk', 'SQL', 'No_Conversion']",0
L001067,,,Semiconductor,APAC,,Email Campaign,"['SQL', 'Loaner_Unit_Evaluation', 'Opportunity', 'SQL', 'AutoSens_Tech_Talk', 'AutoSens_Tech_Talk', 'IMS_Badge_Scan', 'No_Conversion']",0
L001068,Ahmed Lee,Tesla Energy GmbH,Semiconductor,LATAM,PathWave Software,Webinar,"['Lab_Integration_Discussion', 'Opportunity', 'AutoSens_Tech_Talk', 'MQL', 'AutoSens_Tech_Talk', 'IMS_Badge_Scan', 'Loaner_Unit_Evaluation', 'Customer']",1
L001069,,Qualc_Tech,Aerospace,Europe,Automotive Ethernet,Website,"['Technical_Demo', 'Website_Product_Page', 'DesignCon_Booth_Visit', 'Application_Engineer_Call', 'Customer']",1
L001070,Ahmed Lee,NXPSe_Tech,,LATAM,,Webinar,"['AutoSens_Tech_Talk', 'No_Conversion']",0
L001071,Laura Garcia,Bosch,Automotive,,5G Testbeds,,"['Lab_Integration_Discussion', 'Keysight_Workshop_RF_Testing', 'IMS_Badge_Scan', 'PathWave_Trial_Request', 'Website_Product_Page', 'Keysight_University_Course', 'Oscilloscope_Selector_Tool', 'Keysight_University_Course', 'DesignCon_Booth_Visit', 'Customer']",1
L001072,Laura Patel,Infin_Tech,,Europe,PathWave Software,,"['Technical_Demo', 'DesignCon_Booth_Visit', 'DesignCon_Booth_Visit', 'Customer']",1
L001073,Kenji Anders,Meta Connectivity Labs,Automotive,,,,"['Oscilloscope_Selector_Tool', 'PathWave_Trial_Request', 'MQL', 'Customer']",1
L001074,Chen Martinez,NXPSe_Tech,Electronics,,,Webinar,"['Application_Engineer_Call', 'Keysight_Workshop_RF_Testing', 'IMS_Badge_Scan', 'Keysight_Workshop_RF_Testing', 'Oscilloscope_Selector_Tool', 'IMS_Badge_Scan', 'SQL', 'Customer']",1
L001075,Ravi Chen,Samsung Electronics,Electronics,APAC,5G Testbeds,Website,"['AutoSens_Tech_Talk', 'Application_Engineer_Call', 'AutoSens_Tech_Talk', 'MQL', 'No_Conversion']",0
L001076,Kenji Tanaka,Tesla Energy GmbH,Automotive,APAC,Oscilloscopes,Event,"['Loaner_Unit_Evaluation', 'Loaner_Unit_Evaluation', 'Loaner_Unit_Evaluation', 'Oscilloscope_Selector_Tool', 'No_Conversion']",0
L001077,Michael Anders,Broad_Tech,Telecom,,Oscilloscopes,Event,"['DesignCon_Booth_Visit', 'MQL', 'Application_Engineer_Call', 'LinkedIn_Ad_Click', 'Keysight_University_Course', 'Customer']",1
L001078,Ahmed Singh,,Aerospace,APAC,Automotive Ethernet,Email Campaign,"['LinkedIn_Ad_Click', 'No_Conversion']",0
L001079,Michael Tanaka,,Automotive,APAC,5G Testbeds,Sales Outreach,"['Keysight_University_Course', 'Technical_Demo', 'Website_Product_Page', 'Lab_Integration_Discussion', 'Customer']",1
L001080,Priya Johnson,Infin_Tech,,APAC,,,"['PathWave_Trial_Request', 'DesignCon_Booth_Visit', 'No_Conversion']",0
L001081,Laura Anders,Tesla Energy GmbH,Semiconductor,Europe,Oscilloscopes,LinkedIn,"['PathWave_Trial_Request', 'Oscilloscope_Selector_Tool', 'DesignCon_Booth_Visit', 'No_Conversion']",0
L001082,Maria Anders,Tesla Energy,,North America,Automotive Ethernet,Event,"['Opportunity', 'Lab_Integration_Discussion', 'Keysight_Workshop_RF_Testing', 'Technical_Demo', 'Customer']",1
L001083,Ravi Garcia,,Automotive,,,Website,"['MQL', 'MQL', 'Keysight_Workshop_RF_Testing', 'Website_Product_Page', 'Application_Engineer_Call', 'Keysight_University_Course', 'Application_Engineer_Call', 'Customer']",1
L001084,Sarah Chen,NXP Semiconductors,,Europe,,Email Campaign,"['SQL', 'Keysight_University_Course', 'LinkedIn_Ad_Click', 'Opportunity', 'Customer']",1
L001085,Priya Martinez,Qualcomm,Automotive,,5G Testbeds,Sales Outreach,"['Opportunity', 'IMS_Badge_Scan', 'No_Conversion']",0
L001086,Daniel Garcia,Bosch GmbH,,Europe,,,"['DesignCon_Booth_Visit', 'Whitepaper_Download_5G_Test', 'Website_Product_Page', 'Application_Engineer_Call', 'Customer']",1
L001087,Sarah Anders,,,Europe,Automotive Ethernet,LinkedIn,['Customer'],1
L001088,Michael Patel,,Telecom,North America,,Website,"['Application_Engineer_Call', 'LinkedIn_Ad_Click', 'IMS_Badge_Scan', 'Website_Product_Page', 'No_Conversion']",0
L001089,Michael Martinez,Tesla Energy,Automotive,,Automotive Ethernet,Event,"['DesignCon_Booth_Visit', 'Technical_Demo', 'Technical_Demo', 'Website_Product_Page', 'MQL', 'No_Conversion']",0
L001090,Maria Garcia,,,North America,5G Testbeds,Website,"['Website_Product_Page', 'DesignCon_Booth_Visit', 'Technical_Demo', 'Oscilloscope_Selector_Tool', 'PathWave_Trial_Request', 'Whitepaper_Download_5G_Test', 'No_Conversion']",0
L001091,Hiroshi Anders,Raytheon,Electronics,North America,PathWave Software,Sales Outreach,"['Loaner_Unit_Evaluation', 'Oscilloscope_Selector_Tool', 'AutoSens_Tech_Talk', 'No_Conversion']",0
L001092,Ravi Lee,Samsung Electronics GmbH,Telecom,North America,Automotive Ethernet,LinkedIn,"['Website_Product_Page', 'Loaner_Unit_Evaluation', 'Application_Engineer_Call', 'AutoSens_Tech_Talk', 'Whitepaper_Download_5G_Test', 'Keysight_University_Course', 'DesignCon_Booth_Visit', 'Keysight_University_Course', 'LinkedIn_Ad_Click', 'Customer']",1
L001093,Sofia Lee,,Telecom,APAC,,LinkedIn,"['LinkedIn_Ad_Click', 'MQL', 'Lab_Integration_Discussion', 'LinkedIn_Ad_Click', 'LinkedIn_Ad_Click', 'Oscilloscope_Selector_Tool', 'Application_Engineer_Call', 'PathWave_Trial_Request', 'No_Conversion']",0
L001094,Hiroshi Johnson,Broadcom,Automotive,North America,,Sales Outreach,"['LinkedIn_Ad_Click', 'Oscilloscope_Selector_Tool', 'No_Conversion']",0
L001095,Kenji Lee,NXP Semiconductors,Semiconductor,LATAM,Automotive Ethernet,,"['SQL', 'Application_Engineer_Call', 'IMS_Badge_Scan', 'No_Conversion']",0
L001096,Sofia Williams,Sony_Tech,Telecom,,5G Testbeds,Email Campaign,"['Oscilloscope_Selector_Tool', 'PathWave_Trial_Request', 'Oscilloscope_Selector_Tool', 'Application_Engineer_Call', 'Lab_Integration_Discussion', 'Loaner_Unit_Evaluation', 'Customer']",1
L001097,Kenji Lee,MetaC_Tech,Semiconductor,APAC,Automotive Ethernet,Sales Outreach,['No_Conversion'],0
L001098,Sofia Singh,Qualc_Tech,Telecom,North America,5G Testbeds,Event,"['Technical_Demo', 'Technical_Demo', 'Website_Product_Page', 'IMS_Badge_Scan', 'MQL', 'No_Conversion']",0
L001099,Ravi Tanaka,,Automotive,APAC,,Website,"['Website_Product_Page', 'Whitepaper_Download_5G_Test', 'PathWave_Trial_Request', 'Whitepaper_Download_5G_Test', 'Technical_Demo', 'SQL', 'LinkedIn_Ad_Click', 'AutoSens_Tech_Talk', 'Customer']",1
L001100,Laura Singh,Tesla_Tech,,Europe,5G Testbeds,Event,['Customer'],1
L001101,Michael Patel,NXPSe_Tech,Electronics,,Oscilloscopes,Sales Outreach,"['Keysight_Workshop_RF_Testing', 'Opportunity', 'PathWave_Trial_Request', 'Loaner_Unit_Evaluation', 'Website_Product_Page', 'No_Conversion']",0
L001102,Maria Tanaka,Meta Connectivity Labs,Automotive,LATAM,5G Testbeds,Sales Outreach,"['Oscilloscope_Selector_Tool', 'Oscilloscope_Selector_Tool', 'No_Conversion']",0
L001103,Sofia Patel,Infineon GmbH,,APAC,5G Testbeds,Website,"['Keysight_Workshop_RF_Testing', 'Loaner_Unit_Evaluation', 'MQL', 'Customer']",1
L001104,Daniel Johnson,,,,Automotive Ethernet,Webinar,"['SQL', 'Lab_Integration_Discussion', 'Website_Product_Page', 'DesignCon_Booth_Visit', 'Website_Product_Page', 'Customer']",1
L001105,Kenji Singh,Infineon,Automotive,North America,PathWave Software,Sales Outreach,"['AutoSens_Tech_Talk', 'Loaner_Unit_Evaluation', 'AutoSens_Tech_Talk', 'Technical_Demo', 'No_Conversion']",0
L001106,Laura Anders,Raytheon GmbH,Telecom,North America,,Sales Outreach,['Customer'],1
L001107,Hiroshi Chen,,,LATAM,,Webinar,['Customer'],1
L001108,Hiroshi Khan,Rayth_Tech,Telecom,LATAM,,,"['Keysight_Workshop_RF_Testing', 'Whitepaper_Download_5G_Test', 'MQL', 'MQL', 'Customer']",1
L001109,Daniel Johnson,,Aerospace,,,Sales Outreach,"['LinkedIn_Ad_Click', 'IMS_Badge_Scan', 'LinkedIn_Ad_Click', 'Keysight_Workshop_RF_Testing', 'MQL', 'Lab_Integration_Discussion', 'Keysight_Workshop_RF_Testing', 'Website_Product_Page', 'Customer']",1
L001110,Michael Singh,Infin_Tech,Automotive,North America,,,"['SQL', 'Website_Product_Page', 'Application_Engineer_Call', 'PathWave_Trial_Request', 'Technical_Demo', 'Customer']",1
L001111,Laura Garcia,NXPSe_Tech,Automotive,LATAM,,Event,"['MQL', 'Application_Engineer_Call', 'PathWave_Trial_Request', 'DesignCon_Booth_Visit', 'Technical_Demo', 'SQL', 'Application_Engineer_Call', 'Technical_Demo', 'Whitepaper_Download_5G_Test', 'No_Conversion']",0
L001112,Priya Lee,Meta Connectivity Labs,Automotive,APAC,,,"['SQL', 'No_Conversion']",0
L001113,Hiroshi Anders,,,Europe,,,"['Application_Engineer_Call', 'Application_Engineer_Call', 'SQL', 'DesignCon_Booth_Visit', 'Website_Product_Page', 'MQL', 'Customer']",1
L001114,Laura Martinez,,Telecom,North America,,Sales Outreach,"['SQL', 'Oscilloscope_Selector_Tool', 'Website_Product_Page', 'Whitepaper_Download_5G_Test', 'Customer']",1
L001115,Sarah Tanaka,NXPSe_Tech,Aerospace,,,Sales Outreach,"['AutoSens_Tech_Talk', 'Whitepaper_Download_5G_Test', 'Whitepaper_Download_5G_Test', 'PathWave_Trial_Request', 'No_Conversion']",0
L001116,Maria Martinez,,Telecom,APAC,5G Testbeds,,"['SQL', 'PathWave_Trial_Request', 'Oscilloscope_Selector_Tool', 'Opportunity', 'DesignCon_Booth_Visit', 'LinkedIn_Ad_Click', 'Technical_Demo', 'Opportunity', 'LinkedIn_Ad_Click', 'Loaner_Unit_Evaluation', 'Customer']",1
L001117,Daniel Singh,Qualc_Tech,Semiconductor,,Automotive Ethernet,Event,"['DesignCon_Booth_Visit', 'AutoSens_Tech_Talk', 'MQL', 'Oscilloscope_Selector_Tool', 'IMS_Badge_Scan', 'MQL', 'Keysight_Workshop_RF_Testing', 'Loaner_Unit_Evaluation', 'IMS_Badge_Scan', 'No_Conversion']",0
L001118,Kenji Garcia,Tesla_Tech,,North America,Automotive Ethernet,Webinar,"['Oscilloscope_Selector_Tool', 'AutoSens_Tech_Talk', 'Technical_Demo', 'IMS_Badge_Scan', 'Customer']",1
L001119,Hiroshi Patel,NXP Semiconductors GmbH,,APAC,Oscilloscopes,Website,"['Whitepaper_Download_5G_Test', 'IMS_Badge_Scan', 'PathWave_Trial_Request', 'Application_Engineer_Call', 'Customer']",1
L001120,Priya Tanaka,NXPSe_Tech,,APAC,5G Testbeds,Sales Outreach,"['Oscilloscope_Selector_Tool', 'LinkedIn_Ad_Click', 'Loaner_Unit_Evaluation', 'LinkedIn_Ad_Click', 'No_Conversion']",0
L001121,Daniel Ito,Infineon,Telecom,APAC,,Event,"['Technical_Demo', 'Keysight_Workshop_RF_Testing', 'IMS_Badge_Scan', 'Customer']",1
L001122,Sarah Lee,Tesla Energy GmbH,,Europe,5G Testbeds,Sales Outreach,"['LinkedIn_Ad_Click', 'SQL', 'AutoSens_Tech_Talk', 'LinkedIn_Ad_Click', 'No_Conversion']",0
L001123,Sofia Chen,,,Europe,5G Testbeds,Email Campaign,"['MQL', 'Lab_Integration_Discussion', 'PathWave_Trial_Request', 'No_Conversion']",0
L001124,Sarah Tanaka,Sony GmbH,Telecom,APAC,,Sales Outreach,"['LinkedIn_Ad_Click', 'Customer']",1
L001125,Daniel Johnson,Bosch,Automotive,LATAM,Oscilloscopes,Email Campaign,"['Website_Product_Page', 'Loaner_Unit_Evaluation', 'DesignCon_Booth_Visit', 'DesignCon_Booth_Visit', 'LinkedIn_Ad_Click', 'Lab_Integration_Discussion', 'No_Conversion']",0
L001126,Sofia Williams,Rayth_Tech,,,,Website,"['Oscilloscope_Selector_Tool', 'Opportunity', 'AutoSens_Tech_Talk', 'No_Conversion']",0
L001127,Chen Lee,Broadcom GmbH,,APAC,5G Testbeds,Event,"['Whitepaper_Download_5G_Test', 'MQL', 'IMS_Badge_Scan', 'Application_Engineer_Call', 'IMS_Badge_Scan', 'Loaner_Unit_Evaluation', 'Whitepaper_Download_5G_Test', 'Keysight_Workshop_RF_Testing', 'No_Conversion']",0
L001128,Laura Patel,Raytheon,Telecom,Europe,Automotive Ethernet,Sales Outreach,"['Application_Engineer_Call', 'Lab_Integration_Discussion', 'AutoSens_Tech_Talk', 'Customer']",1
L001129,Ahmed Johnson,Rayth_Tech,,North America,,Website,"['Application_Engineer_Call', 'LinkedIn_Ad_Click', 'Technical_Demo', 'PathWave_Trial_Request', 'Keysight_University_Course', 'Loaner_Unit_Evaluation', 'Keysight_Workshop_RF_Testing', 'Keysight_University_Course', 'No_Conversion']",0
L001130,Chen Chen,Sony_Tech,Automotive,,,Email Campaign,"['Lab_Integration_Discussion', 'Technical_Demo', 'Technical_Demo', 'Application_Engineer_Call', 'MQL', 'LinkedIn_Ad_Click', 'Lab_Integration_Discussion', 'Customer']",1
L001131,Michael Anders,Infineon,Semiconductor,,PathWave Software,Website,"['PathWave_Trial_Request', 'Opportunity', 'Customer']",1
L001132,Ahmed Ito,Sony GmbH,,,,Email Campaign,"['MQL', 'Opportunity', 'Keysight_University_Course', 'Oscilloscope_Selector_Tool', 'Whitepaper_Download_5G_Test', 'LinkedIn_Ad_Click', 'Oscilloscope_Selector_Tool', 'No_Conversion']",0
L001133,Hiroshi Martinez,Samsung Electronics,Aerospace,North America,,,"['Opportunity', 'Opportunity', 'MQL', 'AutoSens_Tech_Talk', 'Website_Product_Page', 'Website_Product_Page', 'Technical_Demo', 'Oscilloscope_Selector_Tool', 'Keysight_University_Course', 'Customer']",1
L001134,Laura Ito,Broadcom GmbH,,APAC,Oscilloscopes,Event,"['Keysight_University_Course', 'Keysight_University_Course', 'AutoSens_Tech_Talk', 'Oscilloscope_Selector_Tool', 'DesignCon_Booth_Visit', 'Oscilloscope_Selector_Tool', 'Customer']",1
L001135,,Tesla_Tech,Telecom,Europe,PathWave Software,Email Campaign,"['Application_Engineer_Call', 'Technical_Demo', 'Customer']",1
L001136,Sofia Anders,Samsung Electronics,,,,Email Campaign,['Customer'],1
L001137,,Sony_Tech,Electronics,,5G Testbeds,Email Campaign,"['MQL', 'DesignCon_Booth_Visit', 'PathWave_Trial_Request', 'AutoSens_Tech_Talk', 'LinkedIn_Ad_Click', 'Application_Engineer_Call', 'PathWave_Trial_Request', 'Customer']",1
L001138,Ahmed Khan,Samsung Electronics GmbH,Electronics,,5G Testbeds,Email Campaign,"['Technical_Demo', 'SQL', 'Technical_Demo', 'Lab_Integration_Discussion', 'IMS_Badge_Scan', 'No_Conversion']",0
L001139,,,,APAC,5G Testbeds,LinkedIn,"['Technical_Demo', 'No_Conversion']",0
L001140,Michael Tanaka,Qualcomm,Electronics,North America,,Website,"['DesignCon_Booth_Visit', 'PathWave_Trial_Request', 'IMS_Badge_Scan', 'LinkedIn_Ad_Click', 'Loaner_Unit_Evaluation', 'AutoSens_Tech_Talk', 'No_Conversion']",0
L001141,Ahmed Singh,Rayth_Tech,,Europe,,Email Campaign,"['MQL', 'No_Conversion']",0
L001142,,Samsu_Tech,Aerospace,APAC,,Event,"['IMS_Badge_Scan', 'Oscilloscope_Selector_Tool', 'PathWave_Trial_Request', 'Customer']",1
L001143,Ahmed Anders,Infineon GmbH,Semiconductor,APAC,5G Testbeds,Sales Outreach,"['PathWave_Trial_Request', 'Lab_Integration_Discussion', 'Application_Engineer_Call', 'Oscilloscope_Selector_Tool', 'Opportunity', 'Oscilloscope_Selector_Tool', 'SQL', 'Keysight_Workshop_RF_Testing', 'Loaner_Unit_Evaluation', 'No_Conversion']",0
L001144,Sarah Lee,NXP Semiconductors GmbH,Aerospace,Europe,5G Testbeds,Email Campaign,"['Website_Product_Page', 'SQL', 'IMS_Badge_Scan', 'Whitepaper_Download_5G_Test', 'Website_Product_Page', 'AutoSens_Tech_Talk', 'Keysight_University_Course', 'No_Conversion']",0
L001145,Chen Martinez,Sony_Tech,Automotive,LATAM,,LinkedIn,"['PathWave_Trial_Request', 'Keysight_Workshop_RF_Testing', 'AutoSens_Tech_Talk', 'DesignCon_Booth_Visit', 'AutoSens_Tech_Talk', 'Lab_Integration_Discussion', 'Keysight_University_Course', 'No_Conversion']",0
L001146,,NXP Semiconductors GmbH,Aerospace,APAC,PathWave Software,Website,"['SQL', 'IMS_Badge_Scan', 'DesignCon_Booth_Visit', 'Whitepaper_Download_5G_Test', 'Loaner_Unit_Evaluation', 'AutoSens_Tech_Talk', 'Technical_Demo', 'Website_Product_Page', 'Website_Product_Page', 'No_Conversion']",0
L001147,Hiroshi Tanaka,NXP Semiconductors GmbH,Semiconductor,APAC,,Email Campaign,"['Whitepaper_Download_5G_Test', 'Website_Product_Page', 'DesignCon_Booth_Visit', 'Website_Product_Page', 'SQL', 'PathWave_Trial_Request', 'No_Conversion']",0
L001148,Ahmed Anders,Infineon GmbH,Telecom,Europe,Automotive Ethernet,Webinar,"['Website_Product_Page', 'Technical_Demo', 'DesignCon_Booth_Visit', 'No_Conversion']",0
L001149,Michael Khan,NXPSe_Tech,Electronics,LATAM,Oscilloscopes,Webinar,"['PathWave_Trial_Request', 'AutoSens_Tech_Talk', 'Customer']",1
L001150,Sarah Garcia,NXP Semiconductors,Semiconductor,LATAM,PathWave Software,Webinar,"['Application_Engineer_Call', 'Loaner_Unit_Evaluation', 'Application_Engineer_Call', 'LinkedIn_Ad_Click', 'Opportunity', 'Oscilloscope_Selector_Tool', 'Whitepaper_Download_5G_Test', 'No_Conversion']",0
L001151,Maria Lee,NXP Semiconductors GmbH,Electronics,LATAM,,Webinar,"['Oscilloscope_Selector_Tool', 'Keysight_University_Course', 'LinkedIn_Ad_Click', 'PathWave_Trial_Request', 'DesignCon_Booth_Visit', 'Whitepaper_Download_5G_Test', 'Technical_Demo', 'SQL', 'No_Conversion']",0
L001152,Kenji Patel,Bosch_Tech,Semiconductor,,Automotive Ethernet,,"['PathWave_Trial_Request', 'SQL', 'DesignCon_Booth_Visit', 'No_Conversion']",0
L001153,Daniel Tanaka,Qualcomm,,LATAM,Oscilloscopes,LinkedIn,"['Opportunity', 'IMS_Badge_Scan', 'Loaner_Unit_Evaluation', 'Keysight_Workshop_RF_Testing', 'LinkedIn_Ad_Click', 'Lab_Integration_Discussion', 'Keysight_University_Course', 'Technical_Demo', 'Customer']",1
L001154,Sofia Ito,MetaC_Tech,Semiconductor,,,LinkedIn,"['IMS_Badge_Scan', 'Technical_Demo', 'Lab_Integration_Discussion', 'Lab_Integration_Discussion', 'Customer']",1
L001155,Sarah Ito,Meta Connectivity Labs,Telecom,North America,,Event,"['Keysight_Workshop_RF_Testing', 'Oscilloscope_Selector_Tool', 'Application_Engineer_Call', 'Loaner_Unit_Evaluation', 'DesignCon_Booth_Visit', 'LinkedIn_Ad_Click', 'No_Conversion']",0
L001156,,Samsung Electronics,,Europe,Automotive Ethernet,LinkedIn,"['Loaner_Unit_Evaluation', 'Lab_Integration_Discussion', 'No_Conversion']",0
L001157,Ravi Garcia,Raytheon GmbH,Automotive,,,,"['SQL', 'Lab_Integration_Discussion', 'Keysight_Workshop_RF_Testing', 'No_Conversion']",0
L001158,Hiroshi Tanaka,Meta Connectivity Labs,Semiconductor,,,Event,"['Keysight_University_Course', 'Lab_Integration_Discussion', 'Loaner_Unit_Evaluation', 'IMS_Badge_Scan', 'IMS_Badge_Scan', 'No_Conversion']",0
L001159,,NXP Semiconductors GmbH,Automotive,APAC,,LinkedIn,"['Oscilloscope_Selector_Tool', 'Oscilloscope_Selector_Tool', 'SQL', 'MQL', 'IMS_Badge_Scan', 'Customer']",1
L001160,Daniel Martinez,NXP Semiconductors GmbH,Automotive,,Automotive Ethernet,Sales Outreach,"['LinkedIn_Ad_Click', 'Website_Product_Page', 'Website_Product_Page', 'MQL', 'LinkedIn_Ad_Click', 'Customer']",1
L001161,Laura Khan,Bosch GmbH,,APAC,Oscilloscopes,Webinar,"['Loaner_Unit_Evaluation', 'IMS_Badge_Scan', 'Keysight_Workshop_RF_Testing', 'Lab_Integration_Discussion', 'Keysight_University_Course', 'Lab_Integration_Discussion', 'Application_Engineer_Call', 'MQL', 'Whitepaper_Download_5G_Test', 'Technical_Demo', 'No_Conversion']",0
L001162,Kenji Anders,Bosch,Aerospace,LATAM,,Event,"['Technical_Demo', 'Oscilloscope_Selector_Tool', 'Keysight_University_Course', 'SQL', 'No_Conversion']",0
L001163,Maria Williams,Raytheon,Automotive,North America,PathWave Software,Webinar,"['Loaner_Unit_Evaluation', 'Loaner_Unit_Evaluation', 'DesignCon_Booth_Visit', 'Technical_Demo', 'DesignCon_Booth_Visit', 'Whitepaper_Download_5G_Test', 'Technical_Demo', 'Oscilloscope_Selector_Tool', 'Whitepaper_Download_5G_Test', 'Customer']",1
L001164,Priya Martinez,Samsung Electronics GmbH,Telecom,APAC,PathWave Software,Event,"['LinkedIn_Ad_Click', 'IMS_Badge_Scan', 'Keysight_Workshop_RF_Testing', 'Technical_Demo', 'Customer']",1
L001165,Sarah Khan,Sony,,APAC,Oscilloscopes,LinkedIn,"['Application_Engineer_Call', 'PathWave_Trial_Request', 'Application_Engineer_Call', 'Website_Product_Page', 'Technical_Demo', 'Customer']",1
L001166,Hiroshi Martinez,Samsu_Tech,,Europe,,Sales Outreach,"['Loaner_Unit_Evaluation', 'MQL', 'No_Conversion']",0
L001167,Sofia Johnson,Tesla Energy,Automotive,LATAM,PathWave Software,Event,"['Website_Product_Page', 'Whitepaper_Download_5G_Test', 'LinkedIn_Ad_Click', 'Customer']",1
L001168,Ahmed Chen,NXP Semiconductors,,APAC,Oscilloscopes,LinkedIn,"['PathWave_Trial_Request', 'LinkedIn_Ad_Click', 'No_Conversion']",0
L001169,Hiroshi Singh,NXP Semiconductors,Semiconductor,,Oscilloscopes,Sales Outreach,"['Keysight_University_Course', 'DesignCon_Booth_Visit', 'SQL', 'Application_Engineer_Call', 'Keysight_Workshop_RF_Testing', 'MQL', 'Lab_Integration_Discussion', 'No_Conversion']",0
L001170,Ravi Patel,Infineon GmbH,Electronics,LATAM,5G Testbeds,,['Customer'],1
L001171,Priya Patel,Sony_Tech,Semiconductor,North America,5G Testbeds,LinkedIn,"['AutoSens_Tech_Talk', 'LinkedIn_Ad_Click', 'PathWave_Trial_Request', 'Opportunity', 'No_Conversion']",0
L001172,Chen Williams,Samsung Electronics,,APAC,PathWave Software,Sales Outreach,"['Lab_Integration_Discussion', 'Whitepaper_Download_5G_Test', 'DesignCon_Booth_Visit', 'No_Conversion']",0
L001173,,Qualcomm GmbH,Automotive,Europe,,,"['Oscilloscope_Selector_Tool', 'SQL', 'MQL', 'Customer']",1
L001174,Maria Lee,Tesla Energy GmbH,Semiconductor,North America,5G Testbeds,Webinar,"['MQL', 'Keysight_University_Course', 'AutoSens_Tech_Talk', 'DesignCon_Booth_Visit', 'Keysight_Workshop_RF_Testing', 'Opportunity', 'Application_Engineer_Call', 'LinkedIn_Ad_Click', 'Customer']",1
L001175,Michael Ito,Sony,Automotive,,,,"['Application_Engineer_Call', 'DesignCon_Booth_Visit', 'Customer']",1
L001176,Chen Singh,Bosch GmbH,,LATAM,Oscilloscopes,Webinar,"['Website_Product_Page', 'Oscilloscope_Selector_Tool', 'Opportunity', 'MQL', 'DesignCon_Booth_Visit', 'Loaner_Unit_Evaluation', 'Keysight_Workshop_RF_Testing', 'DesignCon_Booth_Visit', 'Keysight_Workshop_RF_Testing', 'Customer']",1
L001177,Sofia Williams,,,LATAM,,Website,"['Oscilloscope_Selector_Tool', 'Website_Product_Page', 'MQL', 'LinkedIn_Ad_Click', 'Application_Engineer_Call', 'MQL', 'LinkedIn_Ad_Click', 'Customer']",1
L001178,Michael Johnson,Infineon GmbH,Automotive,APAC,,,"['Keysight_University_Course', 'Keysight_University_Course', 'Oscilloscope_Selector_Tool', 'Customer']",1
L001179,Maria Chen,Raytheon GmbH,,,,LinkedIn,"['Lab_Integration_Discussion', 'Lab_Integration_Discussion', 'Customer']",1
L001180,Laura Tanaka,,,APAC,,Sales Outreach,"['Keysight_University_Course', 'Whitepaper_Download_5G_Test', 'DesignCon_Booth_Visit', 'Application_Engineer_Call', 'IMS_Badge_Scan', 'SQL', 'Keysight_Workshop_RF_Testing', 'Customer']",1
L001181,Sofia Chen,Qualcomm GmbH,Telecom,APAC,5G Testbeds,,"['Whitepaper_Download_5G_Test', 'Technical_Demo', 'Keysight_University_Course', 'Technical_Demo', 'Technical_Demo', 'No_Conversion']",0
L001182,Sofia Williams,Broadcom,Telecom,,,Event,"['Loaner_Unit_Evaluation', 'LinkedIn_Ad_Click', 'DesignCon_Booth_Visit', 'Lab_Integration_Discussion', 'MQL', 'Whitepaper_Download_5G_Test', 'No_Conversion']",0
L001183,Michael Martinez,Bosch GmbH,Semiconductor,,5G Testbeds,LinkedIn,"['Opportunity', 'Oscilloscope_Selector_Tool', 'Customer']",1
L001184,Kenji Chen,Qualc_Tech,Telecom,,PathWave Software,Website,"['IMS_Badge_Scan', 'IMS_Badge_Scan', 'IMS_Badge_Scan', 'Loaner_Unit_Evaluation', 'No_Conversion']",0
L001185,Ravi Khan,Meta Connectivity Labs GmbH,,North America,,LinkedIn,"['AutoSens_Tech_Talk', 'MQL', 'Keysight_University_Course', 'Lab_Integration_Discussion', 'Website_Product_Page', 'MQL', 'No_Conversion']",0
L001186,Sarah Johnson,Meta Connectivity Labs GmbH,Aerospace,APAC,Oscilloscopes,Website,['No_Conversion'],0
L001187,Sofia Patel,Qualc_Tech,,Europe,Oscilloscopes,Email Campaign,"['Oscilloscope_Selector_Tool', 'DesignCon_Booth_Visit', 'No_Conversion']",0
L001188,Ahmed Martinez,Tesla Energy,Automotive,,Oscilloscopes,Webinar,"['Application_Engineer_Call', 'Website_Product_Page', 'Whitepaper_Download_5G_Test', 'AutoSens_Tech_Talk', 'Whitepaper_Download_5G_Test', 'Loaner_Unit_Evaluation', 'DesignCon_Booth_Visit', 'Lab_Integration_Discussion', 'Loaner_Unit_Evaluation', 'Customer']",1
L001189,Ravi Tanaka,Meta Connectivity Labs GmbH,,,,,['Customer'],1
L001190,Chen Martinez,NXPSe_Tech,Aerospace,,Automotive Ethernet,Email Campaign,"['Opportunity', 'Website_Product_Page', 'Keysight_Workshop_RF_Testing', 'Website_Product_Page', 'LinkedIn_Ad_Click', 'PathWave_Trial_Request', 'No_Conversion']",0
L001191,Kenji Tanaka,,Semiconductor,APAC,,Website,"['DesignCon_Booth_Visit', 'DesignCon_Booth_Visit', 'Keysight_Workshop_RF_Testing', 'SQL', 'Keysight_Workshop_RF_Testing', 'Customer']",1
L001192,Ravi Lee,Sony,Aerospace,North America,Oscilloscopes,Email Campaign,['No_Conversion'],0
L001193,Maria Garcia,NXPSe_Tech,Telecom,Europe,5G Testbeds,Sales Outreach,"['AutoSens_Tech_Talk', 'Whitepaper_Download_5G_Test', 'LinkedIn_Ad_Click', 'AutoSens_Tech_Talk', 'Opportunity', 'PathWave_Trial_Request', 'Customer']",1
L001194,Sarah Chen,Meta Connectivity Labs GmbH,Telecom,,5G Testbeds,LinkedIn,"['Whitepaper_Download_5G_Test', 'Opportunity', 'DesignCon_Booth_Visit', 'Opportunity', 'Keysight_Workshop_RF_Testing', 'No_Conversion']",0
L001195,Sofia Garcia,Samsung Electronics,Telecom,,5G Testbeds,Website,"['Keysight_Workshop_RF_Testing', 'SQL', 'No_Conversion']",0
L001196,Hiroshi Johnson,Tesla Energy,Aerospace,APAC,5G Testbeds,Event,"['Website_Product_Page', 'No_Conversion']",0
L001197,Sarah Chen,Sony,Automotive,,,LinkedIn,"['Whitepaper_Download_5G_Test', 'AutoSens_Tech_Talk', 'No_Conversion']",0
L001198,Sofia Johnson,,Electronics,,Automotive Ethernet,Email Campaign,"['Oscilloscope_Selector_Tool', 'Technical_Demo', 'Application_Engineer_Call', 'Lab_Integration_Discussion', 'PathWave_Trial_Request', 'No_Conversion']",0
L001199,Chen Williams,Broadcom GmbH,Semiconductor,Europe,PathWave Software,,"['Whitepaper_Download_5G_Test', 'MQL', 'MQL', 'No_Conversion']",0
L001200,Hiroshi Johnson,Rayth_Tech,,Europe,Oscilloscopes,Webinar,"['Lab_Integration_Discussion', 'Oscilloscope_Selector_Tool', 'Application_Engineer_Call', 'IMS_Badge_Scan', 'AutoSens_Tech_Talk', 'PathWave_Trial_Request', 'IMS_Badge_Scan', 'Keysight_Workshop_RF_Testing', 'Customer']",1
L001201,Laura Anders,Samsung Electronics GmbH,Semiconductor,,,Email Campaign,['Customer'],1
L001202,,NXP Semiconductors GmbH,,APAC,,Email Campaign,"['Keysight_Workshop_RF_Testing', 'PathWave_Trial_Request', 'IMS_Badge_Scan', 'Loaner_Unit_Evaluation', 'Technical_Demo', 'Customer']",1
L001203,Kenji Anders,Infineon,,North America,,Webinar,"['Keysight_University_Course', 'Keysight_Workshop_RF_Testing', 'Oscilloscope_Selector_Tool', 'Customer']",1
L001204,Ravi Martinez,,,North America,5G Testbeds,Event,"['Application_Engineer_Call', 'SQL', 'Keysight_Workshop_RF_Testing', 'Loaner_Unit_Evaluation', 'No_Conversion']",0
L001205,Michael Anders,Sony GmbH,Automotive,Europe,5G Testbeds,LinkedIn,"['MQL', 'DesignCon_Booth_Visit', 'Keysight_Workshop_RF_Testing', 'LinkedIn_Ad_Click', 'Customer']",1
L001206,,,Automotive,Europe,Oscilloscopes,Sales Outreach,"['LinkedIn_Ad_Click', 'Whitepaper_Download_5G_Test', 'DesignCon_Booth_Visit', 'Customer']",1
L001207,Maria Chen,Infineon,,Europe,Oscilloscopes,Email Campaign,"['Application_Engineer_Call', 'Website_Product_Page', 'Keysight_Workshop_RF_Testing', 'SQL', 'IMS_Badge_Scan', 'LinkedIn_Ad_Click', 'Oscilloscope_Selector_Tool', 'Loaner_Unit_Evaluation', 'Oscilloscope_Selector_Tool', 'Opportunity', 'No_Conversion']",0
L001208,Sarah Martinez,Broad_Tech,Telecom,,Oscilloscopes,Event,"['Technical_Demo', 'AutoSens_Tech_Talk', 'IMS_Badge_Scan', 'IMS_Badge_Scan', 'Opportunity', 'Customer']",1
L001209,Chen Johnson,Tesla Energy,,APAC,Oscilloscopes,Website,"['Keysight_Workshop_RF_Testing', 'SQL', 'Application_Engineer_Call', 'DesignCon_Booth_Visit', 'IMS_Badge_Scan', 'Whitepaper_Download_5G_Test', 'PathWave_Trial_Request', 'Oscilloscope_Selector_Tool', 'SQL', 'Keysight_Workshop_RF_Testing', 'Customer']",1
L001210,Michael Tanaka,Infin_Tech,Telecom,North America,,Event,"['Loaner_Unit_Evaluation', 'Keysight_University_Course', 'Whitepaper_Download_5G_Test', 'Loaner_Unit_Evaluation', 'Application_Engineer_Call', 'Customer']",1
L001211,Chen Tanaka,Meta Connectivity Labs GmbH,Aerospace,,5G Testbeds,Email Campaign,"['Opportunity', 'Loaner_Unit_Evaluation', 'Keysight_University_Course', 'Keysight_Workshop_RF_Testing', 'Keysight_University_Course', 'MQL', 'No_Conversion']",0
L001212,Ravi Lee,,,LATAM,PathWave Software,Website,"['LinkedIn_Ad_Click', 'LinkedIn_Ad_Click', 'Application_Engineer_Call', 'MQL', 'Customer']",1
L001213,Michael Ito,Infineon GmbH,,North America,,Email Campaign,"['Keysight_University_Course', 'IMS_Badge_Scan', 'SQL', 'LinkedIn_Ad_Click', 'No_Conversion']",0
L001214,Laura Chen,Infineon GmbH,Aerospace,LATAM,,Webinar,"['DesignCon_Booth_Visit', 'Application_Engineer_Call', 'Loaner_Unit_Evaluation', 'Lab_Integration_Discussion', 'SQL', 'No_Conversion']",0
L001215,Hiroshi Singh,,,,Automotive Ethernet,Sales Outreach,"['DesignCon_Booth_Visit', 'Keysight_University_Course', 'Keysight_Workshop_RF_Testing', 'MQL', 'IMS_Badge_Scan', 'PathWave_Trial_Request', 'AutoSens_Tech_Talk', 'Technical_Demo', 'No_Conversion']",0
L001216,Laura Ito,Bosch GmbH,,LATAM,,Email Campaign,"['MQL', 'Website_Product_Page', 'Application_Engineer_Call', 'Technical_Demo', 'MQL', 'LinkedIn_Ad_Click', 'No_Conversion']",0
L001217,Ahmed Tanaka,Tesla Energy,,APAC,,LinkedIn,"['Lab_Integration_Discussion', 'Keysight_University_Course', 'Website_Product_Page', 'No_Conversion']",0
L001218,Chen Chen,Bosch_Tech,Aerospace,LATAM,PathWave Software,Event,"['LinkedIn_Ad_Click', 'Application_Engineer_Call', 'Opportunity', 'DesignCon_Booth_Visit', 'Website_Product_Page', 'Customer']",1
L001219,Sarah Khan,Meta Connectivity Labs,Semiconductor,,Automotive Ethernet,Webinar,"['SQL', 'Opportunity', 'LinkedIn_Ad_Click', 'Website_Product_Page', 'No_Conversion']",0
L001220,Sofia Anders,,Automotive,North America,Automotive Ethernet,LinkedIn,"['Lab_Integration_Discussion', 'Oscilloscope_Selector_Tool', 'No_Conversion']",0
L001221,Ahmed Tanaka,Tesla Energy GmbH,,,5G Testbeds,Sales Outreach,"['Application_Engineer_Call', 'Customer']",1
L001222,Sarah Patel,Bosch GmbH,Semiconductor,APAC,,Webinar,"['Keysight_Workshop_RF_Testing', 'IMS_Badge_Scan', 'Oscilloscope_Selector_Tool', 'Website_Product_Page', 'Customer']",1
L001223,Sarah Ito,Qualcomm,Aerospace,APAC,PathWave Software,Sales Outreach,"['Loaner_Unit_Evaluation', 'Lab_Integration_Discussion', 'Lab_Integration_Discussion', 'MQL', 'Lab_Integration_Discussion', 'Whitepaper_Download_5G_Test', 'DesignCon_Booth_Visit', 'PathWave_Trial_Request', 'Keysight_Workshop_RF_Testing', 'Keysight_University_Course', 'Customer']",1
L001224,Ravi Martinez,,,Europe,,Sales Outreach,"['PathWave_Trial_Request', 'Loaner_Unit_Evaluation', 'AutoSens_Tech_Talk', 'IMS_Badge_Scan', 'Lab_Integration_Discussion', 'Website_Product_Page', 'IMS_Badge_Scan', 'Customer']",1
L001225,Priya Anders,MetaC_Tech,,Europe,Oscilloscopes,,"['Lab_Integration_Discussion', 'PathWave_Trial_Request', 'Whitepaper_Download_5G_Test', 'Technical_Demo', 'Lab_Integration_Discussion', 'Loaner_Unit_Evaluation', 'Keysight_University_Course', 'Customer']",1
L001226,,Tesla Energy GmbH,Telecom,APAC,Oscilloscopes,LinkedIn,"['Technical_Demo', 'Keysight_Workshop_RF_Testing', 'IMS_Badge_Scan', 'PathWave_Trial_Request', 'No_Conversion']",0
L001227,,Qualcomm GmbH,Semiconductor,,Automotive Ethernet,Sales Outreach,"['Loaner_Unit_Evaluation', 'IMS_Badge_Scan', 'Website_Product_Page', 'SQL', 'DesignCon_Booth_Visit', 'Oscilloscope_Selector_Tool', 'AutoSens_Tech_Talk', 'No_Conversion']",0
L001228,Chen Garcia,Rayth_Tech,Semiconductor,North America,Automotive Ethernet,Event,"['SQL', 'Opportunity', 'Keysight_Workshop_RF_Testing', 'Application_Engineer_Call', 'Customer']",1
L001229,Michael Martinez,Bosch_Tech,,Europe,Automotive Ethernet,Sales Outreach,['No_Conversion'],0
L001230,Sarah Martinez,MetaC_Tech,,,,Website,"['Lab_Integration_Discussion', 'SQL', 'No_Conversion']",0
L001231,Kenji Chen,,Aerospace,Europe,,Event,"['Lab_Integration_Discussion', 'DesignCon_Booth_Visit', 'IMS_Badge_Scan', 'SQL', 'PathWave_Trial_Request', 'LinkedIn_Ad_Click', 'Lab_Integration_Discussion', 'Loaner_Unit_Evaluation', 'Customer']",1
L001232,Ahmed Singh,Rayth_Tech,Aerospace,APAC,,Event,"['AutoSens_Tech_Talk', 'Application_Engineer_Call', 'Loaner_Unit_Evaluation', 'Whitepaper_Download_5G_Test', 'Keysight_Workshop_RF_Testing', 'Website_Product_Page', 'DesignCon_Booth_Visit', 'Technical_Demo', 'Customer']",1
L001233,Priya Lee,Samsung Electronics,Aerospace,North America,Automotive Ethernet,LinkedIn,"['Opportunity', 'Loaner_Unit_Evaluation', 'Keysight_University_Course', 'MQL', 'AutoSens_Tech_Talk', 'Opportunity', 'Website_Product_Page', 'Customer']",1
L001234,Chen Martinez,,Aerospace,LATAM,PathWave Software,Webinar,"['Oscilloscope_Selector_Tool', 'Whitepaper_Download_5G_Test', 'LinkedIn_Ad_Click', 'Customer']",1
L001235,Hiroshi Garcia,,,,,,"['Oscilloscope_Selector_Tool', 'Keysight_University_Course', 'DesignCon_Booth_Visit', 'Loaner_Unit_Evaluation', 'No_Conversion']",0
L001236,Ahmed Patel,,Electronics,APAC,,Sales Outreach,"['LinkedIn_Ad_Click', 'MQL', 'IMS_Badge_Scan', 'Lab_Integration_Discussion', 'DesignCon_Booth_Visit', 'Technical_Demo', 'Lab_Integration_Discussion', 'Customer']",1
L001237,Hiroshi Patel,,Automotive,Europe,Automotive Ethernet,LinkedIn,"['Oscilloscope_Selector_Tool', 'Lab_Integration_Discussion', 'Keysight_University_Course', 'Technical_Demo', 'Opportunity', 'DesignCon_Booth_Visit', 'No_Conversion']",0
L001238,Chen Tanaka,NXP Semiconductors GmbH,,Europe,PathWave Software,Website,"['Oscilloscope_Selector_Tool', 'Whitepaper_Download_5G_Test', 'Oscilloscope_Selector_Tool', 'Lab_Integration_Discussion', 'MQL', 'Website_Product_Page', 'MQL', 'Oscilloscope_Selector_Tool', 'No_Conversion']",0
L001239,Maria Anders,,,LATAM,,Event,"['MQL', 'Keysight_University_Course', 'SQL', 'No_Conversion']",0
L001240,Maria Patel,Samsu_Tech,Telecom,LATAM,PathWave Software,,"['Keysight_Workshop_RF_Testing', 'Technical_Demo', 'Technical_Demo', 'PathWave_Trial_Request', 'No_Conversion']",0
L001241,Sofia Patel,Broadcom,Telecom,LATAM,PathWave Software,Event,"['Oscilloscope_Selector_Tool', 'IMS_Badge_Scan', 'PathWave_Trial_Request', 'No_Conversion']",0
L001242,Sofia Garcia,,Telecom,LATAM,PathWave Software,Sales Outreach,"['Oscilloscope_Selector_Tool', 'Website_Product_Page', 'Technical_Demo', 'SQL', 'No_Conversion']",0
L001243,Chen Martinez,,Automotive,LATAM,Automotive Ethernet,Webinar,"['Technical_Demo', 'Technical_Demo', 'Website_Product_Page', 'No_Conversion']",0
L001244,Chen Tanaka,NXP Semiconductors GmbH,,APAC,,LinkedIn,"['Oscilloscope_Selector_Tool', 'PathWave_Trial_Request', 'Keysight_University_Course', 'Technical_Demo', 'Keysight_University_Course', 'SQL', 'Customer']",1
L001245,Maria Patel,Infineon,Automotive,North America,,Sales Outreach,"['Opportunity', 'AutoSens_Tech_Talk', 'MQL', 'Application_Engineer_Call', 'DesignCon_Booth_Visit', 'No_Conversion']",0
L001246,Laura Anders,Raytheon GmbH,,Europe,5G Testbeds,Sales Outreach,"['LinkedIn_Ad_Click', 'IMS_Badge_Scan', 'No_Conversion']",0
L001247,Maria Singh,,,North America,,,"['Website_Product_Page', 'DesignCon_Booth_Visit', 'IMS_Badge_Scan', 'Technical_Demo', 'Opportunity', 'Loaner_Unit_Evaluation', 'Customer']",1
L001248,,NXP Semiconductors,Telecom,APAC,,LinkedIn,"['Loaner_Unit_Evaluation', 'Website_Product_Page', 'Lab_Integration_Discussion', 'Loaner_Unit_Evaluation', 'Website_Product_Page', 'Loaner_Unit_Evaluation', 'Whitepaper_Download_5G_Test', 'Loaner_Unit_Evaluation', 'DesignCon_Booth_Visit', 'SQL', 'Customer']",1
L001249,Chen Tanaka,Qualcomm,Aerospace,North America,Oscilloscopes,LinkedIn,"['Whitepaper_Download_5G_Test', 'Website_Product_Page', 'No_Conversion']",0
L001250,Ravi Khan,Bosch_Tech,Semiconductor,Europe,,Webinar,"['AutoSens_Tech_Talk', 'Oscilloscope_Selector_Tool', 'AutoSens_Tech_Talk', 'No_Conversion']",0
L001251,Hiroshi Lee,,Electronics,APAC,,Website,"['Website_Product_Page', 'Whitepaper_Download_5G_Test', 'IMS_Badge_Scan', 'Opportunity', 'Whitepaper_Download_5G_Test', 'No_Conversion']",0
L001252,Priya Chen,NXP Semiconductors GmbH,Telecom,North America,,,"['Technical_Demo', 'Website_Product_Page', 'Lab_Integration_Discussion', 'No_Conversion']",0
L001253,Kenji Garcia,Sony_Tech,Automotive,LATAM,,Event,"['Technical_Demo', 'Keysight_University_Course', 'MQL', 'Application_Engineer_Call', 'Keysight_Workshop_RF_Testing', 'Website_Product_Page', 'Lab_Integration_Discussion', 'Keysight_Workshop_RF_Testing', 'No_Conversion']",0
L001254,Michael Singh,NXP Semiconductors GmbH,Telecom,LATAM,,Email Campaign,"['Website_Product_Page', 'Loaner_Unit_Evaluation', 'IMS_Badge_Scan', 'Customer']",1
L001255,Chen Johnson,Samsu_Tech,Automotive,,Oscilloscopes,,"['Whitepaper_Download_5G_Test', 'AutoSens_Tech_Talk', 'Application_Engineer_Call', 'MQL', 'Technical_Demo', 'No_Conversion']",0
L001256,Hiroshi Williams,Bosch,,APAC,,Sales Outreach,"['DesignCon_Booth_Visit', 'LinkedIn_Ad_Click', 'LinkedIn_Ad_Click', 'Oscilloscope_Selector_Tool', 'Opportunity', 'Opportunity', 'Opportunity', 'Opportunity', 'No_Conversion']",0
L001257,Ravi Chen,Qualc_Tech,Semiconductor,North America,PathWave Software,Sales Outreach,"['IMS_Badge_Scan', 'Website_Product_Page', 'Customer']",1
L001258,Maria Singh,Samsung Electronics,Semiconductor,,Oscilloscopes,Email Campaign,"['Oscilloscope_Selector_Tool', 'MQL', 'PathWave_Trial_Request', 'Keysight_University_Course', 'Lab_Integration_Discussion', 'SQL', 'Website_Product_Page', 'Customer']",1
L001259,Kenji Khan,Infin_Tech,Telecom,North America,,LinkedIn,"['Keysight_Workshop_RF_Testing', 'MQL', 'Website_Product_Page', 'AutoSens_Tech_Talk', 'Oscilloscope_Selector_Tool', 'Website_Product_Page', 'Customer']",1
L001260,,,,LATAM,PathWave Software,LinkedIn,"['Opportunity', 'IMS_Badge_Scan', 'Oscilloscope_Selector_Tool', 'Oscilloscope_Selector_Tool', 'Keysight_Workshop_RF_Testing', 'Opportunity', 'DesignCon_Booth_Visit', 'Opportunity', 'Customer']",1
L001261,Kenji Williams,,Telecom,,5G Testbeds,Website,"['Application_Engineer_Call', 'MQL', 'Application_Engineer_Call', 'PathWave_Trial_Request', 'DesignCon_Booth_Visit', 'MQL', 'Customer']",1
L001262,Ravi Garcia,NXP Semiconductors GmbH,Semiconductor,,5G Testbeds,Webinar,"['MQL', 'Website_Product_Page', 'Loaner_Unit_Evaluation', 'No_Conversion']",0
L001263,Laura Chen,Sony GmbH,,LATAM,Automotive Ethernet,LinkedIn,"['Opportunity', 'AutoSens_Tech_Talk', 'Opportunity', 'Oscilloscope_Selector_Tool', 'MQL', 'Customer']",1
L001264,Maria Chen,Meta Connectivity Labs,,North America,5G Testbeds,Event,"['IMS_Badge_Scan', 'Lab_Integration_Discussion', 'Oscilloscope_Selector_Tool', 'PathWave_Trial_Request', 'Oscilloscope_Selector_Tool', 'Loaner_Unit_Evaluation', 'Customer']",1
L001265,Laura Johnson,NXP Semiconductors GmbH,,,5G Testbeds,Email Campaign,"['SQL', 'LinkedIn_Ad_Click', 'Opportunity', 'Loaner_Unit_Evaluation', 'Oscilloscope_Selector_Tool', 'Customer']",1
L001266,Hiroshi Patel,,,APAC,5G Testbeds,Sales Outreach,"['LinkedIn_Ad_Click', 'SQL', 'AutoSens_Tech_Talk', 'Customer']",1
L001267,Daniel Singh,NXP Semiconductors,,North America,,Website,"['DesignCon_Booth_Visit', 'AutoSens_Tech_Talk', 'SQL', 'IMS_Badge_Scan', 'Customer']",1
L001268,Maria Anders,,,North America,Oscilloscopes,,['Customer'],1
L001269,,Bosch GmbH,Aerospace,Europe,,,['Customer'],1
L001270,Michael Garcia,Rayth_Tech,,APAC,,Webinar,"['Keysight_University_Course', 'Lab_Integration_Discussion', 'DesignCon_Booth_Visit', 'No_Conversion']",0
L001271,Sarah Tanaka,Qualcomm,Aerospace,North America,,Website,"['SQL', 'Customer']",1
L001272,Maria Tanaka,Broadcom,Semiconductor,North America,Oscilloscopes,Sales Outreach,"['Technical_Demo', 'Whitepaper_Download_5G_Test', 'Oscilloscope_Selector_Tool', 'Keysight_Workshop_RF_Testing', 'Application_Engineer_Call', 'No_Conversion']",0
L001273,Sofia Garcia,,,APAC,,Website,"['Keysight_Workshop_RF_Testing', 'Website_Product_Page', 'LinkedIn_Ad_Click', 'Technical_Demo', 'DesignCon_Booth_Visit', 'MQL', 'Website_Product_Page', 'No_Conversion']",0
L001274,Maria Ito,Bosch_Tech,,North America,,Event,"['Website_Product_Page', 'Opportunity', 'Keysight_University_Course', 'Keysight_University_Course', 'Keysight_University_Course', 'Loaner_Unit_Evaluation', 'SQL', 'No_Conversion']",0
L001275,Sofia Lee,Broad_Tech,Automotive,Europe,5G Testbeds,Webinar,['No_Conversion'],0
L001276,Hiroshi Anders,Bosch,Semiconductor,,,Website,"['Keysight_University_Course', 'LinkedIn_Ad_Click', 'Website_Product_Page', 'LinkedIn_Ad_Click', 'Website_Product_Page', 'DesignCon_Booth_Visit', 'No_Conversion']",0
L001277,,Raytheon,Automotive,,,Webinar,"['Keysight_Workshop_RF_Testing', 'Loaner_Unit_Evaluation', 'Technical_Demo', 'Website_Product_Page', 'Lab_Integration_Discussion', 'Lab_Integration_Discussion', 'Keysight_University_Course', 'PathWave_Trial_Request', 'Loaner_Unit_Evaluation', 'No_Conversion']",0
L001278,Laura Khan,MetaC_Tech,Telecom,LATAM,Automotive Ethernet,Sales Outreach,"['Application_Engineer_Call', 'DesignCon_Booth_Visit', 'SQL', 'Oscilloscope_Selector_Tool', 'Opportunity', 'Technical_Demo', 'DesignCon_Booth_Visit', 'MQL', 'Keysight_University_Course', 'Keysight_University_Course', 'No_Conversion']",0
L001279,Sofia Johnson,Qualcomm GmbH,,APAC,,Website,"['DesignCon_Booth_Visit', 'Lab_Integration_Discussion', 'IMS_Badge_Scan', 'Customer']",1
L001280,Hiroshi Martinez,Qualcomm GmbH,Electronics,LATAM,,Sales Outreach,"['Keysight_University_Course', 'Opportunity', 'IMS_Badge_Scan', 'Oscilloscope_Selector_Tool', 'Whitepaper_Download_5G_Test', 'No_Conversion']",0
L001281,Sofia Anders,Qualc_Tech,,North America,,Event,"['AutoSens_Tech_Talk', 'IMS_Badge_Scan', 'Keysight_Workshop_RF_Testing', 'Technical_Demo', 'Website_Product_Page', 'No_Conversion']",0
L001282,Sarah Khan,Samsung Electronics GmbH,Semiconductor,APAC,Oscilloscopes,Webinar,"['Oscilloscope_Selector_Tool', 'Application_Engineer_Call', 'Oscilloscope_Selector_Tool', 'MQL', 'IMS_Badge_Scan', 'Application_Engineer_Call', 'Oscilloscope_Selector_Tool', 'Customer']",1
L001283,,Samsung Electronics GmbH,Telecom,Europe,,Event,"['Keysight_University_Course', 'Keysight_Workshop_RF_Testing', 'PathWave_Trial_Request', 'Website_Product_Page', 'PathWave_Trial_Request', 'MQL', 'AutoSens_Tech_Talk', 'Technical_Demo', 'AutoSens_Tech_Talk', 'No_Conversion']",0
L001284,Sarah Johnson,Samsung Electronics,Semiconductor,APAC,Automotive Ethernet,LinkedIn,"['IMS_Badge_Scan', 'Technical_Demo', 'Keysight_University_Course', 'LinkedIn_Ad_Click', 'Loaner_Unit_Evaluation', 'AutoSens_Tech_Talk', 'Lab_Integration_Discussion', 'Application_Engineer_Call', 'IMS_Badge_Scan', 'No_Conversion']",0
L001285,Ravi Khan,Meta Connectivity Labs,,,5G Testbeds,LinkedIn,['Customer'],1
L001286,Chen Patel,Bosch GmbH,,North America,5G Testbeds,Webinar,"['DesignCon_Booth_Visit', 'IMS_Badge_Scan', 'AutoSens_Tech_Talk', 'DesignCon_Booth_Visit', 'PathWave_Trial_Request', 'DesignCon_Booth_Visit', 'DesignCon_Booth_Visit', 'Keysight_University_Course', 'Loaner_Unit_Evaluation', 'No_Conversion']",0
L001287,Sofia Anders,,Aerospace,,,Event,"['LinkedIn_Ad_Click', 'Opportunity', 'PathWave_Trial_Request', 'Lab_Integration_Discussion', 'Customer']",1
L001288,Kenji Martinez,Broad_Tech,,Europe,,Sales Outreach,"['Oscilloscope_Selector_Tool', 'AutoSens_Tech_Talk', 'Whitepaper_Download_5G_Test', 'No_Conversion']",0
L001289,Michael Patel,Qualc_Tech,,LATAM,Oscilloscopes,LinkedIn,['No_Conversion'],0
L001290,Daniel Johnson,Bosch_Tech,Automotive,LATAM,Oscilloscopes,,"['Technical_Demo', 'Whitepaper_Download_5G_Test', 'Loaner_Unit_Evaluation', 'Technical_Demo', 'Customer']",1
L001291,Ravi Chen,Tesla_Tech,Automotive,North America,Automotive Ethernet,Email Campaign,"['PathWave_Trial_Request', 'Website_Product_Page', 'Loaner_Unit_Evaluation', 'IMS_Badge_Scan', 'LinkedIn_Ad_Click', 'Customer']",1
L001292,Michael Johnson,Bosch GmbH,Telecom,Europe,Oscilloscopes,LinkedIn,['Customer'],1
L001293,Ravi Singh,,Telecom,LATAM,,Sales Outreach,"['PathWave_Trial_Request', 'Opportunity', 'Website_Product_Page', 'Technical_Demo', 'Website_Product_Page', 'Loaner_Unit_Evaluation', 'Customer']",1
L001294,Sarah Johnson,Infin_Tech,Automotive,Europe,,Website,"['Lab_Integration_Discussion', 'Whitepaper_Download_5G_Test', 'Keysight_University_Course', 'Oscilloscope_Selector_Tool', 'DesignCon_Booth_Visit', 'MQL', 'DesignCon_Booth_Visit', 'Whitepaper_Download_5G_Test', 'No_Conversion']",0
L001295,Kenji Chen,Qualcomm GmbH,Telecom,,,Event,"['IMS_Badge_Scan', 'IMS_Badge_Scan', 'SQL', 'Customer']",1
L001296,,Tesla Energy GmbH,Telecom,North America,,Webinar,['Customer'],1
L001297,Priya Anders,Infin_Tech,,North America,,Webinar,"['SQL', 'Loaner_Unit_Evaluation', 'Technical_Demo', 'PathWave_Trial_Request', 'Customer']",1
L001298,Maria Garcia,,Semiconductor,APAC,PathWave Software,,"['IMS_Badge_Scan', 'Application_Engineer_Call', 'Whitepaper_Download_5G_Test', 'Lab_Integration_Discussion', 'Keysight_Workshop_RF_Testing', 'Opportunity', 'LinkedIn_Ad_Click', 'IMS_Badge_Scan', 'Lab_Integration_Discussion', 'No_Conversion']",0
L001299,Michael Johnson,Bosch,Semiconductor,Europe,,Event,"['SQL', 'Keysight_University_Course', 'IMS_Badge_Scan', 'Keysight_Workshop_RF_Testing', 'Keysight_University_Course', 'PathWave_Trial_Request', 'Loaner_Unit_Evaluation', 'Customer']",1
L001300,Chen Lee,,,North America,Oscilloscopes,Email Campaign,"['Technical_Demo', 'IMS_Badge_Scan', 'Oscilloscope_Selector_Tool', 'Application_Engineer_Call', 'Opportunity', 'LinkedIn_Ad_Click', 'MQL', 'Lab_Integration_Discussion', 'Lab_Integration_Discussion', 'No_Conversion']",0
L001301,Hiroshi Anders,Sony_Tech,,North America,5G Testbeds,LinkedIn,"['Application_Engineer_Call', 'PathWave_Trial_Request', 'Lab_Integration_Discussion', 'Technical_Demo', 'Keysight_University_Course', 'Whitepaper_Download_5G_Test', 'Application_Engineer_Call', 'MQL', 'DesignCon_Booth_Visit', 'MQL', 'No_Conversion']",0
L001302,Sarah Ito,Qualcomm,Semiconductor,North America,5G Testbeds,Event,"['PathWave_Trial_Request', 'Whitepaper_Download_5G_Test', 'Lab_Integration_Discussion', 'IMS_Badge_Scan', 'DesignCon_Booth_Visit', 'SQL', 'Keysight_University_Course', 'Customer']",1
L001303,Sofia Singh,Raytheon,Telecom,North America,,Email Campaign,"['Whitepaper_Download_5G_Test', 'Lab_Integration_Discussion', 'Lab_Integration_Discussion', 'Application_Engineer_Call', 'Customer']",1
L001304,Hiroshi Anders,Sony GmbH,Semiconductor,Europe,PathWave Software,LinkedIn,"['MQL', 'Application_Engineer_Call', 'SQL', 'Loaner_Unit_Evaluation', 'MQL', 'LinkedIn_Ad_Click', 'Technical_Demo', 'Lab_Integration_Discussion', 'Application_Engineer_Call', 'Technical_Demo', 'Customer']",1
L001305,Maria Patel,MetaC_Tech,,Europe,Automotive Ethernet,Website,['No_Conversion'],0
L001306,Hiroshi Ito,Sony GmbH,,Europe,,Webinar,"['Application_Engineer_Call', 'PathWave_Trial_Request', 'Customer']",1
L001307,Sarah Singh,Samsung Electronics,Telecom,LATAM,Oscilloscopes,LinkedIn,"['Oscilloscope_Selector_Tool', 'No_Conversion']",0
L001308,Michael Anders,,Aerospace,LATAM,,Webinar,"['Keysight_Workshop_RF_Testing', 'Oscilloscope_Selector_Tool', 'IMS_Badge_Scan', 'Oscilloscope_Selector_Tool', 'LinkedIn_Ad_Click', 'MQL', 'AutoSens_Tech_Talk', 'PathWave_Trial_Request', 'Opportunity', 'Whitepaper_Download_5G_Test', 'Customer']",1
L001309,Ahmed Johnson,Raytheon,Electronics,Europe,PathWave Software,,"['Loaner_Unit_Evaluation', 'AutoSens_Tech_Talk', 'IMS_Badge_Scan', 'Application_Engineer_Call', 'Oscilloscope_Selector_Tool', 'No_Conversion']",0
L001310,Michael Martinez,,,APAC,,,"['DesignCon_Booth_Visit', 'AutoSens_Tech_Talk', 'Loaner_Unit_Evaluation', 'IMS_Badge_Scan', 'Customer']",1
L001311,Michael Ito,,Automotive,Europe,,Event,"['LinkedIn_Ad_Click', 'No_Conversion']",0
L001312,Kenji Lee,Tesla_Tech,Semiconductor,LATAM,Automotive Ethernet,Email Campaign,"['PathWave_Trial_Request', 'Website_Product_Page', 'Loaner_Unit_Evaluation', 'DesignCon_Booth_Visit', 'SQL', 'Customer']",1
L001313,Daniel Williams,Tesla_Tech,Electronics,LATAM,5G Testbeds,Webinar,"['DesignCon_Booth_Visit', 'Application_Engineer_Call', 'Keysight_Workshop_RF_Testing', 'Customer']",1
L001314,Chen Tanaka,Sony GmbH,Semiconductor,North America,Oscilloscopes,Website,"['Opportunity', 'AutoSens_Tech_Talk', 'DesignCon_Booth_Visit', 'Oscilloscope_Selector_Tool', 'Customer']",1
L001315,Priya Garcia,Qualc_Tech,,APAC,Automotive Ethernet,LinkedIn,"['Lab_Integration_Discussion', 'Loaner_Unit_Evaluation', 'MQL', 'Website_Product_Page', 'LinkedIn_Ad_Click', 'No_Conversion']",0
L001316,Priya Anders,Bosch GmbH,Automotive,,,Website,"['Oscilloscope_Selector_Tool', 'Website_Product_Page', 'Lab_Integration_Discussion', 'Loaner_Unit_Evaluation', 'AutoSens_Tech_Talk', 'Website_Product_Page', 'Oscilloscope_Selector_Tool', 'Customer']",1
L001317,Ahmed Ito,Qualcomm,,APAC,Oscilloscopes,Event,"['Website_Product_Page', 'Technical_Demo', 'Opportunity', 'IMS_Badge_Scan', 'Technical_Demo', 'SQL', 'LinkedIn_Ad_Click', 'No_Conversion']",0
L001318,Hiroshi Martinez,Tesla_Tech,Telecom,Europe,,Sales Outreach,"['SQL', 'Keysight_University_Course', 'LinkedIn_Ad_Click', 'Lab_Integration_Discussion', 'Application_Engineer_Call', 'Application_Engineer_Call', 'DesignCon_Booth_Visit', 'Keysight_University_Course', 'AutoSens_Tech_Talk', 'Customer']",1
L001319,Michael Johnson,Broadcom,Telecom,Europe,,,"['SQL', 'IMS_Badge_Scan', 'SQL', 'Keysight_University_Course', 'AutoSens_Tech_Talk', 'Whitepaper_Download_5G_Test', 'AutoSens_Tech_Talk', 'Customer']",1
L001320,Hiroshi Martinez,Sony,Aerospace,Europe,,Sales Outreach,"['Keysight_Workshop_RF_Testing', 'IMS_Badge_Scan', 'No_Conversion']",0
L001321,Ahmed Anders,,Automotive,,Automotive Ethernet,Email Campaign,"['MQL', 'MQL', 'PathWave_Trial_Request', 'IMS_Badge_Scan', 'No_Conversion']",0
L001322,Michael Martinez,Raytheon,,LATAM,,Event,"['Technical_Demo', 'Website_Product_Page', 'PathWave_Trial_Request', 'PathWave_Trial_Request', 'Customer']",1
L001323,,Broad_Tech,Automotive,,Automotive Ethernet,LinkedIn,"['SQL', 'Keysight_Workshop_RF_Testing', 'DesignCon_Booth_Visit', 'Keysight_University_Course', 'Loaner_Unit_Evaluation', 'Keysight_Workshop_RF_Testing', 'Website_Product_Page', 'SQL', 'Customer']",1
L001324,Hiroshi Patel,Raytheon GmbH,Semiconductor,North America,Oscilloscopes,Email Campaign,"['AutoSens_Tech_Talk', 'MQL', 'Website_Product_Page', 'No_Conversion']",0
L001325,Sarah Khan,Bosch,Aerospace,,,Webinar,"['LinkedIn_Ad_Click', 'MQL', 'Lab_Integration_Discussion', 'Keysight_Workshop_RF_Testing', 'PathWave_Trial_Request', 'SQL', 'Keysight_Workshop_RF_Testing', 'DesignCon_Booth_Visit', 'Customer']",1
L001326,Kenji Johnson,Infin_Tech,Telecom,,,Website,"['SQL', 'IMS_Badge_Scan', 'Website_Product_Page', 'MQL', 'No_Conversion']",0
L001327,Kenji Martinez,,,,,Sales Outreach,"['SQL', 'SQL', 'Whitepaper_Download_5G_Test', 'Keysight_Workshop_RF_Testing', 'Loaner_Unit_Evaluation', 'DesignCon_Booth_Visit', 'Customer']",1
L001328,Chen Khan,Tesla Energy,,North America,Oscilloscopes,Website,['No_Conversion'],0
L001329,Ravi Garcia,NXP Semiconductors,,,Oscilloscopes,,"['Website_Product_Page', 'Application_Engineer_Call', 'Lab_Integration_Discussion', 'Opportunity', 'Keysight_University_Course', 'No_Conversion']",0
L001330,Sarah Johnson,Bosch,Aerospace,,5G Testbeds,Email Campaign,"['Whitepaper_Download_5G_Test', 'Application_Engineer_Call', 'MQL', 'Technical_Demo', 'Website_Product_Page', 'Oscilloscope_Selector_Tool', 'Lab_Integration_Discussion', 'No_Conversion']",0
L001331,Michael Singh,Bosch_Tech,Aerospace,APAC,,Sales Outreach,"['Keysight_Workshop_RF_Testing', 'Oscilloscope_Selector_Tool', 'Keysight_Workshop_RF_Testing', 'Lab_Integration_Discussion', 'Loaner_Unit_Evaluation', 'Technical_Demo', 'No_Conversion']",0
L001332,Laura Johnson,Rayth_Tech,Telecom,LATAM,5G Testbeds,Webinar,"['PathWave_Trial_Request', 'Oscilloscope_Selector_Tool', 'AutoSens_Tech_Talk', 'LinkedIn_Ad_Click', 'LinkedIn_Ad_Click', 'SQL', 'Lab_Integration_Discussion', 'Website_Product_Page', 'No_Conversion']",0
L001333,Hiroshi Johnson,,Semiconductor,North America,Oscilloscopes,Website,"['Oscilloscope_Selector_Tool', 'Technical_Demo', 'Keysight_University_Course', 'IMS_Badge_Scan', 'Keysight_Workshop_RF_Testing', 'Lab_Integration_Discussion', 'MQL', 'No_Conversion']",0
L001334,Chen Singh,Qualcomm GmbH,Telecom,,Automotive Ethernet,Event,"['Opportunity', 'Lab_Integration_Discussion', 'DesignCon_Booth_Visit', 'DesignCon_Booth_Visit', 'AutoSens_Tech_Talk', 'Lab_Integration_Discussion', 'Loaner_Unit_Evaluation', 'Customer']",1
L001335,Hiroshi Anders,Rayth_Tech,,North America,PathWave Software,,"['DesignCon_Booth_Visit', 'Keysight_Workshop_RF_Testing', 'SQL', 'PathWave_Trial_Request', 'Keysight_Workshop_RF_Testing', 'Customer']",1
L001336,Ahmed Singh,Infineon,,Europe,Automotive Ethernet,Email Campaign,"['DesignCon_Booth_Visit', 'Application_Engineer_Call', 'Whitepaper_Download_5G_Test', 'LinkedIn_Ad_Click', 'Customer']",1
L001337,Hiroshi Singh,Meta Connectivity Labs GmbH,,North America,,Event,"['MQL', 'Keysight_University_Course', 'Website_Product_Page', 'Customer']",1
L001338,,Samsu_Tech,,North America,,Website,"['Keysight_University_Course', 'Keysight_University_Course', 'LinkedIn_Ad_Click', 'Customer']",1
L001339,Priya Martinez,Samsung Electronics GmbH,,APAC,,LinkedIn,['No_Conversion'],0
L001340,Daniel Martinez,Bosch GmbH,,,,Sales Outreach,"['DesignCon_Booth_Visit', 'DesignCon_Booth_Visit', 'Application_Engineer_Call', 'Lab_Integration_Discussion', 'Technical_Demo', 'Customer']",1
L001341,Maria Chen,,Semiconductor,,5G Testbeds,Sales Outreach,['Customer'],1
L001342,Michael Chen,Tesla Energy,Automotive,LATAM,,,"['Keysight_Workshop_RF_Testing', 'SQL', 'Whitepaper_Download_5G_Test', 'Opportunity', 'Customer']",1
L001343,,NXP Semiconductors GmbH,Electronics,,5G Testbeds,,"['Lab_Integration_Discussion', 'Technical_Demo', 'PathWave_Trial_Request', 'Lab_Integration_Discussion', 'PathWave_Trial_Request', 'DesignCon_Booth_Visit', 'SQL', 'No_Conversion']",0
L001344,Laura Johnson,Samsung Electronics,Telecom,LATAM,,,"['Technical_Demo', 'Oscilloscope_Selector_Tool', 'Lab_Integration_Discussion', 'IMS_Badge_Scan', 'Application_Engineer_Call', 'Customer']",1
L001345,Ravi Singh,Samsung Electronics,Telecom,Europe,Automotive Ethernet,Event,"['SQL', 'DesignCon_Booth_Visit', 'No_Conversion']",0
L001346,Hiroshi Chen,Sony_Tech,Semiconductor,North America,PathWave Software,Website,"['Opportunity', 'Website_Product_Page', 'Customer']",1
L001347,Hiroshi Johnson,Tesla Energy,,LATAM,Oscilloscopes,Webinar,"['IMS_Badge_Scan', 'Customer']",1
L001348,Kenji Singh,Broadcom GmbH,Electronics,North America,,Webinar,"['IMS_Badge_Scan', 'Opportunity', 'IMS_Badge_Scan', 'Application_Engineer_Call', 'Website_Product_Page', 'Keysight_Workshop_RF_Testing', 'LinkedIn_Ad_Click', 'Loaner_Unit_Evaluation', 'LinkedIn_Ad_Click', 'No_Conversion']",0
L001349,Sarah Tanaka,Bosch,Semiconductor,North America,,LinkedIn,"['Website_Product_Page', 'AutoSens_Tech_Talk', 'AutoSens_Tech_Talk', 'No_Conversion']",0
L001350,Michael Khan,Sony,Aerospace,North America,Oscilloscopes,LinkedIn,"['Technical_Demo', 'AutoSens_Tech_Talk', 'No_Conversion']",0
L001351,,Qualcomm GmbH,Electronics,LATAM,,Website,"['SQL', 'Opportunity', 'Opportunity', 'No_Conversion']",0
L001352,,Meta Connectivity Labs GmbH,Telecom,APAC,,,['No_Conversion'],0
L001353,Michael Martinez,Bosch GmbH,,APAC,,Event,"['Oscilloscope_Selector_Tool', 'DesignCon_Booth_Visit', 'IMS_Badge_Scan', 'AutoSens_Tech_Talk', 'Website_Product_Page', 'No_Conversion']",0
L001354,Laura Martinez,NXPSe_Tech,,,Automotive Ethernet,Webinar,"['DesignCon_Booth_Visit', 'MQL', 'Oscilloscope_Selector_Tool', 'Keysight_Workshop_RF_Testing', 'Application_Engineer_Call', 'Lab_Integration_Discussion', 'AutoSens_Tech_Talk', 'Technical_Demo', 'No_Conversion']",0
L001355,Laura Patel,Infineon GmbH,,Europe,5G Testbeds,Email Campaign,"['AutoSens_Tech_Talk', 'Oscilloscope_Selector_Tool', 'Application_Engineer_Call', 'Website_Product_Page', 'Keysight_University_Course', 'Opportunity', 'DesignCon_Booth_Visit', 'No_Conversion']",0
L001356,,,Electronics,APAC,,Event,['Customer'],1
L001357,Ahmed Williams,Sony_Tech,Automotive,APAC,,Email Campaign,"['Application_Engineer_Call', 'Lab_Integration_Discussion', 'Oscilloscope_Selector_Tool', 'Whitepaper_Download_5G_Test', 'Website_Product_Page', 'DesignCon_Booth_Visit', 'IMS_Badge_Scan', 'Oscilloscope_Selector_Tool', 'AutoSens_Tech_Talk', 'Customer']",1
L001358,Chen Anders,Raytheon GmbH,,APAC,5G Testbeds,Webinar,"['LinkedIn_Ad_Click', 'Whitepaper_Download_5G_Test', 'DesignCon_Booth_Visit', 'PathWave_Trial_Request', 'SQL', 'Loaner_Unit_Evaluation', 'Oscilloscope_Selector_Tool', 'AutoSens_Tech_Talk', 'Keysight_Workshop_RF_Testing', 'Customer']",1
L001359,Michael Garcia,Qualc_Tech,,North America,,Website,"['Application_Engineer_Call', 'LinkedIn_Ad_Click', 'Website_Product_Page', 'IMS_Badge_Scan', 'MQL', 'MQL', 'Customer']",1
L001360,Chen Garcia,Infineon GmbH,Automotive,North America,Automotive Ethernet,Sales Outreach,"['Application_Engineer_Call', 'DesignCon_Booth_Visit', 'Technical_Demo', 'Whitepaper_Download_5G_Test', 'LinkedIn_Ad_Click', 'SQL', 'No_Conversion']",0
L001361,Kenji Anders,Raytheon GmbH,,LATAM,PathWave Software,,"['AutoSens_Tech_Talk', 'Keysight_Workshop_RF_Testing', 'MQL', 'Oscilloscope_Selector_Tool', 'Loaner_Unit_Evaluation', 'Keysight_Workshop_RF_Testing', 'Website_Product_Page', 'Loaner_Unit_Evaluation', 'Application_Engineer_Call', 'Keysight_Workshop_RF_Testing', 'Customer']",1
L001362,Priya Johnson,Rayth_Tech,Automotive,LATAM,PathWave Software,Email Campaign,"['MQL', 'Lab_Integration_Discussion', 'MQL', 'LinkedIn_Ad_Click', 'Website_Product_Page', 'Keysight_University_Course', 'Whitepaper_Download_5G_Test', 'IMS_Badge_Scan', 'AutoSens_Tech_Talk', 'Customer']",1
L001363,Ravi Martinez,Bosch,,North America,,,"['Loaner_Unit_Evaluation', 'Technical_Demo', 'DesignCon_Booth_Visit', 'Keysight_University_Course', 'Website_Product_Page', 'Opportunity', 'SQL', 'Customer']",1
L001364,,Sony,Telecom,North America,,Sales Outreach,"['SQL', 'Oscilloscope_Selector_Tool', 'Technical_Demo', 'AutoSens_Tech_Talk', 'Technical_Demo', 'Website_Product_Page', 'Customer']",1
L001365,Kenji Anders,NXPSe_Tech,Telecom,Europe,PathWave Software,,"['IMS_Badge_Scan', 'Opportunity', 'Customer']",1
L001366,Kenji Patel,Qualcomm,Electronics,North America,,,"['Opportunity', 'Keysight_University_Course', 'Keysight_University_Course', 'Customer']",1
L001367,Ahmed Patel,,Telecom,North America,Oscilloscopes,Sales Outreach,"['LinkedIn_Ad_Click', 'No_Conversion']",0
L001368,Michael Tanaka,Broadcom GmbH,,APAC,,,"['Keysight_University_Course', 'MQL', 'LinkedIn_Ad_Click', 'MQL', 'Loaner_Unit_Evaluation', 'AutoSens_Tech_Talk', 'SQL', 'AutoSens_Tech_Talk', 'IMS_Badge_Scan', 'DesignCon_Booth_Visit', 'No_Conversion']",0
L001369,Maria Williams,Sony,Telecom,APAC,,Sales Outreach,"['Loaner_Unit_Evaluation', 'Opportunity', 'Keysight_Workshop_RF_Testing', 'Opportunity', 'Website_Product_Page', 'Keysight_Workshop_RF_Testing', 'No_Conversion']",0
L001370,Sofia Martinez,Broadcom GmbH,Electronics,,5G Testbeds,Webinar,"['SQL', 'Whitepaper_Download_5G_Test', 'Application_Engineer_Call', 'Oscilloscope_Selector_Tool', 'No_Conversion']",0
L001371,Sofia Johnson,Meta Connectivity Labs,,LATAM,PathWave Software,,"['Website_Product_Page', 'IMS_Badge_Scan', 'LinkedIn_Ad_Click', 'Opportunity', 'Keysight_Workshop_RF_Testing', 'Technical_Demo', 'Lab_Integration_Discussion', 'Customer']",1
L001372,Ravi Garcia,Samsu_Tech,Aerospace,,,,"['SQL', 'Customer']",1
L001373,Priya Singh,,,APAC,PathWave Software,LinkedIn,"['LinkedIn_Ad_Click', 'PathWave_Trial_Request', 'Website_Product_Page', 'AutoSens_Tech_Talk', 'AutoSens_Tech_Talk', 'Opportunity', 'MQL', 'Keysight_Workshop_RF_Testing', 'Website_Product_Page', 'No_Conversion']",0
L001374,Laura Patel,Sony GmbH,Semiconductor,LATAM,5G Testbeds,,"['Lab_Integration_Discussion', 'PathWave_Trial_Request', 'SQL', 'Lab_Integration_Discussion', 'Customer']",1
L001375,Michael Lee,Qualcomm GmbH,Electronics,LATAM,5G Testbeds,Webinar,"['LinkedIn_Ad_Click', 'Technical_Demo', 'SQL', 'No_Conversion']",0
L001376,Michael Patel,,,LATAM,Automotive Ethernet,Website,"['PathWave_Trial_Request', 'Customer']",1
L001377,Sofia Martinez,Tesla_Tech,Aerospace,APAC,,LinkedIn,"['Opportunity', 'IMS_Badge_Scan', 'Whitepaper_Download_5G_Test', 'SQL', 'Application_Engineer_Call', 'Keysight_University_Course', 'No_Conversion']",0
L001378,Daniel Khan,Tesla_Tech,,APAC,,LinkedIn,"['Lab_Integration_Discussion', 'LinkedIn_Ad_Click', 'AutoSens_Tech_Talk', 'No_Conversion']",0
L001379,Hiroshi Tanaka,Qualcomm GmbH,Telecom,,5G Testbeds,Event,"['IMS_Badge_Scan', 'Oscilloscope_Selector_Tool', 'AutoSens_Tech_Talk', 'AutoSens_Tech_Talk', 'Website_Product_Page', 'AutoSens_Tech_Talk', 'Loaner_Unit_Evaluation', 'Website_Product_Page', 'Customer']",1
L001380,Chen Singh,,Telecom,LATAM,,LinkedIn,"['Opportunity', 'DesignCon_Booth_Visit', 'Technical_Demo', 'Website_Product_Page', 'Whitepaper_Download_5G_Test', 'No_Conversion']",0
L001381,,Infineon,Automotive,Europe,Oscilloscopes,,"['IMS_Badge_Scan', 'MQL', 'Keysight_University_Course', 'Loaner_Unit_Evaluation', 'IMS_Badge_Scan', 'LinkedIn_Ad_Click', 'Whitepaper_Download_5G_Test', 'DesignCon_Booth_Visit', 'Customer']",1
L001382,Maria Tanaka,,Aerospace,LATAM,Oscilloscopes,Email Campaign,"['DesignCon_Booth_Visit', 'PathWave_Trial_Request', 'DesignCon_Booth_Visit', 'Customer']",1
L001383,Maria Martinez,Tesla Energy,Semiconductor,APAC,,Sales Outreach,"['Technical_Demo', 'Oscilloscope_Selector_Tool', 'Whitepaper_Download_5G_Test', 'LinkedIn_Ad_Click', 'SQL', 'LinkedIn_Ad_Click', 'Whitepaper_Download_5G_Test', 'Application_Engineer_Call', 'Customer']",1
L001384,Hiroshi Tanaka,Infineon,,APAC,PathWave Software,Website,"['Loaner_Unit_Evaluation', 'DesignCon_Booth_Visit', 'LinkedIn_Ad_Click', 'No_Conversion']",0
L001385,Sofia Patel,Broadcom GmbH,Semiconductor,,,LinkedIn,"['SQL', 'Website_Product_Page', 'Application_Engineer_Call', 'Customer']",1
L001386,Sofia Johnson,MetaC_Tech,Semiconductor,LATAM,,Event,['No_Conversion'],0
L001387,Chen Anders,NXP Semiconductors GmbH,Semiconductor,LATAM,Automotive Ethernet,,"['Keysight_University_Course', 'Lab_Integration_Discussion', 'Keysight_University_Course', 'No_Conversion']",0
L001388,Michael Williams,Infin_Tech,,North America,PathWave Software,Webinar,"['PathWave_Trial_Request', 'Keysight_Workshop_RF_Testing', 'LinkedIn_Ad_Click', 'Lab_Integration_Discussion', 'Whitepaper_Download_5G_Test', 'DesignCon_Booth_Visit', 'Website_Product_Page', 'SQL', 'Customer']",1
L001389,Laura Johnson,,,North America,,Webinar,"['Application_Engineer_Call', 'Whitepaper_Download_5G_Test', 'Oscilloscope_Selector_Tool', 'Oscilloscope_Selector_Tool', 'IMS_Badge_Scan', 'MQL', 'Keysight_Workshop_RF_Testing', 'Technical_Demo', 'Customer']",1
L001390,Ravi Johnson,Tesla Energy,,APAC,Automotive Ethernet,,"['Opportunity', 'Application_Engineer_Call', 'PathWave_Trial_Request', 'Oscilloscope_Selector_Tool', 'No_Conversion']",0
L001391,Hiroshi Johnson,Raytheon GmbH,Automotive,APAC,Automotive Ethernet,Event,"['IMS_Badge_Scan', 'Application_Engineer_Call', 'Customer']",1
L001392,Priya Ito,NXP Semiconductors GmbH,Automotive,Europe,,Email Campaign,"['Opportunity', 'Oscilloscope_Selector_Tool', 'Application_Engineer_Call', 'Lab_Integration_Discussion', 'LinkedIn_Ad_Click', 'Keysight_University_Course', 'No_Conversion']",0
L001393,Kenji Chen,Infin_Tech,Electronics,Europe,,,"['Oscilloscope_Selector_Tool', 'Website_Product_Page', 'PathWave_Trial_Request', 'No_Conversion']",0
L001394,Priya Garcia,Tesla Energy GmbH,Aerospace,Europe,PathWave Software,Event,"['LinkedIn_Ad_Click', 'Whitepaper_Download_5G_Test', 'No_Conversion']",0
L001395,Kenji Singh,Infineon GmbH,,North America,Automotive Ethernet,,"['DesignCon_Booth_Visit', 'LinkedIn_Ad_Click', 'Website_Product_Page', 'Application_Engineer_Call', 'SQL', 'SQL', 'Whitepaper_Download_5G_Test', 'Opportunity', 'Website_Product_Page', 'Customer']",1
L001396,Sofia Martinez,MetaC_Tech,,APAC,PathWave Software,Event,"['Loaner_Unit_Evaluation', 'Loaner_Unit_Evaluation', 'Technical_Demo', 'Loaner_Unit_Evaluation', 'Oscilloscope_Selector_Tool', 'No_Conversion']",0
L001397,Hiroshi Ito,Sony_Tech,Telecom,Europe,PathWave Software,Webinar,"['LinkedIn_Ad_Click', 'MQL', 'Keysight_Workshop_RF_Testing', 'Customer']",1
L001398,Sarah Williams,Tesla Energy,Semiconductor,,,Website,"['DesignCon_Booth_Visit', 'LinkedIn_Ad_Click', 'Oscilloscope_Selector_Tool', 'IMS_Badge_Scan', 'Customer']",1
L001399,Daniel Johnson,,Telecom,Europe,Automotive Ethernet,Website,"['LinkedIn_Ad_Click', 'No_Conversion']",0
L001400,Hiroshi Chen,Infineon GmbH,,Europe,Oscilloscopes,Sales Outreach,"['MQL', 'Loaner_Unit_Evaluation', 'AutoSens_Tech_Talk', 'No_Conversion']",0
L001401,Ravi Johnson,Sony GmbH,Automotive,North America,,,"['Keysight_Workshop_RF_Testing', 'Opportunity', 'Keysight_Workshop_RF_Testing', 'Customer']",1
L001402,Chen Ito,,,LATAM,5G Testbeds,,"['Lab_Integration_Discussion', 'Lab_Integration_Discussion', 'Application_Engineer_Call', 'Keysight_Workshop_RF_Testing', 'Application_Engineer_Call', 'Keysight_Workshop_RF_Testing', 'Whitepaper_Download_5G_Test', 'PathWave_Trial_Request', 'No_Conversion']",0
L001403,Ahmed Lee,Infineon GmbH,Telecom,North America,Automotive Ethernet,LinkedIn,"['Opportunity', 'Whitepaper_Download_5G_Test', 'Opportunity', 'Customer']",1
L001404,,NXP Semiconductors,Semiconductor,,Oscilloscopes,Email Campaign,"['Technical_Demo', 'DesignCon_Booth_Visit', 'MQL', 'Application_Engineer_Call', 'Technical_Demo', 'Keysight_Workshop_RF_Testing', 'Whitepaper_Download_5G_Test', 'No_Conversion']",0
L001405,Ahmed Anders,,Electronics,LATAM,5G Testbeds,LinkedIn,"['DesignCon_Booth_Visit', 'Whitepaper_Download_5G_Test', 'No_Conversion']",0
L001406,Michael Lee,Raytheon GmbH,Aerospace,LATAM,Oscilloscopes,,['Customer'],1
L001407,Kenji Martinez,Broadcom GmbH,Telecom,LATAM,PathWave Software,LinkedIn,"['Keysight_University_Course', 'Customer']",1
L001408,Hiroshi Lee,Tesla Energy,Semiconductor,Europe,5G Testbeds,Event,"['SQL', 'PathWave_Trial_Request', 'AutoSens_Tech_Talk', 'SQL', 'AutoSens_Tech_Talk', 'DesignCon_Booth_Visit', 'DesignCon_Booth_Visit', 'No_Conversion']",0
L001409,Sarah Williams,,Semiconductor,Europe,,LinkedIn,"['Whitepaper_Download_5G_Test', 'PathWave_Trial_Request', 'Website_Product_Page', 'Keysight_University_Course', 'Lab_Integration_Discussion', 'SQL', 'Customer']",1
L001410,Hiroshi Anders,Broadcom,Electronics,North America,PathWave Software,,['Customer'],1
L001411,Sofia Ito,Broadcom,,North America,,LinkedIn,"['Loaner_Unit_Evaluation', 'DesignCon_Booth_Visit', 'Website_Product_Page', 'Whitepaper_Download_5G_Test', 'SQL', 'Keysight_Workshop_RF_Testing', 'No_Conversion']",0
L001412,Maria Ito,,,APAC,Automotive Ethernet,Webinar,"['Website_Product_Page', 'IMS_Badge_Scan', 'Keysight_Workshop_RF_Testing', 'Application_Engineer_Call', 'Oscilloscope_Selector_Tool', 'Website_Product_Page', 'Opportunity', 'SQL', 'No_Conversion']",0
L001413,Sarah Ito,Qualcomm GmbH,,APAC,,,"['Oscilloscope_Selector_Tool', 'Application_Engineer_Call', 'LinkedIn_Ad_Click', 'No_Conversion']",0
L001414,Sofia Patel,Tesla Energy,,Europe,5G Testbeds,Event,['Customer'],1
L001415,Sarah Williams,Tesla_Tech,,North America,5G Testbeds,Webinar,"['Keysight_Workshop_RF_Testing', 'DesignCon_Booth_Visit', 'Opportunity', 'MQL', 'PathWave_Trial_Request', 'Application_Engineer_Call', 'Customer']",1
L001416,Kenji Tanaka,Tesla_Tech,,,PathWave Software,Website,"['Whitepaper_Download_5G_Test', 'MQL', 'No_Conversion']",0
L001417,Daniel Johnson,Qualcomm,Telecom,,,Webinar,"['PathWave_Trial_Request', 'Whitepaper_Download_5G_Test', 'Loaner_Unit_Evaluation', 'Technical_Demo', 'AutoSens_Tech_Talk', 'AutoSens_Tech_Talk', 'Loaner_Unit_Evaluation', 'Keysight_University_Course', 'Lab_Integration_Discussion', 'Customer']",1
L001418,Chen Garcia,Meta Connectivity Labs,Aerospace,Europe,,,['Customer'],1
L001419,Sofia Anders,Infin_Tech,Semiconductor,LATAM,,Sales Outreach,"['SQL', 'Loaner_Unit_Evaluation', 'AutoSens_Tech_Talk', 'Whitepaper_Download_5G_Test', 'IMS_Badge_Scan', 'Customer']",1
L001420,Ahmed Anders,Tesla Energy GmbH,Telecom,,5G Testbeds,,"['DesignCon_Booth_Visit', 'Keysight_University_Course', 'MQL', 'SQL', 'Lab_Integration_Discussion', 'No_Conversion']",0
L001421,Sofia Khan,Samsung Electronics GmbH,,North America,5G Testbeds,Webinar,"['MQL', 'Loaner_Unit_Evaluation', 'Customer']",1
L001422,Kenji Singh,NXPSe_Tech,Semiconductor,,,LinkedIn,"['Loaner_Unit_Evaluation', 'No_Conversion']",0
L001423,Sofia Patel,Infin_Tech,,APAC,Automotive Ethernet,Event,"['DesignCon_Booth_Visit', 'Lab_Integration_Discussion', 'PathWave_Trial_Request', 'Opportunity', 'SQL', 'Lab_Integration_Discussion', 'Keysight_Workshop_RF_Testing', 'No_Conversion']",0
L001424,Chen Lee,Qualcomm,Aerospace,Europe,5G Testbeds,Email Campaign,"['Application_Engineer_Call', 'LinkedIn_Ad_Click', 'Whitepaper_Download_5G_Test', 'Technical_Demo', 'Technical_Demo', 'Whitepaper_Download_5G_Test', 'MQL', 'PathWave_Trial_Request', 'No_Conversion']",0
L001425,Ravi Martinez,Infineon,Telecom,Europe,Automotive Ethernet,LinkedIn,['Customer'],1
L001426,Priya Singh,Bosch_Tech,Automotive,Europe,,Website,"['Keysight_Workshop_RF_Testing', 'Application_Engineer_Call', 'Whitepaper_Download_5G_Test', 'Opportunity', 'Whitepaper_Download_5G_Test', 'IMS_Badge_Scan', 'Customer']",1
L001427,Sofia Patel,Bosch GmbH,Electronics,North America,Oscilloscopes,Website,"['Website_Product_Page', 'No_Conversion']",0
L001428,Kenji Johnson,Infin_Tech,Electronics,Europe,Automotive Ethernet,Website,['Customer'],1
L001429,Michael Tanaka,,Automotive,APAC,Automotive Ethernet,Webinar,"['PathWave_Trial_Request', 'Oscilloscope_Selector_Tool', 'Oscilloscope_Selector_Tool', 'PathWave_Trial_Request', 'SQL', 'Oscilloscope_Selector_Tool', 'Keysight_Workshop_RF_Testing', 'Application_Engineer_Call', 'Oscilloscope_Selector_Tool', 'No_Conversion']",0
L001430,Sarah Lee,,,,Oscilloscopes,Email Campaign,"['Opportunity', 'Opportunity', 'MQL', 'Keysight_Workshop_RF_Testing', 'Keysight_Workshop_RF_Testing', 'Customer']",1
L001431,,Tesla Energy,Telecom,LATAM,,Sales Outreach,"['AutoSens_Tech_Talk', 'Technical_Demo', 'Opportunity', 'Keysight_Workshop_RF_Testing', 'Whitepaper_Download_5G_Test', 'Application_Engineer_Call', 'MQL', 'Opportunity', 'Whitepaper_Download_5G_Test', 'No_Conversion']",0
L001432,Daniel Lee,Broad_Tech,,APAC,,Event,"['Opportunity', 'Keysight_University_Course', 'AutoSens_Tech_Talk', 'SQL', 'Website_Product_Page', 'Keysight_University_Course', 'Opportunity', 'MQL', 'Keysight_Workshop_RF_Testing', 'No_Conversion']",0
L001433,Sarah Martinez,,Automotive,Europe,5G Testbeds,Email Campaign,"['Oscilloscope_Selector_Tool', 'Website_Product_Page', 'Oscilloscope_Selector_Tool', 'Whitepaper_Download_5G_Test', 'PathWave_Trial_Request', 'No_Conversion']",0
L001434,Hiroshi Patel,,,North America,,Email Campaign,"['Technical_Demo', 'MQL', 'Website_Product_Page', 'AutoSens_Tech_Talk', 'IMS_Badge_Scan', 'MQL', 'MQL', 'No_Conversion']",0
L001435,Chen Ito,Rayth_Tech,,Europe,Automotive Ethernet,Webinar,"['Keysight_University_Course', 'Application_Engineer_Call', 'Loaner_Unit_Evaluation', 'DesignCon_Booth_Visit', 'No_Conversion']",0
L001436,Ahmed Tanaka,Tesla Energy GmbH,,LATAM,,LinkedIn,"['Keysight_University_Course', 'Website_Product_Page', 'Opportunity', 'Website_Product_Page', 'Keysight_Workshop_RF_Testing', 'Keysight_Workshop_RF_Testing', 'No_Conversion']",0
L001437,Ravi Anders,Infineon GmbH,Aerospace,Europe,,Website,"['SQL', 'Oscilloscope_Selector_Tool', 'Website_Product_Page', 'Website_Product_Page', 'AutoSens_Tech_Talk', 'AutoSens_Tech_Talk', 'LinkedIn_Ad_Click', 'No_Conversion']",0
L001438,,Qualcomm GmbH,Aerospace,Europe,,Email Campaign,"['Whitepaper_Download_5G_Test', 'IMS_Badge_Scan', 'SQL', 'AutoSens_Tech_Talk', 'Website_Product_Page', 'LinkedIn_Ad_Click', 'DesignCon_Booth_Visit', 'AutoSens_Tech_Talk', 'Opportunity', 'Loaner_Unit_Evaluation', 'No_Conversion']",0
L001439,Laura Ito,Qualcomm GmbH,,LATAM,PathWave Software,Event,"['Whitepaper_Download_5G_Test', 'No_Conversion']",0
L001440,Kenji Chen,Qualcomm GmbH,Semiconductor,Europe,PathWave Software,Email Campaign,"['Loaner_Unit_Evaluation', 'Keysight_Workshop_RF_Testing', 'Opportunity', 'Opportunity', 'Oscilloscope_Selector_Tool', 'Loaner_Unit_Evaluation', 'Oscilloscope_Selector_Tool', 'No_Conversion']",0
L001441,Sarah Martinez,Infineon GmbH,Aerospace,,Oscilloscopes,Email Campaign,['No_Conversion'],0
L001442,Priya Anders,,,APAC,Automotive Ethernet,LinkedIn,"['DesignCon_Booth_Visit', 'PathWave_Trial_Request', 'DesignCon_Booth_Visit', 'Customer']",1
L001443,Michael Khan,Samsung Electronics,,,PathWave Software,,"['Whitepaper_Download_5G_Test', 'Oscilloscope_Selector_Tool', 'LinkedIn_Ad_Click', 'PathWave_Trial_Request', 'AutoSens_Tech_Talk', 'Keysight_Workshop_RF_Testing', 'Oscilloscope_Selector_Tool', 'PathWave_Trial_Request', 'Customer']",1
L001444,Ahmed Anders,Broadcom GmbH,Telecom,LATAM,5G Testbeds,Sales Outreach,"['Website_Product_Page', 'MQL', 'No_Conversion']",0
L001445,,Bosch GmbH,Aerospace,Europe,,Sales Outreach,['No_Conversion'],0
L001446,Priya Chen,,Automotive,North America,,LinkedIn,"['AutoSens_Tech_Talk', 'Whitepaper_Download_5G_Test', 'Keysight_Workshop_RF_Testing', 'Customer']",1
L001447,,Infineon,Semiconductor,,,Sales Outreach,"['LinkedIn_Ad_Click', 'DesignCon_Booth_Visit', 'Keysight_Workshop_RF_Testing', 'LinkedIn_Ad_Click', 'Customer']",1
L001448,Ravi Patel,,Telecom,Europe,,Sales Outreach,"['Whitepaper_Download_5G_Test', 'Keysight_Workshop_RF_Testing', 'Loaner_Unit_Evaluation', 'IMS_Badge_Scan', 'IMS_Badge_Scan', 'Whitepaper_Download_5G_Test', 'Customer']",1
L001449,,NXP Semiconductors,Automotive,LATAM,Automotive Ethernet,Event,"['Keysight_University_Course', 'Website_Product_Page', 'Customer']",1
L001450,Hiroshi Khan,NXP Semiconductors GmbH,Telecom,,5G Testbeds,Website,"['SQL', 'LinkedIn_Ad_Click', 'Whitepaper_Download_5G_Test', 'IMS_Badge_Scan', 'Customer']",1
L001451,Priya Singh,,Semiconductor,APAC,,,"['Lab_Integration_Discussion', 'No_Conversion']",0
L001452,Sarah Khan,,Telecom,North America,,LinkedIn,"['Loaner_Unit_Evaluation', 'IMS_Badge_Scan', 'Whitepaper_Download_5G_Test', 'AutoSens_Tech_Talk', 'DesignCon_Booth_Visit', 'Customer']",1
L001453,Michael Garcia,Qualcomm GmbH,Automotive,,,Webinar,"['Keysight_Workshop_RF_Testing', 'MQL', 'LinkedIn_Ad_Click', 'No_Conversion']",0
L001454,Ravi Martinez,Sony,,North America,5G Testbeds,,"['Technical_Demo', 'SQL', 'Opportunity', 'Opportunity', 'Customer']",1
L001455,Daniel Ito,Samsung Electronics,Semiconductor,Europe,Oscilloscopes,Website,['Customer'],1
L001456,Hiroshi Chen,Meta Connectivity Labs GmbH,Automotive,,5G Testbeds,LinkedIn,"['SQL', 'Loaner_Unit_Evaluation', 'Oscilloscope_Selector_Tool', 'No_Conversion']",0
L001457,Sarah Singh,Qualcomm GmbH,Aerospace,North America,Automotive Ethernet,LinkedIn,['Customer'],1
L001458,Chen Johnson,Sony,Semiconductor,APAC,PathWave Software,Email Campaign,"['Oscilloscope_Selector_Tool', 'Loaner_Unit_Evaluation', 'PathWave_Trial_Request', 'Keysight_Workshop_RF_Testing', 'No_Conversion']",0
L001459,Maria Williams,Qualcomm,,LATAM,Oscilloscopes,Email Campaign,"['Keysight_Workshop_RF_Testing', 'MQL', 'Oscilloscope_Selector_Tool', 'IMS_Badge_Scan', 'Loaner_Unit_Evaluation', 'PathWave_Trial_Request', 'PathWave_Trial_Request', 'Website_Product_Page', 'Customer']",1
L001460,,,,North America,,Website,"['Technical_Demo', 'Customer']",1
L001461,Michael Ito,Qualcomm GmbH,Automotive,Europe,,Website,"['Keysight_Workshop_RF_Testing', 'Website_Product_Page', 'Website_Product_Page', 'Opportunity', 'Whitepaper_Download_5G_Test', 'No_Conversion']",0
L001462,Sarah Johnson,Broadcom,Telecom,Europe,Oscilloscopes,Sales Outreach,"['Website_Product_Page', 'SQL', 'Website_Product_Page', 'Customer']",1
L001463,Hiroshi Anders,Tesla_Tech,Semiconductor,North America,Oscilloscopes,LinkedIn,"['Technical_Demo', 'Keysight_Workshop_RF_Testing', 'IMS_Badge_Scan', 'Keysight_University_Course', 'LinkedIn_Ad_Click', 'Whitepaper_Download_5G_Test', 'SQL', 'PathWave_Trial_Request', 'SQL', 'No_Conversion']",0
L001464,Michael Ito,,Semiconductor,,Oscilloscopes,,"['Keysight_University_Course', 'Lab_Integration_Discussion', 'DesignCon_Booth_Visit', 'PathWave_Trial_Request', 'Keysight_Workshop_RF_Testing', 'No_Conversion']",0
L001465,Chen Anders,,Telecom,,,LinkedIn,"['Keysight_University_Course', 'LinkedIn_Ad_Click', 'Lab_Integration_Discussion', 'AutoSens_Tech_Talk', 'Customer']",1
L001466,,Raytheon,Semiconductor,APAC,,Website,"['Oscilloscope_Selector_Tool', 'Application_Engineer_Call', 'No_Conversion']",0
L001467,Priya Martinez,Sony_Tech,Telecom,,Automotive Ethernet,Website,"['DesignCon_Booth_Visit', 'Keysight_University_Course', 'Opportunity', 'Customer']",1
L001468,,Broadcom GmbH,Electronics,,5G Testbeds,Event,"['Lab_Integration_Discussion', 'DesignCon_Booth_Visit', 'AutoSens_Tech_Talk', 'Website_Product_Page', 'PathWave_Trial_Request', 'Website_Product_Page', 'Keysight_Workshop_RF_Testing', 'PathWave_Trial_Request', 'No_Conversion']",0
L001469,Hiroshi Ito,Sony GmbH,,Europe,5G Testbeds,Event,"['MQL', 'IMS_Badge_Scan', 'AutoSens_Tech_Talk', 'No_Conversion']",0
L001470,Sofia Patel,Infineon GmbH,Aerospace,LATAM,5G Testbeds,LinkedIn,"['Keysight_Workshop_RF_Testing', 'Website_Product_Page', 'SQL', 'Opportunity', 'DesignCon_Booth_Visit', 'Technical_Demo', 'AutoSens_Tech_Talk', 'PathWave_Trial_Request', 'Opportunity', 'DesignCon_Booth_Visit', 'Customer']",1
L001471,Sofia Martinez,Samsung Electronics,Aerospace,APAC,Oscilloscopes,Website,"['Application_Engineer_Call', 'Website_Product_Page', 'Website_Product_Page', 'Keysight_University_Course', 'Customer']",1
L001472,Kenji Johnson,,,LATAM,,LinkedIn,"['LinkedIn_Ad_Click', 'Application_Engineer_Call', 'SQL', 'Customer']",1
L001473,,,Aerospace,North America,5G Testbeds,Sales Outreach,"['Oscilloscope_Selector_Tool', 'Opportunity', 'Customer']",1
L001474,,Infin_Tech,Electronics,LATAM,,Event,"['Keysight_Workshop_RF_Testing', 'LinkedIn_Ad_Click', 'MQL', 'Lab_Integration_Discussion', 'No_Conversion']",0
L001475,Ravi Anders,Infineon,Automotive,Europe,Oscilloscopes,Webinar,"['Loaner_Unit_Evaluation', 'Customer']",1
L001476,Sofia Ito,Rayth_Tech,Electronics,LATAM,,LinkedIn,"['Website_Product_Page', 'IMS_Badge_Scan', 'MQL', 'Whitepaper_Download_5G_Test', 'Website_Product_Page', 'DesignCon_Booth_Visit', 'Whitepaper_Download_5G_Test', 'Keysight_University_Course', 'Oscilloscope_Selector_Tool', 'Website_Product_Page', 'Customer']",1
L001477,Chen Johnson,,,North America,Oscilloscopes,Email Campaign,['Customer'],1
L001478,Hiroshi Singh,Sony,Automotive,APAC,5G Testbeds,Website,"['Oscilloscope_Selector_Tool', 'No_Conversion']",0
L001479,Ahmed Williams,Sony_Tech,Aerospace,APAC,Oscilloscopes,Sales Outreach,"['Lab_Integration_Discussion', 'DesignCon_Booth_Visit', 'Keysight_University_Course', 'Loaner_Unit_Evaluation', 'Application_Engineer_Call', 'MQL', 'Opportunity', 'No_Conversion']",0
L001480,Priya Chen,Sony,,APAC,PathWave Software,Email Campaign,"['PathWave_Trial_Request', 'Oscilloscope_Selector_Tool', 'Website_Product_Page', 'No_Conversion']",0
L001481,Sofia Ito,Bosch GmbH,,LATAM,PathWave Software,Event,"['Loaner_Unit_Evaluation', 'Keysight_University_Course', 'No_Conversion']",0
L001482,Daniel Garcia,Qualc_Tech,Electronics,LATAM,,,"['LinkedIn_Ad_Click', 'MQL', 'Website_Product_Page', 'SQL', 'Customer']",1
L001483,Hiroshi Anders,Raytheon,Semiconductor,APAC,Oscilloscopes,LinkedIn,['No_Conversion'],0
L001484,Priya Chen,Samsu_Tech,Automotive,Europe,Oscilloscopes,Webinar,"['Keysight_Workshop_RF_Testing', 'Keysight_Workshop_RF_Testing', 'Keysight_Workshop_RF_Testing', 'DesignCon_Booth_Visit', 'Loaner_Unit_Evaluation', 'Application_Engineer_Call', 'Keysight_University_Course', 'Loaner_Unit_Evaluation', 'Keysight_Workshop_RF_Testing', 'No_Conversion']",0
L001485,Chen Williams,Bosch_Tech,Electronics,Europe,Automotive Ethernet,Sales Outreach,"['DesignCon_Booth_Visit', 'SQL', 'Loaner_Unit_Evaluation', 'Lab_Integration_Discussion', 'SQL', 'No_Conversion']",0
L001486,Laura Ito,Tesla_Tech,,North America,5G Testbeds,LinkedIn,"['Technical_Demo', 'Opportunity', 'MQL', 'IMS_Badge_Scan', 'Application_Engineer_Call', 'No_Conversion']",0
L001487,Priya Singh,,Electronics,APAC,Oscilloscopes,Sales Outreach,"['SQL', 'Customer']",1
L001488,Ahmed Chen,Sony,Semiconductor,LATAM,5G Testbeds,Website,"['Whitepaper_Download_5G_Test', 'Website_Product_Page', 'Oscilloscope_Selector_Tool', 'Customer']",1
L001489,Ahmed Khan,Infineon GmbH,Automotive,Europe,Oscilloscopes,Email Campaign,['No_Conversion'],0
L001490,Chen Singh,Rayth_Tech,,APAC,,Website,"['Keysight_Workshop_RF_Testing', 'MQL', 'PathWave_Trial_Request', 'Keysight_Workshop_RF_Testing', 'Application_Engineer_Call', 'Website_Product_Page', 'AutoSens_Tech_Talk', 'Lab_Integration_Discussion', 'No_Conversion']",0
L001491,Ravi Anders,Raytheon GmbH,Electronics,LATAM,PathWave Software,Email Campaign,"['Technical_Demo', 'Keysight_University_Course', 'Customer']",1
L001492,Priya Johnson,Samsung Electronics,Telecom,Europe,,Email Campaign,"['LinkedIn_Ad_Click', 'DesignCon_Booth_Visit', 'Loaner_Unit_Evaluation', 'Opportunity', 'DesignCon_Booth_Visit', 'Keysight_University_Course', 'Website_Product_Page', 'IMS_Badge_Scan', 'Customer']",1
L001493,Laura Chen,Broadcom GmbH,Automotive,APAC,,Webinar,"['Whitepaper_Download_5G_Test', 'Lab_Integration_Discussion', 'LinkedIn_Ad_Click', 'Application_Engineer_Call', 'Customer']",1
L001494,Chen Chen,Sony GmbH,,Europe,,LinkedIn,"['Oscilloscope_Selector_Tool', 'AutoSens_Tech_Talk', 'AutoSens_Tech_Talk', 'Customer']",1
L001495,Chen Patel,Bosch GmbH,Electronics,North America,PathWave Software,Webinar,"['AutoSens_Tech_Talk', 'AutoSens_Tech_Talk', 'Technical_Demo', 'AutoSens_Tech_Talk', 'IMS_Badge_Scan', 'Opportunity', 'MQL', 'No_Conversion']",0
L001496,Michael Johnson,Infineon,,APAC,PathWave Software,Event,"['Application_Engineer_Call', 'Loaner_Unit_Evaluation', 'Oscilloscope_Selector_Tool', 'MQL', 'Oscilloscope_Selector_Tool', 'MQL', 'No_Conversion']",0
L001497,Ahmed Martinez,Sony GmbH,,North America,Automotive Ethernet,Email Campaign,['No_Conversion'],0
L001498,Priya Singh,,Automotive,,Automotive Ethernet,Sales Outreach,"['Technical_Demo', 'Keysight_Workshop_RF_Testing', 'DesignCon_Booth_Visit', 'AutoSens_Tech_Talk', 'Opportunity', 'No_Conversion']",0
L001499,Ravi Ito,,Semiconductor,,,Sales Outreach,"['Application_Engineer_Call', 'Application_Engineer_Call', 'LinkedIn_Ad_Click', 'SQL', 'Website_Product_Page', 'No_Conversion']",0
L001500,Chen Chen,Qualcomm GmbH,Telecom,North America,Automotive Ethernet,Event,"['AutoSens_Tech_Talk', 'Opportunity', 'Lab_Integration_Discussion', 'Keysight_University_Course', 'Technical_Demo', 'Oscilloscope_Selector_Tool', 'AutoSens_Tech_Talk', 'Lab_Integration_Discussion', 'Customer']",1
L001501,Laura Anders,Meta Connectivity Labs,Semiconductor,,5G Testbeds,Sales Outreach,"['Loaner_Unit_Evaluation', 'Website_Product_Page', 'Website_Product_Page', 'Keysight_University_Course', 'IMS_Badge_Scan', 'LinkedIn_Ad_Click', 'Application_Engineer_Call', 'No_Conversion']",0
L001502,,Bosch,Automotive,North America,,Sales Outreach,"['Loaner_Unit_Evaluation', 'Customer']",1
L001503,Chen Ito,Samsung Electronics,Electronics,North America,Automotive Ethernet,Website,"['DesignCon_Booth_Visit', 'IMS_Badge_Scan', 'Application_Engineer_Call', 'DesignCon_Booth_Visit', 'Keysight_Workshop_RF_Testing', 'Oscilloscope_Selector_Tool', 'No_Conversion']",0
L001504,Maria Anders,Infineon GmbH,Semiconductor,North America,Automotive Ethernet,Webinar,"['DesignCon_Booth_Visit', 'Technical_Demo', 'DesignCon_Booth_Visit', 'No_Conversion']",0
L001505,Sarah Lee,,Automotive,LATAM,,Sales Outreach,"['PathWave_Trial_Request', 'Keysight_University_Course', 'LinkedIn_Ad_Click', 'Keysight_University_Course', 'DesignCon_Booth_Visit', 'SQL', 'Loaner_Unit_Evaluation', 'No_Conversion']",0
L001506,,,,Europe,,,"['Keysight_Workshop_RF_Testing', 'Keysight_University_Course', 'Oscilloscope_Selector_Tool', 'Opportunity', 'SQL', 'Opportunity', 'MQL', 'PathWave_Trial_Request', 'IMS_Badge_Scan', 'Customer']",1
L001507,Hiroshi Tanaka,Raytheon GmbH,,,,Webinar,"['SQL', 'MQL', 'Keysight_University_Course', 'Keysight_Workshop_RF_Testing', 'IMS_Badge_Scan', 'Technical_Demo', 'Technical_Demo', 'Application_Engineer_Call', 'MQL', 'MQL', 'No_Conversion']",0
L001508,Kenji Singh,Broadcom,Automotive,Europe,,Event,"['LinkedIn_Ad_Click', 'LinkedIn_Ad_Click', 'Technical_Demo', 'SQL', 'Opportunity', 'Customer']",1
L001509,Ahmed Garcia,Tesla_Tech,Automotive,LATAM,5G Testbeds,Sales Outreach,"['Keysight_University_Course', 'Keysight_University_Course', 'Application_Engineer_Call', 'Technical_Demo', 'Website_Product_Page', 'Lab_Integration_Discussion', 'Website_Product_Page', 'Customer']",1
L001510,Hiroshi Ito,Infineon,Telecom,Europe,PathWave Software,Sales Outreach,"['MQL', 'Technical_Demo', 'IMS_Badge_Scan', 'Lab_Integration_Discussion', 'No_Conversion']",0
L001511,Laura Martinez,Meta Connectivity Labs,Telecom,APAC,,Webinar,"['Application_Engineer_Call', 'Keysight_University_Course', 'Customer']",1
L001512,Kenji Anders,Qualc_Tech,,APAC,5G Testbeds,Webinar,"['IMS_Badge_Scan', 'AutoSens_Tech_Talk', 'LinkedIn_Ad_Click', 'SQL', 'Keysight_University_Course', 'Loaner_Unit_Evaluation', 'Keysight_Workshop_RF_Testing', 'Customer']",1
L001513,Chen Patel,Meta Connectivity Labs,Aerospace,North America,Automotive Ethernet,Sales Outreach,"['Whitepaper_Download_5G_Test', 'Lab_Integration_Discussion', 'Application_Engineer_Call', 'Keysight_University_Course', 'IMS_Badge_Scan', 'No_Conversion']",0
L001514,Daniel Martinez,Broad_Tech,Automotive,North America,5G Testbeds,Sales Outreach,"['DesignCon_Booth_Visit', 'Opportunity', 'Whitepaper_Download_5G_Test', 'Customer']",1
L001515,Laura Lee,Bosch GmbH,,Europe,Oscilloscopes,LinkedIn,"['Oscilloscope_Selector_Tool', 'Keysight_University_Course', 'PathWave_Trial_Request', 'Whitepaper_Download_5G_Test', 'No_Conversion']",0
L001516,Michael Garcia,Bosch,Aerospace,Europe,,Website,"['Technical_Demo', 'LinkedIn_Ad_Click', 'Technical_Demo', 'Opportunity', 'IMS_Badge_Scan', 'Whitepaper_Download_5G_Test', 'Oscilloscope_Selector_Tool', 'Customer']",1
L001517,Laura Chen,,Telecom,,,Sales Outreach,"['Lab_Integration_Discussion', 'MQL', 'Opportunity', 'AutoSens_Tech_Talk', 'LinkedIn_Ad_Click', 'Website_Product_Page', 'SQL', 'Keysight_Workshop_RF_Testing', 'No_Conversion']",0
L001518,Chen Chen,Tesla Energy GmbH,Semiconductor,APAC,PathWave Software,LinkedIn,"['DesignCon_Booth_Visit', 'LinkedIn_Ad_Click', 'Oscilloscope_Selector_Tool', 'No_Conversion']",0
L001519,Kenji Tanaka,Infineon,Aerospace,Europe,Oscilloscopes,Webinar,['No_Conversion'],0
L001520,,,Automotive,APAC,,Email Campaign,"['Keysight_Workshop_RF_Testing', 'LinkedIn_Ad_Click', 'Application_Engineer_Call', 'Keysight_University_Course', 'LinkedIn_Ad_Click', 'Whitepaper_Download_5G_Test', 'Keysight_University_Course', 'Customer']",1
L001521,Ravi Singh,Broadcom GmbH,Automotive,,5G Testbeds,Event,"['MQL', 'PathWave_Trial_Request', 'DesignCon_Booth_Visit', 'No_Conversion']",0
L001522,Kenji Ito,Bosch GmbH,Electronics,,PathWave Software,Website,"['Loaner_Unit_Evaluation', 'DesignCon_Booth_Visit', 'LinkedIn_Ad_Click', 'DesignCon_Booth_Visit', 'Website_Product_Page', 'Technical_Demo', 'Website_Product_Page', 'Website_Product_Page', 'No_Conversion']",0
L001523,Sarah Anders,Raytheon GmbH,Automotive,Europe,Oscilloscopes,Email Campaign,"['Loaner_Unit_Evaluation', 'IMS_Badge_Scan', 'Keysight_Workshop_RF_Testing', 'Website_Product_Page', 'Customer']",1
L001524,Ahmed Williams,Raytheon,Semiconductor,APAC,Automotive Ethernet,Email Campaign,"['Opportunity', 'No_Conversion']",0
L001525,Michael Khan,MetaC_Tech,,,,Website,"['Website_Product_Page', 'Keysight_University_Course', 'PathWave_Trial_Request', 'PathWave_Trial_Request', 'PathWave_Trial_Request', 'Customer']",1
L001526,Ravi Garcia,Raytheon GmbH,Electronics,North America,Automotive Ethernet,Webinar,"['Keysight_Workshop_RF_Testing', 'IMS_Badge_Scan', 'No_Conversion']",0
L001527,Sofia Martinez,,Telecom,LATAM,5G Testbeds,Event,"['Keysight_Workshop_RF_Testing', 'Keysight_Workshop_RF_Testing', 'Opportunity', 'Customer']",1
L001528,Daniel Singh,Samsu_Tech,Semiconductor,APAC,PathWave Software,,"['Application_Engineer_Call', 'Oscilloscope_Selector_Tool', 'Opportunity', 'IMS_Badge_Scan', 'Customer']",1
L001529,Ravi Garcia,,,,5G Testbeds,LinkedIn,"['MQL', 'MQL', 'Oscilloscope_Selector_Tool', 'Application_Engineer_Call', 'SQL', 'Lab_Integration_Discussion', 'AutoSens_Tech_Talk', 'MQL', 'PathWave_Trial_Request', 'IMS_Badge_Scan', 'No_Conversion']",0
L001530,Priya Chen,Sony GmbH,,Europe,,Website,"['Keysight_Workshop_RF_Testing', 'Application_Engineer_Call', 'Application_Engineer_Call', 'Keysight_University_Course', 'SQL', 'Application_Engineer_Call', 'Customer']",1
L001531,Ravi Patel,Qualcomm GmbH,,Europe,Oscilloscopes,Sales Outreach,"['PathWave_Trial_Request', 'Keysight_Workshop_RF_Testing', 'AutoSens_Tech_Talk', 'MQL', 'Lab_Integration_Discussion', 'Loaner_Unit_Evaluation', 'IMS_Badge_Scan', 'Whitepaper_Download_5G_Test', 'Lab_Integration_Discussion', 'IMS_Badge_Scan', 'Customer']",1
L001532,Sofia Lee,Tesla Energy,Telecom,Europe,,Website,['Customer'],1
L001533,Ravi Williams,Tesla Energy,Aerospace,Europe,,Website,['Customer'],1
L001534,Hiroshi Anders,Samsu_Tech,,LATAM,Automotive Ethernet,Webinar,"['Keysight_Workshop_RF_Testing', 'Keysight_Workshop_RF_Testing', 'No_Conversion']",0
L001535,Maria Anders,Raytheon GmbH,Aerospace,Europe,PathWave Software,,"['Website_Product_Page', 'AutoSens_Tech_Talk', 'AutoSens_Tech_Talk', 'No_Conversion']",0
L001536,Michael Garcia,Bosch,Telecom,North America,5G Testbeds,Website,"['Keysight_Workshop_RF_Testing', 'Application_Engineer_Call', 'No_Conversion']",0
L001537,Maria Lee,,,North America,5G Testbeds,,"['Loaner_Unit_Evaluation', 'LinkedIn_Ad_Click', 'Website_Product_Page', 'Technical_Demo', 'Technical_Demo', 'Customer']",1
L001538,Michael Khan,Sony,Electronics,LATAM,,,"['MQL', 'Whitepaper_Download_5G_Test', 'IMS_Badge_Scan', 'Application_Engineer_Call', 'Technical_Demo', 'Opportunity', 'Oscilloscope_Selector_Tool', 'Oscilloscope_Selector_Tool', 'PathWave_Trial_Request', 'Customer']",1
L001539,Maria Anders,Meta Connectivity Labs GmbH,Telecom,North America,Automotive Ethernet,LinkedIn,['Customer'],1
L001540,Maria Ito,Qualcomm GmbH,Aerospace,APAC,,Website,"['Website_Product_Page', 'Website_Product_Page', 'Customer']",1
L001541,Michael Garcia,NXP Semiconductors,Automotive,APAC,Automotive Ethernet,Sales Outreach,"['Keysight_University_Course', 'Opportunity', 'Whitepaper_Download_5G_Test', 'Keysight_University_Course', 'Keysight_University_Course', 'No_Conversion']",0
L001542,Laura Martinez,Rayth_Tech,Telecom,LATAM,5G Testbeds,Website,"['MQL', 'MQL', 'IMS_Badge_Scan', 'Website_Product_Page', 'Opportunity', 'SQL', 'Application_Engineer_Call', 'Customer']",1
L001543,,Samsung Electronics,,LATAM,,,"['Lab_Integration_Discussion', 'Technical_Demo', 'Technical_Demo', 'Website_Product_Page', 'Loaner_Unit_Evaluation', 'IMS_Badge_Scan', 'No_Conversion']",0
L001544,Sarah Johnson,Tesla Energy GmbH,Telecom,Europe,Automotive Ethernet,Sales Outreach,"['Keysight_University_Course', 'LinkedIn_Ad_Click', 'IMS_Badge_Scan', 'Oscilloscope_Selector_Tool', 'IMS_Badge_Scan', 'No_Conversion']",0
L001545,Sarah Anders,,,APAC,PathWave Software,Webinar,"['DesignCon_Booth_Visit', 'Website_Product_Page', 'Customer']",1
L001546,Priya Williams,Raytheon,Automotive,,PathWave Software,Website,"['Keysight_University_Course', 'Application_Engineer_Call', 'Oscilloscope_Selector_Tool', 'Loaner_Unit_Evaluation', 'Customer']",1
L001547,,Raytheon GmbH,Aerospace,North America,PathWave Software,,"['IMS_Badge_Scan', 'Lab_Integration_Discussion', 'Lab_Integration_Discussion', 'MQL', 'Oscilloscope_Selector_Tool', 'No_Conversion']",0
L001548,Ahmed Williams,,,APAC,5G Testbeds,LinkedIn,['Customer'],1
L001549,Laura Johnson,Tesla Energy GmbH,,LATAM,Automotive Ethernet,LinkedIn,"['Application_Engineer_Call', 'SQL', 'DesignCon_Booth_Visit', 'Lab_Integration_Discussion', 'No_Conversion']",0
L001550,Ahmed Martinez,Sony_Tech,,Europe,5G Testbeds,LinkedIn,"['Application_Engineer_Call', 'DesignCon_Booth_Visit', 'Customer']",1
L001551,Ahmed Anders,Qualcomm,Automotive,,,,"['PathWave_Trial_Request', 'MQL', 'Opportunity', 'Opportunity', 'SQL', 'Whitepaper_Download_5G_Test', 'SQL', 'Whitepaper_Download_5G_Test', 'Application_Engineer_Call', 'SQL', 'No_Conversion']",0
L001552,Ahmed Singh,Broadcom GmbH,,APAC,,Website,"['LinkedIn_Ad_Click', 'Loaner_Unit_Evaluation', 'Keysight_Workshop_RF_Testing', 'Oscilloscope_Selector_Tool', 'LinkedIn_Ad_Click', 'Keysight_University_Course', 'IMS_Badge_Scan', 'PathWave_Trial_Request', 'Application_Engineer_Call', 'Customer']",1
L001553,Laura Johnson,,,North America,,Sales Outreach,['No_Conversion'],0
L001554,Ahmed Johnson,NXP Semiconductors,Telecom,North America,PathWave Software,Sales Outreach,['Customer'],1
L001555,,Infineon GmbH,,Europe,PathWave Software,Sales Outreach,"['MQL', 'Keysight_Workshop_RF_Testing', 'Website_Product_Page', 'DesignCon_Booth_Visit', 'AutoSens_Tech_Talk', 'DesignCon_Booth_Visit', 'Technical_Demo', 'Customer']",1
L001556,,Sony GmbH,,North America,Oscilloscopes,LinkedIn,"['Opportunity', 'Oscilloscope_Selector_Tool', 'MQL', 'No_Conversion']",0
L001557,Ravi Johnson,Infineon GmbH,,North America,Oscilloscopes,Email Campaign,['No_Conversion'],0
L001558,Kenji Anders,MetaC_Tech,Semiconductor,APAC,,Webinar,['Customer'],1
L001559,Priya Williams,Tesla_Tech,,,Automotive Ethernet,Webinar,"['Whitepaper_Download_5G_Test', 'DesignCon_Booth_Visit', 'Website_Product_Page', 'Customer']",1
L001560,Laura Chen,Bosch GmbH,Telecom,LATAM,,,"['Lab_Integration_Discussion', 'DesignCon_Booth_Visit', 'Technical_Demo', 'Lab_Integration_Discussion', 'No_Conversion']",0
L001561,Sarah Khan,Sony,,LATAM,,Event,['Customer'],1
L001562,Hiroshi Patel,,,Europe,,Webinar,"['MQL', 'Whitepaper_Download_5G_Test', 'Technical_Demo', 'Technical_Demo', 'Customer']",1
L001563,,Sony_Tech,,North America,,Website,"['Website_Product_Page', 'Application_Engineer_Call', 'Lab_Integration_Discussion', 'LinkedIn_Ad_Click', 'SQL', 'SQL', 'No_Conversion']",0
L001564,Sofia Anders,Broadcom,Semiconductor,,5G Testbeds,,"['Oscilloscope_Selector_Tool', 'Lab_Integration_Discussion', 'LinkedIn_Ad_Click', 'MQL', 'Customer']",1
L001565,,Raytheon,Aerospace,,,,"['Opportunity', 'Loaner_Unit_Evaluation', 'Opportunity', 'Customer']",1
L001566,Maria Khan,Sony,Telecom,,,Website,"['Keysight_University_Course', 'PathWave_Trial_Request', 'Opportunity', 'LinkedIn_Ad_Click', 'PathWave_Trial_Request', 'Keysight_Workshop_RF_Testing', 'AutoSens_Tech_Talk', 'Loaner_Unit_Evaluation', 'Customer']",1
L001567,Daniel Patel,Samsu_Tech,Electronics,APAC,PathWave Software,,"['Oscilloscope_Selector_Tool', 'Application_Engineer_Call', 'Loaner_Unit_Evaluation', 'No_Conversion']",0
L001568,Kenji Williams,,Electronics,,5G Testbeds,LinkedIn,['Customer'],1
L001569,Maria Ito,Samsung Electronics,,LATAM,,Sales Outreach,"['SQL', 'AutoSens_Tech_Talk', 'Loaner_Unit_Evaluation', 'Website_Product_Page', 'No_Conversion']",0
L001570,Kenji Tanaka,Samsu_Tech,Aerospace,,5G Testbeds,Email Campaign,['No_Conversion'],0
L001571,Michael Khan,NXPSe_Tech,Semiconductor,North America,5G Testbeds,Event,"['LinkedIn_Ad_Click', 'Keysight_University_Course', 'IMS_Badge_Scan', 'Keysight_University_Course', 'LinkedIn_Ad_Click', 'Loaner_Unit_Evaluation', 'LinkedIn_Ad_Click', 'No_Conversion']",0
L001572,Hiroshi Martinez,,Semiconductor,LATAM,,Webinar,['No_Conversion'],0
L001573,Maria Tanaka,Raytheon,,LATAM,Automotive Ethernet,Event,"['Lab_Integration_Discussion', 'MQL', 'Opportunity', 'IMS_Badge_Scan', 'Opportunity', 'Oscilloscope_Selector_Tool', 'No_Conversion']",0
L001574,Michael Singh,Qualcomm GmbH,Telecom,LATAM,PathWave Software,Webinar,"['Oscilloscope_Selector_Tool', 'Website_Product_Page', 'Keysight_University_Course', 'Website_Product_Page', 'Customer']",1
L001575,Michael Patel,Tesla Energy GmbH,Aerospace,LATAM,Automotive Ethernet,,"['Whitepaper_Download_5G_Test', 'PathWave_Trial_Request', 'Application_Engineer_Call', 'No_Conversion']",0
L001576,,Samsu_Tech,Automotive,,PathWave Software,Event,"['Keysight_Workshop_RF_Testing', 'SQL', 'Lab_Integration_Discussion', 'MQL', 'No_Conversion']",0
L001577,,NXP Semiconductors,Electronics,APAC,,Webinar,"['Keysight_University_Course', 'AutoSens_Tech_Talk', 'AutoSens_Tech_Talk', 'Whitepaper_Download_5G_Test', 'LinkedIn_Ad_Click', 'Whitepaper_Download_5G_Test', 'SQL', 'No_Conversion']",0
L001578,Sofia Williams,Samsu_Tech,Semiconductor,North America,Automotive Ethernet,Event,"['Keysight_Workshop_RF_Testing', 'MQL', 'Technical_Demo', 'Keysight_Workshop_RF_Testing', 'Customer']",1
L001579,Hiroshi Anders,NXP Semiconductors GmbH,,North America,Automotive Ethernet,Email Campaign,"['SQL', 'Website_Product_Page', 'SQL', 'Keysight_Workshop_RF_Testing', 'Keysight_University_Course', 'Keysight_University_Course', 'Customer']",1
L001580,Kenji Ito,,,,PathWave Software,,"['PathWave_Trial_Request', 'Website_Product_Page', 'MQL', 'Application_Engineer_Call', 'Customer']",1
L001581,Sofia Tanaka,Samsu_Tech,Aerospace,APAC,,Webinar,"['SQL', 'Whitepaper_Download_5G_Test', 'Website_Product_Page', 'Loaner_Unit_Evaluation', 'Customer']",1
L001582,Sofia Martinez,,Aerospace,,,Email Campaign,"['Lab_Integration_Discussion', 'Website_Product_Page', 'AutoSens_Tech_Talk', 'Application_Engineer_Call', 'SQL', 'Opportunity', 'LinkedIn_Ad_Click', 'Customer']",1
L001583,Ahmed Chen,,,,,Webinar,"['SQL', 'No_Conversion']",0
L001584,Laura Martinez,Tesla Energy GmbH,Electronics,APAC,,,['No_Conversion'],0
L001585,Priya Khan,,Aerospace,,PathWave Software,Webinar,"['Technical_Demo', 'Loaner_Unit_Evaluation', 'Lab_Integration_Discussion', 'Technical_Demo', 'LinkedIn_Ad_Click', 'Keysight_Workshop_RF_Testing', 'Whitepaper_Download_5G_Test', 'No_Conversion']",0
L001586,Priya Patel,Rayth_Tech,Automotive,North America,,,['No_Conversion'],0
L001587,Michael Anders,Broad_Tech,Telecom,LATAM,Oscilloscopes,Sales Outreach,"['DesignCon_Booth_Visit', 'MQL', 'No_Conversion']",0
L001588,Ravi Tanaka,Infineon,Automotive,North America,Oscilloscopes,Sales Outreach,"['MQL', 'SQL', 'MQL', 'DesignCon_Booth_Visit', 'Oscilloscope_Selector_Tool', 'PathWave_Trial_Request', 'PathWave_Trial_Request', 'LinkedIn_Ad_Click', 'No_Conversion']",0
L001589,Maria Chen,Raytheon,Aerospace,LATAM,,Website,"['Whitepaper_Download_5G_Test', 'PathWave_Trial_Request', 'Application_Engineer_Call', 'Customer']",1
L001590,Hiroshi Lee,,,LATAM,Automotive Ethernet,,"['DesignCon_Booth_Visit', 'Whitepaper_Download_5G_Test', 'AutoSens_Tech_Talk', 'Website_Product_Page', 'Oscilloscope_Selector_Tool', 'No_Conversion']",0
L001591,Chen Lee,NXP Semiconductors GmbH,,LATAM,Automotive Ethernet,,"['Opportunity', 'LinkedIn_Ad_Click', 'Technical_Demo', 'Technical_Demo', 'Lab_Integration_Discussion', 'Website_Product_Page', 'Technical_Demo', 'Lab_Integration_Discussion', 'Whitepaper_Download_5G_Test', 'LinkedIn_Ad_Click', 'No_Conversion']",0
L001592,Sofia Singh,,Telecom,North America,,LinkedIn,"['SQL', 'No_Conversion']",0
L001593,Priya Johnson,,,,Automotive Ethernet,Website,"['IMS_Badge_Scan', 'Opportunity', 'Customer']",1
L001594,Hiroshi Chen,,Automotive,LATAM,,LinkedIn,"['Keysight_Workshop_RF_Testing', 'Lab_Integration_Discussion', 'SQL', 'Oscilloscope_Selector_Tool', 'AutoSens_Tech_Talk', 'Opportunity', 'PathWave_Trial_Request', 'DesignCon_Booth_Visit', 'No_Conversion']",0
L001595,Michael Singh,MetaC_Tech,Telecom,APAC,PathWave Software,Email Campaign,"['DesignCon_Booth_Visit', 'DesignCon_Booth_Visit', 'Lab_Integration_Discussion', 'LinkedIn_Ad_Click', 'Loaner_Unit_Evaluation', 'Keysight_University_Course', 'Opportunity', 'LinkedIn_Ad_Click', 'Whitepaper_Download_5G_Test', 'Technical_Demo', 'No_Conversion']",0
L001596,Chen Martinez,MetaC_Tech,,Europe,,,"['Opportunity', 'Keysight_Workshop_RF_Testing', 'Application_Engineer_Call', 'Keysight_University_Course', 'Oscilloscope_Selector_Tool', 'MQL', 'No_Conversion']",0
L001597,Daniel Williams,Raytheon GmbH,Automotive,APAC,,Email Campaign,"['SQL', 'Application_Engineer_Call', 'Oscilloscope_Selector_Tool', 'Customer']",1
L001598,Sarah Ito,,,North America,5G Testbeds,,"['Oscilloscope_Selector_Tool', 'IMS_Badge_Scan', 'Keysight_University_Course', 'PathWave_Trial_Request', 'SQL', 'Customer']",1
L001599,Michael Lee,,Telecom,Europe,PathWave Software,Sales Outreach,"['Lab_Integration_Discussion', 'Keysight_University_Course', 'Technical_Demo', 'Customer']",1
L001600,Hiroshi Khan,Sony GmbH,Semiconductor,APAC,PathWave Software,Webinar,"['Application_Engineer_Call', 'Whitepaper_Download_5G_Test', 'Keysight_Workshop_RF_Testing', 'DesignCon_Booth_Visit', 'Keysight_Workshop_RF_Testing', 'Loaner_Unit_Evaluation', 'Whitepaper_Download_5G_Test', 'Customer']",1
L001601,Laura Lee,,Telecom,,5G Testbeds,LinkedIn,"['Loaner_Unit_Evaluation', 'Keysight_University_Course', 'Keysight_Workshop_RF_Testing', 'Customer']",1
L001602,Kenji Anders,Bosch,,APAC,5G Testbeds,Website,"['Keysight_Workshop_RF_Testing', 'Keysight_Workshop_RF_Testing', 'Keysight_Workshop_RF_Testing', 'Application_Engineer_Call', 'AutoSens_Tech_Talk', 'Loaner_Unit_Evaluation', 'SQL', 'No_Conversion']",0
L001603,Ahmed Garcia,Tesla_Tech,Electronics,LATAM,,LinkedIn,"['Lab_Integration_Discussion', 'LinkedIn_Ad_Click', 'Loaner_Unit_Evaluation', 'Lab_Integration_Discussion', 'Lab_Integration_Discussion', 'No_Conversion']",0
L001604,Maria Singh,Broad_Tech,,LATAM,Automotive Ethernet,,"['Oscilloscope_Selector_Tool', 'Loaner_Unit_Evaluation', 'IMS_Badge_Scan', 'IMS_Badge_Scan', 'Customer']",1
L001605,Sofia Lee,,,,,,"['AutoSens_Tech_Talk', 'IMS_Badge_Scan', 'Loaner_Unit_Evaluation', 'PathWave_Trial_Request', 'DesignCon_Booth_Visit', 'MQL', 'DesignCon_Booth_Visit', 'IMS_Badge_Scan', 'SQL', 'No_Conversion']",0
L001606,,NXP Semiconductors GmbH,Aerospace,Europe,,Website,"['Loaner_Unit_Evaluation', 'Application_Engineer_Call', 'MQL', 'SQL', 'Customer']",1
L001607,Daniel Singh,Qualcomm,,,,Website,"['Opportunity', 'Keysight_University_Course', 'SQL', 'No_Conversion']",0
L001608,,Raytheon GmbH,,,,Email Campaign,"['Lab_Integration_Discussion', 'Keysight_Workshop_RF_Testing', 'DesignCon_Booth_Visit', 'Technical_Demo', 'AutoSens_Tech_Talk', 'DesignCon_Booth_Visit', 'MQL', 'Loaner_Unit_Evaluation', 'Whitepaper_Download_5G_Test', 'Keysight_Workshop_RF_Testing', 'No_Conversion']",0
L001609,Hiroshi Garcia,Raytheon,,,5G Testbeds,Sales Outreach,"['AutoSens_Tech_Talk', 'Oscilloscope_Selector_Tool', 'Opportunity', 'Customer']",1
L001610,Laura Patel,,Telecom,LATAM,Oscilloscopes,,"['Opportunity', 'SQL', 'DesignCon_Booth_Visit', 'IMS_Badge_Scan', 'DesignCon_Booth_Visit', 'PathWave_Trial_Request', 'Loaner_Unit_Evaluation', 'Customer']",1
L001611,Hiroshi Chen,,Semiconductor,,Oscilloscopes,,"['IMS_Badge_Scan', 'Customer']",1
L001612,Ahmed Ito,Qualcomm,Semiconductor,APAC,,Sales Outreach,"['SQL', 'Loaner_Unit_Evaluation', 'Lab_Integration_Discussion', 'MQL', 'IMS_Badge_Scan', 'AutoSens_Tech_Talk', 'Customer']",1
L001613,Sofia Khan,Sony_Tech,Telecom,Europe,5G Testbeds,,"['Opportunity', 'Application_Engineer_Call', 'MQL', 'Technical_Demo', 'Keysight_University_Course', 'PathWave_Trial_Request', 'Keysight_University_Course', 'Application_Engineer_Call', 'Application_Engineer_Call', 'No_Conversion']",0
L001614,Sarah Patel,,Automotive,LATAM,Oscilloscopes,Sales Outreach,"['IMS_Badge_Scan', 'Loaner_Unit_Evaluation', 'PathWave_Trial_Request', 'AutoSens_Tech_Talk', 'IMS_Badge_Scan', 'PathWave_Trial_Request', 'PathWave_Trial_Request', 'PathWave_Trial_Request', 'Opportunity', 'SQL', 'Customer']",1
L001615,Ahmed Chen,NXPSe_Tech,Semiconductor,North America,,Event,"['AutoSens_Tech_Talk', 'Whitepaper_Download_5G_Test', 'MQL', 'DesignCon_Booth_Visit', 'AutoSens_Tech_Talk', 'Keysight_Workshop_RF_Testing', 'Keysight_University_Course', 'Customer']",1
L001616,,Broadcom,Aerospace,,,Sales Outreach,['No_Conversion'],0
L001617,Chen Tanaka,Infin_Tech,,North America,PathWave Software,Event,['Customer'],1
L001618,Kenji Chen,Tesla_Tech,,,,Event,"['LinkedIn_Ad_Click', 'Keysight_University_Course', 'Opportunity', 'Customer']",1
L001619,Sarah Williams,Infin_Tech,Automotive,Europe,Oscilloscopes,LinkedIn,"['Loaner_Unit_Evaluation', 'Website_Product_Page', 'No_Conversion']",0
L001620,Chen Khan,Raytheon GmbH,Telecom,,,,"['Keysight_University_Course', 'MQL', 'MQL', 'Lab_Integration_Discussion', 'Customer']",1
L001621,Ahmed Johnson,Sony_Tech,Semiconductor,North America,PathWave Software,Website,"['AutoSens_Tech_Talk', 'Opportunity', 'MQL', 'Application_Engineer_Call', 'Oscilloscope_Selector_Tool', 'Application_Engineer_Call', 'MQL', 'MQL', 'DesignCon_Booth_Visit', 'Customer']",1
L001622,,Qualc_Tech,Semiconductor,Europe,PathWave Software,Email Campaign,"['Website_Product_Page', 'No_Conversion']",0
L001623,Maria Chen,Raytheon,Telecom,LATAM,Oscilloscopes,Webinar,['Customer'],1
L001624,Kenji Patel,Bosch_Tech,Electronics,North America,,Webinar,"['Website_Product_Page', 'Oscilloscope_Selector_Tool', 'PathWave_Trial_Request', 'Application_Engineer_Call', 'AutoSens_Tech_Talk', 'Keysight_Workshop_RF_Testing', 'MQL', 'Customer']",1
L001625,Maria Singh,,,APAC,5G Testbeds,Event,"['Keysight_University_Course', 'PathWave_Trial_Request', 'DesignCon_Booth_Visit', 'Customer']",1
L001626,Priya Chen,,Electronics,North America,,,"['AutoSens_Tech_Talk', 'IMS_Badge_Scan', 'Technical_Demo', 'Customer']",1
L001627,Sarah Chen,NXP Semiconductors GmbH,Telecom,North America,,LinkedIn,"['Whitepaper_Download_5G_Test', 'MQL', 'AutoSens_Tech_Talk', 'Loaner_Unit_Evaluation', 'Customer']",1
L001628,Hiroshi Martinez,Rayth_Tech,Telecom,LATAM,,Webinar,"['Whitepaper_Download_5G_Test', 'Lab_Integration_Discussion', 'MQL', 'Oscilloscope_Selector_Tool', 'Application_Engineer_Call', 'SQL', 'Customer']",1
L001629,Laura Williams,Samsu_Tech,,APAC,,LinkedIn,"['AutoSens_Tech_Talk', 'Customer']",1
L001630,Maria Garcia,Infin_Tech,,Europe,,Website,"['Whitepaper_Download_5G_Test', 'MQL', 'Opportunity', 'MQL', 'Customer']",1
L001631,Priya Chen,Raytheon,Electronics,APAC,,Website,"['SQL', 'Lab_Integration_Discussion', 'Technical_Demo', 'Loaner_Unit_Evaluation', 'Website_Product_Page', 'No_Conversion']",0
L001632,Laura Johnson,,Semiconductor,North America,PathWave Software,Website,"['DesignCon_Booth_Visit', 'IMS_Badge_Scan', 'Application_Engineer_Call', 'DesignCon_Booth_Visit', 'Keysight_University_Course', 'No_Conversion']",0
L001633,,MetaC_Tech,Aerospace,APAC,PathWave Software,Sales Outreach,"['Loaner_Unit_Evaluation', 'Application_Engineer_Call', 'MQL', 'Whitepaper_Download_5G_Test', 'Opportunity', 'DesignCon_Booth_Visit', 'No_Conversion']",0
L001634,Hiroshi Khan,Raytheon,Semiconductor,LATAM,5G Testbeds,Sales Outreach,"['Loaner_Unit_Evaluation', 'Loaner_Unit_Evaluation', 'Application_Engineer_Call', 'DesignCon_Booth_Visit', 'PathWave_Trial_Request', 'Whitepaper_Download_5G_Test', 'DesignCon_Booth_Visit', 'Oscilloscope_Selector_Tool', 'Customer']",1
L001635,Hiroshi Anders,Qualcomm GmbH,,North America,,,"['SQL', 'LinkedIn_Ad_Click', 'LinkedIn_Ad_Click', 'Website_Product_Page', 'Customer']",1
L001636,Ravi Johnson,Infin_Tech,Telecom,,5G Testbeds,Webinar,"['SQL', 'MQL', 'Keysight_Workshop_RF_Testing', 'SQL', 'Customer']",1
L001637,Chen Williams,,Automotive,Europe,5G Testbeds,Website,"['Keysight_University_Course', 'Opportunity', 'Keysight_Workshop_RF_Testing', 'Loaner_Unit_Evaluation', 'Opportunity', 'DesignCon_Booth_Visit', 'Customer']",1
L001638,Chen Ito,Sony GmbH,Telecom,Europe,PathWave Software,Webinar,"['Keysight_Workshop_RF_Testing', 'Customer']",1
L001639,Kenji Chen,,Aerospace,,Automotive Ethernet,Event,"['PathWave_Trial_Request', 'Customer']",1
L001640,Sarah Johnson,Sony GmbH,Semiconductor,LATAM,,Sales Outreach,"['Opportunity', 'Opportunity', 'Oscilloscope_Selector_Tool', 'IMS_Badge_Scan', 'No_Conversion']",0
L001641,Ahmed Singh,Infineon GmbH,,APAC,,Webinar,"['Keysight_University_Course', 'Oscilloscope_Selector_Tool', 'Whitepaper_Download_5G_Test', 'IMS_Badge_Scan', 'No_Conversion']",0
L001642,Chen Khan,Sony,Electronics,North America,Oscilloscopes,Event,"['Loaner_Unit_Evaluation', 'Whitepaper_Download_5G_Test', 'Opportunity', 'Opportunity', 'AutoSens_Tech_Talk', 'LinkedIn_Ad_Click', 'Keysight_University_Course', 'No_Conversion']",0
L001643,Michael Johnson,,Telecom,North America,,Email Campaign,"['Oscilloscope_Selector_Tool', 'Technical_Demo', 'Lab_Integration_Discussion', 'Technical_Demo', 'Customer']",1
L001644,Laura Khan,Qualcomm,Semiconductor,LATAM,PathWave Software,,"['AutoSens_Tech_Talk', 'Application_Engineer_Call', 'LinkedIn_Ad_Click', 'No_Conversion']",0
L001645,Hiroshi Patel,Broad_Tech,Aerospace,North America,5G Testbeds,Website,['Customer'],1
L001646,Michael Singh,Raytheon,,Europe,,,"['IMS_Badge_Scan', 'IMS_Badge_Scan', 'Whitepaper_Download_5G_Test', 'Oscilloscope_Selector_Tool', 'Whitepaper_Download_5G_Test', 'Whitepaper_Download_5G_Test', 'Opportunity', 'Opportunity', 'Customer']",1
L001647,Priya Patel,Meta Connectivity Labs,,LATAM,,,"['Opportunity', 'No_Conversion']",0
L001648,Ahmed Tanaka,NXPSe_Tech,,,,LinkedIn,"['Application_Engineer_Call', 'Customer']",1
L001649,Michael Martinez,Broad_Tech,Semiconductor,,,Event,"['Oscilloscope_Selector_Tool', 'Opportunity', 'Keysight_Workshop_RF_Testing', 'IMS_Badge_Scan', 'Website_Product_Page', 'Whitepaper_Download_5G_Test', 'IMS_Badge_Scan', 'No_Conversion']",0
L001650,Hiroshi Anders,Tesla_Tech,Automotive,,Automotive Ethernet,Webinar,"['Keysight_University_Course', 'Application_Engineer_Call', 'Application_Engineer_Call', 'Application_Engineer_Call', 'No_Conversion']",0
L001651,Sofia Singh,,Telecom,APAC,Automotive Ethernet,Website,"['IMS_Badge_Scan', 'LinkedIn_Ad_Click', 'Oscilloscope_Selector_Tool', 'No_Conversion']",0
L001652,Laura Tanaka,Broadcom GmbH,Aerospace,APAC,,Webinar,"['Loaner_Unit_Evaluation', 'Loaner_Unit_Evaluation', 'Customer']",1
L001653,Ahmed Khan,Samsung Electronics,Telecom,LATAM,5G Testbeds,Webinar,['Customer'],1
L001654,Daniel Martinez,,Electronics,LATAM,,Email Campaign,"['Opportunity', 'AutoSens_Tech_Talk', 'No_Conversion']",0
L001655,Priya Singh,Meta Connectivity Labs GmbH,Telecom,APAC,,Event,"['SQL', 'Oscilloscope_Selector_Tool', 'IMS_Badge_Scan', 'SQL', 'Loaner_Unit_Evaluation', 'IMS_Badge_Scan', 'Keysight_Workshop_RF_Testing', 'Customer']",1
L001656,Sarah Tanaka,Sony_Tech,Telecom,LATAM,Automotive Ethernet,,"['Whitepaper_Download_5G_Test', 'Keysight_University_Course', 'Lab_Integration_Discussion', 'SQL', 'Customer']",1
L001657,Kenji Khan,Samsung Electronics GmbH,,LATAM,,Event,"['Lab_Integration_Discussion', 'Customer']",1
L001658,Laura Ito,Bosch,Electronics,APAC,,Email Campaign,"['Technical_Demo', 'Customer']",1
L001659,Michael Singh,,Semiconductor,,PathWave Software,,"['Whitepaper_Download_5G_Test', 'LinkedIn_Ad_Click', 'IMS_Badge_Scan', 'IMS_Badge_Scan', 'Application_Engineer_Call', 'DesignCon_Booth_Visit', 'MQL', 'Keysight_University_Course', 'Customer']",1
L001660,Sofia Patel,Infineon,,APAC,,Webinar,['Customer'],1
L001661,Chen Anders,Samsu_Tech,Aerospace,,Automotive Ethernet,LinkedIn,['Customer'],1
L001662,Daniel Martinez,Broad_Tech,Aerospace,Europe,PathWave Software,,"['AutoSens_Tech_Talk', 'Keysight_University_Course', 'Application_Engineer_Call', 'SQL', 'SQL', 'Opportunity', 'No_Conversion']",0
L001663,Hiroshi Tanaka,Qualcomm GmbH,Electronics,Europe,,Sales Outreach,"['PathWave_Trial_Request', 'IMS_Badge_Scan', 'PathWave_Trial_Request', 'Customer']",1
L001664,Hiroshi Williams,Samsung Electronics,Automotive,LATAM,,,"['MQL', 'Opportunity', 'DesignCon_Booth_Visit', 'Keysight_University_Course', 'Opportunity', 'Customer']",1
L001665,Priya Williams,Samsu_Tech,,APAC,PathWave Software,Email Campaign,"['LinkedIn_Ad_Click', 'Website_Product_Page', 'Whitepaper_Download_5G_Test', 'DesignCon_Booth_Visit', 'AutoSens_Tech_Talk', 'Loaner_Unit_Evaluation', 'SQL', 'Lab_Integration_Discussion', 'Technical_Demo', 'Customer']",1
L001666,,Meta Connectivity Labs GmbH,Automotive,APAC,Automotive Ethernet,Webinar,"['IMS_Badge_Scan', 'Technical_Demo', 'Keysight_University_Course', 'Oscilloscope_Selector_Tool', 'Keysight_Workshop_RF_Testing', 'Website_Product_Page', 'Technical_Demo', 'Loaner_Unit_Evaluation', 'Website_Product_Page', 'Customer']",1
L001667,Sarah Chen,Rayth_Tech,Electronics,,Automotive Ethernet,Email Campaign,"['Opportunity', 'Whitepaper_Download_5G_Test', 'Keysight_University_Course', 'Keysight_University_Course', 'MQL', 'DesignCon_Booth_Visit', 'Lab_Integration_Discussion', 'Customer']",1
L001668,Michael Anders,Tesla Energy GmbH,Aerospace,,5G Testbeds,,"['DesignCon_Booth_Visit', 'Customer']",1
L001669,Priya Martinez,NXPSe_Tech,Telecom,,,Webinar,"['MQL', 'Website_Product_Page', 'No_Conversion']",0
L001670,Laura Anders,Bosch GmbH,,Europe,5G Testbeds,Event,"['Loaner_Unit_Evaluation', 'Opportunity', 'Keysight_Workshop_RF_Testing', 'Application_Engineer_Call', 'Customer']",1
L001671,Daniel Johnson,Bosch,,LATAM,Automotive Ethernet,LinkedIn,"['Opportunity', 'MQL', 'Application_Engineer_Call', 'Customer']",1
L001672,Sofia Tanaka,Broadcom,,Europe,,Email Campaign,"['DesignCon_Booth_Visit', 'No_Conversion']",0
L001673,Ravi Lee,Sony,Telecom,,,,"['IMS_Badge_Scan', 'LinkedIn_Ad_Click', 'Keysight_Workshop_RF_Testing', 'PathWave_Trial_Request', 'SQL', 'AutoSens_Tech_Talk', 'No_Conversion']",0
L001674,Ravi Patel,Meta Connectivity Labs GmbH,,North America,Oscilloscopes,Website,"['Loaner_Unit_Evaluation', 'PathWave_Trial_Request', 'Application_Engineer_Call', 'IMS_Badge_Scan', 'SQL', 'DesignCon_Booth_Visit', 'Keysight_Workshop_RF_Testing', 'Loaner_Unit_Evaluation', 'Technical_Demo', 'Customer']",1
L001675,Maria Singh,Broadcom GmbH,,Europe,,,"['LinkedIn_Ad_Click', 'Technical_Demo', 'Keysight_Workshop_RF_Testing', 'AutoSens_Tech_Talk', 'Loaner_Unit_Evaluation', 'Website_Product_Page', 'Oscilloscope_Selector_Tool', 'No_Conversion']",0
L001676,Maria Lee,NXP Semiconductors GmbH,Semiconductor,APAC,PathWave Software,LinkedIn,"['PathWave_Trial_Request', 'Loaner_Unit_Evaluation', 'Keysight_University_Course', 'DesignCon_Booth_Visit', 'IMS_Badge_Scan', 'Loaner_Unit_Evaluation', 'Whitepaper_Download_5G_Test', 'Customer']",1
L001677,Michael Chen,Bosch,Automotive,North America,Oscilloscopes,Webinar,"['Keysight_University_Course', 'Opportunity', 'Website_Product_Page', 'Application_Engineer_Call', 'Website_Product_Page', 'AutoSens_Tech_Talk', 'AutoSens_Tech_Talk', 'Application_Engineer_Call', 'Whitepaper_Download_5G_Test', 'No_Conversion']",0
L001678,Ravi Martinez,Bosch_Tech,Electronics,APAC,5G Testbeds,Webinar,"['Whitepaper_Download_5G_Test', 'Customer']",1
L001679,,Infineon,,LATAM,,Event,"['Technical_Demo', 'Application_Engineer_Call', 'Keysight_Workshop_RF_Testing', 'IMS_Badge_Scan', 'Whitepaper_Download_5G_Test', 'Opportunity', 'Website_Product_Page', 'Keysight_University_Course', 'Customer']",1
L001680,Maria Martinez,Samsung Electronics,,,Oscilloscopes,LinkedIn,"['Technical_Demo', 'MQL', 'Website_Product_Page', 'Lab_Integration_Discussion', 'Customer']",1
L001681,Michael Chen,,Electronics,LATAM,PathWave Software,Email Campaign,"['Lab_Integration_Discussion', 'Keysight_Workshop_RF_Testing', 'AutoSens_Tech_Talk', 'AutoSens_Tech_Talk', 'Technical_Demo', 'Oscilloscope_Selector_Tool', 'No_Conversion']",0
L001682,Daniel Anders,Qualcomm,Automotive,Europe,,Email Campaign,"['Keysight_Workshop_RF_Testing', 'Lab_Integration_Discussion', 'PathWave_Trial_Request', 'Customer']",1
L001683,Kenji Williams,Samsung Electronics GmbH,,APAC,Oscilloscopes,Webinar,"['DesignCon_Booth_Visit', 'Application_Engineer_Call', 'LinkedIn_Ad_Click', 'IMS_Badge_Scan', 'LinkedIn_Ad_Click', 'SQL', 'Customer']",1
L001684,Hiroshi Williams,Meta Connectivity Labs GmbH,Electronics,Europe,,Event,"['DesignCon_Booth_Visit', 'Keysight_Workshop_RF_Testing', 'Website_Product_Page', 'LinkedIn_Ad_Click', 'Keysight_University_Course', 'Technical_Demo', 'No_Conversion']",0
L001685,Ahmed Patel,Qualcomm,Telecom,APAC,,Website,"['SQL', 'MQL', 'SQL', 'Oscilloscope_Selector_Tool', 'MQL', 'Oscilloscope_Selector_Tool', 'Application_Engineer_Call', 'Application_Engineer_Call', 'Customer']",1
L001686,Maria Patel,,Semiconductor,North America,Automotive Ethernet,Webinar,"['Opportunity', 'Website_Product_Page', 'PathWave_Trial_Request', 'Application_Engineer_Call', 'LinkedIn_Ad_Click', 'Loaner_Unit_Evaluation', 'DesignCon_Booth_Visit', 'LinkedIn_Ad_Click', 'IMS_Badge_Scan', 'DesignCon_Booth_Visit', 'Customer']",1
L001687,Kenji Singh,Bosch GmbH,Electronics,LATAM,,Sales Outreach,"['DesignCon_Booth_Visit', 'DesignCon_Booth_Visit', 'MQL', 'Lab_Integration_Discussion', 'Lab_Integration_Discussion', 'IMS_Badge_Scan', 'Application_Engineer_Call', 'Application_Engineer_Call', 'Customer']",1
L001688,Michael Chen,Infineon,Automotive,North America,,Email Campaign,"['Loaner_Unit_Evaluation', 'Opportunity', 'PathWave_Trial_Request', 'Technical_Demo', 'Lab_Integration_Discussion', 'AutoSens_Tech_Talk', 'No_Conversion']",0
L001689,,Infin_Tech,,APAC,5G Testbeds,Webinar,"['Oscilloscope_Selector_Tool', 'Website_Product_Page', 'Whitepaper_Download_5G_Test', 'Opportunity', 'Website_Product_Page', 'Lab_Integration_Discussion', 'Loaner_Unit_Evaluation', 'No_Conversion']",0
L001690,Sarah Ito,Samsung Electronics GmbH,Aerospace,,Oscilloscopes,Email Campaign,"['Technical_Demo', 'Oscilloscope_Selector_Tool', 'Oscilloscope_Selector_Tool', 'DesignCon_Booth_Visit', 'PathWave_Trial_Request', 'Lab_Integration_Discussion', 'Keysight_University_Course', 'Oscilloscope_Selector_Tool', 'No_Conversion']",0
L001691,Hiroshi Lee,Samsung Electronics,,APAC,5G Testbeds,Email Campaign,"['Website_Product_Page', 'AutoSens_Tech_Talk', 'Whitepaper_Download_5G_Test', 'Application_Engineer_Call', 'SQL', 'No_Conversion']",0
L001692,Sarah Khan,,Telecom,Europe,,Event,"['Application_Engineer_Call', 'AutoSens_Tech_Talk', 'MQL', 'Keysight_University_Course', 'Oscilloscope_Selector_Tool', 'No_Conversion']",0
L001693,Ravi Martinez,Bosch GmbH,Aerospace,North America,,Webinar,"['DesignCon_Booth_Visit', 'Loaner_Unit_Evaluation', 'Opportunity', 'Loaner_Unit_Evaluation', 'LinkedIn_Ad_Click', 'DesignCon_Booth_Visit', 'Lab_Integration_Discussion', 'Opportunity', 'Oscilloscope_Selector_Tool', 'No_Conversion']",0
L001694,Hiroshi Tanaka,NXPSe_Tech,Telecom,,,Website,['Customer'],1
L001695,Sofia Lee,Raytheon GmbH,Semiconductor,Europe,,Sales Outreach,"['PathWave_Trial_Request', 'Customer']",1
L001696,Chen Anders,Samsu_Tech,,Europe,,Website,"['Whitepaper_Download_5G_Test', 'SQL', 'PathWave_Trial_Request', 'IMS_Badge_Scan', 'SQL', 'IMS_Badge_Scan', 'No_Conversion']",0
L001697,Sarah Lee,Sony_Tech,Electronics,North America,5G Testbeds,Website,"['Lab_Integration_Discussion', 'PathWave_Trial_Request', 'Oscilloscope_Selector_Tool', 'Keysight_University_Course', 'AutoSens_Tech_Talk', 'DesignCon_Booth_Visit', 'IMS_Badge_Scan', 'Whitepaper_Download_5G_Test', 'SQL', 'Customer']",1
L001698,Priya Johnson,Infineon,Electronics,LATAM,5G Testbeds,LinkedIn,"['Lab_Integration_Discussion', 'DesignCon_Booth_Visit', 'Whitepaper_Download_5G_Test', 'No_Conversion']",0
L001699,Laura Khan,Broad_Tech,Aerospace,APAC,,Event,"['Website_Product_Page', 'DesignCon_Booth_Visit', 'Loaner_Unit_Evaluation', 'No_Conversion']",0
L001700,Ahmed Lee,Tesla Energy GmbH,Automotive,LATAM,,Event,"['Application_Engineer_Call', 'LinkedIn_Ad_Click', 'Website_Product_Page', 'No_Conversion']",0
L001701,Hiroshi Martinez,Infineon GmbH,Semiconductor,North America,,Website,"['SQL', 'Whitepaper_Download_5G_Test', 'Keysight_University_Course', 'DesignCon_Booth_Visit', 'MQL', 'No_Conversion']",0
L001702,Kenji Anders,Sony GmbH,Automotive,APAC,,Event,"['Keysight_Workshop_RF_Testing', 'MQL', 'Loaner_Unit_Evaluation', 'Oscilloscope_Selector_Tool', 'Lab_Integration_Discussion', 'Technical_Demo', 'No_Conversion']",0
L001703,Michael Garcia,NXP Semiconductors GmbH,,North America,,Email Campaign,"['PathWave_Trial_Request', 'Loaner_Unit_Evaluation', 'Customer']",1
L001704,Sofia Khan,Qualc_Tech,Aerospace,APAC,Automotive Ethernet,Website,"['Keysight_University_Course', 'PathWave_Trial_Request', 'LinkedIn_Ad_Click', 'Oscilloscope_Selector_Tool', 'Keysight_University_Course', 'Technical_Demo', 'Technical_Demo', 'IMS_Badge_Scan', 'No_Conversion']",0
L001705,Chen Martinez,,,,Automotive Ethernet,Event,"['Technical_Demo', 'MQL', 'Oscilloscope_Selector_Tool', 'Customer']",1
L001706,Priya Patel,Bosch,Automotive,Europe,,Sales Outreach,['Customer'],1
L001707,Chen Tanaka,Samsung Electronics,,North America,Automotive Ethernet,,"['Opportunity', 'No_Conversion']",0
L001708,Priya Johnson,Bosch GmbH,Aerospace,LATAM,,Email Campaign,"['Opportunity', 'Opportunity', 'DesignCon_Booth_Visit', 'No_Conversion']",0
L001709,Sofia Martinez,,Semiconductor,North America,,Email Campaign,"['LinkedIn_Ad_Click', 'Keysight_Workshop_RF_Testing', 'No_Conversion']",0
L001710,Ahmed Williams,,,,5G Testbeds,Event,"['Keysight_Workshop_RF_Testing', 'Technical_Demo', 'DesignCon_Booth_Visit', 'Keysight_University_Course', 'Website_Product_Page', 'No_Conversion']",0
L001711,Sofia Khan,Raytheon,,North America,5G Testbeds,Webinar,"['PathWave_Trial_Request', 'Keysight_University_Course', 'Keysight_Workshop_RF_Testing', 'Customer']",1
L001712,Chen Khan,Rayth_Tech,Electronics,,PathWave Software,LinkedIn,['Customer'],1
L001713,Maria Tanaka,Sony,Aerospace,,5G Testbeds,Sales Outreach,"['Keysight_Workshop_RF_Testing', 'Opportunity', 'Keysight_Workshop_RF_Testing', 'Application_Engineer_Call', 'SQL', 'SQL', 'SQL', 'Loaner_Unit_Evaluation', 'No_Conversion']",0
L001714,Ravi Garcia,,,North America,PathWave Software,Webinar,"['DesignCon_Booth_Visit', 'Opportunity', 'Loaner_Unit_Evaluation', 'DesignCon_Booth_Visit', 'Opportunity', 'Loaner_Unit_Evaluation', 'Website_Product_Page', 'SQL', 'LinkedIn_Ad_Click', 'SQL', 'No_Conversion']",0
L001715,Sofia Anders,Broadcom,Semiconductor,,Oscilloscopes,Webinar,"['Keysight_University_Course', 'Whitepaper_Download_5G_Test', 'Website_Product_Page', 'Whitepaper_Download_5G_Test', 'No_Conversion']",0
L001716,Laura Johnson,Sony GmbH,,,Oscilloscopes,Email Campaign,"['MQL', 'Keysight_University_Course', 'Oscilloscope_Selector_Tool', 'Technical_Demo', 'Application_Engineer_Call', 'No_Conversion']",0
L001717,Maria Ito,Sony_Tech,Telecom,LATAM,,Website,['Customer'],1
L001718,Chen Williams,Sony,,,Oscilloscopes,Webinar,['Customer'],1
L001719,,Bosch_Tech,Automotive,Europe,PathWave Software,Email Campaign,"['Loaner_Unit_Evaluation', 'No_Conversion']",0
L001720,Sarah Anders,Meta Connectivity Labs GmbH,Automotive,North America,Automotive Ethernet,,"['Technical_Demo', 'Keysight_University_Course', 'PathWave_Trial_Request', 'Opportunity', 'Loaner_Unit_Evaluation', 'Customer']",1
L001721,Hiroshi Martinez,Tesla Energy GmbH,Electronics,North America,Oscilloscopes,Email Campaign,"['DesignCon_Booth_Visit', 'Lab_Integration_Discussion', 'MQL', 'Keysight_University_Course', 'Customer']",1
L001722,Laura Khan,Meta Connectivity Labs,Electronics,LATAM,5G Testbeds,Email Campaign,"['Technical_Demo', 'Whitepaper_Download_5G_Test', 'AutoSens_Tech_Talk', 'No_Conversion']",0
L001723,Kenji Khan,Samsung Electronics GmbH,Aerospace,LATAM,Oscilloscopes,Email Campaign,"['Lab_Integration_Discussion', 'Application_Engineer_Call', 'No_Conversion']",0
L001724,Maria Patel,Raytheon,,Europe,Oscilloscopes,Website,"['Lab_Integration_Discussion', 'Keysight_Workshop_RF_Testing', 'AutoSens_Tech_Talk', 'SQL', 'LinkedIn_Ad_Click', 'Lab_Integration_Discussion', 'Customer']",1
L001725,Maria Singh,MetaC_Tech,Aerospace,Europe,5G Testbeds,Website,"['LinkedIn_Ad_Click', 'IMS_Badge_Scan', 'Oscilloscope_Selector_Tool', 'AutoSens_Tech_Talk', 'Whitepaper_Download_5G_Test', 'Customer']",1
L001726,,Samsung Electronics,Automotive,Europe,Automotive Ethernet,Webinar,"['DesignCon_Booth_Visit', 'Website_Product_Page', 'Loaner_Unit_Evaluation', 'IMS_Badge_Scan', 'Loaner_Unit_Evaluation', 'Customer']",1
L001727,Daniel Anders,Qualcomm GmbH,,Europe,PathWave Software,Webinar,"['Oscilloscope_Selector_Tool', 'IMS_Badge_Scan', 'Lab_Integration_Discussion', 'IMS_Badge_Scan', 'No_Conversion']",0
L001728,Kenji Williams,Sony GmbH,Automotive,APAC,Automotive Ethernet,Event,"['Technical_Demo', 'SQL', 'Website_Product_Page', 'No_Conversion']",0
L001729,Hiroshi Chen,Raytheon,,,Automotive Ethernet,Sales Outreach,"['Application_Engineer_Call', 'SQL', 'Opportunity', 'Oscilloscope_Selector_Tool', 'Website_Product_Page', 'AutoSens_Tech_Talk', 'LinkedIn_Ad_Click', 'Loaner_Unit_Evaluation', 'Opportunity', 'Customer']",1
L001730,Sarah Patel,Infineon,Telecom,North America,,Webinar,"['MQL', 'Lab_Integration_Discussion', 'AutoSens_Tech_Talk', 'Keysight_Workshop_RF_Testing', 'Opportunity', 'Customer']",1
L001731,Ahmed Ito,Bosch GmbH,Telecom,North America,,Website,"['Keysight_University_Course', 'MQL', 'Oscilloscope_Selector_Tool', 'Customer']",1
L001732,Ahmed Williams,Qualc_Tech,Semiconductor,,Automotive Ethernet,Event,"['Website_Product_Page', 'Lab_Integration_Discussion', 'Application_Engineer_Call', 'PathWave_Trial_Request', 'Website_Product_Page', 'Website_Product_Page', 'Customer']",1
L001733,Kenji Johnson,Broadcom,Telecom,North America,Oscilloscopes,Webinar,"['LinkedIn_Ad_Click', 'Website_Product_Page', 'Customer']",1
L001734,Ahmed Johnson,Tesla Energy,Semiconductor,APAC,Automotive Ethernet,Webinar,"['Whitepaper_Download_5G_Test', 'Loaner_Unit_Evaluation', 'Lab_Integration_Discussion', 'No_Conversion']",0
L001735,Hiroshi Johnson,,Electronics,APAC,5G Testbeds,Website,"['Application_Engineer_Call', 'Keysight_University_Course', 'LinkedIn_Ad_Click', 'Keysight_Workshop_RF_Testing', 'Customer']",1
L001736,Ravi Martinez,,,,Oscilloscopes,,"['DesignCon_Booth_Visit', 'Opportunity', 'Loaner_Unit_Evaluation', 'LinkedIn_Ad_Click', 'PathWave_Trial_Request', 'Customer']",1
L001737,Ravi Patel,Tesla_Tech,Telecom,LATAM,,Sales Outreach,['No_Conversion'],0
L001738,Sarah Williams,Rayth_Tech,,APAC,5G Testbeds,Website,"['SQL', 'Technical_Demo', 'SQL', 'MQL', 'Application_Engineer_Call', 'LinkedIn_Ad_Click', 'DesignCon_Booth_Visit', 'Whitepaper_Download_5G_Test', 'Customer']",1
L001739,Ravi Martinez,,Semiconductor,LATAM,PathWave Software,Sales Outreach,"['LinkedIn_Ad_Click', 'Oscilloscope_Selector_Tool', 'LinkedIn_Ad_Click', 'Technical_Demo', 'Opportunity', 'Whitepaper_Download_5G_Test', 'Technical_Demo', 'SQL', 'No_Conversion']",0
L001740,Laura Johnson,NXP Semiconductors,Electronics,,5G Testbeds,Website,"['Loaner_Unit_Evaluation', 'IMS_Badge_Scan', 'No_Conversion']",0
L001741,Ahmed Tanaka,,Electronics,Europe,Automotive Ethernet,LinkedIn,"['Oscilloscope_Selector_Tool', 'Keysight_Workshop_RF_Testing', 'PathWave_Trial_Request', 'AutoSens_Tech_Talk', 'Technical_Demo', 'Opportunity', 'Application_Engineer_Call', 'Lab_Integration_Discussion', 'Lab_Integration_Discussion', 'Customer']",1
L001742,Ravi Anders,Qualcomm,,APAC,,,"['DesignCon_Booth_Visit', 'Customer']",1
L001743,Maria Johnson,,Semiconductor,LATAM,,Webinar,"['SQL', 'Keysight_University_Course', 'AutoSens_Tech_Talk', 'Whitepaper_Download_5G_Test', 'Customer']",1
L001744,Hiroshi Johnson,NXPSe_Tech,,LATAM,,Webinar,"['SQL', 'Oscilloscope_Selector_Tool', 'MQL', 'Customer']",1
L001745,Sofia Singh,Tesla Energy,Telecom,,PathWave Software,LinkedIn,"['Technical_Demo', 'Technical_Demo', 'DesignCon_Booth_Visit', 'MQL', 'Website_Product_Page', 'PathWave_Trial_Request', 'AutoSens_Tech_Talk', 'Customer']",1
L001746,Sarah Singh,Sony GmbH,Automotive,North America,Automotive Ethernet,Website,"['Whitepaper_Download_5G_Test', 'Lab_Integration_Discussion', 'DesignCon_Booth_Visit', 'Technical_Demo', 'MQL', 'DesignCon_Booth_Visit', 'No_Conversion']",0
L001747,Maria Ito,NXP Semiconductors,Semiconductor,APAC,PathWave Software,Sales Outreach,"['Loaner_Unit_Evaluation', 'Technical_Demo', 'Loaner_Unit_Evaluation', 'Application_Engineer_Call', 'Whitepaper_Download_5G_Test', 'IMS_Badge_Scan', 'Application_Engineer_Call', 'Opportunity', 'MQL', 'No_Conversion']",0
L001748,Kenji Khan,Qualcomm,Telecom,APAC,,Event,"['Website_Product_Page', 'IMS_Badge_Scan', 'Oscilloscope_Selector_Tool', 'Application_Engineer_Call', 'Oscilloscope_Selector_Tool', 'No_Conversion']",0
L001749,Chen Martinez,NXP Semiconductors GmbH,,,5G Testbeds,Webinar,"['Keysight_University_Course', 'LinkedIn_Ad_Click', 'DesignCon_Booth_Visit', 'Application_Engineer_Call', 'Website_Product_Page', 'Keysight_University_Course', 'No_Conversion']",0
L001750,,MetaC_Tech,,North America,Automotive Ethernet,Webinar,"['Keysight_University_Course', 'Loaner_Unit_Evaluation', 'IMS_Badge_Scan', 'Website_Product_Page', 'Oscilloscope_Selector_Tool', 'Technical_Demo', 'Whitepaper_Download_5G_Test', 'Website_Product_Page', 'PathWave_Trial_Request', 'Keysight_Workshop_RF_Testing', 'No_Conversion']",0
L001751,Chen Lee,NXP Semiconductors,Telecom,,PathWave Software,Webinar,"['Loaner_Unit_Evaluation', 'SQL', 'SQL', 'No_Conversion']",0
L001752,Ahmed Singh,Bosch,,LATAM,5G Testbeds,Email Campaign,"['Opportunity', 'Keysight_Workshop_RF_Testing', 'Customer']",1
L001753,Ravi Tanaka,Qualc_Tech,Electronics,,Oscilloscopes,Event,"['SQL', 'Technical_Demo', 'Lab_Integration_Discussion', 'DesignCon_Booth_Visit', 'Whitepaper_Download_5G_Test', 'LinkedIn_Ad_Click', 'No_Conversion']",0
L001754,Chen Williams,Infin_Tech,Aerospace,LATAM,,Website,"['DesignCon_Booth_Visit', 'SQL', 'Technical_Demo', 'Keysight_University_Course', 'Customer']",1
L001755,Hiroshi Ito,NXP Semiconductors GmbH,Automotive,,5G Testbeds,Sales Outreach,"['IMS_Badge_Scan', 'Website_Product_Page', 'Lab_Integration_Discussion', 'AutoSens_Tech_Talk', 'SQL', 'No_Conversion']",0
L001756,Daniel Ito,Samsung Electronics GmbH,,APAC,PathWave Software,Email Campaign,"['Keysight_University_Course', 'Opportunity', 'Oscilloscope_Selector_Tool', 'Keysight_Workshop_RF_Testing', 'Customer']",1
L001757,Michael Khan,NXP Semiconductors,Automotive,LATAM,,Event,"['Oscilloscope_Selector_Tool', 'DesignCon_Booth_Visit', 'Customer']",1
L001758,Priya Tanaka,MetaC_Tech,Aerospace,North America,PathWave Software,Sales Outreach,['Customer'],1
L001759,Hiroshi Williams,Infin_Tech,,LATAM,Automotive Ethernet,Email Campaign,"['Technical_Demo', 'Loaner_Unit_Evaluation', 'DesignCon_Booth_Visit', 'Customer']",1
L001760,Hiroshi Johnson,Bosch_Tech,Automotive,North America,,LinkedIn,"['MQL', 'SQL', 'Lab_Integration_Discussion', 'SQL', 'Oscilloscope_Selector_Tool', 'Technical_Demo', 'Lab_Integration_Discussion', 'Technical_Demo', 'Customer']",1
L001761,Michael Khan,Bosch GmbH,Aerospace,APAC,,Event,"['Oscilloscope_Selector_Tool', 'Keysight_Workshop_RF_Testing', 'Keysight_University_Course', 'Keysight_Workshop_RF_Testing', 'Opportunity', 'Lab_Integration_Discussion', 'No_Conversion']",0
L001762,Laura Martinez,Tesla_Tech,,APAC,Automotive Ethernet,Email Campaign,"['Whitepaper_Download_5G_Test', 'Keysight_University_Course', 'PathWave_Trial_Request', 'Oscilloscope_Selector_Tool', 'Oscilloscope_Selector_Tool', 'Opportunity', 'LinkedIn_Ad_Click', 'Customer']",1
L001763,Chen Martinez,Tesla Energy,Telecom,Europe,Automotive Ethernet,Sales Outreach,"['Oscilloscope_Selector_Tool', 'No_Conversion']",0
L001764,Sofia Ito,Samsung Electronics GmbH,Telecom,LATAM,Oscilloscopes,Event,"['AutoSens_Tech_Talk', 'Lab_Integration_Discussion', 'Oscilloscope_Selector_Tool', 'Lab_Integration_Discussion', 'PathWave_Trial_Request', 'DesignCon_Booth_Visit', 'LinkedIn_Ad_Click', 'Keysight_University_Course', 'Application_Engineer_Call', 'No_Conversion']",0
L001765,Priya Williams,Tesla Energy GmbH,Automotive,Europe,5G Testbeds,Event,"['DesignCon_Booth_Visit', 'MQL', 'PathWave_Trial_Request', 'PathWave_Trial_Request', 'LinkedIn_Ad_Click', 'Technical_Demo', 'AutoSens_Tech_Talk', 'Technical_Demo', 'Customer']",1
L001766,Sofia Garcia,Sony_Tech,Electronics,Europe,5G Testbeds,,"['SQL', 'Lab_Integration_Discussion', 'AutoSens_Tech_Talk', 'SQL', 'Opportunity', 'Customer']",1
L001767,Maria Johnson,Meta Connectivity Labs,Semiconductor,APAC,,Event,"['Whitepaper_Download_5G_Test', 'DesignCon_Booth_Visit', 'DesignCon_Booth_Visit', 'No_Conversion']",0
L001768,Michael Williams,Sony GmbH,Automotive,,5G Testbeds,Email Campaign,"['Keysight_Workshop_RF_Testing', 'AutoSens_Tech_Talk', 'Website_Product_Page', 'Loaner_Unit_Evaluation', 'Customer']",1
L001769,Maria Lee,,,APAC,,LinkedIn,"['LinkedIn_Ad_Click', 'SQL', 'IMS_Badge_Scan', 'Website_Product_Page', 'Keysight_Workshop_RF_Testing', 'DesignCon_Booth_Visit', 'No_Conversion']",0
L001770,Daniel Chen,Tesla_Tech,,,,Sales Outreach,"['SQL', 'No_Conversion']",0
L001771,Chen Williams,Sony_Tech,Telecom,APAC,PathWave Software,Email Campaign,"['Keysight_University_Course', 'Whitepaper_Download_5G_Test', 'Oscilloscope_Selector_Tool', 'Whitepaper_Download_5G_Test', 'PathWave_Trial_Request', 'Keysight_University_Course', 'Customer']",1
L001772,Chen Anders,Tesla Energy,,,,Sales Outreach,"['Oscilloscope_Selector_Tool', 'DesignCon_Booth_Visit', 'AutoSens_Tech_Talk', 'Oscilloscope_Selector_Tool', 'LinkedIn_Ad_Click', 'Technical_Demo', 'Opportunity', 'PathWave_Trial_Request', 'Keysight_Workshop_RF_Testing', 'Customer']",1
L001773,Daniel Johnson,Samsung Electronics,Semiconductor,North America,Oscilloscopes,Website,"['Keysight_Workshop_RF_Testing', 'PathWave_Trial_Request', 'Keysight_University_Course', 'LinkedIn_Ad_Click', 'Customer']",1
L001774,Laura Singh,Infineon GmbH,,,PathWave Software,Email Campaign,"['Oscilloscope_Selector_Tool', 'PathWave_Trial_Request', 'SQL', 'Application_Engineer_Call', 'DesignCon_Booth_Visit', 'SQL', 'DesignCon_Booth_Visit', 'IMS_Badge_Scan', 'Technical_Demo', 'No_Conversion']",0
L001775,Maria Chen,Meta Connectivity Labs GmbH,Electronics,Europe,PathWave Software,Sales Outreach,['No_Conversion'],0
L001776,Laura Martinez,Raytheon GmbH,Telecom,North America,Automotive Ethernet,LinkedIn,"['IMS_Badge_Scan', 'Lab_Integration_Discussion', 'No_Conversion']",0
L001777,Sarah Anders,,,,5G Testbeds,LinkedIn,"['Loaner_Unit_Evaluation', 'Application_Engineer_Call', 'Opportunity', 'Customer']",1
L001778,Hiroshi Anders,NXPSe_Tech,Telecom,North America,,Email Campaign,['No_Conversion'],0
L001779,Maria Lee,Qualcomm,Electronics,Europe,Automotive Ethernet,Webinar,"['Lab_Integration_Discussion', 'SQL', 'Keysight_Workshop_RF_Testing', 'IMS_Badge_Scan', 'AutoSens_Tech_Talk', 'Technical_Demo', 'Lab_Integration_Discussion', 'No_Conversion']",0
L001780,Sofia Garcia,,,Europe,5G Testbeds,,"['LinkedIn_Ad_Click', 'Technical_Demo', 'Application_Engineer_Call', 'Website_Product_Page', 'DesignCon_Booth_Visit', 'No_Conversion']",0
L001781,Priya Williams,Infineon,Electronics,,Oscilloscopes,,"['Loaner_Unit_Evaluation', 'IMS_Badge_Scan', 'Application_Engineer_Call', 'DesignCon_Booth_Visit', 'No_Conversion']",0
L001782,Michael Williams,Sony GmbH,,APAC,,Website,"['IMS_Badge_Scan', 'Whitepaper_Download_5G_Test', 'LinkedIn_Ad_Click', 'PathWave_Trial_Request', 'IMS_Badge_Scan', 'MQL', 'Whitepaper_Download_5G_Test', 'IMS_Badge_Scan', 'AutoSens_Tech_Talk', 'Customer']",1
L001783,Michael Ito,Meta Connectivity Labs,Telecom,LATAM,,Website,"['Whitepaper_Download_5G_Test', 'MQL', 'Customer']",1
L001784,Maria Lee,Bosch_Tech,Electronics,LATAM,,Webinar,"['Technical_Demo', 'DesignCon_Booth_Visit', 'Whitepaper_Download_5G_Test', 'Customer']",1
L001785,Sofia Martinez,NXP Semiconductors,Semiconductor,North America,Automotive Ethernet,Website,"['Whitepaper_Download_5G_Test', 'Customer']",1
L001786,Sofia Ito,NXPSe_Tech,Automotive,LATAM,Oscilloscopes,Email Campaign,['Customer'],1
L001787,Priya Garcia,,,North America,5G Testbeds,Website,"['DesignCon_Booth_Visit', 'Application_Engineer_Call', 'Loaner_Unit_Evaluation', 'Customer']",1
L001788,Kenji Chen,Qualcomm GmbH,Telecom,,,Event,"['DesignCon_Booth_Visit', 'Application_Engineer_Call', 'Whitepaper_Download_5G_Test', 'Customer']",1
L001789,Ravi Patel,Broadcom GmbH,,,,Website,"['IMS_Badge_Scan', 'Keysight_Workshop_RF_Testing', 'LinkedIn_Ad_Click', 'Lab_Integration_Discussion', 'Whitepaper_Download_5G_Test', 'AutoSens_Tech_Talk', 'Customer']",1
L001790,Ahmed Williams,,Semiconductor,LATAM,Automotive Ethernet,LinkedIn,"['Loaner_Unit_Evaluation', 'Customer']",1
L001791,Hiroshi Lee,,Automotive,LATAM,Automotive Ethernet,Event,"['LinkedIn_Ad_Click', 'No_Conversion']",0
L001792,Michael Martinez,Bosch,,APAC,Oscilloscopes,Event,"['IMS_Badge_Scan', 'SQL', 'Opportunity', 'Customer']",1
L001793,Daniel Chen,Broad_Tech,,North America,5G Testbeds,LinkedIn,"['Technical_Demo', 'Customer']",1
L001794,Ravi Johnson,Rayth_Tech,,North America,Oscilloscopes,,"['Application_Engineer_Call', 'No_Conversion']",0
L001795,Priya Johnson,Tesla Energy,,North America,Automotive Ethernet,Website,['No_Conversion'],0
L001796,Kenji Singh,Broad_Tech,,Europe,PathWave Software,Website,"['Keysight_Workshop_RF_Testing', 'Keysight_Workshop_RF_Testing', 'SQL', 'Customer']",1
L001797,Laura Chen,Qualcomm GmbH,Aerospace,North America,PathWave Software,Website,"['Oscilloscope_Selector_Tool', 'No_Conversion']",0
L001798,Sarah Khan,,,North America,,Webinar,"['Loaner_Unit_Evaluation', 'Whitepaper_Download_5G_Test', 'IMS_Badge_Scan', 'Customer']",1
L001799,Maria Patel,Raytheon GmbH,,APAC,Automotive Ethernet,Sales Outreach,"['Website_Product_Page', 'Keysight_University_Course', 'Technical_Demo', 'Customer']",1
L001800,Ahmed Ito,Samsung Electronics GmbH,Aerospace,Europe,5G Testbeds,LinkedIn,"['Lab_Integration_Discussion', 'PathWave_Trial_Request', 'Website_Product_Page', 'Oscilloscope_Selector_Tool', 'Keysight_University_Course', 'Lab_Integration_Discussion', 'Lab_Integration_Discussion', 'Application_Engineer_Call', 'PathWave_Trial_Request', 'Loaner_Unit_Evaluation', 'No_Conversion']",0
L001801,Ahmed Khan,Infineon,Telecom,LATAM,PathWave Software,LinkedIn,"['Oscilloscope_Selector_Tool', 'Whitepaper_Download_5G_Test', 'Website_Product_Page', 'No_Conversion']",0
L001802,Sarah Chen,Qualcomm,Electronics,,,Email Campaign,"['Keysight_Workshop_RF_Testing', 'Keysight_University_Course', 'Lab_Integration_Discussion', 'Customer']",1
L001803,Sofia Anders,Broadcom,Semiconductor,APAC,Oscilloscopes,Website,"['Website_Product_Page', 'DesignCon_Booth_Visit', 'Technical_Demo', 'SQL', 'LinkedIn_Ad_Click', 'Technical_Demo', 'No_Conversion']",0
L001804,Michael Singh,Samsung Electronics,,LATAM,5G Testbeds,Website,"['MQL', 'PathWave_Trial_Request', 'Keysight_Workshop_RF_Testing', 'Keysight_University_Course', 'MQL', 'Keysight_Workshop_RF_Testing', 'Whitepaper_Download_5G_Test', 'Technical_Demo', 'DesignCon_Booth_Visit', 'Customer']",1
L001805,Ahmed Williams,,,North America,Automotive Ethernet,,"['Whitepaper_Download_5G_Test', 'Lab_Integration_Discussion', 'Application_Engineer_Call', 'Customer']",1
L001806,,,,Europe,PathWave Software,Webinar,"['SQL', 'DesignCon_Booth_Visit', 'Loaner_Unit_Evaluation', 'Keysight_Workshop_RF_Testing', 'No_Conversion']",0
L001807,Kenji Williams,Samsu_Tech,Semiconductor,,PathWave Software,,"['Loaner_Unit_Evaluation', 'LinkedIn_Ad_Click', 'Opportunity', 'LinkedIn_Ad_Click', 'Keysight_Workshop_RF_Testing', 'IMS_Badge_Scan', 'Opportunity', 'PathWave_Trial_Request', 'No_Conversion']",0
L001808,Sofia Lee,Meta Connectivity Labs,,LATAM,,Email Campaign,"['Application_Engineer_Call', 'Keysight_Workshop_RF_Testing', 'Website_Product_Page', 'MQL', 'Opportunity', 'Oscilloscope_Selector_Tool', 'Customer']",1
L001809,Ravi Tanaka,Sony,Aerospace,North America,5G Testbeds,LinkedIn,"['DesignCon_Booth_Visit', 'Opportunity', 'PathWave_Trial_Request', 'SQL', 'Technical_Demo', 'Whitepaper_Download_5G_Test', 'PathWave_Trial_Request', 'AutoSens_Tech_Talk', 'Application_Engineer_Call', 'Customer']",1
L001810,Priya Anders,Rayth_Tech,,,,Website,"['IMS_Badge_Scan', 'Keysight_Workshop_RF_Testing', 'Technical_Demo', 'Loaner_Unit_Evaluation', 'AutoSens_Tech_Talk', 'Lab_Integration_Discussion', 'Customer']",1
L001811,Laura Lee,,Automotive,North America,,Event,"['Keysight_Workshop_RF_Testing', 'Application_Engineer_Call', 'PathWave_Trial_Request', 'Website_Product_Page', 'IMS_Badge_Scan', 'Keysight_Workshop_RF_Testing', 'Opportunity', 'Whitepaper_Download_5G_Test', 'AutoSens_Tech_Talk', 'AutoSens_Tech_Talk', 'Customer']",1
L001812,Laura Johnson,,Electronics,North America,,LinkedIn,"['Keysight_Workshop_RF_Testing', 'Oscilloscope_Selector_Tool', 'Application_Engineer_Call', 'Customer']",1
L001813,Chen Tanaka,Bosch,Telecom,North America,,Email Campaign,"['IMS_Badge_Scan', 'Lab_Integration_Discussion', 'SQL', 'Keysight_University_Course', 'Customer']",1
L001814,Maria Garcia,Sony_Tech,Semiconductor,LATAM,PathWave Software,Webinar,"['Lab_Integration_Discussion', 'PathWave_Trial_Request', 'Customer']",1
L001815,Kenji Khan,Samsu_Tech,Semiconductor,North America,PathWave Software,Sales Outreach,"['Whitepaper_Download_5G_Test', 'SQL', 'Whitepaper_Download_5G_Test', 'LinkedIn_Ad_Click', 'Application_Engineer_Call', 'MQL', 'DesignCon_Booth_Visit', 'Customer']",1
L001816,Laura Anders,,Telecom,,Automotive Ethernet,Website,"['Whitepaper_Download_5G_Test', 'MQL', 'MQL', 'Opportunity', 'AutoSens_Tech_Talk', 'Loaner_Unit_Evaluation', 'DesignCon_Booth_Visit', 'Whitepaper_Download_5G_Test', 'No_Conversion']",0
L001817,Michael Garcia,Tesla Energy,Telecom,,,Event,"['IMS_Badge_Scan', 'IMS_Badge_Scan', 'Application_Engineer_Call', 'Oscilloscope_Selector_Tool', 'Technical_Demo', 'No_Conversion']",0
L001818,Sarah Tanaka,,Automotive,LATAM,,LinkedIn,"['Keysight_University_Course', 'Website_Product_Page', 'Customer']",1
L001819,Chen Anders,NXP Semiconductors GmbH,,,,Event,"['DesignCon_Booth_Visit', 'Loaner_Unit_Evaluation', 'Oscilloscope_Selector_Tool', 'Opportunity', 'IMS_Badge_Scan', 'No_Conversion']",0
L001820,Maria Martinez,Qualcomm GmbH,Telecom,LATAM,5G Testbeds,,"['IMS_Badge_Scan', 'LinkedIn_Ad_Click', 'No_Conversion']",0
L001821,Ahmed Lee,Rayth_Tech,Automotive,,,Website,"['Keysight_Workshop_RF_Testing', 'Lab_Integration_Discussion', 'Keysight_University_Course', 'DesignCon_Booth_Visit', 'Keysight_Workshop_RF_Testing', 'Technical_Demo', 'Loaner_Unit_Evaluation', 'Customer']",1
L001822,Hiroshi Tanaka,,Semiconductor,LATAM,5G Testbeds,Webinar,"['AutoSens_Tech_Talk', 'Customer']",1
L001823,,Tesla_Tech,Semiconductor,,Oscilloscopes,Email Campaign,"['DesignCon_Booth_Visit', 'Keysight_University_Course', 'Whitepaper_Download_5G_Test', 'LinkedIn_Ad_Click', 'Customer']",1
L001824,Kenji Williams,MetaC_Tech,Electronics,,,LinkedIn,"['Keysight_University_Course', 'Loaner_Unit_Evaluation', 'Technical_Demo', 'Customer']",1
L001825,Hiroshi Garcia,Infineon GmbH,Semiconductor,North America,Oscilloscopes,Event,"['DesignCon_Booth_Visit', 'LinkedIn_Ad_Click', 'PathWave_Trial_Request', 'Loaner_Unit_Evaluation', 'Customer']",1
L001826,Daniel Khan,,Electronics,North America,Oscilloscopes,Event,['Customer'],1
L001827,Maria Singh,NXPSe_Tech,Automotive,APAC,,Event,"['MQL', 'Oscilloscope_Selector_Tool', 'LinkedIn_Ad_Click', 'Customer']",1
L001828,Laura Chen,Qualcomm,Semiconductor,APAC,Automotive Ethernet,Website,['No_Conversion'],0
L001829,Maria Khan,,,North America,,Sales Outreach,"['LinkedIn_Ad_Click', 'PathWave_Trial_Request', 'PathWave_Trial_Request', 'Keysight_Workshop_RF_Testing', 'Loaner_Unit_Evaluation', 'Customer']",1
L001830,Priya Johnson,Rayth_Tech,,Europe,,Webinar,"['LinkedIn_Ad_Click', 'Technical_Demo', 'Opportunity', 'Customer']",1
L001831,Sofia Singh,Meta Connectivity Labs,Electronics,Europe,PathWave Software,Sales Outreach,"['Technical_Demo', 'Application_Engineer_Call', 'Keysight_Workshop_RF_Testing', 'Keysight_Workshop_RF_Testing', 'Keysight_Workshop_RF_Testing', 'No_Conversion']",0
L001832,Ahmed Lee,Tesla Energy,Automotive,,,Sales Outreach,"['LinkedIn_Ad_Click', 'Technical_Demo', 'Loaner_Unit_Evaluation', 'SQL', 'Lab_Integration_Discussion', 'Technical_Demo', 'Whitepaper_Download_5G_Test', 'Keysight_Workshop_RF_Testing', 'DesignCon_Booth_Visit', 'Keysight_University_Course', 'Customer']",1
L001833,Hiroshi Singh,Infineon,Automotive,APAC,,,['No_Conversion'],0
L001834,Hiroshi Garcia,Tesla Energy GmbH,Semiconductor,,,Sales Outreach,"['Loaner_Unit_Evaluation', 'Keysight_University_Course', 'Oscilloscope_Selector_Tool', 'Lab_Integration_Discussion', 'Keysight_Workshop_RF_Testing', 'No_Conversion']",0
L001835,Ahmed Martinez,Qualcomm GmbH,Aerospace,,Automotive Ethernet,,"['DesignCon_Booth_Visit', 'Website_Product_Page', 'Loaner_Unit_Evaluation', 'AutoSens_Tech_Talk', 'Lab_Integration_Discussion', 'Customer']",1
L001836,Daniel Chen,,,LATAM,,,"['Keysight_University_Course', 'AutoSens_Tech_Talk', 'Technical_Demo', 'IMS_Badge_Scan', 'Lab_Integration_Discussion', 'MQL', 'IMS_Badge_Scan', 'Keysight_Workshop_RF_Testing', 'PathWave_Trial_Request', 'No_Conversion']",0
L001837,Chen Patel,Broadcom GmbH,,North America,,Webinar,['Customer'],1
L001838,,,Electronics,,,Webinar,"['Whitepaper_Download_5G_Test', 'Opportunity', 'No_Conversion']",0
L001839,Daniel Lee,Meta Connectivity Labs GmbH,Semiconductor,Europe,Oscilloscopes,Email Campaign,"['Loaner_Unit_Evaluation', 'IMS_Badge_Scan', 'Application_Engineer_Call', 'No_Conversion']",0
L001840,Sofia Singh,Qualc_Tech,Semiconductor,,,Event,"['SQL', 'Application_Engineer_Call', 'SQL', 'Customer']",1
L001841,Ahmed Williams,,,North America,5G Testbeds,LinkedIn,"['MQL', 'Application_Engineer_Call', 'Keysight_Workshop_RF_Testing', 'Customer']",1
L001842,Ravi Tanaka,Broadcom GmbH,,North America,,,"['Technical_Demo', 'Customer']",1
L001843,Sofia Chen,,Aerospace,,Automotive Ethernet,Sales Outreach,"['Oscilloscope_Selector_Tool', 'LinkedIn_Ad_Click', 'Application_Engineer_Call', 'LinkedIn_Ad_Click', 'Application_Engineer_Call', 'No_Conversion']",0
L001844,Michael Chen,Samsu_Tech,Electronics,APAC,5G Testbeds,,"['Oscilloscope_Selector_Tool', 'Oscilloscope_Selector_Tool', 'Lab_Integration_Discussion', 'Lab_Integration_Discussion', 'Customer']",1
L001845,Maria Martinez,Infineon,Telecom,LATAM,Automotive Ethernet,Sales Outreach,"['Application_Engineer_Call', 'IMS_Badge_Scan', 'No_Conversion']",0
L001846,Ahmed Khan,Bosch_Tech,,North America,5G Testbeds,LinkedIn,"['Technical_Demo', 'MQL', 'SQL', 'Oscilloscope_Selector_Tool', 'LinkedIn_Ad_Click', 'AutoSens_Tech_Talk', 'Loaner_Unit_Evaluation', 'Whitepaper_Download_5G_Test', 'Loaner_Unit_Evaluation', 'No_Conversion']",0
L001847,Daniel Tanaka,,Electronics,APAC,5G Testbeds,Webinar,['No_Conversion'],0
L001848,Ahmed Anders,Raytheon,,APAC,Automotive Ethernet,LinkedIn,"['Loaner_Unit_Evaluation', 'MQL', 'Opportunity', 'Website_Product_Page', 'No_Conversion']",0
L001849,Ravi Lee,,,Europe,,Event,"['IMS_Badge_Scan', 'Keysight_University_Course', 'IMS_Badge_Scan', 'Website_Product_Page', 'Website_Product_Page', 'SQL', 'IMS_Badge_Scan', 'Customer']",1
L001850,Hiroshi Anders,Tesla Energy,,North America,Oscilloscopes,Webinar,"['Lab_Integration_Discussion', 'DesignCon_Booth_Visit', 'MQL', 'Oscilloscope_Selector_Tool', 'Oscilloscope_Selector_Tool', 'PathWave_Trial_Request', 'LinkedIn_Ad_Click', 'Technical_Demo', 'Whitepaper_Download_5G_Test', 'Customer']",1
L001851,Ahmed Chen,Raytheon GmbH,Automotive,Europe,5G Testbeds,Webinar,"['Oscilloscope_Selector_Tool', 'Customer']",1
L001852,Sofia Martinez,,Telecom,North America,Automotive Ethernet,Website,"['Keysight_Workshop_RF_Testing', 'DesignCon_Booth_Visit', 'Customer']",1
L001853,Ahmed Johnson,Qualc_Tech,,North America,5G Testbeds,Sales Outreach,"['Technical_Demo', 'Customer']",1
L001854,Sofia Anders,Meta Connectivity Labs GmbH,Aerospace,,5G Testbeds,Event,"['Whitepaper_Download_5G_Test', 'AutoSens_Tech_Talk', 'Oscilloscope_Selector_Tool', 'No_Conversion']",0
L001855,Laura Garcia,Tesla Energy,,,,Event,"['AutoSens_Tech_Talk', 'No_Conversion']",0
L001856,Maria Garcia,Tesla_Tech,Telecom,Europe,,LinkedIn,"['AutoSens_Tech_Talk', 'Technical_Demo', 'PathWave_Trial_Request', 'Keysight_Workshop_RF_Testing', 'Lab_Integration_Discussion', 'AutoSens_Tech_Talk', 'LinkedIn_Ad_Click', 'Website_Product_Page', 'No_Conversion']",0
L001857,Chen Patel,Raytheon GmbH,Electronics,,,Website,"['IMS_Badge_Scan', 'AutoSens_Tech_Talk', 'LinkedIn_Ad_Click', 'Keysight_University_Course', 'Customer']",1
L001858,Ravi Patel,Sony_Tech,Semiconductor,LATAM,,,"['DesignCon_Booth_Visit', 'No_Conversion']",0
L001859,Kenji Singh,Broadcom,Semiconductor,,PathWave Software,Email Campaign,"['Keysight_Workshop_RF_Testing', 'AutoSens_Tech_Talk', 'Keysight_University_Course', 'LinkedIn_Ad_Click', 'Lab_Integration_Discussion', 'Keysight_University_Course', 'Customer']",1
L001860,Sarah Ito,Qualcomm GmbH,Aerospace,,Automotive Ethernet,Sales Outreach,"['IMS_Badge_Scan', 'Loaner_Unit_Evaluation', 'PathWave_Trial_Request', 'DesignCon_Booth_Visit', 'Keysight_Workshop_RF_Testing', 'Customer']",1
L001861,Priya Johnson,,Aerospace,LATAM,Automotive Ethernet,Email Campaign,"['Keysight_Workshop_RF_Testing', 'Opportunity', 'PathWave_Trial_Request', 'AutoSens_Tech_Talk', 'Application_Engineer_Call', 'PathWave_Trial_Request', 'DesignCon_Booth_Visit', 'Lab_Integration_Discussion', 'Customer']",1
L001862,Hiroshi Anders,Samsung Electronics,,,Oscilloscopes,LinkedIn,"['Technical_Demo', 'Application_Engineer_Call', 'IMS_Badge_Scan', 'Website_Product_Page', 'Customer']",1
L001863,Sofia Lee,,,Europe,,Email Campaign,"['Oscilloscope_Selector_Tool', 'SQL', 'Whitepaper_Download_5G_Test', 'No_Conversion']",0
L001864,Maria Tanaka,Meta Connectivity Labs GmbH,,LATAM,Oscilloscopes,LinkedIn,['No_Conversion'],0
L001865,Ravi Patel,Sony_Tech,,North America,Automotive Ethernet,Sales Outreach,"['Website_Product_Page', 'Application_Engineer_Call', 'AutoSens_Tech_Talk', 'Keysight_Workshop_RF_Testing', 'Whitepaper_Download_5G_Test', 'DesignCon_Booth_Visit', 'No_Conversion']",0
L001866,,Sony,Automotive,,,Event,"['PathWave_Trial_Request', 'No_Conversion']",0
L001867,Daniel Johnson,NXP Semiconductors GmbH,Telecom,Europe,,LinkedIn,"['IMS_Badge_Scan', 'Application_Engineer_Call', 'Keysight_University_Course', 'SQL', 'Keysight_Workshop_RF_Testing', 'SQL', 'Loaner_Unit_Evaluation', 'Application_Engineer_Call', 'LinkedIn_Ad_Click', 'Customer']",1
L001868,Sarah Williams,,Telecom,,Automotive Ethernet,,"['Keysight_University_Course', 'No_Conversion']",0
L001869,Kenji Garcia,NXP Semiconductors GmbH,Semiconductor,APAC,PathWave Software,Sales Outreach,"['MQL', 'MQL', 'Customer']",1
L001870,,Raytheon GmbH,Aerospace,LATAM,,Sales Outreach,"['Loaner_Unit_Evaluation', 'Lab_Integration_Discussion', 'No_Conversion']",0
L001871,Laura Martinez,Qualcomm GmbH,,North America,Automotive Ethernet,,"['Technical_Demo', 'PathWave_Trial_Request', 'IMS_Badge_Scan', 'DesignCon_Booth_Visit', 'Oscilloscope_Selector_Tool', 'No_Conversion']",0
L001872,,NXPSe_Tech,Telecom,LATAM,,LinkedIn,"['Website_Product_Page', 'SQL', 'MQL', 'PathWave_Trial_Request', 'Customer']",1
L001873,,Sony,Electronics,North America,,Sales Outreach,"['Whitepaper_Download_5G_Test', 'Keysight_University_Course', 'Oscilloscope_Selector_Tool', 'Keysight_Workshop_RF_Testing', 'Application_Engineer_Call', 'Loaner_Unit_Evaluation', 'LinkedIn_Ad_Click', 'Keysight_University_Course', 'Customer']",1
L001874,Kenji Chen,,,APAC,,Webinar,"['Keysight_University_Course', 'Opportunity', 'Whitepaper_Download_5G_Test', 'SQL', 'No_Conversion']",0
L001875,Chen Singh,Sony GmbH,,,,LinkedIn,"['Keysight_Workshop_RF_Testing', 'Opportunity', 'DesignCon_Booth_Visit', 'Oscilloscope_Selector_Tool', 'No_Conversion']",0
L001876,Hiroshi Ito,Bosch_Tech,Aerospace,APAC,Automotive Ethernet,Event,"['Technical_Demo', 'DesignCon_Booth_Visit', 'Application_Engineer_Call', 'Application_Engineer_Call', 'Oscilloscope_Selector_Tool', 'Keysight_University_Course', 'Oscilloscope_Selector_Tool', 'Technical_Demo', 'No_Conversion']",0
L001877,Daniel Tanaka,Broadcom,Semiconductor,LATAM,Oscilloscopes,Website,"['Opportunity', 'AutoSens_Tech_Talk', 'Loaner_Unit_Evaluation', 'DesignCon_Booth_Visit', 'IMS_Badge_Scan', 'No_Conversion']",0
L001878,Sofia Johnson,Samsu_Tech,Electronics,APAC,,LinkedIn,"['LinkedIn_Ad_Click', 'Website_Product_Page', 'Loaner_Unit_Evaluation', 'Loaner_Unit_Evaluation', 'Lab_Integration_Discussion', 'Oscilloscope_Selector_Tool', 'No_Conversion']",0
L001879,Sarah Khan,Broadcom GmbH,Semiconductor,Europe,,,"['LinkedIn_Ad_Click', 'Oscilloscope_Selector_Tool', 'No_Conversion']",0
L001880,Laura Martinez,Qualcomm GmbH,Automotive,,Automotive Ethernet,Sales Outreach,"['Oscilloscope_Selector_Tool', 'Whitepaper_Download_5G_Test', 'Whitepaper_Download_5G_Test', 'Keysight_Workshop_RF_Testing', 'LinkedIn_Ad_Click', 'PathWave_Trial_Request', 'Keysight_Workshop_RF_Testing', 'MQL', 'No_Conversion']",0
L001881,Ravi Johnson,Tesla Energy,Semiconductor,APAC,,Webinar,"['AutoSens_Tech_Talk', 'PathWave_Trial_Request', 'IMS_Badge_Scan', 'No_Conversion']",0
L001882,Ravi Tanaka,,Automotive,APAC,PathWave Software,LinkedIn,"['SQL', 'Keysight_University_Course', 'LinkedIn_Ad_Click', 'Keysight_Workshop_RF_Testing', 'Keysight_University_Course', 'AutoSens_Tech_Talk', 'Website_Product_Page', 'Customer']",1
L001883,Hiroshi Williams,,,Europe,,,"['AutoSens_Tech_Talk', 'Loaner_Unit_Evaluation', 'Whitepaper_Download_5G_Test', 'Customer']",1
L001884,Michael Williams,Broad_Tech,Aerospace,LATAM,5G Testbeds,Website,"['Keysight_University_Course', 'Opportunity', 'No_Conversion']",0
L001885,Ahmed Garcia,Sony,Aerospace,North America,5G Testbeds,LinkedIn,"['Whitepaper_Download_5G_Test', 'IMS_Badge_Scan', 'PathWave_Trial_Request', 'Opportunity', 'No_Conversion']",0
L001886,Ahmed Patel,Broadcom GmbH,,Europe,,Email Campaign,"['Website_Product_Page', 'PathWave_Trial_Request', 'Keysight_Workshop_RF_Testing', 'Customer']",1
L001887,,Rayth_Tech,Aerospace,Europe,,Sales Outreach,"['Website_Product_Page', 'Keysight_University_Course', 'No_Conversion']",0
L001888,Kenji Patel,Raytheon,Electronics,Europe,,Webinar,"['Opportunity', 'Whitepaper_Download_5G_Test', 'Loaner_Unit_Evaluation', 'Keysight_University_Course', 'Opportunity', 'Lab_Integration_Discussion', 'LinkedIn_Ad_Click', 'Loaner_Unit_Evaluation', 'No_Conversion']",0
L001889,Maria Martinez,Raytheon,,North America,PathWave Software,Webinar,"['Loaner_Unit_Evaluation', 'LinkedIn_Ad_Click', 'Opportunity', 'Technical_Demo', 'No_Conversion']",0
L001890,Daniel Khan,Broad_Tech,Aerospace,Europe,,,"['PathWave_Trial_Request', 'No_Conversion']",0
L001891,Ravi Lee,MetaC_Tech,Electronics,LATAM,,Sales Outreach,"['AutoSens_Tech_Talk', 'Keysight_Workshop_RF_Testing', 'Website_Product_Page', 'AutoSens_Tech_Talk', 'Lab_Integration_Discussion', 'No_Conversion']",0
L001892,Daniel Patel,MetaC_Tech,Semiconductor,APAC,,,"['Technical_Demo', 'AutoSens_Tech_Talk', 'IMS_Badge_Scan', 'Keysight_University_Course', 'Whitepaper_Download_5G_Test', 'Whitepaper_Download_5G_Test', 'No_Conversion']",0
L001893,,Tesla Energy,Telecom,North America,Automotive Ethernet,Event,"['DesignCon_Booth_Visit', 'Keysight_University_Course', 'Oscilloscope_Selector_Tool', 'Oscilloscope_Selector_Tool', 'Customer']",1
L001894,Sofia Ito,Bosch GmbH,,,5G Testbeds,LinkedIn,"['Opportunity', 'SQL', 'Website_Product_Page', 'No_Conversion']",0
L001895,,,Semiconductor,LATAM,,LinkedIn,"['Keysight_Workshop_RF_Testing', 'Oscilloscope_Selector_Tool', 'Keysight_University_Course', 'No_Conversion']",0
L001896,Laura Johnson,,Semiconductor,APAC,PathWave Software,,"['AutoSens_Tech_Talk', 'Keysight_University_Course', 'Loaner_Unit_Evaluation', 'Opportunity', 'Website_Product_Page', 'Whitepaper_Download_5G_Test', 'Technical_Demo', 'SQL', 'Website_Product_Page', 'Lab_Integration_Discussion', 'No_Conversion']",0
L001897,Priya Singh,Tesla_Tech,Telecom,LATAM,5G Testbeds,Event,"['DesignCon_Booth_Visit', 'Application_Engineer_Call', 'MQL', 'Opportunity', 'Loaner_Unit_Evaluation', 'Opportunity', 'IMS_Badge_Scan', 'Customer']",1
L001898,Laura Anders,,Automotive,,PathWave Software,,['No_Conversion'],0
L001899,Chen Khan,Raytheon,Semiconductor,APAC,,,"['SQL', 'Keysight_Workshop_RF_Testing', 'SQL', 'Keysight_Workshop_RF_Testing', 'Lab_Integration_Discussion', 'Lab_Integration_Discussion', 'Loaner_Unit_Evaluation', 'IMS_Badge_Scan', 'No_Conversion']",0
L001900,Ahmed Anders,Sony,,Europe,,Webinar,"['DesignCon_Booth_Visit', 'IMS_Badge_Scan', 'AutoSens_Tech_Talk', 'Lab_Integration_Discussion', 'Opportunity', 'Whitepaper_Download_5G_Test', 'LinkedIn_Ad_Click', 'DesignCon_Booth_Visit', 'Website_Product_Page', 'Customer']",1
L001901,Priya Martinez,,Aerospace,North America,,LinkedIn,"['DesignCon_Booth_Visit', 'AutoSens_Tech_Talk', 'AutoSens_Tech_Talk', 'Opportunity', 'Keysight_University_Course', 'Opportunity', 'Lab_Integration_Discussion', 'No_Conversion']",0
L001902,Laura Johnson,Bosch,Semiconductor,,Automotive Ethernet,Webinar,"['DesignCon_Booth_Visit', 'Opportunity', 'SQL', 'Keysight_University_Course', 'Keysight_Workshop_RF_Testing', 'MQL', 'Application_Engineer_Call', 'Technical_Demo', 'Customer']",1
L001903,Sarah Khan,MetaC_Tech,Automotive,Europe,,Sales Outreach,"['Opportunity', 'SQL', 'Lab_Integration_Discussion', 'Customer']",1
L001904,Sarah Khan,NXP Semiconductors GmbH,,North America,,Website,"['Keysight_University_Course', 'SQL', 'Application_Engineer_Call', 'MQL', 'Opportunity', 'Opportunity', 'Customer']",1
L001905,Priya Singh,,,North America,PathWave Software,,"['Opportunity', 'SQL', 'Keysight_Workshop_RF_Testing', 'No_Conversion']",0
L001906,Kenji Garcia,NXP Semiconductors GmbH,,APAC,,Webinar,"['Keysight_University_Course', 'Lab_Integration_Discussion', 'Keysight_Workshop_RF_Testing', 'Whitepaper_Download_5G_Test', 'Customer']",1
L001907,Daniel Lee,Samsung Electronics,,LATAM,5G Testbeds,Email Campaign,"['PathWave_Trial_Request', 'Lab_Integration_Discussion', 'Keysight_Workshop_RF_Testing', 'Application_Engineer_Call', 'Website_Product_Page', 'Customer']",1
L001908,,Samsu_Tech,,Europe,Automotive Ethernet,,"['LinkedIn_Ad_Click', 'DesignCon_Booth_Visit', 'Lab_Integration_Discussion', 'LinkedIn_Ad_Click', 'Lab_Integration_Discussion', 'PathWave_Trial_Request', 'IMS_Badge_Scan', 'Whitepaper_Download_5G_Test', 'AutoSens_Tech_Talk', 'SQL', 'Customer']",1
L001909,Daniel Lee,,,LATAM,,Sales Outreach,"['Keysight_Workshop_RF_Testing', 'Website_Product_Page', 'Oscilloscope_Selector_Tool', 'LinkedIn_Ad_Click', 'Customer']",1
L001910,Michael Johnson,Rayth_Tech,Electronics,LATAM,5G Testbeds,Sales Outreach,['Customer'],1
L001911,Sofia Patel,Qualc_Tech,Automotive,North America,,Website,"['Oscilloscope_Selector_Tool', 'SQL', 'Opportunity', 'DesignCon_Booth_Visit', 'AutoSens_Tech_Talk', 'Customer']",1
L001912,Sarah Williams,Samsung Electronics,,,Automotive Ethernet,,"['Keysight_University_Course', 'SQL', 'Whitepaper_Download_5G_Test', 'Lab_Integration_Discussion', 'Loaner_Unit_Evaluation', 'Website_Product_Page', 'LinkedIn_Ad_Click', 'Keysight_Workshop_RF_Testing', 'Lab_Integration_Discussion', 'Customer']",1
L001913,Sarah Lee,Rayth_Tech,Semiconductor,,Automotive Ethernet,Event,"['LinkedIn_Ad_Click', 'DesignCon_Booth_Visit', 'Opportunity', 'PathWave_Trial_Request', 'IMS_Badge_Scan', 'SQL', 'Keysight_Workshop_RF_Testing', 'AutoSens_Tech_Talk', 'No_Conversion']",0
L001914,Laura Williams,Infin_Tech,Telecom,Europe,,Event,"['Technical_Demo', 'LinkedIn_Ad_Click', 'Loaner_Unit_Evaluation', 'LinkedIn_Ad_Click', 'Customer']",1
L001915,Sarah Khan,NXPSe_Tech,,,Oscilloscopes,Event,"['PathWave_Trial_Request', 'Oscilloscope_Selector_Tool', 'Keysight_University_Course', 'Website_Product_Page', 'Keysight_University_Course', 'DesignCon_Booth_Visit', 'No_Conversion']",0
L001916,Hiroshi Lee,NXP Semiconductors,Automotive,APAC,,Website,"['LinkedIn_Ad_Click', 'Website_Product_Page', 'Lab_Integration_Discussion', 'Website_Product_Page', 'MQL', 'Application_Engineer_Call', 'No_Conversion']",0
L001917,Hiroshi Ito,,Automotive,,,Website,"['MQL', 'Technical_Demo', 'Website_Product_Page', 'MQL', 'No_Conversion']",0
L001918,Ahmed Khan,Raytheon GmbH,,,,Sales Outreach,['No_Conversion'],0
L001919,Chen Patel,Sony,Telecom,,Oscilloscopes,Sales Outreach,"['Opportunity', 'Website_Product_Page', 'Website_Product_Page', 'PathWave_Trial_Request', 'Website_Product_Page', 'Application_Engineer_Call', 'No_Conversion']",0
L001920,Laura Martinez,,Automotive,,,Sales Outreach,"['Application_Engineer_Call', 'SQL', 'Whitepaper_Download_5G_Test', 'Keysight_Workshop_RF_Testing', 'LinkedIn_Ad_Click', 'AutoSens_Tech_Talk', 'Customer']",1
L001921,Chen Chen,Samsung Electronics GmbH,Semiconductor,,,Email Campaign,"['Lab_Integration_Discussion', 'Lab_Integration_Discussion', 'Technical_Demo', 'Whitepaper_Download_5G_Test', 'Customer']",1
L001922,Ahmed Singh,Meta Connectivity Labs,Aerospace,APAC,Automotive Ethernet,Sales Outreach,['Customer'],1
L001923,Hiroshi Garcia,,,LATAM,5G Testbeds,Event,"['Application_Engineer_Call', 'No_Conversion']",0
L001924,,Meta Connectivity Labs GmbH,,,Automotive Ethernet,Sales Outreach,['Customer'],1
L001925,Michael Chen,Sony_Tech,Semiconductor,LATAM,5G Testbeds,,"['MQL', 'PathWave_Trial_Request', 'Lab_Integration_Discussion', 'SQL', 'No_Conversion']",0
L001926,Ahmed Singh,,Telecom,,,Email Campaign,"['MQL', 'Keysight_University_Course', 'SQL', 'AutoSens_Tech_Talk', 'Oscilloscope_Selector_Tool', 'MQL', 'Keysight_University_Course', 'Technical_Demo', 'Whitepaper_Download_5G_Test', 'Customer']",1
L001927,Daniel Chen,Meta Connectivity Labs,Automotive,LATAM,PathWave Software,Event,"['Application_Engineer_Call', 'Technical_Demo', 'AutoSens_Tech_Talk', 'Website_Product_Page', 'SQL', 'Customer']",1
L001928,Priya Chen,,Electronics,APAC,,Email Campaign,"['IMS_Badge_Scan', 'Opportunity', 'Website_Product_Page', 'No_Conversion']",0
L001929,Priya Martinez,Bosch GmbH,Telecom,North America,Automotive Ethernet,Event,"['LinkedIn_Ad_Click', 'Keysight_Workshop_RF_Testing', 'Lab_Integration_Discussion', 'Loaner_Unit_Evaluation', 'Technical_Demo', 'Technical_Demo', 'AutoSens_Tech_Talk', 'LinkedIn_Ad_Click', 'Technical_Demo', 'Customer']",1
L001930,Michael Khan,Broadcom GmbH,,LATAM,PathWave Software,LinkedIn,"['MQL', 'Keysight_Workshop_RF_Testing', 'Whitepaper_Download_5G_Test', 'IMS_Badge_Scan', 'IMS_Badge_Scan', 'Keysight_Workshop_RF_Testing', 'Whitepaper_Download_5G_Test', 'Website_Product_Page', 'Customer']",1
L001931,,Samsung Electronics GmbH,Electronics,North America,Oscilloscopes,Email Campaign,"['LinkedIn_Ad_Click', 'Oscilloscope_Selector_Tool', 'Customer']",1
L001932,Hiroshi Ito,Infineon,Semiconductor,North America,,Sales Outreach,"['Lab_Integration_Discussion', 'Website_Product_Page', 'Customer']",1
L001933,Laura Tanaka,Rayth_Tech,,APAC,PathWave Software,Webinar,"['DesignCon_Booth_Visit', 'Application_Engineer_Call', 'Loaner_Unit_Evaluation', 'Keysight_Workshop_RF_Testing', 'Loaner_Unit_Evaluation', 'Customer']",1
L001934,Kenji Ito,Meta Connectivity Labs GmbH,,APAC,,Event,"['Keysight_Workshop_RF_Testing', 'SQL', 'LinkedIn_Ad_Click', 'DesignCon_Booth_Visit', 'AutoSens_Tech_Talk', 'DesignCon_Booth_Visit', 'No_Conversion']",0
L001935,Laura Lee,,,LATAM,Automotive Ethernet,Event,"['Whitepaper_Download_5G_Test', 'Keysight_Workshop_RF_Testing', 'Keysight_University_Course', 'Website_Product_Page', 'Customer']",1
L001936,,Sony,,,,Website,"['Oscilloscope_Selector_Tool', 'Oscilloscope_Selector_Tool', 'Lab_Integration_Discussion', 'LinkedIn_Ad_Click', 'Oscilloscope_Selector_Tool', 'Customer']",1
L001937,Sofia Martinez,Infineon GmbH,Telecom,APAC,,Event,"['AutoSens_Tech_Talk', 'No_Conversion']",0
L001938,Daniel Ito,Tesla_Tech,Telecom,North America,,Sales Outreach,"['Technical_Demo', 'MQL', 'Opportunity', 'Customer']",1
L001939,Michael Martinez,Qualcomm GmbH,Electronics,APAC,,Event,"['Whitepaper_Download_5G_Test', 'AutoSens_Tech_Talk', 'Loaner_Unit_Evaluation', 'IMS_Badge_Scan', 'Loaner_Unit_Evaluation', 'No_Conversion']",0
L001940,Maria Williams,,Telecom,LATAM,5G Testbeds,Sales Outreach,"['Whitepaper_Download_5G_Test', 'Application_Engineer_Call', 'Customer']",1
L001941,,,,LATAM,,Event,"['IMS_Badge_Scan', 'No_Conversion']",0
L001942,Ravi Johnson,,,Europe,Oscilloscopes,Email Campaign,"['Opportunity', 'SQL', 'Loaner_Unit_Evaluation', 'Application_Engineer_Call', 'Keysight_Workshop_RF_Testing', 'LinkedIn_Ad_Click', 'Technical_Demo', 'Oscilloscope_Selector_Tool', 'Technical_Demo', 'Customer']",1
L001943,Sarah Chen,,Electronics,APAC,Automotive Ethernet,Event,"['Oscilloscope_Selector_Tool', 'Lab_Integration_Discussion', 'Keysight_Workshop_RF_Testing', 'Whitepaper_Download_5G_Test', 'Keysight_Workshop_RF_Testing', 'No_Conversion']",0
L001944,,Bosch_Tech,,LATAM,Automotive Ethernet,LinkedIn,"['Oscilloscope_Selector_Tool', 'DesignCon_Booth_Visit', 'Lab_Integration_Discussion', 'Lab_Integration_Discussion', 'LinkedIn_Ad_Click', 'SQL', 'AutoSens_Tech_Talk', 'No_Conversion']",0
L001945,Daniel Ito,Tesla_Tech,Semiconductor,,Oscilloscopes,Sales Outreach,"['Technical_Demo', 'Keysight_University_Course', 'Website_Product_Page', 'Opportunity', 'No_Conversion']",0
L001946,Sarah Tanaka,Samsung Electronics,,North America,,Sales Outreach,"['SQL', 'AutoSens_Tech_Talk', 'DesignCon_Booth_Visit', 'LinkedIn_Ad_Click', 'Opportunity', 'LinkedIn_Ad_Click', 'Oscilloscope_Selector_Tool', 'Oscilloscope_Selector_Tool', 'Oscilloscope_Selector_Tool', 'Whitepaper_Download_5G_Test', 'Customer']",1
L001947,Ravi Ito,,Electronics,,PathWave Software,Webinar,"['Loaner_Unit_Evaluation', 'Website_Product_Page', 'Loaner_Unit_Evaluation', 'Oscilloscope_Selector_Tool', 'No_Conversion']",0
L001948,Michael Johnson,Sony_Tech,Automotive,,PathWave Software,Webinar,['No_Conversion'],0
L001949,,,Aerospace,Europe,PathWave Software,Email Campaign,"['Lab_Integration_Discussion', 'Keysight_Workshop_RF_Testing', 'Keysight_Workshop_RF_Testing', 'No_Conversion']",0
L001950,,Broadcom,Semiconductor,,,Website,"['Opportunity', 'IMS_Badge_Scan', 'MQL', 'SQL', 'PathWave_Trial_Request', 'Opportunity', 'Oscilloscope_Selector_Tool', 'Customer']",1
L001951,Maria Martinez,,Telecom,APAC,Oscilloscopes,Website,"['MQL', 'Lab_Integration_Discussion', 'Oscilloscope_Selector_Tool', 'No_Conversion']",0
L001952,Priya Johnson,,,,5G Testbeds,,"['Loaner_Unit_Evaluation', 'AutoSens_Tech_Talk', 'Customer']",1
L001953,Ahmed Khan,Bosch GmbH,Aerospace,Europe,5G Testbeds,Email Campaign,"['Application_Engineer_Call', 'IMS_Badge_Scan', 'MQL', 'SQL', 'Customer']",1
L001954,Ravi Chen,Samsung Electronics GmbH,Aerospace,,PathWave Software,Event,"['LinkedIn_Ad_Click', 'Technical_Demo', 'Technical_Demo', 'No_Conversion']",0
L001955,Ravi Garcia,,Automotive,North America,,,['Customer'],1
L001956,,Meta Connectivity Labs,Semiconductor,North America,,Webinar,"['Oscilloscope_Selector_Tool', 'Keysight_Workshop_RF_Testing', 'SQL', 'Customer']",1
L001957,Priya Martinez,,,APAC,,Email Campaign,"['Whitepaper_Download_5G_Test', 'Lab_Integration_Discussion', 'Application_Engineer_Call', 'AutoSens_Tech_Talk', 'PathWave_Trial_Request', 'DesignCon_Booth_Visit', 'No_Conversion']",0
L001958,,Tesla Energy GmbH,Aerospace,LATAM,Oscilloscopes,LinkedIn,"['Oscilloscope_Selector_Tool', 'Technical_Demo', 'IMS_Badge_Scan', 'Keysight_University_Course', 'Opportunity', 'Keysight_University_Course', 'LinkedIn_Ad_Click', 'PathWave_Trial_Request', 'Customer']",1
L001959,Ravi Ito,Rayth_Tech,Semiconductor,,,LinkedIn,"['Opportunity', 'MQL', 'Website_Product_Page', 'No_Conversion']",0
L001960,Priya Singh,Raytheon GmbH,Automotive,North America,,Email Campaign,"['IMS_Badge_Scan', 'Website_Product_Page', 'Opportunity', 'Website_Product_Page', 'Customer']",1
L001961,Ahmed Lee,,Semiconductor,APAC,Oscilloscopes,,"['IMS_Badge_Scan', 'MQL', 'DesignCon_Booth_Visit', 'Whitepaper_Download_5G_Test', 'PathWave_Trial_Request', 'DesignCon_Booth_Visit', 'IMS_Badge_Scan', 'Oscilloscope_Selector_Tool', 'Customer']",1
L001962,Chen Patel,Samsu_Tech,Aerospace,North America,,Sales Outreach,"['Oscilloscope_Selector_Tool', 'PathWave_Trial_Request', 'Keysight_Workshop_RF_Testing', 'PathWave_Trial_Request', 'MQL', 'DesignCon_Booth_Visit', 'IMS_Badge_Scan', 'Application_Engineer_Call', 'Customer']",1
L001963,Laura Garcia,Broad_Tech,Automotive,Europe,PathWave Software,,"['SQL', 'Opportunity', 'Customer']",1
L001964,Kenji Garcia,,Automotive,North America,Oscilloscopes,LinkedIn,"['IMS_Badge_Scan', 'MQL', 'IMS_Badge_Scan', 'Application_Engineer_Call', 'LinkedIn_Ad_Click', 'No_Conversion']",0
L001965,Michael Anders,Samsu_Tech,Electronics,LATAM,Automotive Ethernet,Sales Outreach,"['SQL', 'LinkedIn_Ad_Click', 'Technical_Demo', 'PathWave_Trial_Request', 'LinkedIn_Ad_Click', 'Oscilloscope_Selector_Tool', 'DesignCon_Booth_Visit', 'Oscilloscope_Selector_Tool', 'Loaner_Unit_Evaluation', 'No_Conversion']",0
L001966,,Infineon,Electronics,North America,Automotive Ethernet,Sales Outreach,"['Keysight_Workshop_RF_Testing', 'DesignCon_Booth_Visit', 'Loaner_Unit_Evaluation', 'LinkedIn_Ad_Click', 'No_Conversion']",0
L001967,Hiroshi Martinez,NXP Semiconductors GmbH,Telecom,Europe,Automotive Ethernet,Email Campaign,"['PathWave_Trial_Request', 'LinkedIn_Ad_Click', 'Technical_Demo', 'Technical_Demo', 'Whitepaper_Download_5G_Test', 'Keysight_Workshop_RF_Testing', 'No_Conversion']",0
L001968,Kenji Tanaka,Bosch_Tech,Automotive,,Oscilloscopes,Email Campaign,"['Oscilloscope_Selector_Tool', 'Keysight_University_Course', 'Customer']",1
L001969,Hiroshi Patel,Samsung Electronics,Aerospace,,Automotive Ethernet,Email Campaign,"['SQL', 'Whitepaper_Download_5G_Test', 'MQL', 'Lab_Integration_Discussion', 'LinkedIn_Ad_Click', 'Website_Product_Page', 'Oscilloscope_Selector_Tool', 'Opportunity', 'Customer']",1
L001970,Ahmed Johnson,,Semiconductor,APAC,,Email Campaign,"['Application_Engineer_Call', 'No_Conversion']",0
L001971,Ahmed Ito,Samsung Electronics GmbH,Aerospace,,,Sales Outreach,"['Opportunity', 'LinkedIn_Ad_Click', 'SQL', 'No_Conversion']",0
L001972,Sofia Martinez,NXPSe_Tech,Telecom,Europe,Oscilloscopes,Website,"['AutoSens_Tech_Talk', 'AutoSens_Tech_Talk', 'SQL', 'Whitepaper_Download_5G_Test', 'DesignCon_Booth_Visit', 'SQL', 'Keysight_Workshop_RF_Testing', 'Keysight_University_Course', 'No_Conversion']",0
L001973,Ahmed Lee,,Telecom,LATAM,Automotive Ethernet,LinkedIn,"['MQL', 'SQL', 'Application_Engineer_Call', 'Whitepaper_Download_5G_Test', 'Customer']",1
L001974,Sarah Khan,Samsung Electronics,,APAC,Automotive Ethernet,Sales Outreach,"['IMS_Badge_Scan', 'LinkedIn_Ad_Click', 'Keysight_University_Course', 'Keysight_University_Course', 'Keysight_University_Course', 'Customer']",1
L001975,Maria Singh,Broadcom,,North America,Automotive Ethernet,,"['DesignCon_Booth_Visit', 'DesignCon_Booth_Visit', 'Website_Product_Page', 'Website_Product_Page', 'Loaner_Unit_Evaluation', 'Loaner_Unit_Evaluation', 'Oscilloscope_Selector_Tool', 'IMS_Badge_Scan', 'Customer']",1
L001976,Sofia Tanaka,Sony GmbH,Aerospace,APAC,,Event,"['Technical_Demo', 'Technical_Demo', 'Technical_Demo', 'Whitepaper_Download_5G_Test', 'Customer']",1
L001977,Kenji Garcia,Tesla Energy,,APAC,,,"['Website_Product_Page', 'Technical_Demo', 'Opportunity', 'SQL', 'Oscilloscope_Selector_Tool', 'AutoSens_Tech_Talk', 'Technical_Demo', 'Oscilloscope_Selector_Tool', 'Lab_Integration_Discussion', 'AutoSens_Tech_Talk', 'No_Conversion']",0
L001978,Chen Patel,Tesla_Tech,,North America,Automotive Ethernet,,"['Keysight_Workshop_RF_Testing', 'Website_Product_Page', 'No_Conversion']",0
L001979,Ravi Khan,NXPSe_Tech,,APAC,,Event,"['Technical_Demo', 'PathWave_Trial_Request', 'No_Conversion']",0
L001980,Chen Lee,Sony GmbH,Semiconductor,North America,Oscilloscopes,Event,"['Keysight_Workshop_RF_Testing', 'AutoSens_Tech_Talk', 'DesignCon_Booth_Visit', 'IMS_Badge_Scan', 'Customer']",1
L001981,Ahmed Chen,,,North America,,Webinar,"['AutoSens_Tech_Talk', 'PathWave_Trial_Request', 'SQL', 'Customer']",1
L001982,,Raytheon GmbH,,LATAM,Oscilloscopes,Sales Outreach,"['MQL', 'IMS_Badge_Scan', 'DesignCon_Booth_Visit', 'IMS_Badge_Scan', 'Loaner_Unit_Evaluation', 'Keysight_Workshop_RF_Testing', 'SQL', 'AutoSens_Tech_Talk', 'No_Conversion']",0
L001983,Ahmed Lee,Raytheon,Electronics,APAC,,Sales Outreach,['Customer'],1
L001984,Maria Martinez,Sony,Aerospace,,,Webinar,"['Lab_Integration_Discussion', 'DesignCon_Booth_Visit', 'SQL', 'SQL', 'MQL', 'No_Conversion']",0
L001985,Maria Patel,Samsu_Tech,,Europe,,Sales Outreach,"['MQL', 'IMS_Badge_Scan', 'Technical_Demo', 'SQL', 'DesignCon_Booth_Visit', 'IMS_Badge_Scan', 'MQL', 'Keysight_University_Course', 'MQL', 'Customer']",1
L001986,Michael Khan,,Semiconductor,,Automotive Ethernet,Website,"['DesignCon_Booth_Visit', 'SQL', 'Oscilloscope_Selector_Tool', 'No_Conversion']",0
L001987,Priya Lee,,,,Oscilloscopes,Email Campaign,"['Oscilloscope_Selector_Tool', 'SQL', 'Keysight_University_Course', 'MQL', 'Whitepaper_Download_5G_Test', 'Oscilloscope_Selector_Tool', 'Application_Engineer_Call', 'Technical_Demo', 'No_Conversion']",0
L001988,Laura Patel,Rayth_Tech,Semiconductor,APAC,5G Testbeds,Website,"['PathWave_Trial_Request', 'Technical_Demo', 'DesignCon_Booth_Visit', 'DesignCon_Booth_Visit', 'Customer']",1
L001989,,,Automotive,North America,,,"['Whitepaper_Download_5G_Test', 'Loaner_Unit_Evaluation', 'DesignCon_Booth_Visit', 'Whitepaper_Download_5G_Test', 'Opportunity', 'SQL', 'IMS_Badge_Scan', 'No_Conversion']",0
L001990,Laura Martinez,Tesla Energy,Aerospace,Europe,PathWave Software,Email Campaign,"['MQL', 'LinkedIn_Ad_Click', 'Customer']",1
L001991,Michael Lee,Raytheon GmbH,Electronics,,Automotive Ethernet,Email Campaign,"['Keysight_University_Course', 'Lab_Integration_Discussion', 'MQL', 'Whitepaper_Download_5G_Test', 'Application_Engineer_Call', 'MQL', 'Keysight_University_Course', 'Application_Engineer_Call', 'Application_Engineer_Call', 'SQL', 'Customer']",1
L001992,Daniel Patel,Raytheon GmbH,Automotive,APAC,,LinkedIn,"['AutoSens_Tech_Talk', 'DesignCon_Booth_Visit', 'Customer']",1
L001993,Daniel Chen,,,APAC,,Webinar,"['IMS_Badge_Scan', 'IMS_Badge_Scan', 'Loaner_Unit_Evaluation', 'DesignCon_Booth_Visit', 'Customer']",1
L001994,Daniel Lee,Broad_Tech,Automotive,,,Email Campaign,"['Lab_Integration_Discussion', 'LinkedIn_Ad_Click', 'Keysight_Workshop_RF_Testing', 'Oscilloscope_Selector_Tool', 'PathWave_Trial_Request', 'No_Conversion']",0
L001995,,Qualc_Tech,Electronics,North America,Oscilloscopes,LinkedIn,"['Opportunity', 'MQL', 'No_Conversion']",0
L001996,Sofia Anders,NXP Semiconductors,,,Oscilloscopes,Webinar,['No_Conversion'],0
L001997,Hiroshi Anders,Meta Connectivity Labs,Automotive,North America,,Webinar,"['Keysight_University_Course', 'Whitepaper_Download_5G_Test', 'DesignCon_Booth_Visit', 'Website_Product_Page', 'Customer']",1
L001998,Ahmed Anders,Sony GmbH,Semiconductor,LATAM,,LinkedIn,['No_Conversion'],0
L001999,Michael Williams,Qualcomm,Telecom,,5G Testbeds,Website,"['Website_Product_Page', 'Customer']",1
L002000,Maria Williams,NXP Semiconductors,,,Automotive Ethernet,Email Campaign,['No_Conversion'],0
L002001,Daniel Anders,Samsung Electronics,Aerospace,APAC,,,['No_Conversion'],0
L002002,Chen Williams,Broadcom GmbH,,,,Email Campaign,"['Keysight_University_Course', 'Customer']",1
L002003,,Sony GmbH,,North America,,Event,"['Website_Product_Page', 'Technical_Demo', 'AutoSens_Tech_Talk', 'Keysight_Workshop_RF_Testing', 'AutoSens_Tech_Talk', 'Customer']",1
L002004,Sofia Tanaka,Sony,,Europe,,Email Campaign,"['Technical_Demo', 'Lab_Integration_Discussion', 'Loaner_Unit_Evaluation', 'No_Conversion']",0
L002005,Maria Chen,NXP Semiconductors GmbH,Semiconductor,APAC,,,"['Loaner_Unit_Evaluation', 'Opportunity', 'Lab_Integration_Discussion', 'Customer']",1
L002006,Maria Anders,Qualc_Tech,,Europe,Oscilloscopes,Webinar,"['Lab_Integration_Discussion', 'SQL', 'IMS_Badge_Scan', 'No_Conversion']",0
L002007,Daniel Anders,,,APAC,,,"['DesignCon_Booth_Visit', 'Application_Engineer_Call', 'Technical_Demo', 'Technical_Demo', 'Customer']",1
L002008,Michael Chen,Bosch,Telecom,LATAM,Oscilloscopes,Website,"['PathWave_Trial_Request', 'Keysight_Workshop_RF_Testing', 'No_Conversion']",0
L002009,Chen Chen,Bosch,Semiconductor,APAC,Automotive Ethernet,,"['Application_Engineer_Call', 'Opportunity', 'Oscilloscope_Selector_Tool', 'Loaner_Unit_Evaluation', 'Keysight_University_Course', 'Opportunity', 'Oscilloscope_Selector_Tool', 'Opportunity', 'No_Conversion']",0
L002010,Ravi Garcia,,,LATAM,5G Testbeds,Event,"['MQL', 'Website_Product_Page', 'Loaner_Unit_Evaluation', 'LinkedIn_Ad_Click', 'Technical_Demo', 'Oscilloscope_Selector_Tool', 'Opportunity', 'DesignCon_Booth_Visit', 'Lab_Integration_Discussion', 'Website_Product_Page', 'No_Conversion']",0
L002011,Hiroshi Tanaka,Samsung Electronics GmbH,Automotive,LATAM,5G Testbeds,Webinar,"['Website_Product_Page', 'Application_Engineer_Call', 'Customer']",1
L002012,Priya Khan,,Automotive,Europe,,,"['PathWave_Trial_Request', 'Keysight_University_Course', 'AutoSens_Tech_Talk', 'LinkedIn_Ad_Click', 'Loaner_Unit_Evaluation', 'Lab_Integration_Discussion', 'Oscilloscope_Selector_Tool', 'Application_Engineer_Call', 'No_Conversion']",0
L002013,,Qualc_Tech,Aerospace,LATAM,Automotive Ethernet,Email Campaign,"['AutoSens_Tech_Talk', 'Keysight_University_Course', 'Oscilloscope_Selector_Tool', 'IMS_Badge_Scan', 'Loaner_Unit_Evaluation', 'MQL', 'SQL', 'MQL', 'Customer']",1
L002014,Kenji Ito,Infineon GmbH,Semiconductor,,Oscilloscopes,,"['Opportunity', 'AutoSens_Tech_Talk', 'No_Conversion']",0
L002015,,Qualcomm,Telecom,,Automotive Ethernet,LinkedIn,"['Application_Engineer_Call', 'Application_Engineer_Call', 'MQL', 'Loaner_Unit_Evaluation', 'SQL', 'No_Conversion']",0
L002016,Maria Garcia,Qualcomm GmbH,,,PathWave Software,Event,"['AutoSens_Tech_Talk', 'Technical_Demo', 'IMS_Badge_Scan', 'Lab_Integration_Discussion', 'No_Conversion']",0
L002017,Maria Garcia,,Semiconductor,,PathWave Software,Event,"['Whitepaper_Download_5G_Test', 'Lab_Integration_Discussion', 'Opportunity', 'IMS_Badge_Scan', 'MQL', 'Website_Product_Page', 'Technical_Demo', 'SQL', 'LinkedIn_Ad_Click', 'Customer']",1
L002018,,,Aerospace,,Oscilloscopes,Webinar,['No_Conversion'],0
L002019,Sarah Johnson,Bosch,Aerospace,APAC,Automotive Ethernet,Sales Outreach,['No_Conversion'],0
L002020,Laura Garcia,Sony GmbH,Aerospace,LATAM,Automotive Ethernet,Event,"['MQL', 'No_Conversion']",0
L002021,Sofia Martinez,,Automotive,LATAM,,Event,"['IMS_Badge_Scan', 'Application_Engineer_Call', 'Application_Engineer_Call', 'Oscilloscope_Selector_Tool', 'LinkedIn_Ad_Click', 'Oscilloscope_Selector_Tool', 'PathWave_Trial_Request', 'Customer']",1
L002022,Kenji Chen,,Electronics,LATAM,PathWave Software,Event,"['Keysight_Workshop_RF_Testing', 'MQL', 'Lab_Integration_Discussion', 'Customer']",1
L002023,Maria Patel,Qualc_Tech,Automotive,,,Sales Outreach,"['DesignCon_Booth_Visit', 'DesignCon_Booth_Visit', 'Keysight_University_Course', 'No_Conversion']",0
L002024,Priya Martinez,NXPSe_Tech,,Europe,,Event,"['IMS_Badge_Scan', 'No_Conversion']",0
L002025,Sarah Tanaka,Meta Connectivity Labs GmbH,,,,Email Campaign,"['Oscilloscope_Selector_Tool', 'No_Conversion']",0
L002026,Laura Martinez,Rayth_Tech,Automotive,North America,,Webinar,"['Keysight_Workshop_RF_Testing', 'Keysight_University_Course', 'Application_Engineer_Call', 'MQL', 'LinkedIn_Ad_Click', 'Application_Engineer_Call', 'Opportunity', 'No_Conversion']",0
L002027,Sarah Tanaka,Bosch,Electronics,North America,,Email Campaign,"['LinkedIn_Ad_Click', 'Customer']",1
L002028,,Bosch,Aerospace,Europe,,,['Customer'],1
L002029,Priya Chen,Bosch,,North America,Oscilloscopes,,"['Keysight_Workshop_RF_Testing', 'LinkedIn_Ad_Click', 'Lab_Integration_Discussion', 'Keysight_Workshop_RF_Testing', 'Website_Product_Page', 'Application_Engineer_Call', 'No_Conversion']",0
L002030,Sarah Singh,Sony GmbH,Aerospace,,,Sales Outreach,"['DesignCon_Booth_Visit', 'PathWave_Trial_Request', 'PathWave_Trial_Request', 'SQL', 'Oscilloscope_Selector_Tool', 'LinkedIn_Ad_Click', 'No_Conversion']",0
L002031,Hiroshi Tanaka,Qualcomm GmbH,Automotive,LATAM,5G Testbeds,Email Campaign,"['Application_Engineer_Call', 'Website_Product_Page', 'Whitepaper_Download_5G_Test', 'AutoSens_Tech_Talk', 'No_Conversion']",0
L002032,Ravi Williams,Meta Connectivity Labs GmbH,Semiconductor,LATAM,,Website,"['AutoSens_Tech_Talk', 'Oscilloscope_Selector_Tool', 'AutoSens_Tech_Talk', 'Website_Product_Page', 'Customer']",1
L002033,Hiroshi Garcia,NXPSe_Tech,Semiconductor,LATAM,,Sales Outreach,"['LinkedIn_Ad_Click', 'SQL', 'Oscilloscope_Selector_Tool', 'DesignCon_Booth_Visit', 'Opportunity', 'Application_Engineer_Call', 'Technical_Demo', 'Keysight_University_Course', 'IMS_Badge_Scan', 'No_Conversion']",0
L002034,Sofia Lee,,Semiconductor,APAC,,Event,"['Opportunity', 'Lab_Integration_Discussion', 'Lab_Integration_Discussion', 'SQL', 'Oscilloscope_Selector_Tool', 'MQL', 'Customer']",1
L002035,Michael Tanaka,,Semiconductor,,5G Testbeds,,"['Loaner_Unit_Evaluation', 'SQL', 'DesignCon_Booth_Visit', 'Loaner_Unit_Evaluation', 'DesignCon_Booth_Visit', 'Keysight_Workshop_RF_Testing', 'No_Conversion']",0
L002036,Ravi Chen,,Aerospace,North America,Automotive Ethernet,Webinar,"['Lab_Integration_Discussion', 'DesignCon_Booth_Visit', 'PathWave_Trial_Request', 'Opportunity', 'Website_Product_Page', 'IMS_Badge_Scan', 'MQL', 'MQL', 'Technical_Demo', 'Keysight_University_Course', 'Customer']",1
L002037,Priya Garcia,Qualcomm GmbH,Automotive,,PathWave Software,Website,"['Oscilloscope_Selector_Tool', 'Application_Engineer_Call', 'MQL', 'Website_Product_Page', 'Website_Product_Page', 'Keysight_University_Course', 'Opportunity', 'Customer']",1
L002038,Maria Singh,Qualc_Tech,Semiconductor,Europe,Oscilloscopes,Sales Outreach,"['MQL', 'PathWave_Trial_Request', 'Opportunity', 'DesignCon_Booth_Visit', 'No_Conversion']",0
L002039,Chen Khan,,,Europe,Automotive Ethernet,Event,"['IMS_Badge_Scan', 'Customer']",1
L002040,Kenji Tanaka,,Automotive,North America,5G Testbeds,Sales Outreach,"['SQL', 'DesignCon_Booth_Visit', 'Loaner_Unit_Evaluation', 'Technical_Demo', 'No_Conversion']",0
L002041,Sofia Singh,NXP Semiconductors,,North America,,Sales Outreach,['Customer'],1
L002042,Chen Anders,Infin_Tech,Automotive,North America,Oscilloscopes,Website,"['IMS_Badge_Scan', 'SQL', 'DesignCon_Booth_Visit', 'Keysight_Workshop_RF_Testing', 'Opportunity', 'No_Conversion']",0
L002043,,Sony_Tech,,,Oscilloscopes,Webinar,"['Oscilloscope_Selector_Tool', 'IMS_Badge_Scan', 'AutoSens_Tech_Talk', 'No_Conversion']",0
L002044,Michael Ito,Sony_Tech,Telecom,LATAM,,Sales Outreach,"['Website_Product_Page', 'Whitepaper_Download_5G_Test', 'Loaner_Unit_Evaluation', 'Oscilloscope_Selector_Tool', 'Keysight_Workshop_RF_Testing', 'IMS_Badge_Scan', 'SQL', 'No_Conversion']",0
L002045,Sarah Anders,Raytheon,,LATAM,PathWave Software,LinkedIn,"['SQL', 'Website_Product_Page', 'DesignCon_Booth_Visit', 'Application_Engineer_Call', 'Keysight_University_Course', 'AutoSens_Tech_Talk', 'DesignCon_Booth_Visit', 'Website_Product_Page', 'SQL', 'PathWave_Trial_Request', 'No_Conversion']",0
L002046,Ravi Anders,MetaC_Tech,Aerospace,Europe,Automotive Ethernet,Webinar,"['Loaner_Unit_Evaluation', 'DesignCon_Booth_Visit', 'Customer']",1
L002047,Chen Ito,,,,,Website,"['Website_Product_Page', 'Technical_Demo', 'Technical_Demo', 'Application_Engineer_Call', 'Technical_Demo', 'Loaner_Unit_Evaluation', 'Website_Product_Page', 'Whitepaper_Download_5G_Test', 'No_Conversion']",0
L002048,Hiroshi Martinez,,Semiconductor,APAC,PathWave Software,LinkedIn,"['MQL', 'Opportunity', 'LinkedIn_Ad_Click', 'Keysight_University_Course', 'Customer']",1
L002049,Maria Chen,Sony,Electronics,North America,5G Testbeds,Event,"['PathWave_Trial_Request', 'AutoSens_Tech_Talk', 'PathWave_Trial_Request', 'IMS_Badge_Scan', 'No_Conversion']",0
L002050,Priya Khan,Infineon GmbH,Telecom,LATAM,,Webinar,"['LinkedIn_Ad_Click', 'Opportunity', 'LinkedIn_Ad_Click', 'MQL', 'No_Conversion']",0
L002051,,NXP Semiconductors,,Europe,Automotive Ethernet,Webinar,"['PathWave_Trial_Request', 'Lab_Integration_Discussion', 'MQL', 'SQL', 'IMS_Badge_Scan', 'Website_Product_Page', 'MQL', 'No_Conversion']",0
L002052,Michael Ito,Tesla_Tech,Aerospace,North America,5G Testbeds,LinkedIn,"['Loaner_Unit_Evaluation', 'Website_Product_Page', 'MQL', 'Whitepaper_Download_5G_Test', 'LinkedIn_Ad_Click', 'Website_Product_Page', 'No_Conversion']",0
L002053,Chen Tanaka,Samsung Electronics GmbH,,North America,,Website,"['SQL', 'MQL', 'IMS_Badge_Scan', 'AutoSens_Tech_Talk', 'PathWave_Trial_Request', 'Technical_Demo', 'Website_Product_Page', 'Opportunity', 'Loaner_Unit_Evaluation', 'Application_Engineer_Call', 'No_Conversion']",0
L002054,Sofia Ito,Broadcom,Electronics,APAC,Automotive Ethernet,Sales Outreach,"['Keysight_University_Course', 'MQL', 'Application_Engineer_Call', 'Keysight_University_Course', 'IMS_Badge_Scan', 'Customer']",1
L002055,Kenji Martinez,Samsung Electronics,,Europe,,Website,"['SQL', 'Keysight_Workshop_RF_Testing', 'Website_Product_Page', 'No_Conversion']",0
L002056,Sarah Johnson,Infineon,Aerospace,LATAM,,Event,"['DesignCon_Booth_Visit', 'SQL', 'MQL', 'IMS_Badge_Scan', 'Customer']",1
L002057,Hiroshi Williams,,,APAC,5G Testbeds,Event,"['Website_Product_Page', 'Application_Engineer_Call', 'SQL', 'AutoSens_Tech_Talk', 'MQL', 'MQL', 'Technical_Demo', 'Customer']",1
L002058,Chen Martinez,,Semiconductor,,PathWave Software,Event,"['IMS_Badge_Scan', 'MQL', 'LinkedIn_Ad_Click', 'Whitepaper_Download_5G_Test', 'Application_Engineer_Call', 'DesignCon_Booth_Visit', 'Application_Engineer_Call', 'Loaner_Unit_Evaluation', 'Technical_Demo', 'No_Conversion']",0
L002059,Kenji Garcia,Meta Connectivity Labs,,APAC,,Email Campaign,"['Lab_Integration_Discussion', 'IMS_Badge_Scan', 'AutoSens_Tech_Talk', 'Customer']",1
L002060,Kenji Ito,Bosch GmbH,Semiconductor,APAC,Oscilloscopes,Sales Outreach,"['Loaner_Unit_Evaluation', 'Whitepaper_Download_5G_Test', 'MQL', 'No_Conversion']",0
L002061,Maria Chen,Infineon GmbH,,,,LinkedIn,"['Opportunity', 'No_Conversion']",0
L002062,Sarah Johnson,NXP Semiconductors GmbH,Aerospace,North America,,Sales Outreach,"['Keysight_Workshop_RF_Testing', 'Keysight_Workshop_RF_Testing', 'LinkedIn_Ad_Click', 'Opportunity', 'Opportunity', 'Lab_Integration_Discussion', 'PathWave_Trial_Request', 'Keysight_University_Course', 'Oscilloscope_Selector_Tool', 'Application_Engineer_Call', 'No_Conversion']",0
L002063,Priya Lee,,,APAC,5G Testbeds,LinkedIn,"['Technical_Demo', 'Opportunity', 'Whitepaper_Download_5G_Test', 'PathWave_Trial_Request', 'Customer']",1
L002064,Laura Tanaka,Raytheon GmbH,,North America,Automotive Ethernet,,"['Whitepaper_Download_5G_Test', 'Website_Product_Page', 'Opportunity', 'Loaner_Unit_Evaluation', 'MQL', 'Keysight_University_Course', 'MQL', 'No_Conversion']",0
L002065,,Infineon GmbH,,APAC,,Event,"['DesignCon_Booth_Visit', 'IMS_Badge_Scan', 'No_Conversion']",0
L002066,Sarah Lee,NXPSe_Tech,,APAC,5G Testbeds,Website,"['Website_Product_Page', 'LinkedIn_Ad_Click', 'PathWave_Trial_Request', 'No_Conversion']",0
L002067,Laura Martinez,,Semiconductor,APAC,PathWave Software,Webinar,"['LinkedIn_Ad_Click', 'IMS_Badge_Scan', 'LinkedIn_Ad_Click', 'Lab_Integration_Discussion', 'LinkedIn_Ad_Click', 'Opportunity', 'Application_Engineer_Call', 'Keysight_University_Course', 'Customer']",1
L002068,Chen Anders,Tesla_Tech,,APAC,5G Testbeds,Sales Outreach,['Customer'],1
L002069,Kenji Patel,Broad_Tech,Automotive,North America,Oscilloscopes,Sales Outreach,"['Technical_Demo', 'Technical_Demo', 'Oscilloscope_Selector_Tool', 'Application_Engineer_Call', 'Whitepaper_Download_5G_Test', 'No_Conversion']",0
L002070,Ravi Patel,Tesla_Tech,Aerospace,APAC,,Event,"['Lab_Integration_Discussion', 'IMS_Badge_Scan', 'AutoSens_Tech_Talk', 'MQL', 'Customer']",1
L002071,Hiroshi Lee,,Telecom,,5G Testbeds,Webinar,"['AutoSens_Tech_Talk', 'IMS_Badge_Scan', 'Loaner_Unit_Evaluation', 'No_Conversion']",0
L002072,Kenji Lee,Tesla Energy GmbH,,North America,5G Testbeds,LinkedIn,"['Technical_Demo', 'Website_Product_Page', 'Opportunity', 'Customer']",1
L002073,Michael Lee,,,North America,PathWave Software,Event,"['Whitepaper_Download_5G_Test', 'Website_Product_Page', 'Opportunity', 'Loaner_Unit_Evaluation', 'AutoSens_Tech_Talk', 'AutoSens_Tech_Talk', 'Opportunity', 'Keysight_University_Course', 'Opportunity', 'Customer']",1
L002074,Laura Ito,NXP Semiconductors GmbH,Telecom,North America,5G Testbeds,Event,"['DesignCon_Booth_Visit', 'Opportunity', 'Loaner_Unit_Evaluation', 'Loaner_Unit_Evaluation', 'Opportunity', 'IMS_Badge_Scan', 'Technical_Demo', 'MQL', 'IMS_Badge_Scan', 'Keysight_Workshop_RF_Testing', 'Customer']",1
L002075,Michael Chen,Qualcomm GmbH,Electronics,Europe,,Sales Outreach,"['Technical_Demo', 'Application_Engineer_Call', 'Keysight_University_Course', 'DesignCon_Booth_Visit', 'Website_Product_Page', 'LinkedIn_Ad_Click', 'No_Conversion']",0
L002076,Laura Singh,Rayth_Tech,Telecom,North America,Oscilloscopes,Sales Outreach,"['PathWave_Trial_Request', 'Keysight_Workshop_RF_Testing', 'SQL', 'Lab_Integration_Discussion', 'LinkedIn_Ad_Click', 'No_Conversion']",0
L002077,Chen Martinez,MetaC_Tech,,,,Website,"['Opportunity', 'LinkedIn_Ad_Click', 'Lab_Integration_Discussion', 'MQL', 'No_Conversion']",0
L002078,Priya Johnson,Samsung Electronics GmbH,Aerospace,Europe,Oscilloscopes,Website,"['Loaner_Unit_Evaluation', 'Lab_Integration_Discussion', 'Whitepaper_Download_5G_Test', 'MQL', 'Keysight_Workshop_RF_Testing', 'Loaner_Unit_Evaluation', 'Technical_Demo', 'Technical_Demo', 'No_Conversion']",0
L002079,Ahmed Johnson,,,LATAM,5G Testbeds,Website,"['Website_Product_Page', 'IMS_Badge_Scan', 'Keysight_University_Course', 'SQL', 'Customer']",1
L002080,Ahmed Garcia,,Aerospace,APAC,PathWave Software,Email Campaign,"['Website_Product_Page', 'Website_Product_Page', 'AutoSens_Tech_Talk', 'Loaner_Unit_Evaluation', 'Loaner_Unit_Evaluation', 'Lab_Integration_Discussion', 'SQL', 'IMS_Badge_Scan', 'DesignCon_Booth_Visit', 'No_Conversion']",0
L002081,Daniel Garcia,,Telecom,North America,Oscilloscopes,Sales Outreach,['Customer'],1
L002082,,,,APAC,Oscilloscopes,LinkedIn,"['LinkedIn_Ad_Click', 'Opportunity', 'Lab_Integration_Discussion', 'IMS_Badge_Scan', 'Lab_Integration_Discussion', 'No_Conversion']",0
L002083,Ahmed Williams,Infin_Tech,,APAC,Oscilloscopes,,"['Keysight_University_Course', 'Website_Product_Page', 'Website_Product_Page', 'Application_Engineer_Call', 'Oscilloscope_Selector_Tool', 'Keysight_Workshop_RF_Testing', 'No_Conversion']",0
L002084,Michael Williams,Infin_Tech,Aerospace,North America,,Email Campaign,"['Technical_Demo', 'No_Conversion']",0
L002085,,Raytheon GmbH,Electronics,,,Event,"['SQL', 'AutoSens_Tech_Talk', 'Lab_Integration_Discussion', 'PathWave_Trial_Request', 'Customer']",1
L002086,Priya Chen,,Telecom,North America,,,"['MQL', 'No_Conversion']",0
L002087,Michael Lee,Tesla_Tech,Aerospace,APAC,Automotive Ethernet,LinkedIn,"['Oscilloscope_Selector_Tool', 'No_Conversion']",0
L002088,Kenji Chen,Sony GmbH,Aerospace,LATAM,PathWave Software,Event,"['Oscilloscope_Selector_Tool', 'DesignCon_Booth_Visit', 'SQL', 'Technical_Demo', 'Lab_Integration_Discussion', 'SQL', 'IMS_Badge_Scan', 'No_Conversion']",0
L002089,Daniel Tanaka,Infin_Tech,,Europe,PathWave Software,LinkedIn,"['DesignCon_Booth_Visit', 'Keysight_Workshop_RF_Testing', 'Application_Engineer_Call', 'SQL', 'Application_Engineer_Call', 'Customer']",1
L002090,Ahmed Lee,,,,PathWave Software,LinkedIn,"['Loaner_Unit_Evaluation', 'Customer']",1
L002091,Kenji Lee,Bosch_Tech,Aerospace,North America,,Sales Outreach,"['DesignCon_Booth_Visit', 'No_Conversion']",0
L002092,Chen Garcia,Bosch_Tech,Aerospace,Europe,,Event,"['LinkedIn_Ad_Click', 'MQL', 'Oscilloscope_Selector_Tool', 'DesignCon_Booth_Visit', 'SQL', 'Oscilloscope_Selector_Tool', 'No_Conversion']",0
L002093,Chen Garcia,,Semiconductor,,PathWave Software,Sales Outreach,"['Keysight_University_Course', 'DesignCon_Booth_Visit', 'Website_Product_Page', 'No_Conversion']",0
L002094,Maria Anders,,Automotive,Europe,Automotive Ethernet,Event,"['AutoSens_Tech_Talk', 'Loaner_Unit_Evaluation', 'Keysight_University_Course', 'SQL', 'LinkedIn_Ad_Click', 'Customer']",1
L002095,Sarah Khan,Tesla Energy,,Europe,,Webinar,"['Technical_Demo', 'Whitepaper_Download_5G_Test', 'DesignCon_Booth_Visit', 'No_Conversion']",0
L002096,Chen Khan,,Semiconductor,North America,5G Testbeds,Event,"['Oscilloscope_Selector_Tool', 'Loaner_Unit_Evaluation', 'MQL', 'Customer']",1
L002097,Ravi Johnson,Sony,Electronics,LATAM,5G Testbeds,LinkedIn,['Customer'],1
L002098,Laura Tanaka,Sony,,,,Sales Outreach,"['Oscilloscope_Selector_Tool', 'Lab_Integration_Discussion', 'IMS_Badge_Scan', 'Technical_Demo', 'AutoSens_Tech_Talk', 'Loaner_Unit_Evaluation', 'Lab_Integration_Discussion', 'Opportunity', 'No_Conversion']",0
L002099,Hiroshi Patel,NXP Semiconductors GmbH,Semiconductor,North America,Oscilloscopes,Webinar,['Customer'],1
L002100,Sarah Johnson,,Semiconductor,North America,Oscilloscopes,Email Campaign,"['Lab_Integration_Discussion', 'Application_Engineer_Call', 'Whitepaper_Download_5G_Test', 'SQL', 'Website_Product_Page', 'Customer']",1
L002101,Kenji Tanaka,Infineon,,LATAM,PathWave Software,Website,"['Keysight_Workshop_RF_Testing', 'No_Conversion']",0
L002102,Ahmed Anders,MetaC_Tech,,Europe,Automotive Ethernet,LinkedIn,"['Keysight_Workshop_RF_Testing', 'DesignCon_Booth_Visit', 'Opportunity', 'Keysight_Workshop_RF_Testing', 'AutoSens_Tech_Talk', 'Customer']",1
L002103,Kenji Johnson,Sony GmbH,,Europe,5G Testbeds,Webinar,"['Oscilloscope_Selector_Tool', 'Technical_Demo', 'IMS_Badge_Scan', 'MQL', 'PathWave_Trial_Request', 'DesignCon_Booth_Visit', 'IMS_Badge_Scan', 'Application_Engineer_Call', 'Loaner_Unit_Evaluation', 'Keysight_University_Course', 'No_Conversion']",0
L002104,Maria Ito,Raytheon,Aerospace,North America,Oscilloscopes,Website,"['Opportunity', 'No_Conversion']",0
L002105,,Infineon,Electronics,Europe,,LinkedIn,['No_Conversion'],0
L002106,,Infineon,Electronics,LATAM,5G Testbeds,Event,['No_Conversion'],0
L002107,Daniel Martinez,Infin_Tech,Aerospace,LATAM,Oscilloscopes,Sales Outreach,['Customer'],1
L002108,Sofia Singh,Raytheon GmbH,Electronics,LATAM,,Event,"['Oscilloscope_Selector_Tool', 'Whitepaper_Download_5G_Test', 'MQL', 'LinkedIn_Ad_Click', 'Whitepaper_Download_5G_Test', 'Opportunity', 'Application_Engineer_Call', 'DesignCon_Booth_Visit', 'AutoSens_Tech_Talk', 'SQL', 'No_Conversion']",0
L002109,Laura Anders,NXP Semiconductors,,Europe,Automotive Ethernet,Website,['Customer'],1
L002110,Hiroshi Johnson,NXPSe_Tech,Electronics,APAC,Automotive Ethernet,Email Campaign,"['Opportunity', 'PathWave_Trial_Request', 'Opportunity', 'Customer']",1
L002111,,Sony,,APAC,,Website,"['Loaner_Unit_Evaluation', 'PathWave_Trial_Request', 'PathWave_Trial_Request', 'Customer']",1
L002112,Chen Chen,Raytheon GmbH,,,,Website,"['IMS_Badge_Scan', 'Keysight_Workshop_RF_Testing', 'Keysight_Workshop_RF_Testing', 'No_Conversion']",0
L002113,Ravi Johnson,Bosch GmbH,Electronics,,PathWave Software,LinkedIn,"['Whitepaper_Download_5G_Test', 'Keysight_Workshop_RF_Testing', 'Oscilloscope_Selector_Tool', 'Keysight_University_Course', 'Opportunity', 'Customer']",1
L002114,Daniel Tanaka,NXP Semiconductors GmbH,,North America,,Webinar,['No_Conversion'],0
L002115,Sofia Tanaka,Samsung Electronics GmbH,Semiconductor,APAC,Oscilloscopes,Event,"['DesignCon_Booth_Visit', 'No_Conversion']",0
L002116,,Sony_Tech,Aerospace,APAC,,Email Campaign,"['Application_Engineer_Call', 'Application_Engineer_Call', 'Technical_Demo', 'AutoSens_Tech_Talk', 'Whitepaper_Download_5G_Test', 'DesignCon_Booth_Visit', 'Keysight_University_Course', 'No_Conversion']",0
L002117,Priya Johnson,Bosch,Electronics,LATAM,5G Testbeds,Webinar,"['Opportunity', 'AutoSens_Tech_Talk', 'DesignCon_Booth_Visit', 'MQL', 'SQL', 'No_Conversion']",0
L002118,,Samsung Electronics GmbH,Automotive,,PathWave Software,LinkedIn,"['LinkedIn_Ad_Click', 'Oscilloscope_Selector_Tool', 'Keysight_University_Course', 'Loaner_Unit_Evaluation', 'No_Conversion']",0
L002119,Daniel Johnson,Sony,Telecom,North America,,Event,"['IMS_Badge_Scan', 'Keysight_University_Course', 'AutoSens_Tech_Talk', 'Customer']",1
L002120,,Broadcom GmbH,Aerospace,,Oscilloscopes,Event,['Customer'],1
L002121,,Broad_Tech,Electronics,APAC,Oscilloscopes,Website,"['AutoSens_Tech_Talk', 'Lab_Integration_Discussion', 'Technical_Demo', 'LinkedIn_Ad_Click', 'Application_Engineer_Call', 'Customer']",1
L002122,Priya Patel,Qualc_Tech,,,,,['No_Conversion'],0
L002123,Sofia Ito,,Telecom,APAC,Automotive Ethernet,Webinar,"['Website_Product_Page', 'Website_Product_Page', 'Whitepaper_Download_5G_Test', 'SQL', 'SQL', 'Oscilloscope_Selector_Tool', 'Keysight_University_Course', 'MQL', 'Keysight_Workshop_RF_Testing', 'Whitepaper_Download_5G_Test', 'No_Conversion']",0
L002124,Maria Williams,Raytheon,Automotive,APAC,PathWave Software,Webinar,"['DesignCon_Booth_Visit', 'Loaner_Unit_Evaluation', 'LinkedIn_Ad_Click', 'AutoSens_Tech_Talk', 'Customer']",1
L002125,Chen Tanaka,,,,Oscilloscopes,Email Campaign,['No_Conversion'],0
L002126,Hiroshi Khan,,Telecom,Europe,5G Testbeds,Sales Outreach,"['Whitepaper_Download_5G_Test', 'Lab_Integration_Discussion', 'Loaner_Unit_Evaluation', 'Customer']",1
L002127,Michael Patel,Samsung Electronics,,APAC,PathWave Software,LinkedIn,"['AutoSens_Tech_Talk', 'PathWave_Trial_Request', 'Customer']",1
L002128,Kenji Martinez,,Aerospace,LATAM,5G Testbeds,,"['Technical_Demo', 'LinkedIn_Ad_Click', 'Whitepaper_Download_5G_Test', 'Opportunity', 'Keysight_Workshop_RF_Testing', 'Lab_Integration_Discussion', 'LinkedIn_Ad_Click', 'IMS_Badge_Scan', 'No_Conversion']",0
L002129,Maria Chen,,Electronics,North America,,Sales Outreach,"['Technical_Demo', 'Customer']",1
L002130,Priya Lee,Meta Connectivity Labs GmbH,Electronics,Europe,Automotive Ethernet,Event,"['Application_Engineer_Call', 'SQL', 'SQL', 'Customer']",1
L002131,Chen Ito,Rayth_Tech,Electronics,North America,,Event,"['Oscilloscope_Selector_Tool', 'Customer']",1
L002132,Kenji Khan,Tesla Energy GmbH,Aerospace,Europe,PathWave Software,Event,"['Keysight_Workshop_RF_Testing', 'Keysight_Workshop_RF_Testing', 'Keysight_University_Course', 'Oscilloscope_Selector_Tool', 'LinkedIn_Ad_Click', 'Customer']",1
L002133,Sarah Williams,Samsung Electronics GmbH,Electronics,APAC,,Sales Outreach,"['Keysight_University_Course', 'IMS_Badge_Scan', 'Keysight_Workshop_RF_Testing', 'Website_Product_Page', 'Whitepaper_Download_5G_Test', 'LinkedIn_Ad_Click', 'SQL', 'Customer']",1
L002134,Maria Lee,,Automotive,,5G Testbeds,Event,"['SQL', 'Technical_Demo', 'PathWave_Trial_Request', 'Keysight_University_Course', 'Customer']",1
L002135,Chen Chen,NXPSe_Tech,Automotive,North America,Automotive Ethernet,LinkedIn,"['Loaner_Unit_Evaluation', 'Application_Engineer_Call', 'No_Conversion']",0
L002136,Ahmed Singh,Raytheon GmbH,,LATAM,,Event,"['Lab_Integration_Discussion', 'Keysight_University_Course', 'Opportunity', 'AutoSens_Tech_Talk', 'DesignCon_Booth_Visit', 'Loaner_Unit_Evaluation', 'No_Conversion']",0
L002137,Sarah Martinez,Qualc_Tech,Telecom,LATAM,,LinkedIn,"['Website_Product_Page', 'DesignCon_Booth_Visit', 'Keysight_University_Course', 'Oscilloscope_Selector_Tool', 'Oscilloscope_Selector_Tool', 'AutoSens_Tech_Talk', 'Keysight_University_Course', 'Opportunity', 'Keysight_Workshop_RF_Testing', 'Customer']",1
L002138,Michael Patel,NXP Semiconductors,Aerospace,LATAM,,Website,"['Lab_Integration_Discussion', 'Application_Engineer_Call', 'Website_Product_Page', 'Loaner_Unit_Evaluation', 'DesignCon_Booth_Visit', 'IMS_Badge_Scan', 'No_Conversion']",0
L002139,Ravi Johnson,Bosch,Electronics,,PathWave Software,Webinar,"['Lab_Integration_Discussion', 'Keysight_University_Course', 'SQL', 'No_Conversion']",0
L002140,Laura Ito,Samsung Electronics GmbH,,LATAM,,Website,"['AutoSens_Tech_Talk', 'PathWave_Trial_Request', 'SQL', 'Keysight_University_Course', 'IMS_Badge_Scan', 'No_Conversion']",0
L002141,Sarah Anders,Sony GmbH,Telecom,,Automotive Ethernet,Email Campaign,"['AutoSens_Tech_Talk', 'SQL', 'Technical_Demo', 'Loaner_Unit_Evaluation', 'Lab_Integration_Discussion', 'Customer']",1
L002142,,,Telecom,Europe,Oscilloscopes,LinkedIn,"['Application_Engineer_Call', 'Website_Product_Page', 'DesignCon_Booth_Visit', 'No_Conversion']",0
L002143,Laura Lee,Broadcom GmbH,Aerospace,APAC,,,"['Application_Engineer_Call', 'MQL', 'Opportunity', 'AutoSens_Tech_Talk', 'MQL', 'No_Conversion']",0
L002144,Maria Williams,,,Europe,Oscilloscopes,Webinar,"['Keysight_University_Course', 'Loaner_Unit_Evaluation', 'Customer']",1
L002145,Ravi Tanaka,,Automotive,North America,PathWave Software,Webinar,"['DesignCon_Booth_Visit', 'Oscilloscope_Selector_Tool', 'LinkedIn_Ad_Click', 'Lab_Integration_Discussion', 'No_Conversion']",0
L002146,,Bosch_Tech,Semiconductor,LATAM,,Website,"['Application_Engineer_Call', 'Customer']",1
L002147,Sarah Garcia,Meta Connectivity Labs GmbH,,Europe,PathWave Software,Event,"['Keysight_University_Course', 'PathWave_Trial_Request', 'Lab_Integration_Discussion', 'DesignCon_Booth_Visit', 'No_Conversion']",0
L002148,,Bosch_Tech,Automotive,LATAM,,Sales Outreach,"['LinkedIn_Ad_Click', 'LinkedIn_Ad_Click', 'MQL', 'Loaner_Unit_Evaluation', 'Whitepaper_Download_5G_Test', 'PathWave_Trial_Request', 'Loaner_Unit_Evaluation', 'No_Conversion']",0
L002149,Daniel Singh,Samsung Electronics,Semiconductor,LATAM,Oscilloscopes,Sales Outreach,"['Website_Product_Page', 'PathWave_Trial_Request', 'Application_Engineer_Call', 'AutoSens_Tech_Talk', 'Lab_Integration_Discussion', 'AutoSens_Tech_Talk', 'Lab_Integration_Discussion', 'LinkedIn_Ad_Click', 'DesignCon_Booth_Visit', 'No_Conversion']",0
L002150,Sofia Chen,,Automotive,,5G Testbeds,LinkedIn,"['Lab_Integration_Discussion', 'IMS_Badge_Scan', 'No_Conversion']",0
L002151,Sarah Singh,Meta Connectivity Labs,,APAC,PathWave Software,Sales Outreach,"['Keysight_Workshop_RF_Testing', 'Customer']",1
L002152,Laura Anders,Meta Connectivity Labs GmbH,Electronics,Europe,,Email Campaign,"['PathWave_Trial_Request', 'Lab_Integration_Discussion', 'MQL', 'PathWave_Trial_Request', 'Keysight_University_Course', 'Customer']",1
L002153,Hiroshi Patel,,,Europe,Oscilloscopes,LinkedIn,"['Opportunity', 'Keysight_Workshop_RF_Testing', 'Keysight_University_Course', 'Opportunity', 'Customer']",1
L002154,,,Aerospace,APAC,Automotive Ethernet,Event,"['Website_Product_Page', 'MQL', 'Lab_Integration_Discussion', 'Technical_Demo', 'Website_Product_Page', 'Customer']",1
L002155,Hiroshi Williams,,Telecom,North America,,Email Campaign,"['Opportunity', 'SQL', 'Customer']",1
L002156,Michael Garcia,Bosch GmbH,Electronics,APAC,5G Testbeds,Website,"['Application_Engineer_Call', 'Keysight_University_Course', 'AutoSens_Tech_Talk', 'Technical_Demo', 'Technical_Demo', 'Customer']",1
L002157,,Bosch_Tech,Electronics,,Oscilloscopes,Website,"['Opportunity', 'Keysight_University_Course', 'Application_Engineer_Call', 'SQL', 'Keysight_Workshop_RF_Testing', 'Customer']",1
L002158,Michael Williams,Raytheon,Automotive,Europe,,Email Campaign,"['DesignCon_Booth_Visit', 'Loaner_Unit_Evaluation', 'No_Conversion']",0
L002159,Laura Johnson,NXP Semiconductors GmbH,,APAC,,Website,"['LinkedIn_Ad_Click', 'Lab_Integration_Discussion', 'Keysight_Workshop_RF_Testing', 'Technical_Demo', 'MQL', 'Customer']",1
L002160,Laura Johnson,Samsu_Tech,,,Oscilloscopes,Sales Outreach,"['Oscilloscope_Selector_Tool', 'Keysight_Workshop_RF_Testing', 'Opportunity', 'LinkedIn_Ad_Click', 'IMS_Badge_Scan', 'MQL', 'Oscilloscope_Selector_Tool', 'DesignCon_Booth_Visit', 'MQL', 'Opportunity', 'No_Conversion']",0
L002161,Maria Ito,,Semiconductor,,Automotive Ethernet,Email Campaign,"['Technical_Demo', 'Keysight_University_Course', 'Customer']",1
L002162,Laura Johnson,Infin_Tech,Aerospace,,Oscilloscopes,Email Campaign,"['Application_Engineer_Call', 'SQL', 'Customer']",1
L002163,Maria Lee,Samsung Electronics,Telecom,LATAM,5G Testbeds,Sales Outreach,"['PathWave_Trial_Request', 'No_Conversion']",0
L002164,Hiroshi Singh,Meta Connectivity Labs,Electronics,APAC,Oscilloscopes,LinkedIn,"['DesignCon_Booth_Visit', 'PathWave_Trial_Request', 'DesignCon_Booth_Visit', 'Customer']",1
L002165,Sofia Chen,Raytheon GmbH,Electronics,,5G Testbeds,Website,"['Website_Product_Page', 'Loaner_Unit_Evaluation', 'Oscilloscope_Selector_Tool', 'Keysight_University_Course', 'Keysight_University_Course', 'AutoSens_Tech_Talk', 'Customer']",1
L002166,Maria Williams,Rayth_Tech,,North America,Oscilloscopes,Sales Outreach,"['Keysight_Workshop_RF_Testing', 'AutoSens_Tech_Talk', 'Website_Product_Page', 'Keysight_University_Course', 'Loaner_Unit_Evaluation', 'Keysight_University_Course', 'Lab_Integration_Discussion', 'AutoSens_Tech_Talk', 'No_Conversion']",0
L002167,Daniel Khan,Samsung Electronics GmbH,Telecom,APAC,PathWave Software,Email Campaign,"['Website_Product_Page', 'Oscilloscope_Selector_Tool', 'Website_Product_Page', 'Application_Engineer_Call', 'Keysight_Workshop_RF_Testing', 'Technical_Demo', 'Customer']",1
L002168,Priya Ito,,,LATAM,PathWave Software,,"['Technical_Demo', 'Keysight_University_Course', 'PathWave_Trial_Request', 'Keysight_University_Course', 'DesignCon_Booth_Visit', 'Technical_Demo', 'Customer']",1
L002169,Priya Anders,Qualcomm GmbH,Semiconductor,,PathWave Software,LinkedIn,"['Whitepaper_Download_5G_Test', 'Keysight_Workshop_RF_Testing', 'LinkedIn_Ad_Click', 'DesignCon_Booth_Visit', 'Keysight_University_Course', 'No_Conversion']",0
L002170,Kenji Williams,Broad_Tech,,North America,,Email Campaign,"['Oscilloscope_Selector_Tool', 'Customer']",1
L002171,Sofia Tanaka,Meta Connectivity Labs,Semiconductor,APAC,Automotive Ethernet,LinkedIn,"['DesignCon_Booth_Visit', 'Lab_Integration_Discussion', 'Loaner_Unit_Evaluation', 'PathWave_Trial_Request', 'Keysight_University_Course', 'No_Conversion']",0
L002172,Laura Khan,,Telecom,North America,Automotive Ethernet,Webinar,"['Keysight_University_Course', 'MQL', 'Whitepaper_Download_5G_Test', 'Keysight_University_Course', 'No_Conversion']",0
L002173,,Infin_Tech,,APAC,PathWave Software,Email Campaign,"['Oscilloscope_Selector_Tool', 'Customer']",1
L002174,Ahmed Khan,Raytheon GmbH,,Europe,Oscilloscopes,Sales Outreach,['Customer'],1
L002175,Laura Williams,Qualc_Tech,Automotive,LATAM,Automotive Ethernet,Webinar,['Customer'],1
L002176,Maria Ito,Infin_Tech,,Europe,,,"['Application_Engineer_Call', 'Loaner_Unit_Evaluation', 'Customer']",1
L002177,,Raytheon,,,,Webinar,['Customer'],1
L002178,Ravi Martinez,Infineon GmbH,Automotive,LATAM,,LinkedIn,"['SQL', 'DesignCon_Booth_Visit', 'Application_Engineer_Call', 'Keysight_Workshop_RF_Testing', 'AutoSens_Tech_Talk', 'IMS_Badge_Scan', 'Customer']",1
L002179,Priya Johnson,Tesla Energy GmbH,Electronics,LATAM,Oscilloscopes,Website,"['PathWave_Trial_Request', 'MQL', 'Lab_Integration_Discussion', 'Application_Engineer_Call', 'Website_Product_Page', 'SQL', 'Application_Engineer_Call', 'IMS_Badge_Scan', 'Whitepaper_Download_5G_Test', 'Customer']",1
L002180,Hiroshi Singh,Qualc_Tech,,Europe,Automotive Ethernet,Website,"['MQL', 'Keysight_Workshop_RF_Testing', 'Lab_Integration_Discussion', 'Loaner_Unit_Evaluation', 'Technical_Demo', 'PathWave_Trial_Request', 'Keysight_Workshop_RF_Testing', 'Customer']",1
L002181,Laura Chen,Samsung Electronics GmbH,,APAC,PathWave Software,Webinar,"['Whitepaper_Download_5G_Test', 'DesignCon_Booth_Visit', 'Lab_Integration_Discussion', 'No_Conversion']",0
L002182,Sarah Chen,Rayth_Tech,Aerospace,Europe,,Email Campaign,"['Opportunity', 'SQL', 'Lab_Integration_Discussion', 'PathWave_Trial_Request', 'Customer']",1
L002183,Hiroshi Garcia,NXP Semiconductors,Automotive,LATAM,,LinkedIn,['Customer'],1
L002184,Hiroshi Tanaka,NXP Semiconductors,Automotive,APAC,Oscilloscopes,Webinar,"['SQL', 'Whitepaper_Download_5G_Test', 'SQL', 'Technical_Demo', 'MQL', 'IMS_Badge_Scan', 'SQL', 'No_Conversion']",0
L002185,Priya Williams,Qualcomm,Electronics,Europe,,Website,"['Keysight_University_Course', 'SQL', 'LinkedIn_Ad_Click', 'Keysight_Workshop_RF_Testing', 'Application_Engineer_Call', 'MQL', 'Application_Engineer_Call', 'No_Conversion']",0
L002186,Ahmed Ito,,Telecom,North America,,Event,"['Loaner_Unit_Evaluation', 'IMS_Badge_Scan', 'PathWave_Trial_Request', 'AutoSens_Tech_Talk', 'Keysight_Workshop_RF_Testing', 'SQL', 'Lab_Integration_Discussion', 'DesignCon_Booth_Visit', 'Keysight_Workshop_RF_Testing', 'No_Conversion']",0
L002187,Ravi Patel,,Electronics,LATAM,,,['No_Conversion'],0
L002188,Ravi Khan,Tesla Energy GmbH,Electronics,North America,,Event,"['IMS_Badge_Scan', 'Website_Product_Page', 'AutoSens_Tech_Talk', 'Website_Product_Page', 'SQL', 'MQL', 'Keysight_University_Course', 'IMS_Badge_Scan', 'Customer']",1
L002189,Priya Khan,Sony,Automotive,,,Email Campaign,"['Application_Engineer_Call', 'Loaner_Unit_Evaluation', 'MQL', 'Customer']",1
L002190,Laura Singh,Tesla Energy,Aerospace,LATAM,,Sales Outreach,"['SQL', 'SQL', 'Website_Product_Page', 'MQL', 'Customer']",1
L002191,Priya Lee,Sony_Tech,Automotive,North America,,Webinar,['No_Conversion'],0
L002192,,,,,Oscilloscopes,Webinar,"['PathWave_Trial_Request', 'Loaner_Unit_Evaluation', 'Website_Product_Page', 'Technical_Demo', 'Oscilloscope_Selector_Tool', 'Keysight_Workshop_RF_Testing', 'No_Conversion']",0
L002193,Daniel Chen,Samsu_Tech,Aerospace,Europe,Automotive Ethernet,Website,"['IMS_Badge_Scan', 'Technical_Demo', 'No_Conversion']",0
L002194,Hiroshi Patel,Sony_Tech,Semiconductor,,Automotive Ethernet,Event,['Customer'],1
L002195,Sofia Anders,NXPSe_Tech,,,,Webinar,"['LinkedIn_Ad_Click', 'Technical_Demo', 'Technical_Demo', 'PathWave_Trial_Request', 'Application_Engineer_Call', 'Lab_Integration_Discussion', 'No_Conversion']",0
L002196,,Tesla Energy GmbH,Automotive,LATAM,PathWave Software,Event,"['LinkedIn_Ad_Click', 'Loaner_Unit_Evaluation', 'Whitepaper_Download_5G_Test', 'No_Conversion']",0
L002197,Daniel Tanaka,Meta Connectivity Labs GmbH,Semiconductor,LATAM,PathWave Software,Sales Outreach,"['Technical_Demo', 'Opportunity', 'No_Conversion']",0
L002198,Ravi Martinez,MetaC_Tech,Electronics,North America,,Event,['Customer'],1
L002199,Ravi Patel,,,APAC,5G Testbeds,Email Campaign,"['SQL', 'Customer']",1
L002200,Daniel Ito,Raytheon,Automotive,Europe,PathWave Software,Event,"['Loaner_Unit_Evaluation', 'SQL', 'Application_Engineer_Call', 'Opportunity', 'Keysight_Workshop_RF_Testing', 'LinkedIn_Ad_Click', 'PathWave_Trial_Request', 'LinkedIn_Ad_Click', 'Oscilloscope_Selector_Tool', 'SQL', 'No_Conversion']",0
L002201,Sofia Ito,Tesla Energy GmbH,Automotive,North America,PathWave Software,Website,['Customer'],1
L002202,Laura Lee,Broadcom GmbH,Electronics,North America,,Email Campaign,"['Website_Product_Page', 'DesignCon_Booth_Visit', 'Oscilloscope_Selector_Tool', 'Customer']",1
L002203,Michael Singh,Broad_Tech,Automotive,,,Webinar,"['Keysight_University_Course', 'MQL', 'Customer']",1
L002204,Chen Khan,,,LATAM,PathWave Software,,"['Lab_Integration_Discussion', 'Opportunity', 'LinkedIn_Ad_Click', 'AutoSens_Tech_Talk', 'LinkedIn_Ad_Click', 'Application_Engineer_Call', 'No_Conversion']",0
L002205,Hiroshi Khan,Qualc_Tech,,,,,"['MQL', 'Keysight_University_Course', 'LinkedIn_Ad_Click', 'Loaner_Unit_Evaluation', 'SQL', 'AutoSens_Tech_Talk', 'LinkedIn_Ad_Click', 'LinkedIn_Ad_Click', 'No_Conversion']",0
L002206,Laura Patel,Meta Connectivity Labs GmbH,Telecom,LATAM,Oscilloscopes,,"['Opportunity', 'AutoSens_Tech_Talk', 'DesignCon_Booth_Visit', 'Opportunity', 'LinkedIn_Ad_Click', 'Customer']",1
L002207,Laura Martinez,NXP Semiconductors GmbH,Aerospace,APAC,Oscilloscopes,Email Campaign,"['Keysight_Workshop_RF_Testing', 'No_Conversion']",0
L002208,Chen Patel,,,Europe,Oscilloscopes,LinkedIn,"['Application_Engineer_Call', 'Keysight_University_Course', 'Technical_Demo', 'No_Conversion']",0
L002209,Maria Ito,Qualcomm GmbH,,North America,PathWave Software,Webinar,"['Keysight_Workshop_RF_Testing', 'Lab_Integration_Discussion', 'AutoSens_Tech_Talk', 'Loaner_Unit_Evaluation', 'No_Conversion']",0
L002210,Sofia Martinez,Sony GmbH,,APAC,,LinkedIn,"['Opportunity', 'PathWave_Trial_Request', 'AutoSens_Tech_Talk', 'PathWave_Trial_Request', 'Customer']",1
L002211,Sarah Khan,,Automotive,,Oscilloscopes,LinkedIn,"['Whitepaper_Download_5G_Test', 'Oscilloscope_Selector_Tool', 'Whitepaper_Download_5G_Test', 'MQL', 'Technical_Demo', 'Lab_Integration_Discussion', 'Customer']",1
L002212,Ravi Ito,,Automotive,,Automotive Ethernet,Email Campaign,"['AutoSens_Tech_Talk', 'Website_Product_Page', 'PathWave_Trial_Request', 'LinkedIn_Ad_Click', 'Whitepaper_Download_5G_Test', 'SQL', 'Customer']",1
L002213,Michael Anders,Sony GmbH,Automotive,LATAM,,Sales Outreach,"['Technical_Demo', 'SQL', 'MQL', 'PathWave_Trial_Request', 'AutoSens_Tech_Talk', 'SQL', 'Website_Product_Page', 'Lab_Integration_Discussion', 'No_Conversion']",0
L002214,Laura Ito,,Aerospace,LATAM,Automotive Ethernet,Event,"['Website_Product_Page', 'No_Conversion']",0
L002215,Daniel Johnson,Bosch GmbH,Electronics,LATAM,Oscilloscopes,,"['DesignCon_Booth_Visit', 'Keysight_University_Course', 'Application_Engineer_Call', 'MQL', 'Loaner_Unit_Evaluation', 'LinkedIn_Ad_Click', 'Keysight_Workshop_RF_Testing', 'Technical_Demo', 'Website_Product_Page', 'MQL', 'No_Conversion']",0
L002216,Kenji Anders,NXPSe_Tech,Electronics,Europe,,Sales Outreach,"['Application_Engineer_Call', 'MQL', 'Website_Product_Page', 'No_Conversion']",0
L002217,Chen Khan,Sony_Tech,Automotive,Europe,Automotive Ethernet,,"['Loaner_Unit_Evaluation', 'Website_Product_Page', 'IMS_Badge_Scan', 'Oscilloscope_Selector_Tool', 'DesignCon_Booth_Visit', 'Lab_Integration_Discussion', 'Keysight_University_Course', 'No_Conversion']",0
L002218,Maria Singh,Infin_Tech,,,PathWave Software,LinkedIn,"['Lab_Integration_Discussion', 'Opportunity', 'DesignCon_Booth_Visit', 'Customer']",1
L002219,Sofia Lee,,,Europe,,Webinar,['Customer'],1
L002220,Sofia Patel,Samsu_Tech,Aerospace,APAC,PathWave Software,LinkedIn,"['Opportunity', 'SQL', 'PathWave_Trial_Request', 'Loaner_Unit_Evaluation', 'Opportunity', 'Loaner_Unit_Evaluation', 'Lab_Integration_Discussion', 'MQL', 'PathWave_Trial_Request', 'Loaner_Unit_Evaluation', 'No_Conversion']",0
L002221,Sofia Ito,NXP Semiconductors,Semiconductor,North America,5G Testbeds,Website,"['Technical_Demo', 'Customer']",1
L002222,Michael Martinez,Raytheon,Aerospace,,PathWave Software,Sales Outreach,"['Application_Engineer_Call', 'Keysight_University_Course', 'Application_Engineer_Call', 'Opportunity', 'MQL', 'Lab_Integration_Discussion', 'Website_Product_Page', 'Customer']",1
L002223,Priya Chen,Infineon,Semiconductor,APAC,,Email Campaign,"['Opportunity', 'Whitepaper_Download_5G_Test', 'Loaner_Unit_Evaluation', 'Keysight_University_Course', 'Customer']",1
L002224,Sarah Anders,Bosch,Aerospace,APAC,,Website,"['IMS_Badge_Scan', 'PathWave_Trial_Request', 'Opportunity', 'No_Conversion']",0
L002225,Ravi Lee,Meta Connectivity Labs,Electronics,APAC,PathWave Software,Event,"['Whitepaper_Download_5G_Test', 'DesignCon_Booth_Visit', 'IMS_Badge_Scan', 'AutoSens_Tech_Talk', 'IMS_Badge_Scan', 'DesignCon_Booth_Visit', 'No_Conversion']",0
L002226,Priya Anders,Bosch GmbH,Semiconductor,North America,,Webinar,"['MQL', 'PathWave_Trial_Request', 'MQL', 'MQL', 'DesignCon_Booth_Visit', 'Whitepaper_Download_5G_Test', 'Customer']",1
L002227,Priya Johnson,Infineon GmbH,Semiconductor,,,LinkedIn,['No_Conversion'],0
L002228,Hiroshi Chen,Sony_Tech,Aerospace,LATAM,,Event,"['Website_Product_Page', 'Opportunity', 'Keysight_Workshop_RF_Testing', 'SQL', 'Keysight_Workshop_RF_Testing', 'Keysight_Workshop_RF_Testing', 'SQL', 'Lab_Integration_Discussion', 'Lab_Integration_Discussion', 'PathWave_Trial_Request', 'Customer']",1
L002229,Hiroshi Garcia,Samsung Electronics,Automotive,Europe,PathWave Software,Email Campaign,"['Oscilloscope_Selector_Tool', 'Oscilloscope_Selector_Tool', 'Oscilloscope_Selector_Tool', 'AutoSens_Tech_Talk', 'Customer']",1
L002230,Maria Ito,Qualcomm,Electronics,LATAM,,Website,"['Whitepaper_Download_5G_Test', 'Application_Engineer_Call', 'DesignCon_Booth_Visit', 'Customer']",1
L002231,Ahmed Garcia,Samsu_Tech,Electronics,North America,,Website,"['Website_Product_Page', 'SQL', 'SQL', 'Oscilloscope_Selector_Tool', 'IMS_Badge_Scan', 'Opportunity', 'MQL', 'Technical_Demo', 'No_Conversion']",0
L002232,Maria Singh,Tesla Energy GmbH,Electronics,Europe,Oscilloscopes,Website,"['Lab_Integration_Discussion', 'Application_Engineer_Call', 'SQL', 'IMS_Badge_Scan', 'Oscilloscope_Selector_Tool', 'Application_Engineer_Call', 'DesignCon_Booth_Visit', 'AutoSens_Tech_Talk', 'Customer']",1
L002233,Ravi Singh,Sony,,Europe,,Event,"['SQL', 'Lab_Integration_Discussion', 'DesignCon_Booth_Visit', 'PathWave_Trial_Request', 'Whitepaper_Download_5G_Test', 'Customer']",1
L002234,Chen Patel,Qualc_Tech,Telecom,APAC,5G Testbeds,Webinar,"['AutoSens_Tech_Talk', 'Opportunity', 'SQL', 'LinkedIn_Ad_Click', 'No_Conversion']",0
L002235,,Rayth_Tech,Semiconductor,North America,PathWave Software,Webinar,['No_Conversion'],0
L002236,Laura Martinez,,Electronics,LATAM,,,"['Lab_Integration_Discussion', 'Website_Product_Page', 'AutoSens_Tech_Talk', 'LinkedIn_Ad_Click', 'AutoSens_Tech_Talk', 'PathWave_Trial_Request', 'Oscilloscope_Selector_Tool', 'No_Conversion']",0
L002237,Ravi Singh,,Automotive,,PathWave Software,Email Campaign,"['Technical_Demo', 'DesignCon_Booth_Visit', 'MQL', 'Customer']",1
L002238,Ahmed Singh,,,,,Webinar,['No_Conversion'],0
L002239,Chen Anders,Tesla Energy,Electronics,Europe,,LinkedIn,"['Application_Engineer_Call', 'Lab_Integration_Discussion', 'DesignCon_Booth_Visit', 'Keysight_Workshop_RF_Testing', 'Customer']",1
L002240,Maria Lee,NXP Semiconductors,Semiconductor,North America,Oscilloscopes,Sales Outreach,"['Opportunity', 'IMS_Badge_Scan', 'Lab_Integration_Discussion', 'Keysight_University_Course', 'Opportunity', 'Customer']",1
L002241,Sofia Williams,Samsung Electronics GmbH,Telecom,Europe,,Email Campaign,"['Lab_Integration_Discussion', 'Loaner_Unit_Evaluation', 'DesignCon_Booth_Visit', 'Oscilloscope_Selector_Tool', 'LinkedIn_Ad_Click', 'DesignCon_Booth_Visit', 'Customer']",1
L002242,,Infineon,Automotive,North America,Automotive Ethernet,Event,"['MQL', 'Keysight_Workshop_RF_Testing', 'DesignCon_Booth_Visit', 'Website_Product_Page', 'SQL', 'Whitepaper_Download_5G_Test', 'Loaner_Unit_Evaluation', 'No_Conversion']",0
L002243,Laura Tanaka,Samsu_Tech,Telecom,LATAM,Oscilloscopes,Email Campaign,"['Keysight_University_Course', 'Technical_Demo', 'Keysight_Workshop_RF_Testing', 'No_Conversion']",0
L002244,Hiroshi Williams,NXP Semiconductors,Aerospace,APAC,,Website,"['PathWave_Trial_Request', 'IMS_Badge_Scan', 'MQL', 'Website_Product_Page', 'Customer']",1
L002245,,Broadcom GmbH,Automotive,APAC,PathWave Software,,"['Whitepaper_Download_5G_Test', 'Customer']",1
L002246,Kenji Martinez,Samsung Electronics,,LATAM,PathWave Software,Webinar,"['Whitepaper_Download_5G_Test', 'AutoSens_Tech_Talk', 'Customer']",1
L002247,Kenji Tanaka,NXP Semiconductors GmbH,,North America,PathWave Software,LinkedIn,"['Website_Product_Page', 'PathWave_Trial_Request', 'LinkedIn_Ad_Click', 'Customer']",1
L002248,Priya Lee,NXP Semiconductors GmbH,Electronics,,Oscilloscopes,Email Campaign,"['AutoSens_Tech_Talk', 'LinkedIn_Ad_Click', 'IMS_Badge_Scan', 'Customer']",1
L002249,Sofia Martinez,,Automotive,LATAM,Automotive Ethernet,Email Campaign,"['IMS_Badge_Scan', 'Website_Product_Page', 'Application_Engineer_Call', 'Whitepaper_Download_5G_Test', 'Keysight_Workshop_RF_Testing', 'Application_Engineer_Call', 'No_Conversion']",0
L002250,Chen Singh,Sony_Tech,Electronics,APAC,PathWave Software,Website,"['IMS_Badge_Scan', 'Technical_Demo', 'Technical_Demo', 'No_Conversion']",0
L002251,,Tesla Energy GmbH,,Europe,,Sales Outreach,"['Lab_Integration_Discussion', 'Opportunity', 'Website_Product_Page', 'No_Conversion']",0
L002252,Laura Garcia,Samsu_Tech,Telecom,North America,PathWave Software,Sales Outreach,"['PathWave_Trial_Request', 'LinkedIn_Ad_Click', 'Keysight_Workshop_RF_Testing', 'Website_Product_Page', 'Customer']",1
L002253,Daniel Johnson,Tesla_Tech,Automotive,,5G Testbeds,Sales Outreach,"['Technical_Demo', 'MQL', 'Website_Product_Page', 'No_Conversion']",0
L002254,Maria Ito,,Semiconductor,,,Sales Outreach,"['Whitepaper_Download_5G_Test', 'DesignCon_Booth_Visit', 'AutoSens_Tech_Talk', 'Customer']",1
L002255,Ahmed Chen,Infineon GmbH,Semiconductor,North America,Automotive Ethernet,Event,"['Loaner_Unit_Evaluation', 'Website_Product_Page', 'Loaner_Unit_Evaluation', 'Customer']",1
L002256,Kenji Martinez,Qualcomm,Aerospace,APAC,5G Testbeds,Event,['No_Conversion'],0
L002257,Sofia Garcia,,,North America,,,"['Oscilloscope_Selector_Tool', 'Whitepaper_Download_5G_Test', 'MQL', 'Customer']",1
L002258,Priya Lee,Bosch,,APAC,,Sales Outreach,"['LinkedIn_Ad_Click', 'Whitepaper_Download_5G_Test', 'Keysight_Workshop_RF_Testing', 'Keysight_University_Course', 'Loaner_Unit_Evaluation', 'Customer']",1
L002259,Ahmed Martinez,Bosch,Semiconductor,,5G Testbeds,Website,"['PathWave_Trial_Request', 'IMS_Badge_Scan', 'Opportunity', 'MQL', 'No_Conversion']",0
L002260,Michael Chen,NXPSe_Tech,Telecom,Europe,,LinkedIn,"['PathWave_Trial_Request', 'Keysight_University_Course', 'AutoSens_Tech_Talk', 'Customer']",1
L002261,Kenji Patel,,,APAC,Oscilloscopes,Email Campaign,"['MQL', 'Oscilloscope_Selector_Tool', 'Customer']",1
L002262,Chen Tanaka,Tesla_Tech,,North America,,Event,"['Keysight_Workshop_RF_Testing', 'LinkedIn_Ad_Click', 'SQL', 'AutoSens_Tech_Talk', 'No_Conversion']",0
L002263,Ravi Anders,MetaC_Tech,,LATAM,5G Testbeds,Sales Outreach,"['Whitepaper_Download_5G_Test', 'Application_Engineer_Call', 'Application_Engineer_Call', 'Keysight_University_Course', 'Website_Product_Page', 'Application_Engineer_Call', 'Website_Product_Page', 'Lab_Integration_Discussion', 'Loaner_Unit_Evaluation', 'SQL', 'Customer']",1
L002264,Sofia Lee,Broadcom GmbH,Aerospace,APAC,Oscilloscopes,Webinar,"['PathWave_Trial_Request', 'Keysight_Workshop_RF_Testing', 'IMS_Badge_Scan', 'Customer']",1
L002265,Sarah Anders,Infin_Tech,,LATAM,,Sales Outreach,['Customer'],1
L002266,Kenji Patel,Sony,Semiconductor,APAC,5G Testbeds,Event,"['MQL', 'Whitepaper_Download_5G_Test', 'AutoSens_Tech_Talk', 'Oscilloscope_Selector_Tool', 'MQL', 'Lab_Integration_Discussion', 'Whitepaper_Download_5G_Test', 'Keysight_University_Course', 'No_Conversion']",0
L002267,Laura Tanaka,MetaC_Tech,Aerospace,,Oscilloscopes,Email Campaign,"['MQL', 'Website_Product_Page', 'LinkedIn_Ad_Click', 'No_Conversion']",0
L002268,Sarah Singh,Tesla Energy GmbH,Electronics,APAC,,Website,"['PathWave_Trial_Request', 'Application_Engineer_Call', 'PathWave_Trial_Request', 'Customer']",1
L002269,Michael Garcia,,,LATAM,Oscilloscopes,Email Campaign,"['Oscilloscope_Selector_Tool', 'MQL', 'Loaner_Unit_Evaluation', 'Whitepaper_Download_5G_Test', 'Customer']",1
L002270,Hiroshi Chen,NXP Semiconductors,Aerospace,,PathWave Software,Event,"['SQL', 'AutoSens_Tech_Talk', 'Website_Product_Page', 'Loaner_Unit_Evaluation', 'Loaner_Unit_Evaluation', 'Keysight_Workshop_RF_Testing', 'Website_Product_Page', 'Whitepaper_Download_5G_Test', 'Customer']",1
L002271,Daniel Williams,Broadcom GmbH,,LATAM,Oscilloscopes,Sales Outreach,['No_Conversion'],0
L002272,Sarah Martinez,,Semiconductor,APAC,5G Testbeds,Webinar,"['Loaner_Unit_Evaluation', 'Website_Product_Page', 'Loaner_Unit_Evaluation', 'IMS_Badge_Scan', 'Loaner_Unit_Evaluation', 'Website_Product_Page', 'DesignCon_Booth_Visit', 'AutoSens_Tech_Talk', 'PathWave_Trial_Request', 'PathWave_Trial_Request', 'No_Conversion']",0
L002273,Daniel Khan,Bosch_Tech,Semiconductor,APAC,5G Testbeds,Website,['No_Conversion'],0
L002274,Ravi Ito,Raytheon GmbH,Automotive,Europe,PathWave Software,Website,['Customer'],1
L002275,Priya Garcia,Qualcomm GmbH,Aerospace,North America,PathWave Software,Sales Outreach,"['Website_Product_Page', 'SQL', 'DesignCon_Booth_Visit', 'No_Conversion']",0
L002276,Michael Anders,NXP Semiconductors,,APAC,5G Testbeds,Sales Outreach,"['Website_Product_Page', 'Application_Engineer_Call', 'Oscilloscope_Selector_Tool', 'MQL', 'Website_Product_Page', 'Website_Product_Page', 'Loaner_Unit_Evaluation', 'Website_Product_Page', 'No_Conversion']",0
L002277,Chen Singh,Sony GmbH,,LATAM,,,"['PathWave_Trial_Request', 'Lab_Integration_Discussion', 'Whitepaper_Download_5G_Test', 'Loaner_Unit_Evaluation', 'Lab_Integration_Discussion', 'Loaner_Unit_Evaluation', 'No_Conversion']",0
L002278,,NXPSe_Tech,Automotive,APAC,,Webinar,"['LinkedIn_Ad_Click', 'IMS_Badge_Scan', 'AutoSens_Tech_Talk', 'AutoSens_Tech_Talk', 'Application_Engineer_Call', 'Application_Engineer_Call', 'Customer']",1
L002279,Kenji Lee,Sony,Automotive,LATAM,Automotive Ethernet,LinkedIn,"['Keysight_University_Course', 'Loaner_Unit_Evaluation', 'Keysight_University_Course', 'No_Conversion']",0
L002280,Daniel Ito,Broadcom GmbH,Automotive,,,Webinar,"['Website_Product_Page', 'Opportunity', 'IMS_Badge_Scan', 'Customer']",1
L002281,Sarah Garcia,Broadcom GmbH,Aerospace,LATAM,,Webinar,"['Website_Product_Page', 'DesignCon_Booth_Visit', 'Keysight_Workshop_RF_Testing', 'Loaner_Unit_Evaluation', 'Keysight_Workshop_RF_Testing', 'MQL', 'SQL', 'Customer']",1
L002282,Chen Khan,,Telecom,Europe,,,"['PathWave_Trial_Request', 'Opportunity', 'MQL', 'AutoSens_Tech_Talk', 'No_Conversion']",0
L002283,Kenji Garcia,Infineon GmbH,Telecom,North America,5G Testbeds,LinkedIn,"['Opportunity', 'MQL', 'Whitepaper_Download_5G_Test', 'MQL', 'Whitepaper_Download_5G_Test', 'IMS_Badge_Scan', 'Customer']",1
L002284,Chen Chen,,Aerospace,LATAM,,LinkedIn,"['Technical_Demo', 'SQL', 'Application_Engineer_Call', 'No_Conversion']",0
L002285,Hiroshi Ito,Raytheon GmbH,,Europe,PathWave Software,Email Campaign,"['SQL', 'Technical_Demo', 'SQL', 'Website_Product_Page', 'No_Conversion']",0
L002286,Daniel Khan,,Aerospace,LATAM,,,"['Lab_Integration_Discussion', 'Website_Product_Page', 'No_Conversion']",0
L002287,Sofia Lee,,Semiconductor,LATAM,,Sales Outreach,"['IMS_Badge_Scan', 'Loaner_Unit_Evaluation', 'SQL', 'Lab_Integration_Discussion', 'Oscilloscope_Selector_Tool', 'DesignCon_Booth_Visit', 'Website_Product_Page', 'Opportunity', 'LinkedIn_Ad_Click', 'Customer']",1
L002288,Kenji Ito,Infineon,Automotive,,Automotive Ethernet,Website,"['PathWave_Trial_Request', 'Website_Product_Page', 'LinkedIn_Ad_Click', 'No_Conversion']",0
L002289,Laura Garcia,Infin_Tech,Telecom,Europe,PathWave Software,Email Campaign,"['LinkedIn_Ad_Click', 'Customer']",1
L002290,,Tesla Energy,,LATAM,,Sales Outreach,"['Whitepaper_Download_5G_Test', 'PathWave_Trial_Request', 'Lab_Integration_Discussion', 'IMS_Badge_Scan', 'Oscilloscope_Selector_Tool', 'Opportunity', 'No_Conversion']",0
L002291,Maria Tanaka,MetaC_Tech,Aerospace,North America,,Email Campaign,"['Application_Engineer_Call', 'SQL', 'Application_Engineer_Call', 'No_Conversion']",0
L002292,Michael Williams,Broadcom GmbH,Aerospace,LATAM,5G Testbeds,Email Campaign,"['Lab_Integration_Discussion', 'DesignCon_Booth_Visit', 'LinkedIn_Ad_Click', 'IMS_Badge_Scan', 'LinkedIn_Ad_Click', 'No_Conversion']",0
L002293,Kenji Johnson,Qualc_Tech,,Europe,PathWave Software,Website,"['Website_Product_Page', 'LinkedIn_Ad_Click', 'No_Conversion']",0
L002294,Ahmed Anders,Bosch GmbH,,North America,5G Testbeds,LinkedIn,"['LinkedIn_Ad_Click', 'Keysight_Workshop_RF_Testing', 'AutoSens_Tech_Talk', 'Keysight_Workshop_RF_Testing', 'Lab_Integration_Discussion', 'Customer']",1
L002295,Sarah Patel,,Semiconductor,,5G Testbeds,Webinar,"['Lab_Integration_Discussion', 'Keysight_Workshop_RF_Testing', 'DesignCon_Booth_Visit', 'MQL', 'SQL', 'IMS_Badge_Scan', 'SQL', 'Application_Engineer_Call', 'Application_Engineer_Call', 'No_Conversion']",0
L002296,Maria Ito,Qualc_Tech,,Europe,,Sales Outreach,"['IMS_Badge_Scan', 'Keysight_Workshop_RF_Testing', 'PathWave_Trial_Request', 'PathWave_Trial_Request', 'Website_Product_Page', 'IMS_Badge_Scan', 'MQL', 'AutoSens_Tech_Talk', 'Keysight_University_Course', 'IMS_Badge_Scan', 'No_Conversion']",0
L002297,Michael Patel,Sony_Tech,,LATAM,5G Testbeds,Website,"['Oscilloscope_Selector_Tool', 'Loaner_Unit_Evaluation', 'Whitepaper_Download_5G_Test', 'Oscilloscope_Selector_Tool', 'Customer']",1
L002298,Hiroshi Ito,,Electronics,Europe,PathWave Software,,"['MQL', 'Website_Product_Page', 'Keysight_University_Course', 'SQL', 'LinkedIn_Ad_Click', 'No_Conversion']",0
L002299,Chen Chen,Sony_Tech,Automotive,,Automotive Ethernet,Webinar,"['Keysight_Workshop_RF_Testing', 'Keysight_University_Course', 'LinkedIn_Ad_Click', 'SQL', 'Customer']",1
L002300,Kenji Patel,Samsung Electronics,,APAC,5G Testbeds,Sales Outreach,"['Keysight_University_Course', 'IMS_Badge_Scan', 'MQL', 'Opportunity', 'No_Conversion']",0
L002301,Kenji Chen,Bosch GmbH,Aerospace,Europe,,Event,['No_Conversion'],0
L002302,Hiroshi Singh,Sony GmbH,,Europe,Automotive Ethernet,,"['PathWave_Trial_Request', 'Website_Product_Page', 'No_Conversion']",0
L002303,Michael Singh,Meta Connectivity Labs,Automotive,Europe,Automotive Ethernet,Webinar,"['IMS_Badge_Scan', 'AutoSens_Tech_Talk', 'MQL', 'Loaner_Unit_Evaluation', 'DesignCon_Booth_Visit', 'Whitepaper_Download_5G_Test', 'No_Conversion']",0
L002304,Michael Ito,Broadcom GmbH,Electronics,North America,,Website,"['PathWave_Trial_Request', 'MQL', 'Website_Product_Page', 'DesignCon_Booth_Visit', 'Application_Engineer_Call', 'Customer']",1
L002305,Hiroshi Ito,Rayth_Tech,,North America,Automotive Ethernet,LinkedIn,"['DesignCon_Booth_Visit', 'Application_Engineer_Call', 'Lab_Integration_Discussion', 'AutoSens_Tech_Talk', 'Opportunity', 'Whitepaper_Download_5G_Test', 'Customer']",1
L002306,Priya Ito,Raytheon GmbH,,,5G Testbeds,Sales Outreach,"['SQL', 'Keysight_Workshop_RF_Testing', 'Opportunity', 'Application_Engineer_Call', 'SQL', 'SQL', 'No_Conversion']",0
L002307,Hiroshi Williams,Rayth_Tech,Aerospace,North America,,,"['SQL', 'AutoSens_Tech_Talk', 'No_Conversion']",0
L002308,Kenji Tanaka,Meta Connectivity Labs GmbH,,North America,,Sales Outreach,"['Oscilloscope_Selector_Tool', 'Opportunity', 'AutoSens_Tech_Talk', 'MQL', 'Whitepaper_Download_5G_Test', 'No_Conversion']",0
L002309,Michael Johnson,MetaC_Tech,,LATAM,Oscilloscopes,Webinar,"['Keysight_University_Course', 'Whitepaper_Download_5G_Test', 'Whitepaper_Download_5G_Test', 'Whitepaper_Download_5G_Test', 'LinkedIn_Ad_Click', 'Keysight_University_Course', 'Customer']",1
L002310,Sofia Garcia,Samsung Electronics,Automotive,APAC,5G Testbeds,Event,"['Oscilloscope_Selector_Tool', 'AutoSens_Tech_Talk', 'Lab_Integration_Discussion', 'No_Conversion']",0
L002311,Daniel Tanaka,Qualcomm,Semiconductor,North America,Automotive Ethernet,Email Campaign,"['LinkedIn_Ad_Click', 'Whitepaper_Download_5G_Test', 'DesignCon_Booth_Visit', 'Keysight_Workshop_RF_Testing', 'AutoSens_Tech_Talk', 'AutoSens_Tech_Talk', 'No_Conversion']",0
L002312,Daniel Tanaka,Samsu_Tech,Aerospace,LATAM,,,['No_Conversion'],0
L002313,Laura Chen,Tesla Energy,Aerospace,North America,Oscilloscopes,Sales Outreach,"['Keysight_University_Course', 'Loaner_Unit_Evaluation', 'Oscilloscope_Selector_Tool', 'Keysight_University_Course', 'LinkedIn_Ad_Click', 'Application_Engineer_Call', 'MQL', 'MQL', 'Loaner_Unit_Evaluation', 'SQL', 'Customer']",1
L002314,Sofia Garcia,Qualcomm,,Europe,Oscilloscopes,Event,"['Keysight_University_Course', 'LinkedIn_Ad_Click', 'Website_Product_Page', 'PathWave_Trial_Request', 'No_Conversion']",0
L002315,Priya Tanaka,Bosch GmbH,Telecom,Europe,Oscilloscopes,Email Campaign,"['Application_Engineer_Call', 'Loaner_Unit_Evaluation', 'Customer']",1
L002316,Laura Khan,NXP Semiconductors GmbH,Automotive,LATAM,Automotive Ethernet,Webinar,"['IMS_Badge_Scan', 'DesignCon_Booth_Visit', 'Keysight_University_Course', 'Keysight_Workshop_RF_Testing', 'LinkedIn_Ad_Click', 'Keysight_Workshop_RF_Testing', 'PathWave_Trial_Request', 'Technical_Demo', 'Oscilloscope_Selector_Tool', 'No_Conversion']",0
L002317,Sarah Williams,,,Europe,Automotive Ethernet,LinkedIn,"['LinkedIn_Ad_Click', 'SQL', 'No_Conversion']",0
L002318,,Bosch GmbH,Electronics,APAC,5G Testbeds,Email Campaign,"['Keysight_University_Course', 'LinkedIn_Ad_Click', 'Lab_Integration_Discussion', 'PathWave_Trial_Request', 'Loaner_Unit_Evaluation', 'PathWave_Trial_Request', 'IMS_Badge_Scan', 'Lab_Integration_Discussion', 'Technical_Demo', 'AutoSens_Tech_Talk', 'No_Conversion']",0
L002319,Laura Williams,,Automotive,LATAM,,,"['LinkedIn_Ad_Click', 'SQL', 'DesignCon_Booth_Visit', 'Keysight_Workshop_RF_Testing', 'No_Conversion']",0
L002320,,Broadcom GmbH,,Europe,PathWave Software,Event,"['Oscilloscope_Selector_Tool', 'Lab_Integration_Discussion', 'Technical_Demo', 'AutoSens_Tech_Talk', 'No_Conversion']",0
L002321,Kenji Lee,Broadcom GmbH,Electronics,,Automotive Ethernet,Website,"['Website_Product_Page', 'No_Conversion']",0
L002322,,Broadcom GmbH,Aerospace,APAC,5G Testbeds,Email Campaign,"['LinkedIn_Ad_Click', 'Customer']",1
L002323,Michael Tanaka,MetaC_Tech,Aerospace,North America,,Email Campaign,"['PathWave_Trial_Request', 'Lab_Integration_Discussion', 'Whitepaper_Download_5G_Test', 'Website_Product_Page', 'Application_Engineer_Call', 'Technical_Demo', 'Application_Engineer_Call', 'SQL', 'AutoSens_Tech_Talk', 'Customer']",1
L002324,Ahmed Khan,Infineon GmbH,Aerospace,LATAM,Oscilloscopes,Webinar,['Customer'],1
L002325,,Meta Connectivity Labs,,Europe,PathWave Software,Email Campaign,"['Keysight_University_Course', 'Application_Engineer_Call', 'Whitepaper_Download_5G_Test', 'DesignCon_Booth_Visit', 'LinkedIn_Ad_Click', 'Opportunity', 'Customer']",1
L002326,Chen Williams,,Telecom,,,Website,"['PathWave_Trial_Request', 'Keysight_Workshop_RF_Testing', 'AutoSens_Tech_Talk', 'Opportunity', 'PathWave_Trial_Request', 'DesignCon_Booth_Visit', 'Customer']",1
L002327,Sarah Tanaka,Qualcomm,Telecom,APAC,,Event,"['DesignCon_Booth_Visit', 'AutoSens_Tech_Talk', 'Technical_Demo', 'DesignCon_Booth_Visit', 'AutoSens_Tech_Talk', 'DesignCon_Booth_Visit', 'No_Conversion']",0
L002328,Sarah Chen,Qualc_Tech,Telecom,APAC,,Email Campaign,"['DesignCon_Booth_Visit', 'No_Conversion']",0
L002329,Kenji Johnson,Raytheon GmbH,,LATAM,,Sales Outreach,"['Website_Product_Page', 'DesignCon_Booth_Visit', 'Whitepaper_Download_5G_Test', 'Oscilloscope_Selector_Tool', 'Loaner_Unit_Evaluation', 'SQL', 'No_Conversion']",0
L002330,,Qualcomm GmbH,Automotive,Europe,PathWave Software,Website,"['Opportunity', 'LinkedIn_Ad_Click', 'Loaner_Unit_Evaluation', 'MQL', 'IMS_Badge_Scan', 'PathWave_Trial_Request', 'Technical_Demo', 'Technical_Demo', 'No_Conversion']",0
L002331,Sofia Anders,Samsung Electronics,Semiconductor,Europe,,Website,"['Opportunity', 'Keysight_Workshop_RF_Testing', 'DesignCon_Booth_Visit', 'No_Conversion']",0
L002332,Maria Khan,Samsung Electronics GmbH,Aerospace,,PathWave Software,Sales Outreach,"['MQL', 'AutoSens_Tech_Talk', 'Application_Engineer_Call', 'Opportunity', 'Oscilloscope_Selector_Tool', 'Customer']",1
L002333,,NXPSe_Tech,Aerospace,,Automotive Ethernet,Sales Outreach,"['Oscilloscope_Selector_Tool', 'Whitepaper_Download_5G_Test', 'Lab_Integration_Discussion', 'Whitepaper_Download_5G_Test', 'Customer']",1
L002334,Priya Williams,Infineon,,LATAM,PathWave Software,LinkedIn,"['MQL', 'Technical_Demo', 'PathWave_Trial_Request', 'Customer']",1
L002335,Sarah Khan,,Electronics,,Automotive Ethernet,Webinar,"['Application_Engineer_Call', 'No_Conversion']",0
L002336,Hiroshi Singh,Rayth_Tech,Telecom,,,Sales Outreach,"['Website_Product_Page', 'Whitepaper_Download_5G_Test', 'Customer']",1
L002337,,NXPSe_Tech,Electronics,APAC,Oscilloscopes,Email Campaign,"['LinkedIn_Ad_Click', 'PathWave_Trial_Request', 'Technical_Demo', 'Loaner_Unit_Evaluation', 'Keysight_Workshop_RF_Testing', 'DesignCon_Booth_Visit', 'Loaner_Unit_Evaluation', 'Application_Engineer_Call', 'MQL', 'No_Conversion']",0
L002338,,Qualcomm,Telecom,APAC,,Email Campaign,"['MQL', 'Opportunity', 'Application_Engineer_Call', 'No_Conversion']",0
L002339,Sarah Khan,Qualcomm GmbH,Electronics,North America,Automotive Ethernet,Webinar,"['Application_Engineer_Call', 'Customer']",1
L002340,Priya Khan,Qualcomm GmbH,,Europe,Automotive Ethernet,Event,['No_Conversion'],0
L002341,Kenji Ito,,Semiconductor,LATAM,PathWave Software,Sales Outreach,"['Website_Product_Page', 'AutoSens_Tech_Talk', 'LinkedIn_Ad_Click', 'LinkedIn_Ad_Click', 'LinkedIn_Ad_Click', 'Lab_Integration_Discussion', 'Website_Product_Page', 'DesignCon_Booth_Visit', 'AutoSens_Tech_Talk', 'No_Conversion']",0
L002342,Chen Martinez,Raytheon GmbH,Telecom,,Oscilloscopes,Event,"['Keysight_University_Course', 'Whitepaper_Download_5G_Test', 'Keysight_Workshop_RF_Testing', 'No_Conversion']",0
L002343,Kenji Singh,NXP Semiconductors GmbH,,APAC,,Webinar,"['PathWave_Trial_Request', 'AutoSens_Tech_Talk', 'Opportunity', 'Customer']",1
L002344,Laura Johnson,,Aerospace,APAC,,LinkedIn,"['Lab_Integration_Discussion', 'Application_Engineer_Call', 'PathWave_Trial_Request', 'PathWave_Trial_Request', 'Keysight_University_Course', 'Whitepaper_Download_5G_Test', 'No_Conversion']",0
L002345,Ravi Lee,,Telecom,Europe,Oscilloscopes,Website,"['LinkedIn_Ad_Click', 'No_Conversion']",0
L002346,Priya Johnson,Raytheon,,APAC,,Website,"['Whitepaper_Download_5G_Test', 'Customer']",1
L002347,Hiroshi Ito,,Aerospace,North America,Automotive Ethernet,Sales Outreach,"['LinkedIn_Ad_Click', 'MQL', 'Oscilloscope_Selector_Tool', 'No_Conversion']",0
L002348,Daniel Khan,,,LATAM,PathWave Software,Webinar,"['Opportunity', 'SQL', 'Loaner_Unit_Evaluation', 'No_Conversion']",0
L002349,Priya Lee,NXP Semiconductors GmbH,Electronics,North America,,Event,"['IMS_Badge_Scan', 'Oscilloscope_Selector_Tool', 'Opportunity', 'Whitepaper_Download_5G_Test', 'Whitepaper_Download_5G_Test', 'No_Conversion']",0
L002350,,Meta Connectivity Labs GmbH,Aerospace,APAC,Automotive Ethernet,,"['Whitepaper_Download_5G_Test', 'Application_Engineer_Call', 'Lab_Integration_Discussion', 'LinkedIn_Ad_Click', 'IMS_Badge_Scan', 'DesignCon_Booth_Visit', 'Keysight_Workshop_RF_Testing', 'Customer']",1
L002351,Maria Garcia,Sony GmbH,,,,LinkedIn,"['AutoSens_Tech_Talk', 'MQL', 'Customer']",1
L002352,Hiroshi Garcia,Raytheon,,APAC,Oscilloscopes,Event,"['Keysight_Workshop_RF_Testing', 'Loaner_Unit_Evaluation', 'Application_Engineer_Call', 'Application_Engineer_Call', 'DesignCon_Booth_Visit', 'Keysight_University_Course', 'Customer']",1
L002353,Laura Khan,Meta Connectivity Labs,,APAC,Oscilloscopes,Email Campaign,"['PathWave_Trial_Request', 'Whitepaper_Download_5G_Test', 'IMS_Badge_Scan', 'PathWave_Trial_Request', 'No_Conversion']",0
L002354,Ahmed Singh,Bosch GmbH,Automotive,North America,5G Testbeds,Website,"['Website_Product_Page', 'DesignCon_Booth_Visit', 'Application_Engineer_Call', 'No_Conversion']",0
L002355,Priya Chen,NXPSe_Tech,Electronics,,Oscilloscopes,Website,"['SQL', 'Opportunity', 'Loaner_Unit_Evaluation', 'MQL', 'PathWave_Trial_Request', 'MQL', 'Customer']",1
L002356,Sofia Johnson,,Telecom,LATAM,5G Testbeds,Website,"['Keysight_University_Course', 'Keysight_Workshop_RF_Testing', 'IMS_Badge_Scan', 'Technical_Demo', 'Customer']",1
L002357,Laura Ito,Bosch,,North America,Oscilloscopes,Website,['Customer'],1
L002358,Priya Williams,Sony_Tech,,LATAM,Oscilloscopes,Event,"['Keysight_University_Course', 'MQL', 'Website_Product_Page', 'DesignCon_Booth_Visit', 'Keysight_Workshop_RF_Testing', 'No_Conversion']",0
L002359,Maria Patel,Bosch GmbH,,Europe,PathWave Software,,"['AutoSens_Tech_Talk', 'PathWave_Trial_Request', 'Whitepaper_Download_5G_Test', 'No_Conversion']",0
L002360,Kenji Garcia,,,LATAM,Oscilloscopes,Event,"['LinkedIn_Ad_Click', 'MQL', 'SQL', 'Keysight_Workshop_RF_Testing', 'SQL', 'Whitepaper_Download_5G_Test', 'AutoSens_Tech_Talk', 'Technical_Demo', 'Keysight_Workshop_RF_Testing', 'Customer']",1
L002361,,Tesla Energy,Automotive,APAC,,,['No_Conversion'],0
L002362,Priya Singh,Raytheon,,,5G Testbeds,Event,"['Oscilloscope_Selector_Tool', 'No_Conversion']",0
L002363,Sofia Williams,Bosch,Aerospace,LATAM,,Website,"['Website_Product_Page', 'Lab_Integration_Discussion', 'Keysight_University_Course', 'No_Conversion']",0
L002364,Kenji Chen,Broadcom,Telecom,,PathWave Software,LinkedIn,"['LinkedIn_Ad_Click', 'Application_Engineer_Call', 'Oscilloscope_Selector_Tool', 'LinkedIn_Ad_Click', 'SQL', 'DesignCon_Booth_Visit', 'MQL', 'Keysight_Workshop_RF_Testing', 'Oscilloscope_Selector_Tool', 'Customer']",1
L002365,Sofia Martinez,Infineon GmbH,Electronics,Europe,,,"['Oscilloscope_Selector_Tool', 'Loaner_Unit_Evaluation', 'Customer']",1
L002366,Ravi Garcia,Infin_Tech,,,PathWave Software,Email Campaign,"['Application_Engineer_Call', 'Website_Product_Page', 'Technical_Demo', 'No_Conversion']",0
L002367,Kenji Garcia,Sony_Tech,Aerospace,Europe,,Email Campaign,"['Website_Product_Page', 'No_Conversion']",0
L002368,Sofia Garcia,Raytheon,Aerospace,North America,Oscilloscopes,Sales Outreach,"['Opportunity', 'Keysight_Workshop_RF_Testing', 'PathWave_Trial_Request', 'LinkedIn_Ad_Click', 'LinkedIn_Ad_Click', 'Loaner_Unit_Evaluation', 'IMS_Badge_Scan', 'AutoSens_Tech_Talk', 'DesignCon_Booth_Visit', 'Customer']",1
L002369,Sarah Khan,Sony GmbH,Semiconductor,North America,,Email Campaign,"['SQL', 'Loaner_Unit_Evaluation', 'Technical_Demo', 'IMS_Badge_Scan', 'No_Conversion']",0
L002370,Sofia Chen,,Semiconductor,Europe,,Webinar,"['IMS_Badge_Scan', 'Loaner_Unit_Evaluation', 'Website_Product_Page', 'Customer']",1
L002371,Ravi Martinez,,Automotive,LATAM,,Webinar,"['Lab_Integration_Discussion', 'Whitepaper_Download_5G_Test', 'Application_Engineer_Call', 'Customer']",1
L002372,Ahmed Chen,Qualcomm,,,PathWave Software,Email Campaign,"['Application_Engineer_Call', 'Keysight_Workshop_RF_Testing', 'Lab_Integration_Discussion', 'Customer']",1
L002373,Priya Ito,Samsu_Tech,Semiconductor,APAC,Oscilloscopes,Webinar,"['Whitepaper_Download_5G_Test', 'Technical_Demo', 'Application_Engineer_Call', 'Oscilloscope_Selector_Tool', 'PathWave_Trial_Request', 'Technical_Demo', 'Technical_Demo', 'Whitepaper_Download_5G_Test', 'Opportunity', 'Loaner_Unit_Evaluation', 'No_Conversion']",0
L002374,Daniel Chen,Qualcomm,,,,,"['Loaner_Unit_Evaluation', 'AutoSens_Tech_Talk', 'Website_Product_Page', 'AutoSens_Tech_Talk', 'Keysight_Workshop_RF_Testing', 'Technical_Demo', 'No_Conversion']",0
L002375,Priya Martinez,Tesla Energy GmbH,,,PathWave Software,Event,"['PathWave_Trial_Request', 'IMS_Badge_Scan', 'AutoSens_Tech_Talk', 'AutoSens_Tech_Talk', 'Oscilloscope_Selector_Tool', 'PathWave_Trial_Request', 'Keysight_Workshop_RF_Testing', 'Technical_Demo', 'Technical_Demo', 'SQL', 'No_Conversion']",0
L002376,Chen Martinez,Sony GmbH,,LATAM,PathWave Software,Website,['No_Conversion'],0
L002377,Hiroshi Williams,Infineon,Automotive,LATAM,,Website,"['Lab_Integration_Discussion', 'AutoSens_Tech_Talk', 'Opportunity', 'No_Conversion']",0
L002378,Hiroshi Khan,Tesla Energy,Electronics,,,LinkedIn,"['AutoSens_Tech_Talk', 'IMS_Badge_Scan', 'No_Conversion']",0
L002379,Ahmed Martinez,Infin_Tech,Semiconductor,North America,Automotive Ethernet,Email Campaign,"['Application_Engineer_Call', 'PathWave_Trial_Request', 'Opportunity', 'No_Conversion']",0
L002380,Chen Chen,Infineon,Semiconductor,North America,,Email Campaign,"['Website_Product_Page', 'Lab_Integration_Discussion', 'DesignCon_Booth_Visit', 'Website_Product_Page', 'LinkedIn_Ad_Click', 'No_Conversion']",0
L002381,Ahmed Khan,,,Europe,,Sales Outreach,"['SQL', 'Oscilloscope_Selector_Tool', 'IMS_Badge_Scan', 'Keysight_Workshop_RF_Testing', 'DesignCon_Booth_Visit', 'Customer']",1
L002382,Maria Khan,Bosch GmbH,,APAC,,,"['MQL', 'IMS_Badge_Scan', 'Website_Product_Page', 'IMS_Badge_Scan', 'Technical_Demo', 'Keysight_Workshop_RF_Testing', 'AutoSens_Tech_Talk', 'Application_Engineer_Call', 'Customer']",1
L002383,Hiroshi Singh,MetaC_Tech,Automotive,,,Webinar,"['Keysight_University_Course', 'Keysight_Workshop_RF_Testing', 'No_Conversion']",0
L002384,Hiroshi Chen,Sony_Tech,Semiconductor,North America,,Event,['No_Conversion'],0
L002385,Priya Lee,,,,Oscilloscopes,Webinar,"['SQL', 'PathWave_Trial_Request', 'MQL', 'Oscilloscope_Selector_Tool', 'LinkedIn_Ad_Click', 'LinkedIn_Ad_Click', 'Website_Product_Page', 'SQL', 'No_Conversion']",0
L002386,Kenji Garcia,NXP Semiconductors,Semiconductor,Europe,5G Testbeds,,"['Website_Product_Page', 'No_Conversion']",0
L002387,Maria Khan,,,,,,"['Opportunity', 'Whitepaper_Download_5G_Test', 'PathWave_Trial_Request', 'Technical_Demo', 'No_Conversion']",0
L002388,Daniel Garcia,,Semiconductor,,,Webinar,"['Application_Engineer_Call', 'PathWave_Trial_Request', 'LinkedIn_Ad_Click', 'DesignCon_Booth_Visit', 'SQL', 'IMS_Badge_Scan', 'Customer']",1
L002389,Daniel Martinez,,Telecom,Europe,Automotive Ethernet,Sales Outreach,"['SQL', 'DesignCon_Booth_Visit', 'SQL', 'Oscilloscope_Selector_Tool', 'AutoSens_Tech_Talk', 'Whitepaper_Download_5G_Test', 'SQL', 'AutoSens_Tech_Talk', 'Technical_Demo', 'Customer']",1
L002390,Laura Ito,,Telecom,North America,PathWave Software,Email Campaign,"['SQL', 'MQL', 'Application_Engineer_Call', 'MQL', 'LinkedIn_Ad_Click', 'Keysight_Workshop_RF_Testing', 'Technical_Demo', 'MQL', 'No_Conversion']",0
L002391,Maria Ito,Bosch,,,,Email Campaign,"['Whitepaper_Download_5G_Test', 'Customer']",1
L002392,Laura Williams,,Aerospace,,,Email Campaign,"['Application_Engineer_Call', 'SQL', 'Lab_Integration_Discussion', 'LinkedIn_Ad_Click', 'Customer']",1
L002393,,Sony,Automotive,,,Webinar,['No_Conversion'],0
L002394,Hiroshi Patel,,Aerospace,North America,5G Testbeds,,"['Keysight_Workshop_RF_Testing', 'Loaner_Unit_Evaluation', 'Application_Engineer_Call', 'No_Conversion']",0
L002395,Daniel Anders,,,Europe,PathWave Software,LinkedIn,"['Technical_Demo', 'Whitepaper_Download_5G_Test', 'Lab_Integration_Discussion', 'DesignCon_Booth_Visit', 'Application_Engineer_Call', 'DesignCon_Booth_Visit', 'Customer']",1
L002396,Sarah Anders,Rayth_Tech,,,5G Testbeds,Webinar,"['Website_Product_Page', 'MQL', 'Customer']",1
L002397,Ravi Johnson,Bosch,Aerospace,LATAM,Oscilloscopes,Sales Outreach,"['AutoSens_Tech_Talk', 'Website_Product_Page', 'SQL', 'Website_Product_Page', 'Oscilloscope_Selector_Tool', 'Customer']",1
L002398,,,Aerospace,LATAM,5G Testbeds,Event,"['Lab_Integration_Discussion', 'Keysight_University_Course', 'Oscilloscope_Selector_Tool', 'MQL', 'SQL', 'Keysight_University_Course', 'No_Conversion']",0
L002399,Priya Patel,Samsung Electronics GmbH,Aerospace,,Oscilloscopes,Event,"['DesignCon_Booth_Visit', 'Whitepaper_Download_5G_Test', 'LinkedIn_Ad_Click', 'Oscilloscope_Selector_Tool', 'DesignCon_Booth_Visit', 'DesignCon_Booth_Visit', 'Keysight_Workshop_RF_Testing', 'Customer']",1
L002400,Chen Patel,,Telecom,,,,"['SQL', 'Keysight_University_Course', 'MQL', 'LinkedIn_Ad_Click', 'SQL', 'MQL', 'Loaner_Unit_Evaluation', 'LinkedIn_Ad_Click', 'LinkedIn_Ad_Click', 'Customer']",1
L002401,Hiroshi Singh,MetaC_Tech,Telecom,,Oscilloscopes,Email Campaign,['Customer'],1
L002402,Chen Lee,NXP Semiconductors GmbH,Semiconductor,Europe,,,['Customer'],1
L002403,Priya Garcia,Samsu_Tech,Telecom,Europe,,LinkedIn,"['Opportunity', 'IMS_Badge_Scan', 'Whitepaper_Download_5G_Test', 'Opportunity', 'LinkedIn_Ad_Click', 'Lab_Integration_Discussion', 'SQL', 'MQL', 'No_Conversion']",0
L002404,,Raytheon,Semiconductor,APAC,5G Testbeds,Webinar,"['Application_Engineer_Call', 'IMS_Badge_Scan', 'Oscilloscope_Selector_Tool', 'Technical_Demo', 'Keysight_Workshop_RF_Testing', 'Whitepaper_Download_5G_Test', 'Keysight_University_Course', 'No_Conversion']",0
L002405,Kenji Garcia,Infin_Tech,Aerospace,,Automotive Ethernet,Email Campaign,"['Lab_Integration_Discussion', 'Opportunity', 'Application_Engineer_Call', 'Customer']",1
L002406,,Samsu_Tech,Telecom,North America,,,"['Lab_Integration_Discussion', 'Technical_Demo', 'Technical_Demo', 'No_Conversion']",0
L002407,Ravi Lee,NXP Semiconductors,,APAC,,Sales Outreach,"['PathWave_Trial_Request', 'Whitepaper_Download_5G_Test', 'Customer']",1
L002408,Kenji Patel,Qualcomm,Telecom,,Automotive Ethernet,Website,"['Technical_Demo', 'AutoSens_Tech_Talk', 'Oscilloscope_Selector_Tool', 'Opportunity', 'Technical_Demo', 'Customer']",1
L002409,Michael Khan,,Semiconductor,Europe,Automotive Ethernet,Email Campaign,"['Application_Engineer_Call', 'MQL', 'Keysight_Workshop_RF_Testing', 'Keysight_University_Course', 'Lab_Integration_Discussion', 'Customer']",1
L002410,Ravi Anders,Sony_Tech,,North America,Oscilloscopes,Website,"['Loaner_Unit_Evaluation', 'Keysight_Workshop_RF_Testing', 'Lab_Integration_Discussion', 'Loaner_Unit_Evaluation', 'No_Conversion']",0
L002411,Sofia Lee,Tesla Energy,Aerospace,LATAM,Automotive Ethernet,Email Campaign,"['Loaner_Unit_Evaluation', 'Lab_Integration_Discussion', 'Customer']",1
L002412,Maria Ito,,,North America,,Event,"['LinkedIn_Ad_Click', 'Technical_Demo', 'PathWave_Trial_Request', 'Customer']",1
L002413,Ravi Johnson,Sony,Automotive,APAC,PathWave Software,Event,"['MQL', 'No_Conversion']",0
L002414,Chen Chen,,Telecom,APAC,,Webinar,"['Loaner_Unit_Evaluation', 'AutoSens_Tech_Talk', 'Technical_Demo', 'MQL', 'Oscilloscope_Selector_Tool', 'MQL', 'No_Conversion']",0
L002415,Priya Anders,NXPSe_Tech,Electronics,Europe,5G Testbeds,Email Campaign,"['Keysight_Workshop_RF_Testing', 'Technical_Demo', 'Opportunity', 'DesignCon_Booth_Visit', 'Technical_Demo', 'Technical_Demo', 'AutoSens_Tech_Talk', 'AutoSens_Tech_Talk', 'AutoSens_Tech_Talk', 'PathWave_Trial_Request', 'No_Conversion']",0
L002416,Sarah Anders,,,North America,,Sales Outreach,"['IMS_Badge_Scan', 'Lab_Integration_Discussion', 'Oscilloscope_Selector_Tool', 'Website_Product_Page', 'Loaner_Unit_Evaluation', 'MQL', 'No_Conversion']",0
L002417,Chen Tanaka,,,,Oscilloscopes,Website,"['Website_Product_Page', 'Lab_Integration_Discussion', 'Opportunity', 'Customer']",1
L002418,Laura Anders,Samsung Electronics,Semiconductor,North America,PathWave Software,Event,"['Whitepaper_Download_5G_Test', 'Website_Product_Page', 'DesignCon_Booth_Visit', 'Loaner_Unit_Evaluation', 'Website_Product_Page', 'MQL', 'No_Conversion']",0
L002419,Sarah Anders,Samsung Electronics,Semiconductor,,PathWave Software,Email Campaign,"['Technical_Demo', 'PathWave_Trial_Request', 'Application_Engineer_Call', 'AutoSens_Tech_Talk', 'Opportunity', 'No_Conversion']",0
L002420,Ahmed Garcia,Meta Connectivity Labs GmbH,Aerospace,APAC,PathWave Software,Event,"['Opportunity', 'PathWave_Trial_Request', 'Opportunity', 'SQL', 'MQL', 'Technical_Demo', 'Whitepaper_Download_5G_Test', 'Whitepaper_Download_5G_Test', 'No_Conversion']",0
L002421,,MetaC_Tech,Automotive,North America,,Website,"['Website_Product_Page', 'Lab_Integration_Discussion', 'AutoSens_Tech_Talk', 'SQL', 'Keysight_University_Course', 'SQL', 'AutoSens_Tech_Talk', 'Loaner_Unit_Evaluation', 'PathWave_Trial_Request', 'Opportunity', 'Customer']",1
L002422,Daniel Tanaka,Bosch GmbH,,APAC,Oscilloscopes,Sales Outreach,"['AutoSens_Tech_Talk', 'Application_Engineer_Call', 'Whitepaper_Download_5G_Test', 'Application_Engineer_Call', 'No_Conversion']",0
L002423,Ravi Williams,Samsung Electronics GmbH,,LATAM,Oscilloscopes,Sales Outreach,"['MQL', 'Website_Product_Page', 'Opportunity', 'Loaner_Unit_Evaluation', 'LinkedIn_Ad_Click', 'Keysight_Workshop_RF_Testing', 'Customer']",1
L002424,Sarah Patel,Qualc_Tech,Electronics,Europe,,Email Campaign,"['Keysight_University_Course', 'Oscilloscope_Selector_Tool', 'Whitepaper_Download_5G_Test', 'Customer']",1
L002425,Sarah Ito,Meta Connectivity Labs,Electronics,,PathWave Software,Sales Outreach,"['Whitepaper_Download_5G_Test', 'Loaner_Unit_Evaluation', 'No_Conversion']",0
L002426,,Broadcom,,,Automotive Ethernet,Sales Outreach,"['Whitepaper_Download_5G_Test', 'Loaner_Unit_Evaluation', 'Oscilloscope_Selector_Tool', 'Opportunity', 'DesignCon_Booth_Visit', 'Keysight_University_Course', 'Application_Engineer_Call', 'PathWave_Trial_Request', 'Technical_Demo', 'Customer']",1
L002427,,,Aerospace,Europe,Oscilloscopes,Sales Outreach,"['Website_Product_Page', 'Technical_Demo', 'Customer']",1
L002428,Sarah Chen,NXPSe_Tech,,,Automotive Ethernet,LinkedIn,"['Application_Engineer_Call', 'SQL', 'No_Conversion']",0
L002429,,Sony GmbH,,APAC,PathWave Software,Email Campaign,"['LinkedIn_Ad_Click', 'No_Conversion']",0
L002430,,Sony,,LATAM,PathWave Software,,"['PathWave_Trial_Request', 'Customer']",1
L002431,Chen Ito,,Aerospace,APAC,PathWave Software,Sales Outreach,"['SQL', 'PathWave_Trial_Request', 'Keysight_University_Course', 'Customer']",1
L002432,Hiroshi Patel,Meta Connectivity Labs GmbH,Electronics,APAC,5G Testbeds,Sales Outreach,"['Technical_Demo', 'DesignCon_Booth_Visit', 'IMS_Badge_Scan', 'Loaner_Unit_Evaluation', 'Customer']",1
L002433,Sarah Garcia,Broadcom GmbH,,North America,Oscilloscopes,,"['Loaner_Unit_Evaluation', 'LinkedIn_Ad_Click', 'Oscilloscope_Selector_Tool', 'Keysight_Workshop_RF_Testing', 'Customer']",1
L002434,Laura Martinez,Tesla Energy,Aerospace,LATAM,5G Testbeds,Website,"['Whitepaper_Download_5G_Test', 'Loaner_Unit_Evaluation', 'Loaner_Unit_Evaluation', 'Lab_Integration_Discussion', 'No_Conversion']",0
L002435,Maria Singh,Broadcom,,Europe,5G Testbeds,Sales Outreach,"['Keysight_Workshop_RF_Testing', 'Loaner_Unit_Evaluation', 'Keysight_Workshop_RF_Testing', 'SQL', 'SQL', 'Lab_Integration_Discussion', 'No_Conversion']",0
L002436,Ravi Ito,Sony GmbH,Electronics,LATAM,5G Testbeds,LinkedIn,"['Oscilloscope_Selector_Tool', 'Keysight_Workshop_RF_Testing', 'Keysight_Workshop_RF_Testing', 'No_Conversion']",0
L002437,Chen Khan,,Automotive,APAC,PathWave Software,Sales Outreach,"['DesignCon_Booth_Visit', 'Whitepaper_Download_5G_Test', 'Whitepaper_Download_5G_Test', 'Lab_Integration_Discussion', 'Lab_Integration_Discussion', 'Opportunity', 'AutoSens_Tech_Talk', 'No_Conversion']",0
L002438,Daniel Martinez,Infineon GmbH,Electronics,LATAM,Oscilloscopes,Sales Outreach,"['Keysight_Workshop_RF_Testing', 'Website_Product_Page', 'PathWave_Trial_Request', 'IMS_Badge_Scan', 'IMS_Badge_Scan', 'Technical_Demo', 'Application_Engineer_Call', 'Whitepaper_Download_5G_Test', 'No_Conversion']",0
L002439,Maria Martinez,Qualcomm GmbH,Telecom,LATAM,,Website,"['Opportunity', 'No_Conversion']",0
L002440,Sofia Johnson,,,,,Webinar,"['Technical_Demo', 'Keysight_University_Course', 'LinkedIn_Ad_Click', 'Keysight_University_Course', 'Keysight_Workshop_RF_Testing', 'PathWave_Trial_Request', 'Whitepaper_Download_5G_Test', 'Oscilloscope_Selector_Tool', 'IMS_Badge_Scan', 'Technical_Demo', 'Customer']",1
L002441,Daniel Tanaka,Bosch,Aerospace,North America,PathWave Software,,['No_Conversion'],0
L002442,Kenji Singh,,,Europe,,Webinar,"['Opportunity', 'Technical_Demo', 'Whitepaper_Download_5G_Test', 'Application_Engineer_Call', 'PathWave_Trial_Request', 'Customer']",1
L002443,Michael Singh,Tesla Energy GmbH,Electronics,LATAM,Automotive Ethernet,LinkedIn,"['IMS_Badge_Scan', 'Opportunity', 'PathWave_Trial_Request', 'Opportunity', 'No_Conversion']",0
L002444,Maria Patel,,Semiconductor,LATAM,5G Testbeds,Sales Outreach,"['PathWave_Trial_Request', 'No_Conversion']",0
L002445,Sarah Khan,Broad_Tech,Electronics,APAC,,,"['SQL', 'AutoSens_Tech_Talk', 'Whitepaper_Download_5G_Test', 'IMS_Badge_Scan', 'Whitepaper_Download_5G_Test', 'No_Conversion']",0
L002446,Sarah Williams,Sony,,North America,,Website,"['MQL', 'Technical_Demo', 'No_Conversion']",0
L002447,Ravi Lee,,Telecom,,PathWave Software,Email Campaign,"['Technical_Demo', 'Whitepaper_Download_5G_Test', 'Lab_Integration_Discussion', 'IMS_Badge_Scan', 'IMS_Badge_Scan', 'DesignCon_Booth_Visit', 'IMS_Badge_Scan', 'Opportunity', 'Customer']",1
L002448,Hiroshi Singh,,,LATAM,Oscilloscopes,,"['Keysight_University_Course', 'No_Conversion']",0
L002449,Michael Anders,Tesla_Tech,Automotive,LATAM,Oscilloscopes,Website,"['IMS_Badge_Scan', 'DesignCon_Booth_Visit', 'Customer']",1
L002450,,Infin_Tech,Semiconductor,North America,,Sales Outreach,"['LinkedIn_Ad_Click', 'Application_Engineer_Call', 'SQL', 'MQL', 'No_Conversion']",0
L002451,Ahmed Tanaka,Meta Connectivity Labs GmbH,Telecom,North America,5G Testbeds,Webinar,"['Loaner_Unit_Evaluation', 'Keysight_Workshop_RF_Testing', 'IMS_Badge_Scan', 'Technical_Demo', 'Application_Engineer_Call', 'Oscilloscope_Selector_Tool', 'IMS_Badge_Scan', 'PathWave_Trial_Request', 'No_Conversion']",0
L002452,Chen Martinez,Qualcomm,Aerospace,Europe,Automotive Ethernet,Sales Outreach,"['DesignCon_Booth_Visit', 'Keysight_University_Course', 'Opportunity', 'Opportunity', 'Customer']",1
L002453,Michael Singh,Broadcom,Telecom,North America,,Email Campaign,"['Whitepaper_Download_5G_Test', 'Keysight_Workshop_RF_Testing', 'Keysight_Workshop_RF_Testing', 'Keysight_Workshop_RF_Testing', 'No_Conversion']",0
L002454,Ravi Lee,Infineon GmbH,,North America,,,"['SQL', 'Website_Product_Page', 'Website_Product_Page', 'Opportunity', 'Loaner_Unit_Evaluation', 'Loaner_Unit_Evaluation', 'Customer']",1
L002455,Priya Williams,Bosch_Tech,Telecom,,Oscilloscopes,Event,"['Technical_Demo', 'Oscilloscope_Selector_Tool', 'No_Conversion']",0
L002456,Priya Ito,MetaC_Tech,Automotive,APAC,PathWave Software,Email Campaign,"['IMS_Badge_Scan', 'AutoSens_Tech_Talk', 'Oscilloscope_Selector_Tool', 'Lab_Integration_Discussion', 'AutoSens_Tech_Talk', 'DesignCon_Booth_Visit', 'MQL', 'No_Conversion']",0
L002457,Ravi Chen,,,APAC,5G Testbeds,Website,"['Keysight_University_Course', 'Whitepaper_Download_5G_Test', 'Customer']",1
L002458,Daniel Williams,Meta Connectivity Labs GmbH,Semiconductor,Europe,5G Testbeds,Sales Outreach,"['Whitepaper_Download_5G_Test', 'IMS_Badge_Scan', 'LinkedIn_Ad_Click', 'SQL', 'Application_Engineer_Call', 'Website_Product_Page', 'No_Conversion']",0
L002459,Michael Anders,MetaC_Tech,Semiconductor,APAC,Automotive Ethernet,LinkedIn,"['Keysight_Workshop_RF_Testing', 'AutoSens_Tech_Talk', 'Keysight_University_Course', 'PathWave_Trial_Request', 'MQL', 'Technical_Demo', 'Customer']",1
L002460,Chen Johnson,Tesla Energy GmbH,Semiconductor,,,Webinar,"['DesignCon_Booth_Visit', 'No_Conversion']",0
L002461,,,Aerospace,,PathWave Software,,"['Oscilloscope_Selector_Tool', 'PathWave_Trial_Request', 'LinkedIn_Ad_Click', 'LinkedIn_Ad_Click', 'MQL', 'LinkedIn_Ad_Click', 'No_Conversion']",0
L002462,Sarah Khan,Meta Connectivity Labs,Aerospace,LATAM,Automotive Ethernet,Event,"['DesignCon_Booth_Visit', 'Customer']",1
L002463,Hiroshi Williams,,Telecom,LATAM,,Event,"['LinkedIn_Ad_Click', 'LinkedIn_Ad_Click', 'PathWave_Trial_Request', 'Opportunity', 'PathWave_Trial_Request', 'Website_Product_Page', 'No_Conversion']",0
L002464,Sarah Khan,,,Europe,,,"['LinkedIn_Ad_Click', 'Technical_Demo', 'AutoSens_Tech_Talk', 'No_Conversion']",0
L002465,Ahmed Ito,Rayth_Tech,,,PathWave Software,LinkedIn,"['IMS_Badge_Scan', 'Website_Product_Page', 'No_Conversion']",0
L002466,Ahmed Williams,Raytheon,Aerospace,North America,5G Testbeds,,"['DesignCon_Booth_Visit', 'Technical_Demo', 'AutoSens_Tech_Talk', 'SQL', 'Whitepaper_Download_5G_Test', 'MQL', 'No_Conversion']",0
L002467,Laura Lee,NXP Semiconductors GmbH,Aerospace,Europe,5G Testbeds,Webinar,"['Keysight_University_Course', 'Keysight_University_Course', 'AutoSens_Tech_Talk', 'Customer']",1
L002468,Chen Garcia,Raytheon GmbH,Automotive,,,Webinar,"['Loaner_Unit_Evaluation', 'Whitepaper_Download_5G_Test', 'IMS_Badge_Scan', 'Whitepaper_Download_5G_Test', 'Customer']",1
L002469,Sofia Tanaka,Qualcomm GmbH,,LATAM,Automotive Ethernet,Webinar,"['Keysight_Workshop_RF_Testing', 'Loaner_Unit_Evaluation', 'No_Conversion']",0
L002470,Kenji Lee,,Telecom,Europe,Oscilloscopes,Website,"['Keysight_Workshop_RF_Testing', 'Lab_Integration_Discussion', 'SQL', 'Customer']",1
L002471,Sarah Johnson,Tesla_Tech,,LATAM,PathWave Software,,"['PathWave_Trial_Request', 'Lab_Integration_Discussion', 'IMS_Badge_Scan', 'Customer']",1
L002472,Chen Johnson,Meta Connectivity Labs GmbH,Automotive,,5G Testbeds,Sales Outreach,"['Loaner_Unit_Evaluation', 'Application_Engineer_Call', 'PathWave_Trial_Request', 'Customer']",1
L002473,Laura Martinez,,Automotive,Europe,,Email Campaign,"['Website_Product_Page', 'Opportunity', 'Keysight_Workshop_RF_Testing', 'Oscilloscope_Selector_Tool', 'Technical_Demo', 'Opportunity', 'Whitepaper_Download_5G_Test', 'MQL', 'Keysight_University_Course', 'No_Conversion']",0
L002474,Hiroshi Khan,,Semiconductor,Europe,,Event,"['LinkedIn_Ad_Click', 'Keysight_University_Course', 'Oscilloscope_Selector_Tool', 'SQL', 'Opportunity', 'Application_Engineer_Call', 'Lab_Integration_Discussion', 'Whitepaper_Download_5G_Test', 'AutoSens_Tech_Talk', 'AutoSens_Tech_Talk', 'No_Conversion']",0
L002475,Sarah Chen,Bosch,Electronics,North America,,Webinar,"['DesignCon_Booth_Visit', 'SQL', 'IMS_Badge_Scan', 'Opportunity', 'Customer']",1
L002476,,Bosch GmbH,Aerospace,LATAM,Oscilloscopes,Event,"['Application_Engineer_Call', 'Keysight_Workshop_RF_Testing', 'Whitepaper_Download_5G_Test', 'Website_Product_Page', 'PathWave_Trial_Request', 'PathWave_Trial_Request', 'Keysight_Workshop_RF_Testing', 'AutoSens_Tech_Talk', 'Customer']",1
L002477,Maria Williams,NXP Semiconductors,,,,Sales Outreach,"['Opportunity', 'DesignCon_Booth_Visit', 'Website_Product_Page', 'PathWave_Trial_Request', 'No_Conversion']",0
L002478,Ravi Johnson,Rayth_Tech,Semiconductor,Europe,PathWave Software,Event,"['Opportunity', 'Keysight_University_Course', 'MQL', 'Loaner_Unit_Evaluation', 'Opportunity', 'Customer']",1
L002479,Priya Khan,Rayth_Tech,Aerospace,,Oscilloscopes,LinkedIn,"['Technical_Demo', 'No_Conversion']",0
L002480,,Infineon,Automotive,North America,PathWave Software,Sales Outreach,"['Opportunity', 'Oscilloscope_Selector_Tool', 'AutoSens_Tech_Talk', 'AutoSens_Tech_Talk', 'AutoSens_Tech_Talk', 'Website_Product_Page', 'Oscilloscope_Selector_Tool', 'Whitepaper_Download_5G_Test', 'Opportunity', 'Customer']",1
L002481,Sofia Tanaka,Qualc_Tech,Semiconductor,,Automotive Ethernet,Website,"['Website_Product_Page', 'PathWave_Trial_Request', 'AutoSens_Tech_Talk', 'No_Conversion']",0
L002482,Daniel Singh,Tesla Energy,,APAC,PathWave Software,Email Campaign,['Customer'],1
L002483,Priya Chen,Sony_Tech,Electronics,LATAM,5G Testbeds,Webinar,"['Website_Product_Page', 'Opportunity', 'Opportunity', 'SQL', 'IMS_Badge_Scan', 'Oscilloscope_Selector_Tool', 'No_Conversion']",0
L002484,,Tesla_Tech,,North America,Automotive Ethernet,Email Campaign,"['MQL', 'Oscilloscope_Selector_Tool', 'Loaner_Unit_Evaluation', 'No_Conversion']",0
L002485,Michael Lee,Meta Connectivity Labs GmbH,Aerospace,,PathWave Software,Webinar,"['Opportunity', 'MQL', 'LinkedIn_Ad_Click', 'Loaner_Unit_Evaluation', 'DesignCon_Booth_Visit', 'IMS_Badge_Scan', 'Keysight_Workshop_RF_Testing', 'Customer']",1
L002486,Sofia Lee,,Electronics,LATAM,5G Testbeds,Event,"['SQL', 'PathWave_Trial_Request', 'Whitepaper_Download_5G_Test', 'Technical_Demo', 'PathWave_Trial_Request', 'AutoSens_Tech_Talk', 'Whitepaper_Download_5G_Test', 'Lab_Integration_Discussion', 'Customer']",1
L002487,Priya Martinez,Infin_Tech,Semiconductor,North America,Oscilloscopes,Webinar,"['Loaner_Unit_Evaluation', 'Keysight_Workshop_RF_Testing', 'IMS_Badge_Scan', 'SQL', 'Oscilloscope_Selector_Tool', 'PathWave_Trial_Request', 'Keysight_Workshop_RF_Testing', 'No_Conversion']",0
L002488,Daniel Garcia,Infineon,,LATAM,Oscilloscopes,LinkedIn,"['SQL', 'Technical_Demo', 'PathWave_Trial_Request', 'SQL', 'PathWave_Trial_Request', 'No_Conversion']",0
L002489,Michael Tanaka,,Automotive,Europe,Automotive Ethernet,Webinar,"['Lab_Integration_Discussion', 'DesignCon_Booth_Visit', 'Customer']",1
L002490,,,Telecom,Europe,,LinkedIn,"['MQL', 'Customer']",1
L002491,Ahmed Chen,Samsung Electronics GmbH,Telecom,,5G Testbeds,Event,"['SQL', 'AutoSens_Tech_Talk', 'No_Conversion']",0
L002492,Maria Patel,Samsung Electronics,,APAC,Automotive Ethernet,LinkedIn,"['Keysight_Workshop_RF_Testing', 'Opportunity', 'IMS_Badge_Scan', 'Keysight_Workshop_RF_Testing', 'Customer']",1
L002493,Daniel Anders,,Telecom,APAC,PathWave Software,Sales Outreach,"['Keysight_Workshop_RF_Testing', 'Oscilloscope_Selector_Tool', 'Application_Engineer_Call', 'Lab_Integration_Discussion', 'Website_Product_Page', 'Whitepaper_Download_5G_Test', 'IMS_Badge_Scan', 'Loaner_Unit_Evaluation', 'Opportunity', 'Technical_Demo', 'Customer']",1
L002494,Laura Singh,Meta Connectivity Labs GmbH,Telecom,Europe,,Sales Outreach,"['Lab_Integration_Discussion', 'SQL', 'MQL', 'MQL', 'No_Conversion']",0
L002495,Maria Patel,Tesla Energy GmbH,Aerospace,APAC,,Sales Outreach,"['DesignCon_Booth_Visit', 'Keysight_University_Course', 'DesignCon_Booth_Visit', 'No_Conversion']",0
L002496,Sarah Anders,Samsung Electronics,Automotive,,Automotive Ethernet,Email Campaign,"['Loaner_Unit_Evaluation', 'PathWave_Trial_Request', 'Whitepaper_Download_5G_Test', 'LinkedIn_Ad_Click', 'No_Conversion']",0
L002497,Sofia Martinez,Broadcom GmbH,,,,Sales Outreach,"['Keysight_Workshop_RF_Testing', 'Lab_Integration_Discussion', 'Website_Product_Page', 'No_Conversion']",0
L002498,Chen Khan,Rayth_Tech,,APAC,,LinkedIn,"['Oscilloscope_Selector_Tool', 'DesignCon_Booth_Visit', 'Website_Product_Page', 'Website_Product_Page', 'SQL', 'Customer']",1
L002499,Sofia Patel,Broad_Tech,Electronics,Europe,Automotive Ethernet,Sales Outreach,"['Opportunity', 'Opportunity', 'Application_Engineer_Call', 'Customer']",1
L002500,,Samsung Electronics,Automotive,APAC,Oscilloscopes,LinkedIn,"['Keysight_University_Course', 'DesignCon_Booth_Visit', 'PathWave_Trial_Request', 'AutoSens_Tech_Talk', 'Customer']",1
L002501,Ravi Patel,Infineon GmbH,,North America,,Website,"['AutoSens_Tech_Talk', 'Opportunity', 'Whitepaper_Download_5G_Test', 'AutoSens_Tech_Talk', 'Whitepaper_Download_5G_Test', 'Keysight_Workshop_RF_Testing', 'LinkedIn_Ad_Click', 'Whitepaper_Download_5G_Test', 'Oscilloscope_Selector_Tool', 'Loaner_Unit_Evaluation', 'Customer']",1
L002502,Ravi Khan,Tesla_Tech,Telecom,APAC,PathWave Software,Event,"['Application_Engineer_Call', 'Loaner_Unit_Evaluation', 'Whitepaper_Download_5G_Test', 'Technical_Demo', 'Customer']",1
L002503,Priya Anders,,,LATAM,,Event,"['Application_Engineer_Call', 'No_Conversion']",0
L002504,Ahmed Lee,Broadcom,Semiconductor,LATAM,,Webinar,"['LinkedIn_Ad_Click', 'Application_Engineer_Call', 'PathWave_Trial_Request', 'Technical_Demo', 'Application_Engineer_Call', 'Oscilloscope_Selector_Tool', 'No_Conversion']",0
L002505,,Broad_Tech,Semiconductor,APAC,5G Testbeds,Website,"['Lab_Integration_Discussion', 'Keysight_University_Course', 'AutoSens_Tech_Talk', 'No_Conversion']",0
L002506,Maria Johnson,Qualcomm GmbH,Aerospace,North America,,,"['Loaner_Unit_Evaluation', 'MQL', 'SQL', 'Loaner_Unit_Evaluation', 'Keysight_University_Course', 'DesignCon_Booth_Visit', 'Website_Product_Page', 'MQL', 'Keysight_University_Course', 'No_Conversion']",0
L002507,Laura Anders,,,LATAM,Oscilloscopes,LinkedIn,"['Loaner_Unit_Evaluation', 'MQL', 'Keysight_Workshop_RF_Testing', 'No_Conversion']",0
L002508,Laura Chen,Broad_Tech,Automotive,,PathWave Software,Website,"['AutoSens_Tech_Talk', 'LinkedIn_Ad_Click', 'Website_Product_Page', 'Keysight_Workshop_RF_Testing', 'Customer']",1
L002509,Sarah Khan,Raytheon GmbH,Automotive,APAC,5G Testbeds,Sales Outreach,"['MQL', 'AutoSens_Tech_Talk', 'Technical_Demo', 'SQL', 'Technical_Demo', 'No_Conversion']",0
L002510,Hiroshi Johnson,,,North America,5G Testbeds,Sales Outreach,"['LinkedIn_Ad_Click', 'MQL', 'Whitepaper_Download_5G_Test', 'Opportunity', 'No_Conversion']",0
L002511,Laura Williams,Broad_Tech,,North America,5G Testbeds,Webinar,"['Whitepaper_Download_5G_Test', 'No_Conversion']",0
L002512,Kenji Anders,,Electronics,Europe,Automotive Ethernet,Sales Outreach,['Customer'],1
L002513,Sofia Khan,Samsung Electronics GmbH,,North America,PathWave Software,Event,['No_Conversion'],0
L002514,Maria Williams,,Automotive,,,,"['MQL', 'No_Conversion']",0
L002515,Ravi Chen,Broadcom GmbH,Automotive,,,LinkedIn,"['Website_Product_Page', 'DesignCon_Booth_Visit', 'LinkedIn_Ad_Click', 'Keysight_University_Course', 'Oscilloscope_Selector_Tool', 'Technical_Demo', 'Oscilloscope_Selector_Tool', 'Customer']",1
L002516,Daniel Chen,Tesla Energy,,APAC,Automotive Ethernet,Webinar,"['Whitepaper_Download_5G_Test', 'SQL', 'LinkedIn_Ad_Click', 'AutoSens_Tech_Talk', 'No_Conversion']",0
L002517,Chen Lee,NXP Semiconductors,Semiconductor,LATAM,Automotive Ethernet,Webinar,"['Whitepaper_Download_5G_Test', 'MQL', 'AutoSens_Tech_Talk', 'Lab_Integration_Discussion', 'Customer']",1
L002518,Chen Patel,Samsu_Tech,Semiconductor,North America,,Email Campaign,"['Technical_Demo', 'Keysight_University_Course', 'LinkedIn_Ad_Click', 'Customer']",1
L002519,Sarah Singh,Rayth_Tech,Automotive,APAC,,Sales Outreach,"['Oscilloscope_Selector_Tool', 'Keysight_University_Course', 'DesignCon_Booth_Visit', 'Opportunity', 'No_Conversion']",0
L002520,Michael Chen,Sony_Tech,,APAC,5G Testbeds,,"['PathWave_Trial_Request', 'Opportunity', 'LinkedIn_Ad_Click', 'No_Conversion']",0
L002521,Daniel Williams,,,Europe,,Event,"['Keysight_Workshop_RF_Testing', 'Customer']",1
L002522,Michael Khan,Sony GmbH,,,,Sales Outreach,['No_Conversion'],0
L002523,Laura Anders,Sony GmbH,Telecom,LATAM,PathWave Software,,"['Keysight_University_Course', 'AutoSens_Tech_Talk', 'Oscilloscope_Selector_Tool', 'No_Conversion']",0
L002524,Hiroshi Singh,Tesla_Tech,Automotive,Europe,,Email Campaign,"['AutoSens_Tech_Talk', 'Keysight_Workshop_RF_Testing', 'AutoSens_Tech_Talk', 'Loaner_Unit_Evaluation', 'IMS_Badge_Scan', 'Customer']",1
L002525,Sofia Ito,Infineon,,,Automotive Ethernet,Website,"['SQL', 'Keysight_University_Course', 'Loaner_Unit_Evaluation', 'SQL', 'Keysight_University_Course', 'Whitepaper_Download_5G_Test', 'No_Conversion']",0
L002526,Kenji Anders,Bosch_Tech,Semiconductor,LATAM,Automotive Ethernet,Website,"['Oscilloscope_Selector_Tool', 'Keysight_University_Course', 'Website_Product_Page', 'Keysight_University_Course', 'IMS_Badge_Scan', 'No_Conversion']",0
L002527,Hiroshi Chen,Broadcom,Automotive,APAC,,Event,"['MQL', 'SQL', 'SQL', 'IMS_Badge_Scan', 'Whitepaper_Download_5G_Test', 'Website_Product_Page', 'SQL', 'Technical_Demo', 'Keysight_Workshop_RF_Testing', 'Lab_Integration_Discussion', 'No_Conversion']",0
L002528,Maria Williams,Tesla Energy,,,,Sales Outreach,"['Website_Product_Page', 'Whitepaper_Download_5G_Test', 'LinkedIn_Ad_Click', 'Loaner_Unit_Evaluation', 'Keysight_University_Course', 'Application_Engineer_Call', 'Oscilloscope_Selector_Tool', 'Technical_Demo', 'Keysight_Workshop_RF_Testing', 'Customer']",1
L002529,Hiroshi Anders,Meta Connectivity Labs GmbH,,North America,5G Testbeds,Event,"['Keysight_University_Course', 'IMS_Badge_Scan', 'Opportunity', 'IMS_Badge_Scan', 'MQL', 'Customer']",1
L002530,Daniel Williams,Infin_Tech,Electronics,Europe,Oscilloscopes,,"['MQL', 'Technical_Demo', 'Opportunity', 'No_Conversion']",0
L002531,Sofia Johnson,Infineon GmbH,Aerospace,LATAM,,Sales Outreach,"['Whitepaper_Download_5G_Test', 'Whitepaper_Download_5G_Test', 'PathWave_Trial_Request', 'No_Conversion']",0
L002532,Maria Tanaka,,,North America,PathWave Software,Event,"['Application_Engineer_Call', 'Lab_Integration_Discussion', 'Customer']",1
L002533,Priya Williams,Broad_Tech,Electronics,LATAM,PathWave Software,,"['Application_Engineer_Call', 'LinkedIn_Ad_Click', 'IMS_Badge_Scan', 'MQL', 'Technical_Demo', 'MQL', 'Website_Product_Page', 'No_Conversion']",0
L002534,Ahmed Ito,Sony GmbH,,,PathWave Software,,"['Loaner_Unit_Evaluation', 'IMS_Badge_Scan', 'Keysight_Workshop_RF_Testing', 'Lab_Integration_Discussion', 'No_Conversion']",0
L002535,Maria Anders,,Telecom,Europe,Oscilloscopes,Event,"['SQL', 'Application_Engineer_Call', 'MQL', 'Application_Engineer_Call', 'DesignCon_Booth_Visit', 'No_Conversion']",0
L002536,Ahmed Martinez,Bosch_Tech,Aerospace,North America,PathWave Software,Website,"['DesignCon_Booth_Visit', 'PathWave_Trial_Request', 'Opportunity', 'Customer']",1
L002537,,Bosch GmbH,Aerospace,LATAM,5G Testbeds,Sales Outreach,"['Website_Product_Page', 'Keysight_Workshop_RF_Testing', 'Keysight_University_Course', 'Whitepaper_Download_5G_Test', 'Website_Product_Page', 'PathWave_Trial_Request', 'Keysight_Workshop_RF_Testing', 'No_Conversion']",0
L002538,Ahmed Anders,Samsu_Tech,Automotive,Europe,,Event,"['IMS_Badge_Scan', 'Customer']",1
L002539,Maria Singh,,Semiconductor,North America,,Sales Outreach,"['AutoSens_Tech_Talk', 'Loaner_Unit_Evaluation', 'Lab_Integration_Discussion', 'SQL', 'No_Conversion']",0
L002540,Kenji Ito,Bosch,,Europe,,Website,"['Keysight_University_Course', 'AutoSens_Tech_Talk', 'Website_Product_Page', 'Website_Product_Page', 'Opportunity', 'MQL', 'No_Conversion']",0
L002541,,Qualcomm,,LATAM,PathWave Software,,"['Oscilloscope_Selector_Tool', 'Lab_Integration_Discussion', 'Whitepaper_Download_5G_Test', 'IMS_Badge_Scan', 'Customer']",1
L002542,Sarah Khan,Samsu_Tech,Automotive,North America,,Event,"['Opportunity', 'PathWave_Trial_Request', 'Website_Product_Page', 'Customer']",1
L002543,Daniel Martinez,Broad_Tech,,,5G Testbeds,,['No_Conversion'],0
L002544,Sarah Lee,Infin_Tech,Electronics,Europe,,Website,"['Keysight_University_Course', 'Keysight_University_Course', 'DesignCon_Booth_Visit', 'Application_Engineer_Call', 'Technical_Demo', 'No_Conversion']",0
L002545,Priya Lee,MetaC_Tech,Semiconductor,APAC,PathWave Software,Email Campaign,"['Keysight_University_Course', 'AutoSens_Tech_Talk', 'PathWave_Trial_Request', 'Customer']",1
L002546,Sofia Anders,Tesla Energy GmbH,,APAC,,Webinar,"['MQL', 'Opportunity', 'Lab_Integration_Discussion', 'Customer']",1
L002547,Michael Williams,Samsu_Tech,Semiconductor,LATAM,Oscilloscopes,Event,"['DesignCon_Booth_Visit', 'Whitepaper_Download_5G_Test', 'Technical_Demo', 'Loaner_Unit_Evaluation', 'No_Conversion']",0
L002548,Chen Anders,Samsung Electronics GmbH,,Europe,PathWave Software,LinkedIn,"['Keysight_University_Course', 'Customer']",1
L002549,Daniel Khan,Raytheon,,LATAM,,Sales Outreach,"['IMS_Badge_Scan', 'Opportunity', 'Oscilloscope_Selector_Tool', 'SQL', 'SQL', 'LinkedIn_Ad_Click', 'Customer']",1
L002550,,Broad_Tech,,,,LinkedIn,"['Opportunity', 'DesignCon_Booth_Visit', 'LinkedIn_Ad_Click', 'No_Conversion']",0
L002551,Kenji Martinez,Samsu_Tech,,,,Sales Outreach,['No_Conversion'],0
L002552,,,Electronics,North America,5G Testbeds,Email Campaign,"['Technical_Demo', 'PathWave_Trial_Request', 'SQL', 'Opportunity', 'DesignCon_Booth_Visit', 'Oscilloscope_Selector_Tool', 'Keysight_Workshop_RF_Testing', 'AutoSens_Tech_Talk', 'PathWave_Trial_Request', 'Customer']",1
L002553,Priya Anders,,,,,,"['Opportunity', 'Application_Engineer_Call', 'Website_Product_Page', 'AutoSens_Tech_Talk', 'Oscilloscope_Selector_Tool', 'PathWave_Trial_Request', 'Customer']",1
L002554,Ravi Tanaka,Tesla Energy GmbH,Automotive,LATAM,,Event,"['IMS_Badge_Scan', 'IMS_Badge_Scan', 'DesignCon_Booth_Visit', 'AutoSens_Tech_Talk', 'PathWave_Trial_Request', 'Whitepaper_Download_5G_Test', 'No_Conversion']",0
L002555,Ravi Martinez,Meta Connectivity Labs,,Europe,PathWave Software,Event,"['Oscilloscope_Selector_Tool', 'Keysight_Workshop_RF_Testing', 'Technical_Demo', 'PathWave_Trial_Request', 'DesignCon_Booth_Visit', 'Oscilloscope_Selector_Tool', 'Lab_Integration_Discussion', 'Keysight_Workshop_RF_Testing', 'Website_Product_Page', 'No_Conversion']",0
L002556,Ahmed Anders,,Aerospace,,Automotive Ethernet,Event,['Customer'],1
L002557,Michael Johnson,Raytheon,Semiconductor,,PathWave Software,Website,"['Opportunity', 'MQL', 'Application_Engineer_Call', 'No_Conversion']",0
L002558,,Qualcomm GmbH,Electronics,,Oscilloscopes,Email Campaign,"['Technical_Demo', 'MQL', 'Keysight_Workshop_RF_Testing', 'Keysight_University_Course', 'Opportunity', 'Whitepaper_Download_5G_Test', 'No_Conversion']",0
L002559,Sofia Singh,Broadcom GmbH,,Europe,PathWave Software,,"['IMS_Badge_Scan', 'IMS_Badge_Scan', 'LinkedIn_Ad_Click', 'Keysight_Workshop_RF_Testing', 'Keysight_University_Course', 'Customer']",1
L002560,Ahmed Ito,Tesla Energy GmbH,Automotive,,,Email Campaign,"['Keysight_University_Course', 'SQL', 'Opportunity', 'LinkedIn_Ad_Click', 'Opportunity', 'LinkedIn_Ad_Click', 'PathWave_Trial_Request', 'AutoSens_Tech_Talk', 'No_Conversion']",0
L002561,Sofia Lee,MetaC_Tech,Automotive,APAC,5G Testbeds,,"['Website_Product_Page', 'Lab_Integration_Discussion', 'Loaner_Unit_Evaluation', 'MQL', 'No_Conversion']",0
L002562,Kenji Johnson,Meta Connectivity Labs GmbH,,North America,,Email Campaign,"['Application_Engineer_Call', 'Keysight_Workshop_RF_Testing', 'Oscilloscope_Selector_Tool', 'Opportunity', 'Opportunity', 'LinkedIn_Ad_Click', 'AutoSens_Tech_Talk', 'AutoSens_Tech_Talk', 'DesignCon_Booth_Visit', 'No_Conversion']",0
L002563,Ahmed Chen,MetaC_Tech,Electronics,LATAM,PathWave Software,Event,"['Keysight_University_Course', 'AutoSens_Tech_Talk', 'Keysight_Workshop_RF_Testing', 'DesignCon_Booth_Visit', 'Customer']",1
L002564,,Tesla Energy GmbH,,Europe,,Sales Outreach,"['Application_Engineer_Call', 'DesignCon_Booth_Visit', 'Lab_Integration_Discussion', 'Keysight_Workshop_RF_Testing', 'DesignCon_Booth_Visit', 'No_Conversion']",0
L002565,Michael Williams,Tesla_Tech,Electronics,,,Email Campaign,"['Opportunity', 'Whitepaper_Download_5G_Test', 'Application_Engineer_Call', 'Website_Product_Page', 'Application_Engineer_Call', 'No_Conversion']",0
L002566,Michael Johnson,,Aerospace,Europe,,Sales Outreach,"['Technical_Demo', 'Lab_Integration_Discussion', 'AutoSens_Tech_Talk', 'No_Conversion']",0
L002567,Sarah Garcia,Broadcom,,LATAM,Oscilloscopes,LinkedIn,"['AutoSens_Tech_Talk', 'Website_Product_Page', 'Application_Engineer_Call', 'PathWave_Trial_Request', 'Application_Engineer_Call', 'Technical_Demo', 'DesignCon_Booth_Visit', 'SQL', 'Keysight_University_Course', 'SQL', 'Customer']",1
L002568,Sofia Tanaka,,Semiconductor,North America,,Website,"['Lab_Integration_Discussion', 'Keysight_University_Course', 'IMS_Badge_Scan', 'Whitepaper_Download_5G_Test', 'Customer']",1
L002569,Laura Lee,Infin_Tech,Semiconductor,North America,5G Testbeds,,"['Whitepaper_Download_5G_Test', 'Customer']",1
L002570,Laura Singh,Sony GmbH,,North America,PathWave Software,,"['Website_Product_Page', 'Website_Product_Page', 'Oscilloscope_Selector_Tool', 'Loaner_Unit_Evaluation', 'Opportunity', 'Loaner_Unit_Evaluation', 'Website_Product_Page', 'Loaner_Unit_Evaluation', 'Opportunity', 'Customer']",1
L002571,Laura Khan,Infin_Tech,Semiconductor,LATAM,,Website,['Customer'],1
L002572,Chen Johnson,Sony GmbH,Semiconductor,,Automotive Ethernet,,"['Loaner_Unit_Evaluation', 'Whitepaper_Download_5G_Test', 'LinkedIn_Ad_Click', 'PathWave_Trial_Request', 'Application_Engineer_Call', 'SQL', 'Customer']",1
L002573,Ravi Anders,,Aerospace,,5G Testbeds,LinkedIn,"['Application_Engineer_Call', 'Whitepaper_Download_5G_Test', 'Customer']",1
L002574,Kenji Martinez,Samsung Electronics,Electronics,,,Event,"['Oscilloscope_Selector_Tool', 'AutoSens_Tech_Talk', 'Keysight_Workshop_RF_Testing', 'Oscilloscope_Selector_Tool', 'Keysight_University_Course', 'Customer']",1
L002575,Michael Williams,Broadcom GmbH,,Europe,,LinkedIn,"['Loaner_Unit_Evaluation', 'Loaner_Unit_Evaluation', 'LinkedIn_Ad_Click', 'Lab_Integration_Discussion', 'Keysight_Workshop_RF_Testing', 'LinkedIn_Ad_Click', 'SQL', 'SQL', 'AutoSens_Tech_Talk', 'Keysight_University_Course', 'No_Conversion']",0
L002576,Ahmed Garcia,Meta Connectivity Labs GmbH,,LATAM,5G Testbeds,Event,"['Oscilloscope_Selector_Tool', 'DesignCon_Booth_Visit', 'No_Conversion']",0
L002577,Laura Tanaka,Samsu_Tech,,,,Event,"['Keysight_Workshop_RF_Testing', 'DesignCon_Booth_Visit', 'IMS_Badge_Scan', 'Oscilloscope_Selector_Tool', 'Application_Engineer_Call', 'IMS_Badge_Scan', 'Website_Product_Page', 'Keysight_University_Course', 'Keysight_Workshop_RF_Testing', 'Customer']",1
L002578,Sofia Tanaka,,Aerospace,North America,Automotive Ethernet,Website,"['Website_Product_Page', 'Whitepaper_Download_5G_Test', 'Technical_Demo', 'PathWave_Trial_Request', 'Opportunity', 'MQL', 'DesignCon_Booth_Visit', 'No_Conversion']",0
L002579,,NXPSe_Tech,Automotive,LATAM,PathWave Software,Event,"['Lab_Integration_Discussion', 'Opportunity', 'Keysight_University_Course', 'DesignCon_Booth_Visit', 'AutoSens_Tech_Talk', 'Customer']",1
L002580,Maria Patel,Rayth_Tech,Telecom,Europe,,Webinar,"['Application_Engineer_Call', 'Technical_Demo', 'Website_Product_Page', 'Whitepaper_Download_5G_Test', 'Keysight_University_Course', 'LinkedIn_Ad_Click', 'Customer']",1
L002581,Michael Garcia,,Automotive,LATAM,Oscilloscopes,LinkedIn,"['PathWave_Trial_Request', 'Website_Product_Page', 'SQL', 'Technical_Demo', 'IMS_Badge_Scan', 'Oscilloscope_Selector_Tool', 'AutoSens_Tech_Talk', 'AutoSens_Tech_Talk', 'MQL', 'Customer']",1
L002582,Chen Williams,Infineon,Telecom,,,LinkedIn,"['Loaner_Unit_Evaluation', 'LinkedIn_Ad_Click', 'Keysight_Workshop_RF_Testing', 'DesignCon_Booth_Visit', 'Lab_Integration_Discussion', 'Oscilloscope_Selector_Tool', 'IMS_Badge_Scan', 'Customer']",1
L002583,,Infineon,Aerospace,Europe,5G Testbeds,Website,"['DesignCon_Booth_Visit', 'Oscilloscope_Selector_Tool', 'Website_Product_Page', 'No_Conversion']",0
L002584,Sarah Singh,,Electronics,APAC,5G Testbeds,Email Campaign,"['Technical_Demo', 'IMS_Badge_Scan', 'LinkedIn_Ad_Click', 'IMS_Badge_Scan', 'Lab_Integration_Discussion', 'Lab_Integration_Discussion', 'Technical_Demo', 'Loaner_Unit_Evaluation', 'Whitepaper_Download_5G_Test', 'LinkedIn_Ad_Click', 'Customer']",1
L002585,Sarah Chen,Samsung Electronics GmbH,,,Oscilloscopes,LinkedIn,"['IMS_Badge_Scan', 'Oscilloscope_Selector_Tool', 'SQL', 'Keysight_University_Course', 'Lab_Integration_Discussion', 'Lab_Integration_Discussion', 'No_Conversion']",0
L002586,Ravi Ito,Meta Connectivity Labs GmbH,Semiconductor,Europe,PathWave Software,Sales Outreach,"['Whitepaper_Download_5G_Test', 'Whitepaper_Download_5G_Test', 'Technical_Demo', 'Oscilloscope_Selector_Tool', 'Application_Engineer_Call', 'Oscilloscope_Selector_Tool', 'Application_Engineer_Call', 'No_Conversion']",0
L002587,,Infineon GmbH,Aerospace,APAC,,Email Campaign,"['AutoSens_Tech_Talk', 'Keysight_University_Course', 'Loaner_Unit_Evaluation', 'Oscilloscope_Selector_Tool', 'LinkedIn_Ad_Click', 'No_Conversion']",0
L002588,Chen Patel,Infin_Tech,Semiconductor,Europe,5G Testbeds,Website,['Customer'],1
L002589,Hiroshi Martinez,Meta Connectivity Labs,Semiconductor,,5G Testbeds,Email Campaign,"['Lab_Integration_Discussion', 'Oscilloscope_Selector_Tool', 'Application_Engineer_Call', 'AutoSens_Tech_Talk', 'Whitepaper_Download_5G_Test', 'No_Conversion']",0
L002590,Sofia Singh,Samsung Electronics GmbH,Aerospace,LATAM,,Event,"['Keysight_Workshop_RF_Testing', 'MQL', 'Lab_Integration_Discussion', 'IMS_Badge_Scan', 'Lab_Integration_Discussion', 'Website_Product_Page', 'No_Conversion']",0
L002591,Ahmed Tanaka,,Automotive,APAC,Automotive Ethernet,LinkedIn,['Customer'],1
L002592,Michael Martinez,Raytheon,Aerospace,APAC,,Email Campaign,"['LinkedIn_Ad_Click', 'SQL', 'Keysight_University_Course', 'Loaner_Unit_Evaluation', 'LinkedIn_Ad_Click', 'Lab_Integration_Discussion', 'Whitepaper_Download_5G_Test', 'DesignCon_Booth_Visit', 'DesignCon_Booth_Visit', 'Customer']",1
L002593,Maria Chen,Raytheon GmbH,Telecom,APAC,PathWave Software,,"['MQL', 'No_Conversion']",0
L002594,Chen Khan,NXP Semiconductors GmbH,,LATAM,Oscilloscopes,LinkedIn,"['Opportunity', 'Application_Engineer_Call', 'Customer']",1
L002595,Ahmed Ito,Meta Connectivity Labs GmbH,Semiconductor,Europe,Automotive Ethernet,Website,"['SQL', 'LinkedIn_Ad_Click', 'Keysight_Workshop_RF_Testing', 'MQL', 'Keysight_University_Course', 'Lab_Integration_Discussion', 'SQL', 'Whitepaper_Download_5G_Test', 'Lab_Integration_Discussion', 'Customer']",1
L002596,,MetaC_Tech,,,PathWave Software,LinkedIn,"['DesignCon_Booth_Visit', 'Keysight_University_Course', 'Customer']",1
L002597,Priya Lee,Broadcom,,Europe,PathWave Software,LinkedIn,"['Loaner_Unit_Evaluation', 'DesignCon_Booth_Visit', 'Whitepaper_Download_5G_Test', 'Application_Engineer_Call', 'Keysight_University_Course', 'PathWave_Trial_Request', 'LinkedIn_Ad_Click', 'PathWave_Trial_Request', 'SQL', 'Application_Engineer_Call', 'Customer']",1
L002598,Priya Khan,Raytheon,,LATAM,5G Testbeds,,"['IMS_Badge_Scan', 'Keysight_University_Course', 'Lab_Integration_Discussion', 'Loaner_Unit_Evaluation', 'Lab_Integration_Discussion', 'PathWave_Trial_Request', 'Customer']",1
L002599,Kenji Johnson,,Aerospace,LATAM,,,"['Technical_Demo', 'Keysight_University_Course', 'Opportunity', 'Customer']",1
L002600,Sarah Ito,Tesla_Tech,Telecom,APAC,,Website,"['Opportunity', 'IMS_Badge_Scan', 'Loaner_Unit_Evaluation', 'No_Conversion']",0
L002601,Daniel Johnson,Tesla Energy,Telecom,Europe,5G Testbeds,Webinar,"['LinkedIn_Ad_Click', 'AutoSens_Tech_Talk', 'DesignCon_Booth_Visit', 'Oscilloscope_Selector_Tool', 'No_Conversion']",0
L002602,Maria Singh,Samsung Electronics,,LATAM,PathWave Software,LinkedIn,"['PathWave_Trial_Request', 'PathWave_Trial_Request', 'Whitepaper_Download_5G_Test', 'PathWave_Trial_Request', 'Website_Product_Page', 'Opportunity', 'Customer']",1
L002603,,,Automotive,North America,,,"['AutoSens_Tech_Talk', 'IMS_Badge_Scan', 'Whitepaper_Download_5G_Test', 'Oscilloscope_Selector_Tool', 'Customer']",1
L002604,Chen Martinez,Samsu_Tech,Telecom,,Automotive Ethernet,Event,"['Loaner_Unit_Evaluation', 'Whitepaper_Download_5G_Test', 'DesignCon_Booth_Visit', 'Lab_Integration_Discussion', 'Opportunity', 'MQL', 'Customer']",1
L002605,Michael Khan,Bosch GmbH,Telecom,LATAM,,,"['Loaner_Unit_Evaluation', 'Keysight_University_Course', 'Application_Engineer_Call', 'Application_Engineer_Call', 'No_Conversion']",0
L002606,Ravi Anders,,,,,Event,"['Keysight_University_Course', 'Keysight_Workshop_RF_Testing', 'Oscilloscope_Selector_Tool', 'Opportunity', 'AutoSens_Tech_Talk', 'Customer']",1
L002607,Ahmed Khan,,Automotive,,,Event,"['IMS_Badge_Scan', 'Lab_Integration_Discussion', 'Customer']",1
L002608,Sarah Garcia,NXP Semiconductors GmbH,Electronics,APAC,Oscilloscopes,Email Campaign,['Customer'],1
L002609,Ahmed Johnson,Rayth_Tech,,Europe,Oscilloscopes,Email Campaign,"['Whitepaper_Download_5G_Test', 'Website_Product_Page', 'Application_Engineer_Call', 'PathWave_Trial_Request', 'No_Conversion']",0
L002610,Sarah Khan,,,North America,,Sales Outreach,['No_Conversion'],0
L002611,Sofia Johnson,Sony GmbH,Telecom,Europe,,Event,"['Lab_Integration_Discussion', 'MQL', 'No_Conversion']",0
L002612,Michael Anders,Broadcom,Aerospace,APAC,,LinkedIn,"['Keysight_Workshop_RF_Testing', 'DesignCon_Booth_Visit', 'MQL', 'LinkedIn_Ad_Click', 'Opportunity', 'Application_Engineer_Call', 'Lab_Integration_Discussion', 'Technical_Demo', 'No_Conversion']",0
L002613,Priya Patel,Rayth_Tech,Telecom,LATAM,,Website,"['Loaner_Unit_Evaluation', 'Technical_Demo', 'Customer']",1
L002614,Sarah Tanaka,Samsu_Tech,Telecom,North America,,LinkedIn,"['SQL', 'Application_Engineer_Call', 'No_Conversion']",0
L002615,Hiroshi Lee,Qualcomm GmbH,Automotive,Europe,,Website,"['IMS_Badge_Scan', 'Website_Product_Page', 'Application_Engineer_Call', 'Keysight_University_Course', 'Application_Engineer_Call', 'Loaner_Unit_Evaluation', 'No_Conversion']",0
L002616,Sarah Patel,Samsung Electronics GmbH,Automotive,North America,,Website,['No_Conversion'],0
L002617,Ahmed Lee,Infineon,Semiconductor,,,Event,"['AutoSens_Tech_Talk', 'Oscilloscope_Selector_Tool', 'SQL', 'IMS_Badge_Scan', 'SQL', 'Customer']",1
L002618,Daniel Ito,NXPSe_Tech,Semiconductor,APAC,PathWave Software,,['Customer'],1
L002619,Sarah Ito,,Aerospace,,,,"['PathWave_Trial_Request', 'PathWave_Trial_Request', 'IMS_Badge_Scan', 'No_Conversion']",0
L002620,Sofia Ito,Meta Connectivity Labs GmbH,,North America,Automotive Ethernet,Event,"['Lab_Integration_Discussion', 'Opportunity', 'AutoSens_Tech_Talk', 'Website_Product_Page', 'AutoSens_Tech_Talk', 'No_Conversion']",0
L002621,Priya Ito,Samsung Electronics,Telecom,Europe,Oscilloscopes,,"['Website_Product_Page', 'Whitepaper_Download_5G_Test', 'Lab_Integration_Discussion', 'Lab_Integration_Discussion', 'Customer']",1
L002622,Hiroshi Anders,Tesla Energy,,,5G Testbeds,,"['PathWave_Trial_Request', 'Customer']",1
L002623,Kenji Johnson,Bosch,Electronics,North America,Automotive Ethernet,Webinar,"['Loaner_Unit_Evaluation', 'SQL', 'Loaner_Unit_Evaluation', 'Whitepaper_Download_5G_Test', 'AutoSens_Tech_Talk', 'Customer']",1
L002624,Chen Garcia,Rayth_Tech,,APAC,Oscilloscopes,Sales Outreach,['Customer'],1
L002625,Maria Johnson,,,LATAM,5G Testbeds,,['No_Conversion'],0
L002626,Sofia Ito,Tesla Energy GmbH,Aerospace,Europe,Oscilloscopes,LinkedIn,"['IMS_Badge_Scan', 'DesignCon_Booth_Visit', 'IMS_Badge_Scan', 'Customer']",1
L002627,Michael Khan,MetaC_Tech,Electronics,APAC,5G Testbeds,Website,"['IMS_Badge_Scan', 'SQL', 'Keysight_Workshop_RF_Testing', 'Application_Engineer_Call', 'SQL', 'No_Conversion']",0
L002628,Laura Anders,Raytheon GmbH,,LATAM,5G Testbeds,Email Campaign,"['IMS_Badge_Scan', 'SQL', 'LinkedIn_Ad_Click', 'Keysight_Workshop_RF_Testing', 'PathWave_Trial_Request', 'Customer']",1
L002629,Sofia Martinez,Tesla Energy GmbH,Aerospace,LATAM,5G Testbeds,LinkedIn,"['MQL', 'IMS_Badge_Scan', 'Opportunity', 'LinkedIn_Ad_Click', 'AutoSens_Tech_Talk', 'AutoSens_Tech_Talk', 'Customer']",1
L002630,Daniel Williams,Bosch_Tech,Electronics,North America,Automotive Ethernet,Email Campaign,"['Keysight_University_Course', 'SQL', 'IMS_Badge_Scan', 'Website_Product_Page', 'Customer']",1
L002631,Michael Khan,,,APAC,,LinkedIn,"['LinkedIn_Ad_Click', 'Keysight_Workshop_RF_Testing', 'Technical_Demo', 'Oscilloscope_Selector_Tool', 'SQL', 'No_Conversion']",0
L002632,Priya Singh,Raytheon,Aerospace,APAC,,Sales Outreach,"['PathWave_Trial_Request', 'Keysight_University_Course', 'Customer']",1
L002633,Sofia Chen,Sony GmbH,,APAC,,Website,"['Whitepaper_Download_5G_Test', 'Lab_Integration_Discussion', 'Lab_Integration_Discussion', 'AutoSens_Tech_Talk', 'No_Conversion']",0
L002634,Maria Chen,Raytheon GmbH,,LATAM,PathWave Software,,"['Technical_Demo', 'IMS_Badge_Scan', 'Loaner_Unit_Evaluation', 'MQL', 'Keysight_University_Course', 'Lab_Integration_Discussion', 'No_Conversion']",0
L002635,Ahmed Ito,NXP Semiconductors GmbH,,Europe,,Webinar,"['Loaner_Unit_Evaluation', 'Loaner_Unit_Evaluation', 'PathWave_Trial_Request', 'Loaner_Unit_Evaluation', 'Application_Engineer_Call', 'Oscilloscope_Selector_Tool', 'IMS_Badge_Scan', 'DesignCon_Booth_Visit', 'No_Conversion']",0
L002636,Kenji Williams,NXP Semiconductors,Electronics,,PathWave Software,Event,"['Keysight_University_Course', 'Oscilloscope_Selector_Tool', 'MQL', 'DesignCon_Booth_Visit', 'Opportunity', 'AutoSens_Tech_Talk', 'Customer']",1
L002637,Ravi Singh,Qualcomm,Telecom,Europe,PathWave Software,Sales Outreach,['No_Conversion'],0
L002638,Chen Johnson,Broad_Tech,Telecom,APAC,Automotive Ethernet,Email Campaign,"['SQL', 'AutoSens_Tech_Talk', 'SQL', 'Application_Engineer_Call', 'Customer']",1
L002639,Chen Tanaka,,,APAC,,LinkedIn,"['LinkedIn_Ad_Click', 'Technical_Demo', 'IMS_Badge_Scan', 'Website_Product_Page', 'DesignCon_Booth_Visit', 'Application_Engineer_Call', 'Oscilloscope_Selector_Tool', 'Lab_Integration_Discussion', 'Customer']",1
L002640,Ahmed Martinez,NXP Semiconductors GmbH,Semiconductor,Europe,,Email Campaign,"['SQL', 'Whitepaper_Download_5G_Test', 'Technical_Demo', 'Technical_Demo', 'SQL', 'Customer']",1
L002641,Chen Chen,,,APAC,Oscilloscopes,Email Campaign,['No_Conversion'],0
L002642,Ravi Lee,Samsu_Tech,,Europe,Oscilloscopes,Email Campaign,"['Opportunity', 'Opportunity', 'MQL', 'LinkedIn_Ad_Click', 'MQL', 'Website_Product_Page', 'Customer']",1
L002643,Maria Khan,Bosch_Tech,Telecom,LATAM,PathWave Software,Sales Outreach,"['AutoSens_Tech_Talk', 'No_Conversion']",0
L002644,Maria Patel,,,Europe,Automotive Ethernet,Event,"['Loaner_Unit_Evaluation', 'Technical_Demo', 'Technical_Demo', 'Keysight_University_Course', 'Oscilloscope_Selector_Tool', 'MQL', 'Customer']",1
L002645,Ahmed Anders,Qualc_Tech,,APAC,,Event,"['Keysight_Workshop_RF_Testing', 'Loaner_Unit_Evaluation', 'Whitepaper_Download_5G_Test', 'Customer']",1
L002646,Sarah Lee,,,,PathWave Software,LinkedIn,"['Technical_Demo', 'No_Conversion']",0
L002647,Ravi Khan,Broadcom,Automotive,North America,Oscilloscopes,Email Campaign,"['Loaner_Unit_Evaluation', 'DesignCon_Booth_Visit', 'Customer']",1
L002648,Laura Ito,Tesla_Tech,,APAC,,Webinar,"['Whitepaper_Download_5G_Test', 'DesignCon_Booth_Visit', 'LinkedIn_Ad_Click', 'Opportunity', 'Opportunity', 'Customer']",1
L002649,Daniel Garcia,,Telecom,Europe,Automotive Ethernet,Webinar,"['Technical_Demo', 'Oscilloscope_Selector_Tool', 'AutoSens_Tech_Talk', 'Oscilloscope_Selector_Tool', 'Lab_Integration_Discussion', 'No_Conversion']",0
L002650,Priya Lee,Bosch GmbH,Semiconductor,Europe,,Email Campaign,"['Oscilloscope_Selector_Tool', 'Opportunity', 'Loaner_Unit_Evaluation', 'AutoSens_Tech_Talk', 'Opportunity', 'Lab_Integration_Discussion', 'Application_Engineer_Call', 'MQL', 'No_Conversion']",0
L002651,,Samsung Electronics,Automotive,Europe,Oscilloscopes,Website,"['PathWave_Trial_Request', 'DesignCon_Booth_Visit', 'Keysight_University_Course', 'Keysight_University_Course', 'Loaner_Unit_Evaluation', 'Oscilloscope_Selector_Tool', 'PathWave_Trial_Request', 'AutoSens_Tech_Talk', 'LinkedIn_Ad_Click', 'Loaner_Unit_Evaluation', 'Customer']",1
L002652,Ravi Johnson,Broad_Tech,,,PathWave Software,Email Campaign,"['Lab_Integration_Discussion', 'IMS_Badge_Scan', 'Loaner_Unit_Evaluation', 'Lab_Integration_Discussion', 'MQL', 'LinkedIn_Ad_Click', 'SQL', 'Customer']",1
L002653,Chen Williams,NXP Semiconductors GmbH,,,,Sales Outreach,"['Keysight_University_Course', 'IMS_Badge_Scan', 'Opportunity', 'LinkedIn_Ad_Click', 'LinkedIn_Ad_Click', 'MQL', 'Application_Engineer_Call', 'MQL', 'Keysight_University_Course', 'Customer']",1
L002654,Chen Martinez,,Telecom,LATAM,PathWave Software,Website,"['Loaner_Unit_Evaluation', 'PathWave_Trial_Request', 'Oscilloscope_Selector_Tool', 'Technical_Demo', 'No_Conversion']",0
L002655,Chen Anders,Bosch,Semiconductor,APAC,5G Testbeds,LinkedIn,"['DesignCon_Booth_Visit', 'Keysight_Workshop_RF_Testing', 'Keysight_University_Course', 'IMS_Badge_Scan', 'Customer']",1
L002656,Ravi Garcia,Infin_Tech,Semiconductor,APAC,,Webinar,"['Website_Product_Page', 'Lab_Integration_Discussion', 'Whitepaper_Download_5G_Test', 'SQL', 'Opportunity', 'Oscilloscope_Selector_Tool', 'Lab_Integration_Discussion', 'No_Conversion']",0
L002657,Kenji Chen,Bosch_Tech,Semiconductor,North America,,Webinar,"['Lab_Integration_Discussion', 'PathWave_Trial_Request', 'Application_Engineer_Call', 'No_Conversion']",0
L002658,Hiroshi Johnson,Samsung Electronics GmbH,,APAC,Automotive Ethernet,Sales Outreach,"['SQL', 'AutoSens_Tech_Talk', 'Keysight_Workshop_RF_Testing', 'IMS_Badge_Scan', 'Customer']",1
L002659,Chen Garcia,Meta Connectivity Labs GmbH,Automotive,,PathWave Software,LinkedIn,"['Opportunity', 'Whitepaper_Download_5G_Test', 'DesignCon_Booth_Visit', 'Keysight_University_Course', 'No_Conversion']",0
L002660,Michael Williams,,,,Oscilloscopes,Event,"['Keysight_Workshop_RF_Testing', 'Website_Product_Page', 'Whitepaper_Download_5G_Test', 'Website_Product_Page', 'Whitepaper_Download_5G_Test', 'IMS_Badge_Scan', 'Customer']",1
L002661,Hiroshi Williams,Meta Connectivity Labs GmbH,,Europe,,LinkedIn,"['Whitepaper_Download_5G_Test', 'Keysight_Workshop_RF_Testing', 'No_Conversion']",0
L002662,Michael Martinez,Broadcom GmbH,Aerospace,North America,5G Testbeds,Sales Outreach,"['LinkedIn_Ad_Click', 'Application_Engineer_Call', 'Keysight_Workshop_RF_Testing', 'AutoSens_Tech_Talk', 'Customer']",1
L002663,Priya Chen,NXP Semiconductors GmbH,,North America,PathWave Software,Sales Outreach,"['Oscilloscope_Selector_Tool', 'Keysight_University_Course', 'IMS_Badge_Scan', 'Customer']",1
L002664,Ravi Lee,Bosch_Tech,,Europe,Automotive Ethernet,Email Campaign,"['Technical_Demo', 'Oscilloscope_Selector_Tool', 'Opportunity', 'Whitepaper_Download_5G_Test', 'PathWave_Trial_Request', 'DesignCon_Booth_Visit', 'Oscilloscope_Selector_Tool', 'No_Conversion']",0
L002665,,,Telecom,,Oscilloscopes,LinkedIn,"['Oscilloscope_Selector_Tool', 'Whitepaper_Download_5G_Test', 'Lab_Integration_Discussion', 'Loaner_Unit_Evaluation', 'Oscilloscope_Selector_Tool', 'Lab_Integration_Discussion', 'No_Conversion']",0
L002666,Daniel Lee,NXP Semiconductors GmbH,,APAC,,Sales Outreach,"['Opportunity', 'AutoSens_Tech_Talk', 'Loaner_Unit_Evaluation', 'Customer']",1
L002667,Ravi Chen,Sony,Automotive,North America,,Event,"['Oscilloscope_Selector_Tool', 'Lab_Integration_Discussion', 'IMS_Badge_Scan', 'Customer']",1
L002668,Priya Ito,,,Europe,,Event,"['Whitepaper_Download_5G_Test', 'Opportunity', 'Website_Product_Page', 'Oscilloscope_Selector_Tool', 'Lab_Integration_Discussion', 'AutoSens_Tech_Talk', 'No_Conversion']",0
L002669,,,Telecom,APAC,PathWave Software,Sales Outreach,"['Application_Engineer_Call', 'No_Conversion']",0
L002670,Michael Williams,,Telecom,APAC,PathWave Software,Email Campaign,"['Website_Product_Page', 'SQL', 'Opportunity', 'Customer']",1
L002671,Laura Johnson,Infineon,Semiconductor,North America,,,"['Application_Engineer_Call', 'IMS_Badge_Scan', 'LinkedIn_Ad_Click', 'Keysight_University_Course', 'Keysight_University_Course', 'LinkedIn_Ad_Click', 'Keysight_Workshop_RF_Testing', 'DesignCon_Booth_Visit', 'No_Conversion']",0
L002672,Sofia Johnson,Samsung Electronics GmbH,Electronics,,Oscilloscopes,Event,"['DesignCon_Booth_Visit', 'Whitepaper_Download_5G_Test', 'Oscilloscope_Selector_Tool', 'Opportunity', 'Website_Product_Page', 'Application_Engineer_Call', 'IMS_Badge_Scan', 'Oscilloscope_Selector_Tool', 'Website_Product_Page', 'No_Conversion']",0
L002673,Kenji Lee,,,North America,,Event,['Customer'],1
L002674,Kenji Garcia,MetaC_Tech,,Europe,,LinkedIn,"['SQL', 'Loaner_Unit_Evaluation', 'MQL', 'Customer']",1
L002675,Chen Johnson,Infineon,,LATAM,5G Testbeds,Email Campaign,"['SQL', 'Oscilloscope_Selector_Tool', 'Application_Engineer_Call', 'Lab_Integration_Discussion', 'Oscilloscope_Selector_Tool', 'AutoSens_Tech_Talk', 'Customer']",1
L002676,Maria Johnson,Tesla Energy GmbH,,APAC,5G Testbeds,Website,"['Technical_Demo', 'Keysight_Workshop_RF_Testing', 'Loaner_Unit_Evaluation', 'SQL', 'Website_Product_Page', 'Customer']",1
L002677,Hiroshi Johnson,Raytheon GmbH,Automotive,North America,5G Testbeds,Webinar,"['Keysight_Workshop_RF_Testing', 'DesignCon_Booth_Visit', 'Lab_Integration_Discussion', 'Oscilloscope_Selector_Tool', 'Customer']",1
L002678,,,,APAC,Oscilloscopes,Website,"['Opportunity', 'Whitepaper_Download_5G_Test', 'MQL', 'Keysight_University_Course', 'Customer']",1
L002679,Ravi Khan,Tesla_Tech,Automotive,APAC,Oscilloscopes,,"['Whitepaper_Download_5G_Test', 'Keysight_Workshop_RF_Testing', 'AutoSens_Tech_Talk', 'Loaner_Unit_Evaluation', 'Opportunity', 'No_Conversion']",0
L002680,Maria Lee,NXPSe_Tech,,,Automotive Ethernet,,"['Keysight_Workshop_RF_Testing', 'MQL', 'Technical_Demo', 'AutoSens_Tech_Talk', 'Opportunity', 'Website_Product_Page', 'LinkedIn_Ad_Click', 'Keysight_University_Course', 'Lab_Integration_Discussion', 'Customer']",1
L002681,,Sony_Tech,Semiconductor,LATAM,5G Testbeds,Website,"['Application_Engineer_Call', 'PathWave_Trial_Request', 'Loaner_Unit_Evaluation', 'Keysight_Workshop_RF_Testing', 'Technical_Demo', 'MQL', 'Keysight_Workshop_RF_Testing', 'No_Conversion']",0
L002682,Chen Patel,Meta Connectivity Labs,Electronics,North America,5G Testbeds,LinkedIn,"['LinkedIn_Ad_Click', 'Application_Engineer_Call', 'Application_Engineer_Call', 'Keysight_University_Course', 'Technical_Demo', 'Whitepaper_Download_5G_Test', 'Keysight_Workshop_RF_Testing', 'No_Conversion']",0
L002683,Ahmed Garcia,Tesla_Tech,Automotive,LATAM,,,"['Loaner_Unit_Evaluation', 'PathWave_Trial_Request', 'PathWave_Trial_Request', 'Technical_Demo', 'Keysight_Workshop_RF_Testing', 'Oscilloscope_Selector_Tool', 'Opportunity', 'Oscilloscope_Selector_Tool', 'Customer']",1
L002684,,Qualcomm GmbH,,APAC,Automotive Ethernet,Email Campaign,"['Whitepaper_Download_5G_Test', 'LinkedIn_Ad_Click', 'SQL', 'Keysight_Workshop_RF_Testing', 'Oscilloscope_Selector_Tool', 'AutoSens_Tech_Talk', 'LinkedIn_Ad_Click', 'SQL', 'No_Conversion']",0
L002685,Daniel Johnson,Meta Connectivity Labs GmbH,Aerospace,APAC,,Website,"['Opportunity', 'SQL', 'DesignCon_Booth_Visit', 'No_Conversion']",0
L002686,Ravi Khan,Bosch GmbH,Aerospace,North America,Oscilloscopes,Event,"['LinkedIn_Ad_Click', 'SQL', 'Technical_Demo', 'Whitepaper_Download_5G_Test', 'Loaner_Unit_Evaluation', 'Website_Product_Page', 'Whitepaper_Download_5G_Test', 'Customer']",1
L002687,Sofia Patel,Sony,,,,,"['Website_Product_Page', 'No_Conversion']",0
L002688,Michael Martinez,,Telecom,Europe,Oscilloscopes,Website,"['SQL', 'Customer']",1
L002689,Kenji Tanaka,Broadcom GmbH,,APAC,5G Testbeds,Website,"['Whitepaper_Download_5G_Test', 'Keysight_Workshop_RF_Testing', 'Customer']",1
L002690,Ravi Anders,Raytheon,,North America,,Email Campaign,['Customer'],1
L002691,Priya Williams,Broad_Tech,,LATAM,,,"['AutoSens_Tech_Talk', 'No_Conversion']",0
L002692,Ahmed Garcia,Rayth_Tech,Semiconductor,Europe,Oscilloscopes,Website,"['DesignCon_Booth_Visit', 'Lab_Integration_Discussion', 'SQL', 'IMS_Badge_Scan', 'No_Conversion']",0
L002693,Sofia Lee,Infin_Tech,Semiconductor,Europe,5G Testbeds,Website,"['Technical_Demo', 'Keysight_Workshop_RF_Testing', 'IMS_Badge_Scan', 'DesignCon_Booth_Visit', 'MQL', 'AutoSens_Tech_Talk', 'Customer']",1
L002694,Sarah Garcia,Bosch_Tech,Telecom,,,Website,"['MQL', 'Technical_Demo', 'Loaner_Unit_Evaluation', 'No_Conversion']",0
L002695,Maria Ito,Infineon,Automotive,North America,,Event,['Customer'],1
L002696,Sarah Garcia,Tesla Energy,,,,Website,"['Lab_Integration_Discussion', 'Application_Engineer_Call', 'Technical_Demo', 'Keysight_Workshop_RF_Testing', 'No_Conversion']",0
L002697,Ahmed Tanaka,,Aerospace,Europe,Oscilloscopes,Email Campaign,['No_Conversion'],0
L002698,,Qualcomm,Semiconductor,APAC,PathWave Software,Email Campaign,"['LinkedIn_Ad_Click', 'SQL', 'Loaner_Unit_Evaluation', 'Customer']",1
L002699,Priya Patel,Broadcom GmbH,Semiconductor,,PathWave Software,Sales Outreach,"['Website_Product_Page', 'SQL', 'IMS_Badge_Scan', 'Keysight_University_Course', 'AutoSens_Tech_Talk', 'Customer']",1
L002700,Chen Khan,Broadcom GmbH,Telecom,LATAM,,Email Campaign,"['Oscilloscope_Selector_Tool', 'Customer']",1
L002701,Kenji Chen,Qualcomm,,LATAM,,Webinar,"['Keysight_Workshop_RF_Testing', 'Application_Engineer_Call', 'Keysight_University_Course', 'AutoSens_Tech_Talk', 'Lab_Integration_Discussion', 'SQL', 'LinkedIn_Ad_Click', 'No_Conversion']",0
L002702,Sarah Lee,Sony_Tech,Automotive,North America,,Email Campaign,"['SQL', 'Loaner_Unit_Evaluation', 'DesignCon_Booth_Visit', 'IMS_Badge_Scan', 'Loaner_Unit_Evaluation', 'IMS_Badge_Scan', 'Customer']",1
L002703,,,Telecom,LATAM,Oscilloscopes,,"['DesignCon_Booth_Visit', 'Technical_Demo', 'Lab_Integration_Discussion', 'LinkedIn_Ad_Click', 'Customer']",1
L002704,,NXP Semiconductors GmbH,Telecom,Europe,,Sales Outreach,"['PathWave_Trial_Request', 'Technical_Demo', 'Lab_Integration_Discussion', 'Technical_Demo', 'SQL', 'No_Conversion']",0
L002705,Kenji Garcia,NXPSe_Tech,Aerospace,APAC,Oscilloscopes,Email Campaign,"['Keysight_University_Course', 'Lab_Integration_Discussion', 'Oscilloscope_Selector_Tool', 'Opportunity', 'Lab_Integration_Discussion', 'MQL', 'Loaner_Unit_Evaluation', 'PathWave_Trial_Request', 'Customer']",1
L002706,Chen Williams,Tesla Energy,,North America,Oscilloscopes,Website,"['Opportunity', 'Loaner_Unit_Evaluation', 'Keysight_University_Course', 'Whitepaper_Download_5G_Test', 'Website_Product_Page', 'Application_Engineer_Call', 'Website_Product_Page', 'Customer']",1
L002707,Michael Khan,Bosch,Telecom,LATAM,PathWave Software,Event,"['SQL', 'Customer']",1
L002708,Ahmed Lee,,Electronics,,,Event,"['AutoSens_Tech_Talk', 'Oscilloscope_Selector_Tool', 'PathWave_Trial_Request', 'Lab_Integration_Discussion', 'No_Conversion']",0
L002709,Sofia Chen,Raytheon GmbH,,North America,PathWave Software,LinkedIn,['Customer'],1
L002710,Priya Lee,Raytheon,Electronics,,,Webinar,"['Application_Engineer_Call', 'Opportunity', 'SQL', 'Oscilloscope_Selector_Tool', 'Loaner_Unit_Evaluation', 'No_Conversion']",0
L002711,Daniel Anders,Rayth_Tech,Aerospace,,,Sales Outreach,"['Keysight_University_Course', 'LinkedIn_Ad_Click', 'Loaner_Unit_Evaluation', 'Keysight_University_Course', 'Website_Product_Page', 'Customer']",1
L002712,Priya Chen,Tesla Energy GmbH,Telecom,,,Event,['Customer'],1
L002713,,,Telecom,LATAM,Oscilloscopes,LinkedIn,"['PathWave_Trial_Request', 'Website_Product_Page', 'LinkedIn_Ad_Click', 'No_Conversion']",0
L002714,Sofia Singh,Bosch,,Europe,,Sales Outreach,"['Application_Engineer_Call', 'Whitepaper_Download_5G_Test', 'SQL', 'No_Conversion']",0
L002715,Chen Chen,MetaC_Tech,Automotive,Europe,,Event,"['Lab_Integration_Discussion', 'PathWave_Trial_Request', 'Application_Engineer_Call', 'Whitepaper_Download_5G_Test', 'Lab_Integration_Discussion', 'Customer']",1
L002716,Laura Tanaka,,,LATAM,,Sales Outreach,"['PathWave_Trial_Request', 'IMS_Badge_Scan', 'SQL', 'Keysight_University_Course', 'Customer']",1
L002717,Priya Chen,Bosch GmbH,Automotive,,5G Testbeds,Email Campaign,"['SQL', 'MQL', 'Application_Engineer_Call', 'AutoSens_Tech_Talk', 'Technical_Demo', 'PathWave_Trial_Request', 'Customer']",1
L002718,Sofia Singh,Bosch,Electronics,Europe,,Sales Outreach,['No_Conversion'],0
L002719,Maria Anders,Sony GmbH,Automotive,LATAM,,Webinar,['No_Conversion'],0
L002720,Chen Singh,,Semiconductor,,PathWave Software,Webinar,"['DesignCon_Booth_Visit', 'Lab_Integration_Discussion', 'DesignCon_Booth_Visit', 'Loaner_Unit_Evaluation', 'Application_Engineer_Call', 'AutoSens_Tech_Talk', 'Whitepaper_Download_5G_Test', 'Oscilloscope_Selector_Tool', 'Customer']",1
L002721,Kenji Singh,Raytheon,Electronics,North America,5G Testbeds,Event,"['Oscilloscope_Selector_Tool', 'DesignCon_Booth_Visit', 'Keysight_Workshop_RF_Testing', 'Opportunity', 'Customer']",1
L002722,Priya Anders,Meta Connectivity Labs GmbH,Telecom,,PathWave Software,Website,"['Loaner_Unit_Evaluation', 'PathWave_Trial_Request', 'SQL', 'Website_Product_Page', 'AutoSens_Tech_Talk', 'No_Conversion']",0
L002723,Laura Lee,Broad_Tech,Aerospace,North America,,Sales Outreach,"['DesignCon_Booth_Visit', 'Website_Product_Page', 'Opportunity', 'Application_Engineer_Call', 'LinkedIn_Ad_Click', 'SQL', 'No_Conversion']",0
L002724,Sarah Singh,Bosch GmbH,,North America,PathWave Software,Webinar,"['Opportunity', 'No_Conversion']",0
L002725,Sofia Garcia,,Electronics,,,,"['Website_Product_Page', 'Keysight_Workshop_RF_Testing', 'MQL', 'IMS_Badge_Scan', 'AutoSens_Tech_Talk', 'DesignCon_Booth_Visit', 'Loaner_Unit_Evaluation', 'Oscilloscope_Selector_Tool', 'LinkedIn_Ad_Click', 'Customer']",1
L002726,Sarah Garcia,,Aerospace,APAC,Oscilloscopes,,"['Keysight_University_Course', 'DesignCon_Booth_Visit', 'Customer']",1
L002727,Hiroshi Khan,Tesla_Tech,Electronics,Europe,Oscilloscopes,Website,"['Whitepaper_Download_5G_Test', 'Website_Product_Page', 'Keysight_Workshop_RF_Testing', 'Oscilloscope_Selector_Tool', 'No_Conversion']",0
L002728,Daniel Khan,Infineon GmbH,,LATAM,Oscilloscopes,Sales Outreach,"['IMS_Badge_Scan', 'Whitepaper_Download_5G_Test', 'SQL', 'Customer']",1
L002729,Maria Singh,NXPSe_Tech,Automotive,North America,Oscilloscopes,LinkedIn,"['Keysight_Workshop_RF_Testing', 'Opportunity', 'DesignCon_Booth_Visit', 'Keysight_Workshop_RF_Testing', 'DesignCon_Booth_Visit', 'No_Conversion']",0
L002730,,Bosch_Tech,Automotive,Europe,,Event,"['Whitepaper_Download_5G_Test', 'PathWave_Trial_Request', 'Keysight_University_Course', 'No_Conversion']",0
L002731,Kenji Williams,Infin_Tech,Telecom,North America,,LinkedIn,"['AutoSens_Tech_Talk', 'Opportunity', 'DesignCon_Booth_Visit', 'IMS_Badge_Scan', 'Keysight_University_Course', 'No_Conversion']",0
L002732,Priya Singh,,Telecom,LATAM,Automotive Ethernet,,"['PathWave_Trial_Request', 'Customer']",1
L002733,Ravi Anders,NXP Semiconductors GmbH,Aerospace,North America,Automotive Ethernet,Webinar,"['IMS_Badge_Scan', 'AutoSens_Tech_Talk', 'LinkedIn_Ad_Click', 'Loaner_Unit_Evaluation', 'Customer']",1
L002734,Priya Patel,Qualcomm GmbH,Aerospace,Europe,5G Testbeds,LinkedIn,"['LinkedIn_Ad_Click', 'PathWave_Trial_Request', 'Oscilloscope_Selector_Tool', 'Whitepaper_Download_5G_Test', 'SQL', 'SQL', 'MQL', 'SQL', 'No_Conversion']",0
L002735,Ahmed Martinez,,Semiconductor,APAC,,Event,"['Website_Product_Page', 'Lab_Integration_Discussion', 'SQL', 'No_Conversion']",0
L002736,Hiroshi Martinez,Broadcom GmbH,,North America,,Event,"['Website_Product_Page', 'No_Conversion']",0
L002737,Ravi Singh,,,LATAM,,Event,"['IMS_Badge_Scan', 'PathWave_Trial_Request', 'Loaner_Unit_Evaluation', 'MQL', 'Opportunity', 'Opportunity', 'IMS_Badge_Scan', 'No_Conversion']",0
L002738,Ravi Johnson,Infineon GmbH,,LATAM,5G Testbeds,LinkedIn,"['Whitepaper_Download_5G_Test', 'No_Conversion']",0
L002739,Sarah Johnson,Samsung Electronics GmbH,Automotive,LATAM,,Email Campaign,['No_Conversion'],0
L002740,Daniel Singh,Samsung Electronics GmbH,Telecom,Europe,,Email Campaign,"['Whitepaper_Download_5G_Test', 'Keysight_Workshop_RF_Testing', 'Keysight_University_Course', 'AutoSens_Tech_Talk', 'AutoSens_Tech_Talk', 'Lab_Integration_Discussion', 'AutoSens_Tech_Talk', 'SQL', 'PathWave_Trial_Request', 'No_Conversion']",0
L002741,Maria Tanaka,,,Europe,,Sales Outreach,"['Technical_Demo', 'Customer']",1
L002742,Chen Khan,Infin_Tech,Electronics,,PathWave Software,LinkedIn,"['Technical_Demo', 'Opportunity', 'Oscilloscope_Selector_Tool', 'LinkedIn_Ad_Click', 'PathWave_Trial_Request', 'IMS_Badge_Scan', 'Application_Engineer_Call', 'IMS_Badge_Scan', 'Oscilloscope_Selector_Tool', 'Loaner_Unit_Evaluation', 'Customer']",1
L002743,Sofia Chen,Bosch_Tech,Electronics,APAC,Automotive Ethernet,LinkedIn,['Customer'],1
L002744,Priya Patel,Infineon GmbH,,,Automotive Ethernet,Sales Outreach,['Customer'],1
L002745,Maria Patel,Qualc_Tech,,Europe,Oscilloscopes,Sales Outreach,['No_Conversion'],0
L002746,Ahmed Garcia,Sony,,Europe,PathWave Software,Webinar,"['Oscilloscope_Selector_Tool', 'PathWave_Trial_Request', 'DesignCon_Booth_Visit', 'Customer']",1
L002747,Priya Lee,,Semiconductor,LATAM,,Email Campaign,"['Application_Engineer_Call', 'PathWave_Trial_Request', 'SQL', 'LinkedIn_Ad_Click', 'Whitepaper_Download_5G_Test', 'LinkedIn_Ad_Click', 'Customer']",1
L002748,Priya Martinez,NXP Semiconductors GmbH,Aerospace,North America,,Event,"['Opportunity', 'SQL', 'SQL', 'Keysight_University_Course', 'AutoSens_Tech_Talk', 'Application_Engineer_Call', 'No_Conversion']",0
L002749,Sofia Khan,Samsu_Tech,,APAC,,Webinar,"['Technical_Demo', 'IMS_Badge_Scan', 'Technical_Demo', 'Website_Product_Page', 'Whitepaper_Download_5G_Test', 'Loaner_Unit_Evaluation', 'Customer']",1
L002750,Michael Garcia,Meta Connectivity Labs GmbH,,LATAM,Oscilloscopes,Email Campaign,"['LinkedIn_Ad_Click', 'Application_Engineer_Call', 'IMS_Badge_Scan', 'Keysight_Workshop_RF_Testing', 'IMS_Badge_Scan', 'Customer']",1
L002751,Hiroshi Khan,Qualcomm GmbH,Electronics,LATAM,,Sales Outreach,"['SQL', 'No_Conversion']",0
L002752,Kenji Johnson,Qualcomm,,,,Event,"['Application_Engineer_Call', 'MQL', 'No_Conversion']",0
L002753,Daniel Patel,,Automotive,APAC,PathWave Software,Event,['No_Conversion'],0
L002754,Ahmed Lee,Bosch_Tech,Semiconductor,North America,,Sales Outreach,"['Oscilloscope_Selector_Tool', 'IMS_Badge_Scan', 'Lab_Integration_Discussion', 'LinkedIn_Ad_Click', 'Customer']",1
L002755,Maria Tanaka,Bosch_Tech,,,5G Testbeds,Email Campaign,"['Whitepaper_Download_5G_Test', 'SQL', 'MQL', 'Keysight_University_Course', 'MQL', 'No_Conversion']",0
L002756,Sarah Tanaka,MetaC_Tech,Telecom,,Oscilloscopes,Website,['Customer'],1
L002757,Michael Anders,Sony_Tech,Aerospace,APAC,PathWave Software,Email Campaign,"['Technical_Demo', 'Application_Engineer_Call', 'Loaner_Unit_Evaluation', 'Application_Engineer_Call', 'AutoSens_Tech_Talk', 'Customer']",1
L002758,Michael Lee,Tesla_Tech,Aerospace,North America,Oscilloscopes,LinkedIn,"['Whitepaper_Download_5G_Test', 'Customer']",1
L002759,Sofia Khan,Broadcom GmbH,Electronics,LATAM,,Event,['No_Conversion'],0
L002760,Michael Singh,NXP Semiconductors GmbH,Electronics,North America,,Webinar,['Customer'],1
L002761,Hiroshi Singh,Raytheon GmbH,Automotive,LATAM,,Event,"['Keysight_University_Course', 'Keysight_Workshop_RF_Testing', 'PathWave_Trial_Request', 'Oscilloscope_Selector_Tool', 'No_Conversion']",0
L002762,Daniel Chen,,,APAC,Oscilloscopes,Email Campaign,['Customer'],1
L002763,Michael Williams,,Semiconductor,Europe,5G Testbeds,Event,"['Application_Engineer_Call', 'Lab_Integration_Discussion', 'MQL', 'Application_Engineer_Call', 'No_Conversion']",0
L002764,,,Telecom,North America,Automotive Ethernet,Email Campaign,"['Loaner_Unit_Evaluation', 'Oscilloscope_Selector_Tool', 'MQL', 'IMS_Badge_Scan', 'Whitepaper_Download_5G_Test', 'Loaner_Unit_Evaluation', 'No_Conversion']",0
L002765,Ravi Lee,Broad_Tech,Aerospace,LATAM,PathWave Software,,"['LinkedIn_Ad_Click', 'Whitepaper_Download_5G_Test', 'Loaner_Unit_Evaluation', 'Website_Product_Page', 'MQL', 'LinkedIn_Ad_Click', 'No_Conversion']",0
L002766,Chen Johnson,Samsu_Tech,Automotive,Europe,5G Testbeds,,"['LinkedIn_Ad_Click', 'Lab_Integration_Discussion', 'Keysight_University_Course', 'Keysight_University_Course', 'No_Conversion']",0
L002767,Laura Singh,Infin_Tech,,North America,Oscilloscopes,Event,"['Keysight_Workshop_RF_Testing', 'IMS_Badge_Scan', 'LinkedIn_Ad_Click', 'Opportunity', 'Keysight_University_Course', 'PathWave_Trial_Request', 'Technical_Demo', 'MQL', 'No_Conversion']",0
L002768,,Tesla Energy,,APAC,,Event,"['AutoSens_Tech_Talk', 'Loaner_Unit_Evaluation', 'SQL', 'No_Conversion']",0
L002769,Ravi Anders,Sony GmbH,Telecom,,,,"['IMS_Badge_Scan', 'DesignCon_Booth_Visit', 'IMS_Badge_Scan', 'Opportunity', 'Customer']",1
L002770,Priya Tanaka,Broad_Tech,,North America,PathWave Software,Webinar,"['Whitepaper_Download_5G_Test', 'Opportunity', 'No_Conversion']",0
L002771,Laura Garcia,Qualc_Tech,Telecom,APAC,PathWave Software,Webinar,"['IMS_Badge_Scan', 'MQL', 'IMS_Badge_Scan', 'No_Conversion']",0
L002772,Hiroshi Anders,,,,Automotive Ethernet,Event,"['MQL', 'Website_Product_Page', 'Loaner_Unit_Evaluation', 'Customer']",1
L002773,Ravi Patel,,,APAC,,Webinar,"['LinkedIn_Ad_Click', 'Lab_Integration_Discussion', 'Opportunity', 'No_Conversion']",0
L002774,Michael Khan,Tesla_Tech,Aerospace,LATAM,,,"['Keysight_University_Course', 'MQL', 'PathWave_Trial_Request', 'Oscilloscope_Selector_Tool', 'Loaner_Unit_Evaluation', 'Opportunity', 'IMS_Badge_Scan', 'Oscilloscope_Selector_Tool', 'Keysight_University_Course', 'No_Conversion']",0
L002775,Daniel Patel,Tesla_Tech,,LATAM,,Webinar,"['Keysight_University_Course', 'AutoSens_Tech_Talk', 'DesignCon_Booth_Visit', 'SQL', 'Customer']",1
L002776,Chen Singh,Qualcomm,Aerospace,,Oscilloscopes,Sales Outreach,"['Application_Engineer_Call', 'Lab_Integration_Discussion', 'MQL', 'Keysight_Workshop_RF_Testing', 'Oscilloscope_Selector_Tool', 'No_Conversion']",0
L002777,Ahmed Patel,Infineon,Aerospace,North America,PathWave Software,Sales Outreach,"['PathWave_Trial_Request', 'SQL', 'LinkedIn_Ad_Click', 'Loaner_Unit_Evaluation', 'Keysight_Workshop_RF_Testing', 'Opportunity', 'LinkedIn_Ad_Click', 'AutoSens_Tech_Talk', 'IMS_Badge_Scan', 'Keysight_Workshop_RF_Testing', 'Customer']",1
L002778,Maria Patel,Samsung Electronics GmbH,Aerospace,,,Email Campaign,"['IMS_Badge_Scan', 'Technical_Demo', 'Customer']",1
L002779,Laura Khan,Broad_Tech,Aerospace,North America,,Webinar,"['DesignCon_Booth_Visit', 'DesignCon_Booth_Visit', 'Website_Product_Page', 'Website_Product_Page', 'MQL', 'Oscilloscope_Selector_Tool', 'Customer']",1
L002780,Maria Khan,Infin_Tech,,,,Webinar,"['Whitepaper_Download_5G_Test', 'Lab_Integration_Discussion', 'Loaner_Unit_Evaluation', 'Customer']",1
L002781,Maria Lee,Bosch GmbH,Automotive,Europe,PathWave Software,Sales Outreach,"['LinkedIn_Ad_Click', 'PathWave_Trial_Request', 'Keysight_Workshop_RF_Testing', 'Customer']",1
L002782,Ahmed Johnson,Samsu_Tech,,APAC,,Event,"['PathWave_Trial_Request', 'Lab_Integration_Discussion', 'IMS_Badge_Scan', 'Website_Product_Page', 'Application_Engineer_Call', 'Loaner_Unit_Evaluation', 'Loaner_Unit_Evaluation', 'Technical_Demo', 'Website_Product_Page', 'IMS_Badge_Scan', 'No_Conversion']",0
L002783,Michael Tanaka,Sony,,,,Webinar,"['LinkedIn_Ad_Click', 'Technical_Demo', 'Loaner_Unit_Evaluation', 'Website_Product_Page', 'Lab_Integration_Discussion', 'Oscilloscope_Selector_Tool', 'No_Conversion']",0
L002784,Daniel Patel,Bosch,Telecom,Europe,5G Testbeds,Email Campaign,"['Loaner_Unit_Evaluation', 'SQL', 'SQL', 'MQL', 'No_Conversion']",0
L002785,Ahmed Williams,Infineon GmbH,,North America,PathWave Software,Website,"['DesignCon_Booth_Visit', 'SQL', 'Customer']",1
L002786,Laura Lee,Raytheon,,LATAM,Automotive Ethernet,Webinar,['Customer'],1
L002787,Kenji Chen,Broadcom,,North America,5G Testbeds,LinkedIn,"['PathWave_Trial_Request', 'Customer']",1
L002788,Ahmed Patel,Bosch_Tech,,LATAM,Oscilloscopes,Event,"['Lab_Integration_Discussion', 'Loaner_Unit_Evaluation', 'Oscilloscope_Selector_Tool', 'Whitepaper_Download_5G_Test', 'LinkedIn_Ad_Click', 'IMS_Badge_Scan', 'Oscilloscope_Selector_Tool', 'MQL', 'Opportunity', 'Customer']",1
L002789,Maria Garcia,,Automotive,North America,,Webinar,['Customer'],1
L002790,Daniel Ito,Qualcomm GmbH,Aerospace,APAC,PathWave Software,Email Campaign,"['Keysight_Workshop_RF_Testing', 'Oscilloscope_Selector_Tool', 'Lab_Integration_Discussion', 'Customer']",1
L002791,Sarah Johnson,Samsu_Tech,,Europe,PathWave Software,Website,"['IMS_Badge_Scan', 'Customer']",1
L002792,Chen Patel,Broad_Tech,Semiconductor,North America,PathWave Software,Event,"['Opportunity', 'Whitepaper_Download_5G_Test', 'MQL', 'Website_Product_Page', 'No_Conversion']",0
L002793,Maria Johnson,Raytheon,Aerospace,APAC,,Sales Outreach,"['LinkedIn_Ad_Click', 'Loaner_Unit_Evaluation', 'Lab_Integration_Discussion', 'Whitepaper_Download_5G_Test', 'Oscilloscope_Selector_Tool', 'Customer']",1
L002794,Ahmed Williams,Qualc_Tech,Semiconductor,,Automotive Ethernet,LinkedIn,"['Lab_Integration_Discussion', 'Keysight_Workshop_RF_Testing', 'Loaner_Unit_Evaluation', 'Customer']",1
L002795,Laura Chen,,,North America,,Email Campaign,"['AutoSens_Tech_Talk', 'Opportunity', 'Keysight_University_Course', 'AutoSens_Tech_Talk', 'Opportunity', 'Loaner_Unit_Evaluation', 'Application_Engineer_Call', 'PathWave_Trial_Request', 'DesignCon_Booth_Visit', 'No_Conversion']",0
L002796,Michael Williams,,,,Automotive Ethernet,Email Campaign,"['LinkedIn_Ad_Click', 'Website_Product_Page', 'IMS_Badge_Scan', 'Loaner_Unit_Evaluation', 'Application_Engineer_Call', 'PathWave_Trial_Request', 'Customer']",1
L002797,,,,North America,Oscilloscopes,Sales Outreach,"['Loaner_Unit_Evaluation', 'IMS_Badge_Scan', 'Whitepaper_Download_5G_Test', 'Application_Engineer_Call', 'SQL', 'Lab_Integration_Discussion', 'Opportunity', 'No_Conversion']",0
L002798,Hiroshi Ito,,Aerospace,LATAM,,Website,"['Technical_Demo', 'MQL', 'Whitepaper_Download_5G_Test', 'Whitepaper_Download_5G_Test', 'Loaner_Unit_Evaluation', 'Keysight_University_Course', 'Keysight_University_Course', 'Technical_Demo', 'Customer']",1
L002799,Kenji Chen,Rayth_Tech,Aerospace,North America,PathWave Software,Sales Outreach,"['IMS_Badge_Scan', 'Oscilloscope_Selector_Tool', 'SQL', 'No_Conversion']",0
L002800,Sofia Garcia,,,North America,,Email Campaign,"['Technical_Demo', 'DesignCon_Booth_Visit', 'Oscilloscope_Selector_Tool', 'Technical_Demo', 'Website_Product_Page', 'MQL', 'MQL', 'No_Conversion']",0
L002801,Kenji Anders,,,,,Website,"['Keysight_University_Course', 'LinkedIn_Ad_Click', 'Customer']",1
L002802,,Bosch,Automotive,LATAM,Automotive Ethernet,Website,"['Keysight_Workshop_RF_Testing', 'MQL', 'Opportunity', 'Keysight_Workshop_RF_Testing', 'Customer']",1
L002803,,Raytheon GmbH,,Europe,PathWave Software,Sales Outreach,"['Oscilloscope_Selector_Tool', 'Oscilloscope_Selector_Tool', 'PathWave_Trial_Request', 'SQL', 'No_Conversion']",0
L002804,,Samsung Electronics GmbH,Aerospace,LATAM,,LinkedIn,['No_Conversion'],0
L002805,Chen Anders,Infineon GmbH,Aerospace,,,,"['Oscilloscope_Selector_Tool', 'Keysight_University_Course', 'Loaner_Unit_Evaluation', 'Technical_Demo', 'No_Conversion']",0
L002806,Daniel Johnson,Qualc_Tech,Semiconductor,North America,,Event,"['Technical_Demo', 'AutoSens_Tech_Talk', 'AutoSens_Tech_Talk', 'Customer']",1
L002807,Kenji Ito,Qualc_Tech,Automotive,LATAM,PathWave Software,Website,"['Keysight_Workshop_RF_Testing', 'Lab_Integration_Discussion', 'Keysight_Workshop_RF_Testing', 'Keysight_University_Course', 'AutoSens_Tech_Talk', 'LinkedIn_Ad_Click', 'Customer']",1
L002808,Michael Khan,,,APAC,Automotive Ethernet,Webinar,"['SQL', 'IMS_Badge_Scan', 'Customer']",1
L002809,Michael Williams,Tesla_Tech,Telecom,APAC,,,"['Lab_Integration_Discussion', 'LinkedIn_Ad_Click', 'LinkedIn_Ad_Click', 'AutoSens_Tech_Talk', 'No_Conversion']",0
L002810,Ravi Johnson,Tesla Energy,,LATAM,Automotive Ethernet,Event,"['Keysight_Workshop_RF_Testing', 'Opportunity', 'Opportunity', 'No_Conversion']",0
L002811,Laura Khan,Samsu_Tech,,,PathWave Software,LinkedIn,"['Lab_Integration_Discussion', 'Opportunity', 'No_Conversion']",0
L002812,Daniel Patel,Bosch_Tech,Aerospace,LATAM,Oscilloscopes,Email Campaign,['Customer'],1
L002813,Michael Tanaka,,,North America,Automotive Ethernet,Sales Outreach,"['Opportunity', 'Opportunity', 'AutoSens_Tech_Talk', 'Keysight_University_Course', 'Opportunity', 'No_Conversion']",0
L002814,Michael Martinez,Infin_Tech,Automotive,North America,,,['No_Conversion'],0
L002815,Laura Johnson,Raytheon GmbH,Telecom,North America,,,['Customer'],1
L002816,,Samsung Electronics GmbH,,North America,PathWave Software,Email Campaign,"['Oscilloscope_Selector_Tool', 'Whitepaper_Download_5G_Test', 'IMS_Badge_Scan', 'No_Conversion']",0
L002817,Priya Lee,,Telecom,Europe,5G Testbeds,Event,"['DesignCon_Booth_Visit', 'Keysight_Workshop_RF_Testing', 'AutoSens_Tech_Talk', 'SQL', 'No_Conversion']",0
L002818,Daniel Ito,Bosch GmbH,,,5G Testbeds,Webinar,"['PathWave_Trial_Request', 'DesignCon_Booth_Visit', 'MQL', 'DesignCon_Booth_Visit', 'IMS_Badge_Scan', 'Oscilloscope_Selector_Tool', 'IMS_Badge_Scan', 'No_Conversion']",0
L002819,Maria Singh,NXP Semiconductors GmbH,,LATAM,Automotive Ethernet,,"['Loaner_Unit_Evaluation', 'PathWave_Trial_Request', 'Customer']",1
L002820,Hiroshi Singh,Broadcom,Electronics,North America,,Email Campaign,"['IMS_Badge_Scan', 'Customer']",1
L002821,Sofia Lee,Tesla Energy GmbH,Semiconductor,LATAM,5G Testbeds,Website,"['AutoSens_Tech_Talk', 'No_Conversion']",0
L002822,Sofia Chen,Tesla Energy,Automotive,,5G Testbeds,Event,"['Lab_Integration_Discussion', 'Lab_Integration_Discussion', 'SQL', 'Keysight_Workshop_RF_Testing', 'SQL', 'Opportunity', 'PathWave_Trial_Request', 'Technical_Demo', 'Customer']",1
L002823,Chen Williams,Samsung Electronics,,North America,Oscilloscopes,Webinar,"['DesignCon_Booth_Visit', 'Keysight_University_Course', 'Lab_Integration_Discussion', 'No_Conversion']",0
L002824,,NXP Semiconductors GmbH,,,Automotive Ethernet,Email Campaign,"['AutoSens_Tech_Talk', 'Loaner_Unit_Evaluation', 'Application_Engineer_Call', 'MQL', 'IMS_Badge_Scan', 'Customer']",1
L002825,Chen Singh,Broadcom GmbH,Aerospace,Europe,,Email Campaign,"['AutoSens_Tech_Talk', 'Whitepaper_Download_5G_Test', 'Lab_Integration_Discussion', 'SQL', 'SQL', 'Keysight_Workshop_RF_Testing', 'Lab_Integration_Discussion', 'IMS_Badge_Scan', 'Customer']",1
L002826,Maria Anders,,Aerospace,Europe,5G Testbeds,Sales Outreach,"['Loaner_Unit_Evaluation', 'MQL', 'Technical_Demo', 'Customer']",1
L002827,Chen Chen,Infin_Tech,Aerospace,Europe,PathWave Software,Event,"['LinkedIn_Ad_Click', 'Opportunity', 'IMS_Badge_Scan', 'LinkedIn_Ad_Click', 'LinkedIn_Ad_Click', 'Customer']",1
L002828,Hiroshi Martinez,Broadcom GmbH,Aerospace,,Automotive Ethernet,,"['LinkedIn_Ad_Click', 'SQL', 'AutoSens_Tech_Talk', 'Keysight_University_Course', 'No_Conversion']",0
L002829,Ahmed Martinez,,Telecom,,Automotive Ethernet,LinkedIn,"['IMS_Badge_Scan', 'MQL', 'LinkedIn_Ad_Click', 'Keysight_Workshop_RF_Testing', 'Oscilloscope_Selector_Tool', 'Keysight_Workshop_RF_Testing', 'Customer']",1
L002830,,,Telecom,North America,Automotive Ethernet,Website,"['PathWave_Trial_Request', 'Technical_Demo', 'Keysight_University_Course', 'Whitepaper_Download_5G_Test', 'Customer']",1
L002831,Maria Tanaka,Meta Connectivity Labs GmbH,,North America,Oscilloscopes,LinkedIn,"['Application_Engineer_Call', 'DesignCon_Booth_Visit', 'Keysight_Workshop_RF_Testing', 'MQL', 'IMS_Badge_Scan', 'AutoSens_Tech_Talk', 'No_Conversion']",0
L002832,Priya Martinez,Broadcom,Semiconductor,,,Website,"['PathWave_Trial_Request', 'DesignCon_Booth_Visit', 'LinkedIn_Ad_Click', 'SQL', 'Customer']",1
L002833,Hiroshi Khan,,Telecom,,Automotive Ethernet,Email Campaign,"['Application_Engineer_Call', 'PathWave_Trial_Request', 'Technical_Demo', 'Website_Product_Page', 'No_Conversion']",0
L002834,Priya Williams,Qualcomm,Telecom,LATAM,5G Testbeds,,"['DesignCon_Booth_Visit', 'Whitepaper_Download_5G_Test', 'IMS_Badge_Scan', 'LinkedIn_Ad_Click', 'DesignCon_Booth_Visit', 'PathWave_Trial_Request', 'No_Conversion']",0
L002835,Ravi Tanaka,MetaC_Tech,Electronics,Europe,PathWave Software,Email Campaign,"['Whitepaper_Download_5G_Test', 'PathWave_Trial_Request', 'Lab_Integration_Discussion', 'Opportunity', 'Keysight_Workshop_RF_Testing', 'Application_Engineer_Call', 'MQL', 'DesignCon_Booth_Visit', 'Website_Product_Page', 'Customer']",1
L002836,Chen Chen,Bosch GmbH,Aerospace,LATAM,Oscilloscopes,Webinar,"['AutoSens_Tech_Talk', 'Opportunity', 'DesignCon_Booth_Visit', 'Keysight_University_Course', 'Opportunity', 'Customer']",1
L002837,Maria Garcia,Infineon GmbH,Aerospace,Europe,,Sales Outreach,['Customer'],1
L002838,Hiroshi Anders,Bosch_Tech,Electronics,APAC,5G Testbeds,LinkedIn,"['LinkedIn_Ad_Click', 'IMS_Badge_Scan', 'Application_Engineer_Call', 'Opportunity', 'No_Conversion']",0
L002839,Daniel Johnson,Sony,Telecom,Europe,,LinkedIn,['No_Conversion'],0
L002840,Ahmed Lee,NXP Semiconductors,Semiconductor,APAC,Automotive Ethernet,LinkedIn,"['IMS_Badge_Scan', 'Customer']",1
L002841,Ahmed Johnson,NXPSe_Tech,Electronics,Europe,,,"['Application_Engineer_Call', 'Whitepaper_Download_5G_Test', 'Customer']",1
L002842,Kenji Chen,Meta Connectivity Labs,,North America,Automotive Ethernet,Sales Outreach,"['Whitepaper_Download_5G_Test', 'LinkedIn_Ad_Click', 'Oscilloscope_Selector_Tool', 'PathWave_Trial_Request', 'Customer']",1
L002843,Ravi Chen,Bosch_Tech,,North America,Automotive Ethernet,LinkedIn,['Customer'],1
L002844,Ravi Anders,Meta Connectivity Labs GmbH,Telecom,LATAM,Oscilloscopes,Event,"['Keysight_Workshop_RF_Testing', 'Oscilloscope_Selector_Tool', 'Application_Engineer_Call', 'No_Conversion']",0
L002845,Ravi Lee,,Electronics,,Oscilloscopes,Webinar,"['Technical_Demo', 'MQL', 'PathWave_Trial_Request', 'AutoSens_Tech_Talk', 'No_Conversion']",0
L002846,Hiroshi Martinez,Rayth_Tech,,APAC,Oscilloscopes,Webinar,"['SQL', 'PathWave_Trial_Request', 'AutoSens_Tech_Talk', 'Keysight_Workshop_RF_Testing', 'Application_Engineer_Call', 'Customer']",1
L002847,Michael Martinez,Qualcomm,,North America,,Event,['Customer'],1
L002848,,,,Europe,,Website,"['AutoSens_Tech_Talk', 'Website_Product_Page', 'Technical_Demo', 'Oscilloscope_Selector_Tool', 'Lab_Integration_Discussion', 'No_Conversion']",0
L002849,Laura Garcia,,,APAC,PathWave Software,Event,"['DesignCon_Booth_Visit', 'MQL', 'MQL', 'Technical_Demo', 'Opportunity', 'Loaner_Unit_Evaluation', 'No_Conversion']",0
L002850,,Tesla Energy GmbH,Telecom,North America,5G Testbeds,Sales Outreach,"['LinkedIn_Ad_Click', 'Whitepaper_Download_5G_Test', 'Technical_Demo', 'No_Conversion']",0
L002851,Priya Garcia,Broadcom,Automotive,LATAM,,Webinar,"['IMS_Badge_Scan', 'Opportunity', 'Whitepaper_Download_5G_Test', 'Technical_Demo', 'Keysight_Workshop_RF_Testing', 'Opportunity', 'Customer']",1
L002852,Hiroshi Khan,Broadcom GmbH,Automotive,North America,5G Testbeds,Email Campaign,['Customer'],1
L002853,Chen Lee,Sony,Aerospace,North America,5G Testbeds,LinkedIn,"['Whitepaper_Download_5G_Test', 'Application_Engineer_Call', 'Keysight_University_Course', 'Customer']",1
L002854,Ravi Williams,NXPSe_Tech,Telecom,LATAM,Oscilloscopes,Website,"['Oscilloscope_Selector_Tool', 'IMS_Badge_Scan', 'Technical_Demo', 'Keysight_University_Course', 'Website_Product_Page', 'Keysight_University_Course', 'MQL', 'Website_Product_Page', 'Customer']",1
L002855,Sofia Martinez,Tesla Energy,,Europe,5G Testbeds,Event,['Customer'],1
L002856,Priya Johnson,Tesla_Tech,,North America,Automotive Ethernet,Website,['Customer'],1
L002857,,Qualcomm,,Europe,Oscilloscopes,,"['MQL', 'Customer']",1
L002858,Priya Williams,Raytheon GmbH,,LATAM,,Webinar,"['Website_Product_Page', 'Lab_Integration_Discussion', 'Oscilloscope_Selector_Tool', 'MQL', 'LinkedIn_Ad_Click', 'Loaner_Unit_Evaluation', 'Lab_Integration_Discussion', 'DesignCon_Booth_Visit', 'No_Conversion']",0
L002859,Chen Lee,Broad_Tech,Telecom,APAC,,Webinar,"['Whitepaper_Download_5G_Test', 'Lab_Integration_Discussion', 'DesignCon_Booth_Visit', 'Keysight_University_Course', 'Opportunity', 'Keysight_University_Course', 'MQL', 'Keysight_University_Course', 'Customer']",1
L002860,Maria Singh,Qualcomm GmbH,Telecom,Europe,,LinkedIn,"['Keysight_Workshop_RF_Testing', 'IMS_Badge_Scan', 'Opportunity', 'Technical_Demo', 'Website_Product_Page', 'No_Conversion']",0
L002861,Chen Johnson,Raytheon GmbH,Electronics,APAC,5G Testbeds,LinkedIn,"['Application_Engineer_Call', 'Whitepaper_Download_5G_Test', 'Opportunity', 'Customer']",1
L002862,Chen Chen,,,LATAM,,Event,"['MQL', 'Keysight_Workshop_RF_Testing', 'SQL', 'No_Conversion']",0
L002863,Laura Martinez,Qualcomm GmbH,,APAC,,Event,"['Keysight_University_Course', 'Technical_Demo', 'Lab_Integration_Discussion', 'Application_Engineer_Call', 'Application_Engineer_Call', 'Website_Product_Page', 'Application_Engineer_Call', 'No_Conversion']",0
L002864,Daniel Patel,MetaC_Tech,Automotive,APAC,5G Testbeds,Website,"['AutoSens_Tech_Talk', 'Oscilloscope_Selector_Tool', 'Application_Engineer_Call', 'Opportunity', 'Oscilloscope_Selector_Tool', 'Website_Product_Page', 'No_Conversion']",0
L002865,Chen Martinez,,,APAC,,Sales Outreach,"['Technical_Demo', 'Whitepaper_Download_5G_Test', 'Keysight_Workshop_RF_Testing', 'Opportunity', 'Oscilloscope_Selector_Tool', 'Whitepaper_Download_5G_Test', 'Lab_Integration_Discussion', 'Oscilloscope_Selector_Tool', 'DesignCon_Booth_Visit', 'No_Conversion']",0
L002866,,Raytheon,,North America,Automotive Ethernet,,"['Keysight_University_Course', 'Whitepaper_Download_5G_Test', 'Technical_Demo', 'Loaner_Unit_Evaluation', 'IMS_Badge_Scan', 'Lab_Integration_Discussion', 'No_Conversion']",0
L002867,Priya Garcia,Tesla Energy,,LATAM,Oscilloscopes,Email Campaign,"['IMS_Badge_Scan', 'Application_Engineer_Call', 'No_Conversion']",0
L002868,Sarah Garcia,Tesla Energy,Telecom,,,LinkedIn,"['Oscilloscope_Selector_Tool', 'Keysight_Workshop_RF_Testing', 'MQL', 'SQL', 'Customer']",1
L002869,Daniel Martinez,,Telecom,Europe,,Sales Outreach,"['Opportunity', 'Keysight_University_Course', 'Whitepaper_Download_5G_Test', 'AutoSens_Tech_Talk', 'SQL', 'Oscilloscope_Selector_Tool', 'Customer']",1
L002870,,Sony_Tech,Electronics,North America,Automotive Ethernet,Webinar,"['Opportunity', 'IMS_Badge_Scan', 'SQL', 'Whitepaper_Download_5G_Test', 'Customer']",1
L002871,Sarah Khan,Meta Connectivity Labs,Semiconductor,North America,Oscilloscopes,Website,"['Whitepaper_Download_5G_Test', 'Customer']",1
L002872,Chen Patel,Tesla_Tech,Telecom,,5G Testbeds,Webinar,"['Loaner_Unit_Evaluation', 'Loaner_Unit_Evaluation', 'LinkedIn_Ad_Click', 'Application_Engineer_Call', 'AutoSens_Tech_Talk', 'AutoSens_Tech_Talk', 'Application_Engineer_Call', 'Opportunity', 'Customer']",1
L002873,,Broadcom,,APAC,,Email Campaign,['No_Conversion'],0
L002874,Priya Williams,Qualcomm GmbH,Telecom,,,LinkedIn,"['PathWave_Trial_Request', 'PathWave_Trial_Request', 'Technical_Demo', 'Lab_Integration_Discussion', 'IMS_Badge_Scan', 'Customer']",1
L002875,Sarah Anders,Sony,Electronics,Europe,Automotive Ethernet,,"['IMS_Badge_Scan', 'Oscilloscope_Selector_Tool', 'Oscilloscope_Selector_Tool', 'DesignCon_Booth_Visit', 'AutoSens_Tech_Talk', 'SQL', 'Lab_Integration_Discussion', 'No_Conversion']",0
L002876,,Bosch,Semiconductor,,5G Testbeds,LinkedIn,"['IMS_Badge_Scan', 'Website_Product_Page', 'DesignCon_Booth_Visit', 'Keysight_Workshop_RF_Testing', 'DesignCon_Booth_Visit', 'Whitepaper_Download_5G_Test', 'Customer']",1
L002877,Ravi Tanaka,NXP Semiconductors,Automotive,,5G Testbeds,Website,"['SQL', 'Whitepaper_Download_5G_Test', 'SQL', 'Loaner_Unit_Evaluation', 'Website_Product_Page', 'Loaner_Unit_Evaluation', 'LinkedIn_Ad_Click', 'MQL', 'No_Conversion']",0
L002878,Kenji Chen,Infineon,,APAC,Oscilloscopes,Email Campaign,"['Application_Engineer_Call', 'Lab_Integration_Discussion', 'Loaner_Unit_Evaluation', 'No_Conversion']",0
L002879,Kenji Chen,Tesla Energy,Automotive,,,Webinar,"['LinkedIn_Ad_Click', 'Keysight_Workshop_RF_Testing', 'AutoSens_Tech_Talk', 'DesignCon_Booth_Visit', 'Opportunity', 'Customer']",1
L002880,Sarah Khan,Qualcomm GmbH,Telecom,,PathWave Software,LinkedIn,"['Application_Engineer_Call', 'Application_Engineer_Call', 'Keysight_University_Course', 'Keysight_University_Course', 'Lab_Integration_Discussion', 'IMS_Badge_Scan', 'PathWave_Trial_Request', 'Loaner_Unit_Evaluation', 'IMS_Badge_Scan', 'Customer']",1
L002881,Michael Patel,Sony,Automotive,,Oscilloscopes,Webinar,"['SQL', 'Website_Product_Page', 'Technical_Demo', 'Website_Product_Page', 'No_Conversion']",0
L002882,Maria Williams,Sony,,,,,['Customer'],1
L002883,Kenji Lee,Bosch,Automotive,North America,Automotive Ethernet,,"['PathWave_Trial_Request', 'PathWave_Trial_Request', 'AutoSens_Tech_Talk', 'DesignCon_Booth_Visit', 'DesignCon_Booth_Visit', 'PathWave_Trial_Request', 'Lab_Integration_Discussion', 'Application_Engineer_Call', 'No_Conversion']",0
L002884,Hiroshi Martinez,Bosch_Tech,Telecom,Europe,PathWave Software,Event,"['IMS_Badge_Scan', 'Application_Engineer_Call', 'Lab_Integration_Discussion', 'Whitepaper_Download_5G_Test', 'Keysight_Workshop_RF_Testing', 'Opportunity', 'Loaner_Unit_Evaluation', 'No_Conversion']",0
L002885,Ahmed Singh,,Electronics,,5G Testbeds,,"['Loaner_Unit_Evaluation', 'SQL', 'Website_Product_Page', 'Customer']",1
L002886,Ahmed Martinez,Meta Connectivity Labs GmbH,,APAC,,Email Campaign,"['Keysight_University_Course', 'PathWave_Trial_Request', 'PathWave_Trial_Request', 'SQL', 'Whitepaper_Download_5G_Test', 'Oscilloscope_Selector_Tool', 'Customer']",1
L002887,Laura Singh,Infin_Tech,Electronics,LATAM,,LinkedIn,"['IMS_Badge_Scan', 'Keysight_University_Course', 'Technical_Demo', 'Lab_Integration_Discussion', 'No_Conversion']",0
L002888,Laura Johnson,,Electronics,Europe,,,"['Website_Product_Page', 'Keysight_Workshop_RF_Testing', 'Loaner_Unit_Evaluation', 'No_Conversion']",0
L002889,Priya Lee,Meta Connectivity Labs GmbH,Telecom,North America,,Email Campaign,"['LinkedIn_Ad_Click', 'Application_Engineer_Call', 'SQL', 'Loaner_Unit_Evaluation', 'Website_Product_Page', 'Keysight_Workshop_RF_Testing', 'Loaner_Unit_Evaluation', 'MQL', 'MQL', 'Opportunity', 'No_Conversion']",0
L002890,Sarah Williams,,,Europe,5G Testbeds,LinkedIn,"['SQL', 'MQL', 'DesignCon_Booth_Visit', 'SQL', 'MQL', 'Keysight_University_Course', 'SQL', 'Opportunity', 'Technical_Demo', 'Customer']",1
L002891,Sarah Khan,Sony_Tech,Semiconductor,,PathWave Software,Website,"['Application_Engineer_Call', 'Customer']",1
L002892,Sofia Singh,Broad_Tech,Automotive,,,Website,"['Whitepaper_Download_5G_Test', 'Whitepaper_Download_5G_Test', 'Keysight_University_Course', 'Oscilloscope_Selector_Tool', 'DesignCon_Booth_Visit', 'Customer']",1
L002893,Maria Singh,Tesla_Tech,Automotive,LATAM,Automotive Ethernet,LinkedIn,"['Technical_Demo', 'LinkedIn_Ad_Click', 'Technical_Demo', 'DesignCon_Booth_Visit', 'LinkedIn_Ad_Click', 'Keysight_Workshop_RF_Testing', 'Customer']",1
L002894,Laura Anders,Qualcomm GmbH,Electronics,North America,,Event,"['Technical_Demo', 'Website_Product_Page', 'Website_Product_Page', 'No_Conversion']",0
L002895,Chen Lee,Sony GmbH,,,,Website,"['Whitepaper_Download_5G_Test', 'Whitepaper_Download_5G_Test', 'Keysight_Workshop_RF_Testing', 'LinkedIn_Ad_Click', 'No_Conversion']",0
L002896,Chen Garcia,Meta Connectivity Labs GmbH,Automotive,LATAM,,LinkedIn,"['SQL', 'Keysight_University_Course', 'Oscilloscope_Selector_Tool', 'No_Conversion']",0
L002897,Chen Khan,Samsung Electronics GmbH,Telecom,APAC,PathWave Software,Website,"['PathWave_Trial_Request', 'Keysight_University_Course', 'Opportunity', 'DesignCon_Booth_Visit', 'No_Conversion']",0
L002898,Michael Khan,NXPSe_Tech,,,PathWave Software,Email Campaign,"['Website_Product_Page', 'SQL', 'AutoSens_Tech_Talk', 'Whitepaper_Download_5G_Test', 'Keysight_University_Course', 'MQL', 'Technical_Demo', 'Opportunity', 'Application_Engineer_Call', 'No_Conversion']",0
L002899,Ahmed Tanaka,Tesla Energy,Electronics,,,Event,"['SQL', 'Technical_Demo', 'Whitepaper_Download_5G_Test', 'SQL', 'Whitepaper_Download_5G_Test', 'PathWave_Trial_Request', 'LinkedIn_Ad_Click', 'Loaner_Unit_Evaluation', 'Customer']",1
L002900,Michael Johnson,Rayth_Tech,Telecom,Europe,Oscilloscopes,LinkedIn,"['Application_Engineer_Call', 'Keysight_University_Course', 'DesignCon_Booth_Visit', 'Whitepaper_Download_5G_Test', 'MQL', 'LinkedIn_Ad_Click', 'Application_Engineer_Call', 'SQL', 'Customer']",1
L002901,Maria Lee,NXPSe_Tech,Automotive,Europe,PathWave Software,Website,"['Keysight_Workshop_RF_Testing', 'Application_Engineer_Call', 'Whitepaper_Download_5G_Test', 'PathWave_Trial_Request', 'Website_Product_Page', 'Website_Product_Page', 'SQL', 'Loaner_Unit_Evaluation', 'No_Conversion']",0
L002902,,Infineon GmbH,Automotive,Europe,,Email Campaign,"['Keysight_University_Course', 'Lab_Integration_Discussion', 'Application_Engineer_Call', 'Customer']",1
L002903,Michael Tanaka,Infin_Tech,,,,,"['SQL', 'No_Conversion']",0
L002904,Sofia Williams,Qualc_Tech,Semiconductor,APAC,PathWave Software,Website,['Customer'],1
L002905,Kenji Lee,Sony,Aerospace,North America,Oscilloscopes,Event,"['Website_Product_Page', 'MQL', 'Opportunity', 'Lab_Integration_Discussion', 'PathWave_Trial_Request', 'Opportunity', 'Customer']",1
L002906,Kenji Williams,,Electronics,Europe,5G Testbeds,Email Campaign,"['AutoSens_Tech_Talk', 'Keysight_University_Course', 'No_Conversion']",0
L002907,Hiroshi Johnson,Rayth_Tech,,,5G Testbeds,Sales Outreach,"['PathWave_Trial_Request', 'No_Conversion']",0
L002908,Daniel Tanaka,Broadcom GmbH,Telecom,Europe,5G Testbeds,Sales Outreach,"['SQL', 'No_Conversion']",0
L002909,Laura Chen,Qualc_Tech,,North America,5G Testbeds,Website,"['IMS_Badge_Scan', 'LinkedIn_Ad_Click', 'AutoSens_Tech_Talk', 'PathWave_Trial_Request', 'Application_Engineer_Call', 'LinkedIn_Ad_Click', 'Opportunity', 'Customer']",1
L002910,Kenji Khan,Broadcom GmbH,Automotive,Europe,,Event,"['Technical_Demo', 'Opportunity', 'Whitepaper_Download_5G_Test', 'Customer']",1
L002911,Chen Martinez,Raytheon,Telecom,Europe,Oscilloscopes,Website,"['SQL', 'IMS_Badge_Scan', 'Whitepaper_Download_5G_Test', 'Website_Product_Page', 'MQL', 'Oscilloscope_Selector_Tool', 'LinkedIn_Ad_Click', 'IMS_Badge_Scan', 'MQL', 'Customer']",1
L002912,Ravi Garcia,Broadcom GmbH,,APAC,,Email Campaign,"['Keysight_Workshop_RF_Testing', 'Lab_Integration_Discussion', 'Application_Engineer_Call', 'Website_Product_Page', 'Keysight_Workshop_RF_Testing', 'Whitepaper_Download_5G_Test', 'IMS_Badge_Scan', 'MQL', 'No_Conversion']",0
L002913,,Sony_Tech,Semiconductor,APAC,Oscilloscopes,Sales Outreach,"['LinkedIn_Ad_Click', 'Website_Product_Page', 'Customer']",1
L002914,Hiroshi Tanaka,Qualc_Tech,Automotive,Europe,,Sales Outreach,"['Lab_Integration_Discussion', 'Lab_Integration_Discussion', 'Keysight_University_Course', 'Application_Engineer_Call', 'MQL', 'MQL', 'Keysight_University_Course', 'AutoSens_Tech_Talk', 'DesignCon_Booth_Visit', 'Opportunity', 'Customer']",1
L002915,Maria Patel,Meta Connectivity Labs GmbH,Aerospace,APAC,Oscilloscopes,,"['IMS_Badge_Scan', 'Customer']",1
L002916,Sofia Williams,,Telecom,LATAM,PathWave Software,Email Campaign,"['Website_Product_Page', 'No_Conversion']",0
L002917,Michael Khan,Qualc_Tech,Semiconductor,,Automotive Ethernet,Website,"['Keysight_Workshop_RF_Testing', 'SQL', 'Keysight_Workshop_RF_Testing', 'Website_Product_Page', 'Keysight_Workshop_RF_Testing', 'Lab_Integration_Discussion', 'Technical_Demo', 'Lab_Integration_Discussion', 'Whitepaper_Download_5G_Test', 'No_Conversion']",0
L002918,Sofia Williams,NXP Semiconductors GmbH,,,,Email Campaign,"['Technical_Demo', 'Customer']",1
L002919,Laura Singh,NXP Semiconductors GmbH,Telecom,APAC,,Event,"['Opportunity', 'Technical_Demo', 'DesignCon_Booth_Visit', 'Application_Engineer_Call', 'Customer']",1
L002920,Laura Martinez,Tesla Energy GmbH,Electronics,APAC,,Event,['No_Conversion'],0
L002921,Ravi Patel,Infin_Tech,Aerospace,North America,PathWave Software,Webinar,"['Oscilloscope_Selector_Tool', 'Keysight_Workshop_RF_Testing', 'Lab_Integration_Discussion', 'Customer']",1
L002922,Daniel Tanaka,MetaC_Tech,Automotive,North America,,Sales Outreach,"['Keysight_Workshop_RF_Testing', 'Application_Engineer_Call', 'MQL', 'Loaner_Unit_Evaluation', 'Technical_Demo', 'No_Conversion']",0
L002923,Kenji Johnson,Tesla Energy GmbH,Automotive,LATAM,Oscilloscopes,Email Campaign,"['DesignCon_Booth_Visit', 'Website_Product_Page', 'Whitepaper_Download_5G_Test', 'Website_Product_Page', 'No_Conversion']",0
L002924,Ahmed Johnson,,,Europe,Automotive Ethernet,Event,"['Keysight_University_Course', 'MQL', 'No_Conversion']",0
L002925,Maria Lee,,,Europe,Oscilloscopes,Sales Outreach,"['Loaner_Unit_Evaluation', 'MQL', 'LinkedIn_Ad_Click', 'Keysight_Workshop_RF_Testing', 'IMS_Badge_Scan', 'Customer']",1
L002926,Hiroshi Ito,NXP Semiconductors,Telecom,APAC,Automotive Ethernet,Email Campaign,"['IMS_Badge_Scan', 'Keysight_University_Course', 'Oscilloscope_Selector_Tool', 'Lab_Integration_Discussion', 'Keysight_University_Course', 'Application_Engineer_Call', 'LinkedIn_Ad_Click', 'Customer']",1
L002927,Kenji Johnson,Meta Connectivity Labs GmbH,,LATAM,5G Testbeds,Website,"['Whitepaper_Download_5G_Test', 'Opportunity', 'Application_Engineer_Call', 'No_Conversion']",0
L002928,,Meta Connectivity Labs,,APAC,PathWave Software,Email Campaign,"['LinkedIn_Ad_Click', 'Website_Product_Page', 'Keysight_University_Course', 'Opportunity', 'IMS_Badge_Scan', 'No_Conversion']",0
L002929,Ravi Singh,Bosch_Tech,Semiconductor,North America,PathWave Software,Webinar,"['IMS_Badge_Scan', 'Keysight_Workshop_RF_Testing', 'Website_Product_Page', 'Keysight_University_Course', 'Loaner_Unit_Evaluation', 'Whitepaper_Download_5G_Test', 'Loaner_Unit_Evaluation', 'Application_Engineer_Call', 'LinkedIn_Ad_Click', 'No_Conversion']",0
L002930,Hiroshi Singh,Sony_Tech,,APAC,5G Testbeds,Event,"['Oscilloscope_Selector_Tool', 'MQL', 'Technical_Demo', 'Customer']",1
L002931,Sofia Garcia,Meta Connectivity Labs GmbH,,,Oscilloscopes,Webinar,"['Lab_Integration_Discussion', 'Whitepaper_Download_5G_Test', 'PathWave_Trial_Request', 'Opportunity', 'Customer']",1
L002932,Sofia Ito,Raytheon,Automotive,,Automotive Ethernet,Sales Outreach,"['Oscilloscope_Selector_Tool', 'Customer']",1
L002933,Hiroshi Garcia,Meta Connectivity Labs,,Europe,Automotive Ethernet,,"['Loaner_Unit_Evaluation', 'Lab_Integration_Discussion', 'SQL', 'Whitepaper_Download_5G_Test', 'Customer']",1
L002934,Hiroshi Lee,Tesla Energy,,North America,PathWave Software,Website,"['IMS_Badge_Scan', 'SQL', 'Technical_Demo', 'Whitepaper_Download_5G_Test', 'Opportunity', 'Technical_Demo', 'SQL', 'Technical_Demo', 'Customer']",1
L002935,Michael Singh,Tesla Energy,,Europe,Oscilloscopes,Webinar,"['Lab_Integration_Discussion', 'Application_Engineer_Call', 'Keysight_University_Course', 'LinkedIn_Ad_Click', 'SQL', 'Website_Product_Page', 'Whitepaper_Download_5G_Test', 'Keysight_University_Course', 'Keysight_Workshop_RF_Testing', 'Technical_Demo', 'No_Conversion']",0
L002936,Sarah Patel,Raytheon,Telecom,,PathWave Software,Sales Outreach,"['Loaner_Unit_Evaluation', 'Keysight_University_Course', 'Opportunity', 'LinkedIn_Ad_Click', 'DesignCon_Booth_Visit', 'PathWave_Trial_Request', 'Oscilloscope_Selector_Tool', 'No_Conversion']",0
L002937,Priya Williams,,,,,Website,"['Oscilloscope_Selector_Tool', 'Whitepaper_Download_5G_Test', 'Application_Engineer_Call', 'Application_Engineer_Call', 'Keysight_University_Course', 'Whitepaper_Download_5G_Test', 'Opportunity', 'No_Conversion']",0
L002938,Chen Singh,,Aerospace,North America,PathWave Software,LinkedIn,['No_Conversion'],0
L002939,,Tesla Energy,,,,Website,"['Lab_Integration_Discussion', 'AutoSens_Tech_Talk', 'LinkedIn_Ad_Click', 'Loaner_Unit_Evaluation', 'No_Conversion']",0
L002940,Maria Anders,Meta Connectivity Labs,,APAC,,Website,"['Keysight_University_Course', 'Application_Engineer_Call', 'MQL', 'AutoSens_Tech_Talk', 'No_Conversion']",0
L002941,Hiroshi Martinez,Samsu_Tech,Telecom,APAC,PathWave Software,LinkedIn,"['DesignCon_Booth_Visit', 'Loaner_Unit_Evaluation', 'Oscilloscope_Selector_Tool', 'SQL', 'Customer']",1
L002942,Sofia Williams,,Telecom,,Oscilloscopes,Event,"['Keysight_University_Course', 'Customer']",1
L002943,Priya Singh,,,APAC,,Sales Outreach,"['PathWave_Trial_Request', 'IMS_Badge_Scan', 'Technical_Demo', 'Lab_Integration_Discussion', 'Keysight_Workshop_RF_Testing', 'Loaner_Unit_Evaluation', 'Application_Engineer_Call', 'Application_Engineer_Call', 'No_Conversion']",0
L002944,Ravi Chen,NXPSe_Tech,Telecom,North America,PathWave Software,Sales Outreach,"['IMS_Badge_Scan', 'Loaner_Unit_Evaluation', 'Whitepaper_Download_5G_Test', 'LinkedIn_Ad_Click', 'MQL', 'Customer']",1
L002945,Maria Williams,Sony_Tech,,APAC,PathWave Software,Website,"['Lab_Integration_Discussion', 'Keysight_University_Course', 'SQL', 'Loaner_Unit_Evaluation', 'Customer']",1
L002946,Laura Ito,,Telecom,,5G Testbeds,Event,['No_Conversion'],0
L002947,Ravi Johnson,,Electronics,LATAM,Oscilloscopes,Webinar,"['Loaner_Unit_Evaluation', 'LinkedIn_Ad_Click', 'Customer']",1
L002948,Michael Martinez,NXP Semiconductors GmbH,,Europe,,Sales Outreach,"['Lab_Integration_Discussion', 'No_Conversion']",0
L002949,Kenji Williams,NXP Semiconductors GmbH,,North America,,Event,"['Keysight_Workshop_RF_Testing', 'Opportunity', 'Application_Engineer_Call', 'IMS_Badge_Scan', 'AutoSens_Tech_Talk', 'Keysight_University_Course', 'IMS_Badge_Scan', 'Customer']",1
L002950,,NXPSe_Tech,Electronics,North America,5G Testbeds,,"['MQL', 'MQL', 'MQL', 'Customer']",1
L002951,Sofia Chen,Meta Connectivity Labs,,North America,,LinkedIn,"['LinkedIn_Ad_Click', 'MQL', 'PathWave_Trial_Request', 'IMS_Badge_Scan', 'SQL', 'Loaner_Unit_Evaluation', 'Application_Engineer_Call', 'Lab_Integration_Discussion', 'MQL', 'Whitepaper_Download_5G_Test', 'Customer']",1
L002952,Ravi Khan,Infineon GmbH,Aerospace,,PathWave Software,Email Campaign,"['IMS_Badge_Scan', 'Lab_Integration_Discussion', 'Technical_Demo', 'Keysight_Workshop_RF_Testing', 'Lab_Integration_Discussion', 'LinkedIn_Ad_Click', 'IMS_Badge_Scan', 'Customer']",1
L002953,Chen Martinez,Bosch GmbH,Semiconductor,,Automotive Ethernet,Sales Outreach,"['IMS_Badge_Scan', 'Application_Engineer_Call', 'MQL', 'No_Conversion']",0
L002954,Laura Khan,Qualcomm GmbH,Aerospace,,,Event,"['Technical_Demo', 'MQL', 'AutoSens_Tech_Talk', 'Loaner_Unit_Evaluation', 'Keysight_University_Course', 'DesignCon_Booth_Visit', 'Customer']",1
L002955,Priya Garcia,Rayth_Tech,Semiconductor,APAC,5G Testbeds,Event,"['Application_Engineer_Call', 'Loaner_Unit_Evaluation', 'PathWave_Trial_Request', 'Loaner_Unit_Evaluation', 'Opportunity', 'Customer']",1
L002956,Kenji Anders,Qualcomm GmbH,,APAC,Oscilloscopes,,"['LinkedIn_Ad_Click', 'Lab_Integration_Discussion', 'DesignCon_Booth_Visit', 'Loaner_Unit_Evaluation', 'Lab_Integration_Discussion', 'Customer']",1
L002957,Sofia Ito,Broadcom,,APAC,Oscilloscopes,Email Campaign,"['PathWave_Trial_Request', 'Oscilloscope_Selector_Tool', 'MQL', 'Customer']",1
L002958,Chen Tanaka,Samsung Electronics GmbH,Automotive,Europe,,Webinar,"['Website_Product_Page', 'Opportunity', 'DesignCon_Booth_Visit', 'Customer']",1
L002959,Ahmed Lee,Bosch GmbH,,,Automotive Ethernet,Webinar,"['SQL', 'No_Conversion']",0
L002960,Priya Williams,Infin_Tech,,Europe,Oscilloscopes,Sales Outreach,"['MQL', 'AutoSens_Tech_Talk', 'Application_Engineer_Call', 'Whitepaper_Download_5G_Test', 'IMS_Badge_Scan', 'Website_Product_Page', 'Technical_Demo', 'Keysight_University_Course', 'No_Conversion']",0
L002961,Sofia Chen,,Semiconductor,,,Webinar,"['Opportunity', 'AutoSens_Tech_Talk', 'Keysight_University_Course', 'Application_Engineer_Call', 'PathWave_Trial_Request', 'DesignCon_Booth_Visit', 'Opportunity', 'No_Conversion']",0
L002962,Laura Khan,Broadcom,Semiconductor,Europe,Oscilloscopes,Website,['Customer'],1
L002963,Laura Chen,Raytheon GmbH,Telecom,APAC,5G Testbeds,Webinar,"['LinkedIn_Ad_Click', 'PathWave_Trial_Request', 'Application_Engineer_Call', 'Oscilloscope_Selector_Tool', 'Keysight_University_Course', 'IMS_Badge_Scan', 'MQL', 'IMS_Badge_Scan', 'Customer']",1
L002964,Sofia Khan,Qualcomm,Electronics,,Oscilloscopes,LinkedIn,"['Keysight_Workshop_RF_Testing', 'Website_Product_Page', 'AutoSens_Tech_Talk', 'Loaner_Unit_Evaluation', 'Customer']",1
L002965,Sofia Khan,Samsung Electronics GmbH,Automotive,,,Webinar,['Customer'],1
L002966,Ravi Ito,Meta Connectivity Labs,Automotive,North America,Oscilloscopes,,"['Keysight_University_Course', 'Website_Product_Page', 'DesignCon_Booth_Visit', 'SQL', 'Website_Product_Page', 'Loaner_Unit_Evaluation', 'Customer']",1
L002967,Kenji Singh,Sony_Tech,Automotive,,PathWave Software,LinkedIn,"['PathWave_Trial_Request', 'Opportunity', 'SQL', 'Oscilloscope_Selector_Tool', 'Customer']",1
L002968,Ravi Lee,NXP Semiconductors,,APAC,,LinkedIn,"['Loaner_Unit_Evaluation', 'No_Conversion']",0
L002969,Daniel Ito,Tesla Energy,Electronics,,Automotive Ethernet,Event,"['Technical_Demo', 'Application_Engineer_Call', 'Keysight_Workshop_RF_Testing', 'Application_Engineer_Call', 'AutoSens_Tech_Talk', 'PathWave_Trial_Request', 'No_Conversion']",0
L002970,Daniel Singh,,,Europe,,,"['AutoSens_Tech_Talk', 'LinkedIn_Ad_Click', 'Loaner_Unit_Evaluation', 'Technical_Demo', 'PathWave_Trial_Request', 'Oscilloscope_Selector_Tool', 'Loaner_Unit_Evaluation', 'Keysight_University_Course', 'Customer']",1
L002971,Michael Lee,,Aerospace,,Oscilloscopes,Email Campaign,"['Application_Engineer_Call', 'Application_Engineer_Call', 'Keysight_Workshop_RF_Testing', 'Loaner_Unit_Evaluation', 'Customer']",1
L002972,Daniel Anders,Tesla Energy GmbH,Semiconductor,North America,Oscilloscopes,Email Campaign,"['Keysight_Workshop_RF_Testing', 'Technical_Demo', 'LinkedIn_Ad_Click', 'SQL', 'No_Conversion']",0
L002973,Ravi Chen,Broad_Tech,Automotive,,Oscilloscopes,LinkedIn,"['AutoSens_Tech_Talk', 'DesignCon_Booth_Visit', 'Oscilloscope_Selector_Tool', 'No_Conversion']",0
L002974,Laura Johnson,Infineon GmbH,Telecom,,PathWave Software,Email Campaign,"['SQL', 'Website_Product_Page', 'Application_Engineer_Call', 'Keysight_University_Course', 'Oscilloscope_Selector_Tool', 'Lab_Integration_Discussion', 'IMS_Badge_Scan', 'Customer']",1
L002975,Michael Johnson,,Aerospace,North America,,Email Campaign,"['SQL', 'Customer']",1
L002976,Sarah Singh,Samsung Electronics GmbH,Aerospace,LATAM,PathWave Software,Webinar,['Customer'],1
L002977,Daniel Martinez,Infin_Tech,Aerospace,APAC,,,"['MQL', 'IMS_Badge_Scan', 'MQL', 'Customer']",1
L002978,Hiroshi Johnson,,Electronics,APAC,5G Testbeds,Email Campaign,"['AutoSens_Tech_Talk', 'MQL', 'PathWave_Trial_Request', 'No_Conversion']",0
L002979,Hiroshi Garcia,,,,5G Testbeds,Email Campaign,"['MQL', 'Opportunity', 'IMS_Badge_Scan', 'Lab_Integration_Discussion', 'No_Conversion']",0
L002980,Maria Johnson,,,North America,PathWave Software,Webinar,"['Opportunity', 'Keysight_University_Course', 'Opportunity', 'MQL', 'SQL', 'Customer']",1
L002981,Kenji Williams,Rayth_Tech,Semiconductor,Europe,,Sales Outreach,"['Oscilloscope_Selector_Tool', 'Opportunity', 'No_Conversion']",0
L002982,Sofia Singh,Raytheon GmbH,,LATAM,5G Testbeds,Webinar,"['Website_Product_Page', 'Opportunity', 'No_Conversion']",0
L002983,Hiroshi Anders,Rayth_Tech,Aerospace,,,Sales Outreach,"['Keysight_University_Course', 'AutoSens_Tech_Talk', 'PathWave_Trial_Request', 'Keysight_Workshop_RF_Testing', 'Website_Product_Page', 'No_Conversion']",0
L002984,Ravi Tanaka,,,LATAM,Oscilloscopes,Email Campaign,"['MQL', 'AutoSens_Tech_Talk', 'Loaner_Unit_Evaluation', 'Application_Engineer_Call', 'Technical_Demo', 'Oscilloscope_Selector_Tool', 'Loaner_Unit_Evaluation', 'No_Conversion']",0
L002985,Priya Chen,,Electronics,,,Email Campaign,"['Opportunity', 'Loaner_Unit_Evaluation', 'SQL', 'PathWave_Trial_Request', 'Customer']",1
L002986,Daniel Lee,Samsung Electronics,Aerospace,,Automotive Ethernet,Webinar,"['Oscilloscope_Selector_Tool', 'AutoSens_Tech_Talk', 'Application_Engineer_Call', 'Keysight_University_Course', 'Loaner_Unit_Evaluation', 'Website_Product_Page', 'MQL', 'Oscilloscope_Selector_Tool', 'No_Conversion']",0
L002987,Laura Anders,NXP Semiconductors,Automotive,,,Sales Outreach,"['SQL', 'Technical_Demo', 'Customer']",1
L002988,Chen Anders,Sony,Electronics,North America,,Event,"['DesignCon_Booth_Visit', 'Technical_Demo', 'Keysight_University_Course', 'SQL', 'DesignCon_Booth_Visit', 'MQL', 'Customer']",1
L002989,Laura Khan,,Aerospace,,,Event,"['Keysight_Workshop_RF_Testing', 'SQL', 'No_Conversion']",0
L002990,Hiroshi Martinez,Sony GmbH,,APAC,Oscilloscopes,Sales Outreach,"['Keysight_Workshop_RF_Testing', 'AutoSens_Tech_Talk', 'No_Conversion']",0
L002991,Priya Johnson,Tesla_Tech,,LATAM,,Website,"['Application_Engineer_Call', 'IMS_Badge_Scan', 'PathWave_Trial_Request', 'Customer']",1
L002992,Sarah Lee,Broad_Tech,Aerospace,,,Sales Outreach,"['SQL', 'No_Conversion']",0
L002993,Priya Lee,Broadcom GmbH,Aerospace,APAC,,Webinar,['No_Conversion'],0
L002994,Ahmed Ito,Qualcomm GmbH,Electronics,APAC,Automotive Ethernet,LinkedIn,"['SQL', 'LinkedIn_Ad_Click', 'Keysight_University_Course', 'SQL', 'Opportunity', 'Application_Engineer_Call', 'AutoSens_Tech_Talk', 'Loaner_Unit_Evaluation', 'Customer']",1
L002995,Daniel Martinez,NXP Semiconductors GmbH,Semiconductor,Europe,,Sales Outreach,"['Oscilloscope_Selector_Tool', 'LinkedIn_Ad_Click', 'LinkedIn_Ad_Click', 'Customer']",1
L002996,Kenji Johnson,NXPSe_Tech,Semiconductor,APAC,,Sales Outreach,"['SQL', 'AutoSens_Tech_Talk', 'DesignCon_Booth_Visit', 'Technical_Demo', 'Opportunity', 'Customer']",1
L002997,Kenji Chen,,,Europe,Oscilloscopes,Website,"['DesignCon_Booth_Visit', 'SQL', 'Customer']",1
L002998,Michael Ito,,Telecom,LATAM,,LinkedIn,"['Oscilloscope_Selector_Tool', 'LinkedIn_Ad_Click', 'DesignCon_Booth_Visit', 'Technical_Demo', 'PathWave_Trial_Request', 'AutoSens_Tech_Talk', 'MQL', 'No_Conversion']",0
L002999,Sarah Johnson,Bosch,Aerospace,,Oscilloscopes,,"['Keysight_Workshop_RF_Testing', 'PathWave_Trial_Request', 'Customer']",1
L003000,Laura Lee,Infineon GmbH,,North America,,Event,"['MQL', 'LinkedIn_Ad_Click', 'Application_Engineer_Call', 'IMS_Badge_Scan', 'Keysight_University_Course', 'No_Conversion']",0
L003001,Ahmed Lee,,,,PathWave Software,Event,"['Whitepaper_Download_5G_Test', 'Whitepaper_Download_5G_Test', 'Technical_Demo', 'Lab_Integration_Discussion', 'LinkedIn_Ad_Click', 'Application_Engineer_Call', 'Oscilloscope_Selector_Tool', 'DesignCon_Booth_Visit', 'Loaner_Unit_Evaluation', 'No_Conversion']",0
L003002,Chen Patel,Bosch_Tech,,APAC,5G Testbeds,LinkedIn,"['Application_Engineer_Call', 'Application_Engineer_Call', 'PathWave_Trial_Request', 'MQL', 'Customer']",1
L003003,Ravi Anders,MetaC_Tech,Automotive,Europe,PathWave Software,,"['Technical_Demo', 'DesignCon_Booth_Visit', 'Oscilloscope_Selector_Tool', 'Oscilloscope_Selector_Tool', 'LinkedIn_Ad_Click', 'No_Conversion']",0
L003004,Chen Williams,Sony,Semiconductor,North America,Oscilloscopes,Email Campaign,"['PathWave_Trial_Request', 'Opportunity', 'Technical_Demo', 'Technical_Demo', 'No_Conversion']",0
L003005,Sarah Tanaka,Infineon GmbH,,APAC,PathWave Software,,"['IMS_Badge_Scan', 'Loaner_Unit_Evaluation', 'DesignCon_Booth_Visit', 'Oscilloscope_Selector_Tool', 'LinkedIn_Ad_Click', 'SQL', 'IMS_Badge_Scan', 'Technical_Demo', 'AutoSens_Tech_Talk', 'Opportunity', 'No_Conversion']",0
L003006,Daniel Garcia,Qualcomm,Automotive,LATAM,,Sales Outreach,"['SQL', 'Application_Engineer_Call', 'Whitepaper_Download_5G_Test', 'SQL', 'Customer']",1
L003007,,Samsu_Tech,,Europe,Oscilloscopes,Email Campaign,"['Website_Product_Page', 'Whitepaper_Download_5G_Test', 'Website_Product_Page', 'Website_Product_Page', 'Customer']",1
L003008,,,,LATAM,,,"['SQL', 'Opportunity', 'Whitepaper_Download_5G_Test', 'Application_Engineer_Call', 'Keysight_University_Course', 'No_Conversion']",0
L003009,Kenji Williams,Raytheon GmbH,Electronics,North America,5G Testbeds,Event,"['DesignCon_Booth_Visit', 'Opportunity', 'Customer']",1
L003010,Sarah Martinez,Bosch_Tech,,,PathWave Software,Webinar,"['LinkedIn_Ad_Click', 'Loaner_Unit_Evaluation', 'Website_Product_Page', 'Lab_Integration_Discussion', 'LinkedIn_Ad_Click', 'No_Conversion']",0
L003011,Chen Martinez,Bosch_Tech,,Europe,Oscilloscopes,,"['Loaner_Unit_Evaluation', 'Opportunity', 'Whitepaper_Download_5G_Test', 'IMS_Badge_Scan', 'Opportunity', 'SQL', 'No_Conversion']",0
L003012,Michael Patel,,,LATAM,5G Testbeds,LinkedIn,"['Keysight_Workshop_RF_Testing', 'Customer']",1
L003013,,Raytheon,Telecom,APAC,,Webinar,"['Technical_Demo', 'Lab_Integration_Discussion', 'DesignCon_Booth_Visit', 'IMS_Badge_Scan', 'SQL', 'Customer']",1
L003014,Laura Martinez,Bosch_Tech,Automotive,,,Event,"['Technical_Demo', 'IMS_Badge_Scan', 'Opportunity', 'Customer']",1
L003015,Kenji Lee,,Semiconductor,APAC,Oscilloscopes,,"['MQL', 'IMS_Badge_Scan', 'Customer']",1
L003016,Kenji Ito,,,Europe,,Website,"['Technical_Demo', 'Whitepaper_Download_5G_Test', 'SQL', 'AutoSens_Tech_Talk', 'AutoSens_Tech_Talk', 'Customer']",1
L003017,Sofia Singh,,,Europe,,LinkedIn,"['SQL', 'Lab_Integration_Discussion', 'Customer']",1
L003018,Michael Ito,Bosch_Tech,,APAC,Automotive Ethernet,Sales Outreach,"['Oscilloscope_Selector_Tool', 'Website_Product_Page', 'Keysight_Workshop_RF_Testing', 'Application_Engineer_Call', 'LinkedIn_Ad_Click', 'No_Conversion']",0
L003019,Ahmed Williams,,,North America,Oscilloscopes,Event,"['Technical_Demo', 'Technical_Demo', 'Technical_Demo', 'Lab_Integration_Discussion', 'Customer']",1
L003020,Daniel Singh,,,,,Website,"['Website_Product_Page', 'DesignCon_Booth_Visit', 'Oscilloscope_Selector_Tool', 'Application_Engineer_Call', 'Website_Product_Page', 'Loaner_Unit_Evaluation', 'SQL', 'Keysight_Workshop_RF_Testing', 'Keysight_Workshop_RF_Testing', 'Customer']",1
L003021,Daniel Martinez,Samsung Electronics GmbH,,Europe,,Sales Outreach,"['Keysight_Workshop_RF_Testing', 'Technical_Demo', 'IMS_Badge_Scan', 'Customer']",1
L003022,Priya Khan,,Semiconductor,North America,,,"['IMS_Badge_Scan', 'DesignCon_Booth_Visit', 'SQL', 'SQL', 'Opportunity', 'Keysight_University_Course', 'No_Conversion']",0
L003023,Hiroshi Anders,Tesla_Tech,,North America,PathWave Software,LinkedIn,"['SQL', 'SQL', 'MQL', 'Customer']",1
L003024,Michael Ito,Meta Connectivity Labs,Aerospace,North America,,,"['Website_Product_Page', 'Customer']",1
L003025,Maria Singh,Rayth_Tech,,APAC,,Sales Outreach,"['Keysight_University_Course', 'IMS_Badge_Scan', 'LinkedIn_Ad_Click', 'Oscilloscope_Selector_Tool', 'IMS_Badge_Scan', 'PathWave_Trial_Request', 'DesignCon_Booth_Visit', 'Opportunity', 'Lab_Integration_Discussion', 'Customer']",1
L003026,Kenji Johnson,Tesla Energy,,LATAM,,Webinar,"['IMS_Badge_Scan', 'No_Conversion']",0
L003027,Ravi Garcia,Infineon GmbH,,North America,5G Testbeds,Sales Outreach,"['PathWave_Trial_Request', 'Lab_Integration_Discussion', 'Technical_Demo', 'Customer']",1
L003028,Michael Martinez,Meta Connectivity Labs,Telecom,LATAM,,Email Campaign,"['DesignCon_Booth_Visit', 'SQL', 'MQL', 'AutoSens_Tech_Talk', 'Keysight_Workshop_RF_Testing', 'Application_Engineer_Call', 'Website_Product_Page', 'MQL', 'No_Conversion']",0
L003029,Laura Patel,Bosch_Tech,Telecom,,Automotive Ethernet,LinkedIn,"['Technical_Demo', 'Website_Product_Page', 'AutoSens_Tech_Talk', 'Customer']",1
L003030,Ravi Garcia,,Aerospace,,Oscilloscopes,Sales Outreach,"['Keysight_University_Course', 'Whitepaper_Download_5G_Test', 'Customer']",1
L003031,Priya Singh,Qualcomm,,APAC,5G Testbeds,Email Campaign,"['Application_Engineer_Call', 'No_Conversion']",0
L003032,Daniel Tanaka,Infineon GmbH,,Europe,PathWave Software,LinkedIn,"['PathWave_Trial_Request', 'Lab_Integration_Discussion', 'DesignCon_Booth_Visit', 'Website_Product_Page', 'Lab_Integration_Discussion', 'No_Conversion']",0
L003033,Ahmed Tanaka,Qualcomm GmbH,,,Oscilloscopes,Sales Outreach,"['Keysight_Workshop_RF_Testing', 'MQL', 'Opportunity', 'Website_Product_Page', 'PathWave_Trial_Request', 'Whitepaper_Download_5G_Test', 'MQL', 'No_Conversion']",0
L003034,Ahmed Ito,Tesla Energy GmbH,,APAC,,Sales Outreach,"['AutoSens_Tech_Talk', 'IMS_Badge_Scan', 'No_Conversion']",0
L003035,Ravi Anders,,Automotive,APAC,Oscilloscopes,Email Campaign,"['Loaner_Unit_Evaluation', 'No_Conversion']",0
L003036,Kenji Anders,Meta Connectivity Labs GmbH,,APAC,PathWave Software,Event,"['Keysight_University_Course', 'Whitepaper_Download_5G_Test', 'Loaner_Unit_Evaluation', 'Website_Product_Page', 'No_Conversion']",0
L003037,Ahmed Lee,Sony_Tech,Automotive,,Oscilloscopes,Webinar,"['SQL', 'LinkedIn_Ad_Click', 'Keysight_Workshop_RF_Testing', 'Customer']",1
L003038,,Bosch GmbH,Telecom,Europe,,Email Campaign,"['DesignCon_Booth_Visit', 'Keysight_University_Course', 'Whitepaper_Download_5G_Test', 'MQL', 'Technical_Demo', 'Whitepaper_Download_5G_Test', 'AutoSens_Tech_Talk', 'Oscilloscope_Selector_Tool', 'No_Conversion']",0
L003039,Maria Chen,NXP Semiconductors,,LATAM,5G Testbeds,Sales Outreach,"['Whitepaper_Download_5G_Test', 'Website_Product_Page', 'DesignCon_Booth_Visit', 'Keysight_University_Course', 'DesignCon_Booth_Visit', 'IMS_Badge_Scan', 'LinkedIn_Ad_Click', 'Oscilloscope_Selector_Tool', 'Customer']",1
L003040,,Meta Connectivity Labs GmbH,Semiconductor,LATAM,5G Testbeds,Webinar,"['LinkedIn_Ad_Click', 'Oscilloscope_Selector_Tool', 'SQL', 'PathWave_Trial_Request', 'Technical_Demo', 'Loaner_Unit_Evaluation', 'Technical_Demo', 'No_Conversion']",0
L003041,,Qualcomm,,APAC,5G Testbeds,Website,['Customer'],1
L003042,,NXP Semiconductors,Aerospace,Europe,5G Testbeds,Website,"['Website_Product_Page', 'PathWave_Trial_Request', 'Keysight_Workshop_RF_Testing', 'Opportunity', 'Loaner_Unit_Evaluation', 'Oscilloscope_Selector_Tool', 'Customer']",1
L003043,Michael Lee,Broadcom,Automotive,,,Event,"['DesignCon_Booth_Visit', 'Keysight_Workshop_RF_Testing', 'Opportunity', 'AutoSens_Tech_Talk', 'No_Conversion']",0
L003044,Maria Martinez,,Electronics,Europe,PathWave Software,Event,"['AutoSens_Tech_Talk', 'Lab_Integration_Discussion', 'DesignCon_Booth_Visit', 'Keysight_University_Course', 'AutoSens_Tech_Talk', 'Loaner_Unit_Evaluation', 'Keysight_University_Course', 'Customer']",1
L003045,Sofia Ito,Sony GmbH,Semiconductor,North America,,Webinar,['Customer'],1
L003046,Sarah Martinez,,Aerospace,APAC,PathWave Software,Sales Outreach,"['LinkedIn_Ad_Click', 'Technical_Demo', 'Keysight_Workshop_RF_Testing', 'LinkedIn_Ad_Click', 'Loaner_Unit_Evaluation', 'Customer']",1
L003047,Priya Singh,Bosch GmbH,Aerospace,LATAM,,Webinar,"['Website_Product_Page', 'SQL', 'Website_Product_Page', 'DesignCon_Booth_Visit', 'No_Conversion']",0
L003048,,,Telecom,LATAM,Automotive Ethernet,Email Campaign,"['DesignCon_Booth_Visit', 'IMS_Badge_Scan', 'Opportunity', 'AutoSens_Tech_Talk', 'Keysight_Workshop_RF_Testing', 'LinkedIn_Ad_Click', 'SQL', 'AutoSens_Tech_Talk', 'Lab_Integration_Discussion', 'Opportunity', 'No_Conversion']",0
L003049,Michael Martinez,Bosch GmbH,,Europe,Automotive Ethernet,,"['DesignCon_Booth_Visit', 'PathWave_Trial_Request', 'DesignCon_Booth_Visit', 'Whitepaper_Download_5G_Test', 'SQL', 'Application_Engineer_Call', 'Whitepaper_Download_5G_Test', 'PathWave_Trial_Request', 'DesignCon_Booth_Visit', 'No_Conversion']",0
L003050,,,,APAC,5G Testbeds,Website,"['Technical_Demo', 'Keysight_Workshop_RF_Testing', 'MQL', 'PathWave_Trial_Request', 'Application_Engineer_Call', 'Customer']",1
L003051,Daniel Chen,Meta Connectivity Labs GmbH,Automotive,North America,Automotive Ethernet,LinkedIn,"['MQL', 'Keysight_University_Course', 'Keysight_University_Course', 'Keysight_University_Course', 'Keysight_University_Course', 'Oscilloscope_Selector_Tool', 'DesignCon_Booth_Visit', 'No_Conversion']",0
L003052,Daniel Martinez,Infin_Tech,Electronics,APAC,5G Testbeds,Sales Outreach,"['SQL', 'SQL', 'Opportunity', 'Application_Engineer_Call', 'Customer']",1
L003053,Kenji Johnson,Sony,,,Oscilloscopes,Event,"['Lab_Integration_Discussion', 'DesignCon_Booth_Visit', 'Keysight_University_Course', 'No_Conversion']",0
L003054,Michael Singh,Raytheon GmbH,Electronics,LATAM,PathWave Software,Sales Outreach,"['Whitepaper_Download_5G_Test', 'PathWave_Trial_Request', 'MQL', 'Opportunity', 'SQL', 'AutoSens_Tech_Talk', 'Customer']",1
L003055,Chen Lee,,Telecom,Europe,,Event,"['Application_Engineer_Call', 'LinkedIn_Ad_Click', 'IMS_Badge_Scan', 'No_Conversion']",0
L003056,Maria Garcia,Bosch,,LATAM,,,"['Keysight_University_Course', 'Keysight_University_Course', 'Loaner_Unit_Evaluation', 'SQL', 'No_Conversion']",0
L003057,Sarah Lee,Samsung Electronics,,LATAM,5G Testbeds,Event,"['Keysight_Workshop_RF_Testing', 'LinkedIn_Ad_Click', 'Keysight_Workshop_RF_Testing', 'Customer']",1
L003058,Ahmed Lee,Rayth_Tech,Aerospace,LATAM,,LinkedIn,['Customer'],1
L003059,Maria Garcia,,Electronics,LATAM,Automotive Ethernet,Sales Outreach,"['Technical_Demo', 'MQL', 'Loaner_Unit_Evaluation', 'Loaner_Unit_Evaluation', 'AutoSens_Tech_Talk', 'Whitepaper_Download_5G_Test', 'No_Conversion']",0
L003060,Ravi Martinez,Infineon GmbH,Telecom,APAC,,Website,"['AutoSens_Tech_Talk', 'LinkedIn_Ad_Click', 'IMS_Badge_Scan', 'SQL', 'Oscilloscope_Selector_Tool', 'Loaner_Unit_Evaluation', 'PathWave_Trial_Request', 'MQL', 'Customer']",1
L003061,Kenji Singh,Broadcom,Telecom,,,Webinar,"['AutoSens_Tech_Talk', 'SQL', 'AutoSens_Tech_Talk', 'LinkedIn_Ad_Click', 'Loaner_Unit_Evaluation', 'Whitepaper_Download_5G_Test', 'Oscilloscope_Selector_Tool', 'Whitepaper_Download_5G_Test', 'PathWave_Trial_Request', 'No_Conversion']",0
L003062,Ahmed Anders,Qualcomm GmbH,Automotive,North America,Oscilloscopes,Sales Outreach,"['LinkedIn_Ad_Click', 'Lab_Integration_Discussion', 'DesignCon_Booth_Visit', 'Application_Engineer_Call', 'AutoSens_Tech_Talk', 'Keysight_Workshop_RF_Testing', 'Keysight_University_Course', 'DesignCon_Booth_Visit', 'SQL', 'Customer']",1
L003063,Ravi Tanaka,Infineon,Automotive,North America,5G Testbeds,Event,"['LinkedIn_Ad_Click', 'IMS_Badge_Scan', 'Keysight_University_Course', 'DesignCon_Booth_Visit', 'Customer']",1
L003064,Maria Tanaka,Infin_Tech,,Europe,,,"['MQL', 'Lab_Integration_Discussion', 'IMS_Badge_Scan', 'No_Conversion']",0
L003065,,,,LATAM,Automotive Ethernet,Sales Outreach,"['Oscilloscope_Selector_Tool', 'Application_Engineer_Call', 'LinkedIn_Ad_Click', 'AutoSens_Tech_Talk', 'Website_Product_Page', 'No_Conversion']",0
L003066,Michael Martinez,,,Europe,PathWave Software,Sales Outreach,"['Oscilloscope_Selector_Tool', 'Oscilloscope_Selector_Tool', 'Customer']",1
L003067,Ahmed Martinez,,,,PathWave Software,Email Campaign,['Customer'],1
L003068,,Sony_Tech,Telecom,Europe,Automotive Ethernet,Event,"['Website_Product_Page', 'SQL', 'Oscilloscope_Selector_Tool', 'No_Conversion']",0
L003069,Laura Williams,Qualcomm,Telecom,North America,5G Testbeds,Event,"['PathWave_Trial_Request', 'AutoSens_Tech_Talk', 'AutoSens_Tech_Talk', 'No_Conversion']",0
L003070,Hiroshi Patel,Meta Connectivity Labs GmbH,,,,Email Campaign,"['Keysight_Workshop_RF_Testing', 'SQL', 'AutoSens_Tech_Talk', 'Loaner_Unit_Evaluation', 'Application_Engineer_Call', 'Website_Product_Page', 'Keysight_Workshop_RF_Testing', 'IMS_Badge_Scan', 'Keysight_University_Course', 'Oscilloscope_Selector_Tool', 'Customer']",1
L003071,Sofia Lee,Broadcom GmbH,Automotive,Europe,,Website,"['LinkedIn_Ad_Click', 'LinkedIn_Ad_Click', 'DesignCon_Booth_Visit', 'Customer']",1
L003072,Chen Anders,Bosch_Tech,,Europe,Automotive Ethernet,LinkedIn,"['Website_Product_Page', 'Loaner_Unit_Evaluation', 'MQL', 'Whitepaper_Download_5G_Test', 'LinkedIn_Ad_Click', 'Customer']",1
L003073,Ahmed Johnson,,,APAC,Oscilloscopes,,"['Keysight_University_Course', 'IMS_Badge_Scan', 'Application_Engineer_Call', 'Whitepaper_Download_5G_Test', 'IMS_Badge_Scan', 'Keysight_Workshop_RF_Testing', 'IMS_Badge_Scan', 'Technical_Demo', 'AutoSens_Tech_Talk', 'No_Conversion']",0
L003074,Sarah Chen,Broadcom,,North America,,Email Campaign,['Customer'],1
L003075,Laura Johnson,Sony,Telecom,APAC,5G Testbeds,Event,"['Keysight_University_Course', 'Website_Product_Page', 'Customer']",1
L003076,Maria Anders,Samsu_Tech,Automotive,North America,,Website,"['Keysight_University_Course', 'Website_Product_Page', 'Technical_Demo', 'Technical_Demo', 'LinkedIn_Ad_Click', 'Application_Engineer_Call', 'Lab_Integration_Discussion', 'No_Conversion']",0
L003077,Hiroshi Anders,Raytheon,Telecom,,Oscilloscopes,Website,"['MQL', 'Loaner_Unit_Evaluation', 'LinkedIn_Ad_Click', 'No_Conversion']",0
L003078,Priya Singh,,,,Automotive Ethernet,LinkedIn,['No_Conversion'],0
L003079,Laura Martinez,Rayth_Tech,Aerospace,LATAM,5G Testbeds,Email Campaign,['Customer'],1
L003080,Kenji Tanaka,NXPSe_Tech,,,Automotive Ethernet,Webinar,"['Oscilloscope_Selector_Tool', 'IMS_Badge_Scan', 'MQL', 'PathWave_Trial_Request', 'AutoSens_Tech_Talk', 'Opportunity', 'Opportunity', 'SQL', 'Whitepaper_Download_5G_Test', 'Keysight_Workshop_RF_Testing', 'Customer']",1
L003081,Maria Singh,,,North America,Automotive Ethernet,LinkedIn,"['DesignCon_Booth_Visit', 'Customer']",1
L003082,Daniel Singh,Broadcom,Electronics,LATAM,5G Testbeds,LinkedIn,"['PathWave_Trial_Request', 'Technical_Demo', 'DesignCon_Booth_Visit', 'AutoSens_Tech_Talk', 'No_Conversion']",0
L003083,Priya Chen,Meta Connectivity Labs GmbH,Aerospace,APAC,5G Testbeds,Event,"['LinkedIn_Ad_Click', 'Loaner_Unit_Evaluation', 'PathWave_Trial_Request', 'Application_Engineer_Call', 'AutoSens_Tech_Talk', 'Customer']",1
L003084,Hiroshi Chen,,Automotive,Europe,PathWave Software,LinkedIn,['Customer'],1
L003085,Michael Chen,Samsu_Tech,,LATAM,,Webinar,"['Lab_Integration_Discussion', 'IMS_Badge_Scan', 'No_Conversion']",0
L003086,,Qualcomm GmbH,Semiconductor,Europe,5G Testbeds,LinkedIn,['No_Conversion'],0
L003087,Ahmed Tanaka,,Automotive,APAC,,Webinar,"['Keysight_University_Course', 'Lab_Integration_Discussion', 'Website_Product_Page', 'Technical_Demo', 'AutoSens_Tech_Talk', 'DesignCon_Booth_Visit', 'Customer']",1
L003088,Michael Martinez,Raytheon GmbH,Electronics,LATAM,,Email Campaign,"['Lab_Integration_Discussion', 'Lab_Integration_Discussion', 'Website_Product_Page', 'LinkedIn_Ad_Click', 'Keysight_Workshop_RF_Testing', 'Whitepaper_Download_5G_Test', 'Application_Engineer_Call', 'Whitepaper_Download_5G_Test', 'No_Conversion']",0
L003089,Hiroshi Chen,,Automotive,Europe,PathWave Software,Email Campaign,"['MQL', 'Keysight_Workshop_RF_Testing', 'DesignCon_Booth_Visit', 'Technical_Demo', 'Application_Engineer_Call', 'Lab_Integration_Discussion', 'DesignCon_Booth_Visit', 'Customer']",1
L003090,Priya Martinez,Sony GmbH,Semiconductor,,,Event,['Customer'],1
L003091,,Raytheon,Telecom,North America,,Email Campaign,['Customer'],1
L003092,Ahmed Anders,NXP Semiconductors GmbH,,North America,5G Testbeds,Sales Outreach,"['Website_Product_Page', 'Oscilloscope_Selector_Tool', 'Whitepaper_Download_5G_Test', 'LinkedIn_Ad_Click', 'Loaner_Unit_Evaluation', 'Lab_Integration_Discussion', 'Lab_Integration_Discussion', 'No_Conversion']",0
L003093,Ahmed Patel,,Automotive,North America,PathWave Software,Email Campaign,"['MQL', 'PathWave_Trial_Request', 'MQL', 'Website_Product_Page', 'AutoSens_Tech_Talk', 'Loaner_Unit_Evaluation', 'PathWave_Trial_Request', 'Keysight_Workshop_RF_Testing', 'PathWave_Trial_Request', 'IMS_Badge_Scan', 'No_Conversion']",0
L003094,Michael Martinez,Infin_Tech,Semiconductor,Europe,Oscilloscopes,LinkedIn,['Customer'],1
L003095,Priya Patel,MetaC_Tech,Automotive,,PathWave Software,Email Campaign,"['Loaner_Unit_Evaluation', 'Website_Product_Page', 'Website_Product_Page', 'Keysight_Workshop_RF_Testing', 'Loaner_Unit_Evaluation', 'Application_Engineer_Call', 'Customer']",1
L003096,,,Telecom,APAC,5G Testbeds,Sales Outreach,"['Whitepaper_Download_5G_Test', 'Oscilloscope_Selector_Tool', 'IMS_Badge_Scan', 'Customer']",1
L003097,Kenji Anders,,,LATAM,5G Testbeds,Event,"['Loaner_Unit_Evaluation', 'DesignCon_Booth_Visit', 'No_Conversion']",0
L003098,Maria Chen,Samsu_Tech,,LATAM,Automotive Ethernet,Sales Outreach,"['Oscilloscope_Selector_Tool', 'AutoSens_Tech_Talk', 'MQL', 'No_Conversion']",0
L003099,Kenji Singh,Sony,,North America,Automotive Ethernet,Email Campaign,"['PathWave_Trial_Request', 'Website_Product_Page', 'No_Conversion']",0
L003100,Hiroshi Chen,Tesla_Tech,Telecom,North America,,,"['DesignCon_Booth_Visit', 'Keysight_Workshop_RF_Testing', 'Customer']",1
L003101,Ravi Patel,Bosch,Automotive,North America,5G Testbeds,LinkedIn,"['Technical_Demo', 'Technical_Demo', 'Keysight_University_Course', 'Oscilloscope_Selector_Tool', 'SQL', 'Customer']",1
L003102,Priya Garcia,,,North America,5G Testbeds,Sales Outreach,['Customer'],1
L003103,Priya Anders,,Aerospace,North America,PathWave Software,Webinar,"['Opportunity', 'No_Conversion']",0
L003104,Laura Tanaka,,Aerospace,LATAM,PathWave Software,Webinar,"['AutoSens_Tech_Talk', 'Keysight_Workshop_RF_Testing', 'No_Conversion']",0
L003105,,Qualc_Tech,Aerospace,North America,,Website,"['SQL', 'Lab_Integration_Discussion', 'Loaner_Unit_Evaluation', 'PathWave_Trial_Request', 'DesignCon_Booth_Visit', 'No_Conversion']",0
L003106,Priya Chen,Sony GmbH,Automotive,,5G Testbeds,Sales Outreach,"['Keysight_Workshop_RF_Testing', 'No_Conversion']",0
L003107,,Sony GmbH,Aerospace,North America,Automotive Ethernet,Website,"['Opportunity', 'SQL', 'Opportunity', 'Customer']",1
L003108,Ravi Chen,NXP Semiconductors GmbH,Aerospace,LATAM,Automotive Ethernet,Webinar,"['LinkedIn_Ad_Click', 'Oscilloscope_Selector_Tool', 'Opportunity', 'Loaner_Unit_Evaluation', 'PathWave_Trial_Request', 'Technical_Demo', 'Application_Engineer_Call', 'Lab_Integration_Discussion', 'MQL', 'LinkedIn_Ad_Click', 'No_Conversion']",0
L003109,,,Semiconductor,Europe,,Event,"['Application_Engineer_Call', 'Keysight_Workshop_RF_Testing', 'Whitepaper_Download_5G_Test', 'Technical_Demo', 'Lab_Integration_Discussion', 'Website_Product_Page', 'IMS_Badge_Scan', 'Technical_Demo', 'No_Conversion']",0
L003110,Priya Garcia,NXPSe_Tech,Semiconductor,,PathWave Software,Website,"['Opportunity', 'Oscilloscope_Selector_Tool', 'Website_Product_Page', 'Customer']",1
L003111,,Meta Connectivity Labs,,Europe,,LinkedIn,"['Oscilloscope_Selector_Tool', 'Keysight_Workshop_RF_Testing', 'DesignCon_Booth_Visit', 'Application_Engineer_Call', 'Loaner_Unit_Evaluation', 'SQL', 'Opportunity', 'Keysight_Workshop_RF_Testing', 'Customer']",1
L003112,Kenji Tanaka,Rayth_Tech,Electronics,APAC,PathWave Software,Webinar,"['DesignCon_Booth_Visit', 'Website_Product_Page', 'PathWave_Trial_Request', 'No_Conversion']",0
L003113,Sofia Ito,Qualcomm GmbH,Automotive,North America,,Email Campaign,"['LinkedIn_Ad_Click', 'Keysight_University_Course', 'LinkedIn_Ad_Click', 'SQL', 'Website_Product_Page', 'Oscilloscope_Selector_Tool', 'IMS_Badge_Scan', 'Keysight_University_Course', 'SQL', 'Lab_Integration_Discussion', 'Customer']",1
L003114,Priya Singh,Meta Connectivity Labs GmbH,Electronics,Europe,Oscilloscopes,Event,"['Keysight_Workshop_RF_Testing', 'Lab_Integration_Discussion', 'LinkedIn_Ad_Click', 'Customer']",1
L003115,Daniel Garcia,,,North America,,Event,"['DesignCon_Booth_Visit', 'Opportunity', 'SQL', 'AutoSens_Tech_Talk', 'No_Conversion']",0
L003116,Priya Anders,Bosch,Telecom,,,Website,"['DesignCon_Booth_Visit', 'LinkedIn_Ad_Click', 'Technical_Demo', 'No_Conversion']",0
L003117,Ravi Ito,Qualc_Tech,,Europe,PathWave Software,Website,"['SQL', 'DesignCon_Booth_Visit', 'Application_Engineer_Call', 'Customer']",1
L003118,Michael Johnson,,,North America,,Email Campaign,['Customer'],1
L003119,Daniel Williams,,,APAC,5G Testbeds,Sales Outreach,"['Whitepaper_Download_5G_Test', 'Application_Engineer_Call', 'AutoSens_Tech_Talk', 'Loaner_Unit_Evaluation', 'Lab_Integration_Discussion', 'No_Conversion']",0
L003120,Priya Singh,Samsung Electronics,Telecom,APAC,Automotive Ethernet,Website,"['AutoSens_Tech_Talk', 'No_Conversion']",0
L003121,Laura Singh,NXP Semiconductors,Telecom,,,Website,"['Technical_Demo', 'Technical_Demo', 'PathWave_Trial_Request', 'Loaner_Unit_Evaluation', 'Customer']",1
L003122,Michael Tanaka,,Automotive,Europe,,,"['Keysight_Workshop_RF_Testing', 'Lab_Integration_Discussion', 'Application_Engineer_Call', 'Keysight_Workshop_RF_Testing', 'PathWave_Trial_Request', 'No_Conversion']",0
L003123,,Infin_Tech,Electronics,LATAM,Automotive Ethernet,,['Customer'],1
L003124,Michael Lee,Broadcom GmbH,Aerospace,,5G Testbeds,,"['SQL', 'SQL', 'AutoSens_Tech_Talk', 'Oscilloscope_Selector_Tool', 'DesignCon_Booth_Visit', 'Website_Product_Page', 'Application_Engineer_Call', 'Customer']",1
L003125,Sofia Patel,Qualc_Tech,Semiconductor,APAC,,Email Campaign,"['Keysight_University_Course', 'No_Conversion']",0
L003126,Kenji Tanaka,,Semiconductor,APAC,,Sales Outreach,"['AutoSens_Tech_Talk', 'Technical_Demo', 'IMS_Badge_Scan', 'Opportunity', 'No_Conversion']",0
L003127,Sofia Garcia,,Automotive,LATAM,,Sales Outreach,"['Website_Product_Page', 'Oscilloscope_Selector_Tool', 'SQL', 'SQL', 'Loaner_Unit_Evaluation', 'Application_Engineer_Call', 'No_Conversion']",0
L003128,Ravi Chen,,Electronics,,5G Testbeds,Sales Outreach,"['MQL', 'LinkedIn_Ad_Click', 'MQL', 'Oscilloscope_Selector_Tool', 'Whitepaper_Download_5G_Test', 'Customer']",1
L003129,Sofia Martinez,Sony,,APAC,Automotive Ethernet,Website,"['Application_Engineer_Call', 'DesignCon_Booth_Visit', 'Application_Engineer_Call', 'Lab_Integration_Discussion', 'SQL', 'Oscilloscope_Selector_Tool', 'Lab_Integration_Discussion', 'No_Conversion']",0
L003130,Ravi Martinez,NXP Semiconductors,Electronics,,Oscilloscopes,Email Campaign,"['IMS_Badge_Scan', 'Application_Engineer_Call', 'Customer']",1
L003131,Kenji Williams,,Automotive,APAC,,Sales Outreach,"['SQL', 'Keysight_Workshop_RF_Testing', 'AutoSens_Tech_Talk', 'Customer']",1
L003132,Sofia Tanaka,Bosch GmbH,Telecom,,Automotive Ethernet,Website,"['Whitepaper_Download_5G_Test', 'DesignCon_Booth_Visit', 'Opportunity', 'Loaner_Unit_Evaluation', 'No_Conversion']",0
L003133,,MetaC_Tech,,,,Webinar,"['Keysight_University_Course', 'Keysight_University_Course', 'Whitepaper_Download_5G_Test', 'LinkedIn_Ad_Click', 'Website_Product_Page', 'No_Conversion']",0
L003134,Priya Singh,Tesla Energy,Aerospace,North America,,Website,"['Website_Product_Page', 'SQL', 'Keysight_University_Course', 'Customer']",1
L003135,Maria Lee,Meta Connectivity Labs GmbH,Electronics,LATAM,,Email Campaign,['No_Conversion'],0
L003136,Priya Chen,NXP Semiconductors GmbH,Electronics,Europe,Automotive Ethernet,Sales Outreach,['Customer'],1
L003137,Daniel Anders,Broadcom GmbH,Telecom,APAC,,Sales Outreach,"['Whitepaper_Download_5G_Test', 'No_Conversion']",0
L003138,Sofia Ito,Broad_Tech,Electronics,Europe,PathWave Software,Sales Outreach,"['Keysight_Workshop_RF_Testing', 'IMS_Badge_Scan', 'MQL', 'Application_Engineer_Call', 'Lab_Integration_Discussion', 'LinkedIn_Ad_Click', 'No_Conversion']",0
L003139,Chen Lee,Rayth_Tech,,APAC,Automotive Ethernet,,"['IMS_Badge_Scan', 'DesignCon_Booth_Visit', 'Oscilloscope_Selector_Tool', 'Opportunity', 'Website_Product_Page', 'DesignCon_Booth_Visit', 'Website_Product_Page', 'Loaner_Unit_Evaluation', 'No_Conversion']",0
L003140,Maria Johnson,Bosch_Tech,,,PathWave Software,LinkedIn,"['Keysight_Workshop_RF_Testing', 'IMS_Badge_Scan', 'PathWave_Trial_Request', 'Oscilloscope_Selector_Tool', 'Customer']",1
L003141,Daniel Lee,Bosch GmbH,Automotive,Europe,,Website,"['DesignCon_Booth_Visit', 'Technical_Demo', 'MQL', 'Customer']",1
L003142,Sarah Tanaka,,Aerospace,LATAM,,Website,"['LinkedIn_Ad_Click', 'IMS_Badge_Scan', 'Application_Engineer_Call', 'Website_Product_Page', 'No_Conversion']",0
L003143,Chen Singh,Raytheon GmbH,Aerospace,LATAM,Automotive Ethernet,Email Campaign,"['Keysight_Workshop_RF_Testing', 'Lab_Integration_Discussion', 'PathWave_Trial_Request', 'No_Conversion']",0
L003144,Michael Williams,MetaC_Tech,,,,Sales Outreach,"['MQL', 'Technical_Demo', 'Whitepaper_Download_5G_Test', 'No_Conversion']",0
L003145,Chen Chen,Bosch_Tech,Aerospace,APAC,Oscilloscopes,,"['Keysight_Workshop_RF_Testing', 'Loaner_Unit_Evaluation', 'Keysight_Workshop_RF_Testing', 'Technical_Demo', 'PathWave_Trial_Request', 'No_Conversion']",0
L003146,Sarah Williams,Meta Connectivity Labs,Semiconductor,LATAM,Automotive Ethernet,Event,"['Keysight_Workshop_RF_Testing', 'Customer']",1
L003147,Priya Martinez,,Automotive,,,Event,"['Keysight_Workshop_RF_Testing', 'IMS_Badge_Scan', 'DesignCon_Booth_Visit', 'DesignCon_Booth_Visit', 'DesignCon_Booth_Visit', 'Whitepaper_Download_5G_Test', 'Customer']",1
L003148,Ravi Singh,,Automotive,LATAM,,LinkedIn,"['LinkedIn_Ad_Click', 'DesignCon_Booth_Visit', 'Website_Product_Page', 'No_Conversion']",0
L003149,Ravi Khan,Tesla Energy GmbH,Semiconductor,LATAM,Automotive Ethernet,,"['Oscilloscope_Selector_Tool', 'IMS_Badge_Scan', 'Oscilloscope_Selector_Tool', 'Oscilloscope_Selector_Tool', 'Whitepaper_Download_5G_Test', 'Technical_Demo', 'Application_Engineer_Call', 'Customer']",1
L003150,Ravi Lee,Meta Connectivity Labs,,Europe,5G Testbeds,Sales Outreach,"['LinkedIn_Ad_Click', 'Lab_Integration_Discussion', 'Keysight_Workshop_RF_Testing', 'Lab_Integration_Discussion', 'Website_Product_Page', 'Whitepaper_Download_5G_Test', 'Customer']",1
L003151,,Samsung Electronics GmbH,Electronics,LATAM,,LinkedIn,"['LinkedIn_Ad_Click', 'IMS_Badge_Scan', 'Lab_Integration_Discussion', 'No_Conversion']",0
L003152,Hiroshi Martinez,Bosch_Tech,,LATAM,,,"['Loaner_Unit_Evaluation', 'Oscilloscope_Selector_Tool', 'Application_Engineer_Call', 'Lab_Integration_Discussion', 'PathWave_Trial_Request', 'Keysight_University_Course', 'Customer']",1
L003153,Ravi Ito,Sony,Telecom,APAC,,LinkedIn,"['Application_Engineer_Call', 'PathWave_Trial_Request', 'Application_Engineer_Call', 'Oscilloscope_Selector_Tool', 'PathWave_Trial_Request', 'IMS_Badge_Scan', 'LinkedIn_Ad_Click', 'Opportunity', 'SQL', 'Lab_Integration_Discussion', 'No_Conversion']",0
L003154,,Tesla_Tech,,Europe,Oscilloscopes,LinkedIn,"['Website_Product_Page', 'Opportunity', 'PathWave_Trial_Request', 'DesignCon_Booth_Visit', 'Loaner_Unit_Evaluation', 'No_Conversion']",0
L003155,Hiroshi Singh,Samsu_Tech,Semiconductor,LATAM,,Website,['No_Conversion'],0
L003156,Laura Patel,Meta Connectivity Labs GmbH,Telecom,LATAM,5G Testbeds,Email Campaign,"['MQL', 'Technical_Demo', 'Keysight_Workshop_RF_Testing', 'PathWave_Trial_Request', 'Customer']",1
L003157,Sarah Tanaka,Tesla_Tech,,APAC,,Webinar,"['Oscilloscope_Selector_Tool', 'Opportunity', 'Lab_Integration_Discussion', 'Technical_Demo', 'IMS_Badge_Scan', 'Technical_Demo', 'Loaner_Unit_Evaluation', 'Customer']",1
L003158,Sarah Martinez,Bosch GmbH,,,,Event,['Customer'],1
L003159,Kenji Martinez,,Telecom,North America,5G Testbeds,Website,"['LinkedIn_Ad_Click', 'Oscilloscope_Selector_Tool', 'Opportunity', 'MQL', 'Customer']",1
L003160,Sofia Chen,Qualcomm,,LATAM,5G Testbeds,Event,"['Opportunity', 'SQL', 'SQL', 'Loaner_Unit_Evaluation', 'Lab_Integration_Discussion', 'Customer']",1
L003161,Sofia Lee,Raytheon GmbH,,North America,Automotive Ethernet,Event,"['Lab_Integration_Discussion', 'Keysight_Workshop_RF_Testing', 'AutoSens_Tech_Talk', 'DesignCon_Booth_Visit', 'Lab_Integration_Discussion', 'PathWave_Trial_Request', 'LinkedIn_Ad_Click', 'PathWave_Trial_Request', 'IMS_Badge_Scan', 'Keysight_University_Course', 'No_Conversion']",0
L003162,,Samsung Electronics,,North America,,LinkedIn,['No_Conversion'],0
L003163,Laura Garcia,,Automotive,LATAM,Oscilloscopes,Email Campaign,"['Loaner_Unit_Evaluation', 'No_Conversion']",0
L003164,Chen Singh,Raytheon,,Europe,Automotive Ethernet,Email Campaign,"['Whitepaper_Download_5G_Test', 'AutoSens_Tech_Talk', 'Oscilloscope_Selector_Tool', 'No_Conversion']",0
L003165,Maria Johnson,Broadcom,,,,Email Campaign,['No_Conversion'],0
L003166,Ravi Lee,,Aerospace,,Oscilloscopes,LinkedIn,['No_Conversion'],0
L003167,Laura Garcia,Tesla Energy,Electronics,North America,,,['No_Conversion'],0
L003168,Sarah Ito,NXP Semiconductors GmbH,Telecom,,PathWave Software,Email Campaign,"['Opportunity', 'PathWave_Trial_Request', 'IMS_Badge_Scan', 'Customer']",1
L003169,Ravi Lee,Tesla Energy GmbH,Semiconductor,North America,PathWave Software,,"['Whitepaper_Download_5G_Test', 'MQL', 'Oscilloscope_Selector_Tool', 'Opportunity', 'Keysight_Workshop_RF_Testing', 'MQL', 'Customer']",1
L003170,Priya Anders,Sony_Tech,Electronics,,,LinkedIn,"['Keysight_Workshop_RF_Testing', 'Loaner_Unit_Evaluation', 'DesignCon_Booth_Visit', 'Technical_Demo', 'No_Conversion']",0
L003171,Michael Chen,Samsung Electronics GmbH,,APAC,Oscilloscopes,Sales Outreach,"['Opportunity', 'Website_Product_Page', 'IMS_Badge_Scan', 'Keysight_Workshop_RF_Testing', 'Technical_Demo', 'PathWave_Trial_Request', 'Opportunity', 'No_Conversion']",0
L003172,Kenji Garcia,Samsu_Tech,Automotive,Europe,5G Testbeds,Website,"['Whitepaper_Download_5G_Test', 'No_Conversion']",0
L003173,Hiroshi Garcia,Tesla_Tech,Aerospace,North America,Automotive Ethernet,Webinar,"['Keysight_University_Course', 'AutoSens_Tech_Talk', 'IMS_Badge_Scan', 'SQL', 'Whitepaper_Download_5G_Test', 'Opportunity', 'Keysight_Workshop_RF_Testing', 'SQL', 'Customer']",1
L003174,Sarah Chen,Samsu_Tech,Aerospace,North America,Oscilloscopes,Website,"['Technical_Demo', 'IMS_Badge_Scan', 'Loaner_Unit_Evaluation', 'Customer']",1
L003175,,Sony GmbH,,APAC,,,"['MQL', 'Customer']",1
L003176,Daniel Lee,,Semiconductor,LATAM,,LinkedIn,"['Website_Product_Page', 'No_Conversion']",0
L003177,Daniel Singh,Bosch,Automotive,,Oscilloscopes,LinkedIn,"['IMS_Badge_Scan', 'AutoSens_Tech_Talk', 'Opportunity', 'Opportunity', 'AutoSens_Tech_Talk', 'Keysight_Workshop_RF_Testing', 'No_Conversion']",0
L003178,,Infin_Tech,,North America,PathWave Software,LinkedIn,"['Technical_Demo', 'IMS_Badge_Scan', 'Application_Engineer_Call', 'Keysight_Workshop_RF_Testing', 'No_Conversion']",0
L003179,Ahmed Tanaka,Infin_Tech,,APAC,Automotive Ethernet,Sales Outreach,"['Keysight_Workshop_RF_Testing', 'PathWave_Trial_Request', 'MQL', 'Keysight_Workshop_RF_Testing', 'PathWave_Trial_Request', 'Loaner_Unit_Evaluation', 'Lab_Integration_Discussion', 'Whitepaper_Download_5G_Test', 'No_Conversion']",0
L003180,Sarah Patel,,,LATAM,,LinkedIn,"['Lab_Integration_Discussion', 'Oscilloscope_Selector_Tool', 'IMS_Badge_Scan', 'DesignCon_Booth_Visit', 'Technical_Demo', 'Lab_Integration_Discussion', 'No_Conversion']",0
L003181,Laura Garcia,Samsung Electronics,,Europe,Oscilloscopes,,['No_Conversion'],0
L003182,Daniel Khan,,Semiconductor,North America,,Email Campaign,"['SQL', 'Keysight_University_Course', 'Loaner_Unit_Evaluation', 'No_Conversion']",0
L003183,Laura Ito,Meta Connectivity Labs,Electronics,,5G Testbeds,Email Campaign,"['Application_Engineer_Call', 'No_Conversion']",0
L003184,Sofia Ito,,,,,LinkedIn,"['IMS_Badge_Scan', 'Lab_Integration_Discussion', 'Loaner_Unit_Evaluation', 'Keysight_Workshop_RF_Testing', 'No_Conversion']",0
L003185,Ravi Tanaka,Sony,,Europe,,Sales Outreach,"['Whitepaper_Download_5G_Test', 'Loaner_Unit_Evaluation', 'Lab_Integration_Discussion', 'No_Conversion']",0
L003186,Hiroshi Anders,Meta Connectivity Labs GmbH,Semiconductor,,Automotive Ethernet,Event,"['Loaner_Unit_Evaluation', 'Loaner_Unit_Evaluation', 'PathWave_Trial_Request', 'IMS_Badge_Scan', 'LinkedIn_Ad_Click', 'Customer']",1
L003187,Kenji Garcia,Qualcomm GmbH,Automotive,APAC,Automotive Ethernet,,"['Keysight_Workshop_RF_Testing', 'No_Conversion']",0
L003188,Sarah Patel,Infineon,,,,Webinar,"['IMS_Badge_Scan', 'PathWave_Trial_Request', 'SQL', 'Opportunity', 'MQL', 'IMS_Badge_Scan', 'Whitepaper_Download_5G_Test', 'No_Conversion']",0
L003189,Chen Martinez,Meta Connectivity Labs,,APAC,,Email Campaign,"['LinkedIn_Ad_Click', 'Whitepaper_Download_5G_Test', 'No_Conversion']",0
L003190,Sarah Lee,Samsung Electronics GmbH,Automotive,,Oscilloscopes,,"['Application_Engineer_Call', 'No_Conversion']",0
L003191,Maria Patel,,Semiconductor,Europe,,Webinar,"['LinkedIn_Ad_Click', 'Keysight_Workshop_RF_Testing', 'Opportunity', 'Keysight_University_Course', 'MQL', 'Customer']",1
L003192,Priya Singh,,Automotive,LATAM,Oscilloscopes,LinkedIn,['No_Conversion'],0
L003193,Michael Lee,Samsung Electronics,Semiconductor,LATAM,5G Testbeds,Sales Outreach,"['Website_Product_Page', 'Keysight_University_Course', 'PathWave_Trial_Request', 'PathWave_Trial_Request', 'Loaner_Unit_Evaluation', 'IMS_Badge_Scan', 'DesignCon_Booth_Visit', 'No_Conversion']",0
L003194,Daniel Lee,Broadcom,Telecom,North America,Automotive Ethernet,Email Campaign,"['Whitepaper_Download_5G_Test', 'Technical_Demo', 'MQL', 'Opportunity', 'Opportunity', 'Keysight_University_Course', 'Lab_Integration_Discussion', 'No_Conversion']",0
L003195,Kenji Khan,,,,5G Testbeds,Website,"['Whitepaper_Download_5G_Test', 'LinkedIn_Ad_Click', 'MQL', 'Lab_Integration_Discussion', 'No_Conversion']",0
L003196,Michael Johnson,NXP Semiconductors,Aerospace,Europe,,Email Campaign,"['DesignCon_Booth_Visit', 'Keysight_Workshop_RF_Testing', 'Keysight_University_Course', 'AutoSens_Tech_Talk', 'PathWave_Trial_Request', 'IMS_Badge_Scan', 'DesignCon_Booth_Visit', 'Whitepaper_Download_5G_Test', 'Oscilloscope_Selector_Tool', 'No_Conversion']",0
L003197,Maria Garcia,Raytheon,Telecom,APAC,Automotive Ethernet,Website,"['LinkedIn_Ad_Click', 'Technical_Demo', 'Website_Product_Page', 'No_Conversion']",0
L003198,Priya Chen,Bosch GmbH,,LATAM,Oscilloscopes,Event,"['Keysight_University_Course', 'Website_Product_Page', 'Technical_Demo', 'No_Conversion']",0
L003199,Sofia Singh,Raytheon,Aerospace,APAC,,Webinar,"['Loaner_Unit_Evaluation', 'Whitepaper_Download_5G_Test', 'Opportunity', 'Lab_Integration_Discussion', 'AutoSens_Tech_Talk', 'MQL', 'LinkedIn_Ad_Click', 'Keysight_Workshop_RF_Testing', 'No_Conversion']",0
L003200,Ravi Williams,Samsu_Tech,Semiconductor,North America,5G Testbeds,Email Campaign,"['SQL', 'Lab_Integration_Discussion', 'Website_Product_Page', 'SQL', 'Lab_Integration_Discussion', 'IMS_Badge_Scan', 'Application_Engineer_Call', 'IMS_Badge_Scan', 'No_Conversion']",0
L003201,Chen Ito,Samsung Electronics GmbH,Automotive,LATAM,,Email Campaign,"['IMS_Badge_Scan', 'Website_Product_Page', 'AutoSens_Tech_Talk', 'Oscilloscope_Selector_Tool', 'Customer']",1
L003202,Michael Khan,Samsung Electronics GmbH,Semiconductor,Europe,,,"['Oscilloscope_Selector_Tool', 'Keysight_Workshop_RF_Testing', 'Website_Product_Page', 'MQL', 'Keysight_University_Course', 'AutoSens_Tech_Talk', 'MQL', 'Opportunity', 'Customer']",1
L003203,Priya Johnson,Infin_Tech,,APAC,PathWave Software,Email Campaign,"['Lab_Integration_Discussion', 'PathWave_Trial_Request', 'DesignCon_Booth_Visit', 'Loaner_Unit_Evaluation', 'No_Conversion']",0
L003204,Ahmed Ito,Bosch GmbH,Automotive,LATAM,,Webinar,"['Keysight_University_Course', 'Opportunity', 'LinkedIn_Ad_Click', 'Opportunity', 'SQL', 'Technical_Demo', 'Customer']",1
L003205,Daniel Garcia,Qualc_Tech,Aerospace,North America,,Email Campaign,"['DesignCon_Booth_Visit', 'No_Conversion']",0
L003206,Michael Patel,Tesla Energy GmbH,Semiconductor,LATAM,,LinkedIn,['Customer'],1
L003207,Sarah Patel,,,LATAM,,Email Campaign,"['MQL', 'AutoSens_Tech_Talk', 'LinkedIn_Ad_Click', 'Oscilloscope_Selector_Tool', 'LinkedIn_Ad_Click', 'Customer']",1
L003208,Priya Anders,Infineon GmbH,Electronics,APAC,Oscilloscopes,LinkedIn,"['Keysight_University_Course', 'AutoSens_Tech_Talk', 'Technical_Demo', 'Keysight_University_Course', 'Customer']",1
L003209,,Tesla Energy GmbH,,Europe,,,['Customer'],1
L003210,Sarah Martinez,Qualc_Tech,Semiconductor,LATAM,5G Testbeds,LinkedIn,"['Whitepaper_Download_5G_Test', 'Technical_Demo', 'Customer']",1
L003211,Ahmed Ito,,Electronics,LATAM,,Webinar,"['AutoSens_Tech_Talk', 'Technical_Demo', 'AutoSens_Tech_Talk', 'LinkedIn_Ad_Click', 'Technical_Demo', 'No_Conversion']",0
L003212,Ravi Tanaka,,Electronics,North America,,Sales Outreach,"['DesignCon_Booth_Visit', 'Customer']",1
L003213,Sofia Khan,NXP Semiconductors GmbH,,North America,,,"['AutoSens_Tech_Talk', 'Lab_Integration_Discussion', 'Keysight_University_Course', 'AutoSens_Tech_Talk', 'AutoSens_Tech_Talk', 'No_Conversion']",0
L003214,Ahmed Patel,Sony_Tech,Automotive,Europe,Automotive Ethernet,Event,"['LinkedIn_Ad_Click', 'IMS_Badge_Scan', 'Opportunity', 'Website_Product_Page', 'Lab_Integration_Discussion', 'Customer']",1
L003215,Sarah Anders,Sony,,,Oscilloscopes,Website,"['Lab_Integration_Discussion', 'Oscilloscope_Selector_Tool', 'SQL', 'Customer']",1
L003216,Ravi Patel,,Telecom,North America,,Sales Outreach,"['Website_Product_Page', 'AutoSens_Tech_Talk', 'No_Conversion']",0
L003217,Ahmed Chen,Infineon GmbH,Telecom,Europe,,LinkedIn,"['Whitepaper_Download_5G_Test', 'SQL', 'LinkedIn_Ad_Click', 'MQL', 'IMS_Badge_Scan', 'No_Conversion']",0
L003218,Ahmed Singh,Tesla_Tech,,North America,,,"['Opportunity', 'SQL', 'Application_Engineer_Call', 'Whitepaper_Download_5G_Test', 'SQL', 'No_Conversion']",0
L003219,Ahmed Anders,,,North America,Oscilloscopes,Sales Outreach,"['Keysight_University_Course', 'DesignCon_Booth_Visit', 'Keysight_University_Course', 'LinkedIn_Ad_Click', 'No_Conversion']",0
L003220,,Samsung Electronics GmbH,,Europe,,,['Customer'],1
L003221,Ahmed Garcia,Raytheon GmbH,Automotive,LATAM,,Email Campaign,"['Whitepaper_Download_5G_Test', 'Application_Engineer_Call', 'SQL', 'Opportunity', 'Keysight_Workshop_RF_Testing', 'Lab_Integration_Discussion', 'Application_Engineer_Call', 'Website_Product_Page', 'No_Conversion']",0
L003222,Priya Lee,,Electronics,Europe,Automotive Ethernet,,"['IMS_Badge_Scan', 'Customer']",1
L003223,Ahmed Martinez,Tesla_Tech,Semiconductor,North America,Oscilloscopes,Webinar,"['Keysight_Workshop_RF_Testing', 'Application_Engineer_Call', 'Oscilloscope_Selector_Tool', 'LinkedIn_Ad_Click', 'Keysight_Workshop_RF_Testing', 'No_Conversion']",0
L003224,Sarah Khan,,Semiconductor,APAC,,Webinar,"['Keysight_Workshop_RF_Testing', 'Loaner_Unit_Evaluation', 'Website_Product_Page', 'DesignCon_Booth_Visit', 'Loaner_Unit_Evaluation', 'Technical_Demo', 'Technical_Demo', 'Keysight_Workshop_RF_Testing', 'No_Conversion']",0
L003225,Ravi Chen,Broad_Tech,Telecom,North America,,,"['AutoSens_Tech_Talk', 'Loaner_Unit_Evaluation', 'AutoSens_Tech_Talk', 'Keysight_University_Course', 'AutoSens_Tech_Talk', 'DesignCon_Booth_Visit', 'No_Conversion']",0
L003226,Ravi Williams,Infineon GmbH,Semiconductor,,,LinkedIn,"['Opportunity', 'DesignCon_Booth_Visit', 'Oscilloscope_Selector_Tool', 'Website_Product_Page', 'No_Conversion']",0
L003227,Daniel Patel,Bosch GmbH,,Europe,PathWave Software,LinkedIn,"['Application_Engineer_Call', 'Application_Engineer_Call', 'Website_Product_Page', 'Keysight_University_Course', 'Technical_Demo', 'Website_Product_Page', 'Loaner_Unit_Evaluation', 'No_Conversion']",0
L003228,Ravi Martinez,Sony_Tech,,APAC,PathWave Software,Webinar,"['Application_Engineer_Call', 'Application_Engineer_Call', 'Keysight_University_Course', 'DesignCon_Booth_Visit', 'PathWave_Trial_Request', 'Keysight_Workshop_RF_Testing', 'Keysight_Workshop_RF_Testing', 'Website_Product_Page', 'LinkedIn_Ad_Click', 'No_Conversion']",0
L003229,Chen Chen,,Semiconductor,,PathWave Software,Email Campaign,"['IMS_Badge_Scan', 'Loaner_Unit_Evaluation', 'LinkedIn_Ad_Click', 'Technical_Demo', 'AutoSens_Tech_Talk', 'MQL', 'Customer']",1
L003230,Maria Martinez,Broad_Tech,,,5G Testbeds,,"['Lab_Integration_Discussion', 'Oscilloscope_Selector_Tool', 'Keysight_Workshop_RF_Testing', 'Technical_Demo', 'No_Conversion']",0
L003231,Hiroshi Garcia,Infineon,Aerospace,Europe,Oscilloscopes,Website,"['Keysight_Workshop_RF_Testing', 'Loaner_Unit_Evaluation', 'Opportunity', 'Website_Product_Page', 'PathWave_Trial_Request', 'LinkedIn_Ad_Click', 'Application_Engineer_Call', 'Customer']",1
L003232,Laura Johnson,,Electronics,,5G Testbeds,Website,"['Lab_Integration_Discussion', 'Opportunity', 'Opportunity', 'Lab_Integration_Discussion', 'No_Conversion']",0
L003233,Sofia Chen,Sony GmbH,Aerospace,LATAM,Automotive Ethernet,Webinar,"['PathWave_Trial_Request', 'Loaner_Unit_Evaluation', 'DesignCon_Booth_Visit', 'Whitepaper_Download_5G_Test', 'Customer']",1
L003234,,NXPSe_Tech,Aerospace,LATAM,5G Testbeds,Webinar,"['SQL', 'No_Conversion']",0
L003235,Michael Garcia,Sony_Tech,Automotive,Europe,,LinkedIn,"['Website_Product_Page', 'Oscilloscope_Selector_Tool', 'Website_Product_Page', 'Keysight_University_Course', 'Technical_Demo', 'PathWave_Trial_Request', 'Oscilloscope_Selector_Tool', 'Oscilloscope_Selector_Tool', 'Website_Product_Page', 'Whitepaper_Download_5G_Test', 'No_Conversion']",0
L003236,Chen Ito,Broadcom,Electronics,APAC,PathWave Software,LinkedIn,['No_Conversion'],0
L003237,Kenji Ito,NXP Semiconductors,,LATAM,,Sales Outreach,['No_Conversion'],0
L003238,Hiroshi Johnson,Raytheon GmbH,,Europe,5G Testbeds,LinkedIn,"['Application_Engineer_Call', 'Keysight_Workshop_RF_Testing', 'Oscilloscope_Selector_Tool', 'Website_Product_Page', 'No_Conversion']",0
L003239,,Broadcom GmbH,,North America,Oscilloscopes,Email Campaign,['No_Conversion'],0
L003240,Michael Martinez,Bosch GmbH,Automotive,,PathWave Software,Sales Outreach,"['Lab_Integration_Discussion', 'Opportunity', 'Opportunity', 'Technical_Demo', 'No_Conversion']",0
L003241,Ahmed Garcia,Broadcom,Telecom,Europe,,Email Campaign,"['Keysight_University_Course', 'Lab_Integration_Discussion', 'AutoSens_Tech_Talk', 'Customer']",1
L003242,Chen Johnson,Infineon,Semiconductor,,,Website,"['Loaner_Unit_Evaluation', 'Technical_Demo', 'Lab_Integration_Discussion', 'LinkedIn_Ad_Click', 'MQL', 'IMS_Badge_Scan', 'Customer']",1
L003243,,Sony GmbH,Telecom,North America,PathWave Software,,"['Lab_Integration_Discussion', 'Keysight_University_Course', 'Application_Engineer_Call', 'SQL', 'SQL', 'Website_Product_Page', 'LinkedIn_Ad_Click', 'No_Conversion']",0
L003244,Ahmed Patel,Raytheon,,LATAM,Oscilloscopes,Event,"['Keysight_University_Course', 'IMS_Badge_Scan', 'IMS_Badge_Scan', 'Keysight_University_Course', 'Customer']",1
L003245,Ahmed Ito,Infineon,Aerospace,LATAM,,Email Campaign,"['LinkedIn_Ad_Click', 'PathWave_Trial_Request', 'AutoSens_Tech_Talk', 'Application_Engineer_Call', 'IMS_Badge_Scan', 'No_Conversion']",0
L003246,Priya Singh,Qualcomm,Semiconductor,APAC,5G Testbeds,LinkedIn,"['Lab_Integration_Discussion', 'IMS_Badge_Scan', 'No_Conversion']",0
L003247,Ahmed Khan,,,APAC,PathWave Software,LinkedIn,"['AutoSens_Tech_Talk', 'DesignCon_Booth_Visit', 'DesignCon_Booth_Visit', 'LinkedIn_Ad_Click', 'No_Conversion']",0
L003248,Maria Khan,Infineon,,Europe,PathWave Software,Email Campaign,"['Technical_Demo', 'Keysight_Workshop_RF_Testing', 'Lab_Integration_Discussion', 'PathWave_Trial_Request', 'Website_Product_Page', 'Technical_Demo', 'Application_Engineer_Call', 'Customer']",1
L003249,Maria Chen,Broadcom,Semiconductor,Europe,5G Testbeds,,"['Oscilloscope_Selector_Tool', 'MQL', 'Keysight_Workshop_RF_Testing', 'IMS_Badge_Scan', 'No_Conversion']",0
L003250,Kenji Martinez,,Electronics,Europe,Automotive Ethernet,Event,"['Whitepaper_Download_5G_Test', 'MQL', 'Website_Product_Page', 'PathWave_Trial_Request', 'Oscilloscope_Selector_Tool', 'Customer']",1
L003251,Maria Patel,Infineon GmbH,,LATAM,Oscilloscopes,Sales Outreach,['Customer'],1
L003252,Sarah Tanaka,,,,5G Testbeds,Webinar,"['Keysight_University_Course', 'SQL', 'Keysight_Workshop_RF_Testing', 'AutoSens_Tech_Talk', 'AutoSens_Tech_Talk', 'No_Conversion']",0
L003253,Maria Tanaka,Sony GmbH,Semiconductor,LATAM,Automotive Ethernet,Website,"['Website_Product_Page', 'IMS_Badge_Scan', 'PathWave_Trial_Request', 'Website_Product_Page', 'Oscilloscope_Selector_Tool', 'Customer']",1
L003254,Priya Williams,NXP Semiconductors GmbH,Automotive,Europe,,Webinar,"['Keysight_University_Course', 'Website_Product_Page', 'MQL', 'IMS_Badge_Scan', 'No_Conversion']",0
L003255,Priya Johnson,Sony,Aerospace,APAC,Oscilloscopes,Webinar,"['Oscilloscope_Selector_Tool', 'Opportunity', 'IMS_Badge_Scan', 'Loaner_Unit_Evaluation', 'Whitepaper_Download_5G_Test', 'Loaner_Unit_Evaluation', 'LinkedIn_Ad_Click', 'MQL', 'Technical_Demo', 'Website_Product_Page', 'Customer']",1
L003256,Ravi Khan,Broadcom,Semiconductor,LATAM,,Email Campaign,"['PathWave_Trial_Request', 'IMS_Badge_Scan', 'Application_Engineer_Call', 'Whitepaper_Download_5G_Test', 'No_Conversion']",0
L003257,Hiroshi Martinez,Sony,Aerospace,,Automotive Ethernet,Email Campaign,"['PathWave_Trial_Request', 'PathWave_Trial_Request', 'Application_Engineer_Call', 'Lab_Integration_Discussion', 'No_Conversion']",0
L003258,,Raytheon,Automotive,Europe,Automotive Ethernet,Event,"['Keysight_Workshop_RF_Testing', 'Whitepaper_Download_5G_Test', 'Oscilloscope_Selector_Tool', 'Loaner_Unit_Evaluation', 'SQL', 'IMS_Badge_Scan', 'PathWave_Trial_Request', 'Keysight_University_Course', 'Keysight_University_Course', 'Customer']",1
L003259,Ahmed Garcia,,Telecom,LATAM,Oscilloscopes,,"['Lab_Integration_Discussion', 'DesignCon_Booth_Visit', 'Keysight_University_Course', 'PathWave_Trial_Request', 'Customer']",1
L003260,Maria Martinez,MetaC_Tech,,Europe,Automotive Ethernet,,"['Loaner_Unit_Evaluation', 'SQL', 'PathWave_Trial_Request', 'Loaner_Unit_Evaluation', 'DesignCon_Booth_Visit', 'Customer']",1
L003261,,NXP Semiconductors,Automotive,North America,PathWave Software,Sales Outreach,['No_Conversion'],0
L003262,Priya Williams,,Automotive,North America,,Webinar,"['Keysight_Workshop_RF_Testing', 'MQL', 'Whitepaper_Download_5G_Test', 'Keysight_University_Course', 'Opportunity', 'MQL', 'SQL', 'Keysight_University_Course', 'IMS_Badge_Scan', 'No_Conversion']",0
L003263,Michael Martinez,Infineon,,North America,,,"['LinkedIn_Ad_Click', 'Loaner_Unit_Evaluation', 'IMS_Badge_Scan', 'No_Conversion']",0
L003264,Daniel Patel,Broadcom,Automotive,APAC,Oscilloscopes,Webinar,"['Keysight_University_Course', 'Customer']",1
L003265,Maria Tanaka,,Automotive,LATAM,Automotive Ethernet,Website,"['Website_Product_Page', 'AutoSens_Tech_Talk', 'Technical_Demo', 'Keysight_Workshop_RF_Testing', 'DesignCon_Booth_Visit', 'No_Conversion']",0
L003266,Laura Garcia,Rayth_Tech,Aerospace,LATAM,PathWave Software,Website,"['Whitepaper_Download_5G_Test', 'SQL', 'PathWave_Trial_Request', 'Keysight_University_Course', 'Customer']",1
L003267,Laura Lee,Sony GmbH,Telecom,North America,PathWave Software,Webinar,"['Whitepaper_Download_5G_Test', 'PathWave_Trial_Request', 'Oscilloscope_Selector_Tool', 'Application_Engineer_Call', 'MQL', 'No_Conversion']",0
L003268,Sarah Tanaka,Broad_Tech,Electronics,,5G Testbeds,Webinar,"['MQL', 'Lab_Integration_Discussion', 'Loaner_Unit_Evaluation', 'Opportunity', 'Opportunity', 'Opportunity', 'Customer']",1
L003269,Laura Lee,,Telecom,LATAM,,Email Campaign,"['PathWave_Trial_Request', 'Technical_Demo', 'MQL', 'Lab_Integration_Discussion', 'No_Conversion']",0
L003270,Priya Lee,Infineon,Aerospace,LATAM,Automotive Ethernet,Email Campaign,"['Keysight_University_Course', 'Loaner_Unit_Evaluation', 'Application_Engineer_Call', 'IMS_Badge_Scan', 'Application_Engineer_Call', 'Keysight_Workshop_RF_Testing', 'Whitepaper_Download_5G_Test', 'Lab_Integration_Discussion', 'SQL', 'Lab_Integration_Discussion', 'Customer']",1
L003271,Michael Anders,,,APAC,Oscilloscopes,Website,['Customer'],1
L003272,Daniel Garcia,Raytheon,,LATAM,PathWave Software,Sales Outreach,"['Keysight_Workshop_RF_Testing', 'Loaner_Unit_Evaluation', 'Technical_Demo', 'Customer']",1
L003273,Hiroshi Patel,Sony GmbH,Semiconductor,Europe,Oscilloscopes,Website,"['Keysight_University_Course', 'Lab_Integration_Discussion', 'SQL', 'DesignCon_Booth_Visit', 'No_Conversion']",0
L003274,Hiroshi Martinez,NXP Semiconductors,Aerospace,,,Webinar,"['Technical_Demo', 'PathWave_Trial_Request', 'Website_Product_Page', 'IMS_Badge_Scan', 'No_Conversion']",0
L003275,Daniel Garcia,Broadcom GmbH,Telecom,APAC,,Sales Outreach,"['Opportunity', 'Keysight_Workshop_RF_Testing', 'No_Conversion']",0
L003276,Daniel Khan,,,,Automotive Ethernet,Webinar,"['Website_Product_Page', 'Opportunity', 'PathWave_Trial_Request', 'IMS_Badge_Scan', 'No_Conversion']",0
L003277,Daniel Ito,Sony,Semiconductor,APAC,,Email Campaign,"['DesignCon_Booth_Visit', 'Keysight_University_Course', 'PathWave_Trial_Request', 'LinkedIn_Ad_Click', 'Keysight_University_Course', 'LinkedIn_Ad_Click', 'DesignCon_Booth_Visit', 'Customer']",1
L003278,,Tesla_Tech,,APAC,Oscilloscopes,Webinar,"['Keysight_University_Course', 'LinkedIn_Ad_Click', 'Technical_Demo', 'PathWave_Trial_Request', 'DesignCon_Booth_Visit', 'IMS_Badge_Scan', 'IMS_Badge_Scan', 'IMS_Badge_Scan', 'Lab_Integration_Discussion', 'No_Conversion']",0
L003279,Hiroshi Ito,Infineon,,APAC,,LinkedIn,['No_Conversion'],0
L003280,Daniel Martinez,Meta Connectivity Labs GmbH,,North America,,Sales Outreach,"['Oscilloscope_Selector_Tool', 'Oscilloscope_Selector_Tool', 'Oscilloscope_Selector_Tool', 'Customer']",1
L003281,Priya Williams,Meta Connectivity Labs GmbH,Telecom,APAC,5G Testbeds,Event,"['Keysight_Workshop_RF_Testing', 'Opportunity', 'Oscilloscope_Selector_Tool', 'SQL', 'No_Conversion']",0
L003282,Chen Patel,Broad_Tech,,North America,,Event,"['Lab_Integration_Discussion', 'Keysight_University_Course', 'Lab_Integration_Discussion', 'Customer']",1
L003283,Kenji Patel,,Aerospace,,,LinkedIn,"['Oscilloscope_Selector_Tool', 'Technical_Demo', 'Keysight_University_Course', 'MQL', 'SQL', 'Customer']",1
L003284,Chen Tanaka,Samsu_Tech,Automotive,,,Website,"['LinkedIn_Ad_Click', 'IMS_Badge_Scan', 'DesignCon_Booth_Visit', 'DesignCon_Booth_Visit', 'Lab_Integration_Discussion', 'Website_Product_Page', 'MQL', 'AutoSens_Tech_Talk', 'AutoSens_Tech_Talk', 'No_Conversion']",0
L003285,Laura Patel,Qualc_Tech,Electronics,LATAM,,Email Campaign,"['Oscilloscope_Selector_Tool', 'Keysight_Workshop_RF_Testing', 'SQL', 'Lab_Integration_Discussion', 'Keysight_University_Course', 'Customer']",1
L003286,Priya Chen,,Aerospace,LATAM,PathWave Software,Email Campaign,"['Lab_Integration_Discussion', 'Application_Engineer_Call', 'PathWave_Trial_Request', 'Oscilloscope_Selector_Tool', 'DesignCon_Booth_Visit', 'Technical_Demo', 'PathWave_Trial_Request', 'Keysight_Workshop_RF_Testing', 'No_Conversion']",0
L003287,Kenji Tanaka,Infin_Tech,Telecom,North America,,Sales Outreach,"['PathWave_Trial_Request', 'Keysight_University_Course', 'SQL', 'DesignCon_Booth_Visit', 'Lab_Integration_Discussion', 'Customer']",1
L003288,Priya Patel,Qualcomm GmbH,Electronics,,,Event,"['Lab_Integration_Discussion', 'AutoSens_Tech_Talk', 'Technical_Demo', 'Whitepaper_Download_5G_Test', 'Application_Engineer_Call', 'Website_Product_Page', 'SQL', 'Opportunity', 'Oscilloscope_Selector_Tool', 'DesignCon_Booth_Visit', 'No_Conversion']",0
L003289,Priya Johnson,,Automotive,North America,5G Testbeds,,"['LinkedIn_Ad_Click', 'Application_Engineer_Call', 'Opportunity', 'IMS_Badge_Scan', 'Application_Engineer_Call', 'SQL', 'Loaner_Unit_Evaluation', 'Opportunity', 'Technical_Demo', 'Keysight_University_Course', 'Customer']",1
L003290,Sofia Chen,Infineon GmbH,Electronics,LATAM,Oscilloscopes,Email Campaign,"['LinkedIn_Ad_Click', 'Opportunity', 'DesignCon_Booth_Visit', 'PathWave_Trial_Request', 'No_Conversion']",0
L003291,Ahmed Chen,,Automotive,Europe,PathWave Software,LinkedIn,"['Oscilloscope_Selector_Tool', 'LinkedIn_Ad_Click', 'AutoSens_Tech_Talk', 'AutoSens_Tech_Talk', 'Opportunity', 'IMS_Badge_Scan', 'PathWave_Trial_Request', 'Loaner_Unit_Evaluation', 'No_Conversion']",0
L003292,Chen Patel,Broad_Tech,,Europe,Automotive Ethernet,Sales Outreach,"['SQL', 'Loaner_Unit_Evaluation', 'Loaner_Unit_Evaluation', 'Customer']",1
L003293,Ahmed Johnson,,,North America,,Event,"['SQL', 'Lab_Integration_Discussion', 'LinkedIn_Ad_Click', 'DesignCon_Booth_Visit', 'Loaner_Unit_Evaluation', 'Application_Engineer_Call', 'Keysight_Workshop_RF_Testing', 'Technical_Demo', 'Oscilloscope_Selector_Tool', 'LinkedIn_Ad_Click', 'No_Conversion']",0
L003294,Kenji Tanaka,Rayth_Tech,Electronics,LATAM,Oscilloscopes,Sales Outreach,"['IMS_Badge_Scan', 'Keysight_University_Course', 'Opportunity', 'No_Conversion']",0
L003295,Priya Patel,,Semiconductor,APAC,,,"['PathWave_Trial_Request', 'Oscilloscope_Selector_Tool', 'AutoSens_Tech_Talk', 'No_Conversion']",0
L003296,Priya Garcia,Sony_Tech,,,,Email Campaign,"['Loaner_Unit_Evaluation', 'Website_Product_Page', 'Loaner_Unit_Evaluation', 'LinkedIn_Ad_Click', 'Customer']",1
L003297,Michael Ito,,Electronics,LATAM,PathWave Software,Website,"['Keysight_Workshop_RF_Testing', 'IMS_Badge_Scan', 'Website_Product_Page', 'Loaner_Unit_Evaluation', 'Application_Engineer_Call', 'No_Conversion']",0
L003298,,MetaC_Tech,Aerospace,LATAM,Oscilloscopes,Sales Outreach,"['Lab_Integration_Discussion', 'Keysight_University_Course', 'No_Conversion']",0
L003299,Ahmed Anders,Sony,Electronics,APAC,Oscilloscopes,LinkedIn,"['Application_Engineer_Call', 'Technical_Demo', 'Application_Engineer_Call', 'DesignCon_Booth_Visit', 'No_Conversion']",0
L003300,Ahmed Khan,Bosch,Semiconductor,LATAM,Automotive Ethernet,Website,"['Keysight_University_Course', 'Technical_Demo', 'PathWave_Trial_Request', 'Keysight_Workshop_RF_Testing', 'PathWave_Trial_Request', 'No_Conversion']",0
L003301,Laura Khan,,Automotive,LATAM,,LinkedIn,"['Keysight_University_Course', 'Opportunity', 'SQL', 'Customer']",1
L003302,,Tesla Energy GmbH,Aerospace,LATAM,5G Testbeds,Webinar,"['SQL', 'Oscilloscope_Selector_Tool', 'Keysight_University_Course', 'No_Conversion']",0
L003303,Priya Martinez,NXPSe_Tech,,North America,PathWave Software,Email Campaign,"['Opportunity', 'Application_Engineer_Call', 'DesignCon_Booth_Visit', 'Opportunity', 'Customer']",1
L003304,Daniel Khan,Raytheon GmbH,,Europe,PathWave Software,Webinar,"['Application_Engineer_Call', 'Website_Product_Page', 'AutoSens_Tech_Talk', 'Customer']",1
L003305,Michael Lee,Bosch GmbH,Semiconductor,Europe,Automotive Ethernet,Sales Outreach,"['Lab_Integration_Discussion', 'Keysight_University_Course', 'DesignCon_Booth_Visit', 'MQL', 'Opportunity', 'Customer']",1
L003306,,Infineon,Telecom,LATAM,5G Testbeds,Sales Outreach,"['Oscilloscope_Selector_Tool', 'Opportunity', 'Technical_Demo', 'Oscilloscope_Selector_Tool', 'PathWave_Trial_Request', 'Website_Product_Page', 'Keysight_University_Course', 'Application_Engineer_Call', 'Whitepaper_Download_5G_Test', 'No_Conversion']",0
L003307,Kenji Johnson,NXP Semiconductors,,APAC,,,"['AutoSens_Tech_Talk', 'Customer']",1
L003308,Sarah Williams,Broadcom GmbH,Electronics,,PathWave Software,Webinar,"['Keysight_University_Course', 'Customer']",1
L003309,Michael Ito,Raytheon GmbH,Electronics,,5G Testbeds,Sales Outreach,"['Keysight_University_Course', 'SQL', 'No_Conversion']",0
L003310,,Bosch_Tech,,APAC,,Website,['No_Conversion'],0
L003311,Sarah Khan,,Automotive,APAC,,Event,"['Whitepaper_Download_5G_Test', 'Application_Engineer_Call', 'SQL', 'DesignCon_Booth_Visit', 'MQL', 'Technical_Demo', 'No_Conversion']",0
L003312,Michael Lee,,,,Oscilloscopes,Webinar,"['Whitepaper_Download_5G_Test', 'Opportunity', 'Lab_Integration_Discussion', 'Opportunity', 'Customer']",1
L003313,Laura Williams,NXP Semiconductors GmbH,Automotive,North America,PathWave Software,Email Campaign,"['Technical_Demo', 'Loaner_Unit_Evaluation', 'Keysight_University_Course', 'Application_Engineer_Call', 'Keysight_University_Course', 'Application_Engineer_Call', 'No_Conversion']",0
L003314,Hiroshi Ito,Meta Connectivity Labs GmbH,Semiconductor,,,Sales Outreach,"['MQL', 'Lab_Integration_Discussion', 'MQL', 'Whitepaper_Download_5G_Test', 'Application_Engineer_Call', 'Lab_Integration_Discussion', 'PathWave_Trial_Request', 'Customer']",1
L003315,Michael Williams,,Automotive,APAC,Automotive Ethernet,Webinar,"['IMS_Badge_Scan', 'IMS_Badge_Scan', 'Loaner_Unit_Evaluation', 'Oscilloscope_Selector_Tool', 'No_Conversion']",0
L003316,,Tesla Energy,Automotive,APAC,PathWave Software,Webinar,"['MQL', 'Keysight_Workshop_RF_Testing', 'No_Conversion']",0
L003317,Chen Garcia,Samsu_Tech,,APAC,PathWave Software,Website,"['LinkedIn_Ad_Click', 'LinkedIn_Ad_Click', 'MQL', 'PathWave_Trial_Request', 'Keysight_University_Course', 'Website_Product_Page', 'AutoSens_Tech_Talk', 'PathWave_Trial_Request', 'No_Conversion']",0
L003318,Maria Martinez,,,,Oscilloscopes,,"['Loaner_Unit_Evaluation', 'Loaner_Unit_Evaluation', 'Opportunity', 'Loaner_Unit_Evaluation', 'Lab_Integration_Discussion', 'Lab_Integration_Discussion', 'Customer']",1
L003319,Michael Martinez,Infin_Tech,,APAC,5G Testbeds,Sales Outreach,['No_Conversion'],0
L003320,Sarah Ito,Broad_Tech,Telecom,,5G Testbeds,Webinar,"['Keysight_Workshop_RF_Testing', 'LinkedIn_Ad_Click', 'Lab_Integration_Discussion', 'No_Conversion']",0
L003321,Ahmed Lee,Tesla Energy GmbH,,North America,PathWave Software,,"['Website_Product_Page', 'PathWave_Trial_Request', 'Lab_Integration_Discussion', 'Loaner_Unit_Evaluation', 'Oscilloscope_Selector_Tool', 'Lab_Integration_Discussion', 'Keysight_University_Course', 'Customer']",1
L003322,Sofia Tanaka,NXPSe_Tech,,LATAM,5G Testbeds,Email Campaign,"['DesignCon_Booth_Visit', 'Keysight_University_Course', 'Customer']",1
L003323,Kenji Anders,Samsu_Tech,Telecom,LATAM,,Website,"['SQL', 'IMS_Badge_Scan', 'Keysight_University_Course', 'No_Conversion']",0
L003324,Ravi Martinez,Qualc_Tech,,North America,Oscilloscopes,Email Campaign,['Customer'],1
L003325,Kenji Anders,Qualcomm GmbH,Semiconductor,LATAM,,Event,"['Whitepaper_Download_5G_Test', 'Loaner_Unit_Evaluation', 'MQL', 'DesignCon_Booth_Visit', 'Keysight_Workshop_RF_Testing', 'Keysight_Workshop_RF_Testing', 'Whitepaper_Download_5G_Test', 'PathWave_Trial_Request', 'Application_Engineer_Call', 'MQL', 'No_Conversion']",0
L003326,Sarah Patel,,,APAC,Automotive Ethernet,Email Campaign,"['Loaner_Unit_Evaluation', 'Whitepaper_Download_5G_Test', 'SQL', 'IMS_Badge_Scan', 'Oscilloscope_Selector_Tool', 'Customer']",1
L003327,Ahmed Singh,Infineon,Semiconductor,,Automotive Ethernet,Email Campaign,"['SQL', 'Keysight_Workshop_RF_Testing', 'AutoSens_Tech_Talk', 'Whitepaper_Download_5G_Test', 'Website_Product_Page', 'Customer']",1
L003328,Daniel Martinez,Raytheon GmbH,,Europe,PathWave Software,Webinar,['Customer'],1
L003329,Ahmed Anders,Raytheon,Semiconductor,APAC,,Website,"['Keysight_Workshop_RF_Testing', 'Technical_Demo', 'Keysight_Workshop_RF_Testing', 'Customer']",1
L003330,Daniel Johnson,,Telecom,Europe,,,"['Opportunity', 'Customer']",1
L003331,Chen Singh,Qualc_Tech,,Europe,Oscilloscopes,Email Campaign,"['SQL', 'SQL', 'PathWave_Trial_Request', 'PathWave_Trial_Request', 'PathWave_Trial_Request', 'MQL', 'Customer']",1
L003332,Chen Patel,,Automotive,North America,Oscilloscopes,Website,"['PathWave_Trial_Request', 'LinkedIn_Ad_Click', 'No_Conversion']",0
L003333,Daniel Johnson,Bosch GmbH,Semiconductor,LATAM,,,"['Application_Engineer_Call', 'Keysight_Workshop_RF_Testing', 'Oscilloscope_Selector_Tool', 'Customer']",1
L003334,Ravi Tanaka,MetaC_Tech,Automotive,Europe,,Website,"['Application_Engineer_Call', 'Application_Engineer_Call', 'Opportunity', 'Customer']",1
L003335,Priya Anders,Bosch,Aerospace,LATAM,5G Testbeds,Email Campaign,"['Loaner_Unit_Evaluation', 'Website_Product_Page', 'Opportunity', 'No_Conversion']",0
L003336,Hiroshi Garcia,NXP Semiconductors,,North America,Oscilloscopes,Website,"['Keysight_University_Course', 'Whitepaper_Download_5G_Test', 'AutoSens_Tech_Talk', 'Lab_Integration_Discussion', 'AutoSens_Tech_Talk', 'Customer']",1
L003337,Kenji Patel,Sony GmbH,Semiconductor,,PathWave Software,Event,"['Website_Product_Page', 'Loaner_Unit_Evaluation', 'Whitepaper_Download_5G_Test', 'MQL', 'Lab_Integration_Discussion', 'Technical_Demo', 'DesignCon_Booth_Visit', 'LinkedIn_Ad_Click', 'PathWave_Trial_Request', 'Customer']",1
L003338,Kenji Johnson,Samsung Electronics,Telecom,LATAM,Oscilloscopes,Email Campaign,"['Loaner_Unit_Evaluation', 'Application_Engineer_Call', 'Lab_Integration_Discussion', 'Oscilloscope_Selector_Tool', 'Whitepaper_Download_5G_Test', 'No_Conversion']",0
L003339,Chen Patel,Tesla Energy,Telecom,APAC,Oscilloscopes,Sales Outreach,"['Keysight_University_Course', 'Loaner_Unit_Evaluation', 'PathWave_Trial_Request', 'Customer']",1
L003340,Chen Martinez,,,APAC,,,"['DesignCon_Booth_Visit', 'IMS_Badge_Scan', 'Opportunity', 'Technical_Demo', 'Customer']",1
L003341,Sarah Williams,Infineon,,Europe,5G Testbeds,Event,"['Oscilloscope_Selector_Tool', 'Loaner_Unit_Evaluation', 'Whitepaper_Download_5G_Test', 'SQL', 'No_Conversion']",0
L003342,Hiroshi Garcia,Tesla_Tech,Semiconductor,APAC,,Sales Outreach,"['PathWave_Trial_Request', 'Whitepaper_Download_5G_Test', 'Website_Product_Page', 'MQL', 'No_Conversion']",0
L003343,Sofia Johnson,Meta Connectivity Labs,,APAC,Oscilloscopes,Sales Outreach,"['Oscilloscope_Selector_Tool', 'Website_Product_Page', 'PathWave_Trial_Request', 'IMS_Badge_Scan', 'AutoSens_Tech_Talk', 'Technical_Demo', 'LinkedIn_Ad_Click', 'No_Conversion']",0
L003344,Kenji Tanaka,Broadcom,,APAC,Automotive Ethernet,Sales Outreach,"['DesignCon_Booth_Visit', 'PathWave_Trial_Request', 'Technical_Demo', 'AutoSens_Tech_Talk', 'No_Conversion']",0
L003345,Laura Tanaka,Broad_Tech,Automotive,,,Sales Outreach,"['LinkedIn_Ad_Click', 'MQL', 'Customer']",1
L003346,Maria Lee,Tesla Energy GmbH,Aerospace,Europe,Automotive Ethernet,,"['Application_Engineer_Call', 'Loaner_Unit_Evaluation', 'DesignCon_Booth_Visit', 'No_Conversion']",0
L003347,Daniel Williams,NXP Semiconductors GmbH,Automotive,Europe,,LinkedIn,"['DesignCon_Booth_Visit', 'Keysight_Workshop_RF_Testing', 'Keysight_University_Course', 'AutoSens_Tech_Talk', 'Technical_Demo', 'AutoSens_Tech_Talk', 'Website_Product_Page', 'Technical_Demo', 'Loaner_Unit_Evaluation', 'MQL', 'Customer']",1
L003348,Sarah Khan,Sony,Automotive,LATAM,5G Testbeds,,"['AutoSens_Tech_Talk', 'Opportunity', 'AutoSens_Tech_Talk', 'Keysight_Workshop_RF_Testing', 'Application_Engineer_Call', 'Technical_Demo', 'IMS_Badge_Scan', 'IMS_Badge_Scan', 'Loaner_Unit_Evaluation', 'Technical_Demo', 'Customer']",1
L003349,Ravi Khan,NXP Semiconductors,Electronics,APAC,PathWave Software,Event,"['Whitepaper_Download_5G_Test', 'Application_Engineer_Call', 'PathWave_Trial_Request', 'Whitepaper_Download_5G_Test', 'DesignCon_Booth_Visit', 'Customer']",1
L003350,Hiroshi Patel,,Semiconductor,North America,,Website,"['IMS_Badge_Scan', 'Customer']",1
L003351,Ahmed Chen,Qualc_Tech,Aerospace,North America,PathWave Software,Sales Outreach,['No_Conversion'],0
L003352,Laura Patel,Samsu_Tech,Semiconductor,,,Sales Outreach,"['SQL', 'PathWave_Trial_Request', 'Website_Product_Page', 'DesignCon_Booth_Visit', 'AutoSens_Tech_Talk', 'DesignCon_Booth_Visit', 'Keysight_Workshop_RF_Testing', 'IMS_Badge_Scan', 'Customer']",1
L003353,Daniel Martinez,NXP Semiconductors,Semiconductor,APAC,5G Testbeds,Webinar,"['DesignCon_Booth_Visit', 'Keysight_University_Course', 'Website_Product_Page', 'MQL', 'DesignCon_Booth_Visit', 'Application_Engineer_Call', 'Customer']",1
L003354,Chen Martinez,Samsung Electronics,Telecom,,,LinkedIn,"['Keysight_University_Course', 'Opportunity', 'No_Conversion']",0
L003355,,Meta Connectivity Labs GmbH,,North America,Oscilloscopes,,"['Keysight_Workshop_RF_Testing', 'Loaner_Unit_Evaluation', 'Oscilloscope_Selector_Tool', 'Keysight_Workshop_RF_Testing', 'No_Conversion']",0
L003356,Sarah Garcia,Broadcom,,APAC,Automotive Ethernet,LinkedIn,"['DesignCon_Booth_Visit', 'Customer']",1
L003357,Daniel Johnson,Infineon GmbH,Aerospace,North America,PathWave Software,LinkedIn,"['AutoSens_Tech_Talk', 'AutoSens_Tech_Talk', 'Website_Product_Page', 'Keysight_University_Course', 'Whitepaper_Download_5G_Test', 'SQL', 'IMS_Badge_Scan', 'Keysight_University_Course', 'No_Conversion']",0
L003358,Priya Anders,,Automotive,Europe,PathWave Software,Event,"['Keysight_Workshop_RF_Testing', 'Lab_Integration_Discussion', 'No_Conversion']",0
L003359,Sarah Lee,,Automotive,North America,5G Testbeds,Sales Outreach,['Customer'],1
L003360,Chen Garcia,Infin_Tech,Aerospace,North America,,LinkedIn,"['Keysight_Workshop_RF_Testing', 'PathWave_Trial_Request', 'DesignCon_Booth_Visit', 'LinkedIn_Ad_Click', 'Keysight_University_Course', 'No_Conversion']",0
L003361,Michael Chen,Bosch,Semiconductor,,,Event,"['Keysight_University_Course', 'Lab_Integration_Discussion', 'Keysight_University_Course', 'Technical_Demo', 'Website_Product_Page', 'Keysight_Workshop_RF_Testing', 'No_Conversion']",0
L003362,Sofia Chen,,Semiconductor,Europe,5G Testbeds,,"['Oscilloscope_Selector_Tool', 'AutoSens_Tech_Talk', 'Customer']",1
L003363,Hiroshi Johnson,NXP Semiconductors GmbH,Electronics,Europe,Automotive Ethernet,LinkedIn,['No_Conversion'],0
L003364,Ravi Williams,Raytheon GmbH,Telecom,Europe,Oscilloscopes,Webinar,"['LinkedIn_Ad_Click', 'PathWave_Trial_Request', 'Loaner_Unit_Evaluation', 'Lab_Integration_Discussion', 'Whitepaper_Download_5G_Test', 'MQL', 'SQL', 'Opportunity', 'DesignCon_Booth_Visit', 'No_Conversion']",0
L003365,Priya Tanaka,Samsung Electronics,Aerospace,APAC,,LinkedIn,"['Oscilloscope_Selector_Tool', 'DesignCon_Booth_Visit', 'Whitepaper_Download_5G_Test', 'No_Conversion']",0
L003366,Ravi Williams,Sony GmbH,,Europe,5G Testbeds,Email Campaign,"['Lab_Integration_Discussion', 'IMS_Badge_Scan', 'Application_Engineer_Call', 'Keysight_Workshop_RF_Testing', 'MQL', 'Website_Product_Page', 'Opportunity', 'MQL', 'AutoSens_Tech_Talk', 'Lab_Integration_Discussion', 'Customer']",1
L003367,,,Automotive,APAC,,Webinar,['No_Conversion'],0
L003368,Laura Williams,Bosch GmbH,Semiconductor,Europe,5G Testbeds,LinkedIn,"['Website_Product_Page', 'AutoSens_Tech_Talk', 'Keysight_Workshop_RF_Testing', 'Keysight_University_Course', 'Oscilloscope_Selector_Tool', 'Whitepaper_Download_5G_Test', 'Website_Product_Page', 'Keysight_University_Course', 'Customer']",1
L003369,Maria Lee,NXP Semiconductors GmbH,Electronics,Europe,PathWave Software,Website,"['Website_Product_Page', 'AutoSens_Tech_Talk', 'PathWave_Trial_Request', 'Application_Engineer_Call', 'MQL', 'Keysight_Workshop_RF_Testing', 'Keysight_Workshop_RF_Testing', 'Customer']",1
L003370,Michael Ito,Qualcomm,Automotive,,Oscilloscopes,Email Campaign,"['Whitepaper_Download_5G_Test', 'LinkedIn_Ad_Click', 'LinkedIn_Ad_Click', 'Opportunity', 'Opportunity', 'Technical_Demo', 'Customer']",1
L003371,Daniel Chen,Broadcom,,,Oscilloscopes,,"['Opportunity', 'PathWave_Trial_Request', 'Opportunity', 'MQL', 'Keysight_Workshop_RF_Testing', 'Keysight_University_Course', 'No_Conversion']",0
L003372,Chen Anders,MetaC_Tech,Semiconductor,Europe,Automotive Ethernet,Event,"['AutoSens_Tech_Talk', 'Technical_Demo', 'PathWave_Trial_Request', 'Keysight_University_Course', 'SQL', 'IMS_Badge_Scan', 'PathWave_Trial_Request', 'No_Conversion']",0
L003373,Maria Chen,,,,PathWave Software,Email Campaign,"['PathWave_Trial_Request', 'No_Conversion']",0
L003374,Michael Williams,Samsu_Tech,Telecom,Europe,5G Testbeds,Website,"['Opportunity', 'Keysight_University_Course', 'Technical_Demo', 'Customer']",1
L003375,Michael Anders,Broadcom GmbH,Semiconductor,Europe,Automotive Ethernet,,"['Keysight_Workshop_RF_Testing', 'Keysight_University_Course', 'Keysight_University_Course', 'Website_Product_Page', 'SQL', 'Technical_Demo', 'No_Conversion']",0
L003376,Maria Garcia,MetaC_Tech,Aerospace,APAC,PathWave Software,Sales Outreach,"['IMS_Badge_Scan', 'Keysight_University_Course', 'Oscilloscope_Selector_Tool', 'No_Conversion']",0
L003377,Priya Patel,Infineon,,,Oscilloscopes,,"['Keysight_Workshop_RF_Testing', 'No_Conversion']",0
L003378,Chen Anders,Tesla_Tech,Semiconductor,,5G Testbeds,Webinar,"['SQL', 'AutoSens_Tech_Talk', 'Application_Engineer_Call', 'Customer']",1
L003379,Kenji Lee,Samsung Electronics GmbH,Electronics,Europe,,Event,"['Lab_Integration_Discussion', 'PathWave_Trial_Request', 'PathWave_Trial_Request', 'Whitepaper_Download_5G_Test', 'Technical_Demo', 'Whitepaper_Download_5G_Test', 'Technical_Demo', 'MQL', 'No_Conversion']",0
L003380,Michael Patel,Rayth_Tech,Automotive,LATAM,,,"['Website_Product_Page', 'IMS_Badge_Scan', 'PathWave_Trial_Request', 'DesignCon_Booth_Visit', 'AutoSens_Tech_Talk', 'No_Conversion']",0
L003381,Priya Chen,Raytheon,Electronics,,Automotive Ethernet,Website,"['Loaner_Unit_Evaluation', 'Customer']",1
L003382,Maria Lee,Qualcomm GmbH,,LATAM,Automotive Ethernet,Sales Outreach,"['Opportunity', 'Keysight_University_Course', 'MQL', 'Customer']",1
L003383,Maria Ito,Samsung Electronics,Semiconductor,Europe,,Event,"['Keysight_University_Course', 'Oscilloscope_Selector_Tool', 'Application_Engineer_Call', 'Keysight_Workshop_RF_Testing', 'No_Conversion']",0
L003384,Laura Martinez,Samsu_Tech,Semiconductor,North America,Oscilloscopes,Webinar,"['AutoSens_Tech_Talk', 'Opportunity', 'MQL', 'Keysight_University_Course', 'Opportunity', 'SQL', 'No_Conversion']",0
L003385,Daniel Patel,Sony,Automotive,,PathWave Software,Email Campaign,"['Technical_Demo', 'Keysight_University_Course', 'Application_Engineer_Call', 'DesignCon_Booth_Visit', 'Customer']",1
L003386,Ahmed Ito,,,Europe,,Sales Outreach,"['AutoSens_Tech_Talk', 'LinkedIn_Ad_Click', 'PathWave_Trial_Request', 'Opportunity', 'Opportunity', 'Customer']",1
L003387,Priya Anders,Tesla Energy GmbH,Semiconductor,APAC,,LinkedIn,"['Loaner_Unit_Evaluation', 'Opportunity', 'IMS_Badge_Scan', 'Application_Engineer_Call', 'Website_Product_Page', 'Website_Product_Page', 'LinkedIn_Ad_Click', 'Loaner_Unit_Evaluation', 'SQL', 'Customer']",1
L003388,Daniel Martinez,,,,,Sales Outreach,"['Loaner_Unit_Evaluation', 'Website_Product_Page', 'Keysight_University_Course', 'PathWave_Trial_Request', 'Lab_Integration_Discussion', 'Customer']",1
L003389,Priya Tanaka,Sony_Tech,,LATAM,5G Testbeds,,"['Loaner_Unit_Evaluation', 'Oscilloscope_Selector_Tool', 'Whitepaper_Download_5G_Test', 'Oscilloscope_Selector_Tool', 'SQL', 'IMS_Badge_Scan', 'Whitepaper_Download_5G_Test', 'LinkedIn_Ad_Click', 'No_Conversion']",0
L003390,Ravi Tanaka,Raytheon GmbH,Aerospace,LATAM,5G Testbeds,Event,"['Keysight_Workshop_RF_Testing', 'Application_Engineer_Call', 'AutoSens_Tech_Talk', 'Website_Product_Page', 'LinkedIn_Ad_Click', 'No_Conversion']",0
L003391,,,Aerospace,APAC,PathWave Software,LinkedIn,"['Keysight_Workshop_RF_Testing', 'Oscilloscope_Selector_Tool', 'Keysight_University_Course', 'Whitepaper_Download_5G_Test', 'Keysight_Workshop_RF_Testing', 'SQL', 'SQL', 'Customer']",1
L003392,,Meta Connectivity Labs,,North America,PathWave Software,Website,"['AutoSens_Tech_Talk', 'No_Conversion']",0
L003393,Sarah Patel,,Aerospace,APAC,Automotive Ethernet,,"['MQL', 'LinkedIn_Ad_Click', 'Opportunity', 'Customer']",1
L003394,Maria Lee,Infineon GmbH,,LATAM,Automotive Ethernet,Sales Outreach,"['Opportunity', 'Oscilloscope_Selector_Tool', 'DesignCon_Booth_Visit', 'LinkedIn_Ad_Click', 'Oscilloscope_Selector_Tool', 'Lab_Integration_Discussion', 'Customer']",1
L003395,Daniel Williams,Broad_Tech,Telecom,APAC,,Event,"['SQL', 'Technical_Demo', 'LinkedIn_Ad_Click', 'Application_Engineer_Call', 'Keysight_Workshop_RF_Testing', 'AutoSens_Tech_Talk', 'Application_Engineer_Call', 'No_Conversion']",0
L003396,Sofia Lee,Bosch_Tech,Aerospace,LATAM,5G Testbeds,Email Campaign,"['Lab_Integration_Discussion', 'Customer']",1
L003397,Sofia Garcia,,,APAC,,Event,"['MQL', 'MQL', 'Customer']",1
L003398,,Bosch GmbH,,Europe,,Website,"['SQL', 'Oscilloscope_Selector_Tool', 'No_Conversion']",0
L003399,Hiroshi Johnson,NXP Semiconductors GmbH,,,,Event,"['MQL', 'MQL', 'Loaner_Unit_Evaluation', 'LinkedIn_Ad_Click', 'Loaner_Unit_Evaluation', 'MQL', 'No_Conversion']",0
L003400,Maria Khan,Qualc_Tech,Aerospace,LATAM,PathWave Software,Website,"['Loaner_Unit_Evaluation', 'MQL', 'Keysight_Workshop_RF_Testing', 'Application_Engineer_Call', 'Keysight_Workshop_RF_Testing', 'Keysight_Workshop_RF_Testing', 'No_Conversion']",0
L003401,,Qualcomm GmbH,,North America,Automotive Ethernet,Email Campaign,"['Oscilloscope_Selector_Tool', 'SQL', 'Opportunity', 'DesignCon_Booth_Visit', 'SQL', 'Opportunity', 'Application_Engineer_Call', 'LinkedIn_Ad_Click', 'Oscilloscope_Selector_Tool', 'No_Conversion']",0
L003402,Priya Chen,,,LATAM,5G Testbeds,,"['SQL', 'Application_Engineer_Call', 'Oscilloscope_Selector_Tool', 'IMS_Badge_Scan', 'Loaner_Unit_Evaluation', 'No_Conversion']",0
L003403,Hiroshi Khan,,,North America,,LinkedIn,"['PathWave_Trial_Request', 'MQL', 'Technical_Demo', 'Lab_Integration_Discussion', 'Technical_Demo', 'Keysight_Workshop_RF_Testing', 'AutoSens_Tech_Talk', 'Technical_Demo', 'PathWave_Trial_Request', 'Customer']",1
L003404,Sarah Anders,Meta Connectivity Labs,,LATAM,PathWave Software,Email Campaign,"['Technical_Demo', 'LinkedIn_Ad_Click', 'PathWave_Trial_Request', 'Lab_Integration_Discussion', 'No_Conversion']",0
L003405,,Infin_Tech,Automotive,Europe,,Email Campaign,"['Keysight_University_Course', 'Customer']",1
L003406,Ravi Anders,Meta Connectivity Labs,Electronics,,,Website,"['IMS_Badge_Scan', 'Customer']",1
L003407,Laura Martinez,Tesla Energy GmbH,Telecom,APAC,,,['Customer'],1
L003408,Laura Tanaka,Sony GmbH,,Europe,,Website,"['AutoSens_Tech_Talk', 'Keysight_University_Course', 'Loaner_Unit_Evaluation', 'LinkedIn_Ad_Click', 'Whitepaper_Download_5G_Test', 'Whitepaper_Download_5G_Test', 'Customer']",1
L003409,Priya Williams,,,Europe,Automotive Ethernet,Website,"['Opportunity', 'Opportunity', 'MQL', 'SQL', 'Customer']",1
L003410,Priya Khan,Broad_Tech,Semiconductor,APAC,,LinkedIn,"['Website_Product_Page', 'AutoSens_Tech_Talk', 'PathWave_Trial_Request', 'SQL', 'Oscilloscope_Selector_Tool', 'SQL', 'AutoSens_Tech_Talk', 'Keysight_University_Course', 'Customer']",1
L003411,Maria Tanaka,,Telecom,,,Sales Outreach,"['MQL', 'Website_Product_Page', 'SQL', 'Website_Product_Page', 'SQL', 'Lab_Integration_Discussion', 'No_Conversion']",0
L003412,Sofia Singh,,,LATAM,Oscilloscopes,LinkedIn,"['Technical_Demo', 'Website_Product_Page', 'Keysight_Workshop_RF_Testing', 'Keysight_Workshop_RF_Testing', 'Website_Product_Page', 'Customer']",1
L003413,Daniel Patel,,Automotive,,,Email Campaign,"['Oscilloscope_Selector_Tool', 'Opportunity', 'LinkedIn_Ad_Click', 'Opportunity', 'DesignCon_Booth_Visit', 'No_Conversion']",0
L003414,Priya Ito,NXP Semiconductors GmbH,,LATAM,PathWave Software,Website,"['LinkedIn_Ad_Click', 'Lab_Integration_Discussion', 'Whitepaper_Download_5G_Test', 'Website_Product_Page', 'Keysight_University_Course', 'PathWave_Trial_Request', 'Keysight_University_Course', 'Keysight_Workshop_RF_Testing', 'No_Conversion']",0
L003415,Chen Lee,Raytheon GmbH,,,Automotive Ethernet,LinkedIn,"['Website_Product_Page', 'Keysight_University_Course', 'Keysight_Workshop_RF_Testing', 'Whitepaper_Download_5G_Test', 'MQL', 'Whitepaper_Download_5G_Test', 'AutoSens_Tech_Talk', 'Customer']",1
L003416,Maria Anders,MetaC_Tech,Electronics,LATAM,,LinkedIn,"['LinkedIn_Ad_Click', 'Oscilloscope_Selector_Tool', 'Application_Engineer_Call', 'Customer']",1
L003417,Sarah Singh,MetaC_Tech,Telecom,,,Webinar,"['Application_Engineer_Call', 'Keysight_University_Course', 'PathWave_Trial_Request', 'Website_Product_Page', 'Customer']",1
L003418,Daniel Johnson,Bosch_Tech,Semiconductor,APAC,Oscilloscopes,Sales Outreach,"['Opportunity', 'Keysight_University_Course', 'Loaner_Unit_Evaluation', 'Oscilloscope_Selector_Tool', 'Customer']",1
L003419,Ahmed Tanaka,Infineon,,,,Event,"['Website_Product_Page', 'Opportunity', 'Application_Engineer_Call', 'Oscilloscope_Selector_Tool', 'Opportunity', 'Customer']",1
L003420,Sarah Chen,,,,,,"['IMS_Badge_Scan', 'Application_Engineer_Call', 'MQL', 'Keysight_University_Course', 'SQL', 'No_Conversion']",0
L003421,Sofia Johnson,Rayth_Tech,,North America,,Website,"['DesignCon_Booth_Visit', 'Keysight_University_Course', 'Customer']",1
L003422,Maria Tanaka,,,APAC,5G Testbeds,LinkedIn,"['SQL', 'Customer']",1
L003423,Michael Lee,Sony,,LATAM,Automotive Ethernet,Webinar,['No_Conversion'],0
L003424,Chen Patel,Infineon,Electronics,,Automotive Ethernet,,"['DesignCon_Booth_Visit', 'IMS_Badge_Scan', 'Oscilloscope_Selector_Tool', 'LinkedIn_Ad_Click', 'Keysight_Workshop_RF_Testing', 'Oscilloscope_Selector_Tool', 'No_Conversion']",0
L003425,,Tesla_Tech,Semiconductor,Europe,Oscilloscopes,Email Campaign,"['Oscilloscope_Selector_Tool', 'Whitepaper_Download_5G_Test', 'LinkedIn_Ad_Click', 'Website_Product_Page', 'Lab_Integration_Discussion', 'Website_Product_Page', 'DesignCon_Booth_Visit', 'Opportunity', 'Customer']",1
L003426,Laura Anders,Sony GmbH,Telecom,North America,,Sales Outreach,"['Oscilloscope_Selector_Tool', 'MQL', 'Lab_Integration_Discussion', 'Lab_Integration_Discussion', 'No_Conversion']",0
L003427,Daniel Khan,,Telecom,LATAM,PathWave Software,,"['Opportunity', 'IMS_Badge_Scan', 'Application_Engineer_Call', 'PathWave_Trial_Request', 'No_Conversion']",0
L003428,Sofia Patel,Meta Connectivity Labs,Aerospace,Europe,,Website,"['LinkedIn_Ad_Click', 'Keysight_University_Course', 'PathWave_Trial_Request', 'Technical_Demo', 'Loaner_Unit_Evaluation', 'No_Conversion']",0
L003429,Hiroshi Garcia,Samsu_Tech,Automotive,North America,,Event,"['Opportunity', 'Keysight_Workshop_RF_Testing', 'PathWave_Trial_Request', 'Keysight_Workshop_RF_Testing', 'Keysight_Workshop_RF_Testing', 'Customer']",1
L003430,Sarah Chen,Bosch,Electronics,North America,,Sales Outreach,"['Loaner_Unit_Evaluation', 'Technical_Demo', 'Website_Product_Page', 'No_Conversion']",0
L003431,Daniel Martinez,Samsung Electronics GmbH,Electronics,North America,5G Testbeds,,"['PathWave_Trial_Request', 'DesignCon_Booth_Visit', 'MQL', 'IMS_Badge_Scan', 'Whitepaper_Download_5G_Test', 'AutoSens_Tech_Talk', 'Lab_Integration_Discussion', 'Opportunity', 'Opportunity', 'PathWave_Trial_Request', 'No_Conversion']",0
L003432,Chen Chen,NXPSe_Tech,Semiconductor,APAC,,LinkedIn,"['SQL', 'Technical_Demo', 'Whitepaper_Download_5G_Test', 'IMS_Badge_Scan', 'No_Conversion']",0
L003433,Laura Khan,Bosch_Tech,,Europe,PathWave Software,Webinar,"['Keysight_Workshop_RF_Testing', 'LinkedIn_Ad_Click', 'SQL', 'Lab_Integration_Discussion', 'SQL', 'Website_Product_Page', 'Customer']",1
L003434,Chen Anders,,Aerospace,North America,,LinkedIn,"['SQL', 'IMS_Badge_Scan', 'DesignCon_Booth_Visit', 'MQL', 'Lab_Integration_Discussion', 'Whitepaper_Download_5G_Test', 'LinkedIn_Ad_Click', 'LinkedIn_Ad_Click', 'Opportunity', 'PathWave_Trial_Request', 'Customer']",1
L003435,Ahmed Patel,Bosch_Tech,Telecom,LATAM,,LinkedIn,['Customer'],1
L003436,Sarah Chen,Samsung Electronics GmbH,Semiconductor,Europe,,Sales Outreach,"['DesignCon_Booth_Visit', 'PathWave_Trial_Request', 'Customer']",1
L003437,Priya Johnson,Broad_Tech,Semiconductor,North America,,Event,"['Oscilloscope_Selector_Tool', 'Whitepaper_Download_5G_Test', 'SQL', 'Lab_Integration_Discussion', 'Whitepaper_Download_5G_Test', 'Customer']",1
L003438,Hiroshi Martinez,Broadcom GmbH,Aerospace,Europe,5G Testbeds,Sales Outreach,"['DesignCon_Booth_Visit', 'No_Conversion']",0
L003439,Michael Singh,Sony,,LATAM,,,"['Keysight_Workshop_RF_Testing', 'No_Conversion']",0
L003440,Sarah Johnson,,Electronics,LATAM,,Webinar,"['Website_Product_Page', 'DesignCon_Booth_Visit', 'Loaner_Unit_Evaluation', 'Customer']",1
L003441,Michael Tanaka,NXP Semiconductors,Aerospace,North America,Oscilloscopes,,"['PathWave_Trial_Request', 'IMS_Badge_Scan', 'Whitepaper_Download_5G_Test', 'Whitepaper_Download_5G_Test', 'SQL', 'Customer']",1
L003442,Michael Chen,Infin_Tech,Electronics,Europe,,Webinar,"['Keysight_Workshop_RF_Testing', 'No_Conversion']",0
L003443,Hiroshi Patel,Tesla Energy GmbH,Semiconductor,,,,"['DesignCon_Booth_Visit', 'Whitepaper_Download_5G_Test', 'SQL', 'Customer']",1
L003444,,Meta Connectivity Labs,Telecom,North America,,Event,"['Opportunity', 'DesignCon_Booth_Visit', 'MQL', 'Customer']",1
L003445,Daniel Williams,Raytheon,,APAC,,Event,"['DesignCon_Booth_Visit', 'Technical_Demo', 'No_Conversion']",0
L003446,Chen Garcia,Samsung Electronics,Telecom,Europe,,Website,"['LinkedIn_Ad_Click', 'Keysight_University_Course', 'LinkedIn_Ad_Click', 'Keysight_Workshop_RF_Testing', 'SQL', 'LinkedIn_Ad_Click', 'Whitepaper_Download_5G_Test', 'No_Conversion']",0
L003447,Michael Ito,Broad_Tech,Automotive,North America,,Sales Outreach,"['IMS_Badge_Scan', 'DesignCon_Booth_Visit', 'SQL', 'AutoSens_Tech_Talk', 'Website_Product_Page', 'Customer']",1
L003448,Hiroshi Garcia,,,Europe,Oscilloscopes,Website,['Customer'],1
L003449,Sarah Martinez,Bosch_Tech,,North America,Oscilloscopes,Webinar,"['Opportunity', 'DesignCon_Booth_Visit', 'Customer']",1
L003450,Sarah Williams,Bosch,Automotive,LATAM,,Website,"['PathWave_Trial_Request', 'Website_Product_Page', 'MQL', 'No_Conversion']",0
L003451,Daniel Khan,Sony,,North America,,Website,"['SQL', 'DesignCon_Booth_Visit', 'DesignCon_Booth_Visit', 'No_Conversion']",0
L003452,Michael Martinez,Bosch,Automotive,North America,5G Testbeds,Sales Outreach,"['Lab_Integration_Discussion', 'SQL', 'Oscilloscope_Selector_Tool', 'SQL', 'Website_Product_Page', 'Website_Product_Page', 'Customer']",1
L003453,Daniel Lee,,,Europe,5G Testbeds,,"['MQL', 'Oscilloscope_Selector_Tool', 'Keysight_Workshop_RF_Testing', 'Opportunity', 'Whitepaper_Download_5G_Test', 'No_Conversion']",0
L003454,Ahmed Tanaka,NXP Semiconductors,,,,Webinar,"['LinkedIn_Ad_Click', 'MQL', 'PathWave_Trial_Request', 'MQL', 'Technical_Demo', 'No_Conversion']",0
L003455,Kenji Johnson,Sony GmbH,Electronics,,,,"['AutoSens_Tech_Talk', 'Keysight_University_Course', 'IMS_Badge_Scan', 'Opportunity', 'Oscilloscope_Selector_Tool', 'Customer']",1
L003456,,Infineon GmbH,Telecom,Europe,Automotive Ethernet,Sales Outreach,['Customer'],1
L003457,Michael Johnson,Tesla Energy,Aerospace,LATAM,,Website,"['Oscilloscope_Selector_Tool', 'Keysight_University_Course', 'Website_Product_Page', 'Oscilloscope_Selector_Tool', 'AutoSens_Tech_Talk', 'Application_Engineer_Call', 'Whitepaper_Download_5G_Test', 'IMS_Badge_Scan', 'No_Conversion']",0
L003458,Sofia Chen,Broad_Tech,Semiconductor,,,LinkedIn,"['Oscilloscope_Selector_Tool', 'Technical_Demo', 'Lab_Integration_Discussion', 'DesignCon_Booth_Visit', 'LinkedIn_Ad_Click', 'DesignCon_Booth_Visit', 'No_Conversion']",0
L003459,Laura Tanaka,Qualcomm GmbH,Electronics,LATAM,Automotive Ethernet,,"['DesignCon_Booth_Visit', 'Keysight_Workshop_RF_Testing', 'AutoSens_Tech_Talk', 'Loaner_Unit_Evaluation', 'Opportunity', 'No_Conversion']",0
L003460,Ahmed Anders,Meta Connectivity Labs,Electronics,North America,5G Testbeds,Email Campaign,"['PathWave_Trial_Request', 'PathWave_Trial_Request', 'SQL', 'SQL', 'PathWave_Trial_Request', 'No_Conversion']",0
L003461,Michael Garcia,Bosch,Aerospace,North America,PathWave Software,Email Campaign,"['MQL', 'PathWave_Trial_Request', 'MQL', 'Loaner_Unit_Evaluation', 'Oscilloscope_Selector_Tool', 'SQL', 'Technical_Demo', 'Website_Product_Page', 'Keysight_University_Course', 'Keysight_Workshop_RF_Testing', 'No_Conversion']",0
L003462,Laura Singh,Infineon,,,PathWave Software,Sales Outreach,"['Loaner_Unit_Evaluation', 'Customer']",1
L003463,Sofia Lee,,,North America,PathWave Software,Webinar,"['Keysight_University_Course', 'Oscilloscope_Selector_Tool', 'IMS_Badge_Scan', 'Technical_Demo', 'PathWave_Trial_Request', 'Oscilloscope_Selector_Tool', 'No_Conversion']",0
L003464,Ravi Tanaka,,Electronics,,Automotive Ethernet,,"['Keysight_University_Course', 'PathWave_Trial_Request', 'Opportunity', 'Customer']",1
L003465,,Infin_Tech,Automotive,LATAM,Oscilloscopes,LinkedIn,"['Website_Product_Page', 'Application_Engineer_Call', 'Keysight_Workshop_RF_Testing', 'IMS_Badge_Scan', 'Opportunity', 'LinkedIn_Ad_Click', 'Whitepaper_Download_5G_Test', 'Keysight_Workshop_RF_Testing', 'Opportunity', 'Customer']",1
L003466,Priya Singh,Tesla_Tech,,LATAM,PathWave Software,Webinar,"['Opportunity', 'MQL', 'Technical_Demo', 'PathWave_Trial_Request', 'Keysight_Workshop_RF_Testing', 'Loaner_Unit_Evaluation', 'PathWave_Trial_Request', 'Keysight_University_Course', 'PathWave_Trial_Request', 'Website_Product_Page', 'Customer']",1
L003467,Laura Anders,,Telecom,LATAM,,Email Campaign,"['IMS_Badge_Scan', 'MQL', 'Keysight_Workshop_RF_Testing', 'DesignCon_Booth_Visit', 'MQL', 'PathWave_Trial_Request', 'AutoSens_Tech_Talk', 'Keysight_University_Course', 'Technical_Demo', 'PathWave_Trial_Request', 'Customer']",1
L003468,Laura Lee,MetaC_Tech,Aerospace,,PathWave Software,,"['Website_Product_Page', 'Customer']",1
L003469,Kenji Martinez,,Electronics,,,Webinar,"['Opportunity', 'Lab_Integration_Discussion', 'Keysight_University_Course', 'Customer']",1
L003470,Sofia Khan,,Automotive,LATAM,PathWave Software,Sales Outreach,['Customer'],1
L003471,,,,Europe,Oscilloscopes,Email Campaign,"['IMS_Badge_Scan', 'Loaner_Unit_Evaluation', 'AutoSens_Tech_Talk', 'IMS_Badge_Scan', 'LinkedIn_Ad_Click', 'IMS_Badge_Scan', 'AutoSens_Tech_Talk', 'Technical_Demo', 'AutoSens_Tech_Talk', 'No_Conversion']",0
L003472,Laura Khan,Broadcom GmbH,Automotive,Europe,5G Testbeds,Sales Outreach,"['LinkedIn_Ad_Click', 'Website_Product_Page', 'Keysight_Workshop_RF_Testing', 'No_Conversion']",0
L003473,Kenji Anders,Raytheon,Aerospace,North America,,,"['IMS_Badge_Scan', 'Opportunity', 'Keysight_University_Course', 'Technical_Demo', 'LinkedIn_Ad_Click', 'PathWave_Trial_Request', 'AutoSens_Tech_Talk', 'Application_Engineer_Call', 'Customer']",1
L003474,Hiroshi Johnson,Samsung Electronics,Semiconductor,,PathWave Software,LinkedIn,"['PathWave_Trial_Request', 'DesignCon_Booth_Visit', 'Technical_Demo', 'PathWave_Trial_Request', 'IMS_Badge_Scan', 'MQL', 'IMS_Badge_Scan', 'No_Conversion']",0
L003475,Priya Anders,Samsung Electronics,Semiconductor,,Automotive Ethernet,,"['LinkedIn_Ad_Click', 'No_Conversion']",0
L003476,Priya Khan,Bosch_Tech,Automotive,,,Email Campaign,"['LinkedIn_Ad_Click', 'No_Conversion']",0
L003477,Kenji Patel,,Aerospace,Europe,,Sales Outreach,"['Loaner_Unit_Evaluation', 'AutoSens_Tech_Talk', 'SQL', 'Application_Engineer_Call', 'Keysight_University_Course', 'MQL', 'Application_Engineer_Call', 'Keysight_University_Course', 'Customer']",1
L003478,Kenji Patel,,Automotive,North America,5G Testbeds,Webinar,"['SQL', 'LinkedIn_Ad_Click', 'Technical_Demo', 'No_Conversion']",0
L003479,Maria Garcia,Samsung Electronics,Semiconductor,APAC,PathWave Software,Email Campaign,"['Loaner_Unit_Evaluation', 'No_Conversion']",0
L003480,,,Aerospace,Europe,Oscilloscopes,,['Customer'],1
L003481,,Samsung Electronics GmbH,Telecom,,Automotive Ethernet,Event,"['Lab_Integration_Discussion', 'PathWave_Trial_Request', 'Lab_Integration_Discussion', 'PathWave_Trial_Request', 'No_Conversion']",0
L003482,Hiroshi Garcia,Broadcom,Automotive,LATAM,5G Testbeds,Email Campaign,['No_Conversion'],0
L003483,Ravi Williams,MetaC_Tech,Semiconductor,APAC,,,"['AutoSens_Tech_Talk', 'Loaner_Unit_Evaluation', 'PathWave_Trial_Request', 'Lab_Integration_Discussion', 'Customer']",1
L003484,,Sony,,,,,"['Whitepaper_Download_5G_Test', 'LinkedIn_Ad_Click', 'Technical_Demo', 'Opportunity', 'Customer']",1
L003485,Sofia Chen,Samsung Electronics GmbH,Aerospace,APAC,Oscilloscopes,Email Campaign,"['Application_Engineer_Call', 'MQL', 'Customer']",1
L003486,Chen Khan,Tesla Energy GmbH,Electronics,,5G Testbeds,,"['PathWave_Trial_Request', 'Opportunity', 'Opportunity', 'Customer']",1
L003487,Sofia Patel,Meta Connectivity Labs,Telecom,North America,,Webinar,"['Technical_Demo', 'PathWave_Trial_Request', 'Lab_Integration_Discussion', 'Keysight_Workshop_RF_Testing', 'Customer']",1
L003488,Ravi Khan,,,,,Sales Outreach,['No_Conversion'],0
L003489,,NXP Semiconductors GmbH,,North America,,Email Campaign,"['AutoSens_Tech_Talk', 'Oscilloscope_Selector_Tool', 'IMS_Badge_Scan', 'Customer']",1
L003490,Ahmed Khan,Sony_Tech,Electronics,LATAM,,Webinar,"['Application_Engineer_Call', 'LinkedIn_Ad_Click', 'Whitepaper_Download_5G_Test', 'No_Conversion']",0
L003491,Maria Patel,,Aerospace,LATAM,Oscilloscopes,Event,"['Keysight_University_Course', 'IMS_Badge_Scan', 'Technical_Demo', 'Keysight_Workshop_RF_Testing', 'Lab_Integration_Discussion', 'No_Conversion']",0
L003492,Priya Chen,NXP Semiconductors GmbH,Telecom,,Automotive Ethernet,,"['Keysight_University_Course', 'LinkedIn_Ad_Click', 'Keysight_Workshop_RF_Testing', 'MQL', 'Customer']",1
L003493,Sofia Singh,Raytheon,Telecom,APAC,,Sales Outreach,"['Keysight_Workshop_RF_Testing', 'Keysight_Workshop_RF_Testing', 'Whitepaper_Download_5G_Test', 'Customer']",1
L003494,Kenji Garcia,,,,Automotive Ethernet,,"['Oscilloscope_Selector_Tool', 'Loaner_Unit_Evaluation', 'PathWave_Trial_Request', 'Customer']",1
L003495,,Broadcom GmbH,,LATAM,Oscilloscopes,Sales Outreach,"['Keysight_University_Course', 'Website_Product_Page', 'SQL', 'Customer']",1
L003496,Ahmed Khan,Meta Connectivity Labs,Automotive,,PathWave Software,LinkedIn,"['PathWave_Trial_Request', 'Website_Product_Page', 'Opportunity', 'Opportunity', 'SQL', 'Technical_Demo', 'Oscilloscope_Selector_Tool', 'LinkedIn_Ad_Click', 'PathWave_Trial_Request', 'DesignCon_Booth_Visit', 'Customer']",1
L003497,Hiroshi Ito,Raytheon GmbH,Electronics,Europe,,LinkedIn,"['MQL', 'DesignCon_Booth_Visit', 'No_Conversion']",0
L003498,Hiroshi Garcia,Raytheon,Aerospace,,Automotive Ethernet,Sales Outreach,"['Application_Engineer_Call', 'PathWave_Trial_Request', 'No_Conversion']",0
L003499,,,Electronics,,,Email Campaign,"['Application_Engineer_Call', 'Opportunity', 'SQL', 'PathWave_Trial_Request', 'Application_Engineer_Call', 'Customer']",1
L003500,Laura Williams,Samsu_Tech,Automotive,APAC,,Email Campaign,"['SQL', 'Oscilloscope_Selector_Tool', 'AutoSens_Tech_Talk', 'No_Conversion']",0
L003501,Chen Martinez,,Telecom,,,,"['IMS_Badge_Scan', 'Keysight_University_Course', 'Whitepaper_Download_5G_Test', 'Opportunity', 'Keysight_Workshop_RF_Testing', 'PathWave_Trial_Request', 'Lab_Integration_Discussion', 'No_Conversion']",0
L003502,Michael Ito,NXP Semiconductors,,North America,PathWave Software,Webinar,"['Keysight_University_Course', 'Opportunity', 'Lab_Integration_Discussion', 'No_Conversion']",0
L003503,Maria Khan,,Semiconductor,,,Webinar,"['Lab_Integration_Discussion', 'AutoSens_Tech_Talk', 'Lab_Integration_Discussion', 'Lab_Integration_Discussion', 'No_Conversion']",0
L003504,Hiroshi Ito,,Aerospace,APAC,,Sales Outreach,"['Technical_Demo', 'IMS_Badge_Scan', 'IMS_Badge_Scan', 'No_Conversion']",0
L003505,Hiroshi Ito,Tesla Energy,,,,Sales Outreach,"['AutoSens_Tech_Talk', 'Technical_Demo', 'Keysight_University_Course', 'LinkedIn_Ad_Click', 'Application_Engineer_Call', 'SQL', 'No_Conversion']",0
L003506,Daniel Anders,Samsu_Tech,,,Oscilloscopes,Event,"['SQL', 'Customer']",1
L003507,Ahmed Martinez,Qualcomm GmbH,Aerospace,LATAM,,Email Campaign,"['IMS_Badge_Scan', 'LinkedIn_Ad_Click', 'Lab_Integration_Discussion', 'Oscilloscope_Selector_Tool', 'Customer']",1
L003508,Hiroshi Ito,Broadcom,Automotive,APAC,Automotive Ethernet,,"['Whitepaper_Download_5G_Test', 'Oscilloscope_Selector_Tool', 'Application_Engineer_Call', 'Keysight_Workshop_RF_Testing', 'No_Conversion']",0
L003509,Sarah Johnson,,Semiconductor,,Automotive Ethernet,Sales Outreach,"['Lab_Integration_Discussion', 'Opportunity', 'No_Conversion']",0
L003510,Ahmed Chen,NXP Semiconductors,Aerospace,APAC,Automotive Ethernet,Event,"['Opportunity', 'IMS_Badge_Scan', 'Keysight_University_Course', 'Customer']",1
L003511,Priya Chen,Bosch GmbH,Telecom,LATAM,,Website,"['Keysight_Workshop_RF_Testing', 'Keysight_University_Course', 'DesignCon_Booth_Visit', 'Oscilloscope_Selector_Tool', 'IMS_Badge_Scan', 'Website_Product_Page', 'IMS_Badge_Scan', 'Lab_Integration_Discussion', 'Whitepaper_Download_5G_Test', 'No_Conversion']",0
L003512,Michael Chen,,Electronics,Europe,,Webinar,"['Application_Engineer_Call', 'PathWave_Trial_Request', 'Loaner_Unit_Evaluation', 'Oscilloscope_Selector_Tool', 'Oscilloscope_Selector_Tool', 'Oscilloscope_Selector_Tool', 'Lab_Integration_Discussion', 'Application_Engineer_Call', 'Application_Engineer_Call', 'Customer']",1
L003513,Chen Lee,Tesla Energy GmbH,Telecom,,,Website,"['IMS_Badge_Scan', 'PathWave_Trial_Request', 'Website_Product_Page', 'No_Conversion']",0
L003514,Maria Lee,Samsu_Tech,Electronics,LATAM,Automotive Ethernet,Event,"['Opportunity', 'Keysight_University_Course', 'Keysight_Workshop_RF_Testing', 'IMS_Badge_Scan', 'Lab_Integration_Discussion', 'Whitepaper_Download_5G_Test', 'Oscilloscope_Selector_Tool', 'PathWave_Trial_Request', 'Customer']",1
L003515,Maria Ito,Meta Connectivity Labs,Aerospace,North America,5G Testbeds,Event,"['SQL', 'Lab_Integration_Discussion', 'Whitepaper_Download_5G_Test', 'SQL', 'Lab_Integration_Discussion', 'No_Conversion']",0
L003516,Ravi Williams,Meta Connectivity Labs GmbH,Automotive,,,Event,"['Whitepaper_Download_5G_Test', 'DesignCon_Booth_Visit', 'PathWave_Trial_Request', 'AutoSens_Tech_Talk', 'No_Conversion']",0
L003517,Michael Lee,,Aerospace,,Automotive Ethernet,Sales Outreach,"['Application_Engineer_Call', 'LinkedIn_Ad_Click', 'Website_Product_Page', 'Website_Product_Page', 'PathWave_Trial_Request', 'PathWave_Trial_Request', 'Website_Product_Page', 'Keysight_Workshop_RF_Testing', 'LinkedIn_Ad_Click', 'DesignCon_Booth_Visit', 'No_Conversion']",0
L003518,Ahmed Khan,NXP Semiconductors,Electronics,LATAM,5G Testbeds,Website,"['Keysight_Workshop_RF_Testing', 'Website_Product_Page', 'No_Conversion']",0
L003519,Laura Chen,Broad_Tech,Automotive,Europe,,,"['Keysight_University_Course', 'Website_Product_Page', 'Website_Product_Page', 'Website_Product_Page', 'MQL', 'Loaner_Unit_Evaluation', 'No_Conversion']",0
L003520,Michael Williams,Broadcom,Automotive,LATAM,,Event,"['Lab_Integration_Discussion', 'Keysight_University_Course', 'Loaner_Unit_Evaluation', 'Customer']",1
L003521,Chen Patel,Infineon,Electronics,LATAM,Oscilloscopes,LinkedIn,"['Application_Engineer_Call', 'Keysight_Workshop_RF_Testing', 'AutoSens_Tech_Talk', 'Customer']",1
L003522,,,,Europe,Automotive Ethernet,Event,"['Loaner_Unit_Evaluation', 'PathWave_Trial_Request', 'Customer']",1
L003523,,Infineon,,North America,,,['No_Conversion'],0
L003524,Ahmed Chen,,,LATAM,,Email Campaign,"['Loaner_Unit_Evaluation', 'Customer']",1
L003525,Chen Khan,Sony,Aerospace,,PathWave Software,Sales Outreach,"['PathWave_Trial_Request', 'PathWave_Trial_Request', 'Loaner_Unit_Evaluation', 'Whitepaper_Download_5G_Test', 'No_Conversion']",0
L003526,Maria Johnson,,Telecom,Europe,5G Testbeds,Webinar,"['IMS_Badge_Scan', 'Lab_Integration_Discussion', 'Customer']",1
L003527,Ravi Garcia,,,Europe,Automotive Ethernet,LinkedIn,"['AutoSens_Tech_Talk', 'DesignCon_Booth_Visit', 'Customer']",1
L003528,Ravi Singh,Bosch_Tech,,Europe,Oscilloscopes,Email Campaign,"['DesignCon_Booth_Visit', 'IMS_Badge_Scan', 'Oscilloscope_Selector_Tool', 'Keysight_University_Course', 'Website_Product_Page', 'Oscilloscope_Selector_Tool', 'IMS_Badge_Scan', 'SQL', 'Customer']",1
L003529,Chen Chen,,Aerospace,Europe,,Sales Outreach,['No_Conversion'],0
L003530,Maria Johnson,Tesla Energy,,APAC,Automotive Ethernet,Sales Outreach,"['Loaner_Unit_Evaluation', 'MQL', 'LinkedIn_Ad_Click', 'Opportunity', 'IMS_Badge_Scan', 'Oscilloscope_Selector_Tool', 'IMS_Badge_Scan', 'Lab_Integration_Discussion', 'No_Conversion']",0
L003531,Sarah Anders,Broadcom GmbH,Aerospace,North America,5G Testbeds,Webinar,"['AutoSens_Tech_Talk', 'DesignCon_Booth_Visit', 'Keysight_Workshop_RF_Testing', 'Customer']",1
L003532,Kenji Ito,Samsu_Tech,Telecom,North America,PathWave Software,Sales Outreach,"['PathWave_Trial_Request', 'DesignCon_Booth_Visit', 'PathWave_Trial_Request', 'Oscilloscope_Selector_Tool', 'Lab_Integration_Discussion', 'Oscilloscope_Selector_Tool', 'Customer']",1
L003533,Sarah Johnson,Broadcom,Aerospace,,,Website,"['SQL', 'Keysight_University_Course', 'Lab_Integration_Discussion', 'Customer']",1
L003534,Sofia Garcia,Sony_Tech,,Europe,Oscilloscopes,LinkedIn,"['Keysight_University_Course', 'Customer']",1
L003535,,Samsung Electronics,,Europe,PathWave Software,,"['Oscilloscope_Selector_Tool', 'Keysight_Workshop_RF_Testing', 'DesignCon_Booth_Visit', 'Keysight_University_Course', 'Website_Product_Page', 'Keysight_University_Course', 'AutoSens_Tech_Talk', 'AutoSens_Tech_Talk', 'Customer']",1
L003536,Ravi Johnson,Sony,,North America,PathWave Software,Email Campaign,"['PathWave_Trial_Request', 'DesignCon_Booth_Visit', 'Technical_Demo', 'Oscilloscope_Selector_Tool', 'Keysight_University_Course', 'Customer']",1
L003537,Sarah Ito,Bosch,Telecom,LATAM,Oscilloscopes,,"['Website_Product_Page', 'No_Conversion']",0
L003538,Sarah Lee,Infin_Tech,Aerospace,LATAM,5G Testbeds,Webinar,"['Keysight_Workshop_RF_Testing', 'Whitepaper_Download_5G_Test', 'Technical_Demo', 'Opportunity', 'No_Conversion']",0
L003539,Kenji Chen,Raytheon,,LATAM,Oscilloscopes,Email Campaign,"['Application_Engineer_Call', 'Opportunity', 'Keysight_University_Course', 'IMS_Badge_Scan', 'Keysight_Workshop_RF_Testing', 'Oscilloscope_Selector_Tool', 'No_Conversion']",0
L003540,Ravi Ito,Sony,Semiconductor,LATAM,PathWave Software,Sales Outreach,"['Application_Engineer_Call', 'SQL', 'IMS_Badge_Scan', 'PathWave_Trial_Request', 'MQL', 'Keysight_University_Course', 'PathWave_Trial_Request', 'Oscilloscope_Selector_Tool', 'Customer']",1
L003541,Chen Garcia,Sony,Electronics,Europe,Oscilloscopes,Email Campaign,"['IMS_Badge_Scan', 'AutoSens_Tech_Talk', 'Application_Engineer_Call', 'Loaner_Unit_Evaluation', 'Customer']",1
L003542,Sarah Anders,,Automotive,LATAM,5G Testbeds,Website,"['IMS_Badge_Scan', 'MQL', 'DesignCon_Booth_Visit', 'LinkedIn_Ad_Click', 'Customer']",1
L003543,Sofia Khan,,Telecom,,,Email Campaign,"['Lab_Integration_Discussion', 'IMS_Badge_Scan', 'Application_Engineer_Call', 'Whitepaper_Download_5G_Test', 'Whitepaper_Download_5G_Test', 'Website_Product_Page', 'Whitepaper_Download_5G_Test', 'Loaner_Unit_Evaluation', 'Lab_Integration_Discussion', 'Oscilloscope_Selector_Tool', 'No_Conversion']",0
L003544,Sarah Tanaka,NXP Semiconductors GmbH,,Europe,,Website,"['Application_Engineer_Call', 'Oscilloscope_Selector_Tool', 'Website_Product_Page', 'DesignCon_Booth_Visit', 'LinkedIn_Ad_Click', 'Customer']",1
L003545,Hiroshi Singh,Bosch_Tech,Automotive,LATAM,5G Testbeds,Website,"['IMS_Badge_Scan', 'AutoSens_Tech_Talk', 'DesignCon_Booth_Visit', 'Technical_Demo', 'Lab_Integration_Discussion', 'SQL', 'DesignCon_Booth_Visit', 'Customer']",1
L003546,Ravi Singh,NXP Semiconductors,Telecom,APAC,,Sales Outreach,"['Technical_Demo', 'PathWave_Trial_Request', 'Whitepaper_Download_5G_Test', 'Website_Product_Page', 'Customer']",1
L003547,Ahmed Lee,Meta Connectivity Labs GmbH,,APAC,,Webinar,"['LinkedIn_Ad_Click', 'Website_Product_Page', 'SQL', 'Loaner_Unit_Evaluation', 'Website_Product_Page', 'Lab_Integration_Discussion', 'Oscilloscope_Selector_Tool', 'Technical_Demo', 'Customer']",1
L003548,Priya Patel,Bosch_Tech,Electronics,Europe,Oscilloscopes,Event,"['LinkedIn_Ad_Click', 'Loaner_Unit_Evaluation', 'LinkedIn_Ad_Click', 'Customer']",1
L003549,Daniel Johnson,Samsung Electronics,Telecom,Europe,,Event,"['IMS_Badge_Scan', 'LinkedIn_Ad_Click', 'Keysight_Workshop_RF_Testing', 'Keysight_Workshop_RF_Testing', 'SQL', 'Website_Product_Page', 'Loaner_Unit_Evaluation', 'SQL', 'PathWave_Trial_Request', 'Keysight_University_Course', 'Customer']",1
L003550,Ahmed Tanaka,Sony GmbH,Telecom,,Automotive Ethernet,Website,"['IMS_Badge_Scan', 'PathWave_Trial_Request', 'Keysight_University_Course', 'Keysight_Workshop_RF_Testing', 'Keysight_University_Course', 'Customer']",1
L003551,Ahmed Garcia,,,North America,Automotive Ethernet,Sales Outreach,"['Opportunity', 'Keysight_Workshop_RF_Testing', 'Oscilloscope_Selector_Tool', 'Loaner_Unit_Evaluation', 'Website_Product_Page', 'DesignCon_Booth_Visit', 'Customer']",1
L003552,Daniel Singh,,Automotive,North America,,Website,"['Whitepaper_Download_5G_Test', 'AutoSens_Tech_Talk', 'No_Conversion']",0
L003553,Sarah Khan,Bosch_Tech,Automotive,North America,,Email Campaign,"['Loaner_Unit_Evaluation', 'Keysight_University_Course', 'Opportunity', 'No_Conversion']",0
L003554,Michael Garcia,NXP Semiconductors GmbH,Aerospace,APAC,PathWave Software,Email Campaign,"['Keysight_University_Course', 'Oscilloscope_Selector_Tool', 'Whitepaper_Download_5G_Test', 'LinkedIn_Ad_Click', 'Whitepaper_Download_5G_Test', 'Application_Engineer_Call', 'MQL', 'Customer']",1
L003555,Sarah Singh,Meta Connectivity Labs,Electronics,APAC,5G Testbeds,LinkedIn,"['Whitepaper_Download_5G_Test', 'Technical_Demo', 'MQL', 'Application_Engineer_Call', 'Lab_Integration_Discussion', 'Customer']",1
L003556,Michael Garcia,,Electronics,North America,5G Testbeds,LinkedIn,['Customer'],1
L003557,Sofia Johnson,Tesla Energy GmbH,Automotive,LATAM,Automotive Ethernet,Email Campaign,"['Website_Product_Page', 'Technical_Demo', 'LinkedIn_Ad_Click', 'SQL', 'Opportunity', 'SQL', 'IMS_Badge_Scan', 'Website_Product_Page', 'Opportunity', 'No_Conversion']",0
L003558,Sarah Johnson,Rayth_Tech,Electronics,Europe,,Website,"['Loaner_Unit_Evaluation', 'Opportunity', 'Website_Product_Page', 'Keysight_University_Course', 'IMS_Badge_Scan', 'PathWave_Trial_Request', 'Customer']",1
L003559,Ravi Singh,Samsung Electronics GmbH,Semiconductor,North America,,LinkedIn,"['SQL', 'Oscilloscope_Selector_Tool', 'Loaner_Unit_Evaluation', 'No_Conversion']",0
L003560,,,,,,Webinar,"['Keysight_University_Course', 'Oscilloscope_Selector_Tool', 'Technical_Demo', 'DesignCon_Booth_Visit', 'Website_Product_Page', 'PathWave_Trial_Request', 'Website_Product_Page', 'Opportunity', 'Application_Engineer_Call', 'Whitepaper_Download_5G_Test', 'Customer']",1
L003561,Daniel Chen,Broadcom,Aerospace,APAC,,Website,"['Opportunity', 'IMS_Badge_Scan', 'Keysight_Workshop_RF_Testing', 'LinkedIn_Ad_Click', 'PathWave_Trial_Request', 'Oscilloscope_Selector_Tool', 'Technical_Demo', 'Customer']",1
L003562,Hiroshi Singh,,Automotive,APAC,5G Testbeds,Event,['Customer'],1
L003563,,Tesla Energy,Automotive,APAC,Automotive Ethernet,Sales Outreach,"['MQL', 'MQL', 'AutoSens_Tech_Talk', 'No_Conversion']",0
L003564,Ravi Johnson,NXP Semiconductors,Telecom,Europe,PathWave Software,Sales Outreach,"['IMS_Badge_Scan', 'Whitepaper_Download_5G_Test', 'Opportunity', 'PathWave_Trial_Request', 'Keysight_University_Course', 'Website_Product_Page', 'Customer']",1
L003565,Ravi Tanaka,Tesla Energy,Semiconductor,,Oscilloscopes,Website,"['Technical_Demo', 'MQL', 'Website_Product_Page', 'PathWave_Trial_Request', 'Website_Product_Page', 'PathWave_Trial_Request', 'Technical_Demo', 'Website_Product_Page', 'Lab_Integration_Discussion', 'Keysight_Workshop_RF_Testing', 'Customer']",1
L003566,Ravi Singh,Infineon,Telecom,,,LinkedIn,"['Loaner_Unit_Evaluation', 'Keysight_Workshop_RF_Testing', 'Opportunity', 'Loaner_Unit_Evaluation', 'AutoSens_Tech_Talk', 'Loaner_Unit_Evaluation', 'LinkedIn_Ad_Click', 'Loaner_Unit_Evaluation', 'Whitepaper_Download_5G_Test', 'Customer']",1
L003567,Laura Ito,Samsung Electronics GmbH,,LATAM,5G Testbeds,Event,"['MQL', 'Keysight_University_Course', 'Oscilloscope_Selector_Tool', 'Technical_Demo', 'IMS_Badge_Scan', 'SQL', 'Customer']",1
L003568,Chen Tanaka,,,North America,,LinkedIn,"['DesignCon_Booth_Visit', 'Technical_Demo', 'IMS_Badge_Scan', 'Website_Product_Page', 'Keysight_University_Course', 'Application_Engineer_Call', 'AutoSens_Tech_Talk', 'No_Conversion']",0
L003569,Ahmed Chen,Bosch,Aerospace,North America,5G Testbeds,LinkedIn,"['Loaner_Unit_Evaluation', 'Technical_Demo', 'Application_Engineer_Call', 'Keysight_University_Course', 'AutoSens_Tech_Talk', 'Whitepaper_Download_5G_Test', 'Website_Product_Page', 'No_Conversion']",0
L003570,Laura Lee,,Automotive,,,Website,"['AutoSens_Tech_Talk', 'IMS_Badge_Scan', 'SQL', 'LinkedIn_Ad_Click', 'Website_Product_Page', 'No_Conversion']",0
L003571,Sofia Johnson,Tesla Energy,Automotive,LATAM,Oscilloscopes,Webinar,"['Website_Product_Page', 'Keysight_University_Course', 'AutoSens_Tech_Talk', 'Lab_Integration_Discussion', 'Oscilloscope_Selector_Tool', 'PathWave_Trial_Request', 'Customer']",1
L003572,Ravi Williams,,,North America,,Sales Outreach,"['IMS_Badge_Scan', 'LinkedIn_Ad_Click', 'MQL', 'Whitepaper_Download_5G_Test', 'IMS_Badge_Scan', 'Customer']",1
L003573,Hiroshi Singh,Rayth_Tech,Aerospace,,Oscilloscopes,Webinar,['No_Conversion'],0
L003574,Sofia Johnson,Samsung Electronics,,,PathWave Software,Event,"['Loaner_Unit_Evaluation', 'Keysight_University_Course', 'Whitepaper_Download_5G_Test', 'Customer']",1
L003575,Sofia Patel,Infineon GmbH,Semiconductor,Europe,,,"['Keysight_Workshop_RF_Testing', 'DesignCon_Booth_Visit', 'MQL', 'PathWave_Trial_Request', 'Whitepaper_Download_5G_Test', 'Customer']",1
L003576,Hiroshi Patel,,Telecom,Europe,5G Testbeds,Website,"['Oscilloscope_Selector_Tool', 'Loaner_Unit_Evaluation', 'Keysight_Workshop_RF_Testing', 'Website_Product_Page', 'DesignCon_Booth_Visit', 'Website_Product_Page', 'IMS_Badge_Scan', 'MQL', 'Loaner_Unit_Evaluation', 'SQL', 'No_Conversion']",0
L003577,Priya Tanaka,Infineon GmbH,Semiconductor,LATAM,,Sales Outreach,"['Opportunity', 'AutoSens_Tech_Talk', 'LinkedIn_Ad_Click', 'No_Conversion']",0
L003578,Kenji Lee,Meta Connectivity Labs GmbH,Electronics,,5G Testbeds,Website,['No_Conversion'],0
L003579,Laura Anders,,,North America,5G Testbeds,LinkedIn,"['MQL', 'Customer']",1
L003580,Daniel Patel,Tesla Energy GmbH,Semiconductor,Europe,5G Testbeds,Sales Outreach,['Customer'],1
L003581,Sarah Martinez,Bosch,,Europe,5G Testbeds,Event,['No_Conversion'],0
L003582,Laura Singh,,Semiconductor,,PathWave Software,Event,"['Oscilloscope_Selector_Tool', 'Loaner_Unit_Evaluation', 'Lab_Integration_Discussion', 'SQL', 'Lab_Integration_Discussion', 'Oscilloscope_Selector_Tool', 'Customer']",1
L003583,Maria Patel,Sony,,LATAM,,Webinar,"['PathWave_Trial_Request', 'DesignCon_Booth_Visit', 'Application_Engineer_Call', 'Opportunity', 'PathWave_Trial_Request', 'No_Conversion']",0
L003584,Priya Garcia,,Automotive,,PathWave Software,,['Customer'],1
L003585,Sofia Chen,MetaC_Tech,Electronics,Europe,,Website,"['Loaner_Unit_Evaluation', 'No_Conversion']",0
L003586,Daniel Khan,Sony GmbH,,,,Website,"['LinkedIn_Ad_Click', 'Keysight_University_Course', 'PathWave_Trial_Request', 'DesignCon_Booth_Visit', 'Loaner_Unit_Evaluation', 'LinkedIn_Ad_Click', 'No_Conversion']",0
L003587,Sofia Anders,Infin_Tech,Automotive,,Automotive Ethernet,Email Campaign,"['Lab_Integration_Discussion', 'Whitepaper_Download_5G_Test', 'Application_Engineer_Call', 'Website_Product_Page', 'SQL', 'Customer']",1
L003588,Michael Johnson,,,Europe,Oscilloscopes,LinkedIn,"['AutoSens_Tech_Talk', 'DesignCon_Booth_Visit', 'Whitepaper_Download_5G_Test', 'Application_Engineer_Call', 'Customer']",1
L003589,Ravi Tanaka,Raytheon GmbH,Electronics,APAC,Oscilloscopes,Event,"['Opportunity', 'Whitepaper_Download_5G_Test', 'Lab_Integration_Discussion', 'Oscilloscope_Selector_Tool', 'No_Conversion']",0
L003590,Laura Martinez,Infineon,Telecom,Europe,,Email Campaign,"['Keysight_Workshop_RF_Testing', 'No_Conversion']",0
L003591,Priya Khan,Samsu_Tech,,LATAM,PathWave Software,Webinar,"['Opportunity', 'MQL', 'Opportunity', 'SQL', 'AutoSens_Tech_Talk', 'SQL', 'No_Conversion']",0
L003592,,Samsung Electronics GmbH,,APAC,5G Testbeds,LinkedIn,"['Loaner_Unit_Evaluation', 'Whitepaper_Download_5G_Test', 'Loaner_Unit_Evaluation', 'Customer']",1
L003593,Daniel Anders,Broad_Tech,Telecom,,5G Testbeds,Event,"['Website_Product_Page', 'MQL', 'MQL', 'Customer']",1
L003594,Ahmed Lee,,Electronics,,Oscilloscopes,LinkedIn,"['Technical_Demo', 'SQL', 'No_Conversion']",0
L003595,Sofia Chen,Sony,Semiconductor,Europe,PathWave Software,Event,"['Oscilloscope_Selector_Tool', 'MQL', 'AutoSens_Tech_Talk', 'Website_Product_Page', 'Keysight_Workshop_RF_Testing', 'IMS_Badge_Scan', 'Lab_Integration_Discussion', 'MQL', 'Customer']",1
L003596,Priya Chen,,Electronics,North America,PathWave Software,LinkedIn,"['IMS_Badge_Scan', 'SQL', 'Customer']",1
L003597,Kenji Johnson,Sony GmbH,Aerospace,North America,,,"['LinkedIn_Ad_Click', 'Website_Product_Page', 'DesignCon_Booth_Visit', 'Loaner_Unit_Evaluation', 'Customer']",1
L003598,Ahmed Johnson,Broad_Tech,Automotive,North America,PathWave Software,Email Campaign,['No_Conversion'],0
L003599,Laura Garcia,Infineon GmbH,Automotive,APAC,PathWave Software,Sales Outreach,"['LinkedIn_Ad_Click', 'Technical_Demo', 'Application_Engineer_Call', 'Application_Engineer_Call', 'Whitepaper_Download_5G_Test', 'LinkedIn_Ad_Click', 'Oscilloscope_Selector_Tool', 'Technical_Demo', 'Technical_Demo', 'No_Conversion']",0
L003600,Michael Williams,Bosch,Aerospace,LATAM,Oscilloscopes,Website,"['Oscilloscope_Selector_Tool', 'Whitepaper_Download_5G_Test', 'Whitepaper_Download_5G_Test', 'Opportunity', 'Keysight_Workshop_RF_Testing', 'LinkedIn_Ad_Click', 'Keysight_Workshop_RF_Testing', 'SQL', 'Opportunity', 'Customer']",1
L003601,Maria Anders,Broadcom GmbH,Semiconductor,APAC,Automotive Ethernet,Email Campaign,"['AutoSens_Tech_Talk', 'Loaner_Unit_Evaluation', 'Application_Engineer_Call', 'Website_Product_Page', 'Customer']",1
L003602,Sofia Chen,Samsung Electronics GmbH,Aerospace,Europe,Automotive Ethernet,Email Campaign,"['IMS_Badge_Scan', 'Opportunity', 'Lab_Integration_Discussion', 'No_Conversion']",0
L003603,,Meta Connectivity Labs,,LATAM,Oscilloscopes,Email Campaign,"['PathWave_Trial_Request', 'Whitepaper_Download_5G_Test', 'MQL', 'Loaner_Unit_Evaluation', 'SQL', 'SQL', 'Oscilloscope_Selector_Tool', 'Customer']",1
L003604,Sofia Singh,Bosch GmbH,Automotive,LATAM,Oscilloscopes,Email Campaign,"['Keysight_Workshop_RF_Testing', 'Opportunity', 'Keysight_Workshop_RF_Testing', 'Customer']",1
L003605,Ravi Anders,NXPSe_Tech,Automotive,Europe,Oscilloscopes,LinkedIn,['Customer'],1
L003606,Kenji Tanaka,Tesla Energy,Semiconductor,LATAM,,Webinar,"['Loaner_Unit_Evaluation', 'MQL', 'AutoSens_Tech_Talk', 'No_Conversion']",0
L003607,Priya Khan,Samsung Electronics,,,,Website,"['DesignCon_Booth_Visit', 'AutoSens_Tech_Talk', 'LinkedIn_Ad_Click', 'DesignCon_Booth_Visit', 'Customer']",1
L003608,Sofia Garcia,Infin_Tech,Telecom,North America,,LinkedIn,['No_Conversion'],0
L003609,Maria Tanaka,,Telecom,Europe,,Website,"['PathWave_Trial_Request', 'Application_Engineer_Call', 'AutoSens_Tech_Talk', 'Keysight_University_Course', 'Application_Engineer_Call', 'AutoSens_Tech_Talk', 'Customer']",1
L003610,Laura Anders,Samsung Electronics GmbH,,Europe,Automotive Ethernet,Sales Outreach,"['MQL', 'Loaner_Unit_Evaluation', 'Keysight_Workshop_RF_Testing', 'Loaner_Unit_Evaluation', 'Keysight_Workshop_RF_Testing', 'Lab_Integration_Discussion', 'Customer']",1
L003611,Kenji Garcia,NXPSe_Tech,,North America,5G Testbeds,Event,"['MQL', 'Opportunity', 'Customer']",1
L003612,Michael Ito,Bosch_Tech,,North America,,LinkedIn,"['Whitepaper_Download_5G_Test', 'MQL', 'Keysight_University_Course', 'Customer']",1
L003613,Hiroshi Johnson,,Telecom,,,Sales Outreach,"['PathWave_Trial_Request', 'Customer']",1
L003614,Sofia Williams,,Aerospace,APAC,PathWave Software,,"['LinkedIn_Ad_Click', 'MQL', 'Application_Engineer_Call', 'No_Conversion']",0
L003615,Priya Tanaka,MetaC_Tech,Semiconductor,APAC,PathWave Software,LinkedIn,"['Whitepaper_Download_5G_Test', 'Loaner_Unit_Evaluation', 'Website_Product_Page', 'Customer']",1
L003616,Laura Ito,Sony GmbH,Electronics,LATAM,5G Testbeds,Event,"['Loaner_Unit_Evaluation', 'Loaner_Unit_Evaluation', 'AutoSens_Tech_Talk', 'Loaner_Unit_Evaluation', 'Website_Product_Page', 'PathWave_Trial_Request', 'Lab_Integration_Discussion', 'Customer']",1
L003617,Ravi Khan,Tesla Energy,Electronics,LATAM,,Email Campaign,"['Oscilloscope_Selector_Tool', 'Keysight_Workshop_RF_Testing', 'Keysight_Workshop_RF_Testing', 'DesignCon_Booth_Visit', 'Customer']",1
L003618,Sarah Garcia,,,LATAM,5G Testbeds,Sales Outreach,"['Website_Product_Page', 'DesignCon_Booth_Visit', 'Customer']",1
L003619,Kenji Lee,Tesla Energy GmbH,Electronics,Europe,,Website,['No_Conversion'],0
L003620,Priya Ito,NXP Semiconductors,Aerospace,APAC,,Sales Outreach,"['Whitepaper_Download_5G_Test', 'AutoSens_Tech_Talk', 'PathWave_Trial_Request', 'Technical_Demo', 'Website_Product_Page', 'PathWave_Trial_Request', 'Loaner_Unit_Evaluation', 'No_Conversion']",0
L003621,Hiroshi Patel,Bosch GmbH,,LATAM,,Event,"['Oscilloscope_Selector_Tool', 'PathWave_Trial_Request', 'IMS_Badge_Scan', 'SQL', 'Application_Engineer_Call', 'Technical_Demo', 'No_Conversion']",0
L003622,Kenji Garcia,Raytheon GmbH,Telecom,LATAM,5G Testbeds,Sales Outreach,"['SQL', 'DesignCon_Booth_Visit', 'Application_Engineer_Call', 'Customer']",1
L003623,Daniel Ito,Samsung Electronics,Semiconductor,,,Email Campaign,"['DesignCon_Booth_Visit', 'Technical_Demo', 'IMS_Badge_Scan', 'Customer']",1
L003624,Priya Patel,Raytheon GmbH,,North America,5G Testbeds,Email Campaign,"['Lab_Integration_Discussion', 'No_Conversion']",0
L003625,Hiroshi Patel,Samsung Electronics,Telecom,LATAM,PathWave Software,,"['Keysight_Workshop_RF_Testing', 'Lab_Integration_Discussion', 'LinkedIn_Ad_Click', 'No_Conversion']",0
L003626,Kenji Johnson,NXPSe_Tech,Telecom,LATAM,,Sales Outreach,"['Opportunity', 'LinkedIn_Ad_Click', 'Keysight_University_Course', 'AutoSens_Tech_Talk', 'MQL', 'Keysight_University_Course', 'PathWave_Trial_Request', 'MQL', 'Customer']",1
L003627,Daniel Ito,Samsu_Tech,Semiconductor,LATAM,5G Testbeds,,['Customer'],1
L003628,Michael Williams,Tesla Energy,Electronics,LATAM,5G Testbeds,Webinar,"['Lab_Integration_Discussion', 'Whitepaper_Download_5G_Test', 'AutoSens_Tech_Talk', 'LinkedIn_Ad_Click', 'No_Conversion']",0
L003629,,,Automotive,,Automotive Ethernet,Event,"['IMS_Badge_Scan', 'Opportunity', 'IMS_Badge_Scan', 'SQL', 'Whitepaper_Download_5G_Test', 'Whitepaper_Download_5G_Test', 'MQL', 'Technical_Demo', 'DesignCon_Booth_Visit', 'No_Conversion']",0
L003630,Maria Ito,Samsung Electronics GmbH,,APAC,,Event,"['Loaner_Unit_Evaluation', 'PathWave_Trial_Request', 'Technical_Demo', 'Lab_Integration_Discussion', 'SQL', 'LinkedIn_Ad_Click', 'Application_Engineer_Call', 'Loaner_Unit_Evaluation', 'Whitepaper_Download_5G_Test', 'Customer']",1
L003631,Ravi Singh,Infineon,,Europe,Oscilloscopes,,"['PathWave_Trial_Request', 'DesignCon_Booth_Visit', 'MQL', 'DesignCon_Booth_Visit', 'Keysight_Workshop_RF_Testing', 'MQL', 'Opportunity', 'No_Conversion']",0
L003632,Ahmed Williams,Rayth_Tech,Electronics,Europe,Automotive Ethernet,Webinar,"['Technical_Demo', 'DesignCon_Booth_Visit', 'Technical_Demo', 'Customer']",1
L003633,Sarah Patel,Samsu_Tech,Automotive,North America,PathWave Software,Email Campaign,"['Lab_Integration_Discussion', 'DesignCon_Booth_Visit', 'IMS_Badge_Scan', 'No_Conversion']",0
L003634,Ravi Williams,Tesla_Tech,,LATAM,,Event,"['IMS_Badge_Scan', 'IMS_Badge_Scan', 'Application_Engineer_Call', 'Lab_Integration_Discussion', 'Opportunity', 'Oscilloscope_Selector_Tool', 'Customer']",1
L003635,Maria Johnson,Sony,,APAC,PathWave Software,Event,"['Whitepaper_Download_5G_Test', 'Lab_Integration_Discussion', 'LinkedIn_Ad_Click', 'No_Conversion']",0
L003636,Hiroshi Tanaka,Bosch GmbH,,North America,PathWave Software,Sales Outreach,"['PathWave_Trial_Request', 'Oscilloscope_Selector_Tool', 'MQL', 'Lab_Integration_Discussion', 'No_Conversion']",0
L003637,Chen Garcia,Meta Connectivity Labs GmbH,,,Oscilloscopes,Sales Outreach,"['Application_Engineer_Call', 'Customer']",1
L003638,Daniel Williams,,,Europe,Automotive Ethernet,Event,"['PathWave_Trial_Request', 'Opportunity', 'Oscilloscope_Selector_Tool', 'Customer']",1
L003639,Sofia Tanaka,Sony,Automotive,North America,,LinkedIn,"['Whitepaper_Download_5G_Test', 'Website_Product_Page', 'Whitepaper_Download_5G_Test', 'Keysight_Workshop_RF_Testing', 'Lab_Integration_Discussion', 'SQL', 'Oscilloscope_Selector_Tool', 'Website_Product_Page', 'Oscilloscope_Selector_Tool', 'Loaner_Unit_Evaluation', 'No_Conversion']",0
L003640,Kenji Singh,Infineon GmbH,Electronics,North America,,Sales Outreach,"['Lab_Integration_Discussion', 'Loaner_Unit_Evaluation', 'DesignCon_Booth_Visit', 'LinkedIn_Ad_Click', 'Customer']",1
L003641,Sofia Garcia,Qualcomm GmbH,Electronics,North America,,Email Campaign,"['Technical_Demo', 'Technical_Demo', 'Loaner_Unit_Evaluation', 'Website_Product_Page', 'LinkedIn_Ad_Click', 'Customer']",1
L003642,,,Aerospace,APAC,Automotive Ethernet,Email Campaign,"['DesignCon_Booth_Visit', 'MQL', 'SQL', 'DesignCon_Booth_Visit', 'Lab_Integration_Discussion', 'PathWave_Trial_Request', 'Customer']",1
L003643,Sofia Tanaka,Sony,,APAC,Automotive Ethernet,Webinar,"['Website_Product_Page', 'Customer']",1
L003644,Ravi Singh,,,North America,5G Testbeds,Website,"['Website_Product_Page', 'Opportunity', 'Keysight_University_Course', 'Loaner_Unit_Evaluation', 'IMS_Badge_Scan', 'Customer']",1
L003645,Ravi Chen,Bosch_Tech,Semiconductor,LATAM,5G Testbeds,Email Campaign,"['MQL', 'Website_Product_Page', 'Loaner_Unit_Evaluation', 'PathWave_Trial_Request', 'LinkedIn_Ad_Click', 'No_Conversion']",0
L003646,Chen Lee,MetaC_Tech,Aerospace,Europe,,Event,['No_Conversion'],0
L003647,Maria Anders,Samsung Electronics,,APAC,,LinkedIn,"['MQL', 'DesignCon_Booth_Visit', 'DesignCon_Booth_Visit', 'No_Conversion']",0
L003648,Michael Chen,Sony_Tech,Electronics,LATAM,5G Testbeds,Webinar,"['Lab_Integration_Discussion', 'AutoSens_Tech_Talk', 'Website_Product_Page', 'Loaner_Unit_Evaluation', 'Lab_Integration_Discussion', 'SQL', 'SQL', 'Customer']",1
L003649,Laura Lee,,Electronics,North America,,LinkedIn,"['Technical_Demo', 'Opportunity', 'Keysight_Workshop_RF_Testing', 'Lab_Integration_Discussion', 'Whitepaper_Download_5G_Test', 'No_Conversion']",0
L003650,Sarah Williams,Samsu_Tech,Electronics,Europe,Automotive Ethernet,,"['DesignCon_Booth_Visit', 'No_Conversion']",0
L003651,Laura Anders,Infineon GmbH,Automotive,APAC,,Sales Outreach,"['Whitepaper_Download_5G_Test', 'Loaner_Unit_Evaluation', 'Customer']",1
L003652,Maria Patel,Broadcom GmbH,Automotive,North America,5G Testbeds,Website,"['PathWave_Trial_Request', 'Oscilloscope_Selector_Tool', 'MQL', 'Keysight_University_Course', 'DesignCon_Booth_Visit', 'DesignCon_Booth_Visit', 'SQL', 'Customer']",1
L003653,Chen Chen,Bosch GmbH,Aerospace,APAC,,Webinar,"['MQL', 'Keysight_Workshop_RF_Testing', 'Technical_Demo', 'LinkedIn_Ad_Click', 'IMS_Badge_Scan', 'IMS_Badge_Scan', 'IMS_Badge_Scan', 'Application_Engineer_Call', 'Loaner_Unit_Evaluation', 'Customer']",1
L003654,Maria Garcia,,Aerospace,LATAM,Oscilloscopes,Website,"['Opportunity', 'Technical_Demo', 'Lab_Integration_Discussion', 'Oscilloscope_Selector_Tool', 'Application_Engineer_Call', 'SQL', 'Website_Product_Page', 'No_Conversion']",0
L003655,Chen Martinez,Infineon GmbH,,Europe,PathWave Software,,"['Keysight_University_Course', 'IMS_Badge_Scan', 'AutoSens_Tech_Talk', 'Customer']",1
L003656,,Tesla Energy,Semiconductor,APAC,Oscilloscopes,Website,"['IMS_Badge_Scan', 'Technical_Demo', 'DesignCon_Booth_Visit', 'Keysight_Workshop_RF_Testing', 'Opportunity', 'MQL', 'PathWave_Trial_Request', 'Website_Product_Page', 'No_Conversion']",0
L003657,Priya Khan,Tesla_Tech,Semiconductor,North America,5G Testbeds,Event,"['DesignCon_Booth_Visit', 'Loaner_Unit_Evaluation', 'Oscilloscope_Selector_Tool', 'MQL', 'No_Conversion']",0
L003658,Priya Lee,Samsu_Tech,Telecom,,Oscilloscopes,,"['Application_Engineer_Call', 'Opportunity', 'No_Conversion']",0
L003659,Sofia Williams,MetaC_Tech,,,,LinkedIn,"['Application_Engineer_Call', 'Customer']",1
L003660,,,Aerospace,LATAM,Oscilloscopes,Sales Outreach,"['Oscilloscope_Selector_Tool', 'Lab_Integration_Discussion', 'Whitepaper_Download_5G_Test', 'Customer']",1
L003661,Maria Khan,Infineon,Automotive,,,,"['LinkedIn_Ad_Click', 'Technical_Demo', 'DesignCon_Booth_Visit', 'IMS_Badge_Scan', 'SQL', 'DesignCon_Booth_Visit', 'Customer']",1
L003662,,Raytheon GmbH,Electronics,LATAM,,Event,"['Application_Engineer_Call', 'Website_Product_Page', 'Keysight_University_Course', 'Customer']",1
L003663,Laura Patel,Sony GmbH,Telecom,Europe,,Webinar,"['Technical_Demo', 'Oscilloscope_Selector_Tool', 'Oscilloscope_Selector_Tool', 'LinkedIn_Ad_Click', 'Keysight_Workshop_RF_Testing', 'Customer']",1
L003664,,Qualcomm,,,5G Testbeds,Email Campaign,"['SQL', 'Technical_Demo', 'Technical_Demo', 'Whitepaper_Download_5G_Test', 'DesignCon_Booth_Visit', 'MQL', 'MQL', 'Oscilloscope_Selector_Tool', 'No_Conversion']",0
L003665,Ravi Patel,Meta Connectivity Labs,Semiconductor,APAC,Oscilloscopes,Website,"['Website_Product_Page', 'Customer']",1
L003666,Maria Tanaka,,Aerospace,APAC,,Website,"['Website_Product_Page', 'Technical_Demo', 'SQL', 'Customer']",1
L003667,Sofia Khan,,Automotive,LATAM,Oscilloscopes,Event,"['Opportunity', 'Oscilloscope_Selector_Tool', 'DesignCon_Booth_Visit', 'Customer']",1
L003668,Chen Singh,Bosch,Aerospace,APAC,Automotive Ethernet,,"['Oscilloscope_Selector_Tool', 'PathWave_Trial_Request', 'AutoSens_Tech_Talk', 'Keysight_University_Course', 'DesignCon_Booth_Visit', 'MQL', 'Keysight_University_Course', 'PathWave_Trial_Request', 'MQL', 'Customer']",1
L003669,Daniel Anders,Sony,,LATAM,Oscilloscopes,Website,"['PathWave_Trial_Request', 'Opportunity', 'MQL', 'MQL', 'AutoSens_Tech_Talk', 'Opportunity', 'SQL', 'No_Conversion']",0
L003670,Hiroshi Ito,,Aerospace,LATAM,5G Testbeds,,"['Website_Product_Page', 'No_Conversion']",0
L003671,Hiroshi Khan,Broadcom GmbH,Semiconductor,North America,5G Testbeds,,['Customer'],1
L003672,Maria Martinez,Infineon GmbH,Telecom,LATAM,,Webinar,['No_Conversion'],0
L003673,Sarah Johnson,Samsung Electronics GmbH,,,5G Testbeds,Event,"['Application_Engineer_Call', 'Oscilloscope_Selector_Tool', 'IMS_Badge_Scan', 'Oscilloscope_Selector_Tool', 'Customer']",1
L003674,Chen Williams,,Automotive,,,,['Customer'],1
L003675,Maria Khan,Bosch,,North America,PathWave Software,LinkedIn,"['Application_Engineer_Call', 'DesignCon_Booth_Visit', 'Loaner_Unit_Evaluation', 'Lab_Integration_Discussion', 'Opportunity', 'Customer']",1
L003676,Daniel Patel,Tesla Energy,Aerospace,APAC,,Event,"['Application_Engineer_Call', 'MQL', 'Application_Engineer_Call', 'Application_Engineer_Call', 'Customer']",1
L003677,Sarah Ito,Qualcomm GmbH,Semiconductor,LATAM,,Sales Outreach,"['Opportunity', 'SQL', 'Lab_Integration_Discussion', 'Lab_Integration_Discussion', 'Keysight_University_Course', 'Loaner_Unit_Evaluation', 'Application_Engineer_Call', 'Technical_Demo', 'Opportunity', 'DesignCon_Booth_Visit', 'Customer']",1
L003678,Ravi Chen,Infineon GmbH,,,5G Testbeds,Website,"['Keysight_Workshop_RF_Testing', 'SQL', 'Whitepaper_Download_5G_Test', 'MQL', 'LinkedIn_Ad_Click', 'DesignCon_Booth_Visit', 'No_Conversion']",0
L003679,Sarah Lee,Rayth_Tech,Automotive,LATAM,Automotive Ethernet,,"['Lab_Integration_Discussion', 'LinkedIn_Ad_Click', 'DesignCon_Booth_Visit', 'Keysight_University_Course', 'LinkedIn_Ad_Click', 'Technical_Demo', 'Loaner_Unit_Evaluation', 'LinkedIn_Ad_Click', 'Lab_Integration_Discussion', 'Customer']",1
L003680,Kenji Khan,Raytheon,Electronics,Europe,Automotive Ethernet,Sales Outreach,"['IMS_Badge_Scan', 'DesignCon_Booth_Visit', 'Customer']",1
L003681,Ahmed Chen,Qualcomm GmbH,,North America,,Event,"['Lab_Integration_Discussion', 'MQL', 'Keysight_University_Course', 'Application_Engineer_Call', 'DesignCon_Booth_Visit', 'Customer']",1
L003682,Maria Williams,,Aerospace,,PathWave Software,,"['Opportunity', 'Whitepaper_Download_5G_Test', 'Oscilloscope_Selector_Tool', 'Opportunity', 'PathWave_Trial_Request', 'No_Conversion']",0
L003683,Maria Johnson,,Electronics,North America,5G Testbeds,,['Customer'],1
L003684,Chen Tanaka,,Electronics,,Automotive Ethernet,Website,"['Keysight_Workshop_RF_Testing', 'Technical_Demo', 'Customer']",1
L003685,Maria Lee,NXP Semiconductors GmbH,Telecom,North America,,,"['IMS_Badge_Scan', 'Customer']",1
L003686,Daniel Anders,,,LATAM,,LinkedIn,"['Application_Engineer_Call', 'SQL', 'PathWave_Trial_Request', 'LinkedIn_Ad_Click', 'SQL', 'Customer']",1
L003687,,MetaC_Tech,Aerospace,APAC,Automotive Ethernet,Sales Outreach,"['SQL', 'No_Conversion']",0
L003688,Sofia Chen,NXP Semiconductors GmbH,Aerospace,,Oscilloscopes,,"['Keysight_University_Course', 'MQL', 'Oscilloscope_Selector_Tool', 'Whitepaper_Download_5G_Test', 'Keysight_University_Course', 'Keysight_University_Course', 'Whitepaper_Download_5G_Test', 'Opportunity', 'Customer']",1
L003689,Laura Singh,Rayth_Tech,Telecom,LATAM,5G Testbeds,Webinar,"['Keysight_University_Course', 'LinkedIn_Ad_Click', 'Lab_Integration_Discussion', 'Customer']",1
L003690,Maria Khan,Qualc_Tech,Aerospace,,,Event,"['DesignCon_Booth_Visit', 'SQL', 'SQL', 'Application_Engineer_Call', 'Application_Engineer_Call', 'Application_Engineer_Call', 'Technical_Demo', 'Customer']",1
L003691,,Bosch,Aerospace,Europe,,LinkedIn,"['Oscilloscope_Selector_Tool', 'Keysight_Workshop_RF_Testing', 'Lab_Integration_Discussion', 'IMS_Badge_Scan', 'No_Conversion']",0
L003692,Maria Ito,,,LATAM,Automotive Ethernet,Event,['No_Conversion'],0
L003693,Priya Tanaka,Sony GmbH,Telecom,APAC,,,"['PathWave_Trial_Request', 'PathWave_Trial_Request', 'MQL', 'No_Conversion']",0
L003694,Hiroshi Patel,Broad_Tech,Telecom,,5G Testbeds,Website,"['Technical_Demo', 'Opportunity', 'PathWave_Trial_Request', 'Opportunity', 'Customer']",1
L003695,Ahmed Singh,Infineon GmbH,Electronics,,PathWave Software,Website,"['Whitepaper_Download_5G_Test', 'MQL', 'AutoSens_Tech_Talk', 'Whitepaper_Download_5G_Test', 'Opportunity', 'Website_Product_Page', 'Customer']",1
L003696,Priya Patel,Infineon,Electronics,LATAM,,LinkedIn,"['Oscilloscope_Selector_Tool', 'Keysight_Workshop_RF_Testing', 'Website_Product_Page', 'DesignCon_Booth_Visit', 'No_Conversion']",0
L003697,Chen Ito,Tesla Energy GmbH,,APAC,,Website,"['Application_Engineer_Call', 'Whitepaper_Download_5G_Test', 'Application_Engineer_Call', 'Customer']",1
L003698,Kenji Khan,NXP Semiconductors,Electronics,LATAM,Automotive Ethernet,Website,"['Website_Product_Page', 'Oscilloscope_Selector_Tool', 'Application_Engineer_Call', 'DesignCon_Booth_Visit', 'LinkedIn_Ad_Click', 'AutoSens_Tech_Talk', 'LinkedIn_Ad_Click', 'Customer']",1
L003699,Daniel Anders,,,LATAM,,Webinar,"['AutoSens_Tech_Talk', 'Application_Engineer_Call', 'Website_Product_Page', 'Lab_Integration_Discussion', 'IMS_Badge_Scan', 'Technical_Demo', 'SQL', 'Website_Product_Page', 'Customer']",1
L003700,Hiroshi Lee,NXPSe_Tech,Aerospace,LATAM,5G Testbeds,Website,"['Lab_Integration_Discussion', 'LinkedIn_Ad_Click', 'No_Conversion']",0
L003701,Priya Khan,Qualc_Tech,Automotive,Europe,Automotive Ethernet,Event,"['IMS_Badge_Scan', 'Lab_Integration_Discussion', 'Keysight_University_Course', 'No_Conversion']",0
L003702,Hiroshi Chen,Infin_Tech,Telecom,,5G Testbeds,,"['Technical_Demo', 'DesignCon_Booth_Visit', 'AutoSens_Tech_Talk', 'Customer']",1
L003703,Hiroshi Ito,Meta Connectivity Labs,,North America,5G Testbeds,Event,['No_Conversion'],0
L003704,Michael Lee,Meta Connectivity Labs GmbH,Semiconductor,LATAM,PathWave Software,Sales Outreach,"['SQL', 'MQL', 'LinkedIn_Ad_Click', 'MQL', 'Keysight_University_Course', 'Loaner_Unit_Evaluation', 'Whitepaper_Download_5G_Test', 'PathWave_Trial_Request', 'Keysight_University_Course', 'Customer']",1
L003705,,Broadcom GmbH,Telecom,LATAM,,Webinar,"['Keysight_Workshop_RF_Testing', 'Keysight_University_Course', 'DesignCon_Booth_Visit', 'Application_Engineer_Call', 'Whitepaper_Download_5G_Test', 'IMS_Badge_Scan', 'Customer']",1
L003706,Ahmed Lee,Broadcom,Aerospace,APAC,Automotive Ethernet,LinkedIn,"['Whitepaper_Download_5G_Test', 'Website_Product_Page', 'Opportunity', 'SQL', 'Technical_Demo', 'Oscilloscope_Selector_Tool', 'SQL', 'Loaner_Unit_Evaluation', 'No_Conversion']",0
L003707,Ahmed Chen,,Semiconductor,,,Sales Outreach,"['PathWave_Trial_Request', 'LinkedIn_Ad_Click', 'Loaner_Unit_Evaluation', 'Lab_Integration_Discussion', 'Lab_Integration_Discussion', 'No_Conversion']",0
L003708,,Broad_Tech,Telecom,LATAM,,Email Campaign,"['AutoSens_Tech_Talk', 'Lab_Integration_Discussion', 'No_Conversion']",0
L003709,Ravi Khan,NXPSe_Tech,Telecom,LATAM,Oscilloscopes,Event,"['DesignCon_Booth_Visit', 'IMS_Badge_Scan', 'SQL', 'Oscilloscope_Selector_Tool', 'SQL', 'Opportunity', 'Application_Engineer_Call', 'Oscilloscope_Selector_Tool', 'Oscilloscope_Selector_Tool', 'No_Conversion']",0
L003710,Priya Williams,Broadcom,Telecom,,,Webinar,['No_Conversion'],0
L003711,Kenji Ito,Qualcomm,Telecom,APAC,Oscilloscopes,Email Campaign,['Customer'],1
L003712,Sofia Singh,Rayth_Tech,Electronics,,5G Testbeds,Event,"['Keysight_Workshop_RF_Testing', 'MQL', 'Keysight_Workshop_RF_Testing', 'Keysight_University_Course', 'AutoSens_Tech_Talk', 'Technical_Demo', 'No_Conversion']",0
L003713,Chen Martinez,Broad_Tech,Aerospace,,,Website,"['DesignCon_Booth_Visit', 'PathWave_Trial_Request', 'Website_Product_Page', 'Opportunity', 'Oscilloscope_Selector_Tool', 'Website_Product_Page', 'Technical_Demo', 'No_Conversion']",0
L003714,Maria Anders,Sony GmbH,,LATAM,Automotive Ethernet,LinkedIn,"['Opportunity', 'Keysight_University_Course', 'PathWave_Trial_Request', 'Keysight_Workshop_RF_Testing', 'Technical_Demo', 'MQL', 'Customer']",1
L003715,Sofia Singh,NXP Semiconductors GmbH,Aerospace,,PathWave Software,Email Campaign,"['Application_Engineer_Call', 'PathWave_Trial_Request', 'SQL', 'Keysight_Workshop_RF_Testing', 'AutoSens_Tech_Talk', 'MQL', 'Customer']",1
L003716,Hiroshi Johnson,Meta Connectivity Labs GmbH,Aerospace,LATAM,,LinkedIn,['No_Conversion'],0
L003717,Sarah Williams,,Automotive,,,Event,"['Keysight_University_Course', 'Technical_Demo', 'Whitepaper_Download_5G_Test', 'Technical_Demo', 'Keysight_Workshop_RF_Testing', 'No_Conversion']",0
L003718,Chen Garcia,Tesla Energy GmbH,,,Automotive Ethernet,Sales Outreach,"['IMS_Badge_Scan', 'DesignCon_Booth_Visit', 'Whitepaper_Download_5G_Test', 'SQL', 'Customer']",1
L003719,Daniel Garcia,Samsung Electronics,,APAC,PathWave Software,Webinar,"['Keysight_Workshop_RF_Testing', 'Whitepaper_Download_5G_Test', 'AutoSens_Tech_Talk', 'No_Conversion']",0
L003720,Maria Khan,,Telecom,North America,,LinkedIn,"['IMS_Badge_Scan', 'Application_Engineer_Call', 'Application_Engineer_Call', 'Oscilloscope_Selector_Tool', 'Application_Engineer_Call', 'Technical_Demo', 'Customer']",1
L003721,,Bosch GmbH,,Europe,,Email Campaign,"['Technical_Demo', 'Keysight_Workshop_RF_Testing', 'MQL', 'Application_Engineer_Call', 'Opportunity', 'Application_Engineer_Call', 'Keysight_University_Course', 'Oscilloscope_Selector_Tool', 'Customer']",1
L003722,Ravi Johnson,Bosch_Tech,Aerospace,LATAM,Automotive Ethernet,Event,"['DesignCon_Booth_Visit', 'Oscilloscope_Selector_Tool', 'PathWave_Trial_Request', 'LinkedIn_Ad_Click', 'LinkedIn_Ad_Click', 'Keysight_Workshop_RF_Testing', 'Keysight_University_Course', 'PathWave_Trial_Request', 'Customer']",1
L003723,Michael Patel,Infineon GmbH,,,,Webinar,"['IMS_Badge_Scan', 'IMS_Badge_Scan', 'Application_Engineer_Call', 'Loaner_Unit_Evaluation', 'Application_Engineer_Call', 'PathWave_Trial_Request', 'PathWave_Trial_Request', 'Loaner_Unit_Evaluation', 'Whitepaper_Download_5G_Test', 'No_Conversion']",0
L003724,Sarah Martinez,Tesla Energy GmbH,Electronics,Europe,,Event,['Customer'],1
L003725,Maria Lee,,Automotive,LATAM,,Webinar,"['Keysight_University_Course', 'AutoSens_Tech_Talk', 'Keysight_University_Course', 'Keysight_Workshop_RF_Testing', 'No_Conversion']",0
L003726,Sofia Martinez,Samsung Electronics GmbH,,Europe,PathWave Software,Event,['No_Conversion'],0
L003727,Sofia Garcia,Bosch GmbH,Automotive,APAC,PathWave Software,Website,"['Application_Engineer_Call', 'Whitepaper_Download_5G_Test', 'Whitepaper_Download_5G_Test', 'PathWave_Trial_Request', 'Whitepaper_Download_5G_Test', 'Oscilloscope_Selector_Tool', 'Website_Product_Page', 'LinkedIn_Ad_Click', 'Technical_Demo', 'No_Conversion']",0
L003728,Chen Ito,Qualcomm GmbH,Electronics,Europe,Oscilloscopes,Webinar,"['Technical_Demo', 'Opportunity', 'Opportunity', 'Loaner_Unit_Evaluation', 'Customer']",1
L003729,Laura Singh,NXP Semiconductors GmbH,,,Automotive Ethernet,Website,"['MQL', 'Technical_Demo', 'Application_Engineer_Call', 'PathWave_Trial_Request', 'Application_Engineer_Call', 'LinkedIn_Ad_Click', 'Application_Engineer_Call', 'DesignCon_Booth_Visit', 'LinkedIn_Ad_Click', 'No_Conversion']",0
L003730,Ravi Lee,Meta Connectivity Labs GmbH,Electronics,Europe,5G Testbeds,Event,"['Application_Engineer_Call', 'Whitepaper_Download_5G_Test', 'SQL', 'Customer']",1
L003731,Sofia Garcia,Broadcom GmbH,,North America,PathWave Software,Sales Outreach,"['Application_Engineer_Call', 'SQL', 'Opportunity', 'Keysight_Workshop_RF_Testing', 'Keysight_University_Course', 'Website_Product_Page', 'LinkedIn_Ad_Click', 'SQL', 'Whitepaper_Download_5G_Test', 'No_Conversion']",0
L003732,Michael Anders,NXP Semiconductors GmbH,,,,,['No_Conversion'],0
L003733,Sofia Garcia,Broadcom GmbH,Semiconductor,LATAM,5G Testbeds,,"['Keysight_University_Course', 'No_Conversion']",0
L003734,Ravi Chen,Tesla Energy,Electronics,LATAM,,Webinar,['Customer'],1
L003735,Priya Chen,Meta Connectivity Labs GmbH,Aerospace,APAC,PathWave Software,,"['MQL', 'IMS_Badge_Scan', 'Keysight_Workshop_RF_Testing', 'SQL', 'No_Conversion']",0
L003736,Hiroshi Lee,Qualcomm,,,5G Testbeds,,"['AutoSens_Tech_Talk', 'No_Conversion']",0
L003737,Sarah Patel,Raytheon,Aerospace,APAC,Automotive Ethernet,Webinar,"['Opportunity', 'Application_Engineer_Call', 'DesignCon_Booth_Visit', 'MQL', 'Website_Product_Page', 'No_Conversion']",0
L003738,Priya Johnson,Infineon GmbH,,North America,,LinkedIn,"['Loaner_Unit_Evaluation', 'Application_Engineer_Call', 'Lab_Integration_Discussion', 'No_Conversion']",0
L003739,Chen Williams,Qualcomm GmbH,,North America,,Email Campaign,"['SQL', 'LinkedIn_Ad_Click', 'LinkedIn_Ad_Click', 'DesignCon_Booth_Visit', 'Opportunity', 'Lab_Integration_Discussion', 'Application_Engineer_Call', 'SQL', 'Customer']",1
L003740,Priya Williams,,Electronics,Europe,Automotive Ethernet,,"['Loaner_Unit_Evaluation', 'AutoSens_Tech_Talk', 'Technical_Demo', 'Customer']",1
L003741,Priya Patel,Meta Connectivity Labs GmbH,Telecom,LATAM,5G Testbeds,Webinar,"['LinkedIn_Ad_Click', 'Website_Product_Page', 'DesignCon_Booth_Visit', 'No_Conversion']",0
L003742,Kenji Martinez,Tesla Energy GmbH,Semiconductor,North America,Oscilloscopes,Email Campaign,"['Application_Engineer_Call', 'Oscilloscope_Selector_Tool', 'Application_Engineer_Call', 'Technical_Demo', 'No_Conversion']",0
L003743,Maria Khan,Sony,Telecom,North America,Oscilloscopes,Website,"['Website_Product_Page', 'PathWave_Trial_Request', 'MQL', 'LinkedIn_Ad_Click', 'Customer']",1
L003744,Kenji Anders,NXP Semiconductors,,,PathWave Software,LinkedIn,"['DesignCon_Booth_Visit', 'DesignCon_Booth_Visit', 'Application_Engineer_Call', 'Keysight_Workshop_RF_Testing', 'No_Conversion']",0
L003745,Ravi Chen,Meta Connectivity Labs,Electronics,APAC,,Email Campaign,['No_Conversion'],0
L003746,Ravi Tanaka,,,North America,,Website,"['Opportunity', 'Customer']",1
L003747,Sarah Williams,Infineon,,Europe,,Webinar,"['Loaner_Unit_Evaluation', 'LinkedIn_Ad_Click', 'Lab_Integration_Discussion', 'PathWave_Trial_Request', 'Customer']",1
L003748,Laura Chen,Tesla_Tech,Aerospace,LATAM,Oscilloscopes,Email Campaign,"['Whitepaper_Download_5G_Test', 'MQL', 'Keysight_Workshop_RF_Testing', 'DesignCon_Booth_Visit', 'Application_Engineer_Call', 'Oscilloscope_Selector_Tool', 'MQL', 'No_Conversion']",0
L003749,Michael Lee,,Semiconductor,North America,,Event,"['Loaner_Unit_Evaluation', 'Technical_Demo', 'AutoSens_Tech_Talk', 'Customer']",1
L003750,Daniel Johnson,Samsung Electronics GmbH,Electronics,North America,,LinkedIn,['Customer'],1
L003751,Laura Martinez,,Telecom,APAC,,,"['Application_Engineer_Call', 'Application_Engineer_Call', 'Keysight_Workshop_RF_Testing', 'Website_Product_Page', 'No_Conversion']",0
L003752,Kenji Patel,Meta Connectivity Labs GmbH,Aerospace,Europe,Automotive Ethernet,Sales Outreach,"['Lab_Integration_Discussion', 'Customer']",1
L003753,Maria Garcia,Bosch,,APAC,5G Testbeds,,"['Opportunity', 'Keysight_University_Course', 'LinkedIn_Ad_Click', 'Website_Product_Page', 'DesignCon_Booth_Visit', 'Opportunity', 'Customer']",1
L003754,Daniel Lee,Bosch_Tech,Telecom,LATAM,5G Testbeds,LinkedIn,"['DesignCon_Booth_Visit', 'Opportunity', 'Loaner_Unit_Evaluation', 'Oscilloscope_Selector_Tool', 'SQL', 'IMS_Badge_Scan', 'Keysight_University_Course', 'No_Conversion']",0
L003755,Chen Lee,Infineon,,APAC,,Email Campaign,"['Technical_Demo', 'MQL', 'SQL', 'Customer']",1
L003756,Daniel Khan,Broadcom,Electronics,,,Website,['No_Conversion'],0
L003757,Daniel Ito,Meta Connectivity Labs GmbH,Aerospace,North America,5G Testbeds,,"['LinkedIn_Ad_Click', 'IMS_Badge_Scan', 'MQL', 'Customer']",1
L003758,,Broadcom,Telecom,North America,Automotive Ethernet,LinkedIn,"['PathWave_Trial_Request', 'Website_Product_Page', 'Keysight_University_Course', 'Keysight_Workshop_RF_Testing', 'Technical_Demo', 'Loaner_Unit_Evaluation', 'Whitepaper_Download_5G_Test', 'AutoSens_Tech_Talk', 'DesignCon_Booth_Visit', 'IMS_Badge_Scan', 'Customer']",1
L003759,Sofia Garcia,Samsung Electronics GmbH,Aerospace,,,Email Campaign,"['Website_Product_Page', 'Application_Engineer_Call', 'PathWave_Trial_Request', 'Whitepaper_Download_5G_Test', 'Customer']",1
L003760,Ravi Anders,Tesla Energy GmbH,Aerospace,North America,,Website,"['Website_Product_Page', 'Application_Engineer_Call', 'Loaner_Unit_Evaluation', 'SQL', 'PathWave_Trial_Request', 'IMS_Badge_Scan', 'No_Conversion']",0
L003761,,Tesla Energy,Automotive,,Automotive Ethernet,Event,"['AutoSens_Tech_Talk', 'Opportunity', 'DesignCon_Booth_Visit', 'Lab_Integration_Discussion', 'MQL', 'Whitepaper_Download_5G_Test', 'Customer']",1
L003762,Michael Johnson,Tesla Energy GmbH,,LATAM,,Email Campaign,"['Lab_Integration_Discussion', 'Keysight_University_Course', 'Website_Product_Page', 'IMS_Badge_Scan', 'Lab_Integration_Discussion', 'Loaner_Unit_Evaluation', 'Whitepaper_Download_5G_Test', 'No_Conversion']",0
L003763,,Meta Connectivity Labs GmbH,,,Automotive Ethernet,Event,"['Keysight_University_Course', 'Opportunity', 'AutoSens_Tech_Talk', 'MQL', 'Application_Engineer_Call', 'Lab_Integration_Discussion', 'Technical_Demo', 'Lab_Integration_Discussion', 'Application_Engineer_Call', 'Keysight_Workshop_RF_Testing', 'No_Conversion']",0
L003764,Sarah Khan,Sony GmbH,Automotive,Europe,5G Testbeds,Webinar,"['Loaner_Unit_Evaluation', 'Oscilloscope_Selector_Tool', 'Keysight_Workshop_RF_Testing', 'Customer']",1
L003765,,Samsung Electronics,Telecom,LATAM,Oscilloscopes,Website,"['SQL', 'Technical_Demo', 'Technical_Demo', 'Customer']",1
L003766,Kenji Khan,Infin_Tech,Semiconductor,Europe,,Sales Outreach,"['DesignCon_Booth_Visit', 'AutoSens_Tech_Talk', 'PathWave_Trial_Request', 'Website_Product_Page', 'DesignCon_Booth_Visit', 'Website_Product_Page', 'MQL', 'SQL', 'Loaner_Unit_Evaluation', 'SQL', 'Customer']",1
L003767,Laura Lee,Sony_Tech,,North America,,Event,"['AutoSens_Tech_Talk', 'PathWave_Trial_Request', 'PathWave_Trial_Request', 'Technical_Demo', 'LinkedIn_Ad_Click', 'AutoSens_Tech_Talk', 'Customer']",1
L003768,Daniel Singh,,Aerospace,APAC,,,"['Website_Product_Page', 'Website_Product_Page', 'IMS_Badge_Scan', 'No_Conversion']",0
L003769,Maria Garcia,,Telecom,North America,Oscilloscopes,Webinar,"['Keysight_University_Course', 'IMS_Badge_Scan', 'MQL', 'AutoSens_Tech_Talk', 'DesignCon_Booth_Visit', 'Lab_Integration_Discussion', 'Technical_Demo', 'Customer']",1
L003770,Maria Garcia,Broadcom,Semiconductor,,Automotive Ethernet,,"['Keysight_Workshop_RF_Testing', 'Keysight_University_Course', 'No_Conversion']",0
L003771,Priya Johnson,Infineon GmbH,Electronics,,5G Testbeds,Webinar,"['Application_Engineer_Call', 'PathWave_Trial_Request', 'Keysight_University_Course', 'Website_Product_Page', 'Opportunity', 'Website_Product_Page', 'Opportunity', 'IMS_Badge_Scan', 'Oscilloscope_Selector_Tool', 'Customer']",1
L003772,Laura Garcia,Infineon GmbH,Automotive,APAC,Oscilloscopes,Website,"['MQL', 'Customer']",1
L003773,Michael Garcia,Infineon,Automotive,Europe,PathWave Software,Sales Outreach,"['Keysight_Workshop_RF_Testing', 'Lab_Integration_Discussion', 'DesignCon_Booth_Visit', 'IMS_Badge_Scan', 'Technical_Demo', 'MQL', 'Loaner_Unit_Evaluation', 'IMS_Badge_Scan', 'Customer']",1
L003774,Priya Tanaka,Infineon GmbH,Aerospace,LATAM,5G Testbeds,Website,"['Website_Product_Page', 'Website_Product_Page', 'Keysight_University_Course', 'MQL', 'Application_Engineer_Call', 'AutoSens_Tech_Talk', 'Opportunity', 'Application_Engineer_Call', 'Loaner_Unit_Evaluation', 'Website_Product_Page', 'No_Conversion']",0
L003775,Maria Chen,Tesla Energy,Aerospace,,5G Testbeds,,"['AutoSens_Tech_Talk', 'No_Conversion']",0
L003776,Kenji Chen,Infineon,Semiconductor,North America,,Sales Outreach,"['Opportunity', 'PathWave_Trial_Request', 'Keysight_Workshop_RF_Testing', 'Lab_Integration_Discussion', 'Technical_Demo', 'No_Conversion']",0
L003777,Laura Ito,,Aerospace,APAC,,Webinar,"['AutoSens_Tech_Talk', 'Technical_Demo', 'AutoSens_Tech_Talk', 'No_Conversion']",0
L003778,Hiroshi Lee,Bosch_Tech,,Europe,PathWave Software,Sales Outreach,['No_Conversion'],0
L003779,Laura Martinez,,Aerospace,North America,,Sales Outreach,"['Website_Product_Page', 'IMS_Badge_Scan', 'DesignCon_Booth_Visit', 'Lab_Integration_Discussion', 'MQL', 'Website_Product_Page', 'Customer']",1
L003780,Kenji Ito,,,Europe,,Event,"['Website_Product_Page', 'Opportunity', 'LinkedIn_Ad_Click', 'No_Conversion']",0
L003781,Maria Anders,Infin_Tech,Electronics,,Oscilloscopes,LinkedIn,"['Whitepaper_Download_5G_Test', 'No_Conversion']",0
L003782,Laura Tanaka,NXPSe_Tech,Semiconductor,,Automotive Ethernet,Webinar,"['IMS_Badge_Scan', 'IMS_Badge_Scan', 'Keysight_Workshop_RF_Testing', 'Website_Product_Page', 'Whitepaper_Download_5G_Test', 'IMS_Badge_Scan', 'Keysight_University_Course', 'Lab_Integration_Discussion', 'No_Conversion']",0
L003783,Michael Khan,Meta Connectivity Labs GmbH,Telecom,LATAM,,Event,"['Keysight_Workshop_RF_Testing', 'SQL', 'PathWave_Trial_Request', 'Lab_Integration_Discussion', 'Oscilloscope_Selector_Tool', 'Loaner_Unit_Evaluation', 'Customer']",1
L003784,Michael Garcia,Infineon,Electronics,Europe,PathWave Software,Email Campaign,"['PathWave_Trial_Request', 'AutoSens_Tech_Talk', 'Opportunity', 'LinkedIn_Ad_Click', 'Website_Product_Page', 'No_Conversion']",0
L003785,Ravi Singh,Sony,Semiconductor,APAC,Oscilloscopes,Event,"['AutoSens_Tech_Talk', 'IMS_Badge_Scan', 'Lab_Integration_Discussion', 'PathWave_Trial_Request', 'Customer']",1
L003786,Maria Chen,Tesla Energy,Automotive,LATAM,PathWave Software,Website,"['Oscilloscope_Selector_Tool', 'Opportunity', 'AutoSens_Tech_Talk', 'Keysight_Workshop_RF_Testing', 'Opportunity', 'Oscilloscope_Selector_Tool', 'Customer']",1
L003787,Sarah Johnson,Samsung Electronics GmbH,Semiconductor,LATAM,,Email Campaign,"['Oscilloscope_Selector_Tool', 'MQL', 'Customer']",1
L003788,,,Telecom,North America,,,"['DesignCon_Booth_Visit', 'Loaner_Unit_Evaluation', 'Website_Product_Page', 'MQL', 'Website_Product_Page', 'Opportunity', 'Oscilloscope_Selector_Tool', 'PathWave_Trial_Request', 'Keysight_University_Course', 'Website_Product_Page', 'No_Conversion']",0
L003789,Michael Chen,Qualcomm GmbH,,Europe,,Sales Outreach,['No_Conversion'],0
L003790,Kenji Lee,NXP Semiconductors,,Europe,,Email Campaign,"['Keysight_University_Course', 'IMS_Badge_Scan', 'PathWave_Trial_Request', 'Lab_Integration_Discussion', 'LinkedIn_Ad_Click', 'IMS_Badge_Scan', 'Loaner_Unit_Evaluation', 'IMS_Badge_Scan', 'PathWave_Trial_Request', 'Loaner_Unit_Evaluation', 'No_Conversion']",0
L003791,Ravi Patel,Infin_Tech,Electronics,LATAM,,Event,"['Technical_Demo', 'Whitepaper_Download_5G_Test', 'LinkedIn_Ad_Click', 'No_Conversion']",0
L003792,Daniel Chen,,,,Oscilloscopes,Email Campaign,"['AutoSens_Tech_Talk', 'Keysight_Workshop_RF_Testing', 'Website_Product_Page', 'DesignCon_Booth_Visit', 'Lab_Integration_Discussion', 'No_Conversion']",0
L003793,Hiroshi Tanaka,Sony_Tech,Semiconductor,,Automotive Ethernet,Webinar,"['Application_Engineer_Call', 'PathWave_Trial_Request', 'Website_Product_Page', 'Whitepaper_Download_5G_Test', 'PathWave_Trial_Request', 'No_Conversion']",0
L003794,Hiroshi Anders,,Telecom,North America,,,"['Oscilloscope_Selector_Tool', 'SQL', 'MQL', 'LinkedIn_Ad_Click', 'Keysight_University_Course', 'Customer']",1
L003795,,MetaC_Tech,Aerospace,APAC,5G Testbeds,Website,"['Lab_Integration_Discussion', 'Application_Engineer_Call', 'No_Conversion']",0
L003796,Ahmed Tanaka,Meta Connectivity Labs,Telecom,Europe,PathWave Software,LinkedIn,"['IMS_Badge_Scan', 'Keysight_University_Course', 'Whitepaper_Download_5G_Test', 'No_Conversion']",0
L003797,Kenji Williams,Bosch GmbH,Semiconductor,North America,Automotive Ethernet,Sales Outreach,"['MQL', 'DesignCon_Booth_Visit', 'Whitepaper_Download_5G_Test', 'SQL', 'No_Conversion']",0
L003798,Sofia Tanaka,Meta Connectivity Labs GmbH,,,,Website,"['Application_Engineer_Call', 'Website_Product_Page', 'Opportunity', 'Application_Engineer_Call', 'Whitepaper_Download_5G_Test', 'AutoSens_Tech_Talk', 'PathWave_Trial_Request', 'LinkedIn_Ad_Click', 'PathWave_Trial_Request', 'No_Conversion']",0
L003799,Kenji Garcia,,,APAC,Oscilloscopes,LinkedIn,"['MQL', 'Website_Product_Page', 'Opportunity', 'IMS_Badge_Scan', 'MQL', 'No_Conversion']",0
L003800,Michael Garcia,Sony GmbH,,North America,,Event,"['Opportunity', 'PathWave_Trial_Request', 'IMS_Badge_Scan', 'Opportunity', 'Customer']",1
L003801,Kenji Singh,MetaC_Tech,,,5G Testbeds,LinkedIn,"['LinkedIn_Ad_Click', 'Lab_Integration_Discussion', 'LinkedIn_Ad_Click', 'No_Conversion']",0
L003802,Sofia Chen,NXPSe_Tech,,,,Email Campaign,"['LinkedIn_Ad_Click', 'PathWave_Trial_Request', 'Opportunity', 'Technical_Demo', 'DesignCon_Booth_Visit', 'DesignCon_Booth_Visit', 'Technical_Demo', 'LinkedIn_Ad_Click', 'Whitepaper_Download_5G_Test', 'No_Conversion']",0
L003803,Priya Williams,Rayth_Tech,Electronics,,5G Testbeds,Website,"['Keysight_Workshop_RF_Testing', 'PathWave_Trial_Request', 'IMS_Badge_Scan', 'Customer']",1
L003804,Chen Tanaka,Meta Connectivity Labs GmbH,Telecom,APAC,Oscilloscopes,,"['MQL', 'Technical_Demo', 'IMS_Badge_Scan', 'DesignCon_Booth_Visit', 'AutoSens_Tech_Talk', 'Loaner_Unit_Evaluation', 'Loaner_Unit_Evaluation', 'Lab_Integration_Discussion', 'Keysight_University_Course', 'Application_Engineer_Call', 'No_Conversion']",0
L003805,Priya Chen,,,,,Website,"['Lab_Integration_Discussion', 'AutoSens_Tech_Talk', 'Loaner_Unit_Evaluation', 'Customer']",1
L003806,Daniel Chen,NXP Semiconductors GmbH,,North America,,Event,"['AutoSens_Tech_Talk', 'LinkedIn_Ad_Click', 'Oscilloscope_Selector_Tool', 'Whitepaper_Download_5G_Test', 'Technical_Demo', 'Keysight_University_Course', 'Whitepaper_Download_5G_Test', 'Customer']",1
L003807,Priya Ito,,Telecom,LATAM,,Email Campaign,"['Loaner_Unit_Evaluation', 'DesignCon_Booth_Visit', 'AutoSens_Tech_Talk', 'Whitepaper_Download_5G_Test', 'Customer']",1
L003808,Chen Patel,Tesla_Tech,Aerospace,LATAM,,Sales Outreach,['Customer'],1
L003809,Sarah Martinez,,Telecom,,Oscilloscopes,Email Campaign,"['IMS_Badge_Scan', 'AutoSens_Tech_Talk', 'DesignCon_Booth_Visit', 'DesignCon_Booth_Visit', 'IMS_Badge_Scan', 'SQL', 'Application_Engineer_Call', 'Oscilloscope_Selector_Tool', 'Customer']",1
L003810,Chen Lee,,Automotive,North America,Automotive Ethernet,Event,"['MQL', 'Customer']",1
L003811,,,Semiconductor,Europe,,,"['Oscilloscope_Selector_Tool', 'Technical_Demo', 'DesignCon_Booth_Visit', 'Opportunity', 'Lab_Integration_Discussion', 'Customer']",1
L003812,Ahmed Johnson,Samsu_Tech,,APAC,,Website,"['Application_Engineer_Call', 'Lab_Integration_Discussion', 'Keysight_Workshop_RF_Testing', 'No_Conversion']",0
L003813,Kenji Patel,,Automotive,Europe,,LinkedIn,"['Keysight_University_Course', 'Customer']",1
L003814,Ravi Khan,Tesla Energy,Aerospace,Europe,PathWave Software,,"['Lab_Integration_Discussion', 'Application_Engineer_Call', 'Keysight_Workshop_RF_Testing', 'No_Conversion']",0
L003815,Maria Johnson,Tesla_Tech,,Europe,PathWave Software,Email Campaign,"['Lab_Integration_Discussion', 'Keysight_University_Course', 'LinkedIn_Ad_Click', 'Lab_Integration_Discussion', 'Keysight_University_Course', 'No_Conversion']",0
L003816,Chen Lee,Samsu_Tech,,LATAM,,Website,"['Oscilloscope_Selector_Tool', 'Keysight_University_Course', 'AutoSens_Tech_Talk', 'Keysight_University_Course', 'Application_Engineer_Call', 'AutoSens_Tech_Talk', 'Customer']",1
L003817,Chen Garcia,Raytheon GmbH,,LATAM,Oscilloscopes,LinkedIn,"['IMS_Badge_Scan', 'IMS_Badge_Scan', 'AutoSens_Tech_Talk', 'No_Conversion']",0
L003818,Kenji Williams,Tesla Energy,,Europe,PathWave Software,Website,"['MQL', 'AutoSens_Tech_Talk', 'Oscilloscope_Selector_Tool', 'Technical_Demo', 'PathWave_Trial_Request', 'Lab_Integration_Discussion', 'AutoSens_Tech_Talk', 'Opportunity', 'AutoSens_Tech_Talk', 'Website_Product_Page', 'Customer']",1
L003819,Sarah Garcia,Broadcom GmbH,Aerospace,APAC,,Website,"['Keysight_Workshop_RF_Testing', 'PathWave_Trial_Request', 'Website_Product_Page', 'No_Conversion']",0
L003820,Kenji Garcia,,Telecom,Europe,,Website,"['Technical_Demo', 'Lab_Integration_Discussion', 'Whitepaper_Download_5G_Test', 'Customer']",1
L003821,Daniel Ito,Samsung Electronics GmbH,Telecom,North America,PathWave Software,Website,"['Keysight_Workshop_RF_Testing', 'Keysight_Workshop_RF_Testing', 'PathWave_Trial_Request', 'Loaner_Unit_Evaluation', 'Keysight_Workshop_RF_Testing', 'IMS_Badge_Scan', 'Technical_Demo', 'AutoSens_Tech_Talk', 'No_Conversion']",0
L003822,Ravi Lee,Infineon GmbH,,,5G Testbeds,,"['Keysight_University_Course', 'IMS_Badge_Scan', 'Keysight_University_Course', 'DesignCon_Booth_Visit', 'Application_Engineer_Call', 'DesignCon_Booth_Visit', 'Lab_Integration_Discussion', 'IMS_Badge_Scan', 'SQL', 'No_Conversion']",0
L003823,Laura Patel,Sony,Telecom,Europe,,Event,"['Technical_Demo', 'Lab_Integration_Discussion', 'Whitepaper_Download_5G_Test', 'Keysight_University_Course', 'IMS_Badge_Scan', 'Technical_Demo', 'MQL', 'Whitepaper_Download_5G_Test', 'Customer']",1
L003824,Michael Chen,,,LATAM,,Email Campaign,"['MQL', 'Website_Product_Page', 'AutoSens_Tech_Talk', 'Keysight_University_Course', 'Lab_Integration_Discussion', 'Customer']",1
L003825,,,,,,Sales Outreach,"['Oscilloscope_Selector_Tool', 'Customer']",1
L003826,Michael Johnson,,Aerospace,APAC,Oscilloscopes,Webinar,"['Loaner_Unit_Evaluation', 'Lab_Integration_Discussion', 'Loaner_Unit_Evaluation', 'No_Conversion']",0
L003827,Priya Chen,Samsung Electronics GmbH,Semiconductor,APAC,,Sales Outreach,"['Keysight_Workshop_RF_Testing', 'Keysight_Workshop_RF_Testing', 'MQL', 'LinkedIn_Ad_Click', 'Customer']",1
L003828,Ahmed Johnson,Infineon,,North America,PathWave Software,,['No_Conversion'],0
L003829,,,,LATAM,,Webinar,"['MQL', 'Keysight_Workshop_RF_Testing', 'Loaner_Unit_Evaluation', 'Oscilloscope_Selector_Tool', 'PathWave_Trial_Request', 'Customer']",1
L003830,Sarah Johnson,Rayth_Tech,Aerospace,LATAM,,,"['Keysight_Workshop_RF_Testing', 'PathWave_Trial_Request', 'Whitepaper_Download_5G_Test', 'Whitepaper_Download_5G_Test', 'No_Conversion']",0
L003831,,Qualcomm GmbH,,APAC,,Webinar,"['Loaner_Unit_Evaluation', 'Opportunity', 'MQL', 'PathWave_Trial_Request', 'Lab_Integration_Discussion', 'SQL', 'Whitepaper_Download_5G_Test', 'DesignCon_Booth_Visit', 'MQL', 'AutoSens_Tech_Talk', 'No_Conversion']",0
L003832,,Meta Connectivity Labs GmbH,Automotive,LATAM,,Email Campaign,"['Oscilloscope_Selector_Tool', 'AutoSens_Tech_Talk', 'Keysight_Workshop_RF_Testing', 'PathWave_Trial_Request', 'SQL', 'PathWave_Trial_Request', 'Keysight_Workshop_RF_Testing', 'SQL', 'Customer']",1
L003833,Daniel Singh,Broad_Tech,,North America,Oscilloscopes,Email Campaign,"['Opportunity', 'PathWave_Trial_Request', 'Loaner_Unit_Evaluation', 'Website_Product_Page', 'Keysight_University_Course', 'DesignCon_Booth_Visit', 'Whitepaper_Download_5G_Test', 'Customer']",1
L003834,,Broadcom GmbH,Automotive,North America,PathWave Software,LinkedIn,"['Technical_Demo', 'Website_Product_Page', 'Opportunity', 'IMS_Badge_Scan', 'Opportunity', 'Customer']",1
L003835,,,Telecom,,,Website,"['MQL', 'Website_Product_Page', 'AutoSens_Tech_Talk', 'Oscilloscope_Selector_Tool', 'MQL', 'No_Conversion']",0
L003836,Priya Lee,Broadcom,Automotive,LATAM,Oscilloscopes,Email Campaign,"['Opportunity', 'Technical_Demo', 'IMS_Badge_Scan', 'Loaner_Unit_Evaluation', 'SQL', 'PathWave_Trial_Request', 'SQL', 'Loaner_Unit_Evaluation', 'No_Conversion']",0
L003837,Priya Anders,Samsung Electronics,Semiconductor,North America,5G Testbeds,Website,"['LinkedIn_Ad_Click', 'Customer']",1
L003838,Ahmed Lee,Infin_Tech,Semiconductor,North America,,Webinar,"['PathWave_Trial_Request', 'Opportunity', 'MQL', 'Application_Engineer_Call', 'LinkedIn_Ad_Click', 'Lab_Integration_Discussion', 'LinkedIn_Ad_Click', 'Opportunity', 'Customer']",1
L003839,,,,,,Sales Outreach,"['Keysight_University_Course', 'Whitepaper_Download_5G_Test', 'PathWave_Trial_Request', 'Loaner_Unit_Evaluation', 'DesignCon_Booth_Visit', 'Technical_Demo', 'MQL', 'Customer']",1
L003840,Kenji Chen,Infin_Tech,Telecom,LATAM,Automotive Ethernet,Sales Outreach,"['Opportunity', 'Whitepaper_Download_5G_Test', 'SQL', 'PathWave_Trial_Request', 'Lab_Integration_Discussion', 'SQL', 'Keysight_University_Course', 'Customer']",1
L003841,,,Electronics,Europe,Automotive Ethernet,Webinar,"['Technical_Demo', 'SQL', 'Oscilloscope_Selector_Tool', 'Loaner_Unit_Evaluation', 'DesignCon_Booth_Visit', 'Lab_Integration_Discussion', 'IMS_Badge_Scan', 'No_Conversion']",0
L003842,Kenji Ito,Tesla Energy,Automotive,LATAM,5G Testbeds,Webinar,"['Whitepaper_Download_5G_Test', 'Lab_Integration_Discussion', 'Oscilloscope_Selector_Tool', 'LinkedIn_Ad_Click', 'Keysight_University_Course', 'Lab_Integration_Discussion', 'Keysight_University_Course', 'No_Conversion']",0
L003843,Sarah Chen,Meta Connectivity Labs GmbH,,Europe,Oscilloscopes,,"['Opportunity', 'Keysight_Workshop_RF_Testing', 'LinkedIn_Ad_Click', 'No_Conversion']",0
L003844,Sofia Singh,Infin_Tech,Aerospace,,,,"['MQL', 'Technical_Demo', 'Keysight_University_Course', 'Keysight_University_Course', 'Keysight_Workshop_RF_Testing', 'Lab_Integration_Discussion', 'Customer']",1
L003845,Sofia Chen,Broadcom,Telecom,APAC,5G Testbeds,LinkedIn,"['Website_Product_Page', 'MQL', 'No_Conversion']",0
L003846,Sarah Williams,,,APAC,Automotive Ethernet,LinkedIn,"['Oscilloscope_Selector_Tool', 'Keysight_Workshop_RF_Testing', 'MQL', 'No_Conversion']",0
L003847,Daniel Johnson,Bosch_Tech,Electronics,APAC,PathWave Software,Webinar,"['Oscilloscope_Selector_Tool', 'IMS_Badge_Scan', 'LinkedIn_Ad_Click', 'Website_Product_Page', 'PathWave_Trial_Request', 'Technical_Demo', 'AutoSens_Tech_Talk', 'Technical_Demo', 'IMS_Badge_Scan', 'Opportunity', 'Customer']",1
L003848,,NXPSe_Tech,Aerospace,,PathWave Software,LinkedIn,['No_Conversion'],0
L003849,Kenji Martinez,Meta Connectivity Labs,Aerospace,,,Website,"['Website_Product_Page', 'AutoSens_Tech_Talk', 'Oscilloscope_Selector_Tool', 'No_Conversion']",0
L003850,,Infineon,Aerospace,,Oscilloscopes,Webinar,"['Loaner_Unit_Evaluation', 'IMS_Badge_Scan', 'PathWave_Trial_Request', 'Oscilloscope_Selector_Tool', 'Opportunity', 'Lab_Integration_Discussion', 'LinkedIn_Ad_Click', 'PathWave_Trial_Request', 'No_Conversion']",0
L003851,Daniel Anders,Infineon,Electronics,North America,Automotive Ethernet,Email Campaign,"['Website_Product_Page', 'Application_Engineer_Call', 'Oscilloscope_Selector_Tool', 'Whitepaper_Download_5G_Test', 'IMS_Badge_Scan', 'DesignCon_Booth_Visit', 'Loaner_Unit_Evaluation', 'Technical_Demo', 'DesignCon_Booth_Visit', 'Oscilloscope_Selector_Tool', 'No_Conversion']",0
L003852,Ravi Singh,Tesla Energy,,Europe,,LinkedIn,"['Website_Product_Page', 'LinkedIn_Ad_Click', 'LinkedIn_Ad_Click', 'DesignCon_Booth_Visit', 'No_Conversion']",0
L003853,Kenji Williams,Bosch,,,Oscilloscopes,Webinar,"['DesignCon_Booth_Visit', 'PathWave_Trial_Request', 'Customer']",1
L003854,Priya Anders,Infin_Tech,Telecom,,Automotive Ethernet,Sales Outreach,"['Keysight_University_Course', 'DesignCon_Booth_Visit', 'Oscilloscope_Selector_Tool', 'No_Conversion']",0
L003855,Sarah Chen,NXP Semiconductors GmbH,Automotive,,,Website,"['Loaner_Unit_Evaluation', 'Whitepaper_Download_5G_Test', 'Keysight_University_Course', 'SQL', 'Oscilloscope_Selector_Tool', 'Opportunity', 'Loaner_Unit_Evaluation', 'PathWave_Trial_Request', 'Customer']",1
L003856,Chen Anders,Bosch_Tech,Electronics,North America,,LinkedIn,"['Lab_Integration_Discussion', 'Customer']",1
L003857,Michael Garcia,Bosch,,Europe,PathWave Software,Event,"['PathWave_Trial_Request', 'DesignCon_Booth_Visit', 'LinkedIn_Ad_Click', 'MQL', 'Loaner_Unit_Evaluation', 'No_Conversion']",0
L003858,Sofia Williams,,Automotive,,5G Testbeds,LinkedIn,"['DesignCon_Booth_Visit', 'No_Conversion']",0
L003859,Chen Chen,Bosch_Tech,,North America,5G Testbeds,Webinar,"['PathWave_Trial_Request', 'Keysight_University_Course', 'DesignCon_Booth_Visit', 'No_Conversion']",0
L003860,Daniel Anders,,,Europe,5G Testbeds,Webinar,"['Whitepaper_Download_5G_Test', 'Keysight_Workshop_RF_Testing', 'DesignCon_Booth_Visit', 'Technical_Demo', 'Loaner_Unit_Evaluation', 'Oscilloscope_Selector_Tool', 'Customer']",1
L003861,Ravi Johnson,Sony_Tech,Aerospace,LATAM,,Email Campaign,"['DesignCon_Booth_Visit', 'Keysight_University_Course', 'IMS_Badge_Scan', 'Website_Product_Page', 'MQL', 'Customer']",1
L003862,Kenji Lee,Bosch GmbH,Automotive,APAC,Oscilloscopes,Website,"['Keysight_Workshop_RF_Testing', 'Loaner_Unit_Evaluation', 'IMS_Badge_Scan', 'Technical_Demo', 'Customer']",1
L003863,Ahmed Singh,Broadcom,Aerospace,LATAM,,Event,"['Lab_Integration_Discussion', 'Whitepaper_Download_5G_Test', 'Whitepaper_Download_5G_Test', 'MQL', 'SQL', 'IMS_Badge_Scan', 'LinkedIn_Ad_Click', 'Keysight_Workshop_RF_Testing', 'No_Conversion']",0
L003864,Maria Singh,Broad_Tech,,Europe,Automotive Ethernet,Email Campaign,"['Oscilloscope_Selector_Tool', 'Customer']",1
L003865,Hiroshi Patel,Sony,Aerospace,LATAM,,LinkedIn,"['LinkedIn_Ad_Click', 'LinkedIn_Ad_Click', 'Whitepaper_Download_5G_Test', 'Whitepaper_Download_5G_Test', 'Website_Product_Page', 'Opportunity', 'No_Conversion']",0
L003866,Michael Martinez,Bosch_Tech,Aerospace,LATAM,PathWave Software,Event,"['AutoSens_Tech_Talk', 'Opportunity', 'Customer']",1
L003867,Kenji Lee,Samsu_Tech,,,,Email Campaign,"['Technical_Demo', 'No_Conversion']",0
L003868,Sofia Martinez,,Aerospace,Europe,,Email Campaign,"['Technical_Demo', 'Website_Product_Page', 'Customer']",1
L003869,Chen Tanaka,Bosch_Tech,,,PathWave Software,Webinar,"['Website_Product_Page', 'Technical_Demo', 'IMS_Badge_Scan', 'Application_Engineer_Call', 'LinkedIn_Ad_Click', 'Keysight_Workshop_RF_Testing', 'PathWave_Trial_Request', 'Customer']",1
L003870,Sarah Chen,MetaC_Tech,,APAC,Automotive Ethernet,,"['LinkedIn_Ad_Click', 'LinkedIn_Ad_Click', 'Technical_Demo', 'MQL', 'Lab_Integration_Discussion', 'PathWave_Trial_Request', 'No_Conversion']",0
L003871,Ravi Khan,Qualcomm,,LATAM,,Website,"['IMS_Badge_Scan', 'Customer']",1
L003872,Sofia Lee,Bosch GmbH,Aerospace,LATAM,,LinkedIn,"['Oscilloscope_Selector_Tool', 'Oscilloscope_Selector_Tool', 'Website_Product_Page', 'Technical_Demo', 'Whitepaper_Download_5G_Test', 'Customer']",1
L003873,,Infineon GmbH,Semiconductor,,PathWave Software,Webinar,['Customer'],1
L003874,Priya Garcia,Tesla Energy GmbH,Aerospace,North America,,Sales Outreach,"['Oscilloscope_Selector_Tool', 'Keysight_Workshop_RF_Testing', 'Keysight_Workshop_RF_Testing', 'PathWave_Trial_Request', 'Keysight_Workshop_RF_Testing', 'LinkedIn_Ad_Click', 'No_Conversion']",0
L003875,,Bosch,Aerospace,APAC,Automotive Ethernet,Sales Outreach,"['LinkedIn_Ad_Click', 'Loaner_Unit_Evaluation', 'Application_Engineer_Call', 'Website_Product_Page', 'Application_Engineer_Call', 'Customer']",1
L003876,Kenji Chen,,,APAC,Automotive Ethernet,Website,"['Technical_Demo', 'AutoSens_Tech_Talk', 'Lab_Integration_Discussion', 'SQL', 'MQL', 'Loaner_Unit_Evaluation', 'Customer']",1
L003877,Laura Garcia,Broadcom GmbH,Automotive,North America,Oscilloscopes,Webinar,"['Technical_Demo', 'MQL', 'Lab_Integration_Discussion', 'No_Conversion']",0
L003878,Kenji Johnson,Rayth_Tech,Electronics,Europe,Automotive Ethernet,Sales Outreach,"['IMS_Badge_Scan', 'LinkedIn_Ad_Click', 'Opportunity', 'Opportunity', 'Application_Engineer_Call', 'No_Conversion']",0
L003879,Michael Johnson,MetaC_Tech,Aerospace,APAC,Oscilloscopes,LinkedIn,"['Lab_Integration_Discussion', 'Whitepaper_Download_5G_Test', 'Whitepaper_Download_5G_Test', 'Loaner_Unit_Evaluation', 'Lab_Integration_Discussion', 'Application_Engineer_Call', 'No_Conversion']",0
L003880,Michael Martinez,Tesla Energy,,,,LinkedIn,"['Keysight_Workshop_RF_Testing', 'DesignCon_Booth_Visit', 'Customer']",1
L003881,Chen Garcia,Tesla Energy GmbH,Telecom,,,Sales Outreach,"['Website_Product_Page', 'Website_Product_Page', 'Opportunity', 'AutoSens_Tech_Talk', 'SQL', 'Oscilloscope_Selector_Tool', 'Loaner_Unit_Evaluation', 'PathWave_Trial_Request', 'Customer']",1
L003882,Daniel Williams,Sony GmbH,,,,Webinar,"['PathWave_Trial_Request', 'IMS_Badge_Scan', 'PathWave_Trial_Request', 'Customer']",1
L003883,Ravi Singh,Samsung Electronics,,,Automotive Ethernet,Email Campaign,"['Oscilloscope_Selector_Tool', 'Whitepaper_Download_5G_Test', 'SQL', 'DesignCon_Booth_Visit', 'AutoSens_Tech_Talk', 'No_Conversion']",0
L003884,Michael Williams,,Semiconductor,Europe,Automotive Ethernet,Webinar,"['MQL', 'Opportunity', 'Keysight_Workshop_RF_Testing', 'DesignCon_Booth_Visit', 'DesignCon_Booth_Visit', 'Opportunity', 'No_Conversion']",0
L003885,Ahmed Lee,Broad_Tech,,APAC,,Email Campaign,"['MQL', 'Keysight_University_Course', 'MQL', 'Customer']",1
L003886,Ravi Garcia,,Aerospace,APAC,,,"['Loaner_Unit_Evaluation', 'PathWave_Trial_Request', 'MQL', 'LinkedIn_Ad_Click', 'Customer']",1
L003887,Sarah Williams,Samsung Electronics GmbH,Telecom,Europe,PathWave Software,,"['Keysight_University_Course', 'Opportunity', 'Lab_Integration_Discussion', 'Keysight_University_Course', 'Website_Product_Page', 'PathWave_Trial_Request', 'Lab_Integration_Discussion', 'AutoSens_Tech_Talk', 'Customer']",1
L003888,Kenji Singh,Qualcomm GmbH,Telecom,Europe,Automotive Ethernet,Email Campaign,"['Opportunity', 'Customer']",1
L003889,,Broad_Tech,,Europe,,Webinar,"['Oscilloscope_Selector_Tool', 'AutoSens_Tech_Talk', 'Oscilloscope_Selector_Tool', 'SQL', 'DesignCon_Booth_Visit', 'Keysight_Workshop_RF_Testing', 'IMS_Badge_Scan', 'Whitepaper_Download_5G_Test', 'MQL', 'Customer']",1
L003890,Kenji Singh,Infin_Tech,Electronics,Europe,,,"['Whitepaper_Download_5G_Test', 'LinkedIn_Ad_Click', 'Website_Product_Page', 'Whitepaper_Download_5G_Test', 'Whitepaper_Download_5G_Test', 'AutoSens_Tech_Talk', 'Whitepaper_Download_5G_Test', 'No_Conversion']",0
L003891,Maria Patel,Qualcomm,Automotive,North America,,Sales Outreach,"['Keysight_University_Course', 'Website_Product_Page', 'Whitepaper_Download_5G_Test', 'Lab_Integration_Discussion', 'AutoSens_Tech_Talk', 'AutoSens_Tech_Talk', 'No_Conversion']",0
L003892,Laura Khan,Samsung Electronics,Automotive,LATAM,,Email Campaign,"['Lab_Integration_Discussion', 'MQL', 'Website_Product_Page', 'Whitepaper_Download_5G_Test', 'Customer']",1
L003893,Sofia Garcia,Samsu_Tech,Telecom,LATAM,,Email Campaign,"['Website_Product_Page', 'Application_Engineer_Call', 'IMS_Badge_Scan', 'SQL', 'Customer']",1
L003894,Ahmed Anders,Raytheon,,North America,5G Testbeds,Sales Outreach,"['AutoSens_Tech_Talk', 'IMS_Badge_Scan', 'No_Conversion']",0
L003895,Laura Martinez,Infin_Tech,Automotive,LATAM,,Email Campaign,['Customer'],1
L003896,Laura Chen,Infin_Tech,Electronics,North America,Oscilloscopes,LinkedIn,"['MQL', 'Loaner_Unit_Evaluation', 'SQL', 'Lab_Integration_Discussion', 'Customer']",1
L003897,Daniel Williams,Sony_Tech,,APAC,,LinkedIn,"['Keysight_University_Course', 'Opportunity', 'MQL', 'MQL', 'Customer']",1
L003898,Laura Johnson,Samsung Electronics GmbH,Semiconductor,APAC,Automotive Ethernet,Website,"['Oscilloscope_Selector_Tool', 'Loaner_Unit_Evaluation', 'Application_Engineer_Call', 'Lab_Integration_Discussion', 'SQL', 'IMS_Badge_Scan', 'SQL', 'Lab_Integration_Discussion', 'Opportunity', 'Customer']",1
L003899,Maria Singh,Tesla_Tech,Electronics,APAC,,Sales Outreach,"['Opportunity', 'LinkedIn_Ad_Click', 'LinkedIn_Ad_Click', 'Whitepaper_Download_5G_Test', 'Whitepaper_Download_5G_Test', 'Oscilloscope_Selector_Tool', 'LinkedIn_Ad_Click', 'Oscilloscope_Selector_Tool', 'Customer']",1
L003900,Priya Tanaka,Broadcom GmbH,Automotive,,,Email Campaign,"['PathWave_Trial_Request', 'LinkedIn_Ad_Click', 'SQL', 'Application_Engineer_Call', 'Keysight_University_Course', 'Technical_Demo', 'No_Conversion']",0
L003901,Priya Chen,Sony,,Europe,Oscilloscopes,,"['AutoSens_Tech_Talk', 'LinkedIn_Ad_Click', 'SQL', 'DesignCon_Booth_Visit', 'Customer']",1
L003902,Laura Tanaka,Broad_Tech,Automotive,Europe,,Email Campaign,"['Lab_Integration_Discussion', 'Keysight_Workshop_RF_Testing', 'IMS_Badge_Scan', 'SQL', 'MQL', 'IMS_Badge_Scan', 'No_Conversion']",0
L003903,Hiroshi Tanaka,Bosch GmbH,Telecom,Europe,,Sales Outreach,"['Website_Product_Page', 'Loaner_Unit_Evaluation', 'PathWave_Trial_Request', 'Website_Product_Page', 'Keysight_Workshop_RF_Testing', 'Website_Product_Page', 'Opportunity', 'Application_Engineer_Call', 'No_Conversion']",0
L003904,Ahmed Ito,Sony_Tech,,North America,5G Testbeds,Email Campaign,"['DesignCon_Booth_Visit', 'Lab_Integration_Discussion', 'LinkedIn_Ad_Click', 'Keysight_University_Course', 'Customer']",1
L003905,,Meta Connectivity Labs GmbH,Electronics,North America,,,"['IMS_Badge_Scan', 'LinkedIn_Ad_Click', 'SQL', 'Customer']",1
L003906,Sarah Singh,Bosch_Tech,,,,Email Campaign,"['Keysight_Workshop_RF_Testing', 'Oscilloscope_Selector_Tool', 'No_Conversion']",0
L003907,Sarah Anders,,Electronics,Europe,PathWave Software,Email Campaign,"['IMS_Badge_Scan', 'Loaner_Unit_Evaluation', 'MQL', 'Customer']",1
L003908,Daniel Garcia,,Electronics,Europe,Automotive Ethernet,Email Campaign,"['DesignCon_Booth_Visit', 'SQL', 'Website_Product_Page', 'Keysight_Workshop_RF_Testing', 'No_Conversion']",0
L003909,Chen Singh,Infineon GmbH,,North America,,,"['Website_Product_Page', 'MQL', 'Keysight_University_Course', 'Customer']",1
L003910,Sofia Singh,Raytheon,Electronics,APAC,Automotive Ethernet,Website,"['Loaner_Unit_Evaluation', 'No_Conversion']",0
L003911,Priya Chen,,Semiconductor,Europe,,,"['Opportunity', 'MQL', 'Keysight_Workshop_RF_Testing', 'Opportunity', 'Customer']",1
L003912,Kenji Ito,Qualcomm,Electronics,Europe,Automotive Ethernet,LinkedIn,"['Keysight_Workshop_RF_Testing', 'Oscilloscope_Selector_Tool', 'Website_Product_Page', 'Customer']",1
L003913,Daniel Martinez,Samsung Electronics,Telecom,LATAM,5G Testbeds,Webinar,"['IMS_Badge_Scan', 'Keysight_Workshop_RF_Testing', 'Lab_Integration_Discussion', 'No_Conversion']",0
L003914,Maria Williams,Tesla_Tech,Aerospace,North America,,Event,"['PathWave_Trial_Request', 'Loaner_Unit_Evaluation', 'IMS_Badge_Scan', 'LinkedIn_Ad_Click', 'Whitepaper_Download_5G_Test', 'DesignCon_Booth_Visit', 'IMS_Badge_Scan', 'Customer']",1
L003915,Michael Tanaka,Samsu_Tech,,LATAM,5G Testbeds,Website,"['Technical_Demo', 'SQL', 'SQL', 'Loaner_Unit_Evaluation', 'Lab_Integration_Discussion', 'AutoSens_Tech_Talk', 'Opportunity', 'LinkedIn_Ad_Click', 'MQL', 'LinkedIn_Ad_Click', 'Customer']",1
L003916,Sarah Chen,Samsung Electronics GmbH,Telecom,,,Website,"['PathWave_Trial_Request', 'IMS_Badge_Scan', 'Customer']",1
L003917,Ahmed Khan,,Telecom,Europe,5G Testbeds,Webinar,"['IMS_Badge_Scan', 'Keysight_Workshop_RF_Testing', 'Lab_Integration_Discussion', 'No_Conversion']",0
L003918,Kenji Lee,,Automotive,APAC,PathWave Software,,"['Lab_Integration_Discussion', 'IMS_Badge_Scan', 'No_Conversion']",0
L003919,Priya Chen,Tesla Energy GmbH,,LATAM,,Webinar,"['IMS_Badge_Scan', 'DesignCon_Booth_Visit', 'Loaner_Unit_Evaluation', 'Oscilloscope_Selector_Tool', 'Keysight_Workshop_RF_Testing', 'Opportunity', 'No_Conversion']",0
L003920,,Tesla_Tech,Semiconductor,LATAM,5G Testbeds,Email Campaign,['Customer'],1
L003921,Michael Johnson,Samsung Electronics,,Europe,Automotive Ethernet,Website,"['Lab_Integration_Discussion', 'Website_Product_Page', 'Opportunity', 'Loaner_Unit_Evaluation', 'AutoSens_Tech_Talk', 'MQL', 'Customer']",1
L003922,,,Electronics,,Oscilloscopes,Email Campaign,"['IMS_Badge_Scan', 'Keysight_University_Course', 'LinkedIn_Ad_Click', 'Whitepaper_Download_5G_Test', 'Keysight_Workshop_RF_Testing', 'PathWave_Trial_Request', 'Customer']",1
L003923,Maria Singh,Meta Connectivity Labs,Semiconductor,North America,Automotive Ethernet,Event,"['MQL', 'IMS_Badge_Scan', 'DesignCon_Booth_Visit', 'Oscilloscope_Selector_Tool', 'Keysight_Workshop_RF_Testing', 'IMS_Badge_Scan', 'Keysight_University_Course', 'PathWave_Trial_Request', 'No_Conversion']",0
L003924,Sarah Garcia,Infineon GmbH,,,,Webinar,"['IMS_Badge_Scan', 'Keysight_University_Course', 'Whitepaper_Download_5G_Test', 'No_Conversion']",0
L003925,Michael Khan,Rayth_Tech,,Europe,,Event,"['Application_Engineer_Call', 'AutoSens_Tech_Talk', 'SQL', 'No_Conversion']",0
L003926,Ahmed Garcia,Sony,Aerospace,Europe,Automotive Ethernet,,['No_Conversion'],0
L003927,Daniel Chen,NXPSe_Tech,,Europe,PathWave Software,Sales Outreach,"['MQL', 'Opportunity', 'DesignCon_Booth_Visit', 'Lab_Integration_Discussion', 'Website_Product_Page', 'Opportunity', 'Oscilloscope_Selector_Tool', 'Lab_Integration_Discussion', 'No_Conversion']",0
L003928,Maria Johnson,Bosch_Tech,Aerospace,North America,Oscilloscopes,,['Customer'],1
L003929,Sarah Martinez,Infineon,Electronics,Europe,PathWave Software,Email Campaign,"['Keysight_University_Course', 'Website_Product_Page', 'SQL', 'Loaner_Unit_Evaluation', 'PathWave_Trial_Request', 'LinkedIn_Ad_Click', 'Opportunity', 'Keysight_Workshop_RF_Testing', 'Keysight_University_Course', 'Loaner_Unit_Evaluation', 'No_Conversion']",0
L003930,Hiroshi Chen,NXP Semiconductors GmbH,Electronics,Europe,,,['Customer'],1
L003931,Ravi Martinez,Sony_Tech,Telecom,LATAM,5G Testbeds,Website,"['Lab_Integration_Discussion', 'Keysight_Workshop_RF_Testing', 'IMS_Badge_Scan', 'DesignCon_Booth_Visit', 'Keysight_Workshop_RF_Testing', 'DesignCon_Booth_Visit', 'PathWave_Trial_Request', 'MQL', 'MQL', 'Customer']",1
L003932,Daniel Anders,Samsung Electronics GmbH,Telecom,Europe,,LinkedIn,"['MQL', 'Customer']",1
L003933,Daniel Patel,,Telecom,,Oscilloscopes,,"['Website_Product_Page', 'Whitepaper_Download_5G_Test', 'AutoSens_Tech_Talk', 'Customer']",1
L003934,Priya Lee,NXPSe_Tech,Telecom,North America,,,"['AutoSens_Tech_Talk', 'Loaner_Unit_Evaluation', 'Whitepaper_Download_5G_Test', 'Website_Product_Page', 'Website_Product_Page', 'Technical_Demo', 'Whitepaper_Download_5G_Test', 'Customer']",1
L003935,Kenji Lee,NXPSe_Tech,Semiconductor,,Automotive Ethernet,Event,"['Website_Product_Page', 'LinkedIn_Ad_Click', 'Lab_Integration_Discussion', 'No_Conversion']",0
L003936,Ravi Lee,Bosch GmbH,,APAC,Automotive Ethernet,Email Campaign,['Customer'],1
L003937,Hiroshi Singh,,Automotive,APAC,5G Testbeds,Event,"['MQL', 'Oscilloscope_Selector_Tool', 'Technical_Demo', 'Technical_Demo', 'Whitepaper_Download_5G_Test', 'Lab_Integration_Discussion', 'Application_Engineer_Call', 'Customer']",1
L003938,Laura Johnson,Raytheon GmbH,Electronics,Europe,PathWave Software,Website,"['Keysight_University_Course', 'Whitepaper_Download_5G_Test', 'Oscilloscope_Selector_Tool', 'Website_Product_Page', 'Loaner_Unit_Evaluation', 'Website_Product_Page', 'Technical_Demo', 'DesignCon_Booth_Visit', 'Lab_Integration_Discussion', 'Oscilloscope_Selector_Tool', 'No_Conversion']",0
L003939,Michael Johnson,Infin_Tech,Semiconductor,Europe,,Website,"['SQL', 'MQL', 'PathWave_Trial_Request', 'AutoSens_Tech_Talk', 'Loaner_Unit_Evaluation', 'Oscilloscope_Selector_Tool', 'Opportunity', 'DesignCon_Booth_Visit', 'Opportunity', 'No_Conversion']",0
L003940,Sarah Anders,Broadcom,Semiconductor,APAC,,Website,"['Technical_Demo', 'SQL', 'Lab_Integration_Discussion', 'Lab_Integration_Discussion', 'Technical_Demo', 'Whitepaper_Download_5G_Test', 'MQL', 'Lab_Integration_Discussion', 'Customer']",1
L003941,Kenji Tanaka,Broad_Tech,Automotive,Europe,,LinkedIn,"['Loaner_Unit_Evaluation', 'Oscilloscope_Selector_Tool', 'LinkedIn_Ad_Click', 'Lab_Integration_Discussion', 'Opportunity', 'LinkedIn_Ad_Click', 'No_Conversion']",0
L003942,Laura Garcia,MetaC_Tech,Aerospace,North America,Automotive Ethernet,Website,['No_Conversion'],0
L003943,Ravi Garcia,,Semiconductor,APAC,PathWave Software,LinkedIn,"['Application_Engineer_Call', 'IMS_Badge_Scan', 'Application_Engineer_Call', 'Oscilloscope_Selector_Tool', 'Customer']",1
L003944,Sofia Martinez,NXPSe_Tech,,APAC,Oscilloscopes,LinkedIn,"['AutoSens_Tech_Talk', 'Loaner_Unit_Evaluation', 'Loaner_Unit_Evaluation', 'Website_Product_Page', 'AutoSens_Tech_Talk', 'No_Conversion']",0
L003945,Ahmed Tanaka,Samsung Electronics,,Europe,Oscilloscopes,,"['MQL', 'Opportunity', 'MQL', 'Oscilloscope_Selector_Tool', 'Opportunity', 'Keysight_University_Course', 'Website_Product_Page', 'DesignCon_Booth_Visit', 'IMS_Badge_Scan', 'SQL', 'Customer']",1
L003946,Hiroshi Ito,Broadcom,Semiconductor,,Automotive Ethernet,Webinar,"['AutoSens_Tech_Talk', 'LinkedIn_Ad_Click', 'Oscilloscope_Selector_Tool', 'Oscilloscope_Selector_Tool', 'AutoSens_Tech_Talk', 'Loaner_Unit_Evaluation', 'PathWave_Trial_Request', 'Keysight_Workshop_RF_Testing', 'Opportunity', 'AutoSens_Tech_Talk', 'No_Conversion']",0
L003947,Sofia Johnson,Bosch,,LATAM,5G Testbeds,Website,"['Whitepaper_Download_5G_Test', 'Technical_Demo', 'Keysight_Workshop_RF_Testing', 'IMS_Badge_Scan', 'Whitepaper_Download_5G_Test', 'Loaner_Unit_Evaluation', 'Customer']",1
L003948,Maria Tanaka,Qualc_Tech,Semiconductor,APAC,Automotive Ethernet,LinkedIn,"['PathWave_Trial_Request', 'Website_Product_Page', 'Customer']",1
L003949,Kenji Garcia,Samsung Electronics,,North America,Oscilloscopes,LinkedIn,"['Loaner_Unit_Evaluation', 'Customer']",1
L003950,Laura Patel,,Automotive,Europe,,,"['PathWave_Trial_Request', 'IMS_Badge_Scan', 'PathWave_Trial_Request', 'Keysight_Workshop_RF_Testing', 'IMS_Badge_Scan', 'PathWave_Trial_Request', 'AutoSens_Tech_Talk', 'Lab_Integration_Discussion', 'No_Conversion']",0
L003951,Daniel Khan,Sony_Tech,,North America,,Email Campaign,"['Keysight_Workshop_RF_Testing', 'PathWave_Trial_Request', 'IMS_Badge_Scan', 'Website_Product_Page', 'Technical_Demo', 'DesignCon_Booth_Visit', 'Loaner_Unit_Evaluation', 'Application_Engineer_Call', 'No_Conversion']",0
L003952,Priya Martinez,Samsu_Tech,Automotive,LATAM,,Email Campaign,"['Loaner_Unit_Evaluation', 'Loaner_Unit_Evaluation', 'Technical_Demo', 'Opportunity', 'Application_Engineer_Call', 'MQL', 'Loaner_Unit_Evaluation', 'SQL', 'Website_Product_Page', 'Customer']",1
L003953,Sarah Patel,NXP Semiconductors GmbH,Automotive,LATAM,,Webinar,['Customer'],1
L003954,Laura Garcia,Infineon,,APAC,,,"['Application_Engineer_Call', 'Website_Product_Page', 'Oscilloscope_Selector_Tool', 'LinkedIn_Ad_Click', 'DesignCon_Booth_Visit', 'Oscilloscope_Selector_Tool', 'Keysight_Workshop_RF_Testing', 'Whitepaper_Download_5G_Test', 'No_Conversion']",0
L003955,Maria Khan,Bosch_Tech,,,Oscilloscopes,LinkedIn,"['MQL', 'Technical_Demo', 'Technical_Demo', 'Website_Product_Page', 'Lab_Integration_Discussion', 'AutoSens_Tech_Talk', 'No_Conversion']",0
L003956,Sarah Williams,Tesla Energy GmbH,Electronics,LATAM,,,"['Oscilloscope_Selector_Tool', 'LinkedIn_Ad_Click', 'SQL', 'SQL', 'LinkedIn_Ad_Click', 'Technical_Demo', 'PathWave_Trial_Request', 'No_Conversion']",0
L003957,Hiroshi Chen,MetaC_Tech,,LATAM,PathWave Software,Webinar,"['SQL', 'PathWave_Trial_Request', 'Opportunity', 'Application_Engineer_Call', 'IMS_Badge_Scan', 'Customer']",1
L003958,Maria Tanaka,Qualc_Tech,Automotive,APAC,PathWave Software,LinkedIn,"['Website_Product_Page', 'SQL', 'Opportunity', 'Oscilloscope_Selector_Tool', 'LinkedIn_Ad_Click', 'Keysight_University_Course', 'Opportunity', 'SQL', 'Keysight_Workshop_RF_Testing', 'Customer']",1
L003959,Michael Garcia,NXP Semiconductors GmbH,Aerospace,APAC,,,"['Application_Engineer_Call', 'Whitepaper_Download_5G_Test', 'Keysight_University_Course', 'Oscilloscope_Selector_Tool', 'AutoSens_Tech_Talk', 'Customer']",1
L003960,Kenji Johnson,,Semiconductor,APAC,,Sales Outreach,"['Loaner_Unit_Evaluation', 'No_Conversion']",0
L003961,Ahmed Patel,NXP Semiconductors GmbH,Aerospace,Europe,Automotive Ethernet,Event,"['Loaner_Unit_Evaluation', 'Customer']",1
L003962,Sarah Chen,Sony_Tech,,LATAM,5G Testbeds,Email Campaign,"['SQL', 'Oscilloscope_Selector_Tool', 'IMS_Badge_Scan', 'Application_Engineer_Call', 'Loaner_Unit_Evaluation', 'Application_Engineer_Call', 'PathWave_Trial_Request', 'Keysight_University_Course', 'Customer']",1
L003963,Ahmed Lee,Infin_Tech,,,5G Testbeds,Website,"['IMS_Badge_Scan', 'Application_Engineer_Call', 'No_Conversion']",0
L003964,Michael Martinez,,,Europe,,Email Campaign,"['PathWave_Trial_Request', 'Keysight_Workshop_RF_Testing', 'SQL', 'LinkedIn_Ad_Click', 'Loaner_Unit_Evaluation', 'No_Conversion']",0
L003965,Sarah Williams,Raytheon,,North America,PathWave Software,Email Campaign,"['Application_Engineer_Call', 'Oscilloscope_Selector_Tool', 'PathWave_Trial_Request', 'PathWave_Trial_Request', 'Whitepaper_Download_5G_Test', 'Customer']",1
L003966,Ahmed Khan,,Automotive,North America,Oscilloscopes,Email Campaign,"['Whitepaper_Download_5G_Test', 'Technical_Demo', 'Loaner_Unit_Evaluation', 'AutoSens_Tech_Talk', 'DesignCon_Booth_Visit', 'Keysight_Workshop_RF_Testing', 'Loaner_Unit_Evaluation', 'Customer']",1
L003967,Sarah Anders,MetaC_Tech,Automotive,North America,PathWave Software,Email Campaign,"['Application_Engineer_Call', 'MQL', 'IMS_Badge_Scan', 'IMS_Badge_Scan', 'Website_Product_Page', 'Lab_Integration_Discussion', 'Website_Product_Page', 'Customer']",1
L003968,,NXPSe_Tech,,APAC,,Website,"['Keysight_University_Course', 'SQL', 'LinkedIn_Ad_Click', 'Technical_Demo', 'Opportunity', 'No_Conversion']",0
L003969,Ahmed Chen,Sony,Automotive,Europe,5G Testbeds,Event,"['PathWave_Trial_Request', 'Oscilloscope_Selector_Tool', 'PathWave_Trial_Request', 'No_Conversion']",0
L003970,Maria Lee,,,APAC,PathWave Software,Email Campaign,"['PathWave_Trial_Request', 'Loaner_Unit_Evaluation', 'Customer']",1
L003971,Ahmed Ito,Sony GmbH,Electronics,,,Email Campaign,['No_Conversion'],0
L003972,Sofia Martinez,Bosch GmbH,Telecom,North America,,Email Campaign,"['Whitepaper_Download_5G_Test', 'AutoSens_Tech_Talk', 'Lab_Integration_Discussion', 'Customer']",1
L003973,Ravi Tanaka,Raytheon GmbH,Semiconductor,Europe,Automotive Ethernet,Event,"['Lab_Integration_Discussion', 'LinkedIn_Ad_Click', 'Opportunity', 'Customer']",1
L003974,Laura Garcia,,Automotive,North America,PathWave Software,LinkedIn,"['Opportunity', 'IMS_Badge_Scan', 'Keysight_Workshop_RF_Testing', 'IMS_Badge_Scan', 'Loaner_Unit_Evaluation', 'No_Conversion']",0
L003975,Hiroshi Johnson,NXP Semiconductors,Telecom,APAC,PathWave Software,Webinar,"['AutoSens_Tech_Talk', 'Website_Product_Page', 'Loaner_Unit_Evaluation', 'Technical_Demo', 'Whitepaper_Download_5G_Test', 'No_Conversion']",0
L003976,Ravi Anders,Samsung Electronics GmbH,,,Oscilloscopes,LinkedIn,"['Technical_Demo', 'Customer']",1
L003977,Chen Tanaka,,Automotive,,Oscilloscopes,Sales Outreach,"['Loaner_Unit_Evaluation', 'Keysight_Workshop_RF_Testing', 'Website_Product_Page', 'AutoSens_Tech_Talk', 'Oscilloscope_Selector_Tool', 'Opportunity', 'Application_Engineer_Call', 'Customer']",1
L003978,Chen Chen,Bosch_Tech,Telecom,,,Event,"['Technical_Demo', 'No_Conversion']",0
L003979,Ravi Williams,Bosch,Semiconductor,APAC,,,['Customer'],1
L003980,Michael Khan,Meta Connectivity Labs,Electronics,APAC,,Website,"['Application_Engineer_Call', 'IMS_Badge_Scan', 'SQL', 'SQL', 'MQL', 'Whitepaper_Download_5G_Test', 'Whitepaper_Download_5G_Test', 'Keysight_University_Course', 'Whitepaper_Download_5G_Test', 'SQL', 'No_Conversion']",0
L003981,Priya Tanaka,Broadcom GmbH,,APAC,5G Testbeds,Event,"['LinkedIn_Ad_Click', 'Customer']",1
L003982,Maria Williams,,Telecom,,Automotive Ethernet,Sales Outreach,"['Website_Product_Page', 'Customer']",1
L003983,Hiroshi Williams,Tesla Energy GmbH,Aerospace,North America,,Website,"['Keysight_University_Course', 'PathWave_Trial_Request', 'Technical_Demo', 'No_Conversion']",0
L003984,Priya Lee,,Semiconductor,North America,Automotive Ethernet,,"['SQL', 'Website_Product_Page', 'Oscilloscope_Selector_Tool', 'AutoSens_Tech_Talk', 'AutoSens_Tech_Talk', 'Technical_Demo', 'Technical_Demo', 'AutoSens_Tech_Talk', 'Lab_Integration_Discussion', 'Customer']",1
L003985,Chen Johnson,,,,,Webinar,"['LinkedIn_Ad_Click', 'No_Conversion']",0
L003986,Laura Anders,Sony_Tech,Aerospace,APAC,,,"['Opportunity', 'IMS_Badge_Scan', 'IMS_Badge_Scan', 'DesignCon_Booth_Visit', 'Loaner_Unit_Evaluation', 'LinkedIn_Ad_Click', 'Keysight_University_Course', 'Oscilloscope_Selector_Tool', 'SQL', 'Keysight_University_Course', 'Customer']",1
L003987,Priya Singh,Tesla Energy GmbH,Telecom,Europe,Oscilloscopes,Website,['Customer'],1
L003988,Sofia Martinez,Qualc_Tech,Electronics,APAC,PathWave Software,Webinar,"['Technical_Demo', 'SQL', 'Technical_Demo', 'No_Conversion']",0
L003989,Maria Tanaka,Bosch GmbH,,APAC,5G Testbeds,Webinar,"['Keysight_Workshop_RF_Testing', 'IMS_Badge_Scan', 'IMS_Badge_Scan', 'Whitepaper_Download_5G_Test', 'Keysight_University_Course', 'Lab_Integration_Discussion', 'Keysight_Workshop_RF_Testing', 'No_Conversion']",0
L003990,Kenji Anders,Qualc_Tech,,APAC,PathWave Software,Email Campaign,"['MQL', 'DesignCon_Booth_Visit', 'Loaner_Unit_Evaluation', 'Keysight_Workshop_RF_Testing', 'LinkedIn_Ad_Click', 'Lab_Integration_Discussion', 'PathWave_Trial_Request', 'No_Conversion']",0
L003991,Laura Ito,Infineon,Electronics,North America,5G Testbeds,Sales Outreach,"['Keysight_University_Course', 'Website_Product_Page', 'Keysight_University_Course', 'Whitepaper_Download_5G_Test', 'No_Conversion']",0
L003992,,Sony GmbH,,APAC,,,"['Technical_Demo', 'SQL', 'PathWave_Trial_Request', 'Technical_Demo', 'Keysight_Workshop_RF_Testing', 'Keysight_University_Course', 'No_Conversion']",0
L003993,Maria Williams,Infineon GmbH,Automotive,LATAM,5G Testbeds,Website,"['Opportunity', 'Application_Engineer_Call', 'No_Conversion']",0
L003994,Hiroshi Chen,NXP Semiconductors GmbH,Electronics,APAC,,LinkedIn,"['Technical_Demo', 'DesignCon_Booth_Visit', 'PathWave_Trial_Request', 'MQL', 'DesignCon_Booth_Visit', 'Lab_Integration_Discussion', 'Application_Engineer_Call', 'Customer']",1
L003995,Laura Lee,NXPSe_Tech,Aerospace,,PathWave Software,Email Campaign,"['Oscilloscope_Selector_Tool', 'Website_Product_Page', 'PathWave_Trial_Request', 'PathWave_Trial_Request', 'SQL', 'IMS_Badge_Scan', 'Customer']",1
L003996,,,,APAC,,LinkedIn,"['PathWave_Trial_Request', 'PathWave_Trial_Request', 'Loaner_Unit_Evaluation', 'No_Conversion']",0
L003997,Ravi Khan,Raytheon GmbH,Automotive,Europe,,,"['Keysight_University_Course', 'Application_Engineer_Call', 'DesignCon_Booth_Visit', 'Website_Product_Page', 'Oscilloscope_Selector_Tool', 'Keysight_Workshop_RF_Testing', 'Loaner_Unit_Evaluation', 'No_Conversion']",0
L003998,,,Automotive,,,Webinar,"['Keysight_University_Course', 'Keysight_Workshop_RF_Testing', 'Lab_Integration_Discussion', 'Keysight_University_Course', 'Customer']",1
L003999,Priya Khan,,Electronics,North America,,Website,"['AutoSens_Tech_Talk', 'SQL', 'AutoSens_Tech_Talk', 'IMS_Badge_Scan', 'MQL', 'Customer']",1
L004000,Priya Patel,Raytheon,,North America,Automotive Ethernet,Webinar,"['Keysight_Workshop_RF_Testing', 'Oscilloscope_Selector_Tool', 'AutoSens_Tech_Talk', 'Customer']",1
L004001,Sarah Ito,NXP Semiconductors GmbH,Telecom,,,Website,"['Lab_Integration_Discussion', 'Website_Product_Page', 'SQL', 'Loaner_Unit_Evaluation', 'PathWave_Trial_Request', 'Customer']",1
L004002,Kenji Chen,Qualcomm GmbH,Aerospace,Europe,,Event,"['Whitepaper_Download_5G_Test', 'SQL', 'Website_Product_Page', 'LinkedIn_Ad_Click', 'Loaner_Unit_Evaluation', 'Application_Engineer_Call', 'No_Conversion']",0
L004003,Ravi Singh,NXPSe_Tech,,APAC,PathWave Software,Website,"['LinkedIn_Ad_Click', 'Keysight_Workshop_RF_Testing', 'Customer']",1
L004004,Sofia Garcia,,Aerospace,,,Sales Outreach,"['Keysight_Workshop_RF_Testing', 'Keysight_Workshop_RF_Testing', 'Loaner_Unit_Evaluation', 'DesignCon_Booth_Visit', 'PathWave_Trial_Request', 'IMS_Badge_Scan', 'Customer']",1
L004005,Kenji Khan,Broad_Tech,,LATAM,5G Testbeds,Webinar,['No_Conversion'],0
L004006,Kenji Tanaka,Broad_Tech,Aerospace,Europe,Oscilloscopes,LinkedIn,['Customer'],1
L004007,Ravi Khan,Raytheon,,LATAM,,Sales Outreach,"['Opportunity', 'Technical_Demo', 'IMS_Badge_Scan', 'Lab_Integration_Discussion', 'Technical_Demo', 'LinkedIn_Ad_Click', 'Keysight_Workshop_RF_Testing', 'Keysight_University_Course', 'Lab_Integration_Discussion', 'No_Conversion']",0
L004008,Maria Tanaka,Sony_Tech,Electronics,Europe,PathWave Software,Event,"['Oscilloscope_Selector_Tool', 'Customer']",1
L004009,Laura Lee,Raytheon,Semiconductor,,,Email Campaign,"['Loaner_Unit_Evaluation', 'PathWave_Trial_Request', 'Website_Product_Page', 'MQL', 'LinkedIn_Ad_Click', 'No_Conversion']",0
L004010,Michael Anders,Bosch_Tech,Electronics,Europe,Oscilloscopes,Email Campaign,"['SQL', 'Website_Product_Page', 'Keysight_Workshop_RF_Testing', 'Customer']",1
L004011,Laura Garcia,Infineon,Semiconductor,APAC,Oscilloscopes,Sales Outreach,"['Keysight_Workshop_RF_Testing', 'PathWave_Trial_Request', 'No_Conversion']",0
L004012,Ravi Lee,Tesla Energy,,North America,PathWave Software,Website,"['Oscilloscope_Selector_Tool', 'AutoSens_Tech_Talk', 'AutoSens_Tech_Talk', 'No_Conversion']",0
L004013,Daniel Singh,Tesla Energy,Automotive,Europe,PathWave Software,Website,"['Technical_Demo', 'SQL', 'DesignCon_Booth_Visit', 'Oscilloscope_Selector_Tool', 'Whitepaper_Download_5G_Test', 'No_Conversion']",0
L004014,Ravi Ito,Qualcomm,,,PathWave Software,Sales Outreach,"['Keysight_Workshop_RF_Testing', 'Customer']",1
L004015,Laura Johnson,Meta Connectivity Labs,,,,Webinar,"['AutoSens_Tech_Talk', 'Loaner_Unit_Evaluation', 'Keysight_Workshop_RF_Testing', 'Opportunity', 'PathWave_Trial_Request', 'Customer']",1
L004016,Ravi Williams,Samsung Electronics GmbH,Telecom,,Automotive Ethernet,Sales Outreach,['Customer'],1
L004017,Ravi Lee,Rayth_Tech,,Europe,,Sales Outreach,"['SQL', 'Lab_Integration_Discussion', 'Whitepaper_Download_5G_Test', 'Keysight_Workshop_RF_Testing', 'Keysight_University_Course', 'Customer']",1
L004018,Maria Chen,Infineon GmbH,,North America,Oscilloscopes,LinkedIn,['No_Conversion'],0
L004019,Kenji Anders,,Automotive,,,Sales Outreach,"['Application_Engineer_Call', 'Loaner_Unit_Evaluation', 'Keysight_Workshop_RF_Testing', 'AutoSens_Tech_Talk', 'Customer']",1
L004020,Ahmed Garcia,Infin_Tech,Electronics,Europe,PathWave Software,Webinar,"['Keysight_University_Course', 'IMS_Badge_Scan', 'Application_Engineer_Call', 'Lab_Integration_Discussion', 'PathWave_Trial_Request', 'Customer']",1
L004021,Maria Williams,Meta Connectivity Labs,,APAC,,Website,"['Whitepaper_Download_5G_Test', 'No_Conversion']",0
L004022,Maria Martinez,Meta Connectivity Labs GmbH,Automotive,North America,,Website,"['MQL', 'PathWave_Trial_Request', 'Lab_Integration_Discussion', 'SQL', 'DesignCon_Booth_Visit', 'DesignCon_Booth_Visit', 'Loaner_Unit_Evaluation', 'Opportunity', 'LinkedIn_Ad_Click', 'No_Conversion']",0
L004023,Kenji Garcia,,Semiconductor,,Oscilloscopes,Sales Outreach,['No_Conversion'],0
L004024,Kenji Williams,Sony GmbH,Semiconductor,,Oscilloscopes,Sales Outreach,"['Lab_Integration_Discussion', 'Lab_Integration_Discussion', 'LinkedIn_Ad_Click', 'Oscilloscope_Selector_Tool', 'DesignCon_Booth_Visit', 'SQL', 'No_Conversion']",0
L004025,Ravi Patel,Bosch,Telecom,,5G Testbeds,Webinar,"['Whitepaper_Download_5G_Test', 'Loaner_Unit_Evaluation', 'Opportunity', 'LinkedIn_Ad_Click', 'Customer']",1
L004026,Priya Tanaka,Meta Connectivity Labs GmbH,Telecom,,,LinkedIn,"['Whitepaper_Download_5G_Test', 'SQL', 'Keysight_Workshop_RF_Testing', 'Website_Product_Page', 'Keysight_Workshop_RF_Testing', 'Customer']",1
L004027,,,,,5G Testbeds,Sales Outreach,"['AutoSens_Tech_Talk', 'Keysight_University_Course', 'DesignCon_Booth_Visit', 'Lab_Integration_Discussion', 'Whitepaper_Download_5G_Test', 'Application_Engineer_Call', 'Lab_Integration_Discussion', 'MQL', 'No_Conversion']",0
L004028,Sofia Williams,Tesla Energy,Semiconductor,,,,"['MQL', 'Whitepaper_Download_5G_Test', 'Oscilloscope_Selector_Tool', 'No_Conversion']",0
L004029,Daniel Garcia,Bosch,Automotive,Europe,PathWave Software,LinkedIn,"['LinkedIn_Ad_Click', 'Application_Engineer_Call', 'Customer']",1
L004030,Ravi Anders,NXP Semiconductors,Aerospace,APAC,,LinkedIn,"['MQL', 'MQL', 'Lab_Integration_Discussion', 'Technical_Demo', 'Loaner_Unit_Evaluation', 'DesignCon_Booth_Visit', 'Keysight_University_Course', 'Application_Engineer_Call', 'DesignCon_Booth_Visit', 'DesignCon_Booth_Visit', 'Customer']",1
L004031,Michael Tanaka,Raytheon,Automotive,APAC,,LinkedIn,"['Oscilloscope_Selector_Tool', 'Customer']",1
L004032,Hiroshi Chen,Samsu_Tech,Aerospace,,PathWave Software,Event,"['DesignCon_Booth_Visit', 'Whitepaper_Download_5G_Test', 'Oscilloscope_Selector_Tool', 'Oscilloscope_Selector_Tool', 'Website_Product_Page', 'Customer']",1
L004033,Kenji Garcia,,Semiconductor,,Oscilloscopes,Email Campaign,"['Website_Product_Page', 'Loaner_Unit_Evaluation', 'Application_Engineer_Call', 'MQL', 'Customer']",1
L004034,Daniel Singh,Qualcomm,Aerospace,Europe,Oscilloscopes,Website,"['Application_Engineer_Call', 'LinkedIn_Ad_Click', 'PathWave_Trial_Request', 'DesignCon_Booth_Visit', 'DesignCon_Booth_Visit', 'Keysight_Workshop_RF_Testing', 'SQL', 'AutoSens_Tech_Talk', 'No_Conversion']",0
L004035,,Meta Connectivity Labs,Electronics,,5G Testbeds,Sales Outreach,"['DesignCon_Booth_Visit', 'Lab_Integration_Discussion', 'MQL', 'Website_Product_Page', 'Whitepaper_Download_5G_Test', 'No_Conversion']",0
L004036,Priya Martinez,Broadcom,Aerospace,Europe,PathWave Software,Website,['No_Conversion'],0
L004037,Kenji Tanaka,Bosch_Tech,Semiconductor,Europe,,Webinar,"['Oscilloscope_Selector_Tool', 'SQL', 'No_Conversion']",0
L004038,Hiroshi Singh,Qualcomm GmbH,Aerospace,North America,,Webinar,"['Application_Engineer_Call', 'Website_Product_Page', 'MQL', 'Application_Engineer_Call', 'Lab_Integration_Discussion', 'PathWave_Trial_Request', 'Customer']",1
L004039,Ravi Johnson,Broad_Tech,,North America,,LinkedIn,"['Opportunity', 'SQL', 'Keysight_University_Course', 'Opportunity', 'IMS_Badge_Scan', 'Customer']",1
L004040,Laura Garcia,,Telecom,APAC,5G Testbeds,Email Campaign,"['Lab_Integration_Discussion', 'LinkedIn_Ad_Click', 'Application_Engineer_Call', 'Oscilloscope_Selector_Tool', 'No_Conversion']",0
L004041,Hiroshi Ito,Samsung Electronics,Aerospace,,,Website,"['Technical_Demo', 'No_Conversion']",0
L004042,Daniel Johnson,Raytheon,Aerospace,,Oscilloscopes,Website,"['Website_Product_Page', 'MQL', 'Technical_Demo', 'Opportunity', 'IMS_Badge_Scan', 'Loaner_Unit_Evaluation', 'Website_Product_Page', 'Customer']",1
L004043,Maria Singh,Infineon,Semiconductor,,Oscilloscopes,Sales Outreach,"['AutoSens_Tech_Talk', 'Loaner_Unit_Evaluation', 'Customer']",1
L004044,Ahmed Chen,Sony,,,PathWave Software,Sales Outreach,"['Website_Product_Page', 'SQL', 'Lab_Integration_Discussion', 'MQL', 'AutoSens_Tech_Talk', 'Website_Product_Page', 'Customer']",1
L004045,Maria Tanaka,Raytheon,Telecom,LATAM,Oscilloscopes,Website,"['LinkedIn_Ad_Click', 'PathWave_Trial_Request', 'No_Conversion']",0
L004046,Ahmed Lee,,Aerospace,LATAM,Oscilloscopes,Webinar,"['AutoSens_Tech_Talk', 'Technical_Demo', 'Keysight_University_Course', 'Keysight_Workshop_RF_Testing', 'Loaner_Unit_Evaluation', 'MQL', 'Customer']",1
L004047,,Qualcomm GmbH,,North America,Oscilloscopes,Sales Outreach,['No_Conversion'],0
L004048,,Tesla Energy GmbH,Electronics,,,Event,"['PathWave_Trial_Request', 'Customer']",1
L004049,Sarah Singh,Broadcom GmbH,Aerospace,APAC,Automotive Ethernet,Webinar,"['AutoSens_Tech_Talk', 'No_Conversion']",0
L004050,Chen Williams,Tesla Energy GmbH,Telecom,North America,Oscilloscopes,,"['Opportunity', 'DesignCon_Booth_Visit', 'Whitepaper_Download_5G_Test', 'No_Conversion']",0
L004051,Laura Khan,Samsung Electronics GmbH,Electronics,,5G Testbeds,Email Campaign,"['DesignCon_Booth_Visit', 'PathWave_Trial_Request', 'DesignCon_Booth_Visit', 'Whitepaper_Download_5G_Test', 'Keysight_Workshop_RF_Testing', 'IMS_Badge_Scan', 'AutoSens_Tech_Talk', 'Customer']",1
L004052,Daniel Williams,Broad_Tech,Semiconductor,APAC,PathWave Software,Webinar,['No_Conversion'],0
L004053,Chen Chen,Bosch_Tech,Electronics,,Oscilloscopes,LinkedIn,"['Opportunity', 'AutoSens_Tech_Talk', 'SQL', 'Keysight_Workshop_RF_Testing', 'Customer']",1
L004054,Michael Ito,Broadcom GmbH,Aerospace,North America,5G Testbeds,Event,"['Technical_Demo', 'Customer']",1
L004055,Sarah Williams,,Aerospace,Europe,5G Testbeds,Website,"['Keysight_University_Course', 'Customer']",1
L004056,Michael Martinez,Tesla Energy,Automotive,APAC,5G Testbeds,,"['Keysight_Workshop_RF_Testing', 'Keysight_Workshop_RF_Testing', 'Website_Product_Page', 'Keysight_Workshop_RF_Testing', 'No_Conversion']",0
L004057,Sofia Williams,Sony_Tech,,Europe,5G Testbeds,Sales Outreach,"['Keysight_University_Course', 'Opportunity', 'AutoSens_Tech_Talk', 'AutoSens_Tech_Talk', 'PathWave_Trial_Request', 'AutoSens_Tech_Talk', 'Application_Engineer_Call', 'PathWave_Trial_Request', 'Loaner_Unit_Evaluation', 'PathWave_Trial_Request', 'Customer']",1
L004058,Maria Tanaka,Meta Connectivity Labs,Telecom,APAC,Oscilloscopes,Email Campaign,"['IMS_Badge_Scan', 'MQL', 'DesignCon_Booth_Visit', 'PathWave_Trial_Request', 'LinkedIn_Ad_Click', 'Application_Engineer_Call', 'Website_Product_Page', 'DesignCon_Booth_Visit', 'Customer']",1
L004059,Hiroshi Ito,Raytheon,Electronics,LATAM,,Sales Outreach,"['Technical_Demo', 'Whitepaper_Download_5G_Test', 'Customer']",1
L004060,Maria Tanaka,Broad_Tech,Electronics,APAC,,Webinar,"['Keysight_Workshop_RF_Testing', 'LinkedIn_Ad_Click', 'AutoSens_Tech_Talk', 'Keysight_Workshop_RF_Testing', 'PathWave_Trial_Request', 'AutoSens_Tech_Talk', 'Oscilloscope_Selector_Tool', 'Oscilloscope_Selector_Tool', 'No_Conversion']",0
L004061,Kenji Garcia,Bosch,,LATAM,Automotive Ethernet,,"['AutoSens_Tech_Talk', 'Technical_Demo', 'Keysight_Workshop_RF_Testing', 'Loaner_Unit_Evaluation', 'PathWave_Trial_Request', 'Customer']",1
L004062,,Rayth_Tech,Aerospace,LATAM,,Website,"['PathWave_Trial_Request', 'Keysight_University_Course', 'Oscilloscope_Selector_Tool', 'Application_Engineer_Call', 'Website_Product_Page', 'Keysight_University_Course', 'DesignCon_Booth_Visit', 'No_Conversion']",0
L004063,Sarah Ito,Raytheon,Aerospace,APAC,PathWave Software,Email Campaign,"['PathWave_Trial_Request', 'Opportunity', 'Lab_Integration_Discussion', 'Customer']",1
L004064,Sofia Lee,Bosch_Tech,Telecom,North America,5G Testbeds,Sales Outreach,"['IMS_Badge_Scan', 'No_Conversion']",0
L004065,Ahmed Johnson,Rayth_Tech,Semiconductor,,,Email Campaign,"['Whitepaper_Download_5G_Test', 'LinkedIn_Ad_Click', 'LinkedIn_Ad_Click', 'Lab_Integration_Discussion', 'Keysight_University_Course', 'LinkedIn_Ad_Click', 'Customer']",1
L004066,Hiroshi Tanaka,Raytheon,Electronics,,,Website,"['Loaner_Unit_Evaluation', 'IMS_Badge_Scan', 'Application_Engineer_Call', 'IMS_Badge_Scan', 'Technical_Demo', 'DesignCon_Booth_Visit', 'DesignCon_Booth_Visit', 'IMS_Badge_Scan', 'SQL', 'No_Conversion']",0
L004067,Priya Martinez,,Aerospace,LATAM,,LinkedIn,"['Opportunity', 'Website_Product_Page', 'AutoSens_Tech_Talk', 'Keysight_University_Course', 'DesignCon_Booth_Visit', 'Opportunity', 'No_Conversion']",0
L004068,Ahmed Patel,,,North America,Oscilloscopes,LinkedIn,"['Opportunity', 'Whitepaper_Download_5G_Test', 'AutoSens_Tech_Talk', 'AutoSens_Tech_Talk', 'Loaner_Unit_Evaluation', 'PathWave_Trial_Request', 'Oscilloscope_Selector_Tool', 'No_Conversion']",0
L004069,Maria Lee,NXP Semiconductors GmbH,Telecom,,,Webinar,"['IMS_Badge_Scan', 'Whitepaper_Download_5G_Test', 'No_Conversion']",0
L004070,Chen Chen,,,Europe,PathWave Software,Event,"['Keysight_University_Course', 'Keysight_Workshop_RF_Testing', 'MQL', 'AutoSens_Tech_Talk', 'LinkedIn_Ad_Click', 'IMS_Badge_Scan', 'SQL', 'Oscilloscope_Selector_Tool', 'AutoSens_Tech_Talk', 'Keysight_Workshop_RF_Testing', 'No_Conversion']",0
L004071,Chen Martinez,Sony,,Europe,5G Testbeds,LinkedIn,"['Whitepaper_Download_5G_Test', 'No_Conversion']",0
L004072,Ahmed Anders,MetaC_Tech,,North America,,Website,"['Opportunity', 'No_Conversion']",0
L004073,Sarah Ito,Bosch GmbH,,APAC,,LinkedIn,['Customer'],1
L004074,Priya Martinez,Raytheon GmbH,,North America,PathWave Software,Website,"['DesignCon_Booth_Visit', 'Keysight_Workshop_RF_Testing', 'Keysight_University_Course', 'PathWave_Trial_Request', 'Opportunity', 'Opportunity', 'LinkedIn_Ad_Click', 'Lab_Integration_Discussion', 'SQL', 'Keysight_University_Course', 'No_Conversion']",0
L004075,Ravi Lee,MetaC_Tech,Semiconductor,,,Sales Outreach,"['Website_Product_Page', 'Keysight_Workshop_RF_Testing', 'LinkedIn_Ad_Click', 'SQL', 'No_Conversion']",0
L004076,Sofia Singh,,Aerospace,North America,,Website,"['Application_Engineer_Call', 'SQL', 'PathWave_Trial_Request', 'Oscilloscope_Selector_Tool', 'PathWave_Trial_Request', 'AutoSens_Tech_Talk', 'Lab_Integration_Discussion', 'Oscilloscope_Selector_Tool', 'No_Conversion']",0
L004077,Chen Martinez,NXP Semiconductors GmbH,Automotive,North America,Automotive Ethernet,Event,"['Technical_Demo', 'AutoSens_Tech_Talk', 'Whitepaper_Download_5G_Test', 'No_Conversion']",0
L004078,Sarah Lee,Broadcom,Aerospace,North America,5G Testbeds,Email Campaign,"['IMS_Badge_Scan', 'IMS_Badge_Scan', 'IMS_Badge_Scan', 'Opportunity', 'Keysight_University_Course', 'Technical_Demo', 'Keysight_Workshop_RF_Testing', 'PathWave_Trial_Request', 'PathWave_Trial_Request', 'No_Conversion']",0
L004079,Sarah Martinez,Bosch GmbH,Electronics,LATAM,,LinkedIn,"['Whitepaper_Download_5G_Test', 'No_Conversion']",0
L004080,Daniel Martinez,Samsung Electronics,Telecom,APAC,,Sales Outreach,['No_Conversion'],0
L004081,Maria Williams,Qualc_Tech,Telecom,,PathWave Software,Website,"['Keysight_University_Course', 'Whitepaper_Download_5G_Test', 'MQL', 'IMS_Badge_Scan', 'No_Conversion']",0
L004082,Priya Williams,,Semiconductor,North America,,Event,"['Opportunity', 'SQL', 'Oscilloscope_Selector_Tool', 'Keysight_University_Course', 'DesignCon_Booth_Visit', 'DesignCon_Booth_Visit', 'Application_Engineer_Call', 'Customer']",1
L004083,Sarah Tanaka,,Automotive,North America,Automotive Ethernet,,['No_Conversion'],0
L004084,Priya Tanaka,Broadcom GmbH,,LATAM,,LinkedIn,"['Keysight_University_Course', 'PathWave_Trial_Request', 'AutoSens_Tech_Talk', 'Oscilloscope_Selector_Tool', 'Keysight_Workshop_RF_Testing', 'Keysight_Workshop_RF_Testing', 'No_Conversion']",0
L004085,Michael Martinez,NXPSe_Tech,Telecom,LATAM,PathWave Software,Event,"['Keysight_Workshop_RF_Testing', 'AutoSens_Tech_Talk', 'Keysight_Workshop_RF_Testing', 'Keysight_Workshop_RF_Testing', 'Keysight_Workshop_RF_Testing', 'Keysight_University_Course', 'No_Conversion']",0
L004086,Michael Khan,Rayth_Tech,,North America,Automotive Ethernet,Event,"['AutoSens_Tech_Talk', 'Oscilloscope_Selector_Tool', 'SQL', 'No_Conversion']",0
L004087,Hiroshi Singh,Qualc_Tech,,APAC,Automotive Ethernet,Website,"['Keysight_University_Course', 'Application_Engineer_Call', 'Whitepaper_Download_5G_Test', 'Website_Product_Page', 'Keysight_Workshop_RF_Testing', 'Customer']",1
L004088,Ravi Williams,,Telecom,APAC,,Sales Outreach,"['Loaner_Unit_Evaluation', 'Whitepaper_Download_5G_Test', 'Customer']",1
L004089,Ravi Tanaka,Broadcom,,,Oscilloscopes,LinkedIn,"['Website_Product_Page', 'IMS_Badge_Scan', 'No_Conversion']",0
L004090,Sofia Ito,Bosch GmbH,,North America,,Event,"['LinkedIn_Ad_Click', 'Website_Product_Page', 'Loaner_Unit_Evaluation', 'DesignCon_Booth_Visit', 'Customer']",1
L004091,Priya Garcia,Sony GmbH,Automotive,,5G Testbeds,Website,"['Loaner_Unit_Evaluation', 'Technical_Demo', 'No_Conversion']",0
L004092,,,,Europe,PathWave Software,LinkedIn,"['Whitepaper_Download_5G_Test', 'Oscilloscope_Selector_Tool', 'PathWave_Trial_Request', 'DesignCon_Booth_Visit', 'Lab_Integration_Discussion', 'Customer']",1
L004093,Sofia Garcia,Sony,Semiconductor,,,,"['Opportunity', 'Keysight_University_Course', 'SQL', 'Loaner_Unit_Evaluation', 'Customer']",1
L004094,Michael Ito,,Aerospace,,PathWave Software,Email Campaign,"['Keysight_University_Course', 'Opportunity', 'Oscilloscope_Selector_Tool', 'IMS_Badge_Scan', 'PathWave_Trial_Request', 'Keysight_University_Course', 'LinkedIn_Ad_Click', 'Customer']",1
L004095,Daniel Anders,Tesla Energy,Aerospace,Europe,PathWave Software,Website,"['Oscilloscope_Selector_Tool', 'Opportunity', 'Customer']",1
L004096,Priya Chen,,,North America,,,"['Opportunity', 'MQL', 'MQL', 'Keysight_Workshop_RF_Testing', 'Keysight_Workshop_RF_Testing', 'IMS_Badge_Scan', 'SQL', 'Customer']",1
L004097,Michael Chen,Qualcomm GmbH,,LATAM,5G Testbeds,Email Campaign,"['LinkedIn_Ad_Click', 'Oscilloscope_Selector_Tool', 'LinkedIn_Ad_Click', 'PathWave_Trial_Request', 'Keysight_Workshop_RF_Testing', 'MQL', 'Website_Product_Page', 'Oscilloscope_Selector_Tool', 'Technical_Demo', 'MQL', 'No_Conversion']",0
L004098,Daniel Khan,Infineon,Electronics,Europe,Automotive Ethernet,Website,"['LinkedIn_Ad_Click', 'Technical_Demo', 'No_Conversion']",0
L004099,Laura Williams,Samsung Electronics GmbH,Semiconductor,Europe,Automotive Ethernet,Webinar,"['SQL', 'MQL', 'Loaner_Unit_Evaluation', 'Technical_Demo', 'IMS_Badge_Scan', 'Technical_Demo', 'Website_Product_Page', 'DesignCon_Booth_Visit', 'Customer']",1
L004100,Hiroshi Anders,Bosch,,Europe,Automotive Ethernet,Email Campaign,"['Opportunity', 'Whitepaper_Download_5G_Test', 'Oscilloscope_Selector_Tool', 'No_Conversion']",0
L004101,Michael Johnson,Samsung Electronics,Semiconductor,LATAM,,Webinar,"['Loaner_Unit_Evaluation', 'LinkedIn_Ad_Click', 'Technical_Demo', 'Technical_Demo', 'Website_Product_Page', 'No_Conversion']",0
L004102,Priya Tanaka,Samsung Electronics GmbH,Semiconductor,APAC,,Sales Outreach,"['Keysight_University_Course', 'Application_Engineer_Call', 'MQL', 'Loaner_Unit_Evaluation', 'Customer']",1
L004103,,,Telecom,North America,,LinkedIn,"['Opportunity', 'DesignCon_Booth_Visit', 'Whitepaper_Download_5G_Test', 'Lab_Integration_Discussion', 'Application_Engineer_Call', 'LinkedIn_Ad_Click', 'Loaner_Unit_Evaluation', 'Application_Engineer_Call', 'No_Conversion']",0
L004104,Hiroshi Patel,Meta Connectivity Labs GmbH,Automotive,,PathWave Software,Email Campaign,"['Opportunity', 'SQL', 'SQL', 'Customer']",1
L004105,,,,,,Sales Outreach,"['Technical_Demo', 'MQL', 'AutoSens_Tech_Talk', 'IMS_Badge_Scan', 'IMS_Badge_Scan', 'No_Conversion']",0
L004106,Chen Lee,,Telecom,LATAM,Oscilloscopes,LinkedIn,"['MQL', 'MQL', 'MQL', 'Customer']",1
L004107,Sarah Khan,MetaC_Tech,Aerospace,Europe,,Email Campaign,"['DesignCon_Booth_Visit', 'PathWave_Trial_Request', 'LinkedIn_Ad_Click', 'Keysight_University_Course', 'AutoSens_Tech_Talk', 'Keysight_University_Course', 'No_Conversion']",0
L004108,Ahmed Anders,Bosch_Tech,Electronics,Europe,Automotive Ethernet,Website,"['DesignCon_Booth_Visit', 'Application_Engineer_Call', 'Customer']",1
L004109,Priya Anders,Meta Connectivity Labs,Aerospace,Europe,PathWave Software,,"['Website_Product_Page', 'Keysight_University_Course', 'AutoSens_Tech_Talk', 'Whitepaper_Download_5G_Test', 'Application_Engineer_Call', 'Loaner_Unit_Evaluation', 'IMS_Badge_Scan', 'Technical_Demo', 'Application_Engineer_Call', 'Customer']",1
L004110,Sofia Anders,,Semiconductor,North America,PathWave Software,Webinar,"['SQL', 'Whitepaper_Download_5G_Test', 'IMS_Badge_Scan', 'AutoSens_Tech_Talk', 'Keysight_Workshop_RF_Testing', 'DesignCon_Booth_Visit', 'Opportunity', 'IMS_Badge_Scan', 'Customer']",1
L004111,Michael Lee,NXP Semiconductors GmbH,,North America,,Webinar,"['IMS_Badge_Scan', 'No_Conversion']",0
L004112,Michael Khan,Broad_Tech,Telecom,Europe,,LinkedIn,"['Whitepaper_Download_5G_Test', 'LinkedIn_Ad_Click', 'DesignCon_Booth_Visit', 'Customer']",1
L004113,Chen Singh,,,LATAM,,Email Campaign,"['LinkedIn_Ad_Click', 'Oscilloscope_Selector_Tool', 'Loaner_Unit_Evaluation', 'Website_Product_Page', 'Oscilloscope_Selector_Tool', 'IMS_Badge_Scan', 'Whitepaper_Download_5G_Test', 'Oscilloscope_Selector_Tool', 'LinkedIn_Ad_Click', 'LinkedIn_Ad_Click', 'Customer']",1
L004114,Ahmed Singh,Qualcomm GmbH,,,,Website,"['Oscilloscope_Selector_Tool', 'PathWave_Trial_Request', 'Technical_Demo', 'AutoSens_Tech_Talk', 'DesignCon_Booth_Visit', 'DesignCon_Booth_Visit', 'SQL', 'Customer']",1
L004115,Daniel Khan,NXP Semiconductors GmbH,Telecom,North America,,Sales Outreach,['No_Conversion'],0
L004116,Priya Garcia,Bosch GmbH,,North America,Oscilloscopes,Email Campaign,"['Keysight_University_Course', 'SQL', 'Customer']",1
L004117,,,Semiconductor,Europe,,Website,"['AutoSens_Tech_Talk', 'LinkedIn_Ad_Click', 'Technical_Demo', 'Customer']",1
L004118,Ahmed Khan,Raytheon GmbH,Automotive,LATAM,PathWave Software,Email Campaign,"['DesignCon_Booth_Visit', 'Technical_Demo', 'LinkedIn_Ad_Click', 'Lab_Integration_Discussion', 'Keysight_Workshop_RF_Testing', 'Customer']",1
L004119,Ravi Williams,,,Europe,Oscilloscopes,LinkedIn,"['Loaner_Unit_Evaluation', 'Keysight_Workshop_RF_Testing', 'LinkedIn_Ad_Click', 'Customer']",1
L004120,Sofia Johnson,,,APAC,,Event,"['Whitepaper_Download_5G_Test', 'Opportunity', 'Whitepaper_Download_5G_Test', 'LinkedIn_Ad_Click', 'Loaner_Unit_Evaluation', 'Keysight_Workshop_RF_Testing', 'IMS_Badge_Scan', 'Loaner_Unit_Evaluation', 'Opportunity', 'Loaner_Unit_Evaluation', 'Customer']",1
L004121,Priya Williams,Qualcomm GmbH,,APAC,,LinkedIn,"['SQL', 'Lab_Integration_Discussion', 'Whitepaper_Download_5G_Test', 'Application_Engineer_Call', 'SQL', 'Oscilloscope_Selector_Tool', 'Website_Product_Page', 'No_Conversion']",0
L004122,Chen Lee,Raytheon GmbH,Aerospace,APAC,,Email Campaign,"['Oscilloscope_Selector_Tool', 'PathWave_Trial_Request', 'MQL', 'PathWave_Trial_Request', 'MQL', 'Lab_Integration_Discussion', 'Technical_Demo', 'SQL', 'DesignCon_Booth_Visit', 'No_Conversion']",0
L004123,Maria Williams,Raytheon GmbH,,Europe,,Webinar,"['Opportunity', 'Opportunity', 'Keysight_University_Course', 'PathWave_Trial_Request', 'AutoSens_Tech_Talk', 'IMS_Badge_Scan', 'Application_Engineer_Call', 'No_Conversion']",0
L004124,Laura Tanaka,Samsung Electronics,Aerospace,APAC,PathWave Software,,"['Lab_Integration_Discussion', 'AutoSens_Tech_Talk', 'LinkedIn_Ad_Click', 'Application_Engineer_Call', 'Opportunity', 'No_Conversion']",0
L004125,Maria Garcia,Infin_Tech,,,Oscilloscopes,,"['Website_Product_Page', 'Application_Engineer_Call', 'DesignCon_Booth_Visit', 'No_Conversion']",0
L004126,Sarah Tanaka,,Electronics,Europe,5G Testbeds,LinkedIn,"['Loaner_Unit_Evaluation', 'Website_Product_Page', 'Customer']",1
L004127,Hiroshi Khan,Bosch GmbH,Telecom,APAC,Automotive Ethernet,Webinar,"['Oscilloscope_Selector_Tool', 'No_Conversion']",0
L004128,Hiroshi Johnson,Infineon GmbH,,APAC,Automotive Ethernet,Email Campaign,['No_Conversion'],0
L004129,Sarah Tanaka,Broadcom,Aerospace,LATAM,PathWave Software,Event,"['Website_Product_Page', 'Technical_Demo', 'IMS_Badge_Scan', 'Keysight_University_Course', 'SQL', 'Oscilloscope_Selector_Tool', 'Application_Engineer_Call', 'SQL', 'Website_Product_Page', 'Customer']",1
L004130,Chen Anders,Bosch GmbH,Semiconductor,North America,,LinkedIn,"['Keysight_University_Course', 'Website_Product_Page', 'DesignCon_Booth_Visit', 'Whitepaper_Download_5G_Test', 'No_Conversion']",0
L004131,Priya Ito,Meta Connectivity Labs,Electronics,Europe,5G Testbeds,LinkedIn,"['Loaner_Unit_Evaluation', 'Website_Product_Page', 'Opportunity', 'No_Conversion']",0
L004132,Maria Martinez,,Semiconductor,Europe,PathWave Software,Email Campaign,"['AutoSens_Tech_Talk', 'No_Conversion']",0
L004133,,Infineon GmbH,Automotive,LATAM,,Email Campaign,"['Oscilloscope_Selector_Tool', 'Oscilloscope_Selector_Tool', 'Lab_Integration_Discussion', 'AutoSens_Tech_Talk', 'No_Conversion']",0
L004134,Sarah Garcia,,Telecom,Europe,,,"['SQL', 'PathWave_Trial_Request', 'MQL', 'No_Conversion']",0
L004135,,Tesla Energy,Automotive,,,Sales Outreach,"['SQL', 'Customer']",1
L004136,Sarah Patel,Infineon GmbH,Electronics,Europe,,Website,"['DesignCon_Booth_Visit', 'Customer']",1
L004137,Kenji Lee,Infin_Tech,,,,Website,"['IMS_Badge_Scan', 'Website_Product_Page', 'SQL', 'Application_Engineer_Call', 'No_Conversion']",0
L004138,Michael Garcia,Bosch GmbH,Aerospace,Europe,,,['No_Conversion'],0
L004139,Michael Patel,NXP Semiconductors GmbH,,Europe,PathWave Software,Sales Outreach,"['Application_Engineer_Call', 'SQL', 'Website_Product_Page', 'Oscilloscope_Selector_Tool', 'Whitepaper_Download_5G_Test', 'No_Conversion']",0
L004140,Sarah Martinez,Bosch,Semiconductor,LATAM,5G Testbeds,Website,['No_Conversion'],0
L004141,Sarah Anders,Samsung Electronics,Aerospace,LATAM,Automotive Ethernet,Website,['No_Conversion'],0
L004142,Laura Williams,Samsu_Tech,,LATAM,Automotive Ethernet,Email Campaign,"['Website_Product_Page', 'AutoSens_Tech_Talk', 'Opportunity', 'No_Conversion']",0
L004143,Hiroshi Singh,Tesla_Tech,,LATAM,5G Testbeds,Email Campaign,"['Loaner_Unit_Evaluation', 'LinkedIn_Ad_Click', 'MQL', 'Opportunity', 'Website_Product_Page', 'PathWave_Trial_Request', 'Customer']",1
L004144,Ravi Chen,NXP Semiconductors,,,,LinkedIn,"['Oscilloscope_Selector_Tool', 'Lab_Integration_Discussion', 'MQL', 'Opportunity', 'PathWave_Trial_Request', 'No_Conversion']",0
L004145,Sofia Johnson,,Automotive,APAC,,LinkedIn,"['Loaner_Unit_Evaluation', 'LinkedIn_Ad_Click', 'Loaner_Unit_Evaluation', 'No_Conversion']",0
L004146,,Raytheon,,,,Sales Outreach,"['AutoSens_Tech_Talk', 'Keysight_University_Course', 'PathWave_Trial_Request', 'Keysight_University_Course', 'Keysight_Workshop_RF_Testing', 'Application_Engineer_Call', 'MQL', 'DesignCon_Booth_Visit', 'Opportunity', 'Keysight_University_Course', 'Customer']",1
L004147,Ravi Johnson,Bosch_Tech,,,,Email Campaign,"['AutoSens_Tech_Talk', 'Keysight_University_Course', 'Whitepaper_Download_5G_Test', 'Lab_Integration_Discussion', 'Keysight_University_Course', 'Whitepaper_Download_5G_Test', 'Customer']",1
L004148,Michael Tanaka,NXP Semiconductors,,Europe,PathWave Software,Website,['No_Conversion'],0
L004149,Michael Tanaka,,Semiconductor,,,Email Campaign,"['DesignCon_Booth_Visit', 'Lab_Integration_Discussion', 'MQL', 'MQL', 'Keysight_Workshop_RF_Testing', 'Oscilloscope_Selector_Tool', 'No_Conversion']",0
L004150,Ravi Lee,Infineon GmbH,,Europe,,Webinar,"['DesignCon_Booth_Visit', 'Opportunity', 'Keysight_Workshop_RF_Testing', 'Whitepaper_Download_5G_Test', 'No_Conversion']",0
L004151,Ahmed Singh,,Electronics,APAC,5G Testbeds,Webinar,"['AutoSens_Tech_Talk', 'IMS_Badge_Scan', 'Whitepaper_Download_5G_Test', 'Oscilloscope_Selector_Tool', 'Application_Engineer_Call', 'No_Conversion']",0
L004152,Priya Martinez,,,APAC,,Email Campaign,['No_Conversion'],0
L004153,Michael Lee,Meta Connectivity Labs GmbH,,North America,,Event,"['SQL', 'Loaner_Unit_Evaluation', 'AutoSens_Tech_Talk', 'PathWave_Trial_Request', 'Lab_Integration_Discussion', 'Application_Engineer_Call', 'Website_Product_Page', 'Website_Product_Page', 'Keysight_University_Course', 'No_Conversion']",0
L004154,Daniel Tanaka,Infineon,,LATAM,PathWave Software,,"['MQL', 'Keysight_University_Course', 'Keysight_University_Course', 'AutoSens_Tech_Talk', 'Keysight_University_Course', 'DesignCon_Booth_Visit', 'Loaner_Unit_Evaluation', 'Whitepaper_Download_5G_Test', 'Oscilloscope_Selector_Tool', 'Customer']",1
L004155,Sofia Chen,NXP Semiconductors,Automotive,APAC,PathWave Software,,"['LinkedIn_Ad_Click', 'Keysight_Workshop_RF_Testing', 'No_Conversion']",0
L004156,Hiroshi Ito,Samsung Electronics,Semiconductor,North America,Oscilloscopes,Website,"['Loaner_Unit_Evaluation', 'No_Conversion']",0
L004157,Ravi Williams,Raytheon,,,PathWave Software,Webinar,"['DesignCon_Booth_Visit', 'Website_Product_Page', 'PathWave_Trial_Request', 'Website_Product_Page', 'Application_Engineer_Call', 'IMS_Badge_Scan', 'IMS_Badge_Scan', 'No_Conversion']",0
L004158,Ahmed Martinez,,,North America,5G Testbeds,Sales Outreach,"['Loaner_Unit_Evaluation', 'AutoSens_Tech_Talk', 'SQL', 'Customer']",1
L004159,Ahmed Khan,Samsu_Tech,Electronics,North America,,,"['DesignCon_Booth_Visit', 'DesignCon_Booth_Visit', 'PathWave_Trial_Request', 'DesignCon_Booth_Visit', 'Website_Product_Page', 'Opportunity', 'LinkedIn_Ad_Click', 'AutoSens_Tech_Talk', 'No_Conversion']",0
L004160,Ravi Chen,,Automotive,Europe,5G Testbeds,Webinar,"['Application_Engineer_Call', 'AutoSens_Tech_Talk', 'Loaner_Unit_Evaluation', 'Keysight_Workshop_RF_Testing', 'Loaner_Unit_Evaluation', 'SQL', 'AutoSens_Tech_Talk', 'Whitepaper_Download_5G_Test', 'PathWave_Trial_Request', 'Customer']",1
L004161,Priya Garcia,Broadcom GmbH,Automotive,,Oscilloscopes,Webinar,"['Website_Product_Page', 'Website_Product_Page', 'Opportunity', 'No_Conversion']",0
L004162,Chen Tanaka,,Aerospace,North America,,,"['Application_Engineer_Call', 'MQL', 'Website_Product_Page', 'No_Conversion']",0
L004163,Chen Johnson,Raytheon,,LATAM,Automotive Ethernet,Event,"['Technical_Demo', 'IMS_Badge_Scan', 'No_Conversion']",0
L004164,Kenji Tanaka,Rayth_Tech,Electronics,Europe,PathWave Software,Sales Outreach,['No_Conversion'],0
L004165,Chen Martinez,Raytheon GmbH,Aerospace,,PathWave Software,Event,"['AutoSens_Tech_Talk', 'AutoSens_Tech_Talk', 'Application_Engineer_Call', 'DesignCon_Booth_Visit', 'Keysight_University_Course', 'Oscilloscope_Selector_Tool', 'Customer']",1
L004166,Daniel Tanaka,Infin_Tech,Automotive,,,,"['Keysight_University_Course', 'AutoSens_Tech_Talk', 'LinkedIn_Ad_Click', 'Lab_Integration_Discussion', 'Technical_Demo', 'Loaner_Unit_Evaluation', 'PathWave_Trial_Request', 'No_Conversion']",0
L004167,Ahmed Johnson,Broadcom GmbH,Automotive,North America,5G Testbeds,Event,"['Keysight_Workshop_RF_Testing', 'SQL', 'Keysight_University_Course', 'IMS_Badge_Scan', 'Technical_Demo', 'Opportunity', 'Customer']",1
L004168,Michael Garcia,Sony,Automotive,APAC,,Email Campaign,"['Opportunity', 'Keysight_University_Course', 'Opportunity', 'Keysight_University_Course', 'PathWave_Trial_Request', 'Keysight_University_Course', 'Keysight_University_Course', 'Lab_Integration_Discussion', 'Customer']",1
L004169,Ahmed Singh,NXP Semiconductors,Aerospace,Europe,,LinkedIn,"['Oscilloscope_Selector_Tool', 'Opportunity', 'Keysight_Workshop_RF_Testing', 'PathWave_Trial_Request', 'Website_Product_Page', 'Customer']",1
L004170,Chen Tanaka,NXP Semiconductors,Semiconductor,North America,5G Testbeds,,"['Opportunity', 'Application_Engineer_Call', 'Customer']",1
L004171,Ravi Williams,Infineon GmbH,Aerospace,,,Webinar,"['Opportunity', 'Application_Engineer_Call', 'MQL', 'Keysight_Workshop_RF_Testing', 'PathWave_Trial_Request', 'Technical_Demo', 'AutoSens_Tech_Talk', 'IMS_Badge_Scan', 'LinkedIn_Ad_Click', 'Keysight_Workshop_RF_Testing', 'Customer']",1
L004172,Hiroshi Singh,Qualcomm GmbH,,LATAM,PathWave Software,Website,"['Loaner_Unit_Evaluation', 'AutoSens_Tech_Talk', 'Whitepaper_Download_5G_Test', 'PathWave_Trial_Request', 'Keysight_University_Course', 'Customer']",1
L004173,Michael Williams,Meta Connectivity Labs GmbH,,APAC,Oscilloscopes,Email Campaign,"['Opportunity', 'MQL', 'MQL', 'Whitepaper_Download_5G_Test', 'Lab_Integration_Discussion', 'Opportunity', 'Website_Product_Page', 'Customer']",1
L004174,Chen Johnson,,,LATAM,PathWave Software,Website,"['Keysight_University_Course', 'IMS_Badge_Scan', 'Application_Engineer_Call', 'Keysight_University_Course', 'Opportunity', 'Customer']",1
L004175,Daniel Lee,Infineon GmbH,,LATAM,Automotive Ethernet,Webinar,"['MQL', 'Technical_Demo', 'No_Conversion']",0
L004176,Michael Patel,MetaC_Tech,Aerospace,,,,"['LinkedIn_Ad_Click', 'Whitepaper_Download_5G_Test', 'Application_Engineer_Call', 'LinkedIn_Ad_Click', 'Whitepaper_Download_5G_Test', 'Application_Engineer_Call', 'Customer']",1
L004177,Kenji Singh,Tesla Energy GmbH,Automotive,APAC,,Sales Outreach,"['IMS_Badge_Scan', 'Loaner_Unit_Evaluation', 'Customer']",1
L004178,Sofia Williams,Qualc_Tech,Automotive,North America,Oscilloscopes,Webinar,"['PathWave_Trial_Request', 'LinkedIn_Ad_Click', 'LinkedIn_Ad_Click', 'Website_Product_Page', 'Website_Product_Page', 'Lab_Integration_Discussion', 'AutoSens_Tech_Talk', 'Keysight_University_Course', 'Keysight_University_Course', 'Customer']",1
L004179,Maria Singh,Rayth_Tech,,North America,5G Testbeds,,"['PathWave_Trial_Request', 'PathWave_Trial_Request', 'No_Conversion']",0
L004180,Kenji Ito,,Telecom,,PathWave Software,Event,"['DesignCon_Booth_Visit', 'Loaner_Unit_Evaluation', 'Lab_Integration_Discussion', 'SQL', 'No_Conversion']",0
L004181,Chen Lee,Infineon GmbH,,LATAM,PathWave Software,LinkedIn,"['SQL', 'Application_Engineer_Call', 'DesignCon_Booth_Visit', 'DesignCon_Booth_Visit', 'Whitepaper_Download_5G_Test', 'LinkedIn_Ad_Click', 'Technical_Demo', 'Keysight_Workshop_RF_Testing', 'No_Conversion']",0
L004182,Daniel Khan,Broadcom GmbH,Electronics,North America,5G Testbeds,Email Campaign,"['Lab_Integration_Discussion', 'LinkedIn_Ad_Click', 'Application_Engineer_Call', 'Keysight_Workshop_RF_Testing', 'Opportunity', 'Technical_Demo', 'Customer']",1
L004183,Chen Martinez,Rayth_Tech,Electronics,APAC,,Webinar,"['DesignCon_Booth_Visit', 'LinkedIn_Ad_Click', 'Whitepaper_Download_5G_Test', 'SQL', 'Opportunity', 'MQL', 'Loaner_Unit_Evaluation', 'Customer']",1
L004184,,,Electronics,Europe,Automotive Ethernet,LinkedIn,"['LinkedIn_Ad_Click', 'MQL', 'IMS_Badge_Scan', 'IMS_Badge_Scan', 'No_Conversion']",0
L004185,Sarah Ito,Infin_Tech,Electronics,Europe,,,"['DesignCon_Booth_Visit', 'DesignCon_Booth_Visit', 'PathWave_Trial_Request', 'Oscilloscope_Selector_Tool', 'MQL', 'IMS_Badge_Scan', 'MQL', 'LinkedIn_Ad_Click', 'Opportunity', 'PathWave_Trial_Request', 'Customer']",1
L004186,Ravi Chen,,Telecom,,Oscilloscopes,LinkedIn,"['Loaner_Unit_Evaluation', 'Oscilloscope_Selector_Tool', 'Customer']",1
L004187,Sarah Tanaka,Infineon,,Europe,Oscilloscopes,Website,"['Loaner_Unit_Evaluation', 'Keysight_Workshop_RF_Testing', 'Whitepaper_Download_5G_Test', 'IMS_Badge_Scan', 'LinkedIn_Ad_Click', 'PathWave_Trial_Request', 'DesignCon_Booth_Visit', 'Whitepaper_Download_5G_Test', 'No_Conversion']",0
L004188,Sofia Singh,NXP Semiconductors,,,,,"['MQL', 'AutoSens_Tech_Talk', 'No_Conversion']",0
L004189,Hiroshi Martinez,Broadcom,,,,Webinar,"['Lab_Integration_Discussion', 'Keysight_Workshop_RF_Testing', 'MQL', 'PathWave_Trial_Request', 'Technical_Demo', 'Lab_Integration_Discussion', 'Customer']",1
L004190,Daniel Williams,,,,Automotive Ethernet,,"['Keysight_Workshop_RF_Testing', 'PathWave_Trial_Request', 'No_Conversion']",0
L004191,Priya Singh,Raytheon,Telecom,Europe,5G Testbeds,,"['Lab_Integration_Discussion', 'MQL', 'PathWave_Trial_Request', 'No_Conversion']",0
L004192,,,Telecom,Europe,5G Testbeds,Email Campaign,"['Oscilloscope_Selector_Tool', 'Customer']",1
L004193,Laura Singh,Sony GmbH,Electronics,North America,,Event,"['Keysight_University_Course', 'LinkedIn_Ad_Click', 'No_Conversion']",0
L004194,Ravi Singh,Broad_Tech,,LATAM,,LinkedIn,"['Application_Engineer_Call', 'DesignCon_Booth_Visit', 'Whitepaper_Download_5G_Test', 'Customer']",1
L004195,Ravi Lee,Raytheon GmbH,Aerospace,North America,,LinkedIn,"['Whitepaper_Download_5G_Test', 'PathWave_Trial_Request', 'Oscilloscope_Selector_Tool', 'Oscilloscope_Selector_Tool', 'No_Conversion']",0
L004196,Sofia Martinez,Bosch,Automotive,LATAM,Automotive Ethernet,Website,"['Opportunity', 'Customer']",1
L004197,Laura Singh,Qualc_Tech,Aerospace,Europe,5G Testbeds,Sales Outreach,"['SQL', 'MQL', 'Lab_Integration_Discussion', 'No_Conversion']",0
L004198,,,,LATAM,PathWave Software,Event,['No_Conversion'],0
L004199,Daniel Martinez,Infineon,Telecom,,,Website,['No_Conversion'],0
L004200,Kenji Garcia,Tesla Energy,Electronics,,5G Testbeds,Website,"['SQL', 'LinkedIn_Ad_Click', 'Loaner_Unit_Evaluation', 'Application_Engineer_Call', 'PathWave_Trial_Request', 'Whitepaper_Download_5G_Test', 'Customer']",1
L004201,Ravi Garcia,NXP Semiconductors,Automotive,APAC,,Website,"['AutoSens_Tech_Talk', 'Keysight_University_Course', 'Keysight_University_Course', 'AutoSens_Tech_Talk', 'Opportunity', 'MQL', 'Customer']",1
L004202,Kenji Khan,Meta Connectivity Labs GmbH,Semiconductor,North America,,Email Campaign,"['Loaner_Unit_Evaluation', 'IMS_Badge_Scan', 'LinkedIn_Ad_Click', 'No_Conversion']",0
L004203,Michael Anders,Qualcomm,,Europe,,Event,"['Opportunity', 'PathWave_Trial_Request', 'AutoSens_Tech_Talk', 'No_Conversion']",0
L004204,Kenji Singh,Broad_Tech,Electronics,North America,,Sales Outreach,"['Keysight_Workshop_RF_Testing', 'MQL', 'AutoSens_Tech_Talk', 'PathWave_Trial_Request', 'No_Conversion']",0
L004205,Michael Ito,Broadcom GmbH,Telecom,North America,PathWave Software,Event,"['MQL', 'Technical_Demo', 'Keysight_Workshop_RF_Testing', 'Technical_Demo', 'Opportunity', 'Customer']",1
L004206,Hiroshi Williams,Broadcom GmbH,Semiconductor,APAC,,LinkedIn,"['IMS_Badge_Scan', 'AutoSens_Tech_Talk', 'MQL', 'MQL', 'Application_Engineer_Call', 'Lab_Integration_Discussion', 'DesignCon_Booth_Visit', 'No_Conversion']",0
L004207,Maria Martinez,NXPSe_Tech,Automotive,Europe,,Webinar,"['Website_Product_Page', 'Website_Product_Page', 'Opportunity', 'Lab_Integration_Discussion', 'Website_Product_Page', 'Keysight_Workshop_RF_Testing', 'MQL', 'Keysight_University_Course', 'LinkedIn_Ad_Click', 'No_Conversion']",0
L004208,Maria Patel,Rayth_Tech,Automotive,LATAM,Automotive Ethernet,,"['IMS_Badge_Scan', 'Whitepaper_Download_5G_Test', 'No_Conversion']",0
L004209,Hiroshi Johnson,,Telecom,North America,Automotive Ethernet,LinkedIn,['Customer'],1
L004210,Daniel Johnson,Raytheon GmbH,Telecom,Europe,,LinkedIn,"['IMS_Badge_Scan', 'PathWave_Trial_Request', 'Loaner_Unit_Evaluation', 'Technical_Demo', 'Oscilloscope_Selector_Tool', 'SQL', 'Lab_Integration_Discussion', 'MQL', 'No_Conversion']",0
L004211,Chen Singh,Qualcomm,Automotive,APAC,,Email Campaign,['No_Conversion'],0
L004212,Priya Lee,Qualcomm GmbH,Aerospace,LATAM,5G Testbeds,Event,"['Keysight_Workshop_RF_Testing', 'IMS_Badge_Scan', 'Technical_Demo', 'Keysight_University_Course', 'No_Conversion']",0
L004213,Sofia Garcia,,,Europe,,Event,"['DesignCon_Booth_Visit', 'SQL', 'SQL', 'SQL', 'AutoSens_Tech_Talk', 'LinkedIn_Ad_Click', 'Opportunity', 'Loaner_Unit_Evaluation', 'Loaner_Unit_Evaluation', 'Opportunity', 'Customer']",1
L004214,Maria Khan,,,,,Webinar,"['Whitepaper_Download_5G_Test', 'MQL', 'Website_Product_Page', 'Customer']",1
L004215,Sarah Tanaka,,,,Automotive Ethernet,Sales Outreach,"['AutoSens_Tech_Talk', 'LinkedIn_Ad_Click', 'Opportunity', 'Loaner_Unit_Evaluation', 'Keysight_University_Course', 'Technical_Demo', 'Lab_Integration_Discussion', 'LinkedIn_Ad_Click', 'No_Conversion']",0
L004216,Priya Lee,,Aerospace,North America,,LinkedIn,"['Keysight_University_Course', 'Oscilloscope_Selector_Tool', 'Application_Engineer_Call', 'Technical_Demo', 'AutoSens_Tech_Talk', 'Lab_Integration_Discussion', 'Lab_Integration_Discussion', 'Technical_Demo', 'Application_Engineer_Call', 'No_Conversion']",0
L004217,,,,North America,Oscilloscopes,Webinar,"['MQL', 'No_Conversion']",0
L004218,Priya Patel,Infineon GmbH,,North America,Automotive Ethernet,Webinar,"['Application_Engineer_Call', 'MQL', 'Keysight_University_Course', 'Oscilloscope_Selector_Tool', 'Lab_Integration_Discussion', 'Opportunity', 'No_Conversion']",0
L004219,Ravi Johnson,,,,,Email Campaign,"['IMS_Badge_Scan', 'MQL', 'MQL', 'LinkedIn_Ad_Click', 'Loaner_Unit_Evaluation', 'Keysight_Workshop_RF_Testing', 'Application_Engineer_Call', 'Technical_Demo', 'Customer']",1
L004220,Michael Lee,,,LATAM,Oscilloscopes,LinkedIn,"['LinkedIn_Ad_Click', 'Loaner_Unit_Evaluation', 'AutoSens_Tech_Talk', 'Lab_Integration_Discussion', 'Keysight_Workshop_RF_Testing', 'No_Conversion']",0
L004221,Hiroshi Garcia,,,LATAM,,,"['Loaner_Unit_Evaluation', 'Opportunity', 'LinkedIn_Ad_Click', 'Keysight_Workshop_RF_Testing', 'Customer']",1
L004222,Priya Williams,NXPSe_Tech,,APAC,5G Testbeds,Sales Outreach,"['IMS_Badge_Scan', 'Oscilloscope_Selector_Tool', 'PathWave_Trial_Request', 'No_Conversion']",0
L004223,,,,North America,5G Testbeds,Sales Outreach,"['Loaner_Unit_Evaluation', 'Whitepaper_Download_5G_Test', 'PathWave_Trial_Request', 'Customer']",1
L004224,Michael Anders,Qualcomm GmbH,Automotive,LATAM,,Website,"['Opportunity', 'PathWave_Trial_Request', 'Whitepaper_Download_5G_Test', 'SQL', 'Whitepaper_Download_5G_Test', 'Keysight_University_Course', 'Whitepaper_Download_5G_Test', 'Customer']",1
L004225,Sarah Khan,Bosch GmbH,Automotive,LATAM,,Event,"['Keysight_Workshop_RF_Testing', 'IMS_Badge_Scan', 'Keysight_Workshop_RF_Testing', 'Customer']",1
L004226,Hiroshi Johnson,Bosch_Tech,Semiconductor,APAC,Automotive Ethernet,LinkedIn,"['Whitepaper_Download_5G_Test', 'LinkedIn_Ad_Click', 'LinkedIn_Ad_Click', 'Lab_Integration_Discussion', 'Opportunity', 'Website_Product_Page', 'Opportunity', 'Keysight_Workshop_RF_Testing', 'Oscilloscope_Selector_Tool', 'Lab_Integration_Discussion', 'No_Conversion']",0
L004227,Ravi Ito,,,APAC,Automotive Ethernet,LinkedIn,"['Keysight_Workshop_RF_Testing', 'Keysight_University_Course', 'IMS_Badge_Scan', 'No_Conversion']",0
L004228,Sofia Williams,,,,5G Testbeds,Sales Outreach,"['IMS_Badge_Scan', 'SQL', 'SQL', 'Website_Product_Page', 'No_Conversion']",0
L004229,Sarah Anders,Meta Connectivity Labs GmbH,Telecom,APAC,PathWave Software,LinkedIn,"['Technical_Demo', 'MQL', 'LinkedIn_Ad_Click', 'No_Conversion']",0
L004230,Kenji Lee,Broadcom GmbH,Telecom,,Oscilloscopes,,"['Loaner_Unit_Evaluation', 'PathWave_Trial_Request', 'LinkedIn_Ad_Click', 'Loaner_Unit_Evaluation', 'No_Conversion']",0
L004231,,,,,PathWave Software,Email Campaign,['No_Conversion'],0
L004232,Chen Tanaka,,Telecom,North America,,,"['IMS_Badge_Scan', 'Technical_Demo', 'SQL', 'Oscilloscope_Selector_Tool', 'Oscilloscope_Selector_Tool', 'MQL', 'No_Conversion']",0
L004233,Ravi Martinez,Samsung Electronics,Semiconductor,Europe,,,"['LinkedIn_Ad_Click', 'Keysight_Workshop_RF_Testing', 'Application_Engineer_Call', 'Customer']",1
L004234,Sofia Khan,Tesla Energy,Automotive,,Oscilloscopes,LinkedIn,"['Loaner_Unit_Evaluation', 'Website_Product_Page', 'IMS_Badge_Scan', 'Opportunity', 'Technical_Demo', 'MQL', 'PathWave_Trial_Request', 'No_Conversion']",0
L004235,Priya Williams,Samsu_Tech,,Europe,,Email Campaign,"['Oscilloscope_Selector_Tool', 'AutoSens_Tech_Talk', 'Lab_Integration_Discussion', 'Opportunity', 'Keysight_University_Course', 'No_Conversion']",0
L004236,Kenji Garcia,Meta Connectivity Labs GmbH,,North America,5G Testbeds,,"['IMS_Badge_Scan', 'Opportunity', 'Website_Product_Page', 'Application_Engineer_Call', 'No_Conversion']",0
L004237,Chen Johnson,,,APAC,,Event,"['Oscilloscope_Selector_Tool', 'Whitepaper_Download_5G_Test', 'No_Conversion']",0
L004238,Sofia Anders,,Aerospace,North America,,,"['DesignCon_Booth_Visit', 'Application_Engineer_Call', 'Loaner_Unit_Evaluation', 'Lab_Integration_Discussion', 'Keysight_University_Course', 'Oscilloscope_Selector_Tool', 'DesignCon_Booth_Visit', 'Opportunity', 'Customer']",1
L004239,Hiroshi Johnson,,Automotive,Europe,,Email Campaign,"['Opportunity', 'DesignCon_Booth_Visit', 'Lab_Integration_Discussion', 'MQL', 'No_Conversion']",0
L004240,Ahmed Tanaka,Tesla Energy GmbH,,Europe,,Webinar,"['Technical_Demo', 'No_Conversion']",0
L004241,Laura Johnson,Qualcomm,,North America,5G Testbeds,Sales Outreach,['Customer'],1
L004242,Kenji Anders,,Automotive,,,Email Campaign,"['Lab_Integration_Discussion', 'Oscilloscope_Selector_Tool', 'Website_Product_Page', 'Whitepaper_Download_5G_Test', 'IMS_Badge_Scan', 'Oscilloscope_Selector_Tool', 'Customer']",1
L004243,,,Electronics,APAC,,Email Campaign,"['SQL', 'LinkedIn_Ad_Click', 'Website_Product_Page', 'Technical_Demo', 'Keysight_Workshop_RF_Testing', 'Technical_Demo', 'Customer']",1
L004244,Ravi Singh,Qualcomm GmbH,Electronics,North America,,Email Campaign,"['IMS_Badge_Scan', 'Application_Engineer_Call', 'Whitepaper_Download_5G_Test', 'Keysight_University_Course', 'Keysight_University_Course', 'Whitepaper_Download_5G_Test', 'Keysight_Workshop_RF_Testing', 'No_Conversion']",0
L004245,Ravi Garcia,Tesla Energy GmbH,Telecom,LATAM,Automotive Ethernet,,"['Keysight_Workshop_RF_Testing', 'Technical_Demo', 'AutoSens_Tech_Talk', 'No_Conversion']",0
L004246,Ahmed Chen,Raytheon,Aerospace,APAC,,Email Campaign,"['Website_Product_Page', 'DesignCon_Booth_Visit', 'IMS_Badge_Scan', 'Customer']",1
L004247,Daniel Singh,,Automotive,,,Event,"['Oscilloscope_Selector_Tool', 'Loaner_Unit_Evaluation', 'No_Conversion']",0
L004248,Ravi Patel,Bosch GmbH,,LATAM,Automotive Ethernet,Email Campaign,"['Whitepaper_Download_5G_Test', 'Loaner_Unit_Evaluation', 'Whitepaper_Download_5G_Test', 'Whitepaper_Download_5G_Test', 'AutoSens_Tech_Talk', 'No_Conversion']",0
L004249,Kenji Martinez,,Automotive,North America,Automotive Ethernet,Email Campaign,"['MQL', 'Keysight_University_Course', 'Application_Engineer_Call', 'PathWave_Trial_Request', 'Customer']",1
L004250,Ahmed Chen,Meta Connectivity Labs GmbH,,North America,Automotive Ethernet,Event,"['Opportunity', 'No_Conversion']",0
L004251,Chen Tanaka,Meta Connectivity Labs GmbH,,,Automotive Ethernet,Event,"['LinkedIn_Ad_Click', 'Lab_Integration_Discussion', 'Website_Product_Page', 'No_Conversion']",0
L004252,Kenji Tanaka,MetaC_Tech,Telecom,Europe,Oscilloscopes,Webinar,"['AutoSens_Tech_Talk', 'SQL', 'Lab_Integration_Discussion', 'MQL', 'IMS_Badge_Scan', 'Keysight_Workshop_RF_Testing', 'MQL', 'IMS_Badge_Scan', 'Lab_Integration_Discussion', 'No_Conversion']",0
L004253,Sofia Martinez,Infineon GmbH,,Europe,,Sales Outreach,"['IMS_Badge_Scan', 'No_Conversion']",0
L004254,Sofia Garcia,Samsung Electronics GmbH,Electronics,Europe,5G Testbeds,Email Campaign,"['Technical_Demo', 'Keysight_University_Course', 'SQL', 'No_Conversion']",0
L004255,Priya Johnson,NXPSe_Tech,Electronics,APAC,PathWave Software,Sales Outreach,"['IMS_Badge_Scan', 'Customer']",1
L004256,Ravi Lee,NXP Semiconductors GmbH,,,5G Testbeds,LinkedIn,['No_Conversion'],0
L004257,Michael Anders,,Automotive,Europe,Automotive Ethernet,LinkedIn,"['Opportunity', 'MQL', 'Oscilloscope_Selector_Tool', 'MQL', 'Loaner_Unit_Evaluation', 'No_Conversion']",0
L004258,Sofia Patel,Samsu_Tech,Semiconductor,North America,,Sales Outreach,"['Keysight_Workshop_RF_Testing', 'Customer']",1
L004259,Hiroshi Tanaka,Tesla Energy,Electronics,LATAM,PathWave Software,,"['Technical_Demo', 'Opportunity', 'AutoSens_Tech_Talk', 'Customer']",1
L004260,Ravi Lee,Tesla Energy GmbH,,LATAM,Automotive Ethernet,LinkedIn,"['Opportunity', 'Customer']",1
L004261,Daniel Tanaka,Sony_Tech,Electronics,LATAM,,Sales Outreach,"['Website_Product_Page', 'MQL', 'IMS_Badge_Scan', 'Application_Engineer_Call', 'DesignCon_Booth_Visit', 'Lab_Integration_Discussion', 'SQL', 'Customer']",1
L004262,Daniel Martinez,,Automotive,APAC,PathWave Software,,"['DesignCon_Booth_Visit', 'Application_Engineer_Call', 'LinkedIn_Ad_Click', 'Lab_Integration_Discussion', 'Lab_Integration_Discussion', 'No_Conversion']",0
L004263,Sofia Lee,Infineon,Semiconductor,,,Event,['No_Conversion'],0
L004264,Priya Singh,Raytheon,Aerospace,Europe,PathWave Software,Website,['No_Conversion'],0
L004265,Priya Johnson,Tesla Energy GmbH,,North America,PathWave Software,LinkedIn,"['Whitepaper_Download_5G_Test', 'Keysight_Workshop_RF_Testing', 'SQL', 'No_Conversion']",0
L004266,Ravi Anders,Tesla Energy,Aerospace,LATAM,,Email Campaign,"['Whitepaper_Download_5G_Test', 'Application_Engineer_Call', 'Keysight_Workshop_RF_Testing', 'Lab_Integration_Discussion', 'Application_Engineer_Call', 'AutoSens_Tech_Talk', 'Technical_Demo', 'Loaner_Unit_Evaluation', 'Lab_Integration_Discussion', 'Technical_Demo', 'Customer']",1
L004267,Daniel Johnson,NXP Semiconductors GmbH,Telecom,LATAM,,Sales Outreach,"['DesignCon_Booth_Visit', 'Technical_Demo', 'Customer']",1
L004268,,Tesla Energy,Automotive,North America,,Event,"['Application_Engineer_Call', 'AutoSens_Tech_Talk', 'Lab_Integration_Discussion', 'Keysight_University_Course', 'Application_Engineer_Call', 'Customer']",1
L004269,Priya Lee,Raytheon,,,PathWave Software,Email Campaign,['No_Conversion'],0
L004270,Ravi Tanaka,Broadcom GmbH,,APAC,PathWave Software,LinkedIn,"['Keysight_University_Course', 'IMS_Badge_Scan', 'No_Conversion']",0
L004271,,Broadcom GmbH,Electronics,,Oscilloscopes,Sales Outreach,"['Website_Product_Page', 'IMS_Badge_Scan', 'PathWave_Trial_Request', 'Whitepaper_Download_5G_Test', 'LinkedIn_Ad_Click', 'Lab_Integration_Discussion', 'Lab_Integration_Discussion', 'No_Conversion']",0
L004272,Ahmed Williams,Infineon GmbH,,APAC,,Website,"['Application_Engineer_Call', 'PathWave_Trial_Request', 'AutoSens_Tech_Talk', 'Oscilloscope_Selector_Tool', 'LinkedIn_Ad_Click', 'LinkedIn_Ad_Click', 'MQL', 'Loaner_Unit_Evaluation', 'MQL', 'Customer']",1
L004273,Laura Johnson,Qualcomm,Semiconductor,APAC,,LinkedIn,"['DesignCon_Booth_Visit', 'IMS_Badge_Scan', 'LinkedIn_Ad_Click', 'Opportunity', 'No_Conversion']",0
L004274,Sarah Johnson,Samsung Electronics,Telecom,LATAM,PathWave Software,Sales Outreach,"['IMS_Badge_Scan', 'No_Conversion']",0
L004275,Chen Patel,,,LATAM,PathWave Software,Webinar,"['Keysight_University_Course', 'Opportunity', 'MQL', 'IMS_Badge_Scan', 'Keysight_University_Course', 'Customer']",1
L004276,Sarah Chen,MetaC_Tech,,LATAM,Oscilloscopes,,"['SQL', 'Whitepaper_Download_5G_Test', 'No_Conversion']",0
L004277,Laura Garcia,,,Europe,Automotive Ethernet,,"['Loaner_Unit_Evaluation', 'AutoSens_Tech_Talk', 'Technical_Demo', 'No_Conversion']",0
L004278,Laura Ito,Sony_Tech,Semiconductor,APAC,Oscilloscopes,Sales Outreach,"['SQL', 'Application_Engineer_Call', 'SQL', 'Customer']",1
L004279,Sarah Garcia,MetaC_Tech,Electronics,APAC,Automotive Ethernet,Event,"['Opportunity', 'Website_Product_Page', 'IMS_Badge_Scan', 'No_Conversion']",0
L004280,Michael Singh,Broad_Tech,Aerospace,North America,,Event,['No_Conversion'],0
L004281,Daniel Anders,NXPSe_Tech,Semiconductor,LATAM,Oscilloscopes,Website,"['Keysight_Workshop_RF_Testing', 'Loaner_Unit_Evaluation', 'Oscilloscope_Selector_Tool', 'Oscilloscope_Selector_Tool', 'Technical_Demo', 'Customer']",1
L004282,Hiroshi Patel,,Semiconductor,Europe,,Email Campaign,"['Opportunity', 'IMS_Badge_Scan', 'LinkedIn_Ad_Click', 'SQL', 'Whitepaper_Download_5G_Test', 'Customer']",1
L004283,Michael Tanaka,NXP Semiconductors,,North America,5G Testbeds,Webinar,"['DesignCon_Booth_Visit', 'No_Conversion']",0
L004284,Hiroshi Ito,NXPSe_Tech,,North America,,Sales Outreach,"['Opportunity', 'LinkedIn_Ad_Click', 'Website_Product_Page', 'MQL', 'Customer']",1
L004285,Priya Martinez,,Aerospace,LATAM,PathWave Software,,"['SQL', 'Keysight_University_Course', 'No_Conversion']",0
L004286,Hiroshi Anders,Broadcom GmbH,Telecom,Europe,Oscilloscopes,Email Campaign,"['SQL', 'IMS_Badge_Scan', 'SQL', 'MQL', 'No_Conversion']",0
L004287,Michael Anders,Bosch_Tech,,,,Webinar,"['AutoSens_Tech_Talk', 'Technical_Demo', 'SQL', 'Keysight_Workshop_RF_Testing', 'Loaner_Unit_Evaluation', 'Lab_Integration_Discussion', 'Opportunity', 'No_Conversion']",0
L004288,Daniel Patel,Meta Connectivity Labs GmbH,,APAC,,Email Campaign,"['Keysight_Workshop_RF_Testing', 'MQL', 'AutoSens_Tech_Talk', 'Website_Product_Page', 'IMS_Badge_Scan', 'LinkedIn_Ad_Click', 'Opportunity', 'Customer']",1
L004289,Daniel Ito,,Aerospace,,,Website,"['IMS_Badge_Scan', 'Lab_Integration_Discussion', 'PathWave_Trial_Request', 'Keysight_University_Course', 'Application_Engineer_Call', 'No_Conversion']",0
L004290,Sofia Tanaka,Qualcomm GmbH,,North America,5G Testbeds,,"['MQL', 'Loaner_Unit_Evaluation', 'LinkedIn_Ad_Click', 'SQL', 'Application_Engineer_Call', 'AutoSens_Tech_Talk', 'Customer']",1
L004291,Ahmed Williams,,Semiconductor,,5G Testbeds,Sales Outreach,"['Website_Product_Page', 'IMS_Badge_Scan', 'Loaner_Unit_Evaluation', 'MQL', 'Keysight_Workshop_RF_Testing', 'Customer']",1
L004292,Sarah Johnson,Infineon,Automotive,LATAM,PathWave Software,Webinar,"['DesignCon_Booth_Visit', 'Website_Product_Page', 'Oscilloscope_Selector_Tool', 'No_Conversion']",0
L004293,Sofia Martinez,Bosch,Electronics,LATAM,,Event,"['SQL', 'DesignCon_Booth_Visit', 'Technical_Demo', 'No_Conversion']",0
L004294,Priya Chen,Tesla Energy,,North America,5G Testbeds,Webinar,"['Keysight_University_Course', 'No_Conversion']",0
L004295,,Qualcomm,,LATAM,Oscilloscopes,Website,"['Keysight_University_Course', 'No_Conversion']",0
L004296,Ravi Ito,Broad_Tech,Aerospace,,Automotive Ethernet,Website,"['LinkedIn_Ad_Click', 'Keysight_Workshop_RF_Testing', 'SQL', 'Keysight_University_Course', 'LinkedIn_Ad_Click', 'Lab_Integration_Discussion', 'Lab_Integration_Discussion', 'Keysight_Workshop_RF_Testing', 'Keysight_University_Course', 'Website_Product_Page', 'Customer']",1
L004297,Michael Johnson,,,Europe,,Event,"['Loaner_Unit_Evaluation', 'Website_Product_Page', 'DesignCon_Booth_Visit', 'MQL', 'MQL', 'Whitepaper_Download_5G_Test', 'Customer']",1
L004298,Daniel Johnson,Sony GmbH,Semiconductor,,5G Testbeds,,"['LinkedIn_Ad_Click', 'Application_Engineer_Call', 'Loaner_Unit_Evaluation', 'Lab_Integration_Discussion', 'MQL', 'Customer']",1
L004299,Sarah Williams,Broadcom GmbH,Electronics,APAC,,Email Campaign,"['Opportunity', 'DesignCon_Booth_Visit', 'PathWave_Trial_Request', 'AutoSens_Tech_Talk', 'AutoSens_Tech_Talk', 'IMS_Badge_Scan', 'AutoSens_Tech_Talk', 'MQL', 'LinkedIn_Ad_Click', 'Keysight_University_Course', 'Customer']",1
L004300,Kenji Williams,Infineon,Aerospace,APAC,Oscilloscopes,Event,"['MQL', 'Loaner_Unit_Evaluation', 'Keysight_University_Course', 'No_Conversion']",0
L004301,Kenji Anders,Tesla Energy GmbH,Automotive,North America,Automotive Ethernet,,"['Website_Product_Page', 'Keysight_Workshop_RF_Testing', 'Whitepaper_Download_5G_Test', 'No_Conversion']",0
L004302,Laura Patel,,Aerospace,LATAM,,Website,"['Website_Product_Page', 'Keysight_University_Course', 'MQL', 'MQL', 'Oscilloscope_Selector_Tool', 'Keysight_University_Course', 'No_Conversion']",0
L004303,Ravi Chen,,Telecom,Europe,Oscilloscopes,Website,"['PathWave_Trial_Request', 'AutoSens_Tech_Talk', 'Application_Engineer_Call', 'SQL', 'Website_Product_Page', 'Keysight_University_Course', 'Website_Product_Page', 'SQL', 'Oscilloscope_Selector_Tool', 'Customer']",1
L004304,Kenji Johnson,Samsung Electronics,Semiconductor,,,Webinar,"['Loaner_Unit_Evaluation', 'Oscilloscope_Selector_Tool', 'Website_Product_Page', 'Keysight_University_Course', 'PathWave_Trial_Request', 'DesignCon_Booth_Visit', 'Opportunity', 'Keysight_Workshop_RF_Testing', 'Oscilloscope_Selector_Tool', 'SQL', 'Customer']",1
L004305,Hiroshi Patel,Sony_Tech,Aerospace,,5G Testbeds,Website,['Customer'],1
L004306,Priya Chen,,,LATAM,,Website,"['SQL', 'MQL', 'LinkedIn_Ad_Click', 'Keysight_University_Course', 'Technical_Demo', 'PathWave_Trial_Request', 'Technical_Demo', 'No_Conversion']",0
L004307,Daniel Singh,Meta Connectivity Labs GmbH,,LATAM,,Website,"['LinkedIn_Ad_Click', 'SQL', 'Application_Engineer_Call', 'PathWave_Trial_Request', 'SQL', 'SQL', 'Keysight_University_Course', 'No_Conversion']",0
L004308,Laura Singh,,Automotive,,5G Testbeds,Webinar,"['Oscilloscope_Selector_Tool', 'Technical_Demo', 'LinkedIn_Ad_Click', 'PathWave_Trial_Request', 'Keysight_University_Course', 'Customer']",1
L004309,Maria Chen,NXPSe_Tech,Telecom,North America,Automotive Ethernet,LinkedIn,"['PathWave_Trial_Request', 'Keysight_Workshop_RF_Testing', 'PathWave_Trial_Request', 'Oscilloscope_Selector_Tool', 'Lab_Integration_Discussion', 'Technical_Demo', 'Customer']",1
L004310,Ahmed Garcia,,Automotive,APAC,,,"['AutoSens_Tech_Talk', 'Website_Product_Page', 'SQL', 'SQL', 'PathWave_Trial_Request', 'Loaner_Unit_Evaluation', 'PathWave_Trial_Request', 'IMS_Badge_Scan', 'MQL', 'LinkedIn_Ad_Click', 'No_Conversion']",0
L004311,,MetaC_Tech,Semiconductor,APAC,5G Testbeds,Website,"['IMS_Badge_Scan', 'Keysight_University_Course', 'No_Conversion']",0
L004312,Daniel Khan,,,APAC,,Email Campaign,"['Keysight_Workshop_RF_Testing', 'Keysight_Workshop_RF_Testing', 'SQL', 'Customer']",1
L004313,,Qualcomm,,North America,5G Testbeds,Webinar,"['Website_Product_Page', 'Opportunity', 'Oscilloscope_Selector_Tool', 'Oscilloscope_Selector_Tool', 'Keysight_University_Course', 'No_Conversion']",0
L004314,Daniel Williams,NXPSe_Tech,,North America,,LinkedIn,"['SQL', 'DesignCon_Booth_Visit', 'Opportunity', 'Customer']",1
L004315,,,Aerospace,,5G Testbeds,Webinar,"['Keysight_Workshop_RF_Testing', 'Opportunity', 'Oscilloscope_Selector_Tool', 'Technical_Demo', 'Application_Engineer_Call', 'LinkedIn_Ad_Click', 'IMS_Badge_Scan', 'Whitepaper_Download_5G_Test', 'Technical_Demo', 'AutoSens_Tech_Talk', 'Customer']",1
L004316,Priya Tanaka,Bosch_Tech,,LATAM,Automotive Ethernet,Webinar,"['Keysight_Workshop_RF_Testing', 'MQL', 'DesignCon_Booth_Visit', 'Whitepaper_Download_5G_Test', 'Website_Product_Page', 'Whitepaper_Download_5G_Test', 'LinkedIn_Ad_Click', 'Website_Product_Page', 'DesignCon_Booth_Visit', 'No_Conversion']",0
L004317,Kenji Tanaka,Tesla_Tech,,North America,,Webinar,"['Lab_Integration_Discussion', 'DesignCon_Booth_Visit', 'Opportunity', 'Whitepaper_Download_5G_Test', 'Customer']",1
L004318,Chen Patel,,,,,Email Campaign,"['Opportunity', 'DesignCon_Booth_Visit', 'Customer']",1
L004319,Maria Singh,Qualcomm GmbH,Telecom,,Oscilloscopes,LinkedIn,"['PathWave_Trial_Request', 'LinkedIn_Ad_Click', 'SQL', 'Website_Product_Page', 'Customer']",1
L004320,Priya Martinez,Tesla_Tech,Electronics,LATAM,PathWave Software,Email Campaign,"['PathWave_Trial_Request', 'Lab_Integration_Discussion', 'AutoSens_Tech_Talk', 'Lab_Integration_Discussion', 'Customer']",1
L004321,Laura Ito,Tesla Energy,Automotive,LATAM,5G Testbeds,,"['SQL', 'PathWave_Trial_Request', 'Application_Engineer_Call', 'Opportunity', 'IMS_Badge_Scan', 'Application_Engineer_Call', 'Customer']",1
L004322,,NXPSe_Tech,,APAC,PathWave Software,LinkedIn,"['MQL', 'Lab_Integration_Discussion', 'IMS_Badge_Scan', 'Customer']",1
L004323,Priya Lee,Meta Connectivity Labs,Aerospace,LATAM,5G Testbeds,Webinar,"['Loaner_Unit_Evaluation', 'AutoSens_Tech_Talk', 'No_Conversion']",0
L004324,Ravi Anders,,Aerospace,North America,PathWave Software,,"['PathWave_Trial_Request', 'DesignCon_Booth_Visit', 'Keysight_Workshop_RF_Testing', 'MQL', 'AutoSens_Tech_Talk', 'No_Conversion']",0
L004325,Michael Martinez,Broad_Tech,Aerospace,,,,"['Loaner_Unit_Evaluation', 'Keysight_University_Course', 'Keysight_Workshop_RF_Testing', 'PathWave_Trial_Request', 'Application_Engineer_Call', 'No_Conversion']",0
L004326,Daniel Khan,MetaC_Tech,Electronics,LATAM,,Sales Outreach,"['Application_Engineer_Call', 'DesignCon_Booth_Visit', 'LinkedIn_Ad_Click', 'Whitepaper_Download_5G_Test', 'Technical_Demo', 'Technical_Demo', 'SQL', 'Opportunity', 'Technical_Demo', 'Customer']",1
L004327,Ravi Williams,NXP Semiconductors GmbH,,APAC,5G Testbeds,Sales Outreach,"['Technical_Demo', 'DesignCon_Booth_Visit', 'Whitepaper_Download_5G_Test', 'Keysight_University_Course', 'Opportunity', 'Keysight_University_Course', 'Whitepaper_Download_5G_Test', 'No_Conversion']",0
L004328,Sarah Williams,,Aerospace,LATAM,Oscilloscopes,Email Campaign,"['Keysight_University_Course', 'Loaner_Unit_Evaluation', 'SQL', 'Lab_Integration_Discussion', 'No_Conversion']",0
L004329,Sarah Garcia,Broad_Tech,Automotive,APAC,5G Testbeds,Webinar,"['MQL', 'Keysight_Workshop_RF_Testing', 'Whitepaper_Download_5G_Test', 'Customer']",1
L004330,Priya Anders,,,LATAM,Oscilloscopes,Sales Outreach,"['SQL', 'Opportunity', 'MQL', 'Whitepaper_Download_5G_Test', 'Keysight_University_Course', 'Keysight_Workshop_RF_Testing', 'Application_Engineer_Call', 'Customer']",1
L004331,Priya Khan,,Electronics,,,Email Campaign,"['Keysight_University_Course', 'Oscilloscope_Selector_Tool', 'Loaner_Unit_Evaluation', 'Website_Product_Page', 'No_Conversion']",0
L004332,Kenji Martinez,Sony,Aerospace,,Automotive Ethernet,Email Campaign,"['Opportunity', 'Keysight_University_Course', 'Oscilloscope_Selector_Tool', 'DesignCon_Booth_Visit', 'Keysight_University_Course', 'No_Conversion']",0
L004333,Ravi Anders,Broadcom GmbH,,APAC,Oscilloscopes,Email Campaign,"['Website_Product_Page', 'Opportunity', 'LinkedIn_Ad_Click', 'Technical_Demo', 'Oscilloscope_Selector_Tool', 'AutoSens_Tech_Talk', 'Oscilloscope_Selector_Tool', 'Website_Product_Page', 'Customer']",1
L004334,Priya Tanaka,Qualc_Tech,,,PathWave Software,Sales Outreach,"['Opportunity', 'AutoSens_Tech_Talk', 'DesignCon_Booth_Visit', 'Lab_Integration_Discussion', 'Application_Engineer_Call', 'Keysight_University_Course', 'Keysight_University_Course', 'No_Conversion']",0
L004335,,Qualcomm GmbH,Semiconductor,North America,Automotive Ethernet,Email Campaign,"['LinkedIn_Ad_Click', 'AutoSens_Tech_Talk', 'Loaner_Unit_Evaluation', 'Keysight_University_Course', 'AutoSens_Tech_Talk', 'DesignCon_Booth_Visit', 'No_Conversion']",0
L004336,Laura Williams,Raytheon GmbH,Aerospace,,,LinkedIn,"['LinkedIn_Ad_Click', 'LinkedIn_Ad_Click', 'Oscilloscope_Selector_Tool', 'MQL', 'MQL', 'IMS_Badge_Scan', 'PathWave_Trial_Request', 'Oscilloscope_Selector_Tool', 'Lab_Integration_Discussion', 'AutoSens_Tech_Talk', 'No_Conversion']",0
L004337,Hiroshi Anders,NXPSe_Tech,Aerospace,LATAM,,Sales Outreach,"['Technical_Demo', 'LinkedIn_Ad_Click', 'IMS_Badge_Scan', 'Website_Product_Page', 'MQL', 'No_Conversion']",0
L004338,Priya Williams,Qualcomm,,,5G Testbeds,Email Campaign,"['Keysight_University_Course', 'SQL', 'Website_Product_Page', 'Lab_Integration_Discussion', 'AutoSens_Tech_Talk', 'DesignCon_Booth_Visit', 'Loaner_Unit_Evaluation', 'Opportunity', 'Customer']",1
L004339,Daniel Lee,Samsu_Tech,,North America,Oscilloscopes,,"['Opportunity', 'Opportunity', 'No_Conversion']",0
L004340,Sarah Martinez,Samsung Electronics GmbH,Automotive,,Oscilloscopes,Email Campaign,"['LinkedIn_Ad_Click', 'Application_Engineer_Call', 'AutoSens_Tech_Talk', 'Lab_Integration_Discussion', 'Opportunity', 'IMS_Badge_Scan', 'Application_Engineer_Call', 'No_Conversion']",0
L004341,Ravi Anders,Raytheon,,LATAM,,Webinar,"['SQL', 'Application_Engineer_Call', 'Customer']",1
L004342,Sofia Lee,Broad_Tech,,North America,Oscilloscopes,Webinar,"['Lab_Integration_Discussion', 'Customer']",1
L004343,Sarah Chen,,Electronics,LATAM,,Sales Outreach,['Customer'],1
L004344,Ravi Tanaka,Sony,Automotive,LATAM,PathWave Software,Website,['Customer'],1
L004345,Kenji Johnson,Bosch,Telecom,,Oscilloscopes,LinkedIn,"['SQL', 'PathWave_Trial_Request', 'Whitepaper_Download_5G_Test', 'SQL', 'Application_Engineer_Call', 'Opportunity', 'No_Conversion']",0
L004346,Chen Garcia,Broadcom GmbH,,LATAM,Automotive Ethernet,,"['Website_Product_Page', 'DesignCon_Booth_Visit', 'Keysight_Workshop_RF_Testing', 'Technical_Demo', 'Website_Product_Page', 'PathWave_Trial_Request', 'SQL', 'DesignCon_Booth_Visit', 'No_Conversion']",0
L004347,Priya Tanaka,,,Europe,,Website,"['DesignCon_Booth_Visit', 'MQL', 'Whitepaper_Download_5G_Test', 'Keysight_University_Course', 'Keysight_Workshop_RF_Testing', 'No_Conversion']",0
L004348,Maria Khan,Tesla Energy GmbH,Semiconductor,,,Sales Outreach,"['Website_Product_Page', 'Opportunity', 'SQL', 'Lab_Integration_Discussion', 'SQL', 'PathWave_Trial_Request', 'No_Conversion']",0
L004349,Maria Garcia,,Electronics,,,Email Campaign,"['Keysight_Workshop_RF_Testing', 'SQL', 'Lab_Integration_Discussion', 'No_Conversion']",0
L004350,Ahmed Anders,,,APAC,Oscilloscopes,LinkedIn,"['Opportunity', 'Application_Engineer_Call', 'IMS_Badge_Scan', 'Opportunity', 'No_Conversion']",0
L004351,Chen Anders,Tesla Energy GmbH,,LATAM,,Sales Outreach,"['LinkedIn_Ad_Click', 'Keysight_Workshop_RF_Testing', 'Lab_Integration_Discussion', 'SQL', 'Website_Product_Page', 'Keysight_Workshop_RF_Testing', 'Keysight_Workshop_RF_Testing', 'Oscilloscope_Selector_Tool', 'MQL', 'Customer']",1
L004352,Laura Anders,Infineon GmbH,,LATAM,Automotive Ethernet,Webinar,"['PathWave_Trial_Request', 'SQL', 'PathWave_Trial_Request', 'Opportunity', 'Lab_Integration_Discussion', 'LinkedIn_Ad_Click', 'PathWave_Trial_Request', 'IMS_Badge_Scan', 'No_Conversion']",0
L004353,,Qualc_Tech,,North America,,,"['Lab_Integration_Discussion', 'Oscilloscope_Selector_Tool', 'Oscilloscope_Selector_Tool', 'SQL', 'Keysight_University_Course', 'Customer']",1
L004354,Laura Williams,,Telecom,APAC,5G Testbeds,Sales Outreach,"['Loaner_Unit_Evaluation', 'Website_Product_Page', 'IMS_Badge_Scan', 'Technical_Demo', 'Keysight_University_Course', 'Technical_Demo', 'SQL', 'LinkedIn_Ad_Click', 'SQL', 'Whitepaper_Download_5G_Test', 'Customer']",1
L004355,Michael Khan,Meta Connectivity Labs,,APAC,Oscilloscopes,Email Campaign,"['AutoSens_Tech_Talk', 'Lab_Integration_Discussion', 'Loaner_Unit_Evaluation', 'SQL', 'No_Conversion']",0
L004356,Laura Chen,Samsu_Tech,Aerospace,Europe,,Email Campaign,"['IMS_Badge_Scan', 'Loaner_Unit_Evaluation', 'No_Conversion']",0
L004357,Chen Tanaka,Broad_Tech,,Europe,PathWave Software,Event,"['PathWave_Trial_Request', 'Technical_Demo', 'Keysight_University_Course', 'No_Conversion']",0
L004358,Ahmed Patel,NXP Semiconductors,,APAC,Automotive Ethernet,Sales Outreach,"['DesignCon_Booth_Visit', 'MQL', 'Technical_Demo', 'Website_Product_Page', 'PathWave_Trial_Request', 'Loaner_Unit_Evaluation', 'AutoSens_Tech_Talk', 'Oscilloscope_Selector_Tool', 'SQL', 'Technical_Demo', 'No_Conversion']",0
L004359,Chen Tanaka,Samsu_Tech,Electronics,APAC,PathWave Software,Sales Outreach,"['Oscilloscope_Selector_Tool', 'DesignCon_Booth_Visit', 'Website_Product_Page', 'DesignCon_Booth_Visit', 'PathWave_Trial_Request', 'Customer']",1
L004360,,Broad_Tech,Telecom,Europe,Automotive Ethernet,,"['Technical_Demo', 'Website_Product_Page', 'Whitepaper_Download_5G_Test', 'LinkedIn_Ad_Click', 'Opportunity', 'Keysight_University_Course', 'No_Conversion']",0
L004361,Sofia Johnson,Broadcom,,Europe,,Website,"['Keysight_University_Course', 'Customer']",1
L004362,Hiroshi Anders,Qualcomm GmbH,Telecom,LATAM,Automotive Ethernet,Event,"['Lab_Integration_Discussion', 'Keysight_Workshop_RF_Testing', 'Oscilloscope_Selector_Tool', 'MQL', 'No_Conversion']",0
L004363,Michael Ito,MetaC_Tech,Telecom,APAC,5G Testbeds,Event,"['Whitepaper_Download_5G_Test', 'Application_Engineer_Call', 'Keysight_University_Course', 'DesignCon_Booth_Visit', 'Technical_Demo', 'Website_Product_Page', 'Customer']",1
L004364,Daniel Lee,Broadcom,,APAC,Oscilloscopes,,"['IMS_Badge_Scan', 'AutoSens_Tech_Talk', 'AutoSens_Tech_Talk', 'LinkedIn_Ad_Click', 'Opportunity', 'IMS_Badge_Scan', 'SQL', 'Customer']",1
L004365,Hiroshi Martinez,Samsung Electronics GmbH,Telecom,,Oscilloscopes,Sales Outreach,"['Lab_Integration_Discussion', 'AutoSens_Tech_Talk', 'PathWave_Trial_Request', 'No_Conversion']",0
L004366,Sarah Tanaka,Meta Connectivity Labs GmbH,Automotive,APAC,5G Testbeds,Event,"['Opportunity', 'No_Conversion']",0
L004367,Chen Patel,,,North America,Oscilloscopes,Event,"['Website_Product_Page', 'Whitepaper_Download_5G_Test', 'Opportunity', 'SQL', 'Application_Engineer_Call', 'Opportunity', 'Opportunity', 'Customer']",1
L004368,Daniel Khan,Sony_Tech,Automotive,LATAM,,LinkedIn,"['MQL', 'No_Conversion']",0
L004369,Maria Tanaka,Sony,Aerospace,LATAM,Automotive Ethernet,,"['MQL', 'Loaner_Unit_Evaluation', 'SQL', 'No_Conversion']",0
L004370,Sarah Lee,,Automotive,,,Webinar,"['Keysight_University_Course', 'MQL', 'PathWave_Trial_Request', 'Technical_Demo', 'PathWave_Trial_Request', 'Customer']",1
L004371,Ahmed Chen,MetaC_Tech,Semiconductor,APAC,Oscilloscopes,Website,['Customer'],1
L004372,Michael Martinez,Bosch_Tech,Semiconductor,North America,,Sales Outreach,"['MQL', 'No_Conversion']",0
L004373,Ahmed Martinez,Rayth_Tech,Electronics,,PathWave Software,Webinar,"['LinkedIn_Ad_Click', 'Whitepaper_Download_5G_Test', 'AutoSens_Tech_Talk', 'No_Conversion']",0
L004374,Ahmed Martinez,MetaC_Tech,Telecom,Europe,,,"['Keysight_Workshop_RF_Testing', 'AutoSens_Tech_Talk', 'SQL', 'Customer']",1
L004375,Ahmed Patel,Samsung Electronics,Electronics,,5G Testbeds,Sales Outreach,"['Keysight_University_Course', 'DesignCon_Booth_Visit', 'Technical_Demo', 'Customer']",1
L004376,Sofia Williams,Samsu_Tech,,,Automotive Ethernet,,"['AutoSens_Tech_Talk', 'Keysight_Workshop_RF_Testing', 'Website_Product_Page', 'Opportunity', 'Application_Engineer_Call', 'LinkedIn_Ad_Click', 'PathWave_Trial_Request', 'AutoSens_Tech_Talk', 'Customer']",1
L004377,Ahmed Patel,Samsung Electronics GmbH,,APAC,5G Testbeds,Webinar,"['Application_Engineer_Call', 'IMS_Badge_Scan', 'DesignCon_Booth_Visit', 'No_Conversion']",0
L004378,Ravi Ito,Infineon GmbH,,APAC,,Event,"['Whitepaper_Download_5G_Test', 'Application_Engineer_Call', 'DesignCon_Booth_Visit', 'MQL', 'AutoSens_Tech_Talk', 'Opportunity', 'IMS_Badge_Scan', 'MQL', 'Whitepaper_Download_5G_Test', 'IMS_Badge_Scan', 'No_Conversion']",0
L004379,Michael Garcia,Broadcom GmbH,,Europe,,Webinar,"['PathWave_Trial_Request', 'Keysight_University_Course', 'IMS_Badge_Scan', 'No_Conversion']",0
L004380,Maria Khan,Tesla Energy,,APAC,PathWave Software,Sales Outreach,"['SQL', 'Keysight_Workshop_RF_Testing', 'PathWave_Trial_Request', 'Opportunity', 'Lab_Integration_Discussion', 'AutoSens_Tech_Talk', 'Website_Product_Page', 'DesignCon_Booth_Visit', 'Customer']",1
L004381,Ravi Johnson,Rayth_Tech,Electronics,APAC,5G Testbeds,LinkedIn,"['Keysight_Workshop_RF_Testing', 'Application_Engineer_Call', 'Website_Product_Page', 'No_Conversion']",0
L004382,Ravi Chen,Sony,,Europe,,,['Customer'],1
L004383,Michael Garcia,Qualcomm GmbH,Automotive,North America,,,"['Oscilloscope_Selector_Tool', 'Application_Engineer_Call', 'Keysight_University_Course', 'No_Conversion']",0
L004384,Hiroshi Williams,Tesla_Tech,Electronics,APAC,,,"['AutoSens_Tech_Talk', 'Keysight_Workshop_RF_Testing', 'No_Conversion']",0
L004385,Chen Ito,Sony GmbH,,APAC,,,"['Opportunity', 'Lab_Integration_Discussion', 'Oscilloscope_Selector_Tool', 'Application_Engineer_Call', 'Lab_Integration_Discussion', 'Website_Product_Page', 'Customer']",1
L004386,,Bosch_Tech,Electronics,North America,,Email Campaign,"['Keysight_Workshop_RF_Testing', 'SQL', 'Website_Product_Page', 'MQL', 'IMS_Badge_Scan', 'No_Conversion']",0
L004387,Sarah Martinez,Broadcom GmbH,,North America,,Email Campaign,"['Loaner_Unit_Evaluation', 'DesignCon_Booth_Visit', 'DesignCon_Booth_Visit', 'Opportunity', 'LinkedIn_Ad_Click', 'Keysight_Workshop_RF_Testing', 'No_Conversion']",0
L004388,Ahmed Johnson,Bosch GmbH,Telecom,,5G Testbeds,Webinar,"['Loaner_Unit_Evaluation', 'DesignCon_Booth_Visit', 'IMS_Badge_Scan', 'MQL', 'Keysight_Workshop_RF_Testing', 'Customer']",1
L004389,Priya Williams,Sony_Tech,,APAC,,Website,"['DesignCon_Booth_Visit', 'Technical_Demo', 'Keysight_Workshop_RF_Testing', 'Opportunity', 'AutoSens_Tech_Talk', 'Loaner_Unit_Evaluation', 'Customer']",1
L004390,Daniel Williams,Broadcom GmbH,Electronics,APAC,,Email Campaign,"['Oscilloscope_Selector_Tool', 'Oscilloscope_Selector_Tool', 'LinkedIn_Ad_Click', 'PathWave_Trial_Request', 'Website_Product_Page', 'AutoSens_Tech_Talk', 'Customer']",1
L004391,Daniel Singh,,,Europe,PathWave Software,Event,"['Opportunity', 'Opportunity', 'Application_Engineer_Call', 'Website_Product_Page', 'DesignCon_Booth_Visit', 'IMS_Badge_Scan', 'Keysight_University_Course', 'Website_Product_Page', 'SQL', 'Oscilloscope_Selector_Tool', 'Customer']",1
L004392,Chen Johnson,Broad_Tech,,LATAM,,Webinar,"['Lab_Integration_Discussion', 'Customer']",1
L004393,Sofia Khan,Sony GmbH,Aerospace,LATAM,,Webinar,"['Keysight_Workshop_RF_Testing', 'Technical_Demo', 'Customer']",1
L004394,Priya Johnson,Sony GmbH,Telecom,North America,,Event,"['Website_Product_Page', 'Whitepaper_Download_5G_Test', 'Website_Product_Page', 'Customer']",1
L004395,Hiroshi Khan,Tesla Energy GmbH,Aerospace,,,Website,"['SQL', 'PathWave_Trial_Request', 'Technical_Demo', 'Opportunity', 'Customer']",1
L004396,Priya Ito,,Semiconductor,APAC,,LinkedIn,"['Keysight_Workshop_RF_Testing', 'Customer']",1
L004397,Laura Khan,Raytheon GmbH,Automotive,LATAM,5G Testbeds,Website,"['Keysight_University_Course', 'LinkedIn_Ad_Click', 'Lab_Integration_Discussion', 'MQL', 'DesignCon_Booth_Visit', 'Customer']",1
L004398,Priya Lee,Sony_Tech,Aerospace,Europe,,Email Campaign,"['PathWave_Trial_Request', 'Application_Engineer_Call', 'Oscilloscope_Selector_Tool', 'Oscilloscope_Selector_Tool', 'AutoSens_Tech_Talk', 'Keysight_University_Course', 'LinkedIn_Ad_Click', 'No_Conversion']",0
L004399,Laura Ito,Infineon GmbH,Electronics,APAC,,Email Campaign,"['Application_Engineer_Call', 'IMS_Badge_Scan', 'DesignCon_Booth_Visit', 'Website_Product_Page', 'Website_Product_Page', 'Oscilloscope_Selector_Tool', 'Customer']",1
L004400,Hiroshi Anders,Infin_Tech,,APAC,,Website,"['Lab_Integration_Discussion', 'Technical_Demo', 'IMS_Badge_Scan', 'Loaner_Unit_Evaluation', 'LinkedIn_Ad_Click', 'PathWave_Trial_Request', 'No_Conversion']",0
L004401,Ravi Singh,Tesla Energy GmbH,,Europe,5G Testbeds,LinkedIn,['No_Conversion'],0
L004402,Chen Chen,Bosch_Tech,Aerospace,,,,"['SQL', 'Keysight_Workshop_RF_Testing', 'AutoSens_Tech_Talk', 'PathWave_Trial_Request', 'Technical_Demo', 'Lab_Integration_Discussion', 'Application_Engineer_Call', 'Keysight_Workshop_RF_Testing', 'No_Conversion']",0
L004403,Hiroshi Martinez,Sony,,APAC,Automotive Ethernet,Sales Outreach,"['Lab_Integration_Discussion', 'DesignCon_Booth_Visit', 'LinkedIn_Ad_Click', 'Keysight_University_Course', 'IMS_Badge_Scan', 'Technical_Demo', 'SQL', 'Opportunity', 'Whitepaper_Download_5G_Test', 'No_Conversion']",0
L004404,,Rayth_Tech,,,,Webinar,"['Technical_Demo', 'Keysight_Workshop_RF_Testing', 'Technical_Demo', 'MQL', 'MQL', 'IMS_Badge_Scan', 'No_Conversion']",0
L004405,Sofia Khan,Sony GmbH,,North America,5G Testbeds,Email Campaign,"['Loaner_Unit_Evaluation', 'Keysight_University_Course', 'Loaner_Unit_Evaluation', 'No_Conversion']",0
L004406,Ahmed Patel,Raytheon,Telecom,Europe,Automotive Ethernet,Email Campaign,"['Website_Product_Page', 'Whitepaper_Download_5G_Test', 'PathWave_Trial_Request', 'No_Conversion']",0
L004407,Laura Anders,Samsung Electronics,,APAC,PathWave Software,LinkedIn,"['LinkedIn_Ad_Click', 'Application_Engineer_Call', 'Technical_Demo', 'Customer']",1
L004408,Laura Khan,Tesla_Tech,,,Oscilloscopes,Sales Outreach,"['Whitepaper_Download_5G_Test', 'Opportunity', 'PathWave_Trial_Request', 'Customer']",1
L004409,Chen Singh,Broadcom,,LATAM,5G Testbeds,Webinar,"['Application_Engineer_Call', 'Oscilloscope_Selector_Tool', 'DesignCon_Booth_Visit', 'Application_Engineer_Call', 'Keysight_Workshop_RF_Testing', 'No_Conversion']",0
L004410,Maria Chen,NXPSe_Tech,Automotive,,,Sales Outreach,"['SQL', 'Opportunity', 'SQL', 'Oscilloscope_Selector_Tool', 'Customer']",1
L004411,,NXP Semiconductors GmbH,,North America,5G Testbeds,Sales Outreach,"['Opportunity', 'LinkedIn_Ad_Click', 'Opportunity', 'SQL', 'Keysight_University_Course', 'PathWave_Trial_Request', 'DesignCon_Booth_Visit', 'Lab_Integration_Discussion', 'DesignCon_Booth_Visit', 'Customer']",1
L004412,Ahmed Anders,Bosch_Tech,Aerospace,,Oscilloscopes,,['Customer'],1
L004413,Maria Williams,Samsung Electronics GmbH,Semiconductor,,,Website,"['Keysight_Workshop_RF_Testing', 'Lab_Integration_Discussion', 'LinkedIn_Ad_Click', 'Website_Product_Page', 'Whitepaper_Download_5G_Test', 'LinkedIn_Ad_Click', 'No_Conversion']",0
L004414,Chen Johnson,Meta Connectivity Labs GmbH,Automotive,Europe,,Event,"['Technical_Demo', 'PathWave_Trial_Request', 'Keysight_Workshop_RF_Testing', 'LinkedIn_Ad_Click', 'Whitepaper_Download_5G_Test', 'IMS_Badge_Scan', 'Website_Product_Page', 'MQL', 'No_Conversion']",0
L004415,Chen Johnson,Raytheon,,,,Webinar,"['IMS_Badge_Scan', 'Lab_Integration_Discussion', 'LinkedIn_Ad_Click', 'Customer']",1
L004416,Chen Martinez,,Electronics,North America,Automotive Ethernet,Website,"['Lab_Integration_Discussion', 'Keysight_Workshop_RF_Testing', 'LinkedIn_Ad_Click', 'PathWave_Trial_Request', 'Opportunity', 'No_Conversion']",0
L004417,Hiroshi Lee,Tesla_Tech,,Europe,,Event,"['DesignCon_Booth_Visit', 'Oscilloscope_Selector_Tool', 'Whitepaper_Download_5G_Test', 'IMS_Badge_Scan', 'Lab_Integration_Discussion', 'Lab_Integration_Discussion', 'No_Conversion']",0
L004418,Priya Chen,Broadcom GmbH,,LATAM,5G Testbeds,Website,"['Opportunity', 'SQL', 'Loaner_Unit_Evaluation', 'No_Conversion']",0
L004419,Kenji Chen,Meta Connectivity Labs GmbH,Electronics,APAC,,,"['LinkedIn_Ad_Click', 'IMS_Badge_Scan', 'Application_Engineer_Call', 'Keysight_University_Course', 'Opportunity', 'SQL', 'Keysight_University_Course', 'Opportunity', 'AutoSens_Tech_Talk', 'Customer']",1
L004420,Sarah Lee,MetaC_Tech,Telecom,Europe,Automotive Ethernet,Webinar,"['Loaner_Unit_Evaluation', 'IMS_Badge_Scan', 'SQL', 'No_Conversion']",0
L004421,Priya Garcia,,Telecom,Europe,Automotive Ethernet,,"['LinkedIn_Ad_Click', 'Website_Product_Page', 'Lab_Integration_Discussion', 'No_Conversion']",0
L004422,Chen Tanaka,Infineon,,Europe,,Email Campaign,"['PathWave_Trial_Request', 'Oscilloscope_Selector_Tool', 'DesignCon_Booth_Visit', 'Loaner_Unit_Evaluation', 'Loaner_Unit_Evaluation', 'No_Conversion']",0
L004423,,Tesla Energy,Automotive,,PathWave Software,Website,['No_Conversion'],0
L004424,Ahmed Khan,,Telecom,,PathWave Software,LinkedIn,"['LinkedIn_Ad_Click', 'Keysight_University_Course', 'Customer']",1
L004425,Laura Johnson,Raytheon,Aerospace,APAC,,Sales Outreach,"['Technical_Demo', 'No_Conversion']",0
L004426,Ahmed Ito,,,APAC,,Email Campaign,['Customer'],1
L004427,Michael Khan,,Electronics,APAC,PathWave Software,LinkedIn,"['SQL', 'Customer']",1
L004428,Daniel Tanaka,NXPSe_Tech,Aerospace,,PathWave Software,Webinar,"['Keysight_University_Course', 'Loaner_Unit_Evaluation', 'AutoSens_Tech_Talk', 'Loaner_Unit_Evaluation', 'Technical_Demo', 'SQL', 'Oscilloscope_Selector_Tool', 'No_Conversion']",0
L004429,Priya Singh,Raytheon,Electronics,,,Website,"['Keysight_University_Course', 'Whitepaper_Download_5G_Test', 'LinkedIn_Ad_Click', 'Website_Product_Page', 'SQL', 'No_Conversion']",0
L004430,Hiroshi Khan,Meta Connectivity Labs GmbH,,APAC,,,"['Loaner_Unit_Evaluation', 'Customer']",1
L004431,Sofia Johnson,Tesla Energy,Semiconductor,Europe,,Webinar,"['Keysight_Workshop_RF_Testing', 'Website_Product_Page', 'IMS_Badge_Scan', 'Keysight_University_Course', 'Website_Product_Page', 'SQL', 'Website_Product_Page', 'Lab_Integration_Discussion', 'SQL', 'Customer']",1
L004432,,MetaC_Tech,,North America,5G Testbeds,LinkedIn,"['IMS_Badge_Scan', 'LinkedIn_Ad_Click', 'PathWave_Trial_Request', 'Customer']",1
L004433,Kenji Garcia,Meta Connectivity Labs,Electronics,,,Email Campaign,"['MQL', 'Technical_Demo', 'LinkedIn_Ad_Click', 'PathWave_Trial_Request', 'Technical_Demo', 'Loaner_Unit_Evaluation', 'Whitepaper_Download_5G_Test', 'Lab_Integration_Discussion', 'Customer']",1
L004434,Chen Khan,Samsung Electronics,Aerospace,APAC,Automotive Ethernet,LinkedIn,"['Loaner_Unit_Evaluation', 'AutoSens_Tech_Talk', 'No_Conversion']",0
L004435,Kenji Patel,NXP Semiconductors,Telecom,North America,Automotive Ethernet,,['Customer'],1
L004436,Maria Williams,NXP Semiconductors,Semiconductor,,,Website,"['Loaner_Unit_Evaluation', 'Loaner_Unit_Evaluation', 'AutoSens_Tech_Talk', 'Technical_Demo', 'PathWave_Trial_Request', 'PathWave_Trial_Request', 'Customer']",1
L004437,Ravi Tanaka,Meta Connectivity Labs,Semiconductor,LATAM,Oscilloscopes,Email Campaign,['No_Conversion'],0
L004438,Sarah Johnson,,,APAC,Oscilloscopes,Email Campaign,"['Oscilloscope_Selector_Tool', 'Lab_Integration_Discussion', 'Keysight_Workshop_RF_Testing', 'Loaner_Unit_Evaluation', 'No_Conversion']",0
L004439,Ahmed Martinez,Rayth_Tech,Semiconductor,APAC,,Email Campaign,"['Lab_Integration_Discussion', 'LinkedIn_Ad_Click', 'Customer']",1
L004440,Chen Khan,,Semiconductor,LATAM,Automotive Ethernet,LinkedIn,"['Opportunity', 'Loaner_Unit_Evaluation', 'Keysight_University_Course', 'SQL', 'IMS_Badge_Scan', 'DesignCon_Booth_Visit', 'Technical_Demo', 'SQL', 'Keysight_Workshop_RF_Testing', 'SQL', 'Customer']",1
L004441,Laura Lee,Qualcomm GmbH,,,,LinkedIn,"['Keysight_University_Course', 'Loaner_Unit_Evaluation', 'Opportunity', 'Lab_Integration_Discussion', 'DesignCon_Booth_Visit', 'Loaner_Unit_Evaluation', 'No_Conversion']",0
L004442,Laura Lee,,Semiconductor,LATAM,PathWave Software,Event,"['Oscilloscope_Selector_Tool', 'Oscilloscope_Selector_Tool', 'Technical_Demo', 'Whitepaper_Download_5G_Test', 'Loaner_Unit_Evaluation', 'Customer']",1
L004443,Sarah Martinez,Bosch GmbH,Aerospace,North America,,Event,"['Technical_Demo', 'DesignCon_Booth_Visit', 'IMS_Badge_Scan', 'Website_Product_Page', 'Keysight_University_Course', 'Technical_Demo', 'No_Conversion']",0
L004444,Chen Ito,NXP Semiconductors,Semiconductor,APAC,Oscilloscopes,Sales Outreach,"['Website_Product_Page', 'No_Conversion']",0
L004445,Hiroshi Ito,NXP Semiconductors GmbH,Telecom,LATAM,,,"['Whitepaper_Download_5G_Test', 'Technical_Demo', 'AutoSens_Tech_Talk', 'LinkedIn_Ad_Click', 'MQL', 'Oscilloscope_Selector_Tool', 'DesignCon_Booth_Visit', 'No_Conversion']",0
L004446,Daniel Johnson,,Telecom,North America,5G Testbeds,Email Campaign,"['Oscilloscope_Selector_Tool', 'Customer']",1
L004447,Sarah Ito,Sony,Automotive,,,Email Campaign,"['Website_Product_Page', 'No_Conversion']",0
L004448,Laura Williams,,,LATAM,PathWave Software,Website,"['Website_Product_Page', 'SQL', 'Customer']",1
L004449,Sofia Ito,Tesla Energy,Aerospace,APAC,Oscilloscopes,Webinar,"['Oscilloscope_Selector_Tool', 'Opportunity', 'MQL', 'DesignCon_Booth_Visit', 'Application_Engineer_Call', 'Opportunity', 'Website_Product_Page', 'PathWave_Trial_Request', 'Loaner_Unit_Evaluation', 'Keysight_University_Course', 'Customer']",1
L004450,Maria Williams,,Electronics,,5G Testbeds,Event,"['Oscilloscope_Selector_Tool', 'Loaner_Unit_Evaluation', 'PathWave_Trial_Request', 'SQL', 'PathWave_Trial_Request', 'Application_Engineer_Call', 'DesignCon_Booth_Visit', 'Customer']",1
L004451,Kenji Anders,Infineon GmbH,,Europe,,Sales Outreach,"['Whitepaper_Download_5G_Test', 'No_Conversion']",0
L004452,Ravi Tanaka,Rayth_Tech,Semiconductor,North America,Oscilloscopes,LinkedIn,"['Loaner_Unit_Evaluation', 'Loaner_Unit_Evaluation', 'Oscilloscope_Selector_Tool', 'No_Conversion']",0
L004453,Michael Khan,,Aerospace,,Oscilloscopes,Event,"['Opportunity', 'DesignCon_Booth_Visit', 'Application_Engineer_Call', 'SQL', 'Customer']",1
L004454,Maria Singh,NXPSe_Tech,,,Automotive Ethernet,LinkedIn,"['Lab_Integration_Discussion', 'Lab_Integration_Discussion', 'DesignCon_Booth_Visit', 'Customer']",1
L004455,Hiroshi Khan,Sony GmbH,Telecom,North America,5G Testbeds,Event,"['IMS_Badge_Scan', 'No_Conversion']",0
L004456,Kenji Anders,Samsung Electronics GmbH,Electronics,North America,PathWave Software,Website,"['Keysight_University_Course', 'SQL', 'Customer']",1
L004457,Maria Williams,,Automotive,,,,"['Lab_Integration_Discussion', 'Application_Engineer_Call', 'PathWave_Trial_Request', 'Whitepaper_Download_5G_Test', 'PathWave_Trial_Request', 'Loaner_Unit_Evaluation', 'LinkedIn_Ad_Click', 'Whitepaper_Download_5G_Test', 'No_Conversion']",0
L004458,Priya Ito,Qualcomm GmbH,Electronics,,5G Testbeds,Webinar,"['SQL', 'PathWave_Trial_Request', 'Keysight_Workshop_RF_Testing', 'Website_Product_Page', 'AutoSens_Tech_Talk', 'No_Conversion']",0
L004459,Michael Martinez,,Telecom,Europe,,,"['Whitepaper_Download_5G_Test', 'LinkedIn_Ad_Click', 'Lab_Integration_Discussion', 'PathWave_Trial_Request', 'Keysight_University_Course', 'Opportunity', 'Loaner_Unit_Evaluation', 'Application_Engineer_Call', 'No_Conversion']",0
L004460,Chen Garcia,Tesla_Tech,,,Automotive Ethernet,Sales Outreach,"['MQL', 'Website_Product_Page', 'Whitepaper_Download_5G_Test', 'IMS_Badge_Scan', 'Customer']",1
L004461,Ahmed Martinez,Infin_Tech,Semiconductor,,PathWave Software,Website,"['AutoSens_Tech_Talk', 'Opportunity', 'LinkedIn_Ad_Click', 'Customer']",1
L004462,Ravi Ito,Samsu_Tech,Telecom,North America,PathWave Software,LinkedIn,"['SQL', 'Loaner_Unit_Evaluation', 'Keysight_University_Course', 'MQL', 'Loaner_Unit_Evaluation', 'Keysight_University_Course', 'Website_Product_Page', 'PathWave_Trial_Request', 'Customer']",1
L004463,Laura Patel,Broadcom,Telecom,APAC,5G Testbeds,Event,"['Oscilloscope_Selector_Tool', 'AutoSens_Tech_Talk', 'AutoSens_Tech_Talk', 'Customer']",1
L004464,Laura Williams,Infin_Tech,,,,LinkedIn,"['Website_Product_Page', 'Customer']",1
L004465,Ravi Lee,Broadcom GmbH,Automotive,APAC,PathWave Software,Event,"['LinkedIn_Ad_Click', 'No_Conversion']",0
L004466,Kenji Johnson,Sony,,APAC,Automotive Ethernet,Sales Outreach,"['Opportunity', 'Technical_Demo', 'Keysight_Workshop_RF_Testing', 'IMS_Badge_Scan', 'Keysight_University_Course', 'No_Conversion']",0
L004467,Daniel Patel,,,North America,Automotive Ethernet,LinkedIn,['Customer'],1
L004468,,Meta Connectivity Labs,,Europe,Automotive Ethernet,Event,"['IMS_Badge_Scan', 'No_Conversion']",0
L004469,Kenji Singh,Meta Connectivity Labs GmbH,Electronics,,,Website,"['Keysight_University_Course', 'Website_Product_Page', 'Application_Engineer_Call', 'Customer']",1
L004470,Hiroshi Singh,Sony,Semiconductor,APAC,Oscilloscopes,Email Campaign,"['PathWave_Trial_Request', 'AutoSens_Tech_Talk', 'Oscilloscope_Selector_Tool', 'Website_Product_Page', 'Oscilloscope_Selector_Tool', 'Keysight_Workshop_RF_Testing', 'DesignCon_Booth_Visit', 'Customer']",1
L004471,Priya Patel,,Aerospace,,5G Testbeds,LinkedIn,"['Oscilloscope_Selector_Tool', 'DesignCon_Booth_Visit', 'Whitepaper_Download_5G_Test', 'AutoSens_Tech_Talk', 'Oscilloscope_Selector_Tool', 'Keysight_University_Course', 'Opportunity', 'Customer']",1
L004472,Hiroshi Johnson,Bosch GmbH,Telecom,APAC,Automotive Ethernet,Webinar,"['Opportunity', 'IMS_Badge_Scan', 'Keysight_Workshop_RF_Testing', 'Customer']",1
L004473,Sofia Chen,Infineon GmbH,,,Automotive Ethernet,LinkedIn,"['Whitepaper_Download_5G_Test', 'Application_Engineer_Call', 'DesignCon_Booth_Visit', 'DesignCon_Booth_Visit', 'PathWave_Trial_Request', 'Customer']",1
L004474,Michael Martinez,Rayth_Tech,,LATAM,,LinkedIn,"['Technical_Demo', 'SQL', 'LinkedIn_Ad_Click', 'LinkedIn_Ad_Click', 'Website_Product_Page', 'Customer']",1
L004475,Maria Johnson,NXP Semiconductors GmbH,Telecom,APAC,Automotive Ethernet,Sales Outreach,"['Whitepaper_Download_5G_Test', 'Lab_Integration_Discussion', 'PathWave_Trial_Request', 'No_Conversion']",0
L004476,Maria Patel,,,,Oscilloscopes,Webinar,"['IMS_Badge_Scan', 'Keysight_Workshop_RF_Testing', 'Keysight_University_Course', 'Lab_Integration_Discussion', 'Keysight_Workshop_RF_Testing', 'IMS_Badge_Scan', 'Keysight_Workshop_RF_Testing', 'Oscilloscope_Selector_Tool', 'Keysight_University_Course', 'Oscilloscope_Selector_Tool', 'Customer']",1
L004477,,Raytheon,Semiconductor,Europe,,Sales Outreach,"['Opportunity', 'AutoSens_Tech_Talk', 'Keysight_University_Course', 'DesignCon_Booth_Visit', 'Oscilloscope_Selector_Tool', 'Oscilloscope_Selector_Tool', 'Loaner_Unit_Evaluation', 'Oscilloscope_Selector_Tool', 'Keysight_Workshop_RF_Testing', 'No_Conversion']",0
L004478,,Bosch,Electronics,North America,PathWave Software,Email Campaign,"['Opportunity', 'IMS_Badge_Scan', 'AutoSens_Tech_Talk', 'SQL', 'Lab_Integration_Discussion', 'LinkedIn_Ad_Click', 'Keysight_Workshop_RF_Testing', 'AutoSens_Tech_Talk', 'IMS_Badge_Scan', 'No_Conversion']",0
L004479,Ravi Ito,Bosch,Electronics,North America,,Sales Outreach,"['SQL', 'Website_Product_Page', 'PathWave_Trial_Request', 'Keysight_Workshop_RF_Testing', 'DesignCon_Booth_Visit', 'Lab_Integration_Discussion', 'Customer']",1
L004480,Daniel Anders,Samsu_Tech,,Europe,5G Testbeds,,"['Keysight_University_Course', 'PathWave_Trial_Request', 'Technical_Demo', 'Loaner_Unit_Evaluation', 'Opportunity', 'AutoSens_Tech_Talk', 'No_Conversion']",0
L004481,Laura Williams,,Telecom,APAC,PathWave Software,,['No_Conversion'],0
L004482,Priya Patel,Broad_Tech,,APAC,,Event,"['Keysight_University_Course', 'MQL', 'IMS_Badge_Scan', 'Lab_Integration_Discussion', 'Customer']",1
L004483,Sofia Johnson,Infineon GmbH,Telecom,APAC,,LinkedIn,"['PathWave_Trial_Request', 'Loaner_Unit_Evaluation', 'Website_Product_Page', 'IMS_Badge_Scan', 'Whitepaper_Download_5G_Test', 'Customer']",1
L004484,Sarah Tanaka,,,Europe,PathWave Software,Email Campaign,"['Keysight_University_Course', 'IMS_Badge_Scan', 'Website_Product_Page', 'No_Conversion']",0
L004485,Michael Singh,Infineon,Telecom,North America,PathWave Software,LinkedIn,"['Keysight_Workshop_RF_Testing', 'PathWave_Trial_Request', 'Technical_Demo', 'Keysight_Workshop_RF_Testing', 'IMS_Badge_Scan', 'Customer']",1
L004486,Ahmed Lee,NXPSe_Tech,Semiconductor,North America,PathWave Software,Sales Outreach,['No_Conversion'],0
L004487,Hiroshi Lee,Rayth_Tech,Aerospace,Europe,Oscilloscopes,Webinar,"['Application_Engineer_Call', 'MQL', 'LinkedIn_Ad_Click', 'Keysight_University_Course', 'DesignCon_Booth_Visit', 'Technical_Demo', 'DesignCon_Booth_Visit', 'Website_Product_Page', 'IMS_Badge_Scan', 'Customer']",1
L004488,Hiroshi Garcia,Qualcomm,,North America,PathWave Software,Webinar,"['Technical_Demo', 'Whitepaper_Download_5G_Test', 'DesignCon_Booth_Visit', 'Oscilloscope_Selector_Tool', 'Customer']",1
L004489,Ravi Martinez,,Telecom,LATAM,,Sales Outreach,"['Lab_Integration_Discussion', 'LinkedIn_Ad_Click', 'MQL', 'SQL', 'PathWave_Trial_Request', 'Technical_Demo', 'IMS_Badge_Scan', 'Oscilloscope_Selector_Tool', 'AutoSens_Tech_Talk', 'No_Conversion']",0
L004490,Daniel Garcia,Samsung Electronics,Semiconductor,,,Website,"['Loaner_Unit_Evaluation', 'Loaner_Unit_Evaluation', 'Lab_Integration_Discussion', 'No_Conversion']",0
L004491,Maria Anders,Samsung Electronics GmbH,Semiconductor,APAC,,Event,"['Keysight_Workshop_RF_Testing', 'Loaner_Unit_Evaluation', 'Customer']",1
L004492,Ahmed Johnson,Raytheon,Aerospace,APAC,Automotive Ethernet,Webinar,"['Oscilloscope_Selector_Tool', 'Lab_Integration_Discussion', 'Technical_Demo', 'Opportunity', 'Loaner_Unit_Evaluation', 'Technical_Demo', 'PathWave_Trial_Request', 'Keysight_Workshop_RF_Testing', 'DesignCon_Booth_Visit', 'Customer']",1
L004493,,,Aerospace,APAC,Oscilloscopes,Webinar,"['SQL', 'Customer']",1
L004494,Kenji Khan,Rayth_Tech,Telecom,Europe,,Event,"['AutoSens_Tech_Talk', 'PathWave_Trial_Request', 'DesignCon_Booth_Visit', 'AutoSens_Tech_Talk', 'Loaner_Unit_Evaluation', 'Application_Engineer_Call', 'Customer']",1
L004495,Michael Lee,Raytheon,Semiconductor,APAC,5G Testbeds,Event,"['Loaner_Unit_Evaluation', 'Application_Engineer_Call', 'Lab_Integration_Discussion', 'Keysight_University_Course', 'Website_Product_Page', 'Lab_Integration_Discussion', 'No_Conversion']",0
L004496,Ahmed Patel,,Automotive,Europe,,LinkedIn,['Customer'],1
L004497,Sofia Lee,Infin_Tech,Electronics,North America,Oscilloscopes,Sales Outreach,"['Keysight_Workshop_RF_Testing', 'LinkedIn_Ad_Click', 'LinkedIn_Ad_Click', 'Loaner_Unit_Evaluation', 'Lab_Integration_Discussion', 'No_Conversion']",0
L004498,,,Automotive,LATAM,5G Testbeds,Webinar,"['MQL', 'Application_Engineer_Call', 'Loaner_Unit_Evaluation', 'IMS_Badge_Scan', 'No_Conversion']",0
L004499,Kenji Singh,Qualcomm,Semiconductor,LATAM,Automotive Ethernet,Sales Outreach,"['AutoSens_Tech_Talk', 'LinkedIn_Ad_Click', 'Technical_Demo', 'Keysight_Workshop_RF_Testing', 'LinkedIn_Ad_Click', 'Opportunity', 'Website_Product_Page', 'No_Conversion']",0
L004500,Sarah Williams,Broad_Tech,Telecom,North America,Oscilloscopes,Website,"['DesignCon_Booth_Visit', 'Application_Engineer_Call', 'Technical_Demo', 'AutoSens_Tech_Talk', 'Loaner_Unit_Evaluation', 'Loaner_Unit_Evaluation', 'Customer']",1
L004501,Hiroshi Chen,,,APAC,,Sales Outreach,"['Technical_Demo', 'Lab_Integration_Discussion', 'Whitepaper_Download_5G_Test', 'Customer']",1
L004502,Daniel Khan,Qualcomm,Telecom,APAC,Automotive Ethernet,Event,['No_Conversion'],0
L004503,Ravi Chen,Samsung Electronics,Telecom,North America,Oscilloscopes,Webinar,"['IMS_Badge_Scan', 'MQL', 'LinkedIn_Ad_Click', 'PathWave_Trial_Request', 'SQL', 'Customer']",1
L004504,Priya Williams,Qualc_Tech,Electronics,APAC,Oscilloscopes,,"['Website_Product_Page', 'SQL', 'Website_Product_Page', 'AutoSens_Tech_Talk', 'MQL', 'No_Conversion']",0
L004505,Kenji Tanaka,Tesla Energy,Electronics,Europe,Oscilloscopes,LinkedIn,"['Opportunity', 'DesignCon_Booth_Visit', 'Application_Engineer_Call', 'Whitepaper_Download_5G_Test', 'Customer']",1
L004506,Maria Anders,Raytheon,Aerospace,,,,"['IMS_Badge_Scan', 'SQL', 'Loaner_Unit_Evaluation', 'Whitepaper_Download_5G_Test', 'Oscilloscope_Selector_Tool', 'Keysight_Workshop_RF_Testing', 'IMS_Badge_Scan', 'Keysight_University_Course', 'No_Conversion']",0
L004507,Maria Chen,Infineon,Automotive,LATAM,Automotive Ethernet,Website,"['MQL', 'Keysight_Workshop_RF_Testing', 'Opportunity', 'Technical_Demo', 'No_Conversion']",0
L004508,,Meta Connectivity Labs GmbH,,APAC,Oscilloscopes,LinkedIn,"['Opportunity', 'SQL', 'Whitepaper_Download_5G_Test', 'Lab_Integration_Discussion', 'MQL', 'AutoSens_Tech_Talk', 'No_Conversion']",0
L004509,Laura Khan,Samsu_Tech,Electronics,North America,,Website,"['SQL', 'Opportunity', 'No_Conversion']",0
L004510,Ahmed Lee,,,North America,5G Testbeds,,"['Oscilloscope_Selector_Tool', 'Oscilloscope_Selector_Tool', 'LinkedIn_Ad_Click', 'DesignCon_Booth_Visit', 'Customer']",1
L004511,Kenji Anders,Meta Connectivity Labs,Electronics,North America,,LinkedIn,['Customer'],1
L004512,Maria Chen,Samsu_Tech,,LATAM,Oscilloscopes,Website,"['LinkedIn_Ad_Click', 'Technical_Demo', 'Technical_Demo', 'SQL', 'MQL', 'Whitepaper_Download_5G_Test', 'Website_Product_Page', 'Website_Product_Page', 'PathWave_Trial_Request', 'DesignCon_Booth_Visit', 'Customer']",1
L004513,Chen Khan,,,,,Email Campaign,"['LinkedIn_Ad_Click', 'Customer']",1
L004514,Maria Chen,Broadcom GmbH,,Europe,Oscilloscopes,LinkedIn,"['LinkedIn_Ad_Click', 'AutoSens_Tech_Talk', 'No_Conversion']",0
L004515,Kenji Singh,Samsu_Tech,,APAC,PathWave Software,LinkedIn,"['Oscilloscope_Selector_Tool', 'Technical_Demo', 'Lab_Integration_Discussion', 'SQL', 'Oscilloscope_Selector_Tool', 'Keysight_Workshop_RF_Testing', 'Keysight_University_Course', 'Customer']",1
L004516,Daniel Garcia,Sony_Tech,Aerospace,APAC,Automotive Ethernet,Webinar,['Customer'],1
L004517,Chen Williams,,,LATAM,5G Testbeds,Website,"['PathWave_Trial_Request', 'DesignCon_Booth_Visit', 'Opportunity', 'Whitepaper_Download_5G_Test', 'LinkedIn_Ad_Click', 'Website_Product_Page', 'IMS_Badge_Scan', 'Lab_Integration_Discussion', 'Oscilloscope_Selector_Tool', 'No_Conversion']",0
L004518,Ravi Ito,,Telecom,,PathWave Software,Webinar,['Customer'],1
L004519,Ahmed Garcia,,,LATAM,Oscilloscopes,Webinar,"['Opportunity', 'PathWave_Trial_Request', 'Application_Engineer_Call', 'Opportunity', 'Opportunity', 'Website_Product_Page', 'IMS_Badge_Scan', 'Loaner_Unit_Evaluation', 'LinkedIn_Ad_Click', 'No_Conversion']",0
L004520,Priya Khan,,,North America,Automotive Ethernet,Webinar,"['Application_Engineer_Call', 'Opportunity', 'Keysight_University_Course', 'MQL', 'Lab_Integration_Discussion', 'Keysight_University_Course', 'No_Conversion']",0
L004521,Laura Chen,Meta Connectivity Labs GmbH,Electronics,,Automotive Ethernet,Sales Outreach,"['IMS_Badge_Scan', 'Loaner_Unit_Evaluation', 'AutoSens_Tech_Talk', 'No_Conversion']",0
L004522,Ahmed Singh,Samsung Electronics,Electronics,,,LinkedIn,"['Opportunity', 'Website_Product_Page', 'Opportunity', 'IMS_Badge_Scan', 'No_Conversion']",0
L004523,Laura Williams,Meta Connectivity Labs,Telecom,North America,,LinkedIn,['Customer'],1
L004524,Maria Patel,Broadcom,Automotive,,Oscilloscopes,,"['PathWave_Trial_Request', 'Lab_Integration_Discussion', 'AutoSens_Tech_Talk', 'MQL', 'Customer']",1
L004525,Maria Ito,,,,,,"['Opportunity', 'Loaner_Unit_Evaluation', 'Technical_Demo', 'No_Conversion']",0
L004526,Maria Patel,Meta Connectivity Labs,Automotive,Europe,,Website,"['Keysight_Workshop_RF_Testing', 'DesignCon_Booth_Visit', 'Whitepaper_Download_5G_Test', 'Keysight_Workshop_RF_Testing', 'Opportunity', 'No_Conversion']",0
L004527,Maria Singh,Infineon GmbH,Semiconductor,North America,,,"['Technical_Demo', 'No_Conversion']",0
L004528,,Qualcomm GmbH,Aerospace,LATAM,,Event,"['SQL', 'Website_Product_Page', 'MQL', 'Opportunity', 'Lab_Integration_Discussion', 'Opportunity', 'AutoSens_Tech_Talk', 'Oscilloscope_Selector_Tool', 'Whitepaper_Download_5G_Test', 'MQL', 'No_Conversion']",0
L004529,Daniel Williams,Qualc_Tech,Telecom,APAC,,Website,"['Application_Engineer_Call', 'Keysight_University_Course', 'LinkedIn_Ad_Click', 'Whitepaper_Download_5G_Test', 'DesignCon_Booth_Visit', 'PathWave_Trial_Request', 'Keysight_University_Course', 'Keysight_Workshop_RF_Testing', 'No_Conversion']",0
L004530,Laura Garcia,,,LATAM,,,"['Oscilloscope_Selector_Tool', 'Customer']",1
L004531,Maria Patel,,,APAC,,LinkedIn,"['Application_Engineer_Call', 'Customer']",1
L004532,Kenji Patel,Samsung Electronics,Electronics,North America,Automotive Ethernet,,"['Opportunity', 'Loaner_Unit_Evaluation', 'Opportunity', 'Keysight_Workshop_RF_Testing', 'Customer']",1
L004533,Ahmed Tanaka,Raytheon GmbH,Semiconductor,,PathWave Software,Event,"['IMS_Badge_Scan', 'PathWave_Trial_Request', 'Application_Engineer_Call', 'LinkedIn_Ad_Click', 'Whitepaper_Download_5G_Test', 'Loaner_Unit_Evaluation', 'AutoSens_Tech_Talk', 'No_Conversion']",0
L004534,,Bosch GmbH,,LATAM,,Sales Outreach,"['Oscilloscope_Selector_Tool', 'DesignCon_Booth_Visit', 'Website_Product_Page', 'Loaner_Unit_Evaluation', 'SQL', 'AutoSens_Tech_Talk', 'LinkedIn_Ad_Click', 'SQL', 'Keysight_University_Course', 'Customer']",1
L004535,Daniel Tanaka,Qualcomm,Telecom,,Oscilloscopes,Webinar,"['DesignCon_Booth_Visit', 'Application_Engineer_Call', 'Keysight_Workshop_RF_Testing', 'Whitepaper_Download_5G_Test', 'SQL', 'Lab_Integration_Discussion', 'Whitepaper_Download_5G_Test', 'Customer']",1
L004536,Sofia Garcia,Meta Connectivity Labs GmbH,,APAC,5G Testbeds,,"['Whitepaper_Download_5G_Test', 'Customer']",1
L004537,Ravi Patel,NXPSe_Tech,Semiconductor,APAC,,Event,"['Whitepaper_Download_5G_Test', 'Opportunity', 'LinkedIn_Ad_Click', 'Website_Product_Page', 'Keysight_University_Course', 'Application_Engineer_Call', 'SQL', 'Website_Product_Page', 'Keysight_University_Course', 'Keysight_Workshop_RF_Testing', 'No_Conversion']",0
L004538,Hiroshi Khan,,,North America,,Sales Outreach,"['Keysight_University_Course', 'IMS_Badge_Scan', 'PathWave_Trial_Request', 'SQL', 'Keysight_University_Course', 'Customer']",1
L004539,Michael Anders,Sony GmbH,,APAC,5G Testbeds,Website,"['Keysight_University_Course', 'Keysight_Workshop_RF_Testing', 'DesignCon_Booth_Visit', 'Website_Product_Page', 'Application_Engineer_Call', 'Loaner_Unit_Evaluation', 'DesignCon_Booth_Visit', 'Technical_Demo', 'Customer']",1
L004540,Maria Tanaka,Infin_Tech,Electronics,,Automotive Ethernet,LinkedIn,"['SQL', 'Oscilloscope_Selector_Tool', 'Oscilloscope_Selector_Tool', 'PathWave_Trial_Request', 'Technical_Demo', 'No_Conversion']",0
L004541,Ahmed Khan,Infineon,,North America,Oscilloscopes,LinkedIn,"['Oscilloscope_Selector_Tool', 'Customer']",1
L004542,Chen Singh,Samsung Electronics GmbH,Telecom,Europe,,LinkedIn,"['PathWave_Trial_Request', 'DesignCon_Booth_Visit', 'Application_Engineer_Call', 'LinkedIn_Ad_Click', 'No_Conversion']",0
L004543,Hiroshi Lee,Bosch GmbH,Electronics,LATAM,,Email Campaign,"['LinkedIn_Ad_Click', 'No_Conversion']",0
L004544,Priya Tanaka,Broadcom,Automotive,LATAM,,Email Campaign,"['Whitepaper_Download_5G_Test', 'Lab_Integration_Discussion', 'MQL', 'Technical_Demo', 'Oscilloscope_Selector_Tool', 'Whitepaper_Download_5G_Test', 'PathWave_Trial_Request', 'Opportunity', 'No_Conversion']",0
L004545,Ahmed Ito,Bosch GmbH,Aerospace,Europe,Oscilloscopes,LinkedIn,"['Website_Product_Page', 'Whitepaper_Download_5G_Test', 'Lab_Integration_Discussion', 'AutoSens_Tech_Talk', 'MQL', 'Technical_Demo', 'Loaner_Unit_Evaluation', 'Lab_Integration_Discussion', 'Application_Engineer_Call', 'Customer']",1
L004546,,Qualcomm,Electronics,,PathWave Software,Email Campaign,"['SQL', 'MQL', 'LinkedIn_Ad_Click', 'Technical_Demo', 'Lab_Integration_Discussion', 'PathWave_Trial_Request', 'Technical_Demo', 'PathWave_Trial_Request', 'Keysight_University_Course', 'Website_Product_Page', 'Customer']",1
L004547,Daniel Ito,Bosch_Tech,,APAC,5G Testbeds,,"['Website_Product_Page', 'MQL', 'AutoSens_Tech_Talk', 'Keysight_Workshop_RF_Testing', 'PathWave_Trial_Request', 'AutoSens_Tech_Talk', 'SQL', 'No_Conversion']",0
L004548,Sarah Williams,,Semiconductor,LATAM,Oscilloscopes,Sales Outreach,"['Oscilloscope_Selector_Tool', 'DesignCon_Booth_Visit', 'Technical_Demo', 'Technical_Demo', 'Application_Engineer_Call', 'Lab_Integration_Discussion', 'Loaner_Unit_Evaluation', 'Keysight_Workshop_RF_Testing', 'Customer']",1
L004549,,NXP Semiconductors GmbH,,North America,5G Testbeds,Website,"['Whitepaper_Download_5G_Test', 'SQL', 'LinkedIn_Ad_Click', 'Opportunity', 'Customer']",1
L004550,,Samsung Electronics,Aerospace,LATAM,Oscilloscopes,Webinar,['Customer'],1
L004551,Chen Patel,Bosch,Aerospace,North America,Automotive Ethernet,,"['Oscilloscope_Selector_Tool', 'Lab_Integration_Discussion', 'SQL', 'Website_Product_Page', 'Opportunity', 'SQL', 'IMS_Badge_Scan', 'SQL', 'DesignCon_Booth_Visit', 'Customer']",1
L004552,Laura Johnson,,Electronics,APAC,,LinkedIn,"['LinkedIn_Ad_Click', 'Keysight_University_Course', 'IMS_Badge_Scan', 'Keysight_Workshop_RF_Testing', 'Oscilloscope_Selector_Tool', 'No_Conversion']",0
L004553,Maria Williams,Samsung Electronics GmbH,,North America,Automotive Ethernet,Sales Outreach,"['MQL', 'Whitepaper_Download_5G_Test', 'Loaner_Unit_Evaluation', 'Opportunity', 'SQL', 'DesignCon_Booth_Visit', 'Application_Engineer_Call', 'LinkedIn_Ad_Click', 'Customer']",1
L004554,Maria Singh,Samsu_Tech,Automotive,,,,"['IMS_Badge_Scan', 'LinkedIn_Ad_Click', 'Lab_Integration_Discussion', 'Customer']",1
L004555,Sofia Chen,Sony,Electronics,North America,PathWave Software,Email Campaign,"['AutoSens_Tech_Talk', 'MQL', 'No_Conversion']",0
L004556,,,,North America,,Webinar,"['IMS_Badge_Scan', 'Technical_Demo', 'MQL', 'Technical_Demo', 'Customer']",1
L004557,Chen Williams,Raytheon GmbH,Aerospace,,Automotive Ethernet,Website,"['Opportunity', 'Application_Engineer_Call', 'Website_Product_Page', 'Opportunity', 'Customer']",1
L004558,Ravi Garcia,,,LATAM,Oscilloscopes,,['Customer'],1
L004559,Sofia Johnson,Tesla Energy GmbH,Automotive,,PathWave Software,Website,"['DesignCon_Booth_Visit', 'Application_Engineer_Call', 'PathWave_Trial_Request', 'Opportunity', 'Lab_Integration_Discussion', 'Keysight_Workshop_RF_Testing', 'Technical_Demo', 'Keysight_Workshop_RF_Testing', 'No_Conversion']",0
L004560,Michael Singh,Qualc_Tech,,LATAM,Oscilloscopes,Website,"['Keysight_Workshop_RF_Testing', 'Keysight_University_Course', 'Keysight_University_Course', 'Whitepaper_Download_5G_Test', 'Website_Product_Page', 'Customer']",1
L004561,Priya Garcia,Tesla_Tech,Automotive,North America,,Email Campaign,"['DesignCon_Booth_Visit', 'PathWave_Trial_Request', 'LinkedIn_Ad_Click', 'MQL', 'Website_Product_Page', 'Customer']",1
L004562,Ravi Lee,Infin_Tech,Semiconductor,,,,"['SQL', 'Website_Product_Page', 'No_Conversion']",0
L004563,Chen Williams,,Telecom,LATAM,Oscilloscopes,Website,"['PathWave_Trial_Request', 'SQL', 'DesignCon_Booth_Visit', 'Lab_Integration_Discussion', 'Customer']",1
L004564,,Tesla Energy GmbH,Telecom,APAC,,Sales Outreach,"['Technical_Demo', 'Application_Engineer_Call', 'Oscilloscope_Selector_Tool', 'LinkedIn_Ad_Click', 'No_Conversion']",0
L004565,Daniel Garcia,Tesla Energy GmbH,Automotive,,,Webinar,"['MQL', 'Whitepaper_Download_5G_Test', 'No_Conversion']",0
L004566,Kenji Khan,Qualc_Tech,Automotive,,Oscilloscopes,Webinar,"['Oscilloscope_Selector_Tool', 'IMS_Badge_Scan', 'PathWave_Trial_Request', 'LinkedIn_Ad_Click', 'No_Conversion']",0
L004567,Michael Chen,,Electronics,,,Sales Outreach,"['Keysight_Workshop_RF_Testing', 'Oscilloscope_Selector_Tool', 'Whitepaper_Download_5G_Test', 'Customer']",1
L004568,Priya Chen,NXP Semiconductors,Aerospace,,Oscilloscopes,LinkedIn,"['Oscilloscope_Selector_Tool', 'Application_Engineer_Call', 'Keysight_Workshop_RF_Testing', 'DesignCon_Booth_Visit', 'Opportunity', 'PathWave_Trial_Request', 'Whitepaper_Download_5G_Test', 'SQL', 'No_Conversion']",0
L004569,Sarah Ito,,Electronics,Europe,Oscilloscopes,Email Campaign,['No_Conversion'],0
L004570,Ravi Patel,Samsung Electronics GmbH,Aerospace,APAC,Oscilloscopes,Sales Outreach,"['Technical_Demo', 'Keysight_Workshop_RF_Testing', 'LinkedIn_Ad_Click', 'Application_Engineer_Call', 'LinkedIn_Ad_Click', 'Customer']",1
L004571,Ravi Garcia,Infineon GmbH,Automotive,Europe,,Sales Outreach,"['Oscilloscope_Selector_Tool', 'MQL', 'Keysight_University_Course', 'Keysight_University_Course', 'Customer']",1
L004572,Hiroshi Khan,,Telecom,Europe,5G Testbeds,,"['Application_Engineer_Call', 'SQL', 'PathWave_Trial_Request', 'SQL', 'Customer']",1
L004573,Sofia Williams,Qualc_Tech,,APAC,Automotive Ethernet,Email Campaign,"['MQL', 'Oscilloscope_Selector_Tool', 'Whitepaper_Download_5G_Test', 'Loaner_Unit_Evaluation', 'MQL', 'Opportunity', 'Customer']",1
L004574,Sarah Khan,Tesla_Tech,,LATAM,PathWave Software,,['Customer'],1
L004575,Michael Khan,Tesla_Tech,Aerospace,LATAM,PathWave Software,,"['SQL', 'Customer']",1
L004576,Priya Martinez,,Electronics,North America,,Webinar,"['Oscilloscope_Selector_Tool', 'Lab_Integration_Discussion', 'Loaner_Unit_Evaluation', 'Oscilloscope_Selector_Tool', 'Opportunity', 'Application_Engineer_Call', 'MQL', 'Customer']",1
L004577,Maria Lee,Sony_Tech,,,Oscilloscopes,Webinar,['No_Conversion'],0
L004578,Kenji Williams,,Semiconductor,APAC,PathWave Software,Webinar,"['IMS_Badge_Scan', 'Opportunity', 'Oscilloscope_Selector_Tool', 'MQL', 'DesignCon_Booth_Visit', 'No_Conversion']",0
L004579,Sofia Martinez,Tesla Energy GmbH,,Europe,,Webinar,"['Whitepaper_Download_5G_Test', 'No_Conversion']",0
L004580,Hiroshi Martinez,Samsu_Tech,Electronics,North America,,Website,"['LinkedIn_Ad_Click', 'LinkedIn_Ad_Click', 'PathWave_Trial_Request', 'Lab_Integration_Discussion', 'Opportunity', 'No_Conversion']",0
L004581,Kenji Garcia,Bosch_Tech,Aerospace,LATAM,Oscilloscopes,Webinar,"['MQL', 'IMS_Badge_Scan', 'Loaner_Unit_Evaluation', 'PathWave_Trial_Request', 'LinkedIn_Ad_Click', 'LinkedIn_Ad_Click', 'No_Conversion']",0
L004582,,,,LATAM,PathWave Software,LinkedIn,"['Keysight_University_Course', 'Loaner_Unit_Evaluation', 'PathWave_Trial_Request', 'PathWave_Trial_Request', 'Keysight_Workshop_RF_Testing', 'No_Conversion']",0
L004583,Michael Chen,Samsu_Tech,Aerospace,LATAM,,Event,"['Opportunity', 'Oscilloscope_Selector_Tool', 'Technical_Demo', 'No_Conversion']",0
L004584,Kenji Garcia,Samsung Electronics,Electronics,APAC,,LinkedIn,"['Whitepaper_Download_5G_Test', 'Lab_Integration_Discussion', 'Website_Product_Page', 'Customer']",1
L004585,Sarah Lee,Raytheon,Electronics,Europe,,LinkedIn,"['Technical_Demo', 'IMS_Badge_Scan', 'Lab_Integration_Discussion', 'Customer']",1
L004586,Maria Tanaka,Sony_Tech,Semiconductor,Europe,,Sales Outreach,"['Application_Engineer_Call', 'DesignCon_Booth_Visit', 'Keysight_Workshop_RF_Testing', 'Customer']",1
L004587,Ahmed Garcia,Sony,,APAC,,LinkedIn,"['LinkedIn_Ad_Click', 'IMS_Badge_Scan', 'PathWave_Trial_Request', 'Technical_Demo', 'Customer']",1
L004588,Laura Williams,MetaC_Tech,,LATAM,Oscilloscopes,Email Campaign,"['LinkedIn_Ad_Click', 'LinkedIn_Ad_Click', 'Oscilloscope_Selector_Tool', 'LinkedIn_Ad_Click', 'AutoSens_Tech_Talk', 'Opportunity', 'DesignCon_Booth_Visit', 'Application_Engineer_Call', 'Whitepaper_Download_5G_Test', 'AutoSens_Tech_Talk', 'No_Conversion']",0
L004589,Hiroshi Anders,Tesla_Tech,Semiconductor,LATAM,Oscilloscopes,Webinar,"['SQL', 'Application_Engineer_Call', 'Application_Engineer_Call', 'Technical_Demo', 'Lab_Integration_Discussion', 'Customer']",1
L004590,Chen Garcia,,Semiconductor,North America,Oscilloscopes,,['No_Conversion'],0
L004591,,Rayth_Tech,Automotive,LATAM,PathWave Software,Webinar,['Customer'],1
L004592,Maria Williams,Sony GmbH,,APAC,,,"['PathWave_Trial_Request', 'Application_Engineer_Call', 'IMS_Badge_Scan', 'No_Conversion']",0
L004593,,Broadcom GmbH,Electronics,LATAM,,,"['Opportunity', 'Whitepaper_Download_5G_Test', 'IMS_Badge_Scan', 'MQL', 'No_Conversion']",0
L004594,Sarah Lee,Tesla_Tech,,Europe,,Webinar,"['Lab_Integration_Discussion', 'MQL', 'No_Conversion']",0
L004595,Sofia Ito,Infin_Tech,Semiconductor,North America,,Website,"['PathWave_Trial_Request', 'Application_Engineer_Call', 'IMS_Badge_Scan', 'PathWave_Trial_Request', 'No_Conversion']",0
L004596,Laura Tanaka,Infineon GmbH,Telecom,,,Email Campaign,"['Oscilloscope_Selector_Tool', 'No_Conversion']",0
L004597,Sofia Khan,Rayth_Tech,Semiconductor,,,,"['MQL', 'IMS_Badge_Scan', 'Customer']",1
L004598,Laura Ito,Qualcomm GmbH,Automotive,North America,,,"['Keysight_Workshop_RF_Testing', 'Keysight_University_Course', 'Whitepaper_Download_5G_Test', 'Loaner_Unit_Evaluation', 'DesignCon_Booth_Visit', 'No_Conversion']",0
L004599,Sofia Patel,,Automotive,LATAM,,LinkedIn,"['MQL', 'Customer']",1
L004600,Ahmed Martinez,NXP Semiconductors GmbH,Automotive,APAC,5G Testbeds,,"['SQL', 'Loaner_Unit_Evaluation', 'Keysight_University_Course', 'Customer']",1
L004601,Daniel Ito,,Semiconductor,,,Sales Outreach,"['MQL', 'No_Conversion']",0
L004602,Priya Chen,Qualcomm,,APAC,PathWave Software,Sales Outreach,"['AutoSens_Tech_Talk', 'AutoSens_Tech_Talk', 'No_Conversion']",0
L004603,Michael Garcia,Qualcomm,,APAC,5G Testbeds,Website,"['Keysight_Workshop_RF_Testing', 'Opportunity', 'Lab_Integration_Discussion', 'MQL', 'Customer']",1
L004604,Chen Ito,,Automotive,APAC,PathWave Software,LinkedIn,"['Whitepaper_Download_5G_Test', 'Technical_Demo', 'Oscilloscope_Selector_Tool', 'Technical_Demo', 'DesignCon_Booth_Visit', 'Oscilloscope_Selector_Tool', 'Oscilloscope_Selector_Tool', 'Whitepaper_Download_5G_Test', 'LinkedIn_Ad_Click', 'No_Conversion']",0
L004605,Priya Johnson,,Electronics,LATAM,,Event,"['Website_Product_Page', 'Application_Engineer_Call', 'Opportunity', 'DesignCon_Booth_Visit', 'LinkedIn_Ad_Click', 'Lab_Integration_Discussion', 'Customer']",1
L004606,Chen Garcia,Sony GmbH,,Europe,Oscilloscopes,Website,"['Lab_Integration_Discussion', 'Technical_Demo', 'Oscilloscope_Selector_Tool', 'Opportunity', 'DesignCon_Booth_Visit', 'Customer']",1
L004607,Ahmed Williams,Qualcomm GmbH,Semiconductor,LATAM,,Website,"['Website_Product_Page', 'Whitepaper_Download_5G_Test', 'SQL', 'Lab_Integration_Discussion', 'Keysight_Workshop_RF_Testing', 'Customer']",1
L004608,Maria Tanaka,Samsu_Tech,Aerospace,North America,5G Testbeds,Event,"['Website_Product_Page', 'Keysight_Workshop_RF_Testing', 'Loaner_Unit_Evaluation', 'Lab_Integration_Discussion', 'No_Conversion']",0
L004609,Michael Ito,NXP Semiconductors GmbH,Telecom,APAC,Automotive Ethernet,Email Campaign,"['PathWave_Trial_Request', 'Whitepaper_Download_5G_Test', 'Website_Product_Page', 'Lab_Integration_Discussion', 'Keysight_University_Course', 'Keysight_University_Course', 'AutoSens_Tech_Talk', 'IMS_Badge_Scan', 'No_Conversion']",0
L004610,Priya Patel,Bosch,,APAC,Automotive Ethernet,,"['AutoSens_Tech_Talk', 'Website_Product_Page', 'Opportunity', 'Website_Product_Page', 'LinkedIn_Ad_Click', 'Customer']",1
L004611,Laura Lee,Tesla Energy GmbH,,Europe,Automotive Ethernet,Webinar,"['Lab_Integration_Discussion', 'Keysight_Workshop_RF_Testing', 'Oscilloscope_Selector_Tool', 'Technical_Demo', 'Loaner_Unit_Evaluation', 'IMS_Badge_Scan', 'Lab_Integration_Discussion', 'No_Conversion']",0
L004612,Ravi Anders,NXP Semiconductors,,Europe,Oscilloscopes,Website,"['Opportunity', 'Keysight_Workshop_RF_Testing', 'AutoSens_Tech_Talk', 'IMS_Badge_Scan', 'No_Conversion']",0
L004613,Daniel Patel,Samsung Electronics,,,Oscilloscopes,,"['Lab_Integration_Discussion', 'DesignCon_Booth_Visit', 'Customer']",1
L004614,Ahmed Tanaka,Qualc_Tech,Aerospace,,Oscilloscopes,LinkedIn,"['Application_Engineer_Call', 'LinkedIn_Ad_Click', 'PathWave_Trial_Request', 'MQL', 'Keysight_University_Course', 'Website_Product_Page', 'Oscilloscope_Selector_Tool', 'No_Conversion']",0
L004615,Ravi Patel,Infineon,Electronics,Europe,,Webinar,['No_Conversion'],0
L004616,Ravi Singh,,Aerospace,LATAM,,Webinar,"['Keysight_University_Course', 'Oscilloscope_Selector_Tool', 'Oscilloscope_Selector_Tool', 'Opportunity', 'SQL', 'Customer']",1
L004617,Ahmed Ito,Samsung Electronics GmbH,,North America,Automotive Ethernet,Website,"['Keysight_University_Course', 'Keysight_Workshop_RF_Testing', 'MQL', 'IMS_Badge_Scan', 'No_Conversion']",0
L004618,Sofia Khan,NXP Semiconductors,,,,Website,"['PathWave_Trial_Request', 'Opportunity', 'Customer']",1
L004619,Priya Ito,Sony,Automotive,APAC,Oscilloscopes,,"['Application_Engineer_Call', 'No_Conversion']",0
L004620,Kenji Singh,Infineon,Semiconductor,APAC,Automotive Ethernet,Webinar,['Customer'],1
L004621,Ahmed Chen,,,North America,PathWave Software,Email Campaign,"['LinkedIn_Ad_Click', 'Application_Engineer_Call', 'No_Conversion']",0
L004622,Laura Anders,Broadcom GmbH,Automotive,LATAM,,,['Customer'],1
L004623,Hiroshi Lee,Rayth_Tech,Telecom,,PathWave Software,LinkedIn,"['Opportunity', 'Keysight_University_Course', 'LinkedIn_Ad_Click', 'Loaner_Unit_Evaluation', 'AutoSens_Tech_Talk', 'Whitepaper_Download_5G_Test', 'Technical_Demo', 'No_Conversion']",0
L004624,Chen Singh,Qualcomm,,APAC,Oscilloscopes,,"['IMS_Badge_Scan', 'Opportunity', 'AutoSens_Tech_Talk', 'DesignCon_Booth_Visit', 'AutoSens_Tech_Talk', 'Customer']",1
L004625,,Infin_Tech,Aerospace,APAC,Automotive Ethernet,LinkedIn,"['MQL', 'Lab_Integration_Discussion', 'Technical_Demo', 'No_Conversion']",0
L004626,Kenji Lee,Infineon GmbH,Automotive,APAC,Automotive Ethernet,Website,['Customer'],1
L004627,Priya Williams,,Electronics,North America,PathWave Software,Website,"['LinkedIn_Ad_Click', 'IMS_Badge_Scan', 'Technical_Demo', 'Loaner_Unit_Evaluation', 'Website_Product_Page', 'No_Conversion']",0
L004628,Hiroshi Tanaka,Sony,Electronics,Europe,5G Testbeds,,"['DesignCon_Booth_Visit', 'LinkedIn_Ad_Click', 'Loaner_Unit_Evaluation', 'Keysight_University_Course', 'Keysight_Workshop_RF_Testing', 'No_Conversion']",0
L004629,Maria Chen,Rayth_Tech,Aerospace,Europe,Oscilloscopes,Email Campaign,"['SQL', 'LinkedIn_Ad_Click', 'Customer']",1
L004630,,Bosch_Tech,Semiconductor,North America,,Event,"['PathWave_Trial_Request', 'Keysight_Workshop_RF_Testing', 'Whitepaper_Download_5G_Test', 'Loaner_Unit_Evaluation', 'Keysight_University_Course', 'Customer']",1
L004631,Sofia Ito,Qualcomm,,APAC,Oscilloscopes,,['No_Conversion'],0
L004632,Ahmed Lee,Bosch_Tech,Aerospace,APAC,PathWave Software,Sales Outreach,"['AutoSens_Tech_Talk', 'Oscilloscope_Selector_Tool', 'PathWave_Trial_Request', 'Lab_Integration_Discussion', 'Keysight_University_Course', 'Website_Product_Page', 'Oscilloscope_Selector_Tool', 'IMS_Badge_Scan', 'Customer']",1
L004633,Maria Tanaka,,Semiconductor,,,Website,"['MQL', 'Loaner_Unit_Evaluation', 'No_Conversion']",0
L004634,Priya Anders,Meta Connectivity Labs,,APAC,5G Testbeds,,"['Technical_Demo', 'No_Conversion']",0
L004635,Hiroshi Khan,NXPSe_Tech,Semiconductor,APAC,Automotive Ethernet,,"['PathWave_Trial_Request', 'No_Conversion']",0
L004636,Daniel Johnson,Raytheon GmbH,Automotive,,,LinkedIn,"['Whitepaper_Download_5G_Test', 'DesignCon_Booth_Visit', 'SQL', 'Website_Product_Page', 'SQL', 'IMS_Badge_Scan', 'Whitepaper_Download_5G_Test', 'Customer']",1
L004637,Kenji Singh,,Automotive,Europe,Automotive Ethernet,Sales Outreach,"['Website_Product_Page', 'Technical_Demo', 'Keysight_Workshop_RF_Testing', 'Website_Product_Page', 'IMS_Badge_Scan', 'Oscilloscope_Selector_Tool', 'Keysight_University_Course', 'AutoSens_Tech_Talk', 'Customer']",1
L004638,Maria Garcia,Infin_Tech,Electronics,APAC,,Email Campaign,"['Keysight_Workshop_RF_Testing', 'Website_Product_Page', 'Application_Engineer_Call', 'DesignCon_Booth_Visit', 'Loaner_Unit_Evaluation', 'MQL', 'IMS_Badge_Scan', 'Application_Engineer_Call', 'Website_Product_Page', 'Customer']",1
L004639,Sofia Chen,Qualc_Tech,Automotive,LATAM,,Sales Outreach,"['LinkedIn_Ad_Click', 'Lab_Integration_Discussion', 'LinkedIn_Ad_Click', 'Opportunity', 'No_Conversion']",0
L004640,Ahmed Lee,Sony GmbH,,North America,PathWave Software,Event,['Customer'],1
L004641,Michael Johnson,Bosch GmbH,,LATAM,,Webinar,"['DesignCon_Booth_Visit', 'No_Conversion']",0
L004642,Laura Chen,,Electronics,North America,,Email Campaign,"['SQL', 'AutoSens_Tech_Talk', 'Website_Product_Page', 'IMS_Badge_Scan', 'PathWave_Trial_Request', 'Customer']",1
L004643,Sofia Ito,,Semiconductor,LATAM,,LinkedIn,"['DesignCon_Booth_Visit', 'AutoSens_Tech_Talk', 'Oscilloscope_Selector_Tool', 'Opportunity', 'MQL', 'DesignCon_Booth_Visit', 'Opportunity', 'PathWave_Trial_Request', 'No_Conversion']",0
L004644,Maria Ito,NXP Semiconductors,,North America,Automotive Ethernet,,"['AutoSens_Tech_Talk', 'Customer']",1
L004645,Ahmed Garcia,,,,,Website,"['Website_Product_Page', 'AutoSens_Tech_Talk', 'Customer']",1
L004646,Michael Khan,,Telecom,Europe,5G Testbeds,,"['DesignCon_Booth_Visit', 'Opportunity', 'Loaner_Unit_Evaluation', 'Opportunity', 'Website_Product_Page', 'AutoSens_Tech_Talk', 'Website_Product_Page', 'Website_Product_Page', 'Whitepaper_Download_5G_Test', 'Loaner_Unit_Evaluation', 'Customer']",1
L004647,Michael Anders,Infin_Tech,Telecom,APAC,,Webinar,"['Application_Engineer_Call', 'Keysight_University_Course', 'LinkedIn_Ad_Click', 'Application_Engineer_Call', 'LinkedIn_Ad_Click', 'PathWave_Trial_Request', 'Lab_Integration_Discussion', 'AutoSens_Tech_Talk', 'Customer']",1
L004648,Hiroshi Johnson,Samsung Electronics,,,,Webinar,"['Keysight_Workshop_RF_Testing', 'Keysight_Workshop_RF_Testing', 'Technical_Demo', 'MQL', 'SQL', 'Application_Engineer_Call', 'LinkedIn_Ad_Click', 'No_Conversion']",0
L004649,Laura Patel,Bosch_Tech,Aerospace,Europe,,LinkedIn,"['Loaner_Unit_Evaluation', 'Application_Engineer_Call', 'Loaner_Unit_Evaluation', 'No_Conversion']",0
L004650,Chen Singh,,,North America,,Event,"['IMS_Badge_Scan', 'Customer']",1
L004651,Ravi Patel,Broadcom,Automotive,Europe,,Event,"['Loaner_Unit_Evaluation', 'Technical_Demo', 'Website_Product_Page', 'Customer']",1
L004652,,Bosch_Tech,,APAC,,Event,"['Lab_Integration_Discussion', 'No_Conversion']",0
L004653,Chen Khan,Bosch,Telecom,North America,,LinkedIn,"['Loaner_Unit_Evaluation', 'Whitepaper_Download_5G_Test', 'DesignCon_Booth_Visit', 'MQL', 'Keysight_Workshop_RF_Testing', 'PathWave_Trial_Request', 'Opportunity', 'Lab_Integration_Discussion', 'Customer']",1
L004654,Hiroshi Tanaka,,Semiconductor,North America,Oscilloscopes,Sales Outreach,"['MQL', 'Keysight_Workshop_RF_Testing', 'Customer']",1
L004655,Chen Anders,Qualcomm GmbH,Electronics,LATAM,5G Testbeds,Website,"['Application_Engineer_Call', 'DesignCon_Booth_Visit', 'SQL', 'Oscilloscope_Selector_Tool', 'Technical_Demo', 'Whitepaper_Download_5G_Test', 'Customer']",1
L004656,Michael Anders,Meta Connectivity Labs,Telecom,Europe,,Event,"['AutoSens_Tech_Talk', 'Loaner_Unit_Evaluation', 'Application_Engineer_Call', 'Website_Product_Page', 'Keysight_Workshop_RF_Testing', 'SQL', 'DesignCon_Booth_Visit', 'Customer']",1
L004657,Kenji Johnson,,Automotive,North America,Automotive Ethernet,Website,"['Lab_Integration_Discussion', 'IMS_Badge_Scan', 'PathWave_Trial_Request', 'Customer']",1
L004658,Sofia Ito,,,,,Event,"['IMS_Badge_Scan', 'PathWave_Trial_Request', 'No_Conversion']",0
L004659,Chen Tanaka,Tesla_Tech,,LATAM,,Webinar,"['PathWave_Trial_Request', 'Loaner_Unit_Evaluation', 'Keysight_Workshop_RF_Testing', 'Keysight_Workshop_RF_Testing', 'LinkedIn_Ad_Click', 'DesignCon_Booth_Visit', 'Customer']",1
L004660,Michael Lee,,Automotive,Europe,,LinkedIn,"['IMS_Badge_Scan', 'Customer']",1
L004661,Hiroshi Lee,Infineon GmbH,Automotive,APAC,5G Testbeds,,"['SQL', 'MQL', 'Application_Engineer_Call', 'AutoSens_Tech_Talk', 'Application_Engineer_Call', 'Customer']",1
L004662,Daniel Lee,Bosch_Tech,Electronics,APAC,Oscilloscopes,Webinar,"['AutoSens_Tech_Talk', 'Website_Product_Page', 'Whitepaper_Download_5G_Test', 'Website_Product_Page', 'LinkedIn_Ad_Click', 'SQL', 'Loaner_Unit_Evaluation', 'No_Conversion']",0
L004663,Hiroshi Williams,,Electronics,,5G Testbeds,LinkedIn,"['IMS_Badge_Scan', 'AutoSens_Tech_Talk', 'MQL', 'Keysight_University_Course', 'No_Conversion']",0
L004664,Hiroshi Johnson,Meta Connectivity Labs GmbH,Telecom,North America,Oscilloscopes,Email Campaign,"['IMS_Badge_Scan', 'No_Conversion']",0
L004665,Ravi Garcia,Raytheon,Semiconductor,LATAM,5G Testbeds,,"['LinkedIn_Ad_Click', 'Website_Product_Page', 'Opportunity', 'Whitepaper_Download_5G_Test', 'No_Conversion']",0
L004666,Sarah Anders,Infin_Tech,Electronics,Europe,Oscilloscopes,Sales Outreach,"['Keysight_Workshop_RF_Testing', 'Whitepaper_Download_5G_Test', 'AutoSens_Tech_Talk', 'PathWave_Trial_Request', 'Oscilloscope_Selector_Tool', 'LinkedIn_Ad_Click', 'Technical_Demo', 'No_Conversion']",0
L004667,Sarah Anders,Raytheon GmbH,Telecom,Europe,5G Testbeds,Sales Outreach,"['Lab_Integration_Discussion', 'Keysight_Workshop_RF_Testing', 'Application_Engineer_Call', 'No_Conversion']",0
L004668,Maria Patel,,Semiconductor,North America,,Event,"['Keysight_Workshop_RF_Testing', 'AutoSens_Tech_Talk', 'Technical_Demo', 'Whitepaper_Download_5G_Test', 'IMS_Badge_Scan', 'AutoSens_Tech_Talk', 'Keysight_Workshop_RF_Testing', 'SQL', 'Technical_Demo', 'Oscilloscope_Selector_Tool', 'No_Conversion']",0
L004669,Ravi Khan,Meta Connectivity Labs GmbH,Aerospace,APAC,,Website,"['IMS_Badge_Scan', 'PathWave_Trial_Request', 'Technical_Demo', 'Technical_Demo', 'SQL', 'DesignCon_Booth_Visit', 'Website_Product_Page', 'AutoSens_Tech_Talk', 'IMS_Badge_Scan', 'Customer']",1
L004670,Michael Patel,NXP Semiconductors,Telecom,North America,,Website,"['Keysight_University_Course', 'PathWave_Trial_Request', 'Website_Product_Page', 'Loaner_Unit_Evaluation', 'Technical_Demo', 'Application_Engineer_Call', 'Customer']",1
L004671,Kenji Anders,,,APAC,,LinkedIn,"['Keysight_University_Course', 'SQL', 'DesignCon_Booth_Visit', 'IMS_Badge_Scan', 'No_Conversion']",0
L004672,Kenji Khan,Sony GmbH,Electronics,,PathWave Software,Event,"['SQL', 'Oscilloscope_Selector_Tool', 'Opportunity', 'No_Conversion']",0
L004673,Ravi Patel,Tesla Energy,,Europe,,Email Campaign,"['IMS_Badge_Scan', 'Lab_Integration_Discussion', 'Website_Product_Page', 'Oscilloscope_Selector_Tool', 'Technical_Demo', 'Oscilloscope_Selector_Tool', 'IMS_Badge_Scan', 'LinkedIn_Ad_Click', 'SQL', 'Loaner_Unit_Evaluation', 'No_Conversion']",0
L004674,Daniel Lee,Bosch_Tech,,,Automotive Ethernet,,['No_Conversion'],0
L004675,Ahmed Williams,Broad_Tech,Aerospace,LATAM,5G Testbeds,Sales Outreach,"['PathWave_Trial_Request', 'Opportunity', 'Opportunity', 'Website_Product_Page', 'Technical_Demo', 'Technical_Demo', 'Opportunity', 'No_Conversion']",0
L004676,Chen Chen,Sony_Tech,Electronics,North America,PathWave Software,,"['LinkedIn_Ad_Click', 'LinkedIn_Ad_Click', 'Opportunity', 'Customer']",1
L004677,Sofia Patel,Meta Connectivity Labs,,,PathWave Software,Sales Outreach,['No_Conversion'],0
L004678,Sarah Lee,Sony,,Europe,,,"['SQL', 'Website_Product_Page', 'IMS_Badge_Scan', 'Oscilloscope_Selector_Tool', 'No_Conversion']",0
L004679,Kenji Williams,Tesla_Tech,Semiconductor,North America,5G Testbeds,Sales Outreach,"['Keysight_University_Course', 'Oscilloscope_Selector_Tool', 'Customer']",1
L004680,Priya Patel,,Aerospace,North America,Automotive Ethernet,Website,"['Oscilloscope_Selector_Tool', 'MQL', 'No_Conversion']",0
L004681,Daniel Williams,Raytheon GmbH,Automotive,Europe,PathWave Software,LinkedIn,"['AutoSens_Tech_Talk', 'Keysight_University_Course', 'Customer']",1
L004682,Kenji Johnson,Tesla_Tech,Aerospace,APAC,Automotive Ethernet,Email Campaign,"['AutoSens_Tech_Talk', 'Keysight_Workshop_RF_Testing', 'Technical_Demo', 'Lab_Integration_Discussion', 'Oscilloscope_Selector_Tool', 'AutoSens_Tech_Talk', 'No_Conversion']",0
L004683,Hiroshi Martinez,,Electronics,,,,['No_Conversion'],0
L004684,Maria Williams,Samsung Electronics,Telecom,APAC,Oscilloscopes,Event,['Customer'],1
L004685,,Qualc_Tech,Semiconductor,Europe,,Website,['Customer'],1
L004686,Michael Garcia,Bosch_Tech,Telecom,,Oscilloscopes,,"['LinkedIn_Ad_Click', 'Oscilloscope_Selector_Tool', 'IMS_Badge_Scan', 'Customer']",1
L004687,Kenji Garcia,NXP Semiconductors GmbH,Electronics,,Automotive Ethernet,Email Campaign,"['Website_Product_Page', 'SQL', 'Whitepaper_Download_5G_Test', 'Loaner_Unit_Evaluation', 'No_Conversion']",0
L004688,Chen Garcia,Bosch_Tech,Telecom,,PathWave Software,,['Customer'],1
L004689,Maria Chen,Sony_Tech,Automotive,APAC,Oscilloscopes,LinkedIn,"['Website_Product_Page', 'IMS_Badge_Scan', 'AutoSens_Tech_Talk', 'Application_Engineer_Call', 'No_Conversion']",0
L004690,Sofia Khan,Qualc_Tech,,,Oscilloscopes,LinkedIn,"['Lab_Integration_Discussion', 'IMS_Badge_Scan', 'Opportunity', 'Technical_Demo', 'Oscilloscope_Selector_Tool', 'LinkedIn_Ad_Click', 'No_Conversion']",0
L004691,Sarah Ito,Broadcom,,North America,,Email Campaign,"['Keysight_University_Course', 'Oscilloscope_Selector_Tool', 'Website_Product_Page', 'SQL', 'LinkedIn_Ad_Click', 'LinkedIn_Ad_Click', 'Oscilloscope_Selector_Tool', 'Customer']",1
L004692,Maria Garcia,Samsung Electronics,Aerospace,,Automotive Ethernet,Event,"['PathWave_Trial_Request', 'IMS_Badge_Scan', 'Application_Engineer_Call', 'SQL', 'Technical_Demo', 'Application_Engineer_Call', 'Keysight_Workshop_RF_Testing', 'Oscilloscope_Selector_Tool', 'No_Conversion']",0
L004693,Hiroshi Singh,Raytheon,,North America,PathWave Software,Sales Outreach,"['Application_Engineer_Call', 'Technical_Demo', 'Whitepaper_Download_5G_Test', 'Whitepaper_Download_5G_Test', 'Keysight_University_Course', 'No_Conversion']",0
L004694,Laura Chen,Bosch_Tech,Aerospace,,5G Testbeds,Sales Outreach,"['IMS_Badge_Scan', 'AutoSens_Tech_Talk', 'Oscilloscope_Selector_Tool', 'Keysight_University_Course', 'Website_Product_Page', 'No_Conversion']",0
L004695,Maria Anders,,Automotive,,,LinkedIn,"['Technical_Demo', 'Customer']",1
L004696,Chen Singh,MetaC_Tech,,,Oscilloscopes,Website,"['LinkedIn_Ad_Click', 'LinkedIn_Ad_Click', 'Customer']",1
L004697,Maria Martinez,,Telecom,LATAM,Automotive Ethernet,LinkedIn,"['MQL', 'Oscilloscope_Selector_Tool', 'Whitepaper_Download_5G_Test', 'AutoSens_Tech_Talk', 'Keysight_University_Course', 'Application_Engineer_Call', 'IMS_Badge_Scan', 'DesignCon_Booth_Visit', 'No_Conversion']",0
L004698,Kenji Anders,Infineon,,,5G Testbeds,Website,"['MQL', 'Loaner_Unit_Evaluation', 'AutoSens_Tech_Talk', 'Website_Product_Page', 'Keysight_University_Course', 'DesignCon_Booth_Visit', 'No_Conversion']",0
L004699,Laura Anders,Broadcom,Automotive,APAC,,,"['Whitepaper_Download_5G_Test', 'SQL', 'Application_Engineer_Call', 'Oscilloscope_Selector_Tool', 'Technical_Demo', 'Customer']",1
L004700,Maria Lee,Samsung Electronics GmbH,Automotive,LATAM,5G Testbeds,,"['SQL', 'Application_Engineer_Call', 'Technical_Demo', 'Loaner_Unit_Evaluation', 'Technical_Demo', 'Keysight_Workshop_RF_Testing', 'Customer']",1
L004701,Daniel Khan,Bosch GmbH,,LATAM,,Website,['No_Conversion'],0
L004702,Michael Lee,Rayth_Tech,Telecom,,,Webinar,['Customer'],1
L004703,Kenji Anders,Meta Connectivity Labs GmbH,Aerospace,Europe,Automotive Ethernet,LinkedIn,"['IMS_Badge_Scan', 'SQL', 'Technical_Demo', 'IMS_Badge_Scan', 'Website_Product_Page', 'Customer']",1
L004704,Ravi Garcia,,,LATAM,5G Testbeds,Website,"['Opportunity', 'Technical_Demo', 'Oscilloscope_Selector_Tool', 'SQL', 'SQL', 'PathWave_Trial_Request', 'No_Conversion']",0
L004705,Laura Khan,,,North America,Oscilloscopes,Website,"['SQL', 'LinkedIn_Ad_Click', 'LinkedIn_Ad_Click', 'SQL', 'Keysight_University_Course', 'No_Conversion']",0
L004706,,,,Europe,,Website,"['Oscilloscope_Selector_Tool', 'Opportunity', 'Whitepaper_Download_5G_Test', 'MQL', 'Whitepaper_Download_5G_Test', 'Technical_Demo', 'LinkedIn_Ad_Click', 'LinkedIn_Ad_Click', 'Loaner_Unit_Evaluation', 'Customer']",1
L004707,Hiroshi Tanaka,NXPSe_Tech,Aerospace,,Automotive Ethernet,Sales Outreach,"['Keysight_Workshop_RF_Testing', 'Loaner_Unit_Evaluation', 'PathWave_Trial_Request', 'Customer']",1
L004708,Michael Chen,Broadcom GmbH,Aerospace,North America,PathWave Software,Event,"['Loaner_Unit_Evaluation', 'Application_Engineer_Call', 'LinkedIn_Ad_Click', 'LinkedIn_Ad_Click', 'LinkedIn_Ad_Click', 'No_Conversion']",0
L004709,Ahmed Chen,Samsung Electronics GmbH,,,Automotive Ethernet,Website,"['Website_Product_Page', 'Keysight_Workshop_RF_Testing', 'Website_Product_Page', 'No_Conversion']",0
L004710,Hiroshi Anders,,Telecom,LATAM,Oscilloscopes,Sales Outreach,"['Whitepaper_Download_5G_Test', 'AutoSens_Tech_Talk', 'Loaner_Unit_Evaluation', 'No_Conversion']",0
L004711,Chen Patel,,,LATAM,,Event,"['AutoSens_Tech_Talk', 'MQL', 'IMS_Badge_Scan', 'Lab_Integration_Discussion', 'Keysight_University_Course', 'No_Conversion']",0
L004712,Priya Garcia,Tesla Energy,Semiconductor,North America,Oscilloscopes,LinkedIn,"['SQL', 'LinkedIn_Ad_Click', 'Lab_Integration_Discussion', 'Lab_Integration_Discussion', 'MQL', 'Customer']",1
L004713,Sarah Tanaka,Broadcom,Telecom,APAC,PathWave Software,Email Campaign,"['Whitepaper_Download_5G_Test', 'IMS_Badge_Scan', 'LinkedIn_Ad_Click', 'No_Conversion']",0
L004714,Daniel Tanaka,,Electronics,APAC,Oscilloscopes,Website,"['Technical_Demo', 'Customer']",1
L004715,,,,APAC,,,"['Keysight_Workshop_RF_Testing', 'PathWave_Trial_Request', 'Customer']",1
L004716,Sofia Garcia,Infineon GmbH,Telecom,,Oscilloscopes,Website,['No_Conversion'],0
L004717,Ahmed Lee,Samsung Electronics GmbH,Aerospace,LATAM,Oscilloscopes,Event,"['DesignCon_Booth_Visit', 'No_Conversion']",0
L004718,Hiroshi Anders,,Semiconductor,,PathWave Software,Event,"['Technical_Demo', 'Technical_Demo', 'Customer']",1
L004719,,Rayth_Tech,Electronics,,,Email Campaign,"['Lab_Integration_Discussion', 'Technical_Demo', 'IMS_Badge_Scan', 'DesignCon_Booth_Visit', 'AutoSens_Tech_Talk', 'Customer']",1
L004720,Michael Patel,NXP Semiconductors GmbH,,LATAM,,Event,"['Oscilloscope_Selector_Tool', 'SQL', 'Oscilloscope_Selector_Tool', 'IMS_Badge_Scan', 'SQL', 'Oscilloscope_Selector_Tool', 'Technical_Demo', 'Customer']",1
L004721,Ahmed Tanaka,Sony,Electronics,Europe,,Sales Outreach,"['Oscilloscope_Selector_Tool', 'AutoSens_Tech_Talk', 'Lab_Integration_Discussion', 'DesignCon_Booth_Visit', 'Customer']",1
L004722,Chen Ito,Raytheon,Semiconductor,Europe,,Webinar,"['AutoSens_Tech_Talk', 'AutoSens_Tech_Talk', 'Lab_Integration_Discussion', 'PathWave_Trial_Request', 'Application_Engineer_Call', 'Whitepaper_Download_5G_Test', 'MQL', 'No_Conversion']",0
L004723,Chen Ito,Samsu_Tech,Semiconductor,APAC,,Email Campaign,"['DesignCon_Booth_Visit', 'No_Conversion']",0
L004724,Hiroshi Johnson,Broadcom GmbH,,LATAM,,LinkedIn,['No_Conversion'],0
L004725,Ravi Lee,Infineon GmbH,,APAC,Oscilloscopes,Website,"['Lab_Integration_Discussion', 'Whitepaper_Download_5G_Test', 'Whitepaper_Download_5G_Test', 'Keysight_University_Course', 'AutoSens_Tech_Talk', 'IMS_Badge_Scan', 'Loaner_Unit_Evaluation', 'LinkedIn_Ad_Click', 'No_Conversion']",0
L004726,Chen Johnson,,Electronics,APAC,PathWave Software,Email Campaign,"['Opportunity', 'Application_Engineer_Call', 'IMS_Badge_Scan', 'Application_Engineer_Call', 'No_Conversion']",0
L004727,Chen Williams,,Automotive,North America,Automotive Ethernet,Event,"['MQL', 'Whitepaper_Download_5G_Test', 'Keysight_University_Course', 'No_Conversion']",0
L004728,Priya Anders,NXP Semiconductors GmbH,,APAC,Oscilloscopes,Event,"['DesignCon_Booth_Visit', 'Oscilloscope_Selector_Tool', 'Oscilloscope_Selector_Tool', 'DesignCon_Booth_Visit', 'IMS_Badge_Scan', 'Keysight_University_Course', 'Whitepaper_Download_5G_Test', 'Technical_Demo', 'Customer']",1
L004729,Priya Johnson,Samsung Electronics GmbH,Aerospace,,5G Testbeds,LinkedIn,"['Technical_Demo', 'DesignCon_Booth_Visit', 'Website_Product_Page', 'Keysight_Workshop_RF_Testing', 'Opportunity', 'Technical_Demo', 'MQL', 'AutoSens_Tech_Talk', 'Application_Engineer_Call', 'Oscilloscope_Selector_Tool', 'No_Conversion']",0
L004730,Hiroshi Anders,,Automotive,North America,5G Testbeds,LinkedIn,"['SQL', 'Keysight_Workshop_RF_Testing', 'Oscilloscope_Selector_Tool', 'SQL', 'PathWave_Trial_Request', 'AutoSens_Tech_Talk', 'LinkedIn_Ad_Click', 'Oscilloscope_Selector_Tool', 'Application_Engineer_Call', 'Oscilloscope_Selector_Tool', 'Customer']",1
L004731,Michael Garcia,NXP Semiconductors,Electronics,,Oscilloscopes,,"['Opportunity', 'LinkedIn_Ad_Click', 'Keysight_Workshop_RF_Testing', 'Keysight_Workshop_RF_Testing', 'Technical_Demo', 'LinkedIn_Ad_Click', 'No_Conversion']",0
L004732,Priya Khan,NXPSe_Tech,Automotive,APAC,Oscilloscopes,,"['AutoSens_Tech_Talk', 'AutoSens_Tech_Talk', 'Website_Product_Page', 'Website_Product_Page', 'Customer']",1
L004733,Laura Anders,Sony,Aerospace,,5G Testbeds,Email Campaign,['Customer'],1
L004734,Maria Martinez,Qualcomm,,LATAM,Oscilloscopes,Event,"['Opportunity', 'MQL', 'Application_Engineer_Call', 'Oscilloscope_Selector_Tool', 'Customer']",1
L004735,Sofia Garcia,Samsung Electronics,,North America,Automotive Ethernet,Event,"['Whitepaper_Download_5G_Test', 'IMS_Badge_Scan', 'MQL', 'Lab_Integration_Discussion', 'No_Conversion']",0
L004736,Sarah Anders,,,Europe,,Email Campaign,"['Opportunity', 'IMS_Badge_Scan', 'SQL', 'Customer']",1
L004737,Hiroshi Martinez,Raytheon,Semiconductor,APAC,,Website,"['Oscilloscope_Selector_Tool', 'Application_Engineer_Call', 'DesignCon_Booth_Visit', 'Oscilloscope_Selector_Tool', 'Opportunity', 'Oscilloscope_Selector_Tool', 'Keysight_Workshop_RF_Testing', 'Keysight_University_Course', 'Customer']",1
L004738,Laura Tanaka,Broadcom GmbH,Aerospace,Europe,5G Testbeds,Webinar,"['Opportunity', 'Whitepaper_Download_5G_Test', 'MQL', 'SQL', 'Keysight_Workshop_RF_Testing', 'MQL', 'LinkedIn_Ad_Click', 'No_Conversion']",0
L004739,Priya Tanaka,Infineon,Semiconductor,North America,5G Testbeds,Event,"['Loaner_Unit_Evaluation', 'Website_Product_Page', 'Technical_Demo', 'Keysight_University_Course', 'Technical_Demo', 'Lab_Integration_Discussion', 'AutoSens_Tech_Talk', 'AutoSens_Tech_Talk', 'Oscilloscope_Selector_Tool', 'Customer']",1
L004740,Hiroshi Ito,NXPSe_Tech,,Europe,,Email Campaign,"['Whitepaper_Download_5G_Test', 'SQL', 'IMS_Badge_Scan', 'Customer']",1
L004741,Maria Johnson,Infineon,Aerospace,,PathWave Software,Event,"['MQL', 'Opportunity', 'MQL', 'Keysight_University_Course', 'IMS_Badge_Scan', 'LinkedIn_Ad_Click', 'MQL', 'Customer']",1
L004742,Ahmed Johnson,,Electronics,Europe,Automotive Ethernet,Webinar,"['Opportunity', 'SQL', 'MQL', 'Keysight_University_Course', 'Keysight_University_Course', 'Keysight_University_Course', 'Opportunity', 'MQL', 'Keysight_Workshop_RF_Testing', 'No_Conversion']",0
L004743,Maria Tanaka,NXP Semiconductors,Electronics,Europe,,Webinar,"['AutoSens_Tech_Talk', 'SQL', 'MQL', 'LinkedIn_Ad_Click', 'DesignCon_Booth_Visit', 'Whitepaper_Download_5G_Test', 'Opportunity', 'No_Conversion']",0
L004744,Sofia Lee,NXP Semiconductors GmbH,Semiconductor,,,Event,"['Opportunity', 'Keysight_University_Course', 'Oscilloscope_Selector_Tool', 'Oscilloscope_Selector_Tool', 'Loaner_Unit_Evaluation', 'Keysight_Workshop_RF_Testing', 'Oscilloscope_Selector_Tool', 'Whitepaper_Download_5G_Test', 'MQL', 'Application_Engineer_Call', 'Customer']",1
L004745,Daniel Singh,,Semiconductor,APAC,5G Testbeds,Sales Outreach,"['DesignCon_Booth_Visit', 'AutoSens_Tech_Talk', 'No_Conversion']",0
L004746,Maria Martinez,Broadcom GmbH,,Europe,,LinkedIn,"['LinkedIn_Ad_Click', 'SQL', 'AutoSens_Tech_Talk', 'PathWave_Trial_Request', 'Customer']",1
L004747,Maria Tanaka,Infin_Tech,Telecom,Europe,5G Testbeds,Webinar,"['Whitepaper_Download_5G_Test', 'Application_Engineer_Call', 'Keysight_Workshop_RF_Testing', 'No_Conversion']",0
L004748,Chen Chen,Samsung Electronics,Semiconductor,LATAM,PathWave Software,LinkedIn,"['MQL', 'MQL', 'Customer']",1
L004749,Sofia Chen,Tesla_Tech,Aerospace,LATAM,,Event,"['MQL', 'AutoSens_Tech_Talk', 'DesignCon_Booth_Visit', 'Loaner_Unit_Evaluation', 'Application_Engineer_Call', 'IMS_Badge_Scan', 'Customer']",1
L004750,Sofia Tanaka,Infin_Tech,Aerospace,Europe,,Webinar,"['SQL', 'LinkedIn_Ad_Click', 'Keysight_University_Course', 'Loaner_Unit_Evaluation', 'Keysight_Workshop_RF_Testing', 'Keysight_University_Course', 'AutoSens_Tech_Talk', 'No_Conversion']",0
L004751,Priya Khan,Broadcom GmbH,Telecom,,5G Testbeds,LinkedIn,"['LinkedIn_Ad_Click', 'Opportunity', 'AutoSens_Tech_Talk', 'SQL', 'PathWave_Trial_Request', 'DesignCon_Booth_Visit', 'Customer']",1
L004752,Sarah Lee,Infineon,Semiconductor,North America,Oscilloscopes,Sales Outreach,['Customer'],1
L004753,Chen Chen,Raytheon,Telecom,,PathWave Software,Webinar,['Customer'],1
L004754,Sofia Lee,,,APAC,Automotive Ethernet,Webinar,"['Application_Engineer_Call', 'MQL', 'Technical_Demo', 'AutoSens_Tech_Talk', 'Whitepaper_Download_5G_Test', 'AutoSens_Tech_Talk', 'SQL', 'Whitepaper_Download_5G_Test', 'PathWave_Trial_Request', 'Lab_Integration_Discussion', 'Customer']",1
L004755,Hiroshi Tanaka,Bosch,,North America,5G Testbeds,LinkedIn,"['Whitepaper_Download_5G_Test', 'Keysight_Workshop_RF_Testing', 'IMS_Badge_Scan', 'No_Conversion']",0
L004756,Priya Chen,Raytheon GmbH,,APAC,Oscilloscopes,Event,"['Keysight_Workshop_RF_Testing', 'Keysight_Workshop_RF_Testing', 'Website_Product_Page', 'LinkedIn_Ad_Click', 'Application_Engineer_Call', 'Application_Engineer_Call', 'Technical_Demo', 'Customer']",1
L004757,Sarah Anders,Broadcom,Telecom,Europe,PathWave Software,Website,"['MQL', 'LinkedIn_Ad_Click', 'Lab_Integration_Discussion', 'Website_Product_Page', 'Opportunity', 'No_Conversion']",0
L004758,,,Aerospace,Europe,Oscilloscopes,LinkedIn,"['Technical_Demo', 'SQL', 'PathWave_Trial_Request', 'No_Conversion']",0
L004759,Michael Singh,,Telecom,North America,,,"['Opportunity', 'Opportunity', 'IMS_Badge_Scan', 'AutoSens_Tech_Talk', 'No_Conversion']",0
L004760,Ravi Chen,Samsung Electronics GmbH,Electronics,APAC,5G Testbeds,Event,"['PathWave_Trial_Request', 'SQL', 'MQL', 'Whitepaper_Download_5G_Test', 'Keysight_University_Course', 'Oscilloscope_Selector_Tool', 'MQL', 'PathWave_Trial_Request', 'No_Conversion']",0
L004761,Maria Lee,NXP Semiconductors,,North America,5G Testbeds,Event,"['Application_Engineer_Call', 'Keysight_Workshop_RF_Testing', 'Customer']",1
L004762,Ravi Tanaka,MetaC_Tech,Electronics,,Automotive Ethernet,,"['Keysight_Workshop_RF_Testing', 'MQL', 'Application_Engineer_Call', 'MQL', 'No_Conversion']",0
L004763,,Samsung Electronics GmbH,Automotive,LATAM,,Website,"['Oscilloscope_Selector_Tool', 'MQL', 'Whitepaper_Download_5G_Test', 'No_Conversion']",0
L004764,,Tesla_Tech,Automotive,Europe,,,['Customer'],1
L004765,Laura Singh,Qualcomm GmbH,,North America,PathWave Software,LinkedIn,"['Opportunity', 'Keysight_Workshop_RF_Testing', 'Oscilloscope_Selector_Tool', 'MQL', 'Website_Product_Page', 'No_Conversion']",0
L004766,Daniel Garcia,NXP Semiconductors GmbH,Automotive,,5G Testbeds,Webinar,"['Website_Product_Page', 'Application_Engineer_Call', 'Loaner_Unit_Evaluation', 'Customer']",1
L004767,Ravi Tanaka,Samsu_Tech,Automotive,APAC,PathWave Software,LinkedIn,"['Opportunity', 'Customer']",1
L004768,Maria Khan,,Electronics,LATAM,5G Testbeds,Event,"['Technical_Demo', 'Website_Product_Page', 'Technical_Demo', 'MQL', 'Opportunity', 'Keysight_Workshop_RF_Testing', 'IMS_Badge_Scan', 'Keysight_University_Course', 'Customer']",1
L004769,Ahmed Patel,,Telecom,LATAM,PathWave Software,,['No_Conversion'],0
L004770,Maria Williams,Tesla Energy,,,,Webinar,"['Oscilloscope_Selector_Tool', 'Application_Engineer_Call', 'IMS_Badge_Scan', 'No_Conversion']",0
L004771,Laura Lee,NXP Semiconductors GmbH,Automotive,Europe,,Email Campaign,"['Application_Engineer_Call', 'Website_Product_Page', 'Technical_Demo', 'Customer']",1
L004772,Daniel Lee,Raytheon,,APAC,Oscilloscopes,Sales Outreach,"['Oscilloscope_Selector_Tool', 'Application_Engineer_Call', 'Whitepaper_Download_5G_Test', 'Application_Engineer_Call', 'Whitepaper_Download_5G_Test', 'Oscilloscope_Selector_Tool', 'Keysight_Workshop_RF_Testing', 'No_Conversion']",0
L004773,Kenji Johnson,,,APAC,Oscilloscopes,Sales Outreach,"['LinkedIn_Ad_Click', 'MQL', 'Keysight_Workshop_RF_Testing', 'Website_Product_Page', 'Customer']",1
L004774,Ravi Singh,Tesla_Tech,Semiconductor,LATAM,,,"['Application_Engineer_Call', 'Loaner_Unit_Evaluation', 'Keysight_University_Course', 'Customer']",1
L004775,Laura Garcia,,Semiconductor,North America,5G Testbeds,LinkedIn,['No_Conversion'],0
L004776,Chen Khan,,Telecom,Europe,,Website,"['AutoSens_Tech_Talk', 'Whitepaper_Download_5G_Test', 'LinkedIn_Ad_Click', 'LinkedIn_Ad_Click', 'Whitepaper_Download_5G_Test', 'Lab_Integration_Discussion', 'MQL', 'Whitepaper_Download_5G_Test', 'Customer']",1
L004777,Michael Williams,NXP Semiconductors GmbH,,LATAM,,LinkedIn,"['Website_Product_Page', 'Technical_Demo', 'MQL', 'Website_Product_Page', 'No_Conversion']",0
L004778,Daniel Anders,Tesla Energy,Automotive,,Automotive Ethernet,LinkedIn,"['DesignCon_Booth_Visit', 'Lab_Integration_Discussion', 'Technical_Demo', 'Customer']",1
L004779,Priya Johnson,,,LATAM,Oscilloscopes,LinkedIn,"['Loaner_Unit_Evaluation', 'Keysight_Workshop_RF_Testing', 'MQL', 'Technical_Demo', 'Whitepaper_Download_5G_Test', 'Customer']",1
L004780,Ahmed Martinez,Samsung Electronics,Telecom,,5G Testbeds,LinkedIn,"['Oscilloscope_Selector_Tool', 'PathWave_Trial_Request', 'Keysight_Workshop_RF_Testing', 'PathWave_Trial_Request', 'Keysight_Workshop_RF_Testing', 'DesignCon_Booth_Visit', 'Customer']",1
L004781,Ahmed Garcia,NXP Semiconductors,Automotive,APAC,5G Testbeds,Sales Outreach,"['Technical_Demo', 'Application_Engineer_Call', 'Opportunity', 'Oscilloscope_Selector_Tool', 'Oscilloscope_Selector_Tool', 'MQL', 'DesignCon_Booth_Visit', 'No_Conversion']",0
L004782,Priya Williams,,Automotive,Europe,5G Testbeds,Event,"['Lab_Integration_Discussion', 'Oscilloscope_Selector_Tool', 'Opportunity', 'Customer']",1
L004783,Ravi Williams,,Semiconductor,North America,Oscilloscopes,,"['Loaner_Unit_Evaluation', 'Keysight_Workshop_RF_Testing', 'No_Conversion']",0
L004784,Ahmed Williams,Qualc_Tech,,,,Webinar,"['Application_Engineer_Call', 'Application_Engineer_Call', 'PathWave_Trial_Request', 'Keysight_Workshop_RF_Testing', 'Customer']",1
L004785,Maria Ito,Infineon,,,,,"['AutoSens_Tech_Talk', 'Technical_Demo', 'Loaner_Unit_Evaluation', 'Customer']",1
L004786,Sarah Ito,Bosch GmbH,Semiconductor,North America,,Event,"['SQL', 'Lab_Integration_Discussion', 'Website_Product_Page', 'Loaner_Unit_Evaluation', 'IMS_Badge_Scan', 'PathWave_Trial_Request', 'No_Conversion']",0
L004787,Chen Williams,Broadcom GmbH,Electronics,Europe,Automotive Ethernet,Email Campaign,"['AutoSens_Tech_Talk', 'Oscilloscope_Selector_Tool', 'Lab_Integration_Discussion', 'No_Conversion']",0
L004788,Maria Anders,Bosch,Electronics,,Oscilloscopes,,"['Keysight_University_Course', 'Loaner_Unit_Evaluation', 'IMS_Badge_Scan', 'SQL', 'Website_Product_Page', 'Customer']",1
L004789,Maria Anders,Broadcom,Electronics,North America,5G Testbeds,Email Campaign,['Customer'],1
L004790,Michael Martinez,MetaC_Tech,Aerospace,North America,Automotive Ethernet,Website,"['Technical_Demo', 'Technical_Demo', 'LinkedIn_Ad_Click', 'No_Conversion']",0
L004791,Michael Johnson,NXPSe_Tech,Automotive,APAC,,LinkedIn,"['Keysight_University_Course', 'Loaner_Unit_Evaluation', 'MQL', 'Customer']",1
L004792,Laura Singh,Broad_Tech,,LATAM,Oscilloscopes,,['No_Conversion'],0
L004793,Ravi Ito,Meta Connectivity Labs,Aerospace,APAC,Oscilloscopes,Webinar,"['Website_Product_Page', 'DesignCon_Booth_Visit', 'Website_Product_Page', 'Application_Engineer_Call', 'Oscilloscope_Selector_Tool', 'Whitepaper_Download_5G_Test', 'Customer']",1
L004794,Priya Garcia,Tesla_Tech,Electronics,,,Sales Outreach,"['Oscilloscope_Selector_Tool', 'AutoSens_Tech_Talk', 'Opportunity', 'Loaner_Unit_Evaluation', 'Customer']",1
L004795,Hiroshi Lee,Bosch GmbH,Automotive,LATAM,,LinkedIn,"['Application_Engineer_Call', 'Whitepaper_Download_5G_Test', 'MQL', 'No_Conversion']",0
L004796,Ahmed Ito,Broad_Tech,Automotive,,Oscilloscopes,Event,"['Keysight_University_Course', 'Application_Engineer_Call', 'LinkedIn_Ad_Click', 'IMS_Badge_Scan', 'Keysight_Workshop_RF_Testing', 'Keysight_University_Course', 'SQL', 'Opportunity', 'Keysight_University_Course', 'MQL', 'No_Conversion']",0
L004797,Hiroshi Patel,Broad_Tech,Semiconductor,APAC,Automotive Ethernet,Website,"['Keysight_University_Course', 'Oscilloscope_Selector_Tool', 'LinkedIn_Ad_Click', 'Whitepaper_Download_5G_Test', 'AutoSens_Tech_Talk', 'SQL', 'MQL', 'PathWave_Trial_Request', 'Technical_Demo', 'Opportunity', 'Customer']",1
L004798,Chen Tanaka,Bosch_Tech,Telecom,LATAM,,,"['IMS_Badge_Scan', 'Customer']",1
L004799,Maria Williams,MetaC_Tech,Telecom,,,Webinar,"['Technical_Demo', 'Whitepaper_Download_5G_Test', 'MQL', 'Whitepaper_Download_5G_Test', 'Whitepaper_Download_5G_Test', 'No_Conversion']",0
L004800,Ravi Anders,NXP Semiconductors,Electronics,APAC,,,"['Loaner_Unit_Evaluation', 'Website_Product_Page', 'Loaner_Unit_Evaluation', 'Whitepaper_Download_5G_Test', 'MQL', 'Customer']",1
L004801,Maria Martinez,Broadcom GmbH,Electronics,North America,Oscilloscopes,Email Campaign,"['Application_Engineer_Call', 'IMS_Badge_Scan', 'LinkedIn_Ad_Click', 'LinkedIn_Ad_Click', 'Whitepaper_Download_5G_Test', 'PathWave_Trial_Request', 'SQL', 'DesignCon_Booth_Visit', 'Website_Product_Page', 'Keysight_Workshop_RF_Testing', 'Customer']",1
L004802,Sofia Singh,,Semiconductor,North America,5G Testbeds,Website,"['Lab_Integration_Discussion', 'Opportunity', 'No_Conversion']",0
L004803,Ravi Anders,Samsung Electronics,Automotive,LATAM,Oscilloscopes,Sales Outreach,"['Application_Engineer_Call', 'Keysight_University_Course', 'No_Conversion']",0
L004804,Priya Anders,,Telecom,,,Website,"['PathWave_Trial_Request', 'Whitepaper_Download_5G_Test', 'No_Conversion']",0
L004805,,NXP Semiconductors GmbH,Electronics,,,Email Campaign,['No_Conversion'],0
L004806,Ravi Chen,Qualcomm GmbH,Telecom,Europe,,,"['Application_Engineer_Call', 'Website_Product_Page', 'Opportunity', 'LinkedIn_Ad_Click', 'No_Conversion']",0
L004807,Kenji Johnson,Qualcomm GmbH,,APAC,5G Testbeds,Sales Outreach,"['Lab_Integration_Discussion', 'Whitepaper_Download_5G_Test', 'Opportunity', 'Lab_Integration_Discussion', 'Oscilloscope_Selector_Tool', 'No_Conversion']",0
L004808,Priya Garcia,Raytheon,Automotive,,PathWave Software,Sales Outreach,['Customer'],1
L004809,Ahmed Garcia,NXPSe_Tech,Electronics,,Oscilloscopes,Website,"['MQL', 'AutoSens_Tech_Talk', 'No_Conversion']",0
L004810,Ravi Lee,Qualc_Tech,,,Oscilloscopes,,"['Technical_Demo', 'Customer']",1
L004811,Hiroshi Ito,Sony_Tech,Aerospace,North America,5G Testbeds,Website,"['Loaner_Unit_Evaluation', 'LinkedIn_Ad_Click', 'AutoSens_Tech_Talk', 'Technical_Demo', 'Oscilloscope_Selector_Tool', 'Keysight_Workshop_RF_Testing', 'No_Conversion']",0
L004812,Priya Lee,Broadcom GmbH,Automotive,North America,,,"['SQL', 'SQL', 'Opportunity', 'AutoSens_Tech_Talk', 'No_Conversion']",0
L004813,Ravi Ito,Broad_Tech,Telecom,,,Sales Outreach,"['AutoSens_Tech_Talk', 'MQL', 'MQL', 'Customer']",1
L004814,,Samsu_Tech,Automotive,,,Sales Outreach,"['Keysight_University_Course', 'Keysight_Workshop_RF_Testing', 'DesignCon_Booth_Visit', 'Keysight_University_Course', 'Technical_Demo', 'Application_Engineer_Call', 'IMS_Badge_Scan', 'Customer']",1
L004815,Michael Williams,Meta Connectivity Labs GmbH,Semiconductor,North America,PathWave Software,Website,"['SQL', 'Lab_Integration_Discussion', 'Application_Engineer_Call', 'MQL', 'No_Conversion']",0
L004816,Priya Ito,NXP Semiconductors GmbH,,North America,,,"['Keysight_University_Course', 'Website_Product_Page', 'No_Conversion']",0
L004817,Sarah Martinez,Broadcom GmbH,Aerospace,APAC,,LinkedIn,"['Application_Engineer_Call', 'DesignCon_Booth_Visit', 'MQL', 'Customer']",1
L004818,Laura Williams,Infin_Tech,Electronics,,5G Testbeds,Event,"['LinkedIn_Ad_Click', 'Application_Engineer_Call', 'SQL', 'Keysight_University_Course', 'Loaner_Unit_Evaluation', 'SQL', 'Keysight_Workshop_RF_Testing', 'Customer']",1
L004819,Hiroshi Martinez,Samsung Electronics,,North America,,,['Customer'],1
L004820,Priya Anders,Meta Connectivity Labs,Semiconductor,Europe,,Webinar,"['Technical_Demo', 'LinkedIn_Ad_Click', 'PathWave_Trial_Request', 'Application_Engineer_Call', 'Keysight_University_Course', 'No_Conversion']",0
L004821,,Tesla Energy,,LATAM,PathWave Software,LinkedIn,"['Technical_Demo', 'Opportunity', 'Keysight_University_Course', 'SQL', 'Lab_Integration_Discussion', 'MQL', 'Opportunity', 'No_Conversion']",0
L004822,Sarah Khan,,,,,Sales Outreach,"['IMS_Badge_Scan', 'Oscilloscope_Selector_Tool', 'Oscilloscope_Selector_Tool', 'LinkedIn_Ad_Click', 'Application_Engineer_Call', 'PathWave_Trial_Request', 'Customer']",1
L004823,,Infin_Tech,,North America,Automotive Ethernet,Website,"['IMS_Badge_Scan', 'Opportunity', 'Application_Engineer_Call', 'No_Conversion']",0
L004824,Kenji Lee,Tesla_Tech,Aerospace,LATAM,,,"['Opportunity', 'DesignCon_Booth_Visit', 'LinkedIn_Ad_Click', 'SQL', 'Application_Engineer_Call', 'Customer']",1
L004825,Ahmed Patel,Samsung Electronics,Aerospace,LATAM,PathWave Software,Sales Outreach,"['Website_Product_Page', 'Loaner_Unit_Evaluation', 'Keysight_Workshop_RF_Testing', 'No_Conversion']",0
L004826,Sofia Garcia,Meta Connectivity Labs GmbH,,,,Website,"['DesignCon_Booth_Visit', 'No_Conversion']",0
L004827,Kenji Singh,Samsung Electronics,Semiconductor,APAC,,LinkedIn,"['SQL', 'Website_Product_Page', 'Customer']",1
L004828,Ravi Garcia,,Automotive,,5G Testbeds,Website,"['Opportunity', 'Lab_Integration_Discussion', 'Opportunity', 'Whitepaper_Download_5G_Test', 'Application_Engineer_Call', 'SQL', 'MQL', 'No_Conversion']",0
L004829,,Bosch_Tech,Electronics,,5G Testbeds,Webinar,"['PathWave_Trial_Request', 'Technical_Demo', 'Lab_Integration_Discussion', 'LinkedIn_Ad_Click', 'Keysight_University_Course', 'Application_Engineer_Call', 'Whitepaper_Download_5G_Test', 'Customer']",1
L004830,Kenji Garcia,Sony_Tech,Semiconductor,,Oscilloscopes,,['No_Conversion'],0
L004831,Laura Khan,Broadcom,,APAC,Automotive Ethernet,Sales Outreach,"['IMS_Badge_Scan', 'Technical_Demo', 'Opportunity', 'Customer']",1
L004832,Ravi Singh,NXP Semiconductors,Telecom,,5G Testbeds,Sales Outreach,['Customer'],1
L004833,Kenji Johnson,Bosch GmbH,Aerospace,North America,,Sales Outreach,"['Whitepaper_Download_5G_Test', 'PathWave_Trial_Request', 'AutoSens_Tech_Talk', 'DesignCon_Booth_Visit', 'Customer']",1
L004834,Ravi Ito,Tesla Energy,,North America,,LinkedIn,"['Loaner_Unit_Evaluation', 'MQL', 'AutoSens_Tech_Talk', 'Loaner_Unit_Evaluation', 'Oscilloscope_Selector_Tool', 'Website_Product_Page', 'No_Conversion']",0
L004835,Daniel Singh,,Electronics,,PathWave Software,,"['Loaner_Unit_Evaluation', 'Website_Product_Page', 'SQL', 'Technical_Demo', 'Opportunity', 'Customer']",1
L004836,Sofia Tanaka,Samsung Electronics,,North America,,,"['Whitepaper_Download_5G_Test', 'Oscilloscope_Selector_Tool', 'Keysight_Workshop_RF_Testing', 'Technical_Demo', 'Lab_Integration_Discussion', 'No_Conversion']",0
L004837,Priya Patel,MetaC_Tech,Aerospace,Europe,Oscilloscopes,Event,"['Keysight_Workshop_RF_Testing', 'Loaner_Unit_Evaluation', 'AutoSens_Tech_Talk', 'Customer']",1
L004838,Ahmed Singh,Qualcomm,Automotive,LATAM,Oscilloscopes,Sales Outreach,"['Website_Product_Page', 'Keysight_University_Course', 'Oscilloscope_Selector_Tool', 'LinkedIn_Ad_Click', 'Keysight_Workshop_RF_Testing', 'SQL', 'Loaner_Unit_Evaluation', 'Customer']",1
L004839,Sofia Lee,Tesla Energy GmbH,Electronics,LATAM,5G Testbeds,Sales Outreach,"['Whitepaper_Download_5G_Test', 'Technical_Demo', 'MQL', 'No_Conversion']",0
L004840,,Bosch GmbH,Aerospace,LATAM,Automotive Ethernet,Event,"['DesignCon_Booth_Visit', 'Keysight_University_Course', 'Whitepaper_Download_5G_Test', 'Keysight_Workshop_RF_Testing', 'Oscilloscope_Selector_Tool', 'Technical_Demo', 'No_Conversion']",0
L004841,Laura Chen,Raytheon GmbH,Semiconductor,APAC,,Webinar,"['DesignCon_Booth_Visit', 'Application_Engineer_Call', 'Technical_Demo', 'Customer']",1
L004842,Maria Singh,Samsung Electronics,Electronics,APAC,,Email Campaign,"['DesignCon_Booth_Visit', 'AutoSens_Tech_Talk', 'Lab_Integration_Discussion', 'Customer']",1
L004843,Hiroshi Johnson,NXP Semiconductors GmbH,Electronics,North America,PathWave Software,Website,"['DesignCon_Booth_Visit', 'Loaner_Unit_Evaluation', 'Whitepaper_Download_5G_Test', 'SQL', 'Loaner_Unit_Evaluation', 'No_Conversion']",0
L004844,Ravi Tanaka,,Aerospace,LATAM,5G Testbeds,Webinar,"['DesignCon_Booth_Visit', 'AutoSens_Tech_Talk', 'Whitepaper_Download_5G_Test', 'Customer']",1
L004845,Sarah Chen,Samsung Electronics,,Europe,Automotive Ethernet,Event,"['SQL', 'Keysight_University_Course', 'Customer']",1
L004846,Maria Johnson,Tesla Energy,Automotive,LATAM,Oscilloscopes,Webinar,"['DesignCon_Booth_Visit', 'SQL', 'Opportunity', 'Whitepaper_Download_5G_Test', 'Loaner_Unit_Evaluation', 'Opportunity', 'Customer']",1
L004847,Ravi Singh,Sony_Tech,,APAC,,Sales Outreach,['No_Conversion'],0
L004848,,NXPSe_Tech,,LATAM,5G Testbeds,Email Campaign,"['Keysight_Workshop_RF_Testing', 'Application_Engineer_Call', 'Customer']",1
L004849,Ravi Khan,Samsung Electronics GmbH,,LATAM,Automotive Ethernet,Webinar,"['Loaner_Unit_Evaluation', 'Application_Engineer_Call', 'PathWave_Trial_Request', 'Lab_Integration_Discussion', 'PathWave_Trial_Request', 'SQL', 'DesignCon_Booth_Visit', 'No_Conversion']",0
L004850,Chen Chen,NXP Semiconductors,,,Oscilloscopes,Webinar,"['Loaner_Unit_Evaluation', 'PathWave_Trial_Request', 'Keysight_University_Course', 'Application_Engineer_Call', 'Oscilloscope_Selector_Tool', 'AutoSens_Tech_Talk', 'No_Conversion']",0
L004851,Sarah Lee,Raytheon GmbH,Automotive,APAC,,Webinar,"['Technical_Demo', 'SQL', 'Loaner_Unit_Evaluation', 'Customer']",1
L004852,,,Semiconductor,,Automotive Ethernet,Webinar,['Customer'],1
L004853,Sarah Williams,Tesla Energy GmbH,,APAC,5G Testbeds,Email Campaign,"['AutoSens_Tech_Talk', 'Website_Product_Page', 'Keysight_Workshop_RF_Testing', 'AutoSens_Tech_Talk', 'Application_Engineer_Call', 'AutoSens_Tech_Talk', 'LinkedIn_Ad_Click', 'Oscilloscope_Selector_Tool', 'Loaner_Unit_Evaluation', 'Customer']",1
L004854,Ahmed Johnson,Samsu_Tech,Semiconductor,,Automotive Ethernet,Email Campaign,['No_Conversion'],0
L004855,Hiroshi Khan,Tesla Energy GmbH,,LATAM,PathWave Software,Email Campaign,"['Loaner_Unit_Evaluation', 'Opportunity', 'Opportunity', 'Customer']",1
L004856,Priya Martinez,Bosch_Tech,Telecom,,PathWave Software,Sales Outreach,"['AutoSens_Tech_Talk', 'AutoSens_Tech_Talk', 'AutoSens_Tech_Talk', 'Loaner_Unit_Evaluation', 'Technical_Demo', 'Loaner_Unit_Evaluation', 'Keysight_Workshop_RF_Testing', 'IMS_Badge_Scan', 'Technical_Demo', 'No_Conversion']",0
L004857,Daniel Lee,Meta Connectivity Labs,Telecom,APAC,,LinkedIn,"['LinkedIn_Ad_Click', 'Keysight_University_Course', 'Opportunity', 'Application_Engineer_Call', 'Customer']",1
L004858,Daniel Singh,Tesla Energy,,Europe,5G Testbeds,Email Campaign,"['IMS_Badge_Scan', 'MQL', 'Keysight_Workshop_RF_Testing', 'Customer']",1
L004859,Daniel Tanaka,,Telecom,LATAM,,Webinar,"['Website_Product_Page', 'PathWave_Trial_Request', 'Keysight_University_Course', 'Whitepaper_Download_5G_Test', 'AutoSens_Tech_Talk', 'Opportunity', 'Customer']",1
L004860,Hiroshi Patel,Raytheon GmbH,,,,Webinar,"['MQL', 'AutoSens_Tech_Talk', 'Loaner_Unit_Evaluation', 'Keysight_Workshop_RF_Testing', 'Keysight_University_Course', 'Keysight_University_Course', 'Opportunity', 'AutoSens_Tech_Talk', 'No_Conversion']",0
L004861,Sarah Garcia,Infineon GmbH,Electronics,APAC,Automotive Ethernet,Sales Outreach,"['MQL', 'IMS_Badge_Scan', 'AutoSens_Tech_Talk', 'Customer']",1
L004862,Hiroshi Williams,Infineon,Electronics,Europe,,Website,"['DesignCon_Booth_Visit', 'Customer']",1
L004863,Michael Singh,NXP Semiconductors GmbH,,APAC,Automotive Ethernet,,"['LinkedIn_Ad_Click', 'SQL', 'Technical_Demo', 'Loaner_Unit_Evaluation', 'Website_Product_Page', 'Keysight_University_Course', 'AutoSens_Tech_Talk', 'MQL', 'No_Conversion']",0
L004864,Kenji Anders,Infin_Tech,Telecom,,,Email Campaign,"['Website_Product_Page', 'Website_Product_Page', 'MQL', 'LinkedIn_Ad_Click', 'Keysight_University_Course', 'Keysight_Workshop_RF_Testing', 'Oscilloscope_Selector_Tool', 'MQL', 'IMS_Badge_Scan', 'AutoSens_Tech_Talk', 'No_Conversion']",0
L004865,Maria Williams,Samsu_Tech,Aerospace,APAC,Automotive Ethernet,Webinar,"['Application_Engineer_Call', 'Opportunity', 'Whitepaper_Download_5G_Test', 'Whitepaper_Download_5G_Test', 'Oscilloscope_Selector_Tool', 'SQL', 'Website_Product_Page', 'Customer']",1
L004866,Chen Williams,,Semiconductor,LATAM,,Sales Outreach,"['SQL', 'Application_Engineer_Call', 'Technical_Demo', 'Loaner_Unit_Evaluation', 'Website_Product_Page', 'Customer']",1
L004867,Sofia Williams,Meta Connectivity Labs GmbH,Telecom,Europe,Automotive Ethernet,Webinar,"['Oscilloscope_Selector_Tool', 'LinkedIn_Ad_Click', 'Application_Engineer_Call', 'No_Conversion']",0
L004868,Maria Tanaka,Qualcomm GmbH,Automotive,,,LinkedIn,['No_Conversion'],0
L004869,Priya Williams,Raytheon,Aerospace,North America,,LinkedIn,['No_Conversion'],0
L004870,Kenji Singh,,Electronics,,,Email Campaign,"['Whitepaper_Download_5G_Test', 'IMS_Badge_Scan', 'Oscilloscope_Selector_Tool', 'Whitepaper_Download_5G_Test', 'Customer']",1
L004871,Daniel Singh,,,,,Sales Outreach,"['Website_Product_Page', 'Opportunity', 'Oscilloscope_Selector_Tool', 'Customer']",1
L004872,Sarah Johnson,,Automotive,LATAM,,LinkedIn,"['MQL', 'Application_Engineer_Call', 'AutoSens_Tech_Talk', 'DesignCon_Booth_Visit', 'Customer']",1
L004873,Kenji Johnson,Infineon,,LATAM,,Website,"['IMS_Badge_Scan', 'Loaner_Unit_Evaluation', 'Whitepaper_Download_5G_Test', 'Loaner_Unit_Evaluation', 'Oscilloscope_Selector_Tool', 'LinkedIn_Ad_Click', 'Keysight_Workshop_RF_Testing', 'Customer']",1
L004874,Ahmed Johnson,Tesla Energy,Aerospace,APAC,,,"['AutoSens_Tech_Talk', 'Lab_Integration_Discussion', 'DesignCon_Booth_Visit', 'Customer']",1
L004875,Sofia Singh,Infin_Tech,Electronics,APAC,5G Testbeds,Event,"['PathWave_Trial_Request', 'Customer']",1
L004876,Hiroshi Singh,Qualcomm,Automotive,,,Website,"['Keysight_Workshop_RF_Testing', 'Keysight_University_Course', 'Application_Engineer_Call', 'Whitepaper_Download_5G_Test', 'MQL', 'Customer']",1
L004877,Chen Chen,MetaC_Tech,Telecom,LATAM,Oscilloscopes,Event,"['Loaner_Unit_Evaluation', 'LinkedIn_Ad_Click', 'MQL', 'No_Conversion']",0
L004878,Ahmed Ito,Qualcomm,,APAC,Oscilloscopes,Email Campaign,"['Keysight_Workshop_RF_Testing', 'Opportunity', 'SQL', 'Lab_Integration_Discussion', 'PathWave_Trial_Request', 'Keysight_University_Course', 'SQL', 'Loaner_Unit_Evaluation', 'No_Conversion']",0
L004879,Hiroshi Singh,Qualcomm,,North America,Automotive Ethernet,,"['IMS_Badge_Scan', 'No_Conversion']",0
L004880,Laura Garcia,Bosch,Electronics,LATAM,Oscilloscopes,,['Customer'],1
L004881,Sofia Tanaka,,,LATAM,Oscilloscopes,Email Campaign,"['SQL', 'Lab_Integration_Discussion', 'AutoSens_Tech_Talk', 'Technical_Demo', 'Loaner_Unit_Evaluation', 'AutoSens_Tech_Talk', 'Keysight_Workshop_RF_Testing', 'Opportunity', 'SQL', 'Customer']",1
L004882,Michael Garcia,Qualcomm GmbH,Semiconductor,,Automotive Ethernet,LinkedIn,"['Loaner_Unit_Evaluation', 'Lab_Integration_Discussion', 'Technical_Demo', 'SQL', 'Keysight_Workshop_RF_Testing', 'Keysight_University_Course', 'Lab_Integration_Discussion', 'Customer']",1
L004883,Sofia Chen,,,APAC,,Website,"['Keysight_Workshop_RF_Testing', 'No_Conversion']",0
L004884,Chen Garcia,Infin_Tech,,LATAM,,,"['LinkedIn_Ad_Click', 'PathWave_Trial_Request', 'Opportunity', 'AutoSens_Tech_Talk', 'SQL', 'SQL', 'LinkedIn_Ad_Click', 'IMS_Badge_Scan', 'Customer']",1
L004885,Hiroshi Johnson,Samsung Electronics,Aerospace,Europe,Automotive Ethernet,Email Campaign,"['DesignCon_Booth_Visit', 'Application_Engineer_Call', 'Website_Product_Page', 'Loaner_Unit_Evaluation', 'Customer']",1
L004886,Sofia Chen,Meta Connectivity Labs GmbH,Telecom,Europe,Automotive Ethernet,Event,['Customer'],1
L004887,Sofia Khan,Samsu_Tech,,,5G Testbeds,Website,"['Keysight_University_Course', 'Customer']",1
L004888,Ahmed Lee,Broadcom GmbH,Aerospace,LATAM,Automotive Ethernet,Email Campaign,"['Opportunity', 'LinkedIn_Ad_Click', 'MQL', 'Keysight_University_Course', 'Opportunity', 'Whitepaper_Download_5G_Test', 'AutoSens_Tech_Talk', 'SQL', 'Whitepaper_Download_5G_Test', 'Customer']",1
L004889,Ravi Ito,,Electronics,,Automotive Ethernet,Event,"['Application_Engineer_Call', 'Keysight_Workshop_RF_Testing', 'Keysight_University_Course', 'AutoSens_Tech_Talk', 'MQL', 'Customer']",1
L004890,,Tesla_Tech,Automotive,Europe,Oscilloscopes,Email Campaign,"['Technical_Demo', 'IMS_Badge_Scan', 'Oscilloscope_Selector_Tool', 'Website_Product_Page', 'Oscilloscope_Selector_Tool', 'DesignCon_Booth_Visit', 'LinkedIn_Ad_Click', 'Opportunity', 'Keysight_University_Course', 'Customer']",1
L004891,Sofia Khan,,,North America,,Email Campaign,"['Application_Engineer_Call', 'AutoSens_Tech_Talk', 'Technical_Demo', 'Technical_Demo', 'Keysight_Workshop_RF_Testing', 'Technical_Demo', 'Loaner_Unit_Evaluation', 'Keysight_Workshop_RF_Testing', 'Customer']",1
L004892,Daniel Lee,NXP Semiconductors,Telecom,LATAM,,Email Campaign,"['Website_Product_Page', 'Whitepaper_Download_5G_Test', 'DesignCon_Booth_Visit', 'SQL', 'AutoSens_Tech_Talk', 'Customer']",1
L004893,Ravi Singh,Infineon GmbH,Semiconductor,APAC,,Webinar,"['Whitepaper_Download_5G_Test', 'Oscilloscope_Selector_Tool', 'Customer']",1
L004894,Priya Martinez,Broadcom,Semiconductor,APAC,,LinkedIn,"['SQL', 'SQL', 'Whitepaper_Download_5G_Test', 'Lab_Integration_Discussion', 'DesignCon_Booth_Visit', 'No_Conversion']",0
L004895,Kenji Williams,Infineon,Automotive,,Oscilloscopes,Sales Outreach,"['Keysight_Workshop_RF_Testing', 'Opportunity', 'Website_Product_Page', 'Technical_Demo', 'Keysight_Workshop_RF_Testing', 'Keysight_Workshop_RF_Testing', 'Customer']",1
L004896,Sofia Ito,Sony_Tech,Telecom,North America,PathWave Software,,['Customer'],1
L004897,Sofia Ito,Meta Connectivity Labs GmbH,Semiconductor,APAC,,Event,"['Technical_Demo', 'AutoSens_Tech_Talk', 'Keysight_Workshop_RF_Testing', 'Lab_Integration_Discussion', 'Keysight_University_Course', 'PathWave_Trial_Request', 'MQL', 'No_Conversion']",0
L004898,,Broad_Tech,,Europe,5G Testbeds,,"['Keysight_University_Course', 'Lab_Integration_Discussion', 'AutoSens_Tech_Talk', 'Keysight_Workshop_RF_Testing', 'MQL', 'Keysight_University_Course', 'Customer']",1
L004899,Ravi Lee,MetaC_Tech,,LATAM,5G Testbeds,Event,"['Website_Product_Page', 'Customer']",1
L004900,Chen Tanaka,Raytheon GmbH,Semiconductor,APAC,,Sales Outreach,"['Keysight_University_Course', 'Application_Engineer_Call', 'Loaner_Unit_Evaluation', 'SQL', 'DesignCon_Booth_Visit', 'LinkedIn_Ad_Click', 'PathWave_Trial_Request', 'No_Conversion']",0
L004901,,,Semiconductor,LATAM,,LinkedIn,['No_Conversion'],0
L004902,Maria Garcia,Infineon,Telecom,,,Sales Outreach,"['Website_Product_Page', 'Oscilloscope_Selector_Tool', 'AutoSens_Tech_Talk', 'Opportunity', 'Opportunity', 'No_Conversion']",0
L004903,Ahmed Patel,Infin_Tech,Aerospace,,,Email Campaign,"['SQL', 'IMS_Badge_Scan', 'AutoSens_Tech_Talk', 'SQL', 'Customer']",1
L004904,Laura Martinez,Bosch_Tech,Automotive,APAC,PathWave Software,,"['Keysight_Workshop_RF_Testing', 'LinkedIn_Ad_Click', 'Website_Product_Page', 'SQL', 'No_Conversion']",0
L004905,Ahmed Johnson,NXP Semiconductors GmbH,Aerospace,APAC,,Website,"['AutoSens_Tech_Talk', 'Oscilloscope_Selector_Tool', 'Opportunity', 'Application_Engineer_Call', 'Application_Engineer_Call', 'MQL', 'Keysight_University_Course', 'No_Conversion']",0
L004906,Kenji Garcia,Samsung Electronics GmbH,Aerospace,LATAM,PathWave Software,,"['AutoSens_Tech_Talk', 'Keysight_Workshop_RF_Testing', 'Keysight_Workshop_RF_Testing', 'LinkedIn_Ad_Click', 'PathWave_Trial_Request', 'Customer']",1
L004907,Kenji Anders,Qualc_Tech,Electronics,LATAM,Oscilloscopes,Event,['Customer'],1
L004908,Chen Singh,Rayth_Tech,,,,Email Campaign,"['Loaner_Unit_Evaluation', 'Oscilloscope_Selector_Tool', 'Lab_Integration_Discussion', 'Keysight_Workshop_RF_Testing', 'DesignCon_Booth_Visit', 'No_Conversion']",0
L004909,Chen Garcia,Tesla Energy,Aerospace,LATAM,5G Testbeds,Webinar,"['SQL', 'MQL', 'MQL', 'Lab_Integration_Discussion', 'Oscilloscope_Selector_Tool', 'Loaner_Unit_Evaluation', 'Keysight_University_Course', 'Keysight_University_Course', 'Loaner_Unit_Evaluation', 'Website_Product_Page', 'Customer']",1
L004910,Ahmed Anders,,,LATAM,,Sales Outreach,"['SQL', 'Technical_Demo', 'Keysight_University_Course', 'Keysight_University_Course', 'MQL', 'Lab_Integration_Discussion', 'Technical_Demo', 'No_Conversion']",0
L004911,Ravi Martinez,Samsung Electronics,Aerospace,APAC,Oscilloscopes,Webinar,"['Loaner_Unit_Evaluation', 'Whitepaper_Download_5G_Test', 'Technical_Demo', 'Customer']",1
L004912,Laura Lee,Broad_Tech,Semiconductor,North America,Oscilloscopes,Sales Outreach,"['SQL', 'Opportunity', 'Loaner_Unit_Evaluation', 'Keysight_Workshop_RF_Testing', 'Customer']",1
L004913,Hiroshi Khan,Bosch_Tech,Automotive,,PathWave Software,LinkedIn,"['DesignCon_Booth_Visit', 'Whitepaper_Download_5G_Test', 'LinkedIn_Ad_Click', 'LinkedIn_Ad_Click', 'Lab_Integration_Discussion', 'Whitepaper_Download_5G_Test', 'Oscilloscope_Selector_Tool', 'Whitepaper_Download_5G_Test', 'MQL', 'Keysight_Workshop_RF_Testing', 'No_Conversion']",0
L004914,Sofia Lee,Sony_Tech,Aerospace,Europe,5G Testbeds,LinkedIn,['Customer'],1
L004915,Michael Chen,Samsung Electronics,Electronics,Europe,,,"['Website_Product_Page', 'DesignCon_Booth_Visit', 'Loaner_Unit_Evaluation', 'Keysight_University_Course', 'Application_Engineer_Call', 'Oscilloscope_Selector_Tool', 'Website_Product_Page', 'Opportunity', 'Oscilloscope_Selector_Tool', 'Keysight_University_Course', 'No_Conversion']",0
L004916,Daniel Johnson,,,,,Email Campaign,"['Lab_Integration_Discussion', 'Application_Engineer_Call', 'Application_Engineer_Call', 'AutoSens_Tech_Talk', 'DesignCon_Booth_Visit', 'AutoSens_Tech_Talk', 'Lab_Integration_Discussion', 'Loaner_Unit_Evaluation', 'Whitepaper_Download_5G_Test', 'Technical_Demo', 'Customer']",1
L004917,Laura Lee,,Semiconductor,Europe,,Event,"['Opportunity', 'Loaner_Unit_Evaluation', 'Keysight_Workshop_RF_Testing', 'Customer']",1
L004918,Kenji Chen,Bosch GmbH,,LATAM,PathWave Software,,"['Oscilloscope_Selector_Tool', 'Technical_Demo', 'Lab_Integration_Discussion', 'IMS_Badge_Scan', 'Application_Engineer_Call', 'Customer']",1
L004919,Priya Tanaka,Samsu_Tech,Telecom,Europe,Oscilloscopes,Sales Outreach,"['LinkedIn_Ad_Click', 'AutoSens_Tech_Talk', 'AutoSens_Tech_Talk', 'AutoSens_Tech_Talk', 'Application_Engineer_Call', 'PathWave_Trial_Request', 'AutoSens_Tech_Talk', 'No_Conversion']",0
L004920,Kenji Khan,Meta Connectivity Labs GmbH,Automotive,North America,5G Testbeds,LinkedIn,"['Keysight_University_Course', 'LinkedIn_Ad_Click', 'Technical_Demo', 'Customer']",1
L004921,Chen Williams,Meta Connectivity Labs GmbH,,LATAM,5G Testbeds,Website,"['MQL', 'Lab_Integration_Discussion', 'Keysight_University_Course', 'DesignCon_Booth_Visit', 'No_Conversion']",0
L004922,Hiroshi Anders,Infin_Tech,,APAC,PathWave Software,Webinar,"['Lab_Integration_Discussion', 'IMS_Badge_Scan', 'Keysight_University_Course', 'Keysight_University_Course', 'IMS_Badge_Scan', 'Oscilloscope_Selector_Tool', 'AutoSens_Tech_Talk', 'Customer']",1
L004923,Chen Tanaka,Sony_Tech,Telecom,APAC,5G Testbeds,Email Campaign,"['DesignCon_Booth_Visit', 'Oscilloscope_Selector_Tool', 'Whitepaper_Download_5G_Test', 'Loaner_Unit_Evaluation', 'No_Conversion']",0
L004924,Priya Chen,Meta Connectivity Labs GmbH,,APAC,,LinkedIn,"['IMS_Badge_Scan', 'Website_Product_Page', 'Whitepaper_Download_5G_Test', 'Customer']",1
L004925,Ravi Martinez,Raytheon GmbH,Electronics,Europe,PathWave Software,Webinar,"['Whitepaper_Download_5G_Test', 'Keysight_Workshop_RF_Testing', 'Keysight_Workshop_RF_Testing', 'Loaner_Unit_Evaluation', 'Opportunity', 'No_Conversion']",0
L004926,Hiroshi Tanaka,Bosch,Telecom,Europe,5G Testbeds,,"['SQL', 'Keysight_Workshop_RF_Testing', 'Oscilloscope_Selector_Tool', 'Loaner_Unit_Evaluation', 'Technical_Demo', 'SQL', 'LinkedIn_Ad_Click', 'IMS_Badge_Scan', 'No_Conversion']",0
L004927,Ravi Garcia,,,,Automotive Ethernet,LinkedIn,['Customer'],1
L004928,Daniel Lee,Bosch,Aerospace,APAC,Oscilloscopes,,"['Whitepaper_Download_5G_Test', 'No_Conversion']",0
L004929,Priya Williams,Tesla_Tech,,,PathWave Software,Webinar,['Customer'],1
L004930,Sofia Williams,Qualcomm GmbH,Automotive,North America,,Event,"['Technical_Demo', 'Technical_Demo', 'Opportunity', 'Whitepaper_Download_5G_Test', 'Customer']",1
L004931,Maria Johnson,Bosch GmbH,Aerospace,North America,,Webinar,"['PathWave_Trial_Request', 'IMS_Badge_Scan', 'Keysight_University_Course', 'Lab_Integration_Discussion', 'DesignCon_Booth_Visit', 'AutoSens_Tech_Talk', 'No_Conversion']",0
L004932,Sarah Johnson,,Aerospace,,Automotive Ethernet,Email Campaign,"['SQL', 'Application_Engineer_Call', 'Lab_Integration_Discussion', 'DesignCon_Booth_Visit', 'SQL', 'Customer']",1
L004933,,Samsung Electronics,Aerospace,,,Webinar,['Customer'],1
L004934,Sofia Martinez,,Electronics,Europe,Automotive Ethernet,Website,['No_Conversion'],0
L004935,Laura Martinez,Broadcom,Telecom,APAC,5G Testbeds,Website,"['AutoSens_Tech_Talk', 'MQL', 'Customer']",1
L004936,Daniel Anders,Infineon GmbH,Electronics,LATAM,,Website,"['Website_Product_Page', 'DesignCon_Booth_Visit', 'Keysight_Workshop_RF_Testing', 'Whitepaper_Download_5G_Test', 'Customer']",1
L004937,Kenji Singh,Bosch GmbH,Automotive,,5G Testbeds,Event,"['PathWave_Trial_Request', 'AutoSens_Tech_Talk', 'Keysight_Workshop_RF_Testing', 'Whitepaper_Download_5G_Test', 'Lab_Integration_Discussion', 'No_Conversion']",0
L004938,Laura Chen,Meta Connectivity Labs GmbH,Aerospace,North America,Oscilloscopes,LinkedIn,"['AutoSens_Tech_Talk', 'Loaner_Unit_Evaluation', 'PathWave_Trial_Request', 'DesignCon_Booth_Visit', 'Technical_Demo', 'Opportunity', 'Keysight_University_Course', 'Customer']",1
L004939,Priya Chen,Tesla Energy,Telecom,APAC,Oscilloscopes,Webinar,"['SQL', 'Keysight_University_Course', 'Technical_Demo', 'MQL', 'AutoSens_Tech_Talk', 'Lab_Integration_Discussion', 'PathWave_Trial_Request', 'Keysight_University_Course', 'Technical_Demo', 'No_Conversion']",0
L004940,Hiroshi Ito,Sony,Aerospace,APAC,Oscilloscopes,Event,"['Whitepaper_Download_5G_Test', 'AutoSens_Tech_Talk', 'Lab_Integration_Discussion', 'AutoSens_Tech_Talk', 'No_Conversion']",0
L004941,Hiroshi Lee,NXP Semiconductors,,North America,PathWave Software,LinkedIn,"['Keysight_University_Course', 'MQL', 'Website_Product_Page', 'DesignCon_Booth_Visit', 'LinkedIn_Ad_Click', 'Opportunity', 'Technical_Demo', 'MQL', 'Technical_Demo', 'No_Conversion']",0
L004942,Sofia Anders,Infin_Tech,Telecom,APAC,5G Testbeds,Event,"['Oscilloscope_Selector_Tool', 'Customer']",1
L004943,Sarah Ito,Meta Connectivity Labs GmbH,Electronics,North America,,,"['LinkedIn_Ad_Click', 'Lab_Integration_Discussion', 'AutoSens_Tech_Talk', 'Lab_Integration_Discussion', 'No_Conversion']",0
L004944,Sofia Williams,,,APAC,Automotive Ethernet,LinkedIn,"['PathWave_Trial_Request', 'PathWave_Trial_Request', 'No_Conversion']",0
L004945,Maria Martinez,Qualcomm GmbH,Semiconductor,,PathWave Software,Event,"['Lab_Integration_Discussion', 'No_Conversion']",0
L004946,Ravi Ito,Bosch_Tech,,,Oscilloscopes,Webinar,"['Website_Product_Page', 'Loaner_Unit_Evaluation', 'Keysight_Workshop_RF_Testing', 'Customer']",1
L004947,Sarah Tanaka,NXP Semiconductors GmbH,Automotive,,,Event,"['Lab_Integration_Discussion', 'Opportunity', 'Opportunity', 'Keysight_University_Course', 'Lab_Integration_Discussion', 'MQL', 'IMS_Badge_Scan', 'AutoSens_Tech_Talk', 'Customer']",1
L004948,Ahmed Khan,Raytheon GmbH,Semiconductor,LATAM,,Email Campaign,"['Keysight_Workshop_RF_Testing', 'Oscilloscope_Selector_Tool', 'DesignCon_Booth_Visit', 'Keysight_Workshop_RF_Testing', 'Technical_Demo', 'Whitepaper_Download_5G_Test', 'Technical_Demo', 'No_Conversion']",0
L004949,Ahmed Singh,,Electronics,APAC,,,"['Application_Engineer_Call', 'Customer']",1
L004950,Michael Martinez,Sony_Tech,Semiconductor,,,Webinar,"['Website_Product_Page', 'Loaner_Unit_Evaluation', 'PathWave_Trial_Request', 'Oscilloscope_Selector_Tool', 'Technical_Demo', 'Technical_Demo', 'Lab_Integration_Discussion', 'No_Conversion']",0
L004951,Michael Martinez,,,Europe,,,"['Lab_Integration_Discussion', 'Application_Engineer_Call', 'AutoSens_Tech_Talk', 'Whitepaper_Download_5G_Test', 'Keysight_University_Course', 'AutoSens_Tech_Talk', 'Keysight_Workshop_RF_Testing', 'No_Conversion']",0
L004952,Priya Chen,NXP Semiconductors GmbH,Semiconductor,,Automotive Ethernet,,['No_Conversion'],0
L004953,Sofia Singh,Tesla_Tech,,,Automotive Ethernet,LinkedIn,"['Oscilloscope_Selector_Tool', 'Keysight_Workshop_RF_Testing', 'Keysight_Workshop_RF_Testing', 'Loaner_Unit_Evaluation', 'No_Conversion']",0
L004954,Ravi Khan,Qualcomm GmbH,,North America,5G Testbeds,Email Campaign,['Customer'],1
L004955,Maria Williams,Bosch_Tech,,LATAM,Automotive Ethernet,LinkedIn,"['SQL', 'AutoSens_Tech_Talk', 'No_Conversion']",0
L004956,Michael Patel,Meta Connectivity Labs,Electronics,,,Sales Outreach,"['Application_Engineer_Call', 'Keysight_Workshop_RF_Testing', 'AutoSens_Tech_Talk', 'Keysight_Workshop_RF_Testing', 'Oscilloscope_Selector_Tool', 'Customer']",1
L004957,Maria Tanaka,Tesla Energy,Aerospace,North America,,LinkedIn,"['Lab_Integration_Discussion', 'Application_Engineer_Call', 'DesignCon_Booth_Visit', 'Keysight_Workshop_RF_Testing', 'SQL', 'Oscilloscope_Selector_Tool', 'No_Conversion']",0
L004958,Hiroshi Johnson,,Electronics,,PathWave Software,Event,"['Website_Product_Page', 'LinkedIn_Ad_Click', 'Website_Product_Page', 'Customer']",1
L004959,Chen Chen,,Automotive,North America,,,"['Application_Engineer_Call', 'No_Conversion']",0
L004960,,,Electronics,LATAM,Automotive Ethernet,Website,"['Opportunity', 'AutoSens_Tech_Talk', 'IMS_Badge_Scan', 'Customer']",1
L004961,Chen Tanaka,,Automotive,Europe,5G Testbeds,Sales Outreach,"['Whitepaper_Download_5G_Test', 'Website_Product_Page', 'AutoSens_Tech_Talk', 'MQL', 'Website_Product_Page', 'Opportunity', 'LinkedIn_Ad_Click', 'No_Conversion']",0
L004962,Hiroshi Patel,,,,,,"['Website_Product_Page', 'DesignCon_Booth_Visit', 'Oscilloscope_Selector_Tool', 'Opportunity', 'LinkedIn_Ad_Click', 'Loaner_Unit_Evaluation', 'Customer']",1
L004963,Hiroshi Tanaka,Samsung Electronics,Aerospace,,,,"['IMS_Badge_Scan', 'Opportunity', 'Application_Engineer_Call', 'No_Conversion']",0
L004964,Sofia Johnson,NXP Semiconductors GmbH,,North America,Oscilloscopes,,"['Application_Engineer_Call', 'Technical_Demo', 'SQL', 'SQL', 'MQL', 'Application_Engineer_Call', 'Application_Engineer_Call', 'No_Conversion']",0
L004965,Priya Anders,MetaC_Tech,Aerospace,North America,5G Testbeds,Sales Outreach,"['Keysight_Workshop_RF_Testing', 'IMS_Badge_Scan', 'Keysight_Workshop_RF_Testing', 'Keysight_University_Course', 'IMS_Badge_Scan', 'LinkedIn_Ad_Click', 'Keysight_Workshop_RF_Testing', 'Lab_Integration_Discussion', 'Application_Engineer_Call', 'Opportunity', 'Customer']",1
L004966,Hiroshi Williams,Infineon,Semiconductor,,5G Testbeds,,"['Keysight_Workshop_RF_Testing', 'Application_Engineer_Call', 'Technical_Demo', 'Whitepaper_Download_5G_Test', 'Opportunity', 'Technical_Demo', 'No_Conversion']",0
L004967,Chen Johnson,Bosch,Aerospace,LATAM,Oscilloscopes,Email Campaign,"['LinkedIn_Ad_Click', 'LinkedIn_Ad_Click', 'Application_Engineer_Call', 'Loaner_Unit_Evaluation', 'MQL', 'No_Conversion']",0
L004968,Sarah Chen,,,North America,,,['No_Conversion'],0
L004969,Laura Williams,Broadcom GmbH,Telecom,,PathWave Software,Email Campaign,"['Opportunity', 'PathWave_Trial_Request', 'Loaner_Unit_Evaluation', 'Whitepaper_Download_5G_Test', 'Oscilloscope_Selector_Tool', 'Technical_Demo', 'Keysight_University_Course', 'Keysight_Workshop_RF_Testing', 'No_Conversion']",0
L004970,Hiroshi Ito,Bosch GmbH,Electronics,Europe,Automotive Ethernet,Email Campaign,"['Application_Engineer_Call', 'Customer']",1
L004971,Ahmed Tanaka,Broadcom GmbH,Automotive,Europe,Automotive Ethernet,Email Campaign,"['SQL', 'Opportunity', 'AutoSens_Tech_Talk', 'Oscilloscope_Selector_Tool', 'MQL', 'Oscilloscope_Selector_Tool', 'Customer']",1
L004972,Maria Williams,Raytheon GmbH,Aerospace,Europe,Automotive Ethernet,Website,"['Website_Product_Page', 'SQL', 'SQL', 'Keysight_Workshop_RF_Testing', 'Customer']",1
L004973,Hiroshi Martinez,Sony_Tech,Telecom,Europe,5G Testbeds,,"['PathWave_Trial_Request', 'Website_Product_Page', 'IMS_Badge_Scan', 'Website_Product_Page', 'Website_Product_Page', 'Customer']",1
L004974,Maria Khan,Rayth_Tech,Electronics,Europe,PathWave Software,LinkedIn,"['AutoSens_Tech_Talk', 'MQL', 'Lab_Integration_Discussion', 'Technical_Demo', 'Technical_Demo', 'Application_Engineer_Call', 'Loaner_Unit_Evaluation', 'DesignCon_Booth_Visit', 'Customer']",1
L004975,Michael Tanaka,Tesla_Tech,Automotive,North America,,Event,"['Technical_Demo', 'Technical_Demo', 'Keysight_University_Course', 'AutoSens_Tech_Talk', 'Opportunity', 'No_Conversion']",0
L004976,Sofia Williams,Qualc_Tech,Electronics,Europe,,LinkedIn,"['Website_Product_Page', 'Opportunity', 'No_Conversion']",0
L004977,Kenji Chen,Raytheon,Automotive,Europe,5G Testbeds,Event,"['Application_Engineer_Call', 'Keysight_University_Course', 'LinkedIn_Ad_Click', 'Application_Engineer_Call', 'Technical_Demo', 'Technical_Demo', 'DesignCon_Booth_Visit', 'IMS_Badge_Scan', 'IMS_Badge_Scan', 'Customer']",1
L004978,Maria Singh,,,North America,Automotive Ethernet,LinkedIn,"['LinkedIn_Ad_Click', 'MQL', 'Oscilloscope_Selector_Tool', 'Keysight_University_Course', 'Customer']",1
L004979,Kenji Ito,Bosch GmbH,Electronics,LATAM,Oscilloscopes,Event,"['Oscilloscope_Selector_Tool', 'IMS_Badge_Scan', 'Opportunity', 'Customer']",1
L004980,,Samsung Electronics,,,PathWave Software,Email Campaign,"['AutoSens_Tech_Talk', 'No_Conversion']",0
L004981,Hiroshi Singh,Qualcomm,Electronics,APAC,PathWave Software,Event,"['AutoSens_Tech_Talk', 'Application_Engineer_Call', 'Loaner_Unit_Evaluation', 'Customer']",1
L004982,Laura Chen,Infin_Tech,Semiconductor,North America,Oscilloscopes,Website,"['Opportunity', 'Oscilloscope_Selector_Tool', 'Loaner_Unit_Evaluation', 'Technical_Demo', 'Opportunity', 'Lab_Integration_Discussion', 'LinkedIn_Ad_Click', 'Technical_Demo', 'SQL', 'Keysight_Workshop_RF_Testing', 'No_Conversion']",0
L004983,Laura Tanaka,Infin_Tech,,APAC,PathWave Software,Webinar,"['Opportunity', 'Whitepaper_Download_5G_Test', 'Keysight_Workshop_RF_Testing', 'Application_Engineer_Call', 'Lab_Integration_Discussion', 'SQL', 'Opportunity', 'Technical_Demo', 'AutoSens_Tech_Talk', 'Customer']",1
L004984,Maria Tanaka,Infineon,Semiconductor,North America,Automotive Ethernet,,"['IMS_Badge_Scan', 'SQL', 'SQL', 'DesignCon_Booth_Visit', 'Customer']",1
L004985,Sarah Lee,Samsu_Tech,Automotive,APAC,5G Testbeds,Webinar,"['Whitepaper_Download_5G_Test', 'Customer']",1
L004986,Priya Patel,Infineon GmbH,Semiconductor,LATAM,Oscilloscopes,LinkedIn,"['Application_Engineer_Call', 'Application_Engineer_Call', 'Keysight_Workshop_RF_Testing', 'PathWave_Trial_Request', 'Customer']",1
L004987,Chen Anders,Qualcomm GmbH,Electronics,Europe,,Webinar,"['Whitepaper_Download_5G_Test', 'Keysight_Workshop_RF_Testing', 'MQL', 'AutoSens_Tech_Talk', 'LinkedIn_Ad_Click', 'Keysight_University_Course', 'Technical_Demo', 'No_Conversion']",0
L004988,Laura Williams,Samsung Electronics GmbH,,APAC,PathWave Software,Website,"['MQL', 'Loaner_Unit_Evaluation', 'Loaner_Unit_Evaluation', 'No_Conversion']",0
L004989,Chen Patel,Tesla Energy,,LATAM,Oscilloscopes,,"['IMS_Badge_Scan', 'Technical_Demo', 'Customer']",1
L004990,Chen Tanaka,Sony GmbH,,,,,"['Loaner_Unit_Evaluation', 'SQL', 'PathWave_Trial_Request', 'SQL', 'No_Conversion']",0
L004991,Ahmed Martinez,Broadcom GmbH,,North America,PathWave Software,Website,"['Whitepaper_Download_5G_Test', 'Customer']",1
L004992,Michael Johnson,,,LATAM,,Sales Outreach,"['Opportunity', 'IMS_Badge_Scan', 'Lab_Integration_Discussion', 'Customer']",1
L004993,Michael Williams,Samsung Electronics GmbH,Aerospace,APAC,5G Testbeds,Email Campaign,"['PathWave_Trial_Request', 'No_Conversion']",0
L004994,Priya Khan,Raytheon,Telecom,Europe,5G Testbeds,,"['DesignCon_Booth_Visit', 'Loaner_Unit_Evaluation', 'Opportunity', 'Whitepaper_Download_5G_Test', 'No_Conversion']",0
L004995,Ravi Chen,Qualcomm,Aerospace,,,Email Campaign,"['Whitepaper_Download_5G_Test', 'AutoSens_Tech_Talk', 'Whitepaper_Download_5G_Test', 'LinkedIn_Ad_Click', 'LinkedIn_Ad_Click', 'Lab_Integration_Discussion', 'No_Conversion']",0
L004996,Sofia Khan,NXPSe_Tech,Telecom,LATAM,,LinkedIn,"['Lab_Integration_Discussion', 'Opportunity', 'Lab_Integration_Discussion', 'Customer']",1
L004997,Maria Anders,,Telecom,Europe,Oscilloscopes,Webinar,"['Lab_Integration_Discussion', 'Website_Product_Page', 'Whitepaper_Download_5G_Test', 'Opportunity', 'Keysight_University_Course', 'Loaner_Unit_Evaluation', 'Website_Product_Page', 'Website_Product_Page', 'No_Conversion']",0
L004998,Maria Chen,Qualcomm,,LATAM,,Sales Outreach,"['Application_Engineer_Call', 'Opportunity', 'Opportunity', 'Opportunity', 'Application_Engineer_Call', 'Customer']",1
L004999,Priya Anders,,Automotive,,5G Testbeds,Sales Outreach,"['SQL', 'AutoSens_Tech_Talk', 'Opportunity', 'No_Conversion']",0
L005000,,Sony GmbH,Semiconductor,Europe,Oscilloscopes,Website,['No_Conversion'],0
